1561000467.095643759 -165.301219 321.596711 1062.791965 -0.804357297 -0.278079132 -0.440628780 0.285530407
1561000467.195755720 -169.098087 325.349754 1078.632573 -0.769331183 -0.303758232 -0.466749850 0.313057575
1561000467.294183493 -173.171866 329.219042 1094.331193 -0.779737707 -0.281299503 -0.423447011 0.365475481
1561000467.395981312 -177.306383 332.524359 1110.712593 -0.771748681 -0.272770046 -0.417338577 0.394751805
1561000467.494222879 -181.521266 335.812841 1126.855798 -0.760011084 -0.286487405 -0.418882516 0.406011769
1561000467.595788240 -186.063889 339.276552 1143.474575 -0.756417999 -0.296661022 -0.415266437 0.409118363
1561000467.697261810 -190.370293 342.622947 1160.207238 -0.778174209 -0.284687667 -0.398304983 0.393384003
1561000467.796096563 -194.615355 345.802915 1176.799438 -0.794119639 -0.279561228 -0.399847595 0.362410568
1561000467.898912191 -199.221236 349.117591 1194.122179 -0.798406999 -0.294202915 -0.409813445 0.328700241
1561000467.997792482 -203.641110 352.194450 1211.008445 -0.821749712 -0.292399191 -0.394526816 0.289099837
1561000468.098774433 -208.137274 355.228916 1228.467529 -0.836104032 -0.233327778 -0.387689270 0.310137431
1561000468.199085712 -212.728191 358.252170 1245.889788 -0.858536717 -0.210175079 -0.357167940 0.301947354
1561000468.298639774 -217.356142 361.191684 1263.376377 -0.864093291 -0.191559752 -0.347816359 0.309307981
1561000468.398650646 -222.065063 364.091992 1281.106077 -0.871942905 -0.184046586 -0.340988653 0.299281076
1561000468.497553587 -226.779510 366.909481 1298.800259 -0.879908889 -0.200321957 -0.331998107 0.274606476
1561000468.597660303 -231.609875 369.715095 1316.875388 -0.886086189 -0.212986673 -0.335055475 0.239219086
1561000468.698735476 -236.548539 372.508077 1335.297091 -0.892030622 -0.220916441 -0.342926009 0.194625404
1561000468.799138308 -241.519669 375.250257 1353.770049 -0.893394433 -0.226324058 -0.350160621 0.167365908
1561000468.898944616 -246.528013 377.949984 1372.306258 -0.894248742 -0.210240457 -0.356141947 0.171117070
1561000468.997658014 -251.547521 380.593557 1390.808928 -0.896272586 -0.175438581 -0.360385315 0.189839880
1561000469.098743439 -256.765570 383.296522 1409.937355 -0.913623894 -0.135141150 -0.367614396 0.109031674
1561000469.198728800 -261.992671 385.929544 1429.027708 -0.925842213 -0.130363569 -0.348548633 0.065843654
1561000469.297603846 -267.232509 388.519741 1448.078113 -0.929845407 -0.145280411 -0.315790131 0.120655355
1561000469.398669481 -272.643352 391.145558 1467.724541 -0.895814007 -0.029183158 -0.299521788 0.327035634
1561000469.497533321 -278.584800 393.650327 1487.217978 -0.801285701 0.027016130 -0.295309902 0.519618529
1561000469.598685026 -284.653007 397.176238 1507.944345 -0.775631812 -0.074609250 -0.364268726 0.510036319
1561000469.697489262 -290.795522 399.759972 1527.221821 -0.774324724 -0.185583899 -0.492382002 0.351482293
1561000469.798743248 -296.668901 402.013513 1547.265593 -0.739824056 -0.296154905 -0.603734411 0.021386877
1561000469.898843288 -302.972356 404.290053 1567.438954 -0.674605274 -0.315620976 -0.640520864 -0.187147393
1561000469.997683287 -309.044911 406.604303 1587.504049 -0.706681442 -0.303462533 -0.631683666 -0.097404189
1561000470.098691225 -315.390860 408.976194 1608.154120 -0.777174453 -0.171183942 -0.539100982 0.275800761
1561000470.198817492 -321.519492 411.476514 1628.822273 -0.727114597 -0.062680669 -0.448584787 0.515894549
1561000470.298787117 -328.009089 413.837109 1649.394348 -0.702175314 -0.089997517 -0.496131167 0.502696867
1561000470.398488760 -334.478226 416.058046 1670.253588 -0.702536998 -0.169394217 -0.565045281 0.398084410
1561000470.497673512 -341.252697 418.270847 1691.007300 -0.707865190 -0.213012284 -0.605611280 0.294597381
1561000470.598559380 -347.946856 420.378213 1712.305389 -0.702272381 -0.219762403 -0.618117978 0.276492594
1561000470.698760986 -354.770481 422.379939 1733.445404 -0.686684007 -0.213508380 -0.608245031 0.336031588
1561000470.797593355 -361.682493 424.390277 1754.618708 -0.679132090 -0.183703455 -0.551394836 0.448326198
1561000470.898755312 -368.821815 426.321263 1776.378110 -0.648677482 -0.162107981 -0.529847268 0.521728282
1561000470.997597694 -375.782719 428.026408 1797.777937 -0.632213975 -0.175208895 -0.538395861 0.528901909
1561000471.098733425 -383.162554 429.664985 1819.727947 -0.631953933 -0.201060184 -0.567096590 0.488477723
1561000471.199223995 -390.563929 431.192666 1841.661552 -0.628324257 -0.231822508 -0.591893753 0.448473788
1561000471.298613787 -397.865842 432.574181 1863.529529 -0.623670569 -0.239669448 -0.603684474 0.434923709
1561000471.398758650 -405.349283 433.887111 1885.629778 -0.610004567 -0.229910707 -0.610046828 0.450420207
1561000471.498985529 -412.898913 435.183185 1907.857532 -0.597771481 -0.208885330 -0.588947013 0.502172870
1561000471.598696709 -420.567076 436.277946 1930.192184 -0.577314270 -0.209258044 -0.571601867 0.544233967
1561000471.698431969 -428.341739 437.351523 1952.603182 -0.563314944 -0.215848300 -0.565688700 0.562211776
1561000471.797386169 -436.149341 438.419292 1974.991804 -0.557009435 -0.232347316 -0.577576337 0.549691540
1561000471.898876905 -444.167369 439.367721 1998.200007 -0.549818651 -0.256595751 -0.596519426 0.525378574
1561000471.997526646 -452.076777 440.086613 2020.772181 -0.536704175 -0.273473348 -0.615529829 0.508216475
1561000472.098687649 -460.216946 440.829762 2043.962906 -0.517939794 -0.271944568 -0.626585862 0.514951143
1561000472.198420286 -468.381867 441.416500 2066.993644 -0.500759551 -0.258606964 -0.636664879 0.526327029
1561000472.297525644 -476.498810 441.886120 2090.039843 -0.494122332 -0.266613345 -0.605636595 0.563883641
1561000472.398819447 -484.951413 442.276307 2113.601072 -0.477353537 -0.276651803 -0.569122347 0.609669692
1561000472.497413635 -493.265398 442.551936 2136.617836 -0.464875075 -0.288158189 -0.548138947 0.632771457
1561000472.598674059 -501.812322 442.736127 2160.393016 -0.442486973 -0.301000837 -0.563707038 0.629156698
1561000472.697529554 -510.308216 442.818651 2183.709586 -0.430842253 -0.297513668 -0.572737155 0.630739821
1561000472.798595905 -519.014971 442.799367 2207.610854 -0.430014475 -0.305558144 -0.572255846 0.627889336
1561000472.898661137 -527.670281 442.738411 2231.483542 -0.427656113 -0.312601711 -0.559001851 0.637892898
1561000472.997483015 -536.317464 442.581990 2255.083523 -0.403976820 -0.305420707 -0.547157507 0.666437982
1561000473.097829819 -545.160919 442.310286 2279.094693 -0.402094792 -0.291012112 -0.514086035 0.699533614
1561000473.198192835 -553.903631 441.934039 2303.143245 -0.387087329 -0.266520631 -0.480531210 0.740418739
1561000473.297419310 -562.688643 441.449087 2327.048714 -0.358726113 -0.294440865 -0.473919526 0.748345132
1561000473.398583412 -571.679837 440.837966 2351.497829 -0.391088839 -0.329186536 -0.455221935 0.729012164
1561000473.497886658 -580.401633 439.971388 2375.555457 -0.395684783 -0.341209478 -0.425572102 0.738849125
1561000473.598819733 -589.399167 439.119669 2400.100007 -0.337692570 -0.286128407 -0.397067828 0.804009579
1561000473.697914362 -598.267119 438.211260 2424.280907 -0.286486633 -0.265607525 -0.330452390 0.859173597
1561000473.798618078 -607.284751 437.203565 2448.910825 -0.205440497 -0.258488227 -0.326016932 0.885827861
1561000473.898847580 -616.258528 436.123514 2473.474255 -0.173368065 -0.255683710 -0.381831288 0.871076473
1561000473.997542381 -625.098332 434.981899 2497.705506 -0.191546848 -0.235235704 -0.486705722 0.819201751
1561000474.090906858 -633.479920 433.820785 2520.668327 -0.225384171 -0.198558939 -0.626610777 0.719121170
1561000474.190661907 -642.484595 432.483462 2545.246396 -0.257620381 -0.204134640 -0.654582839 0.680795193
1561000474.291448832 -651.647840 431.027602 2570.124941 -0.229334979 -0.220096242 -0.540671112 0.778869604
1561000474.390841484 -660.698367 429.461045 2594.861691 -0.236422978 -0.285610283 -0.356304244 0.857658573
1561000474.489720345 -669.715526 427.879925 2619.560161 -0.179560026 -0.306669644 -0.264592039 0.896494829
1561000474.590834141 -678.927918 426.159647 2644.753337 -0.149402875 -0.292170144 -0.298907403 0.896085795
1561000474.689707518 -687.925884 424.411426 2669.436961 -0.143869626 -0.303933917 -0.372575211 0.864935499
1561000474.790758371 -697.119405 422.548709 2694.714280 -0.151061949 -0.311995795 -0.445005836 0.825717093
1561000474.890908957 -706.238037 420.617756 2719.818857 -0.135318739 -0.322158438 -0.461629787 0.815353125
1561000474.990330219 -715.299934 418.615244 2744.792771 -0.124135904 -0.325807882 -0.428022211 0.833808424
1561000475.090858936 -724.467219 416.508352 2770.095954 -0.080064712 -0.303077807 -0.363830816 0.877132044
1561000475.190018892 -733.505418 414.358544 2795.100660 -0.072144018 -0.306662962 -0.366415150 0.875495863
1561000475.290892124 -742.692434 412.102820 2820.581405 -0.068476852 -0.283006151 -0.370120825 0.882172893
1561000475.391099453 -751.815044 409.791444 2845.934377 -0.093976201 -0.252880079 -0.435572891 0.858776103
1561000475.490512609 -760.869956 407.423373 2871.122486 -0.101991227 -0.262192257 -0.399560711 0.872470199
1561000475.590990305 -770.025676 404.955054 2896.617065 -0.076737014 -0.238173065 -0.337287825 0.907536195
1561000475.689885616 -779.031868 402.462618 2921.743367 -0.056491651 -0.233066842 -0.245698644 0.939212818
1561000475.790538073 -788.185013 399.874016 2947.346117 -0.058782604 -0.202872230 -0.276549294 0.937500907
1561000475.890708208 -797.283787 397.244918 2972.851563 -0.080935220 -0.187269953 -0.338162892 0.918708503
1561000475.991542339 -806.441230 394.534940 2998.549909 -0.113967907 -0.178727005 -0.398655296 0.892267857
1561000476.090585232 -815.443408 391.801498 3023.815614 -0.135754435 -0.147804161 -0.420740641 0.884704457
1561000476.189838648 -824.479630 388.986341 3049.157183 -0.150598241 -0.142960181 -0.423896323 0.881586334
1561000476.290277719 -833.640928 386.058598 3074.824298 -0.150959695 -0.124507538 -0.394095728 0.897996437
1561000476.390512943 -842.800430 383.059850 3100.459640 -0.149715976 -0.095235501 -0.378630043 0.908380216
1561000476.489376068 -851.851932 380.029266 3125.759643 -0.176502277 -0.065379343 -0.389955367 0.901391868
1561000476.591535568 -861.230033 376.819457 3151.917598 -0.204485597 -0.045281827 -0.409245185 0.888061696
1561000476.690117121 -870.309899 373.642409 3177.173654 -0.209448431 -0.049086552 -0.404865391 0.888710234
1561000476.791825771 -879.709262 370.282188 3203.246477 -0.200087810 -0.044221396 -0.369624896 0.906303907
1561000476.891652584 -888.962418 366.906041 3228.849813 -0.196074543 -0.024179231 -0.350024218 0.915670893
1561000476.991911888 -898.283061 363.440515 3254.573553 -0.220220074 0.027295655 -0.385485621 0.895633241
1561000477.091860056 -907.614196 359.906392 3280.226117 -0.335750013 0.041420927 -0.425662938 0.839265928
1561000477.190013647 -916.829973 356.347467 3305.438275 -0.382404787 0.000673685 -0.412963727 0.826575517
1561000477.292440176 -926.502115 352.534327 3331.780783 -0.302554840 0.015295876 -0.388430050 0.870257836
1561000477.392530918 -936.000348 348.721181 3357.540738 -0.101821722 0.072850593 -0.255530229 0.958660227
1561000477.491076469 -945.382989 344.915249 3382.894536 0.033016425 0.057771883 -0.215432065 0.974249121
1561000477.591553450 -954.969439 341.007548 3408.728978 0.049953301 0.079048806 -0.318164705 0.943412516
1561000477.689822197 -964.371032 337.156059 3433.978268 -0.048963384 0.158508335 -0.507276956 0.845664109
1561000477.793010712 -974.483956 332.835312 3460.613239 -0.237944235 0.258878977 -0.657624245 0.666254132
1561000477.892200708 -984.156947 328.815300 3486.101607 -0.335825936 0.289655928 -0.687401844 0.575151361
1561000477.989848614 -993.997576 325.423965 3509.772525 -0.262457367 0.287417267 -0.641792760 0.660764328
1561000478.091720343 -1004.222956 321.190084 3535.933872 -0.007641321 0.210905441 -0.415685039 0.884684381
1561000478.190011024 -1014.162204 317.065399 3561.157609 0.136242933 0.169611564 -0.308115019 0.926139793
1561000478.291769505 -1024.496061 312.782112 3587.244854 0.128488062 0.205201288 -0.371789006 0.896189815
1561000478.391969442 -1034.721628 308.551708 3612.905358 0.037885659 0.267528776 -0.492049258 0.827575108
1561000478.490292549 -1044.826496 304.375582 3638.060316 -0.037259178 0.299421493 -0.569979951 0.764252170
1561000478.591620684 -1055.335570 300.034830 3663.964702 -0.046506905 0.276812767 -0.571743654 0.770922171
1561000478.690555573 -1065.689809 295.757465 3689.239438 0.040527056 0.254749677 -0.504237508 0.824138760
1561000478.791349173 -1076.318119 291.369837 3714.964714 0.115653126 0.247611449 -0.448393664 0.851032342
1561000478.891604900 -1086.956710 286.989101 3740.524719 0.135146403 0.265698159 -0.448879813 0.842405396
1561000478.989728212 -1097.433399 282.691279 3765.513351 0.110216234 0.286719525 -0.476780451 0.823604697
1561000479.091866732 -1108.413294 278.204453 3791.495709 0.088716538 0.285695670 -0.506962548 0.808391202
1561000479.191342354 -1119.184342 273.818234 3816.773483 0.106897929 0.271047956 -0.511086798 0.808638438
1561000479.291658640 -1130.121396 269.379414 3842.237382 0.156569074 0.258682124 -0.483560208 0.821425109
1561000479.391830921 -1141.110566 264.938153 3867.636644 0.175412509 0.258616235 -0.472261112 0.824207217
1561000479.491828680 -1152.144999 260.500475 3892.963306 0.177370143 0.276588624 -0.484636445 0.810657808
1561000479.591967344 -1163.261762 256.054181 3918.297503 0.174813701 0.271475209 -0.498471134 0.804529620
1561000479.689927578 -1174.202977 251.701549 3943.052908 0.185070224 0.258065935 -0.496540758 0.807835541
1561000479.791887760 -1185.658350 247.167922 3968.790376 0.195486965 0.260491835 -0.496605291 0.804557043
1561000479.892873526 -1197.070119 242.675924 3994.252485 0.198185825 0.265823697 -0.498387865 0.801042868
1561000479.989963531 -1208.104462 238.357101 4018.704918 0.203472862 0.280176349 -0.496870887 0.795750796
1561000480.091860294 -1219.752441 233.826582 4044.338944 0.225340213 0.273345057 -0.499428743 0.790616973
1561000480.191887617 -1231.251517 229.384032 4069.474390 0.252589318 0.264351936 -0.492237957 0.789948406
1561000480.291673899 -1242.782859 224.960494 4094.521721 0.267479899 0.263471108 -0.483403630 0.790796060
1561000480.392805099 -1254.528475 220.488705 4119.879595 0.273069525 0.308999397 -0.482751757 0.772595074
1561000480.490012407 -1265.880012 216.206578 4144.228497 0.266628905 0.347068407 -0.480689443 0.759861966
1561000480.591910362 -1277.763162 212.433059 4169.643544 0.204131928 0.370460294 -0.441209753 0.791469065
1561000480.690082073 -1290.538607 211.149788 4197.741110 0.249731796 0.352810739 -0.430415415 0.792402160
1561000480.792398930 -1302.794771 206.927586 4223.594537 0.415003128 0.354376131 -0.391820970 0.740720115
1561000480.892027140 -1313.624371 202.614883 4247.805312 0.638540787 0.208553045 -0.272411467 0.688885538
1561000480.991932869 -1325.659931 198.764237 4272.803064 0.664819691 0.249024023 -0.318919703 0.627926778
1561000481.091941833 -1337.427346 194.779024 4297.497996 0.510891172 0.475363799 -0.413204961 0.585047972
1561000481.189704418 -1349.458797 190.768615 4322.071372 0.197732974 0.671842032 -0.468892050 0.538210183
1561000481.291526079 -1362.009948 186.772322 4347.421799 0.087132668 0.727300409 -0.471193491 0.491343776
1561000481.391741514 -1374.630874 182.826857 4372.612240 0.230041028 0.659783722 -0.462120016 0.546087591
1561000481.489406824 -1386.918876 179.082930 4397.185448 0.569289857 0.434075864 -0.355253626 0.601067438
1561000481.591283560 -1399.856328 175.422475 4422.693178 0.650906136 0.401605498 -0.275442121 0.582379484
1561000481.689943314 -1412.163080 171.847900 4447.454560 0.593557279 0.492093278 -0.318873444 0.551229252
1561000481.791526556 -1424.999758 168.179768 4472.975890 0.501640642 0.586213755 -0.372618045 0.515621850
1561000481.891563416 -1437.819161 164.694292 4498.268441 0.487092271 0.602470927 -0.386347749 0.500505063
1561000481.991747141 -1450.694443 161.279460 4523.561444 0.510215752 0.592507135 -0.388230329 0.487742137
1561000482.091785908 -1463.726284 157.883272 4548.911673 0.573991358 0.551102695 -0.365293000 0.483094985
1561000482.189776897 -1476.555752 154.670565 4573.755339 0.634607655 0.499655159 -0.355876841 0.470073952
1561000482.291722298 -1489.984387 151.421178 4599.611426 0.668509496 0.472099281 -0.356385625 0.450784437
1561000482.390845299 -1503.071367 148.448804 4624.782362 0.655494823 0.491996860 -0.368492754 0.438723965
1561000482.489697456 -1516.156266 145.523193 4649.922009 0.622603227 0.526680455 -0.394824916 0.423185781
1561000482.591701508 -1529.710930 142.576485 4675.921683 0.604601215 0.569635159 -0.387026009 0.400229966
1561000482.689958811 -1542.855317 139.818796 4700.962571 0.636921266 0.546343192 -0.378221903 0.390881836
1561000482.791922331 -1556.554027 137.074110 4727.008343 0.670724351 0.516982903 -0.386817839 0.365006140
1561000482.891425610 -1569.997932 134.507842 4752.510685 0.698904316 0.488994241 -0.392555170 0.343973587
1561000482.990747452 -1583.284398 131.932246 4778.127236 0.736113128 0.453913450 -0.363259047 0.346616369
1561000483.091941833 -1596.983610 129.470993 4804.196431 0.735563966 0.468068775 -0.364184222 0.327455533
1561000483.189878225 -1610.266460 127.182787 4829.486608 0.738496098 0.491931931 -0.351251774 0.298745176
1561000483.291401148 -1624.079262 124.933914 4855.833820 0.683853733 0.520099973 -0.363872182 0.359773713
1561000483.390523195 -1637.624892 122.771493 4881.521390 0.705729448 0.521715960 -0.343189746 0.334632936
1561000483.489098787 -1651.093463 120.726022 4907.136121 0.748631287 0.492479398 -0.300464883 0.326704900
1561000483.590919971 -1665.075295 118.716494 4933.696076 0.747963072 0.507209079 -0.277103375 0.326349372
1561000483.689178228 -1678.610351 116.869237 4959.401247 0.735763776 0.515858045 -0.272262353 0.344115322
1561000483.789837122 -1692.522847 115.071307 4985.810299 0.733733385 0.526672538 -0.250456671 0.348601224
1561000483.890998840 -1706.555700 113.361554 5012.429740 0.732742654 0.542149108 -0.217705977 0.348950792
1561000483.993008137 -1720.761716 111.736300 5039.354519 0.735321806 0.531875936 -0.213395115 0.361762844
1561000484.093211412 -1734.773042 110.236877 5065.884259 0.733576340 0.536709402 -0.193733359 0.369156006
1561000484.191688776 -1748.599933 108.857143 5092.036617 0.734057708 0.543059691 -0.171660664 0.369835192
1561000484.293471813 -1762.953695 107.528899 5119.151960 0.716358520 0.555348408 -0.157140072 0.392078582
1561000484.391499281 -1776.842453 106.343619 5145.347727 0.708798161 0.568653595 -0.138295975 0.393843215
1561000484.493384600 -1791.349933 105.209443 5172.658924 0.710394430 0.560595202 -0.130082535 0.405155905
1561000484.594604731 -1805.837106 104.181209 5199.877714 0.717390653 0.561486998 -0.113289218 0.396545780
1561000484.691321373 -1819.749866 103.290410 5225.967007 0.708712570 0.565935632 -0.102953825 0.408465253
1561000484.794258833 -1834.635460 102.440315 5253.821943 0.689429041 0.580818318 -0.086945033 0.424002642
1561000484.893277407 -1849.036405 101.717211 5280.699899 0.659495169 0.609400884 -0.061880202 0.435737910
1561000484.993282080 -1863.670322 101.079627 5307.926853 0.644876523 0.616606321 -0.054220193 0.448320294
1561000485.094362020 -1878.557888 100.528611 5335.527849 0.656010309 0.600942086 -0.055597758 0.453241628
1561000485.194162607 -1893.350438 100.077270 5362.858286 0.666705396 0.592297066 -0.031322959 0.451339088
1561000485.294586182 -1908.328244 99.716013 5390.440168 0.659904355 0.596724534 -0.006470765 0.456513091
1561000485.393558502 -1923.184841 99.449893 5417.703935 0.613060849 0.630335732 0.013277275 0.476085050
1561000485.493845224 -1938.343817 99.267816 5445.408105 0.584510840 0.647027363 0.047250255 0.487309021
1561000485.594218969 -1953.629614 99.170347 5473.212925 0.583450211 0.644738963 0.074550946 0.488200448
1561000485.692707300 -1968.744488 99.153040 5500.571338 0.555986036 0.651000120 0.154049444 0.493302280
1561000485.794484854 -1984.492816 99.211555 5528.923564 0.556980098 0.635634288 0.200972216 0.495330586
1561000485.893100977 -1999.879086 99.339988 5556.471560 0.558576357 0.606177762 0.191338656 0.532851286
1561000485.994246006 -2015.787898 99.547263 5584.799846 0.592307198 0.554550076 0.222060049 0.540680803
1561000486.094496489 -2030.276083 99.729021 5614.406921 0.558642298 0.589581382 0.295118661 0.503207266
1561000486.193740845 -2046.064425 100.070555 5642.520754 0.464317445 0.612907055 0.336167389 0.543825099
1561000486.294682264 -2059.567773 100.344047 5672.312692 0.353536303 0.641493285 0.309170175 0.606557706
1561000486.393029213 -2072.781220 99.895107 5701.966304 0.377851177 0.606878564 0.329023288 0.616985067
1561000486.495263815 -2087.233952 100.556264 5731.774926 0.403739581 0.577551436 0.351184396 0.616521053
1561000486.595506430 -2104.258725 100.953625 5760.349296 0.368111850 0.567480712 0.390666537 0.624370855
1561000486.694602489 -2121.177783 102.154334 5787.821459 0.308150703 0.559284220 0.424336338 0.642014780
1561000486.794858456 -2136.130315 102.907297 5816.116340 0.234193452 0.547334582 0.443491773 0.669995022
1561000486.893401384 -2151.794985 103.484949 5844.330907 0.155812395 0.515607256 0.459509338 0.706203104
1561000486.994704247 -2168.478881 104.263396 5873.107887 0.148767955 0.482010430 0.476006435 0.720383173
1561000487.094537258 -2185.053878 104.906554 5901.525893 0.199544868 0.527114784 0.510354006 0.649515696
1561000487.193841219 -2201.685038 105.706385 5929.801811 0.270133173 0.581314194 0.545770793 0.539662967
1561000487.294670582 -2218.722804 106.537924 5958.545203 0.322927600 0.620749204 0.567781196 0.433604318
1561000487.393486023 -2235.683540 107.288099 5986.772034 0.294870254 0.620444806 0.552108818 0.472520507
1561000487.493504047 -2253.039129 108.393123 6015.369425 0.108984321 0.611952001 0.533242094 0.573837987
1561000487.594651699 -2270.311632 109.306131 6044.545475 -0.126281329 0.553737695 0.516980746 0.640436179
1561000487.693018675 -2287.144387 109.883898 6073.018980 -0.247587019 0.493441154 0.506163824 0.662581829
1561000487.795921564 -2305.155344 110.696071 6102.552469 -0.224267860 0.502487857 0.534093431 0.641836496
1561000487.894642353 -2322.595674 111.500670 6130.887966 -0.128360424 0.568684480 0.573084826 0.575929984
1561000487.994023085 -2340.205435 112.198289 6159.394337 -0.016003965 0.641622095 0.608038964 0.467283189
1561000488.095642090 -2358.193281 112.834684 6188.401957 0.009903809 0.646755872 0.633037369 0.425291014
1561000488.193962097 -2375.881609 113.611467 6216.621280 -0.018476009 0.623232963 0.647817047 0.437689827
1561000488.295423269 -2394.360361 114.279515 6245.637891 -0.085210289 0.589655760 0.650656364 0.470841361
1561000488.394020557 -2412.324953 114.698197 6273.831561 -0.136022756 0.562155604 0.652582456 0.489504877
1561000488.494627953 -2430.773129 115.250600 6302.651192 -0.163940703 0.551409434 0.661180386 0.481571987
1561000488.595767736 -2449.464882 115.705121 6331.671063 -0.155802725 0.557728940 0.682946455 0.445250582
1561000488.694547176 -2467.961481 116.255680 6359.805838 -0.145727820 0.552412659 0.708784424 0.413797410
1561000488.796016932 -2486.941134 116.635908 6388.854852 -0.167235943 0.575223449 0.721310819 0.347650436
1561000488.894700527 -2505.534975 116.943839 6417.131950 -0.171738974 0.585683375 0.740333599 0.281756759
1561000488.994907856 -2524.527697 117.182285 6445.868680 -0.199731871 0.556338799 0.764204552 0.258042096
1561000489.095417500 -2543.688507 117.359745 6474.679227 -0.231079207 0.515048814 0.786714468 0.249814862
1561000489.193999290 -2562.577520 117.466269 6502.938939 -0.278601640 0.466141122 0.808174795 0.227919024
1561000489.295364380 -2582.086628 117.508162 6531.992793 -0.286910426 0.414546717 0.834233618 0.223355539
1561000489.396008015 -2601.538081 117.488113 6560.830878 -0.270508553 0.373511746 0.860005148 0.218415301
1561000489.496893883 -2621.117530 117.414092 6589.725572 -0.258234311 0.330984031 0.884480109 0.203616179
1561000489.597099781 -2640.645543 117.295445 6618.408642 -0.257403215 0.284519295 0.905406096 0.181747512
1561000489.695913553 -2659.980457 117.141970 6646.674065 -0.265491541 0.227547858 0.921903913 0.166821429
1561000489.797330618 -2679.903183 116.954714 6675.662074 -0.249811143 0.171481685 0.938982357 0.162789919
1561000489.897498369 -2699.658693 116.750648 6704.268782 -0.229075372 0.108137586 0.953409646 0.163831572
1561000489.997722626 -2719.506146 116.539989 6732.866279 -0.215930928 0.040419460 0.961960698 0.162393708
1561000490.098557949 -2739.558759 116.333403 6761.613644 -0.198844380 -0.027946823 0.969786789 0.138540506
1561000490.197314978 -2759.282915 116.147173 6789.746571 -0.158691415 -0.086795303 0.976245445 0.119283027
1561000490.298992634 -2779.685638 115.981889 6818.692522 -0.102703964 -0.149369480 0.977472528 0.108111568
1561000490.397781134 -2799.611549 115.856010 6846.804776 -0.058835271 -0.242195405 0.962834245 0.104067355
1561000490.498518229 -2820.042889 115.775084 6875.471584 0.003689337 -0.345002695 0.934127481 0.091462437
1561000490.598621130 -2840.467218 115.753217 6903.974665 0.073634461 -0.427197713 0.899348571 0.057028307
1561000490.697582006 -2860.793470 115.785139 6932.186306 0.143940285 -0.467886061 0.871978533 0.004155227
1561000490.798817396 -2883.354548 115.906644 6959.845587 0.233633114 -0.504081900 0.831151412 -0.022457446
1561000490.897881031 -2904.251597 116.016652 6988.136957 0.285950575 -0.542184626 0.790093385 -0.004532360
1561000490.998881340 -2925.658794 116.075611 7017.202606 0.290289256 -0.564385746 0.771580480 -0.043179170
1561000491.098526001 -2946.760994 115.813901 7045.667102 0.312404397 -0.576519262 0.747994512 -0.102631585
1561000491.198744535 -2968.229098 115.859346 7074.499086 0.344389840 -0.582503346 0.719088833 -0.158103576
1561000491.298709154 -2989.811247 115.916394 7103.340994 0.429443362 -0.573185060 0.675465319 -0.175453381
1561000491.397602797 -3011.327247 115.968350 7131.966270 0.544436078 -0.553927937 0.599356140 -0.193714780
1561000491.497794867 -3033.286811 115.996412 7161.076972 0.605614570 -0.538443165 0.536059886 -0.236536993
1561000491.598435640 -3055.500436 115.980831 7190.435944 0.608041011 -0.539834837 0.509957576 -0.280727177
1561000491.697120905 -3077.431290 115.911713 7219.335101 0.615042229 -0.534954394 0.474554094 -0.332182579
1561000491.798239946 -3100.051980 115.774515 7249.052438 0.640321458 -0.516872761 0.408042812 -0.395388472
1561000491.897028923 -3122.287266 115.561036 7278.180344 0.685103650 -0.473130869 0.309333369 -0.459448621
1561000491.998296022 -3145.200124 115.244179 7308.128839 0.725457369 -0.415272559 0.215679516 -0.504720373
1561000492.098495722 -3167.967949 114.821445 7337.844167 0.757920219 -0.364860335 0.149198773 -0.519782266
1561000492.197180271 -3190.466325 114.294896 7367.186553 0.781724695 -0.294755666 0.092231347 -0.541773916
1561000492.290551662 -3211.805079 113.695947 7395.014562 0.781693591 -0.239231063 0.020738046 -0.575581064
1561000492.389731884 -3234.509481 112.955838 7424.633482 0.767968733 -0.174971587 -0.054346720 -0.613722578
1561000492.489563704 -3257.358856 112.097923 7454.507533 0.743971393 -0.110135614 -0.165941261 -0.637840271
1561000492.590475559 -3280.832758 111.496022 7484.267230 0.713333677 0.007592892 -0.286025050 -0.639755488
1561000492.689339399 -3304.104425 110.487386 7513.681902 0.674901711 0.109546826 -0.358637448 -0.635520538
1561000492.790523052 -3327.361305 109.481607 7543.950606 0.613222161 0.192357567 -0.447284103 -0.622008101
1561000492.889585257 -3350.111865 108.491235 7573.591785 0.542287658 0.255085247 -0.524649690 -0.604647265
1561000492.989219189 -3372.982694 107.512882 7603.404965 0.469973775 0.328821801 -0.581510476 -0.576928453
1561000493.090313911 -3396.188938 106.560769 7633.655886 0.350808871 0.417853818 -0.648811981 -0.530447298
1561000493.189125061 -3418.891610 105.693544 7663.226282 0.246107797 0.464046019 -0.712204346 -0.465679304
1561000493.290428162 -3442.214466 104.882510 7693.547648 0.154767694 0.491167808 -0.753487927 -0.408726179
1561000493.389511108 -3465.096626 104.170368 7723.214290 0.028294736 0.533333776 -0.778605256 -0.329436406
1561000493.490318775 -3488.475086 103.528574 7753.415969 -0.086715061 0.548394297 -0.784452710 -0.276365951
1561000493.590604067 -3512.071010 102.851692 7783.438688 -0.177107212 0.560465025 -0.796680301 -0.140756842
1561000493.690113783 -3535.496763 101.875787 7812.051482 -0.269867615 0.558149342 -0.783609585 -0.039959972
1561000493.790216684 -3559.118089 101.344889 7842.083568 -0.354184653 0.531805849 -0.769003749 0.019209508
1561000493.888882637 -3582.592294 100.836890 7871.678861 -0.391793876 0.518430920 -0.755566946 0.082737715
1561000493.989779711 -3606.766028 100.324913 7901.990882 -0.421467810 0.488381383 -0.753404527 0.127397519
1561000494.089770079 -3630.890448 99.812803 7932.075718 -0.455659391 0.440266113 -0.754381765 0.171605422
1561000494.188550234 -3654.884572 99.288010 7961.838952 -0.481574209 0.380493290 -0.747116465 0.255202126
1561000494.289709091 -3679.616010 98.712498 7992.358171 -0.475087655 0.322894627 -0.736137517 0.357955774
1561000494.388959408 -3704.023808 98.092855 8022.328517 -0.423541871 0.287894301 -0.740561495 0.435083701
1561000494.489121437 -3728.960208 97.082262 8052.322672 -0.390218920 0.210949993 -0.754046803 0.484399334
1561000494.590234280 -3753.885180 96.405100 8083.144225 -0.380361384 0.160244618 -0.751123433 0.515228559
1561000494.688987970 -3778.449937 95.762315 8113.176680 -0.410771583 0.112596757 -0.765733903 0.481913133
1561000494.790330648 -3803.603518 95.053252 8143.611744 -0.441363345 0.081787252 -0.791295190 0.415164021
1561000494.889083385 -3828.335898 94.001016 8173.684280 -0.454076844 0.083840331 -0.816560058 0.346431364
1561000494.990526438 -3853.972260 92.888169 8204.400892 -0.460833118 0.076483864 -0.826988321 0.312847203
1561000495.090236187 -3879.270641 91.690452 8234.737403 -0.475477395 0.030157353 -0.830723790 0.287940558
1561000495.188978195 -3904.357248 90.503733 8264.704329 -0.478073855 -0.014646235 -0.808946182 0.341814207
1561000495.290391922 -3930.265479 89.035580 8295.528601 -0.445496564 -0.055028964 -0.786892536 0.423443928
1561000495.389475107 -3955.687477 87.653864 8325.758246 -0.396011914 -0.061767096 -0.748023550 0.528980301
1561000495.490320921 -3981.654858 86.096486 8356.549869 -0.376503582 -0.083780945 -0.713412788 0.585036751
1561000495.590300322 -4007.460966 84.456001 8387.105697 -0.370011777 -0.121199274 -0.720527348 0.573796447
1561000495.690293074 -4033.327574 82.716205 8417.699504 -0.353653140 -0.152743107 -0.740990965 0.550028535
1561000495.791239023 -4059.497974 80.857179 8448.624994 -0.311611434 -0.164888831 -0.762701104 0.542214914
1561000495.889896154 -4085.128925 78.941414 8478.887717 -0.267835240 -0.181320926 -0.767308006 0.553737691
1561000495.991031647 -4111.452908 76.877532 8509.948172 -0.243742064 -0.219872835 -0.746950771 0.578195718
1561000496.091064215 -4137.528586 74.738251 8540.709445 -0.228767229 -0.264406667 -0.718321207 0.601472620
1561000496.190836191 -4163.564515 72.509325 8571.436126 -0.214810067 -0.302435320 -0.693505234 0.617608292
1561000496.290830374 -4189.678547 70.181971 8602.282892 -0.187367035 -0.326953171 -0.679968514 0.628997646
1561000496.388871908 -4215.296371 67.811681 8632.581274 -0.159195500 -0.343468682 -0.678084527 0.629990025
1561000496.488929987 -4241.451022 65.304741 8663.560918 -0.139562315 -0.369953979 -0.671773250 0.626400123
1561000496.591070652 -4268.157515 62.655213 8695.249912 -0.109175674 -0.389091955 -0.665683845 0.627338139
1561000496.690257549 -4294.095778 59.997015 8726.089271 -0.090366517 -0.420727122 -0.645622400 0.630867893
1561000496.791547060 -4320.583387 57.199285 8757.656211 -0.079709143 -0.459142097 -0.610989666 0.639942666
1561000496.889462471 -4346.183588 54.419148 8788.249001 -0.048480239 -0.479470121 -0.585772415 0.651635440
1561000496.991275787 -4372.792261 51.455819 8820.145028 -0.011155020 -0.490182773 -0.562144623 0.666025403
1561000497.092228651 -4399.160344 48.451348 8851.859860 0.020779070 -0.499596961 -0.545996359 0.672204644
1561000497.190399170 -4424.784112 45.470228 8882.788124 0.040770198 -0.521602731 -0.535055220 0.663313119
1561000497.291316032 -4451.105778 42.348024 8914.676909 0.057581582 -0.538663965 -0.533153644 0.649825119
1561000497.389380455 -4476.665131 39.259617 8945.760859 0.086960082 -0.555250526 -0.507817264 0.652883162
1561000497.491783381 -4503.335140 35.981553 8978.325977 0.126549174 -0.565327678 -0.476047111 0.661641195
1561000497.591039181 -4529.163613 32.760939 9009.997494 0.129673059 -0.599767771 -0.442843021 0.653722860
1561000497.691017866 -4555.158403 29.480533 9042.012921 0.161504070 -0.589685199 -0.423024245 0.668758768
1561000497.790903807 -4581.107221 26.170999 9074.114624 0.183307271 -0.595519370 -0.422181727 0.658420620
1561000497.890949488 -4607.076628 22.825821 9106.386590 0.203999591 -0.613043719 -0.412840957 0.641968776
1561000497.990358114 -4632.862520 19.471715 9138.574888 0.217585704 -0.625024393 -0.406274831 0.630033120
1561000498.091116905 -4658.982485 16.044967 9171.328655 0.241593881 -0.631337327 -0.342959604 0.652245572
1561000498.189335346 -4684.428077 12.686962 9203.383621 0.267489671 -0.633172481 -0.307630429 0.657955472
1561000498.291336536 -4710.838869 9.190754 9236.809798 0.287560907 -0.646964626 -0.278107219 0.649154736
1561000498.389798164 -4736.321371 5.812187 9269.211627 0.307927769 -0.652747158 -0.251440364 0.644887107
1561000498.491285324 -4762.577696 2.331086 9302.751752 0.338175428 -0.653667590 -0.226693972 0.637938794
1561000498.591153383 -4788.409226 -1.088948 9335.901113 0.359782294 -0.661045972 -0.203374527 0.626269690
1561000498.691078424 -4814.253367 -4.501964 9369.216433 0.380144955 -0.664571343 -0.168129937 0.620940470
1561000498.791028738 -4840.106285 -7.901795 9402.689785 0.399933203 -0.652818839 -0.142289187 0.627403207
1561000498.890772820 -4865.909677 -11.275294 9436.243465 0.422068660 -0.637815059 -0.109468188 0.634875352
1561000498.992214203 -4892.158858 -14.680244 9470.521164 0.444463455 -0.631257961 -0.081037702 0.630395523
1561000499.092676878 -4918.165662 -18.022640 9504.621982 0.466998631 -0.623240307 -0.035148541 0.626297357
1561000499.193398476 -4944.255602 -21.339577 9538.966002 0.486501322 -0.619377092 -0.007647237 0.616141219
1561000499.293108940 -4970.105752 -24.584234 9573.119300 0.509049958 -0.615926421 0.015899249 0.601040762
1561000499.391159534 -4995.552396 -27.735438 9606.855460 0.520110766 -0.607659834 0.041494167 0.598759176
1561000499.492868900 -5021.981069 -30.960515 9642.009606 0.541832947 -0.591574085 0.056162800 0.594392883
1561000499.592151642 -5047.825150 -34.083606 9676.471760 0.556629244 -0.555965507 0.080553475 0.612027269
1561000499.692770004 -5074.777458 -37.432778 9710.997093 0.597890333 -0.556081943 0.070293895 0.573025996
1561000499.792570829 -5102.310641 -39.541448 9745.843548 0.611055635 -0.559037046 0.097918481 0.551815697
1561000499.890750647 -5127.803591 -42.576997 9780.451573 0.627125556 -0.516514947 0.120816996 0.570376279
1561000499.992204189 -5154.725444 -44.871983 9816.010204 0.618862193 -0.508326549 0.194070171 0.566524910
1561000500.092292547 -5180.995584 -47.489616 9851.404654 0.626552315 -0.430854127 0.187946686 0.621669495
1561000500.192063332 -5207.251205 -50.089470 9886.868554 0.591671378 -0.419043098 0.252618697 0.640711836
1561000500.292681694 -5233.790942 -52.638369 9922.777194 0.591409160 -0.376798936 0.223482611 0.676988397
1561000500.390937090 -5259.762715 -55.054887 9957.978114 0.583274931 -0.392197882 0.279719546 0.654009290
1561000500.492826462 -5286.758095 -57.483331 9994.620918 0.569098441 -0.388184497 0.280671579 0.668328681
1561000500.591092825 -5312.856607 -59.747597 10030.091581 0.557589300 -0.374283584 0.266483047 0.691370202
1561000500.692730188 -5339.911303 -62.006303 10066.910382 0.555620833 -0.362640137 0.241464783 0.708147145
1561000500.792700052 -5366.576638 -64.145171 10103.253892 0.544627665 -0.357671138 0.238703375 0.720050528
1561000500.891922474 -5393.093385 -66.185155 10139.449006 0.526306230 -0.341021391 0.254493044 0.736165371
1561000500.992265463 -5419.961265 -68.161694 10176.173605 0.518468079 -0.346498513 0.243539895 0.742844500
1561000501.094114542 -5447.283183 -70.077465 10213.570354 0.494278182 -0.336567815 0.245379813 0.763020270
1561000501.193842649 -5474.084590 -71.863020 10250.301126 0.470180864 -0.313151946 0.252347255 0.785612294
1561000501.293778658 -5500.989389 -73.560309 10287.214073 0.465645840 -0.321794615 0.246746807 0.786599129
1561000501.392837286 -5527.704249 -75.151354 10323.905717 0.457279901 -0.330276276 0.260617713 0.783512018
1561000501.493810177 -5554.983545 -76.679144 10361.411288 0.440129753 -0.335437487 0.262061694 0.790627068
1561000501.592865944 -5581.790518 -78.085337 10398.305525 0.407765369 -0.341998919 0.242556255 0.811129217
1561000501.693892241 -5609.171951 -79.425405 10436.030981 0.361993352 -0.328985602 0.221995115 0.843473447
1561000501.794090986 -5636.361612 -80.661286 10473.535260 0.309498378 -0.328962029 0.196926689 0.870180796
1561000501.893742561 -5663.427648 -81.800692 10510.912676 0.253113275 -0.330522646 0.190857634 0.888966712
1561000501.995497227 -5691.084473 -82.874436 10549.148318 0.196576552 -0.322751433 0.190105955 0.906117486
1561000502.092499018 -5717.464329 -83.816686 10585.653888 0.154760268 -0.322743547 0.192404905 0.913710137
1561000502.193464279 -5744.934962 -84.716302 10623.700890 0.105207444 -0.321493928 0.186772284 0.922328121
1561000502.294137239 -5772.335636 -85.534937 10661.682006 0.036125252 -0.281279341 0.159827603 0.945532673
1561000502.393945456 -5799.504337 -86.280368 10699.368481 -0.084864395 -0.265989126 0.093388690 0.955681104
1561000502.494304657 -5826.816529 -86.984182 10737.282785 -0.156209523 -0.283724589 0.042480062 0.945142522
1561000502.593163729 -5853.706369 -87.648485 10774.647734 -0.170984247 -0.307571126 0.024293673 0.935721223
1561000502.692620993 -5880.741979 -88.292614 10812.258073 -0.177327432 -0.320991221 0.107631950 0.924086025
1561000502.794357538 -5908.381980 -88.921353 10850.748735 -0.196916296 -0.269841222 0.157840152 0.929244948
1561000502.893198967 -5935.227931 -89.499438 10888.154324 -0.230436177 -0.222212296 0.131457774 0.938210913
1561000502.994302750 -5962.684234 -90.065744 10926.418423 -0.270419072 -0.237873859 0.087538893 0.928776881
1561000503.092583418 -5989.364903 -90.600636 10963.618280 -0.294034477 -0.299594149 0.051493021 0.906165295
1561000503.194151402 -6016.918984 -91.142964 11002.077971 -0.308821332 -0.324344213 0.049167721 0.892755707
1561000503.294648886 -6044.159796 -91.673013 11040.152559 -0.315788614 -0.266081218 0.035720851 0.910056239
1561000503.394690752 -6071.258698 -92.198643 11078.067766 -0.319525248 -0.239907633 0.058404421 0.914842537
1561000503.495376348 -6098.517301 -92.725829 11116.234828 -0.358432189 -0.219472791 0.063250358 0.905183656
1561000503.593945503 -6125.190045 -93.245518 11153.605099 -0.433023651 -0.247532945 0.043442862 0.865638883
1561000503.695493460 -6152.652324 -93.797963 11192.116382 -0.423608411 -0.260177970 0.035791797 0.866938456
1561000503.795441866 -6179.663939 -94.359877 11230.034896 -0.367451765 -0.252245346 0.042164260 0.894188828
1561000503.894068956 -6206.301875 -94.923118 11267.462653 -0.292675161 -0.189071620 0.134840536 0.927583528
1561000503.995658636 -6233.736792 -95.495604 11306.012592 -0.192103716 -0.110724373 0.251071231 0.942231135
1561000504.094219685 -6260.372751 -96.024060 11343.398600 -0.225191595 -0.129932904 0.188034271 0.947126865
1561000504.195652723 -6287.796786 -96.543836 11381.861940 -0.356063220 -0.178056276 0.003639195 0.917334019
1561000504.295562267 -6314.800448 -97.064764 11419.750379 -0.453090719 -0.248237653 -0.195883840 0.833496484
1561000504.393757582 -6341.324790 -97.622298 11457.014893 -0.429558922 -0.284281172 -0.336981606 0.788103258
1561000504.495126963 -6368.692607 -98.261006 11495.525487 -0.378823470 -0.258753312 -0.200397911 0.865667476
1561000504.593883276 -6395.337654 -98.926665 11533.071777 -0.309698627 -0.166944318 0.032799080 0.935489485
1561000504.695220709 -6422.670875 -99.618142 11571.601203 -0.255393125 -0.108311709 0.154003139 0.948327981
1561000504.795361280 -6449.690045 -100.289931 11609.662366 -0.299118247 -0.097718437 0.094694600 0.944464035
1561000504.895441771 -6476.700067 -100.958153 11647.687583 -0.341296542 -0.124304086 -0.035598910 0.931019808
1561000504.995396614 -6503.673955 -101.639826 11685.659534 -0.356332952 -0.147380110 -0.079916074 0.919194947
1561000505.094013691 -6530.279480 -102.335665 11723.124543 -0.347771430 -0.182661178 -0.107255415 0.913337946
1561000505.195177078 -6557.561945 -103.074897 11761.561232 -0.302509747 -0.122226936 -0.070509453 0.942643541
1561000505.295375347 -6584.578642 -103.823990 11799.629553 -0.278886374 -0.072288238 -0.028148927 0.957185687
1561000505.395457745 -6611.567603 -104.580905 11837.643226 -0.273147462 -0.053856245 -0.008107214 0.960429197
1561000505.495491743 -6638.552575 -105.343817 11875.623520 -0.277676537 -0.049976042 -0.037668955 0.958634021
1561000505.594078541 -6665.155769 -106.103351 11913.039918 -0.283240676 -0.062927592 -0.054671070 0.955419233
1561000505.695470572 -6692.522876 -106.895138 11951.507910 -0.275260042 -0.053886952 -0.055146254 0.958272924
1561000505.795564175 -6719.547309 -107.687984 11989.469748 -0.273133297 -0.039234758 -0.056401194 0.959519537
1561000505.896125555 -6746.708630 -108.493507 12027.593506 -0.269330614 -0.047177218 -0.031065323 0.961389763
1561000505.996497869 -6773.830370 -109.304464 12065.629984 -0.277842599 -0.037316427 -0.015456000 0.959777103
1561000506.095834970 -6800.684377 -110.113563 12103.258000 -0.296689807 -0.024416294 -0.030627346 0.954170304
1561000506.197193384 -6828.099107 -110.950083 12141.634345 -0.320891280 -0.010459049 -0.047642537 0.945859177
1561000506.297039509 -6855.120606 -111.791374 12179.420729 -0.343178417 -0.028875905 -0.054661216 0.937233646
1561000506.397018909 -6882.191740 -112.655694 12217.242299 -0.359656749 -0.025747227 -0.062085836 0.930660761
1561000506.496927261 -6909.256629 -113.545107 12255.022972 -0.370536212 -0.019682414 -0.058382128 0.926772380
1561000506.595676184 -6936.021987 -114.452432 12292.350998 -0.378473207 0.018708161 -0.064785993 0.923152648
1561000506.697508335 -6963.643714 -115.420088 12330.827707 -0.388569714 0.039586157 -0.067814674 0.918067363
1561000506.797108889 -6990.685335 -116.400793 12368.443207 -0.404252072 0.045160264 -0.064621509 0.911243586
1561000506.895780087 -7017.500744 -117.408964 12405.690288 -0.421393458 0.056005144 -0.068488041 0.902552140
1561000506.997077942 -7045.058690 -118.485850 12443.911935 -0.438830564 0.070170092 -0.084937437 0.891790068
1561000507.097158670 -7060.894997 -113.484375 12494.670028 -0.511304411 -0.160183338 0.217210746 0.815921926
1561000507.198274136 -7087.587783 -114.324091 12533.428381 -0.535068706 -0.159339515 0.217683493 0.800578726
1561000507.289170742 -7111.580151 -115.099631 12568.267771 -0.550427659 -0.156002992 0.217258667 0.790879972
1561000507.390431404 -7138.304055 -115.990319 12607.079462 -0.567063717 -0.165478019 0.214420733 0.777868572
1561000507.490523577 -7164.713645 -116.901421 12645.445878 -0.581647614 -0.170917609 0.218287765 0.764737651
1561000507.589387178 -7190.791562 -117.833635 12683.347031 -0.650703418 -0.192739725 0.152590614 0.718437586
1561000507.690703392 -7219.897194 -123.670254 12705.768105 -0.647464553 -0.160825474 0.176319709 0.723765280
1561000507.790966034 -7245.004224 -123.418714 12743.806611 -0.544644925 -0.220842784 0.251423757 0.769010055
1561000507.890778542 -7271.382858 -124.243095 12781.635522 -0.485267973 -0.177914003 0.284619584 0.807374321
1561000507.990716696 -7297.795267 -125.083117 12819.505625 -0.449170091 -0.000157807 0.350285862 0.821916066
1561000508.089553356 -7323.944015 -125.930004 12856.937424 -0.340043330 0.086771200 0.445593910 0.823582030
1561000508.190621376 -7350.743254 -126.803773 12895.183135 -0.357028141 -0.006692959 0.422547708 0.833030339
1561000508.290738106 -7377.336750 -127.669692 12933.040099 -0.489523425 -0.171118925 0.258938217 0.814884120
1561000508.390729666 -7403.900605 -128.545251 12970.842678 -0.577168374 -0.268849444 0.059179304 0.768826674
1561000508.490582943 -7430.407205 -129.452505 13008.618295 -0.557416203 -0.330318098 -0.055417765 0.759674932
1561000508.589710474 -7456.695834 -130.394026 13046.163079 -0.524588388 -0.336844247 0.004391926 0.781871912
1561000508.690562963 -7483.415910 -131.383423 13084.398257 -0.483713769 -0.222814905 0.237521135 0.812378125
1561000508.790282726 -7509.828094 -132.375351 13122.208222 -0.439280576 -0.103503547 0.420119836 0.787285790
1561000508.889912605 -7536.234895 -133.372924 13159.965358 -0.461754001 -0.134035096 0.395388150 0.782614878
1561000508.990635633 -7562.947323 -134.387571 13198.118745 -0.494675073 -0.216693121 0.304626048 0.784565890
1561000509.089483976 -7589.160726 -135.389620 13235.557061 -0.508810140 -0.280157234 0.240559865 0.777660027
1561000509.189694881 -7615.720733 -136.412652 13273.519626 -0.512583564 -0.295357279 0.232156023 0.772091801
1561000509.289357901 -7642.116865 -137.437850 13311.287833 -0.514652031 -0.269547412 0.252939148 0.773627344
1561000509.390321970 -7668.842189 -138.484863 13349.557922 -0.517859610 -0.237426997 0.288628510 0.769508563
1561000509.490307808 -7695.298088 -139.531900 13387.460494 -0.527495114 -0.222917664 0.306440779 0.760362196
1561000509.590042114 -7721.678585 -140.588506 13425.269020 -0.544824953 -0.233039761 0.296035665 0.749146932
1561000509.690355778 -7748.201858 -141.665956 13463.300709 -0.567925750 -0.239464738 0.261577866 0.742761066
1561000509.789890766 -7774.505133 -142.754032 13501.046324 -0.595339224 -0.247527505 0.226804352 0.729973376
1561000509.889745712 -7800.875281 -143.871140 13538.929287 -0.626660650 -0.246030306 0.203170667 0.710976229
1561000509.990741730 -7827.527282 -145.033516 13577.267314 -0.662640040 -0.243606652 0.186872780 0.683112392
1561000510.090816259 -7853.414197 -146.521534 13615.623008 -0.727542197 -0.234152955 0.145066683 0.628339401
1561000510.190904140 -7880.397699 -147.871465 13654.119490 -0.773978113 -0.226598828 0.095652825 0.583490693
1561000510.290135860 -7906.846330 -149.283149 13691.754722 -0.814492105 -0.206746284 0.037191994 0.540809893
1561000510.392044544 -7933.698060 -150.679193 13730.635510 -0.859038859 -0.204893726 -0.005382565 0.469086162
1561000510.490612984 -7959.661595 -152.102009 13768.326365 -0.891894099 -0.201156561 -0.038943565 0.403167897
1561000510.589673519 -7985.752689 -153.604888 13806.306089 -0.933470389 -0.190095628 -0.088654253 0.290924575
1561000510.690477133 -8012.309349 -155.204528 13845.078208 -0.953915482 -0.218298010 -0.086646065 0.186771765
1561000510.789644718 -8038.445347 -156.837827 13883.357659 -0.962558478 -0.177160346 -0.094200779 0.182267938
1561000510.890532494 -8065.050420 -158.560121 13922.444806 -0.956565418 -0.164730089 -0.153144402 0.185454553
1561000510.990735054 -8091.498295 -160.335890 13961.411335 -0.951059640 -0.160306651 -0.202383512 0.169788849
1561000511.089421272 -8117.577447 -162.149554 13999.932610 -0.961406357 -0.136940022 -0.223577607 0.083416427
1561000511.190515518 -8144.335730 -164.065226 14039.552357 -0.974142664 -0.054289124 -0.217691913 -0.026626894
1561000511.289874315 -8170.684513 -165.992934 14078.656661 -0.969503412 -0.021086748 -0.205953685 -0.131154728
1561000511.389430523 -8197.138020 -167.951043 14118.008999 -0.949012890 -0.067189194 -0.219533580 -0.216021190
1561000511.490477800 -8224.044537 -169.944306 14158.128356 -0.907067493 -0.166886681 -0.248527494 -0.295992371
1561000511.589305162 -8250.421991 -171.878635 14197.538031 -0.862043748 -0.235987194 -0.245960101 -0.375092320
1561000511.690463543 -8277.491361 -173.822119 14238.046781 -0.823667348 -0.253333674 -0.269393755 -0.429908308
1561000511.789644480 -8304.106730 -175.681467 14277.925066 -0.841543754 -0.153739857 -0.308030668 -0.416275478
1561000511.890788317 -8331.331766 -177.535731 14318.758956 -0.835312685 -0.065029494 -0.352915867 -0.416502430
1561000511.990502596 -8358.262255 -179.325687 14359.179991 -0.798233828 -0.031510067 -0.400295880 -0.448991180
1561000512.089351177 -8385.057031 -181.058461 14399.405974 -0.749034118 -0.037869984 -0.411756029 -0.517658891
1561000512.190622807 -8412.614174 -182.777764 14440.768428 -0.698445230 -0.054400675 -0.410245256 -0.583878118
1561000512.289945364 -8438.757120 -185.130408 14484.819766 -0.662482152 -0.054494880 -0.404692781 -0.627990015
1561000512.390502214 -8467.907323 -187.110352 14525.362810 -0.614021874 -0.037834245 -0.419132347 -0.667737811
1561000512.491801023 -8495.348506 -188.664702 14567.409922 -0.577700211 -0.021970776 -0.430557640 -0.693108844
1561000512.589687586 -8522.081790 -190.102663 14608.034378 -0.531604548 -0.021608448 -0.452551633 -0.715630281
1561000512.691601038 -8550.320458 -191.485587 14650.398530 -0.483689216 -0.017254731 -0.480626312 -0.731262856
1561000512.789712667 -8577.615262 -192.730237 14691.266156 -0.435195908 -0.015940926 -0.496219964 -0.751076664
1561000512.891342878 -8606.003436 -193.929327 14733.674270 -0.384108440 -0.014609068 -0.499514005 -0.776358834
1561000512.992588758 -8634.398414 -195.032269 14775.986008 -0.344523618 -0.019744508 -0.498575439 -0.795195675
1561000513.089633703 -8661.720548 -196.003803 14816.592823 -0.317403897 -0.035843081 -0.502052043 -0.803687617
1561000513.192046404 -8690.665555 -196.940067 14859.492074 -0.300325327 -0.049069791 -0.515211681 -0.801220180
1561000513.290036201 -8718.470364 -197.752822 14900.579478 -0.281723463 -0.068990137 -0.537441741 -0.791851392
1561000513.390139818 -8746.990855 -198.503058 14942.591387 -0.261624975 -0.091242304 -0.557034011 -0.782905055
1561000513.492032528 -8776.146152 -199.188646 14985.390105 -0.236958307 -0.109870018 -0.566478400 -0.781589126
1561000513.591634512 -8804.770066 -199.786876 15027.256714 -0.209943947 -0.130930452 -0.570663893 -0.783022016
1561000513.691661358 -8833.641374 -200.319845 15069.326977 -0.186266238 -0.149396464 -0.573046811 -0.783966159
1561000513.789388657 -8861.971961 -200.778597 15110.450385 -0.161214564 -0.167761643 -0.578074166 -0.782110065
1561000513.889691353 -8891.176923 -201.190199 15152.674518 -0.145517399 -0.184853294 -0.586486319 -0.775040479
1561000513.991153717 -8920.852495 -201.550286 15195.401146 -0.118645128 -0.209879012 -0.597738724 -0.764579984
1561000514.091727734 -8950.403516 -201.857647 15237.765347 -0.089082311 -0.235791228 -0.607283990 -0.753440770
1561000514.191459417 -8979.843056 -202.120877 15279.783804 -0.066079467 -0.254208426 -0.612732031 -0.745366378
1561000514.289700747 -9008.976807 -202.346194 15321.180705 -0.005171559 -0.267186026 -0.621738414 -0.736224304
1561000514.391634703 -9039.344814 -202.554499 15364.133866 0.024517949 -0.265518008 -0.626799452 -0.732134895
1561000514.491468430 -9069.222840 -202.739159 15406.198704 0.032202853 -0.282276676 -0.627417437 -0.725003596
1561000514.589744091 -9098.766839 -202.905960 15447.603329 0.059906270 -0.319237040 -0.624213958 -0.710532114
1561000514.691457987 -9129.484642 -203.071803 15490.453097 0.099473844 -0.366092887 -0.617735872 -0.688827514
1561000514.789637327 -9159.272297 -203.236064 15531.811453 0.133822487 -0.390361202 -0.610528216 -0.675991843
1561000514.891467810 -9190.310380 -203.419034 15574.706240 0.145270152 -0.398814080 -0.611704830 -0.667578545
1561000514.991504192 -9220.993031 -203.302484 15617.045806 0.118235218 -0.384666520 -0.601843647 -0.689808906
1561000515.091501474 -9248.186378 -200.161426 15656.676229 0.158739748 -0.345449294 -0.568808251 -0.729330962
1561000515.191436768 -9278.757589 -200.074234 15698.561185 0.181649685 -0.376955393 -0.566457605 -0.709953383
1561000515.289509535 -9309.783419 -199.094311 15742.689938 0.111194397 -0.416448284 -0.647404297 -0.628549369
1561000515.389531136 -9340.568894 -198.902061 15784.893314 0.141838764 -0.520313012 -0.613964439 -0.576371236
1561000515.489585638 -9375.921884 -197.997219 15828.879360 0.153492876 -0.539712411 -0.631284639 -0.535378515
1561000515.592066050 -9408.344926 -197.755861 15872.655062 0.154419216 -0.525025233 -0.644792796 -0.533615462
1561000515.692043066 -9439.466150 -197.909319 15914.679431 0.249267382 -0.517137029 -0.621353990 -0.533248801
1561000515.789702415 -9470.571667 -197.928309 15956.058292 0.305292188 -0.502893204 -0.612686994 -0.527740232
1561000515.891372442 -9503.067811 -198.085538 15999.151238 0.346924158 -0.466444844 -0.628592376 -0.516666682
1561000515.989408016 -9534.673060 -197.918872 16040.700696 0.356761787 -0.489631759 -0.629296657 -0.486793061
1561000516.089665890 -9566.644482 -198.112069 16083.230526 0.383131700 -0.490521264 -0.632579492 -0.460914499
1561000516.190963507 -9599.499766 -198.064308 16126.217072 0.387695679 -0.508723391 -0.617168481 -0.458252810
1561000516.289190769 -9631.388799 -198.257725 16167.974187 0.404906721 -0.540388649 -0.584372440 -0.450043893
1561000516.390891314 -9664.017679 -198.794689 16210.380334 0.423514266 -0.568564449 -0.548318319 -0.443528076
1561000516.492252588 -9696.928220 -199.188624 16253.226506 0.419356562 -0.599371332 -0.523680894 -0.436637609
1561000516.590561390 -9729.099620 -199.712090 16294.984183 0.435101736 -0.636390333 -0.483104334 -0.415095201
1561000516.692337036 -9762.539274 -200.339032 16338.268296 0.436945726 -0.670182642 -0.448884495 -0.398040663
1561000516.790625811 -9794.965043 -201.025394 16380.130219 0.436315558 -0.698333465 -0.416695352 -0.385128666
1561000516.892627239 -9828.756134 -201.819185 16423.644071 0.433846178 -0.721409429 -0.387552799 -0.375697693
1561000516.990813017 -9861.420915 -202.659132 16465.603912 0.437693134 -0.741073414 -0.353168066 -0.366752278
1561000517.092623949 -9895.436722 -203.606092 16509.195233 0.440019127 -0.761502314 -0.313793299 -0.357814420
1561000517.192856073 -9929.072098 -204.610330 16552.197047 0.444042467 -0.783159530 -0.268658905 -0.342505226
1561000517.291026115 -9962.159095 -205.659152 16594.402982 0.439191236 -0.806368882 -0.224577320 -0.326259579
1561000517.393975973 -9997.013145 -206.821746 16638.764169 0.426654867 -0.829256921 -0.175828440 -0.315250605
1561000517.493041515 -10030.706313 -207.992409 16681.553190 0.407942310 -0.848274684 -0.129714204 -0.311748870
1561000517.594036341 -10065.215052 -209.228511 16725.280291 0.390950438 -0.858916991 -0.092065777 -0.317715675
1561000517.694055796 -10099.551912 -210.487238 16768.689137 0.376778385 -0.868097104 -0.048803552 -0.319474067
1561000517.793711901 -10133.926333 -211.767827 16812.042314 0.364665040 -0.875241698 -0.006081502 -0.317701739
1561000517.892849207 -10168.284326 -213.060677 16855.270181 0.353690383 -0.881073182 0.034467290 -0.312130048
1561000517.993324041 -10203.272268 -214.382816 16899.182662 0.339517429 -0.880822548 0.079542075 -0.320238368
1561000518.094338655 -10238.618169 -215.715780 16943.430128 0.325020891 -0.876379449 0.122743651 -0.333548316
1561000518.194171667 -10273.718642 -217.029795 16987.252237 0.311193022 -0.882475823 0.156764475 -0.315943386
1561000518.292854309 -10308.578225 -218.318656 17030.658617 0.289029699 -0.885153452 0.192068146 -0.309959718
1561000518.394183874 -10344.541038 -219.624021 17075.318562 0.259846286 -0.877238758 0.230180978 -0.331585262
1561000518.493525267 -10379.962407 -220.878537 17119.183008 0.241086855 -0.860798915 0.272510330 -0.355865812
1561000518.593246698 -10415.681137 -222.107640 17163.286789 0.232292044 -0.841430147 0.310397240 -0.376416348
1561000518.694539309 -10452.126802 -223.322467 17208.148331 0.226475538 -0.813756702 0.351991299 -0.403250526
1561000518.794532537 -10488.264552 -224.487241 17252.486265 0.229391512 -0.779472384 0.393694632 -0.429891700
1561000518.894729376 -10524.631741 -225.621299 17296.954902 0.209117438 -0.745574920 0.430976367 -0.463300451
1561000518.992775917 -10560.364177 -226.698870 17340.497683 0.141915171 -0.711298976 0.455873022 -0.515842649
1561000519.095040083 -10597.776163 -227.782712 17385.931852 0.117820638 -0.682458762 0.482335819 -0.536395836
1561000519.193896770 -10634.071053 -228.788264 17429.862418 0.102857651 -0.657850008 0.511640506 -0.543026392
1561000519.293883324 -10670.903986 -229.764421 17474.299543 0.109101431 -0.616332704 0.541610482 -0.561149678
1561000519.392534733 -10707.360749 -230.692750 17518.140846 0.135549401 -0.563704221 0.556233333 -0.595372480
1561000519.492415667 -10744.384629 -231.606991 17562.520070 0.190663532 -0.514224960 0.537274983 -0.640746206
1561000519.593890190 -10782.114891 -232.521905 17607.595100 0.221678309 -0.487626615 0.519955144 -0.665376330
1561000519.693973780 -10819.441642 -233.418487 17652.038377 0.226088584 -0.486490907 0.513016406 -0.670093066
1561000519.794086933 -10856.892597 -234.310821 17696.481341 0.217782369 -0.485460856 0.504727381 -0.679815319
1561000519.892949820 -10893.985900 -235.184874 17740.355849 0.236204848 -0.465878547 0.498082706 -0.692154655
1561000519.992925167 -10931.640003 -236.171788 17784.491987 0.263525237 -0.421555261 0.470547858 -0.728992679
1561000520.094164133 -10970.363170 -241.000486 17821.010031 0.281170242 -0.124284443 0.458694369 -0.833724264
1561000520.194026947 -11007.980393 -242.485424 17864.757682 0.295111606 -0.072925286 0.463012019 -0.832592886
1561000520.292557478 -11045.132409 -243.865552 17907.845926 0.283248354 -0.069576114 0.491232148 -0.820743877
1561000520.394090176 -11083.466102 -245.324870 17952.229855 0.254313064 -0.035514461 0.510374600 -0.820720023
1561000520.494014502 -11121.236408 -246.796273 17995.894764 0.230970950 0.008289633 0.476318301 -0.848354041
1561000520.594081879 -11159.093881 -248.301627 18039.609358 0.209198121 0.045378727 0.449563700 -0.867219348
1561000520.695711136 -11197.567841 -249.856907 18083.995740 0.167743413 0.060368755 0.438096411 -0.881072809
1561000520.795365572 -11235.313763 -251.401227 18127.511087 0.139149893 0.092278095 0.444035354 -0.880315094
1561000520.895367622 -11273.205284 -252.967360 18171.172918 0.130334728 0.147635908 0.440074659 -0.876099761
1561000520.995354176 -11311.097384 -254.549680 18214.828360 0.135373767 0.227690156 0.415754669 -0.870045511
1561000521.094278097 -11348.584667 -256.132765 18258.028952 0.136109630 0.283756046 0.377413524 -0.870928072
1561000521.195346594 -11386.876027 -257.766648 18302.182910 0.114806087 0.302282948 0.361437880 -0.874532584
1561000521.293606997 -11424.092893 -259.366952 18345.128625 0.076960708 0.294883512 0.358581904 -0.882349014
1561000521.395178318 -11462.552304 -261.027785 18389.540950 0.052079910 0.306337959 0.379689046 -0.871367297
1561000521.493861437 -11499.904753 -262.645311 18432.713329 0.036605875 0.355153686 0.369339880 -0.857970816
1561000521.595317602 -11538.289174 -264.310984 18477.130024 0.023885681 0.422768276 0.335792963 -0.841391434
1561000521.695205212 -11576.058885 -265.950630 18520.900806 0.006923616 0.479219639 0.292640696 -0.827443064
1561000521.793978930 -11613.384475 -267.566118 18564.232748 -0.007954859 0.506080945 0.262703493 -0.821465564
1561000521.895286322 -11651.644020 -269.210730 18608.732164 -0.027830202 0.527126509 0.236325491 -0.815790038
1561000521.993993521 -11688.899048 -270.796901 18652.147502 -0.052116238 0.548494305 0.229355989 -0.802392501
1561000522.095572948 -11727.215337 -272.408743 18696.891319 -0.082902867 0.576436932 0.208881189 -0.785631101
1561000522.195819855 -11765.007819 -273.973983 18741.119802 -0.117405543 0.606301276 0.188109647 -0.763694613
1561000522.296056747 -11802.778011 -275.508551 18785.422126 -0.133376419 0.645419803 0.160159860 -0.734842043
1561000522.395305872 -11840.160456 -276.994283 18829.372206 -0.137910385 0.681900316 0.118569387 -0.708472995
1561000522.493961573 -11877.307563 -278.433204 18873.148054 -0.152812710 0.706514534 0.097558555 -0.684081732
1561000522.595198631 -11915.418375 -279.866602 18918.165948 -0.177275764 0.727676395 0.081401375 -0.657597281
1561000522.695280075 -11953.089402 -281.238815 18962.772449 -0.206487773 0.746682558 0.076159566 -0.627716240
1561000522.795741558 -11990.903481 -282.570472 19007.657350 -0.229426529 0.764574316 0.058678470 -0.599455103
1561000522.896635532 -12028.885924 -283.858455 19052.849487 -0.235701372 0.786276176 0.014290614 -0.570973218
1561000522.995442629 -12066.093978 -285.068058 19097.219952 -0.239132224 0.826224861 -0.010152121 -0.509965874
1561000523.096596956 -12104.205248 -286.251597 19142.765544 -0.245018277 0.852531113 -0.017349011 -0.461362934
1561000523.196620941 -12141.841847 -288.972358 19187.358390 -0.283246490 0.862462767 -0.017729840 -0.419064500
1561000523.296517849 -12179.722751 -290.284739 19232.896853 -0.282581345 0.875598375 0.010147215 -0.391627761
1561000523.396509886 -12215.440781 -293.371728 19280.097034 -0.353999464 0.849408673 0.038545587 -0.389491366
1561000523.495098352 -12250.493334 -296.722166 19327.189063 -0.367728080 0.845933116 0.084055823 -0.376971937
1561000523.596357584 -12287.399885 -298.275153 19374.385103 -0.357839221 0.857400825 0.098394639 -0.356557727
1561000523.695025206 -12324.603001 -299.254901 19419.979634 -0.339802355 0.880501548 0.121479079 -0.307399118
1561000523.796582937 -12363.049789 -300.189708 19466.768542 -0.335429521 0.900366232 0.046855608 -0.273189012
1561000523.896729231 -12401.374671 -301.532689 19512.801714 -0.342667218 0.902306900 -0.006019577 -0.261505642
1561000523.995348454 -12438.759929 -302.506938 19558.667511 -0.348244335 0.903496640 -0.005842807 -0.249771026
1561000524.096738815 -12477.254466 -303.469381 19605.972418 -0.357189491 0.902448220 -0.001141285 -0.240835164
1561000524.196661472 -12515.250093 -304.380900 19652.742607 -0.364167651 0.903775196 0.004824319 -0.224831143
1561000524.296202421 -12553.159524 -305.253504 19699.482861 -0.367142559 0.907584522 0.005158445 -0.203642006
1561000524.396665096 -12591.482433 -306.099730 19746.807108 -0.363319843 0.915960845 0.001209333 -0.170331913
1561000524.495339155 -12629.187391 -306.898347 19793.437440 -0.351730917 0.920786888 -0.012095740 -0.168197986
1561000524.596513987 -12667.915362 -307.682151 19841.401560 -0.341355617 0.918990060 -0.027523945 -0.195386910
1561000524.695302248 -12705.792851 -308.409292 19888.380645 -0.343055357 0.908772210 -0.036042750 -0.234834009
1561000524.796665430 -12744.718188 -309.113291 19936.732774 -0.337313097 0.913896837 0.001813145 -0.225852071
1561000524.898305655 -12783.810567 -309.779784 19985.369595 -0.365056265 0.914692726 0.059610843 -0.162842522
1561000524.996699333 -12821.714815 -310.396935 20032.603054 -0.335246950 0.932862703 0.000583998 -0.131819263
1561000525.097917080 -12860.775936 -310.998964 20081.344225 -0.317051455 0.928953249 -0.131331993 -0.138838556
1561000525.198131084 -12899.524788 -311.544540 20129.742344 -0.215760733 0.933251479 -0.253399396 -0.135195154
1561000525.298218012 -12938.299216 -312.023460 20178.202228 -0.177227453 0.945934818 -0.261119989 -0.074927305
1561000525.398320675 -12977.155869 -312.434441 20226.791440 -0.309788613 0.933032848 -0.118929521 -0.139055702
1561000525.497171164 -13015.601035 -312.788433 20274.908039 -0.490890040 0.852990437 0.033345867 -0.174133097
1561000525.598359585 -13055.029516 -313.122058 20324.316741 -0.559990958 0.815569602 0.030526531 -0.142563955
1561000525.697935820 -13093.908944 -313.430779 20373.091708 -0.467196947 0.879188609 -0.060907893 -0.071025565
1561000525.796989918 -13132.674121 -313.705374 20421.752680 -0.238967769 0.949054253 -0.205375894 0.003342437
1561000525.897891998 -13172.254330 -313.930734 20471.451422 -0.215894708 0.947287880 -0.236373193 -0.012761723
1561000525.996589661 -13211.056824 -314.090880 20520.185302 -0.308303604 0.930294543 -0.197487456 -0.022352990
1561000526.097718239 -13250.910008 -314.199401 20570.248263 -0.391710244 0.906998442 -0.154495919 -0.006922533
1561000526.197169304 -13290.202782 -314.260957 20619.613137 -0.412308457 0.895000423 -0.168817561 -0.021831427
1561000526.296564817 -13329.575270 -314.278986 20669.081490 -0.392048481 0.896944895 -0.203805987 -0.015841808
1561000526.397852421 -13369.801961 -314.248129 20719.622309 -0.351448685 0.903649588 -0.244726705 -0.003175431
1561000526.496739626 -13409.177416 -314.164530 20769.086812 -0.318747449 0.904306341 -0.283795843 0.009488123
1561000526.598039865 -13449.617808 -314.018864 20819.876844 -0.309100531 0.900595349 -0.305439413 0.009573023
1561000526.697687387 -13489.501707 -313.813672 20869.951433 -0.315258026 0.894713492 -0.316229955 0.009937792
1561000526.798261642 -13529.861721 -313.543343 20920.603689 -0.336613050 0.883021927 -0.326853108 0.011444546
1561000526.897933722 -13569.966211 -313.213213 20970.910997 -0.345862236 0.873980814 -0.341162337 0.012046176
1561000526.996861219 -13609.878283 -312.824177 21020.948208 -0.347176838 0.868099198 -0.354627221 0.010562216
1561000527.097368240 -13650.537442 -312.365340 21071.890000 -0.335347879 0.866189307 -0.370399481 0.007880989
1561000527.196748257 -13690.849477 -311.846910 21122.362052 -0.326129552 0.861376785 -0.389294788 0.010914124
1561000527.298029423 -13732.043655 -311.250823 21173.900289 -0.324824916 0.856035723 -0.401273337 0.025909906
1561000527.398228645 -13772.909233 -310.593353 21224.984820 -0.311119830 0.850182331 -0.422124521 0.046961092
1561000527.497802734 -13813.631055 -309.872724 21275.841841 -0.302956291 0.841599525 -0.443546296 0.056519097
1561000527.597693682 -13854.594195 -309.081858 21326.948234 -0.294617918 0.833798955 -0.462304818 0.065221470
1561000527.697875261 -13895.788894 -308.219686 21378.286638 -0.289590796 0.824761637 -0.481262895 0.065509074
1561000527.797972202 -13937.061061 -307.288616 21429.661281 -0.290228237 0.814341600 -0.498407298 0.064849777
1561000527.897967577 -13978.403696 -306.289194 21481.059261 -0.295242191 0.804434643 -0.511227947 0.066052555
1561000527.996791124 -14019.373150 -305.233942 21531.926376 -0.304278572 0.793594940 -0.520667643 0.080788787
1561000528.097444296 -14061.217402 -304.091935 21583.805567 -0.308369043 0.783672372 -0.532933126 0.082148834
1561000528.198279381 -14103.255682 -302.880421 21635.846748 -0.313237942 0.768186056 -0.549889946 0.096918640
1561000528.296730518 -14144.415475 -301.633721 21686.720761 -0.319101148 0.756414459 -0.560549482 0.108608942
1561000528.397976637 -14186.864232 -300.287559 21739.101063 -0.313767504 0.752752220 -0.568767930 0.106850787
1561000528.496695757 -14228.371106 -298.912580 21790.232931 -0.314139221 0.744658433 -0.579441100 0.105111275
1561000528.597892284 -14271.039998 -297.439625 21842.706393 -0.319543318 0.732000874 -0.591606539 0.109856681
1561000528.699212551 -14313.883638 -295.901713 21895.301512 -0.301048251 0.724993196 -0.607963283 0.118892650
1561000528.788869381 -14351.896374 -294.488200 21941.887151 -0.287135794 0.717414267 -0.620579574 0.133232122
1561000528.891527176 -14395.536365 -292.808836 21995.277167 -0.293016086 0.705889906 -0.629410362 0.140369550
1561000528.989219189 -14437.180204 -291.151809 22046.131145 -0.283683570 0.697834959 -0.641593131 0.144596875
1561000529.090054989 -14480.282366 -289.382473 22098.667089 -0.287027458 0.686057798 -0.649124940 0.159927323
1561000529.188817978 -14522.615143 -287.593019 22150.165874 -0.280875171 0.681912245 -0.653327278 0.171079796
1561000529.290014744 -14566.111044 -285.701787 22202.977120 -0.276514213 0.686083609 -0.653484517 0.160583802
1561000529.390196085 -14609.289649 -283.770884 22255.302082 -0.275479041 0.690592547 -0.652632670 0.145821227
1561000529.489218712 -14652.084513 -281.803422 22307.065452 -0.275464181 0.694856805 -0.650954594 0.132482539
1561000529.589970112 -14695.744201 -279.740528 22359.777666 -0.273557805 0.699619706 -0.646876754 0.131334913
1561000529.688942194 -14738.747855 -277.653388 22411.602950 -0.265867135 0.700323508 -0.650215756 0.126811360
1561000529.789987087 -14782.768703 -275.459385 22464.558875 -0.250411492 0.698489628 -0.657972361 0.128369378
1561000529.891023636 -14826.900399 -273.200580 22517.553682 -0.237143918 0.696667959 -0.663464770 0.135022281
1561000529.989235163 -14869.906689 -270.942081 22569.107121 -0.239242938 0.695320355 -0.662568063 0.142463969
1561000530.091095209 -14914.624263 -268.534535 22622.617888 -0.259800214 0.695673469 -0.653911545 0.144713388
1561000530.191265583 -14958.714550 -266.102827 22675.283593 -0.256075520 0.695178193 -0.659142029 0.129168078
1561000530.289126635 -15022.827121 -266.939273 22702.418283 -0.181738720 0.522729837 -0.777131740 0.299651154
1561000530.390940666 -15064.891393 -262.592184 22758.896665 -0.162805837 0.559673632 -0.768421961 0.264173001
1561000530.489158392 -15102.580671 -260.647376 22816.692054 -0.185400267 0.621017694 -0.728656004 0.221414073
1561000530.590880394 -15129.964527 -255.751028 22890.295788 -0.253662462 0.725491481 -0.634756248 0.080012319
1561000530.691036463 -15174.519396 -252.958321 22943.331964 -0.226691956 0.726196396 -0.645990332 0.062817525
1561000530.789175749 -15218.280275 -250.152274 22995.349187 -0.179207391 0.721318804 -0.664548398 0.077196633
1561000530.891134977 -15263.846983 -247.164896 23049.436199 -0.152213036 0.718663272 -0.671590256 0.096544403
1561000530.989231825 -15306.025951 -244.730718 23103.571014 -0.123000481 0.757909561 -0.638654540 0.050639492
1561000531.091100454 -15348.559277 -242.813597 23162.586801 -0.146635611 0.768627959 -0.622488176 -0.014748881
1561000531.191185236 -15382.072891 -248.540926 23236.587741 -0.307132383 0.711331289 -0.621101393 -0.117943020
1561000531.291087627 -15431.464674 -260.791500 23283.144803 -0.319606640 0.728508648 -0.604902450 -0.034925234
1561000531.391087532 -15477.035348 -258.074509 23337.241867 -0.291756773 0.727275659 -0.618689190 -0.056318618
1561000531.489417791 -15522.410903 -255.930525 23390.069587 -0.257174524 0.711498407 -0.650969987 -0.062204160
1561000531.591141701 -15569.108812 -256.815552 23444.942711 -0.237738108 0.715018029 -0.655745350 -0.047200069
1561000531.691914320 -15614.617238 -247.988596 23500.407574 -0.231956923 0.644434783 -0.724070300 -0.081375650
1561000531.789296389 -15659.336364 -245.081854 23553.263394 -0.253443865 0.650947088 -0.708511980 -0.100224103
1561000531.891096592 -15706.915140 -242.776936 23607.834319 -0.245490309 0.649574638 -0.705693381 -0.140656143
1561000531.989277601 -15752.951122 -239.912810 23660.482606 -0.245117486 0.626380351 -0.722243959 -0.161024028
1561000532.090771914 -15799.503314 -235.723803 23715.715329 -0.271514804 0.605044760 -0.733101428 -0.150873607
1561000532.192172766 -15846.343565 -232.190510 23770.991410 -0.242356329 0.613748922 -0.737030627 -0.146155828
1561000532.289639711 -15892.124040 -226.996552 23822.694963 -0.204709139 0.586660064 -0.768749866 -0.151485251
1561000532.390635490 -15939.211147 -223.663815 23877.436413 -0.194109749 0.587488448 -0.770918357 -0.151207195
1561000532.488828421 -15985.086633 -220.366615 23930.678022 -0.186656963 0.580631005 -0.774603893 -0.167378680
1561000532.589179039 -16032.065810 -216.938452 23985.108941 -0.174286327 0.570718451 -0.778080157 -0.196203963
1561000532.692357063 -16080.467287 -213.352333 24041.092133 -0.148626092 0.568542621 -0.780086186 -0.214790864
1561000532.790901661 -16126.785312 -209.869068 24094.576952 -0.128056561 0.566172438 -0.780268903 -0.232874915
1561000532.890988588 -16173.915399 -206.273138 24148.912753 -0.103022128 0.565052610 -0.782396099 -0.240745368
1561000532.989258528 -16220.271630 -202.685287 24202.274020 -0.092919327 0.559202378 -0.785396219 -0.248619145
1561000533.089458942 -16267.619444 -198.969411 24256.693600 -0.059515421 0.543217606 -0.796423505 -0.259002216
1561000533.189775705 -16315.099568 -195.193013 24311.183165 -0.021399002 0.541713229 -0.793918437 -0.275285989
1561000533.290858269 -16363.015782 -191.333873 24366.091983 -0.001559556 0.542155476 -0.792942371 -0.278042092
1561000533.390959501 -16410.536077 -187.457493 24420.471581 0.023701356 0.556640918 -0.769420630 -0.312379622
1561000533.490810871 -16457.999295 -183.535100 24474.720355 0.032911902 0.538545656 -0.771134364 -0.337989903
1561000533.591008425 -16505.684724 -179.544569 24529.161543 0.045429110 0.514969818 -0.786294446 -0.338353848
1561000533.691063643 -16553.360045 -175.511158 24583.525403 0.105826551 0.476349805 -0.797535081 -0.354724397
1561000533.791073084 -16601.066937 -171.440216 24637.859134 0.139596357 0.450920628 -0.799733949 -0.370956945
1561000533.891024351 -16648.795057 -167.337707 24692.154124 0.160103227 0.458426971 -0.777913054 -0.398826966
1561000533.989145756 -16695.692662 -163.278000 24745.448935 0.174874348 0.460117186 -0.762974016 -0.419024807
1561000534.091341734 -16744.579660 -159.015955 24800.951704 0.194843199 0.453865594 -0.750807362 -0.438554963
1561000534.191570759 -16792.563803 -154.804894 24855.381685 0.232735105 0.417861789 -0.758193170 -0.443135435
1561000534.289080143 -16839.279230 -150.685236 24908.329149 0.268219763 0.382382480 -0.762766481 -0.447246122
1561000534.391014338 -16888.146306 -146.362861 24963.672331 0.295746990 0.351312298 -0.763211652 -0.454556225
1561000534.489366055 -16935.325034 -142.184844 25017.062951 0.314873159 0.336302395 -0.752069806 -0.471324305
1561000534.589595079 -16983.432342 -137.923981 25071.464803 0.325823940 0.340093651 -0.735899821 -0.486442722
1561000534.691000938 -17032.132181 -133.612099 25126.497439 0.353019687 0.329904075 -0.717672704 -0.501484090
1561000534.791192770 -17080.273209 -129.353677 25180.864516 0.382763212 0.326849691 -0.683503833 -0.528662570
1561000534.890862703 -17128.185232 -125.123782 25234.942520 0.391637271 0.290916087 -0.702549210 -0.518085597
1561000534.988811255 -17175.292394 -120.977117 25288.080548 0.403929039 0.264050429 -0.699704547 -0.526813297
1561000535.090504169 -17224.226381 -116.688479 25343.242235 0.423948815 0.233697877 -0.701594738 -0.522893419
1561000535.190751076 -17272.491184 -112.482440 25397.612166 0.435466558 0.240955063 -0.682908793 -0.534738362
1561000535.290790558 -17320.680897 -108.308554 25451.863166 0.428882166 0.250570945 -0.672775746 -0.548312945
1561000535.390963316 -17368.958350 -104.151281 25506.179646 0.444939471 0.240101289 -0.649028910 -0.568455550
1561000535.489432335 -17416.437717 -100.088979 25559.566994 0.483148781 0.222267555 -0.624662721 -0.571804927
1561000535.591537714 -17465.692913 -95.908239 25614.922592 0.494642391 0.205193865 -0.625781340 -0.567117358
1561000535.691491365 -17513.932436 -91.851016 25669.110316 0.513511782 0.187191447 -0.608809475 -0.574992205
1561000535.791290998 -17562.121326 -87.840332 25723.215511 0.539964140 0.126353495 -0.619357626 -0.555760427
1561000535.891051292 -17610.318106 -83.879576 25777.303886 0.570709912 0.107324647 -0.602872067 -0.547098609
1561000535.988985300 -17657.658777 -80.044209 25830.410749 0.601491187 0.107943344 -0.573011212 -0.546090412
1561000536.090637684 -17706.821667 -76.121809 25885.547030 0.635525384 0.118896069 -0.536405638 -0.542439124
1561000536.191461325 -17755.605678 -72.292680 25940.251935 0.666088327 0.127113803 -0.500689300 -0.538032198
1561000536.291564226 -17804.060162 -68.554552 25994.588015 0.689416887 0.107491415 -0.483039920 -0.528982408
1561000536.390832663 -17852.130115 -64.913906 26048.497146 0.702623677 0.088803270 -0.474147277 -0.523085372
1561000536.491059303 -17900.686072 -61.309498 26102.956046 0.726714038 0.058775135 -0.455954699 -0.510428744
1561000536.589661837 -17948.479445 -57.837724 26156.565328 0.750815585 0.035268058 -0.428250894 -0.501630634
1561000536.691823959 -17998.025654 -54.322524 26212.150435 0.765660829 0.036590045 -0.404468309 -0.498828679
1561000536.791499615 -18046.393436 -50.974971 26266.426120 0.782775857 0.022438540 -0.376178869 -0.495225129
1561000536.891531229 -18094.963146 -47.699332 26320.942479 0.805908088 0.006181876 -0.334307864 -0.488581816
1561000536.991193771 -18143.386436 -44.522070 26375.309600 0.820785980 0.001578563 -0.301024984 -0.485481042
1561000537.091233730 -18192.500000 -41.790660 26429.644034 0.832100817 -0.008979975 -0.279671590 -0.478864691
1561000537.191085577 -18240.892914 -39.090143 26484.285394 0.845515033 -0.012326713 -0.255065678 -0.468928440
1561000537.291239023 -18289.690616 -36.199741 26539.091788 0.860308726 -0.008410718 -0.228509439 -0.455611228
1561000537.391211987 -18338.440263 -33.406095 26593.865876 0.870874149 -0.013258439 -0.202434449 -0.447685967
1561000537.489401817 -18386.360328 -30.752355 26647.730510 0.873258088 -0.021053188 -0.193880095 -0.446528368
1561000537.591160297 -18436.065854 -28.097072 26703.624654 0.877059856 -0.039793579 -0.175908662 -0.445239961
1561000537.690526485 -18484.649485 -25.598713 26758.277064 0.887547999 -0.055131946 -0.133982472 -0.437341646
1561000537.789438248 -18533.060879 -23.205703 26812.752911 0.895277039 -0.037889479 -0.121520294 -0.426938202
1561000537.891235113 -18582.937233 -20.840752 26868.897760 0.904997277 -0.044518245 -0.099277227 -0.411268875
1561000537.989338636 -18631.056937 -18.655874 26923.085445 0.911511367 -0.056481687 -0.071981809 -0.400968161
1561000538.090492725 -18680.731363 -16.500147 26979.043433 0.912771503 -0.076280000 -0.057189136 -0.397188805
1561000538.190147161 -18729.732141 -14.472712 27034.257648 0.910440284 -0.098038059 -0.048384245 -0.398931063
1561000538.292117596 -18779.940347 -12.497126 27090.843827 0.907615335 -0.109403577 -0.050071813 -0.402191589
1561000538.392271042 -18829.323882 -10.654286 27146.507864 0.905532473 -0.127419574 -0.022388881 -0.404071689
1561000538.489522934 -18877.346081 -8.957080 27200.641536 0.912364488 -0.107159914 -0.034346201 -0.393609110
1561000538.591930866 -18927.986247 -7.268122 27257.733653 0.912687799 -0.102935183 -0.004246252 -0.395458341
1561000538.690420628 -18976.758552 -5.738641 27312.728258 0.920188532 -0.094783844 0.037551297 -0.377966914
1561000538.789849520 -19026.068717 -4.288682 27368.335273 0.915501969 -0.135741036 0.047483627 -0.375733709
1561000538.890926123 -19076.274743 -2.910972 27424.956888 0.941072331 -0.094087914 0.080658424 -0.314681667
1561000538.989030600 -19125.079934 -1.664815 27480.010940 0.944715374 -0.075115944 0.091068403 -0.305903585
1561000539.090915918 -19175.842090 -0.464094 27537.294123 0.949643469 -0.051887510 0.093531849 -0.294511056
1561000539.189598799 -19225.081763 0.608520 27592.881999 0.947594785 -0.102801649 0.091072084 -0.288447258
1561000539.290949345 -19275.731208 1.618936 27650.083378 0.952801817 -0.092641124 0.150726933 -0.246713823
1561000539.391158104 -19325.892335 2.530212 27706.756181 0.953515103 -0.093943893 0.201987233 -0.202940019
1561000539.489357710 -19375.133473 3.343957 27762.411627 0.933729249 -0.125562596 0.291177419 -0.166130778
1561000539.591303587 -19426.359252 4.112835 27820.315124 0.927076560 -0.141500526 0.319208853 -0.136427130
1561000539.689919233 -19476.024209 4.788749 27876.448148 0.923696143 -0.165232971 0.321799277 -0.126209056
1561000539.789888620 -19526.487018 5.407799 27933.472817 0.906357982 -0.202338862 0.354937533 -0.107673306
1561000539.891501904 -19577.907222 5.974117 27991.557817 0.898295044 -0.226815124 0.372873447 -0.050855732
1561000539.991263151 -19628.521022 6.477705 28048.707058 0.881504802 -0.253449899 0.396653615 0.037126038
1561000540.091224670 -19679.369720 6.944250 28106.099885 0.881975969 -0.237196543 0.388748248 0.121371285
1561000540.189301252 -19729.389631 7.378220 28162.542053 0.862411553 -0.258475154 0.390524509 0.192165333
1561000540.290967464 -19781.376048 7.817701 28221.190324 0.835862808 -0.292145478 0.403807962 0.230051116
1561000540.390894651 -19832.608479 8.249930 28278.974038 0.816045113 -0.312255289 0.404745357 0.269718749
1561000540.488974094 -19883.024085 8.683914 28335.821371 0.785269882 -0.334205340 0.416681583 0.313104554
1561000540.590953588 -19935.581780 9.155247 28395.064362 0.748129846 -0.349934574 0.423378386 0.372287885
1561000540.689602613 -19986.554561 9.641698 28452.501021 0.723785394 -0.369835737 0.398139327 0.425254403
1561000540.791321993 -20039.241384 10.186691 28511.857075 0.697203354 -0.377948767 0.356763600 0.493742793
1561000540.891599417 -20091.297400 10.777551 28570.502688 0.657298692 -0.389908531 0.321382607 0.559144871
1561000540.993315697 -20144.206539 11.442949 28630.119366 0.607804159 -0.397148915 0.297542163 0.619931856
1561000541.091596365 -20195.449007 12.149542 28687.832797 0.556178030 -0.408645150 0.272965129 0.670197865
1561000541.189507008 -20246.549025 12.938597 28745.442122 0.495324306 -0.432309970 0.256421645 0.708526542
1561000541.291343689 -20299.770158 13.845701 28805.466106 0.420617543 -0.431518715 0.214671300 0.768627812
1561000541.391256571 -20352.043543 14.823330 28864.449021 0.342779595 -0.443827685 0.167003318 0.810943295
1561000541.490763664 -20404.145441 15.882336 28923.273272 0.296727978 -0.447211893 0.094465137 0.838469062
1561000541.589960814 -20456.111041 17.018413 28981.990229 0.292865546 -0.457468402 0.073274878 0.836410919
1561000541.689352512 -20508.199135 18.234389 29040.897862 0.284615855 -0.446837271 0.103789405 0.841758889
1561000541.790982485 -20561.484335 19.559979 29101.206711 0.228239427 -0.378045374 0.138519814 0.886454015
1561000541.891381025 -20614.151219 20.951589 29160.845638 0.171770367 -0.382418992 0.097071271 0.902678140
1561000541.991471052 -20666.676576 22.413638 29220.347619 0.144834476 -0.452984053 0.043722894 0.878587919
1561000542.091524839 -20719.192579 23.944249 29279.879998 0.199878405 -0.475508406 0.046118559 0.855460962
1561000542.189532757 -20770.645041 25.512869 29338.256262 0.258987596 -0.446104665 0.184970706 0.836481853
1561000542.291278839 -20824.093370 27.224976 29398.921146 0.295387970 -0.362309150 0.329098723 0.820470631
1561000542.391326427 -20876.712741 28.999150 29458.633357 0.361551290 -0.390416020 0.333579235 0.778190780
1561000542.489293098 -20928.303123 30.825335 29517.171606 0.371966980 -0.388245365 0.158760775 0.828070721
1561000542.591140032 -20981.976884 32.812879 29578.109774 0.288563598 -0.319957880 -0.124337144 0.893811098
1561000542.689396620 -21033.761050 34.795733 29636.966595 0.224449646 -0.226147051 -0.290927553 0.902131380
1561000542.792573690 -21088.125704 36.925389 29698.816152 0.271349114 -0.205721331 -0.279906446 0.897608363
1561000542.892575979 -21140.807093 39.039021 29758.808040 0.352235770 -0.277316843 -0.100280593 0.888239345
1561000542.992678642 -21193.544966 41.223207 29818.922215 0.387833807 -0.315085520 0.152263591 0.852714403
1561000543.092681885 -21246.266708 43.493539 29879.049572 0.390240974 -0.286657310 0.244578187 0.840072068
1561000543.193380594 -21299.412791 45.874660 29939.666712 0.382332215 -0.253434078 0.172865008 0.871613982
1561000543.293582916 -21352.347141 48.337670 30000.052573 0.390189191 -0.209016553 0.096001963 0.891542539
1561000543.393408775 -21405.122803 50.882657 30060.275703 0.389719219 -0.137951832 0.066902779 0.908081627
1561000543.492574692 -21457.590407 53.500578 30120.160555 0.406654196 -0.123440186 0.120499246 0.897148158
1561000543.592602015 -21510.564050 56.233418 30180.626687 0.424511846 -0.098357078 0.162652957 0.885245499
1561000543.691095114 -21562.785624 59.015980 30240.227788 0.427990650 -0.065281106 0.203940173 0.878049421
1561000543.792948484 -21616.861934 61.988664 30301.925716 0.411812143 -0.012838521 0.218334370 0.884633277
1561000543.891624212 -21669.330319 64.959744 30361.758298 0.428234461 0.003391081 0.222214643 0.875913466
1561000543.992851019 -21723.239398 68.100018 30423.201820 0.466728983 -0.007472539 0.239193758 0.851407402
1561000544.092876196 -21776.595473 71.294276 30483.988016 0.503145013 0.006307981 0.280914280 0.817246886
1561000544.192665577 -21829.920514 74.568014 30544.711271 0.534991090 0.013934378 0.310876303 0.785459287
1561000544.292612791 -21883.431707 77.930228 30605.617475 0.542544500 0.035783343 0.300615066 0.783578713
1561000544.392565727 -21937.048160 81.374894 30666.617669 0.541446816 0.042110207 0.281954563 0.790925850
1561000544.492531061 -21977.143177 76.030085 30741.605311 0.621203714 0.275390566 0.203643538 0.704837067
1561000544.592533827 -22031.002938 79.520524 30803.415638 0.623624049 0.295235207 0.189862013 0.698485243
1561000544.691058874 -22084.160500 83.032104 30864.425716 0.646197481 0.281673434 0.190125263 0.683331015
1561000544.791332722 -22138.355512 86.679275 30926.636385 0.658617853 0.292959857 0.197985320 0.664228017
1561000544.891206026 -22192.429330 90.381769 30988.721531 0.670196355 0.298744540 0.200344863 0.649192176
1561000544.991619825 -22246.892008 94.172054 31051.269089 0.690878577 0.297324954 0.195894788 0.629213712
1561000545.092017889 -22301.439347 98.027802 31113.938039 0.706088300 0.300875021 0.180289480 0.615149769
1561000545.191143274 -22355.382794 101.897326 31175.944775 0.719604244 0.301632590 0.176084223 0.600151529
1561000545.293280602 -22411.053723 105.948186 31239.975672 0.725529434 0.316347523 0.175240289 0.585510142
1561000545.391103029 -22464.453887 109.888092 31301.436160 0.717460713 0.329345285 0.137027017 0.598335528
1561000545.493682623 -22520.532701 114.085551 31366.025418 0.719436403 0.347309590 0.128822707 0.587530442
1561000545.593706608 -22575.293787 118.243684 31429.143900 0.724304547 0.353606616 0.122917894 0.578996093
1561000545.691145897 -22628.713918 122.355318 31490.763864 0.740867137 0.355151699 0.132988860 0.554343864
1561000545.793059587 -22684.664379 126.716315 31555.357462 0.757574495 0.362377716 0.142780922 0.523809969
1561000545.892434597 -22739.296597 131.023873 31618.488204 0.774591110 0.360930609 0.146724320 0.498206466
1561000545.992504597 -22794.382554 135.412448 31682.209906 0.780599658 0.364647088 0.123084164 0.492490572
1561000546.093986988 -22850.316775 139.915045 31746.984890 0.760262032 0.397816394 0.122883970 0.498641443
1561000546.192507982 -22904.687579 144.338309 31810.017195 0.748747944 0.432544692 0.121415521 0.487380628
1561000546.292543888 -22959.962844 148.882959 31874.167020 0.775231853 0.423572037 0.112484139 0.454917159
1561000546.391776323 -23014.857174 153.442553 31937.949856 0.785619456 0.430498551 0.104923535 0.431814913
1561000546.492941141 -23070.881409 158.138598 32003.130230 0.801065364 0.417641166 0.082875038 0.420715899
1561000546.593087912 -23126.398517 162.833063 32067.809773 0.791727512 0.434521357 0.074233525 0.422904388
1561000546.691426754 -23180.966914 167.488420 32131.470490 0.776399147 0.454961823 0.056700479 0.432433994
1561000546.792891979 -23237.325199 172.342720 32197.307576 0.769765801 0.473832972 0.057831548 0.423790560
1561000546.890928745 -23291.832141 177.083126 32261.066378 0.778690623 0.474522692 0.064880830 0.405289535
1561000546.993952751 -23349.167997 182.114839 32328.225639 0.804093799 0.456003874 0.065244597 0.375814810
1561000547.094208479 -23405.016325 187.054429 32393.738271 0.830274481 0.436899085 0.074270945 0.338004887
1561000547.192385674 -23459.754786 191.926190 32458.046718 0.848420123 0.430344862 0.071999707 0.299670882
1561000547.294580460 -23516.780792 197.027780 32525.150406 0.828763232 0.468333805 0.090153541 0.292723918
1561000547.392252684 -23571.332026 201.930732 32589.442512 0.816129681 0.494792759 0.129973109 0.268736787
1561000547.493797541 -23628.101486 207.052760 32656.448810 0.785483733 0.536244697 0.134109438 0.278337187
1561000547.597008467 -23685.861550 212.283243 32724.727223 0.823057288 0.498858185 0.172608325 0.209579525
1561000547.695728779 -23741.163121 217.299055 32790.199869 0.821080778 0.510472161 0.199984185 0.158905173
1561000547.797153473 -23798.033637 222.454043 32857.634865 0.811689667 0.527610581 0.221277313 0.117572572
1561000547.895740747 -23853.366194 227.459776 32923.347750 0.792169180 0.549105436 0.246759237 0.100304983
1561000547.996977329 -23910.242040 232.592101 32990.995110 0.761048757 0.578001396 0.280795317 0.088730861
1561000548.096854687 -23966.414214 237.645185 33057.901425 0.729758235 0.599724911 0.319814791 0.074171751
1561000548.195357800 -24021.875582 242.615051 33124.049474 0.716281184 0.600793245 0.353091484 0.036264955
1561000548.296699762 -24079.000552 247.707333 33192.270655 0.717964051 0.598543866 0.355337854 0.002805488
1561000548.395435810 -24134.716761 252.643078 33258.898923 0.741095425 0.576847192 0.341742802 -0.035167406
1561000548.496557474 -24191.835184 257.666704 33327.299877 0.750686591 0.567837499 0.330653130 -0.068547239
1561000548.596608400 -24248.399246 262.602494 33395.136855 0.746871138 0.568490726 0.332327859 -0.092520223
1561000548.695360184 -24304.274806 267.437618 33462.247901 0.742995289 0.569920468 0.330479335 -0.118034191
1561000548.796924591 -24361.786985 272.370859 33531.430337 0.721208734 0.585512089 0.345541944 -0.132794280
1561000548.895633221 -24417.725925 277.124408 33598.822488 0.700379354 0.593998564 0.366107696 -0.150331703
1561000548.996606350 -24474.992807 281.942176 33667.918085 0.684665611 0.597687983 0.380237885 -0.171526172
1561000549.096795321 -24531.859536 286.674295 33736.633166 0.665907470 0.600165988 0.396042464 -0.198792342
1561000549.195947409 -24588.179505 291.306549 33804.787750 0.661789959 0.596485228 0.394091468 -0.225679725
1561000549.296628714 -24645.407351 295.955720 33874.144785 0.654922371 0.597053949 0.390883096 -0.248623560
1561000549.395450354 -24701.613481 300.463716 33942.367232 0.641123258 0.604379452 0.397760975 -0.255876246
1561000549.495580912 -24758.598628 304.973932 34011.641074 0.609730672 0.610453975 0.429954509 -0.265920236
1561000549.597306252 -24816.528460 309.493058 34082.169132 0.579556634 0.605209891 0.462923576 -0.289027436
1561000549.695505857 -24872.487215 313.790188 34150.393762 0.559881490 0.587599075 0.490126539 -0.317861635
1561000549.796905994 -24930.306071 318.154913 34220.982375 0.576805394 0.547064336 0.516299865 -0.318513108
1561000549.895715952 -24984.293692 323.240555 34290.763527 0.558826039 0.466321267 0.606163769 -0.320660911
1561000549.997318029 -25042.366245 327.423175 34361.755125 0.569645150 0.466814809 0.623517196 -0.262325455
1561000550.097015619 -25099.521152 328.659216 34430.969563 0.528559391 0.407543903 0.656028891 -0.352362075
1561000550.196200848 -25158.779694 335.162315 34500.571217 0.536385182 0.411382895 0.676539622 -0.292145838
1561000550.296714306 -25216.559799 339.124685 34571.245717 0.553189498 0.404543410 0.668575083 -0.288675194
1561000550.395317793 -25273.437464 342.738131 34640.621679 0.560878549 0.375421310 0.698828256 -0.236882171
1561000550.496471643 -25331.750029 346.476115 34711.947834 0.563403366 0.355815745 0.710886128 -0.224972700
1561000550.596274137 -25389.367620 350.067778 34782.428434 0.565279774 0.346510728 0.710263159 -0.236464239
1561000550.694962025 -25446.386219 353.538609 34852.212146 0.529734590 0.330917905 0.728948008 -0.280195299
1561000550.796441078 -25508.553984 355.622977 34920.987809 0.391543787 0.487415564 0.698714088 -0.347732877
1561000550.895499229 -25565.956038 358.750567 34991.031753 0.392754998 0.476824079 0.711473310 -0.334944829
1561000550.996882677 -25624.763596 361.854790 35062.825709 0.303406637 0.444832089 0.787625069 -0.299525584
1561000551.095689535 -25682.139542 364.778606 35132.886652 0.271755551 0.417257865 0.828516795 -0.256134175
1561000551.196423054 -25740.703680 367.654780 35204.400111 0.289904311 0.436907863 0.796087809 -0.302177448
1561000551.296757936 -25799.099840 370.414513 35275.717433 0.259969133 0.433826036 0.790731090 -0.344899062
1561000551.395389080 -25856.559248 373.025677 35345.908199 0.245236070 0.427591525 0.791267033 -0.361830402
1561000551.497058153 -25915.841192 375.612207 35418.345883 0.216113614 0.408821939 0.818801052 -0.340182842
1561000551.596681118 -25973.986078 378.042553 35489.402732 0.183110273 0.351665055 0.882658029 -0.252422506
1561000551.695504189 -26031.732193 380.351224 35559.954932 0.181350338 0.309789732 0.897269606 -0.257001227
1561000551.796886921 -26091.050412 382.615504 35632.394541 0.164910846 0.322091078 0.877904613 -0.313600449
1561000551.896528482 -26149.413861 384.738363 35703.647851 0.144926974 0.348974527 0.823339120 -0.423468588
1561000551.996922016 -26208.262254 386.776667 35775.499002 0.120169295 0.355172145 0.801753690 -0.465406390
1561000552.096800804 -26266.842028 388.707012 35847.041142 0.075023513 0.324220394 0.825491259 -0.455869269
1561000552.195415497 -26324.712934 390.518379 35917.729331 0.050760460 0.299072677 0.856329294 -0.417946228
1561000552.296799898 -26384.247432 392.282553 35990.449514 0.035254327 0.283033063 0.871878352 -0.398092398
1561000552.396836758 -26443.031327 393.926459 36062.244754 -0.002685683 0.263733530 0.865388293 -0.426075715
1561000552.495916128 -26501.287340 395.463069 36133.390298 -0.041230542 0.248768844 0.857077803 -0.449256881
1561000552.595663548 -26559.963355 396.922273 36205.049827 -0.086677412 0.227242464 0.840371582 -0.484379492
1561000552.697080612 -26619.639822 398.322144 36277.940859 -0.131804424 0.215694384 0.821837527 -0.510574780
1561000552.797114372 -26678.511474 399.627247 36349.867936 -0.179692074 0.205290760 0.805843502 -0.525530886
1561000552.895707369 -26736.537380 400.846327 36420.788277 -0.211430184 0.185765898 0.804558123 -0.522947927
1561000552.998378754 -26796.963022 402.048855 36494.671779 -0.217035644 0.163444713 0.806956273 -0.524407217
1561000553.090428352 -26851.137569 403.071963 36560.932364 -0.261973254 0.104902587 0.824747471 -0.490058232
1561000553.190082788 -26909.787353 404.126487 36632.684436 -0.295117931 0.090047377 0.821954816 -0.478734955
1561000553.289964199 -26968.566421 405.132890 36704.618361 -0.368467747 0.151885521 0.765446206 -0.505227091
1561000553.389907122 -27027.368681 406.091698 36776.626194 -0.422392620 0.161218004 0.732951971 -0.508305655
1561000553.489955425 -27086.213232 407.004918 36848.750751 -0.448401382 0.150697949 0.738781853 -0.480028855
1561000553.589988947 -27145.028197 407.872839 36920.906969 -0.536722663 0.067380674 0.697927085 -0.469346794
1561000553.689998627 -27203.802692 408.709906 36993.088042 -0.520633747 0.011082964 0.731946171 -0.439400127
1561000553.790118933 -27262.615735 409.523484 37065.386132 -0.623890644 -0.026494682 0.668442219 -0.404034029
1561000553.890424252 -27321.509530 410.319074 37137.857903 -0.624169493 -0.021072406 0.667034248 -0.406243411
1561000553.990161896 -27380.040182 411.092785 37209.964662 -0.684130180 -0.034897326 0.595918249 -0.419081752
1561000554.090125322 -27438.670874 411.854573 37282.291052 -0.728971136 -0.030543102 0.554329747 -0.400483125
1561000554.190425873 -27497.465121 412.610198 37354.931626 -0.748959323 -0.012545346 0.539512122 -0.384485653
1561000554.290438652 -27556.057112 413.353216 37427.440068 -0.796465317 -0.038513491 0.482969188 -0.361801704
1561000554.389962435 -27614.330755 414.083888 37499.680085 -0.833718467 -0.021020650 0.426940542 -0.349561761
1561000554.490274668 -27673.037009 414.812268 37572.592763 -0.849956414 -0.055558971 0.405900022 -0.331258912
1561000554.590097189 -27731.428554 415.531619 37645.252730 -0.854894537 -0.121003548 0.393343327 -0.315902674
1561000554.690302134 -27790.015451 416.254822 37718.292959 -0.859709365 -0.158270569 0.380323848 -0.302000010
1561000554.790269613 -27848.435415 416.981544 37791.261887 -0.887588037 -0.166792683 0.323773413 -0.282025629
1561000554.889093876 -27906.162753 417.705633 37863.504274 -0.906802255 -0.165416094 0.278549970 -0.269735242
1561000554.989796638 -27964.966960 418.448134 37937.239611 -0.932545687 -0.193171102 0.148542593 -0.266418025
1561000555.090140820 -28023.551894 419.196182 38010.848263 -0.937594536 -0.222331504 0.060906739 -0.260337392
1561000555.190901995 -28082.382112 419.957902 38084.911657 -0.955460565 -0.190616875 0.026230195 -0.223768391
1561000555.290040016 -28140.273235 420.710511 38157.935006 -0.975109642 -0.123517270 0.035156222 -0.180744878
1561000555.389281034 -28198.234666 421.452035 38231.188492 -0.988786839 -0.082413715 -0.028648783 -0.121193288
1561000555.490064383 -28257.116331 422.178784 38305.741128 -0.988065783 -0.098192566 -0.082300124 -0.085503910
1561000555.589677572 -28315.343533 422.864779 38379.589391 -0.976221759 -0.154676888 -0.129861438 -0.078753690
1561000555.689058542 -28373.470341 423.518735 38453.426953 -0.958813959 -0.217213736 -0.161456909 -0.086172219
1561000555.789971113 -28432.533856 424.156059 38528.569127 -0.916633719 -0.288551990 -0.260728990 -0.092416273
1561000555.888713360 -28490.377372 424.755221 38602.259890 -0.907810563 -0.283702640 -0.299254666 -0.076416214
1561000555.989993334 -28549.765303 425.342319 38678.013354 -0.903329711 -0.295311869 -0.303770107 -0.067156944
1561000556.089356661 -28608.088443 425.886573 38752.498492 -0.909276057 -0.258598623 -0.325342677 -0.022269870
1561000556.189784288 -28667.097158 426.393338 38827.943936 -0.910511565 -0.248639923 -0.330353575 0.003659823
1561000556.289881229 -28725.971761 426.846812 38903.299563 -0.901788860 -0.254216147 -0.349201350 0.014471311
1561000556.390138388 -28784.998699 427.247287 38978.933662 -0.893913027 -0.272161554 -0.356155934 0.000734332
1561000556.489909649 -28843.796766 427.594197 39054.360478 -0.882918643 -0.292583581 -0.366981556 -0.013193055
1561000556.589202881 -28902.370038 427.891063 39129.585685 -0.866469726 -0.303543063 -0.395952523 -0.017703761
1561000556.689069748 -28961.341390 428.140765 39205.408306 -0.875556066 -0.290395201 -0.385741159 -0.016612047
1561000556.790139437 -29021.082835 428.342333 39282.311167 -0.883169347 -0.268769680 -0.384057800 -0.016564122
1561000556.889173508 -29079.678537 428.489444 39357.829307 -0.887711613 -0.256593784 -0.381207681 -0.028432841
1561000556.990823030 -29139.880988 428.590336 39435.512307 -0.889527138 -0.250375703 -0.379876250 -0.041803268
1561000557.089528561 -29198.398974 428.643690 39511.113117 -0.883613672 -0.255803328 -0.384151147 -0.078863381
1561000557.190953970 -29258.593281 428.659638 39588.971067 -0.877569547 -0.260296094 -0.386234857 -0.113755302
1561000557.290936947 -29317.998039 428.644303 39665.896030 -0.887022018 -0.241380505 -0.370615477 -0.132557760
1561000557.389054775 -29376.358907 428.604727 39741.555856 -0.877932424 -0.225213135 -0.398145361 -0.141400050
1561000557.490881205 -29436.999370 428.538412 39820.252679 -0.893051107 -0.211278053 -0.363912372 -0.159339546
1561000557.589173794 -29495.607578 428.449106 39896.389298 -0.901751823 -0.156785606 -0.382310342 -0.126888632
1561000557.690944910 -29556.366730 428.325663 39975.395085 -0.898233411 -0.159676368 -0.382639173 -0.145833670
1561000557.790779114 -29616.047016 428.179057 40053.068976 -0.884697950 -0.170872695 -0.372197789 -0.222667613
1561000557.889040232 -29674.863440 428.025745 40129.687711 -0.856095163 -0.194051436 -0.339738742 -0.337672474
1561000557.991403103 -29736.215531 427.881690 40209.681503 -0.818480521 -0.193718464 -0.317724360 -0.437737392
1561000558.089581966 -29795.136177 427.779320 40286.570151 -0.782520680 -0.176774809 -0.319661018 -0.504211152
1561000558.189455509 -29855.153282 427.724595 40364.944146 -0.758686295 -0.108204621 -0.314618536 -0.560091102
1561000558.292101622 -29916.921951 427.729689 40445.654506 -0.740005184 -0.025781248 -0.278102154 -0.611871594
1561000558.389118195 -29975.377936 427.798440 40522.083282 -0.732355067 0.031671524 -0.247712923 -0.633475555
1561000558.490890741 -30036.772937 427.939529 40602.408413 -0.724858684 0.126130750 -0.219424720 -0.640721245
1561000558.589215040 -30096.152863 428.141079 40680.159314 -0.718707106 0.213528781 -0.146308505 -0.645336639
1561000558.690546036 -30157.401174 428.411284 40760.441040 -0.702268366 0.238729202 -0.045857391 -0.669122269
1561000558.790532112 -30217.871231 428.735279 40839.808323 -0.663657609 0.281686798 0.013414791 -0.692842817
1561000558.888877153 -30277.368195 429.107021 40918.013244 -0.619373183 0.296503547 0.095787515 -0.720615889
1561000558.990609407 -30338.919425 429.541162 40999.049840 -0.591177142 0.300842783 0.154152176 -0.732284312
1561000559.090611458 -30399.416544 430.009580 41078.836241 -0.530283819 0.305136010 0.289727306 -0.736036123
1561000559.193162918 -30461.435075 430.517540 41160.777256 -0.440859666 0.329776942 0.345288610 -0.760043222
1561000559.293149233 -30521.873531 431.029045 41240.772423 -0.367135103 0.301712536 0.447367678 -0.757656600
1561000559.392329216 -30581.792150 431.542827 41320.210144 -0.320880789 0.347983262 0.425645903 -0.771212509
1561000559.492697239 -30642.394420 432.059659 41400.685452 -0.275989577 0.399428472 0.439731741 -0.755594233
1561000559.590387344 -30701.347449 432.554469 41479.100810 -0.216315486 0.442252141 0.435124316 -0.753848449
1561000559.692023277 -30762.649009 433.055301 41560.776551 -0.142104041 0.471112726 0.487416030 -0.721307739
1561000559.792010307 -30822.926418 433.520266 41641.219018 -0.072553064 0.480635960 0.568711628 -0.663545184
1561000559.892090797 -30883.238461 433.937823 41721.826681 0.002624381 0.500868306 0.609497089 -0.614522051
1561000559.992027044 -30943.451092 434.292738 41802.408854 0.072533008 0.526080944 0.609426227 -0.588708312
1561000560.090474129 -31002.760075 434.576397 41881.883611 0.149714348 0.554803394 0.592706318 -0.564338577
1561000560.190762997 -31063.176947 434.795749 41962.946741 0.225585571 0.578306465 0.586941698 -0.519780941
1561000560.291784525 -31124.041377 434.941881 42044.713329 0.276885763 0.589022756 0.605387782 -0.458139826
1561000560.390814066 -31183.723109 435.007448 42124.982394 0.303424444 0.604637424 0.623340828 -0.392165022
1561000560.492083311 -31244.784452 434.992392 42207.191775 0.343291516 0.618393431 0.623366919 -0.333397937
1561000560.590675831 -31304.270888 434.899115 42287.356615 0.399977660 0.633722018 0.603561021 -0.272265256
1561000560.691034317 -31364.871781 434.728517 42369.095211 0.456910830 0.641241115 0.579588772 -0.210045664
1561000560.792479277 -31426.186009 434.484913 42451.867558 0.508430248 0.636246922 0.556023120 -0.165912110
1561000560.890805721 -31485.675415 434.186566 42532.243189 0.574398461 0.633782242 0.506793264 -0.107457271
1561000560.992543936 -31547.293999 433.824441 42615.567906 0.624056477 0.641665655 0.437045230 -0.088375156
1561000561.090744734 -31606.827811 433.436099 42696.155203 0.690582502 0.644860775 0.326970316 0.018460784
1561000561.192399979 -31668.513050 433.017782 42779.747971 0.701004567 0.637540939 0.284827589 0.144939273
1561000561.292287350 -31729.190719 432.609984 42862.056862 0.695901292 0.628156908 0.263177204 0.227767535
1561000561.392443180 -31790.107800 432.215704 42944.754284 0.649164635 0.654870876 0.183924508 0.340442633
1561000561.492274284 -31850.904468 431.858024 43027.341971 0.708849026 0.560288129 0.061825602 0.424013992
1561000561.590674162 -31910.887987 431.557943 43108.889752 0.758963343 0.448154223 -0.043670649 0.470345949
1561000561.692195177 -31972.817922 431.308481 43193.166458 0.746711253 0.417923585 -0.109361606 0.505768940
1561000561.790434837 -32032.780973 431.130447 43274.847397 0.679343525 0.427143205 -0.180986759 0.568581437
1561000561.892125607 -32094.882812 431.022200 43359.511586 0.601790354 0.417232901 -0.262377701 0.628429008
1561000561.992264986 -32156.067298 430.997968 43442.975402 0.525628122 0.397823803 -0.308683620 0.685686314
1561000562.091627121 -32216.806432 431.056235 43525.861652 0.474179284 0.359861217 -0.321934935 0.736214513
1561000562.192142963 -32278.283693 431.197922 43609.768459 0.426670478 0.319985362 -0.319856065 0.783105209
1561000562.292351484 -32339.607090 431.419843 43693.468451 0.369216184 0.276398818 -0.317190708 0.828657443
1561000562.390352726 -32399.613848 431.711337 43775.362651 0.305845897 0.207547943 -0.318262961 0.872978136
1561000562.492361307 -32462.109018 432.086792 43860.636052 0.234334550 0.093807197 -0.315868298 0.914611801
1561000562.590413570 -32522.206645 432.507363 43942.623865 0.159403822 0.009609786 -0.340988209 0.926404401
1561000562.690644979 -32583.658358 432.984068 44026.448071 0.108210387 -0.061781133 -0.364541113 0.922812755
1561000562.790390253 -32644.823056 433.492462 44109.877683 0.054317384 -0.155181336 -0.382723584 0.909115522
1561000562.890161991 -32706.008402 434.022908 44193.342217 -0.039904503 -0.166973464 -0.413940456 0.893969122
1561000562.992275953 -32768.632287 434.573074 44278.778236 -0.134939631 -0.294182982 -0.400960464 0.857017138
1561000563.090291262 -32828.737635 435.089432 44360.804981 -0.167606509 -0.426747674 -0.366659412 0.809540213
1561000563.193505526 -32892.016795 435.614546 44447.221858 -0.157494359 -0.517864340 -0.277915651 0.793583608
1561000563.291882515 -32952.311857 436.105825 44529.637531 -0.100963170 -0.566784466 -0.140813211 0.805439909
1561000563.393382311 -33014.501448 436.623343 44614.723791 -0.080311411 -0.609203873 -0.154342726 0.773691826
1561000563.493337154 -33075.723457 437.147212 44698.581366 -0.111788415 -0.717029417 -0.291100307 0.623404185
1561000563.591739655 -33135.976544 437.655462 44781.227792 -0.128668801 -0.766457322 -0.462034972 0.427213292
1561000563.693393469 -33198.220938 438.141118 44866.725617 0.000934917 -0.763675752 -0.583476469 0.276321701
1561000563.792552471 -33258.957998 438.560742 44950.252687 -0.074691290 -0.837606027 -0.469563866 0.268974220
1561000563.893381596 -33320.742891 438.943390 45035.325560 -0.272596549 -0.896216526 -0.262267697 0.231738463
1561000563.993449450 -33382.082865 439.303437 45119.902003 -0.401071396 -0.885155449 -0.113445082 0.206813395
1561000564.093891382 -33443.668511 439.662208 45204.939664 -0.376420919 -0.909873121 -0.095535394 0.145983508
1561000564.194026947 -33505.089986 440.026319 45289.865993 -0.280859080 -0.954456043 -0.098852109 0.018976279
1561000564.292422771 -33565.485396 440.398265 45373.466623 -0.220515590 -0.967879842 -0.075316308 -0.094387180
1561000564.394114017 -33627.967648 440.806987 45460.023951 -0.218204593 -0.955215823 -0.024934331 -0.198312294
1561000564.494007111 -33689.422619 441.243926 45545.200137 -0.252444482 -0.916639019 0.039738473 -0.307352479
1561000564.592149019 -33749.883245 441.718169 45629.018287 -0.275222711 -0.878177645 0.082604540 -0.382404202
1561000564.694159269 -33812.819239 442.267452 45716.271883 -0.274579385 -0.825090501 0.139034418 -0.473815636
1561000564.792395115 -33873.520329 442.858905 45800.410954 -0.261366895 -0.774989740 0.186967911 -0.544170239
1561000564.891851664 -33935.072778 443.525496 45885.696556 -0.240465197 -0.725532976 0.232842085 -0.601301051
1561000564.993532896 -33998.103670 444.281459 45972.980043 -0.233258822 -0.666859283 0.272471736 -0.653183107
1561000565.092401743 -34059.489016 445.090616 46057.924296 -0.220483557 -0.585465486 0.316576363 -0.713019335
1561000565.194161415 -34122.766260 445.999706 46145.413620 -0.207155971 -0.502085136 0.355345914 -0.760740561
1561000565.293552399 -34184.658575 446.961000 46230.912429 -0.208423440 -0.434942779 0.381614389 -0.788514366
1561000565.394818306 -34247.800646 448.012893 46318.061542 -0.216378098 -0.368768712 0.398997124 -0.811166722
1561000565.496139050 -34311.052381 449.136099 46405.288975 -0.213807731 -0.315847962 0.431767936 -0.817375537
1561000565.596212149 -34373.591434 450.312201 46491.467995 -0.217249316 -0.260696848 0.453968284 -0.823864483
1561000565.696156502 -34436.108075 451.550075 46577.558303 -0.228766475 -0.220089041 0.475863204 -0.820232238
1561000565.795152664 -34498.081150 452.835953 46662.852630 -0.246136946 -0.183125636 0.487731584 -0.817312368
1561000565.896362543 -34561.484729 454.210461 46750.076399 -0.263999537 -0.144658144 0.495889670 -0.814537722
1561000565.996351719 -34624.161538 455.625870 46836.271006 -0.272947163 -0.109453515 0.504942575 -0.811512643
1561000566.094882488 -34685.955052 457.074206 46921.231753 -0.280499910 -0.070445479 0.518083067 -0.804951657
1561000566.196241140 -34749.548437 458.616391 47008.655398 -0.293750664 -0.038037958 0.530003580 -0.794581567
1561000566.294891596 -34811.463271 460.165693 47093.769193 -0.304908908 -0.011235266 0.535353474 -0.787591889
1561000566.395954370 -34874.909331 461.800557 47180.993142 -0.321125450 0.021149867 0.535976908 -0.780486952
1561000566.497005224 -34938.360762 463.481190 47268.239192 -0.329676068 0.060459929 0.542076325 -0.770591685
1561000566.595036268 -34999.924607 465.153291 47352.911953 -0.356434515 0.086626732 0.528084409 -0.765883217
1561000566.696358681 -35063.560896 466.923535 47440.467577 -0.395240006 0.092528392 0.516971316 -0.753634191
1561000566.795052052 -35125.549511 468.689263 47525.795202 -0.387929740 0.124986682 0.533175495 -0.741358711
1561000566.895247221 -35188.481594 470.520349 47612.467261 -0.388290618 0.143592370 0.541794733 -0.731484856
1561000566.996274471 -35251.935002 472.403287 47699.908697 -0.413959995 0.158623393 0.540221335 -0.715287810
1561000567.096157551 -35314.667315 474.301482 47786.411653 -0.430045647 0.182013959 0.546611545 -0.695088109
1561000567.196173668 -35377.478932 476.236595 47873.087125 -0.444037632 0.232495861 0.514351659 -0.695858195
1561000567.294797897 -35439.410618 478.176833 47958.618306 -0.471966458 0.265836683 0.486821254 -0.685261692
1561000567.396018028 -35502.966233 480.201072 48046.471816 -0.501891031 0.272971366 0.479189737 -0.666310155
1561000567.495900869 -35565.676566 482.232152 48133.241093 -0.514787735 0.284875351 0.480262452 -0.650528707
1561000567.595265865 -35628.055556 484.283883 48219.640140 -0.548949807 0.273114020 0.483003654 -0.625116239
1561000567.696023703 -35691.303292 486.396354 48307.335429 -0.598673099 0.210280624 0.445921499 -0.631289630
1561000567.794841290 -35753.330518 488.503186 48393.429640 -0.572298396 0.336379375 0.488747775 -0.566082215
1561000567.895937204 -35816.782194 490.684206 48481.604505 -0.585517627 0.348839697 0.498584777 -0.535624117
1561000567.995961428 -35879.554525 492.861096 48568.944914 -0.642753599 0.319308679 0.397890071 -0.571483394
1561000568.094579458 -35941.442777 495.033737 48655.160416 -0.622242156 0.298672771 0.513938444 -0.509388408
1561000568.196031094 -36005.103247 497.289813 48743.957386 -0.628108603 0.282642691 0.541660736 -0.481867553
1561000568.294784546 -36067.062291 499.498562 48830.493430 -0.656898558 0.290998283 0.509216961 -0.473816811
1561000568.396389961 -36130.804393 501.784460 48919.636883 -0.665161252 0.357499111 0.470378192 -0.456617183
1561000568.496124268 -36193.370946 504.040040 49007.253606 -0.663371243 0.417153653 0.447583466 -0.430802118
1561000568.596273422 -36256.199479 506.313219 49095.355608 -0.674910602 0.434156127 0.440803244 -0.402115203
1561000568.696461916 -36319.057720 508.592048 49183.617998 -0.681125390 0.444105754 0.444219069 -0.376175093
1561000568.795073986 -36380.932799 510.835426 49270.616400 -0.685542979 0.439676429 0.465025392 -0.347083343
1561000568.895603418 -36444.017278 513.117285 49359.434207 -0.683527685 0.451030001 0.482751692 -0.310342789
1561000568.996474743 -36507.322803 515.395958 49448.683642 -0.692480551 0.459727731 0.481556457 -0.277892927
1561000569.096626520 -36570.186294 517.642476 49537.427378 -0.680566985 0.507219664 0.467043545 -0.247844949
1561000569.196454287 -36632.859586 519.862244 49626.016443 -0.669874821 0.542157740 0.462336101 -0.208753535
1561000569.294965029 -36694.724374 522.029082 49713.569376 -0.650817104 0.571489256 0.471287132 -0.166509961
1561000569.396138668 -36758.284639 524.224376 49803.627025 -0.641055140 0.581845801 0.487259958 -0.114374404
1561000569.495904207 -36820.987848 526.352005 49892.567797 -0.623386817 0.593522596 0.505353022 -0.061140228
1561000569.595351219 -36883.523073 528.428052 49981.357768 -0.605478891 0.603026524 0.519362398 -0.004125931
1561000569.695713043 -36946.671830 530.470840 50071.096743 -0.574748140 0.623992608 0.527876301 0.040551337
1561000569.794589758 -37008.929643 532.426564 50159.635585 -0.545121314 0.646920497 0.526724956 0.083050856
1561000569.895784140 -37072.698293 534.366409 50250.379909 -0.533753499 0.656511883 0.520124137 0.116491336
1561000569.995724440 -37135.734006 536.219659 50340.129226 -0.507554531 0.687382679 0.500783695 0.138235818
1561000570.094702244 -37198.224555 537.993321 50429.141300 -0.494917400 0.687323567 0.499317916 0.182550542
1561000570.197766066 -37263.367107 539.772675 50521.960362 -0.491383958 0.694985958 0.479761275 0.212991649
1561000570.296542883 -37325.875362 541.413010 50611.044791 -0.483995979 0.701895141 0.465827932 0.236844761
1561000570.397747993 -37390.002639 543.027940 50702.446562 -0.460441110 0.708522546 0.462388955 0.268674971
1561000570.497756958 -37453.458791 544.558482 50792.893270 -0.454983814 0.718815771 0.438475005 0.289884954
1561000570.597834349 -37517.049343 546.027086 50883.526749 -0.433078469 0.734483778 0.420206123 0.310489022
1561000570.697748899 -37580.631868 547.433387 50974.138205 -0.416082966 0.753345047 0.394467761 0.322089104
1561000570.796444178 -37643.537222 548.767541 51063.767694 -0.402908277 0.763465361 0.372778006 0.340326492
1561000570.897422552 -37708.004152 550.078994 51155.597356 -0.402706413 0.769189649 0.347008241 0.354626720
1561000570.997171402 -37771.795943 551.324401 51246.434157 -0.406284825 0.770118638 0.322776718 0.371032498
1561000571.097485065 -37836.062378 552.529140 51337.910027 -0.398109971 0.772093972 0.304990125 0.390333668
1561000571.197478056 -37900.239649 553.685132 51429.217315 -0.397328804 0.777653422 0.287427922 0.393408397
1561000571.296385050 -37963.836406 554.787208 51519.654057 -0.373244862 0.788730219 0.289732397 0.393253166
1561000571.396707535 -38028.462746 555.864375 51611.507950 -0.362542487 0.797313757 0.299700454 0.378197510
1561000571.489707232 -38088.478584 556.826168 51696.768573 -0.377581867 0.793038057 0.303650255 0.369214161
1561000571.588502169 -38152.345499 557.807478 51787.460740 -0.404380588 0.778271699 0.312887712 0.364514449
1561000571.689687967 -38217.874774 558.766014 51880.473868 -0.439696439 0.764494544 0.317815344 0.348150169
1561000571.788486481 -38281.969530 559.653557 51971.416058 -0.444371925 0.763533502 0.318883824 0.343312235
1561000571.889663696 -38347.720523 560.512628 52064.674730 -0.416245258 0.778821183 0.327021154 0.336503514
1561000571.990029812 -38413.057247 561.315333 52157.313400 -0.406983463 0.781761819 0.333333617 0.334815798
1561000572.089744806 -38478.080644 562.063910 52249.477578 -0.402573046 0.771177871 0.336345458 0.360681810
1561000572.189810753 -38543.443465 562.763382 52342.090978 -0.439963144 0.745185137 0.342907879 0.365439093
1561000572.288634539 -38608.105024 563.402410 52433.675597 -0.537486833 0.681471640 0.330993662 0.370334314
1561000572.389742374 -38674.373056 563.999552 52527.498368 -0.553066208 0.672277709 0.341024408 0.354771483
1561000572.489665270 -38739.970945 564.527852 52620.339493 -0.566466306 0.660885634 0.343731465 0.352412802
1561000572.589808702 -38805.817709 564.994889 52713.503861 -0.570453510 0.672661759 0.333881239 0.332614295
1561000572.689891338 -38871.727617 565.400776 52806.732733 -0.553619895 0.696300210 0.320337476 0.325660761
1561000572.788780212 -38936.952508 565.744296 52898.971134 -0.531414334 0.716306880 0.323216234 0.316282349
1561000572.889365911 -39003.399698 566.036495 52992.917826 -0.558271598 0.707989485 0.309889541 0.301748544
1561000572.989392996 -39069.579711 566.270943 53086.469881 -0.577279619 0.700616356 0.301285715 0.291739405
1561000573.091078281 -39136.959408 566.452310 53181.704126 -0.588118085 0.698413976 0.296072221 0.280492916
1561000573.189424753 -39202.223562 566.574085 53273.938772 -0.633922596 0.679712831 0.286231244 0.232818135
1561000573.288526773 -39268.080967 566.644428 53367.012436 -0.643378093 0.698905217 0.248118014 0.189825125
1561000573.389918089 -39335.554994 566.664474 53462.373028 -0.634298297 0.704734654 0.248030275 0.198735302
1561000573.489599228 -39401.985275 566.639335 53556.264243 -0.638642116 0.715288665 0.226260188 0.171186159
1561000573.589984655 -39468.978677 566.569187 53650.960631 -0.713261480 0.584828175 0.313475890 0.225758573
1561000573.689952612 -39535.777815 566.446935 53745.400850 -0.717534252 0.562221695 0.347093959 0.220402236
1561000573.791019440 -39603.390035 566.263537 53841.015751 -0.726723386 0.559227561 0.348218688 0.194631446
1561000573.889867544 -39669.590739 566.025536 53934.663535 -0.707882101 0.598839304 0.337454188 0.162539501
1561000573.988830805 -39735.940280 565.731869 54028.553152 -0.690697005 0.626444494 0.330874059 0.145007933
1561000574.089592934 -39803.569923 565.379832 54124.288708 -0.688176249 0.633335698 0.329795929 0.128584560
1561000574.189670801 -39870.813250 564.979348 54219.515193 -0.700290318 0.618894424 0.338116526 0.110636235
1561000574.288586855 -39937.343182 564.534438 54313.774174 -0.713158923 0.591856696 0.362659654 0.097918215
1561000574.389810085 -40005.489553 564.027643 54410.373478 -0.720440230 0.569939831 0.387513443 0.077251505
1561000574.489072561 -40072.373403 563.479673 54505.239873 -0.718961685 0.558609417 0.410646686 0.049182454
1561000574.589741468 -40140.256534 562.872697 54601.589124 -0.714362494 0.550874044 0.431483341 0.006792737
1561000574.689548969 -40207.602630 562.222798 54697.251478 -0.720086233 0.527652330 0.448262861 -0.046035234
1561000574.788612366 -40274.482055 561.533495 54792.335174 -0.729614799 0.489274570 0.468694360 -0.092726678
1561000574.889577866 -40342.671983 560.790375 54889.379925 -0.731393583 0.439516616 0.501729314 -0.141972770
1561000574.988832474 -40409.723056 560.024992 54984.909363 -0.726869306 0.401832108 0.523725612 -0.189482064
1561000575.089606285 -40477.809421 559.218581 55082.027660 -0.719013326 0.355290285 0.547510732 -0.238789967
1561000575.189703226 -40545.440460 558.394973 55178.613972 -0.704664640 0.325565249 0.559663230 -0.290227640
1561000575.289594889 -40612.930035 557.558390 55275.117373 -0.682482085 0.292539755 0.575586038 -0.342548403
1561000575.389668703 -40680.535033 556.712781 55371.904651 -0.651780768 0.247132067 0.596266446 -0.398213382
1561000575.488639832 -40747.383956 555.877392 55467.722586 -0.610816311 0.190310247 0.619104870 -0.455405977
1561000575.589705706 -40815.633925 555.033739 55565.655718 -0.557103745 0.117055724 0.646606660 -0.507772786
1561000575.689607382 -40883.085016 554.218121 55662.532749 -0.491500081 0.040633683 0.671152523 -0.553471648
1561000575.788582802 -40949.903097 553.436194 55758.566560 -0.428080480 -0.050227511 0.668871242 -0.605669515
1561000575.889604568 -41018.103674 552.674280 55856.628179 -0.342869696 -0.121139184 0.671585739 -0.645552682
1561000575.988734007 -41085.040856 551.968968 55952.882129 -0.275525119 -0.168449249 0.667439314 -0.670995917
1561000576.089675665 -41153.227385 551.296363 56050.916719 -0.234812119 -0.196797800 0.642057081 -0.702777774
1561000576.189825296 -41220.913597 550.677029 56148.197570 -0.190410940 -0.216703599 0.629188123 -0.721737854
1561000576.288682461 -41287.768328 550.113125 56244.235178 -0.169099012 -0.236034789 0.616136340 -0.732167408
1561000576.389882088 -41356.256327 549.584509 56342.558223 -0.129198626 -0.232445537 0.623774408 -0.734970935
1561000576.489072561 -41423.437283 549.111636 56438.935245 -0.087840435 -0.287938714 0.620782979 -0.723881101
1561000576.590285540 -41492.049730 548.674714 56537.282261 -0.063797113 -0.330814638 0.598496452 -0.726838084
1561000576.690116167 -41559.796198 548.290298 56634.291929 -0.074911376 -0.318963289 0.612899796 -0.719030282
1561000576.788446903 -41626.591053 547.957942 56729.850568 -0.138037105 -0.280220837 0.616354532 -0.722861765
1561000576.889529943 -41695.313701 547.665515 56828.092284 -0.164706447 -0.267814520 0.559985609 -0.766526769
1561000576.988672972 -41762.774042 547.431523 56924.459927 -0.129398593 -0.301900249 0.526640961 -0.784067307
1561000577.089195251 -41831.239141 547.248031 57022.179059 0.000783540 -0.397427923 0.570300562 -0.718893387
1561000577.191176653 -41900.785666 547.110400 57121.325260 0.124309389 -0.426713664 0.637107530 -0.629727417
1561000577.289318800 -41967.811046 547.015097 57216.745839 0.099237354 -0.396284920 0.623160520 -0.666919168
1561000577.389492989 -42036.318643 546.954705 57314.147481 0.014845642 -0.371912372 0.557485865 -0.742071631
1561000577.488426685 -42104.064559 546.938365 57410.350377 -0.048736065 -0.366616540 0.494047657 -0.786850698
1561000577.589686155 -42173.489316 546.972369 57508.826128 -0.035446137 -0.384245357 0.486623756 -0.783770628
1561000577.689888954 -42242.277313 547.056563 57606.285679 0.026398178 -0.391569966 0.505248936 -0.768569848
1561000577.789148569 -42310.509690 547.184563 57702.837339 0.084765443 -0.381297298 0.520374685 -0.759366431
1561000577.889779806 -42379.782333 547.351921 57800.729080 0.123633644 -0.374702540 0.528409577 -0.751728706
1561000577.988828182 -42448.063359 547.548394 57897.084990 0.140336052 -0.370380359 0.525178871 -0.753200727
1561000578.088748693 -42517.045888 547.775847 57994.292740 0.145741034 -0.372265006 0.509142135 -0.762202468
1561000578.189526796 -42586.723917 548.033187 58092.338201 0.162642243 -0.370449691 0.491516178 -0.771185045
1561000578.289433718 -42655.903930 548.314238 58189.539700 0.182576169 -0.355562464 0.478172975 -0.782043402
1561000578.390471220 -42725.974767 548.620516 58287.844726 0.205921085 -0.341224301 0.474789530 -0.784689356
1561000578.489114046 -42794.489041 548.936166 58383.821122 0.201787605 -0.344698500 0.488881419 -0.775538307
1561000578.590784788 -42865.215787 549.277317 58482.745763 0.218183913 -0.363276059 0.476598587 -0.770246761
1561000578.690477610 -42934.677490 549.627685 58579.749706 0.230963186 -0.372237821 0.462099700 -0.771076442
1561000578.788660288 -43003.196279 549.987109 58675.288999 0.247078371 -0.373139348 0.467848875 -0.762126457
1561000578.890394449 -43074.310213 550.372213 58774.289975 0.261302196 -0.368360204 0.459608895 -0.764716670
1561000578.988981485 -43143.339540 550.753600 58870.234043 0.283203513 -0.374723456 0.477960078 -0.742248116
1561000579.088583708 -43213.196751 551.146472 58967.173072 0.294735114 -0.393053771 0.468695265 -0.734142149
1561000579.190377474 -43284.715199 551.556628 59066.254610 0.314576293 -0.413069578 0.458300118 -0.721371113
1561000579.289721251 -43354.636939 551.964554 59162.963672 0.349834139 -0.428026351 0.452147398 -0.699980177
1561000579.390907764 -43425.986404 552.385365 59261.483365 0.380671400 -0.449926031 0.423602632 -0.687907452
1561000579.489003658 -43495.287295 552.795289 59357.015706 0.418187319 -0.466696512 0.389182862 -0.675166966
1561000579.590451479 -43567.096434 553.216410 59455.842048 0.466591859 -0.490898062 0.362225660 -0.640393396
1561000579.690396786 -43637.985305 553.624040 59553.242625 0.515772681 -0.514298184 0.320691337 -0.605502259
1561000579.791058540 -43709.530257 554.022436 59651.391128 0.567134848 -0.534031863 0.281213269 -0.560434769
1561000579.891058922 -43780.753599 554.400425 59748.956380 0.623303323 -0.558572501 0.241096792 -0.491286135
1561000579.989959955 -43851.338774 554.752201 59845.523919 0.681063690 -0.554511979 0.148490578 -0.454553917
1561000580.090810299 -43923.458646 555.079995 59944.086107 0.716732918 -0.557455643 0.112732099 -0.403520264
1561000580.191092253 -43995.310610 555.371656 60042.196730 0.732014756 -0.576705369 0.098402101 -0.349116514
1561000580.288884878 -44065.508342 555.625006 60137.980352 0.750966320 -0.593655083 0.098527826 -0.271874045
1561000580.390244722 -44138.396729 555.859720 60237.380617 0.767540296 -0.608970325 0.049610541 -0.193844864
1561000580.488671541 -44209.294398 556.064246 60334.034411 0.779827404 -0.609521947 -0.034475730 -0.138432797
1561000580.588757992 -44281.493969 556.247454 60432.458848 0.768441868 -0.622519391 -0.117197957 -0.090726745
1561000580.690290689 -44354.830918 556.406114 60532.457365 0.812718781 -0.556828088 -0.171547971 -0.001398904
1561000580.790306330 -44427.148526 556.537465 60631.115283 0.829007715 -0.512131687 -0.209440379 0.081253134
1561000580.890192747 -44499.433790 556.650004 60729.799471 0.825276540 -0.486659323 -0.241198873 0.154610603
1561000580.988959074 -44570.956807 556.750558 60827.527728 0.806238361 -0.479177685 -0.273413858 0.213572737
1561000581.091058969 -44644.933791 556.848939 60928.709901 0.786142128 -0.477418961 -0.322397066 0.223856698
1561000581.191798925 -44717.957299 556.938508 61028.696184 0.775365487 -0.481142623 -0.341113108 0.225725464
1561000581.291637182 -44790.354920 557.017871 61127.933847 0.767693106 -0.492861088 -0.334192277 0.236750426
1561000581.391660452 -44862.915201 557.090230 61227.502323 0.781319365 -0.490058039 -0.279558723 0.266889654
1561000581.491569757 -44935.425056 557.163315 61327.105756 0.793709377 -0.475456285 -0.234542671 0.298255731
1561000581.591439724 -45007.941918 557.245417 61426.819206 0.798754370 -0.453861145 -0.226302884 0.323710555
1561000581.692095518 -45081.065520 557.341360 61527.467824 0.808088306 -0.427484134 -0.214055250 0.344137987
1561000581.790962219 -45152.925346 557.451535 61626.474186 0.825056809 -0.401818034 -0.179080765 0.354617553
1561000581.891644239 -45226.146711 557.584093 61727.448818 0.839516092 -0.385348339 -0.097176728 0.370507858
1561000581.990031242 -45297.750505 557.739346 61826.269181 0.839217164 -0.379758648 -0.062461318 0.384182906
1561000582.091732979 -45371.825085 557.930535 61928.571681 0.829093814 -0.392328216 -0.098598240 0.385953891
1561000582.191843271 -45444.794643 558.146900 62029.425864 0.841419649 -0.375740155 -0.082017005 0.379612330
1561000582.293147326 -45518.691291 558.393234 62131.637293 0.852150215 -0.338677186 0.040546567 0.396854822
1561000582.393297195 -45591.819324 558.670452 62232.834516 0.843011743 -0.279860867 0.190816462 0.417849464
1561000582.491612673 -45663.699824 558.981311 62332.315503 0.810540238 -0.199788627 0.309968860 0.455003662
1561000582.593200684 -45738.086039 559.346615 62435.239107 0.778320655 -0.123131197 0.363653645 0.496801463
1561000582.693050623 -45811.319302 559.750726 62536.524991 0.774514811 -0.111878966 0.367336697 0.502666544
1561000582.793268204 -45884.943163 560.200386 62638.306547 0.797120153 -0.155010824 0.371386404 0.450159133
1561000582.892840624 -45958.214578 560.685280 62739.559512 0.810505786 -0.185919015 0.401171937 0.384155657
1561000582.991446733 -46030.899448 561.195916 62839.956187 0.758809189 -0.106404280 0.490821613 0.414705785
1561000583.093174219 -46106.025698 561.753242 62943.651293 0.652159468 -0.012172500 0.587877437 0.478476726
1561000583.193296194 -46180.116602 562.331208 63045.809529 0.557487461 0.082297858 0.653050836 0.505924302
1561000583.294045448 -46254.828999 562.934176 63148.693029 0.523314948 0.144935371 0.680687030 0.491732010
1561000583.393784046 -46328.950558 563.541679 63250.625140 0.524509185 0.189127832 0.693520907 0.456234073
1561000583.492604494 -46402.546061 564.144797 63351.701562 0.526141597 0.228763265 0.704555897 0.417664191
1561000583.593564272 -46477.894789 564.753298 63455.056821 0.499223790 0.275044563 0.742003873 0.352925414
1561000583.693686008 -46552.775361 565.332843 63557.645608 0.425917716 0.328092251 0.804784763 0.251537389
1561000583.791924238 -46626.393504 565.857338 63658.388661 0.351221582 0.375830550 0.829587412 0.217208479
1561000583.893518686 -46702.673214 566.340924 63762.657368 0.290845306 0.409408931 0.842038958 0.196885065
1561000583.992172003 -46776.882986 566.746256 63863.986868 0.213812706 0.446265599 0.852332740 0.169292770
1561000584.093904495 -46853.544761 567.089797 63968.559972 0.091041859 0.478591134 0.866913452 0.105465502
1561000584.194245815 -46929.278845 567.342674 64071.779992 0.008212044 0.507508677 0.859495598 0.060289484
1561000584.291797876 -47003.008684 567.498843 64172.204504 -0.077626260 0.558181121 0.826044161 0.007684076
1561000584.393507004 -47079.974694 567.563268 64276.995417 -0.128185653 0.590213196 0.796454557 -0.029613494
1561000584.491756916 -47154.405005 567.528711 64378.313837 -0.140911790 0.629422183 0.762195334 -0.055044123
1561000584.593508005 -47231.568479 567.394167 64483.347606 -0.188429313 0.658339836 0.720919332 -0.106575657
1561000584.693426847 -47307.412028 567.166732 64586.602928 -0.278571477 0.669507645 0.663479362 -0.184262264
1561000584.791982412 -47382.272683 566.854022 64688.567044 -0.354120770 0.661933028 0.622932702 -0.219995444
1561000584.893540859 -47459.456885 566.445799 64793.765810 -0.444142520 0.652737285 0.546841371 -0.278632326
1561000584.992389917 -47534.612865 565.974448 64896.290181 -0.505077295 0.654685045 0.465250955 -0.315952476
1561000585.093595982 -47611.587408 565.429332 65001.404347 -0.524695179 0.683037452 0.396843448 -0.317285496
1561000585.193530798 -47687.626131 564.838882 65105.352042 -0.537091279 0.706800196 0.349919573 -0.299203497
1561000585.293562412 -47763.778321 564.201502 65209.559580 -0.558747320 0.714223175 0.310048535 -0.285581152
1561000585.393451214 -47839.867538 563.522794 65313.780284 -0.580100514 0.718038932 0.264548490 -0.279137210
1561000585.492426157 -47915.309633 562.812608 65417.209784 -0.610663931 0.704265199 0.216869693 -0.289944183
1561000585.593365669 -47992.302427 562.054792 65522.861276 -0.640165727 0.688626694 0.158465710 -0.301446078
1561000585.693253040 -48068.548711 561.279565 65627.581845 -0.663357779 0.672538292 0.093334252 -0.314543192
1561000585.791720629 -48143.770430 560.499311 65730.981704 -0.677133863 0.664813639 0.029914735 -0.314034497
1561000585.893718243 -48221.757304 559.681288 65838.265348 -0.689794785 0.659166554 -0.017570185 -0.298954674
1561000585.991850138 -48296.862331 558.888205 65941.653110 -0.700521780 0.647530169 -0.065265740 -0.292770046
1561000586.093549490 -48374.781415 558.063720 66048.974511 -0.706565900 0.631318994 -0.121580925 -0.295667102
1561000586.192065001 -48450.348127 557.267982 66153.104909 -0.714538049 0.605435432 -0.175894586 -0.303223364
1561000586.292026997 -48527.117880 556.468342 66258.932572 -0.723574968 0.580065050 -0.224889930 -0.298978801
1561000586.394879580 -48606.213260 555.656653 66367.994675 -0.736914599 0.560468985 -0.258125445 -0.276048267
1561000586.493243933 -48681.963504 554.889774 66472.460802 -0.743834431 0.551429710 -0.288136893 -0.244157214
1561000586.595237732 -48760.625454 554.100691 66580.947719 -0.745886439 0.537259719 -0.329179824 -0.215976985
1561000586.694937706 -48837.640681 553.332675 66687.154021 -0.746413745 0.516314381 -0.372287003 -0.194134926
1561000586.793363094 -48913.796770 552.575673 66792.152125 -0.752991577 0.493847751 -0.400928560 -0.168446949
1561000586.894802094 -48992.419980 551.792976 66900.517158 -0.755889638 0.473057594 -0.429732370 -0.142047377
1561000586.995012045 -49070.229840 551.011864 67007.716750 -0.756621247 0.448729003 -0.461555839 -0.114598336
1561000587.095280647 -49148.227907 550.218574 67115.120904 -0.752117279 0.428906179 -0.492619485 -0.087664883
1561000587.195007324 -49225.949960 549.413560 67222.080498 -0.750589475 0.403682224 -0.519896404 -0.057998547
1561000587.296409369 -49305.129300 548.572311 67330.970408 -0.761145832 0.385755008 -0.521288771 -0.010397766
1561000587.396363020 -49383.327418 547.712073 67438.432257 -0.774051393 0.367500384 -0.513948699 0.040554193
1561000587.494964361 -49460.611497 546.822374 67544.561313 -0.781559843 0.345306172 -0.511739349 0.089725690
1561000587.596213341 -49540.115971 545.856392 67653.660232 -0.781517937 0.332738440 -0.513304522 0.122610410
1561000587.694936991 -49617.778268 544.857301 67760.151314 -0.774331386 0.308621969 -0.529604667 0.157105956
1561000587.795741558 -49697.219552 543.773135 67868.997138 -0.773224030 0.283644079 -0.533256386 0.193153470
1561000587.897574425 -49777.613705 542.605737 67979.060397 -0.765515589 0.258391972 -0.539695702 0.236533339
1561000587.997763395 -49856.846150 541.380418 68087.446415 -0.756717384 0.232805461 -0.546709461 0.272560420
1561000588.097596645 -49935.927158 540.077653 68195.539686 -0.742346560 0.205591539 -0.552665573 0.318142213
1561000588.196349382 -50014.275076 538.704307 68302.547492 -0.726144962 0.189585518 -0.556869343 0.355903583
1561000588.297320366 -50094.504487 537.208952 68412.039213 -0.712871893 0.160083432 -0.566257543 0.381496204
1561000588.397337675 -50174.091576 535.633212 68520.570926 -0.699363241 0.131293085 -0.566299129 0.415882772
1561000588.496234417 -50252.893272 533.979421 68627.954218 -0.689241328 0.105939628 -0.560596212 0.446603934
1561000588.597278118 -50333.507204 532.188544 68737.735318 -0.674653264 0.080995628 -0.559130720 0.475032125
1561000588.688385010 -50406.275406 530.484801 68836.774679 -0.657420027 0.059103115 -0.561563546 0.498951013
1561000588.788587570 -50486.392993 528.512611 68945.757903 -0.649556766 0.022448516 -0.551882219 0.522492190
1561000588.889371395 -50567.055567 526.423485 69055.431383 -0.637668084 -0.010029581 -0.539370867 0.549870794
1561000588.989425421 -50647.204656 524.244618 69164.366913 -0.613961726 -0.030120585 -0.537325833 0.577429388
1561000589.089872599 -50727.733126 521.952235 69273.783868 -0.592632761 -0.058118784 -0.531953031 0.602025407
1561000589.189713240 -50807.831675 519.570676 69382.590682 -0.578433922 -0.092019993 -0.516633843 0.624528615
1561000589.289985418 -50888.324838 517.076680 69491.918367 -0.554609019 -0.111487975 -0.511493383 0.646802742
1561000589.389860153 -50968.539273 514.492752 69600.860798 -0.522998983 -0.126938047 -0.515417537 0.666860974
1561000589.489893913 -51048.916739 511.807382 69710.022874 -0.498273228 -0.150642887 -0.506761068 0.687185369
1561000589.588908195 -51128.503412 509.055764 69818.116827 -0.474063748 -0.177633368 -0.496600444 0.705051735
1561000589.689595938 -51209.456787 506.165731 69928.082805 -0.446818120 -0.194714282 -0.502061437 0.714404808
1561000589.789562225 -51289.846395 503.207360 70037.304812 -0.408821974 -0.195189390 -0.489257837 0.745246579
1561000589.890639544 -51371.140524 500.130425 70147.783711 -0.386466957 -0.229469783 -0.480486721 0.753073317
1561000589.988620996 -51449.949128 497.069439 70254.919676 -0.358452394 -0.252372383 -0.466649182 0.768152721
1561000590.090877771 -51532.194925 493.797483 70366.774924 -0.321373160 -0.260511164 -0.459704671 0.785827488
1561000590.190791845 -51612.550009 490.529815 70476.110322 -0.298005523 -0.279414820 -0.450679726 0.793730340
1561000590.290553808 -51692.772432 487.201317 70585.322587 -0.271364192 -0.301475944 -0.441731267 0.800216982
1561000590.389337540 -51772.194431 483.845069 70693.508580 -0.249066752 -0.325994042 -0.434262595 0.801941167
1561000590.490729332 -51853.694637 480.341500 70804.601559 -0.228787671 -0.356986155 -0.415230008 0.804860937
1561000590.591511965 -51934.682764 476.805444 70915.082309 -0.200041838 -0.368706343 -0.395151855 0.817247764
1561000590.690541029 -52014.236693 473.284945 71023.695754 -0.171035726 -0.389578499 -0.369435597 0.826131172
1561000590.789454222 -52093.669113 469.730970 71132.239050 -0.139755917 -0.405663373 -0.342138171 0.835970684
1561000590.890511274 -52174.791103 466.068831 71243.196217 -0.107253464 -0.418331223 -0.320005810 0.843262689
1561000590.988823414 -52253.676676 462.484048 71351.200979 -0.078715930 -0.436233403 -0.307293899 0.842065722
1561000591.091417789 -52335.962627 458.725581 71463.978154 -0.048062162 -0.447504746 -0.300866750 0.840778645
1561000591.191116810 -52415.890692 455.060493 71573.644016 -0.017605283 -0.447160515 -0.299407589 0.842669938
1561000591.290516138 -52495.543626 451.396912 71683.052458 0.011548172 -0.460062016 -0.289985965 0.839117227
1561000591.390684605 -52575.777561 447.699003 71793.384368 0.040232277 -0.481382771 -0.279033748 0.829935033
1561000591.488752842 -52654.295329 444.077740 71901.482636 0.067496922 -0.483769045 -0.238088253 0.839479398
1561000591.590551138 -52735.765023 440.325289 72013.779673 0.103478660 -0.489578491 -0.209293932 0.840119705
1561000591.690964699 -52816.093800 436.639482 72124.638632 0.135961105 -0.505487779 -0.182531239 0.832273411
1561000591.791765928 -52896.702276 432.960559 72236.020919 0.156657262 -0.501502705 -0.178690223 0.831879405
1561000591.891728163 -52976.611663 429.336054 72346.574221 0.180400059 -0.513946611 -0.168975506 0.821438968
1561000591.990128994 -53055.247119 425.793272 72455.499309 0.186519617 -0.535410336 -0.182318924 0.803309414
1561000592.091850996 -53136.511834 422.157783 72568.207309 0.174489132 -0.532754960 -0.141546117 0.815898518
1561000592.191487551 -53216.086360 418.625382 72678.709726 0.169747184 -0.512248465 -0.165123383 0.825543258
1561000592.291026354 -53295.556906 415.122655 72789.203450 0.156666937 -0.504559817 -0.193494616 0.826701092
1561000592.392240524 -53376.335905 411.583413 72901.656034 0.148822257 -0.503266201 -0.210056021 0.824894863
1561000592.490469933 -53454.702772 408.166621 73010.884903 0.147069814 -0.505424162 -0.217721629 0.821896696
1561000592.592296124 -53535.908126 404.641780 73124.210435 0.145021572 -0.517797055 -0.207370894 0.817222287
1561000592.691324234 -53614.852360 401.231872 73234.518343 0.143626880 -0.531722326 -0.194128737 0.811761493
1561000592.791807413 -53694.927475 397.790928 73346.547087 0.144871069 -0.537895319 -0.186962272 0.809151474
1561000592.891925573 -53774.683367 394.382547 73458.270609 0.147014668 -0.547989987 -0.185962523 0.802191749
1561000592.991660357 -53854.105963 391.007389 73569.669492 0.156319654 -0.550574421 -0.180219604 0.799970541
1561000593.092175245 -53934.122811 387.627253 73682.046287 0.165664872 -0.556158792 -0.171160494 0.796207657
1561000593.191032171 -54012.793982 384.325717 73792.675370 0.171753976 -0.570556912 -0.161480200 0.786695320
1561000593.292320251 -54093.375678 380.967972 73906.137372 0.177255849 -0.572986702 -0.160728729 0.783857691
1561000593.392226934 -54172.834803 377.680906 74018.165153 0.180781630 -0.579582635 -0.163647388 0.777574115
1561000593.490419626 -54250.908516 374.474103 74128.381422 0.186573074 -0.587412957 -0.170465272 0.768816036
1561000593.592355728 -54331.935787 371.168837 74242.917410 0.192601318 -0.597624389 -0.163912508 0.760843290
1561000593.690694332 -54410.083087 368.004524 74353.527053 0.200928867 -0.599049628 -0.149562906 0.760524865
1561000593.792477369 -54490.948102 364.756920 74468.131849 0.206673514 -0.606692719 -0.129466080 0.756603290
1561000593.892040491 -54570.033234 361.610691 74580.358023 0.217446608 -0.622517848 -0.114539167 0.743013648
1561000593.990993977 -54648.620749 358.515454 74692.018786 0.230618464 -0.630906726 -0.114390625 0.731906149
1561000594.092026711 -54728.848433 355.387741 74806.154652 0.241963629 -0.643618076 -0.118605149 0.716339440
1561000594.190759897 -54807.241067 352.360861 74917.822852 0.264168723 -0.651149668 -0.127744363 0.699928834
1561000594.291979790 -54887.601572 349.287183 75032.440694 0.277457850 -0.651460579 -0.116195916 0.696501805
1561000594.392016172 -54967.018152 346.279599 75145.857055 0.287642536 -0.658035856 -0.095885718 0.689243436
1561000594.490301371 -55045.043257 343.356678 75257.423379 0.300152888 -0.661221174 -0.088208890 0.681846019
1561000594.591866255 -55125.672588 340.370533 75372.855233 0.307953400 -0.672085803 -0.061583673 0.670576489
1561000594.690784454 -55204.205601 337.499463 75485.419626 0.323862060 -0.675340290 -0.052359690 0.660520493
1561000594.790734053 -55283.567283 334.638280 75599.301677 0.338629441 -0.673235955 -0.070951418 0.653490128
1561000594.891869545 -55363.884818 331.785144 75714.684321 0.355591017 -0.685937664 -0.034872107 0.633899429
1561000594.990980387 -55442.609172 329.026213 75827.906042 0.355061815 -0.714390021 -0.090613038 0.596126902
1561000595.092006922 -55522.873126 326.243224 75943.473275 0.341733445 -0.756581255 -0.084311547 0.551084949
1561000595.190715790 -55601.317493 323.546193 76056.547495 0.396376404 -0.695809519 -0.055057230 0.596408887
1561000595.291884661 -55681.740687 320.816767 76172.597313 0.359320788 -0.747700122 0.098224792 0.549713552
1561000595.391803503 -55761.213491 318.170095 76287.370375 0.416252867 -0.701836073 0.106456920 0.568178318
1561000595.492141962 -55841.067893 315.566019 76402.780883 0.417013022 -0.698588605 0.069680126 0.577251055
1561000595.592346430 -55920.852391 313.010868 76518.194902 0.493478280 -0.650941155 -0.078413248 0.571494673
1561000595.690222025 -55998.807571 310.543289 76631.081747 0.482645882 -0.670239335 -0.038849135 0.562425934
1561000595.792217970 -56080.074448 307.999192 76748.886358 0.459705332 -0.725165135 0.032873118 0.511591529
1561000595.892065525 -56159.676102 305.543519 76864.376110 0.439873396 -0.759553931 0.096878892 0.469258673
1561000595.990150690 -56237.931462 303.171871 76977.986049 0.449629545 -0.753709022 0.114011344 0.465572117
1561000596.091811657 -56319.106133 300.759006 77095.903119 0.472007487 -0.736157565 0.116944332 0.470749396
1561000596.190252781 -56397.774363 298.465223 77210.246617 0.495892938 -0.721149858 0.111539045 0.470735719
1561000596.292309761 -56479.398684 296.128956 77328.958998 0.512312648 -0.708964441 0.124484902 0.468410805
1561000596.391895294 -56559.114148 293.890159 77444.962249 0.515504787 -0.706165580 0.156435652 0.459470212
1561000596.490178347 -56637.856835 291.722667 77559.607236 0.516747126 -0.704142502 0.182880688 0.451342884
1561000596.590694189 -56718.465136 289.551911 77677.017775 0.524925361 -0.697080208 0.203982785 0.443760715
1561000596.690273285 -56798.402280 287.448967 77793.493454 0.535515514 -0.688664697 0.217649027 0.437713342
1561000596.790704966 -56879.107765 285.375789 77911.126081 0.543274078 -0.681057696 0.225553511 0.436049658
1561000596.892164946 -56960.727862 283.329518 78030.125782 0.545340782 -0.683816014 0.227725892 0.427948604
1561000596.990465164 -57039.891799 281.392337 78145.574894 0.546512226 -0.684534471 0.224309460 0.427109132
1561000597.091810465 -57121.596472 279.440696 78264.761351 0.550657701 -0.685576018 0.215953196 0.424412343
1561000597.190271139 -57201.060583 277.587777 78380.712745 0.555984776 -0.684104592 0.209151137 0.423246545
1561000597.291812420 -57283.098541 275.719771 78500.455503 0.558823261 -0.684994213 0.209406920 0.417909359
1561000597.391829014 -57363.991447 273.921402 78618.562943 0.562517483 -0.688346123 0.208541829 0.407754831
1561000597.490103245 -57443.560751 272.192692 78734.770322 0.569997992 -0.687620601 0.212936250 0.396154455
1561000597.593163013 -57527.097324 270.419887 78856.803758 0.560062966 -0.691728065 0.219444151 0.399607336
1561000597.691811085 -57607.147848 268.762286 78973.773013 0.571168162 -0.677368153 0.199630964 0.418433738
1561000597.791757584 -57688.337765 267.121633 79092.442535 0.558009268 -0.681014563 0.191431317 0.433818940
1561000597.893229008 -57770.850688 265.495070 79213.089769 0.559915260 -0.677519397 0.162478164 0.448400731
1561000597.992306709 -57851.493849 263.943742 79331.055174 0.555120088 -0.688487750 0.138416033 0.445721110
1561000598.093209743 -57933.698415 262.399099 79451.361809 0.545665992 -0.715143542 0.117626924 0.420692579
1561000598.191784620 -58014.080186 260.921243 79569.057882 0.540699763 -0.729583122 0.109229068 0.404253935
1561000598.291632175 -58095.575885 259.453668 79688.440628 0.543742366 -0.731265348 0.081113765 0.403752136
1561000598.393446922 -58178.754479 257.984659 79810.350274 0.520510695 -0.743177097 0.076115195 0.413476598
1561000598.491632223 -58259.037445 256.592579 79928.081673 0.535573956 -0.728828128 0.043177495 0.424388738
1561000598.593048811 -58342.029760 255.176947 80049.861381 0.525303874 -0.730697324 0.018674582 0.435647243
1561000598.691568851 -58422.713554 253.821797 80168.332108 0.514853680 -0.728446807 0.000653510 0.451985077
1561000598.792965651 -58505.810670 252.445415 80290.436154 0.502464630 -0.721214125 -0.041902604 0.474998583
1561000598.893089294 -58587.913002 251.101785 80411.178957 0.482666025 -0.728870253 -0.096318427 0.475924809
1561000598.993161678 -58670.012724 249.768946 80532.029454 0.469898744 -0.716715937 -0.159798547 0.489875352
1561000599.094698191 -58753.345000 248.419616 80654.818870 0.453785245 -0.704034914 -0.211817714 0.503534555
1561000599.193372011 -58834.350161 247.102826 80774.308171 0.438134357 -0.701158211 -0.279065200 0.488403586
1561000599.294608355 -58917.477424 245.736232 80897.063480 0.438833271 -0.690839232 -0.306452502 0.486059030
1561000599.394530773 -58999.542030 244.363410 81018.385337 0.433049711 -0.683975190 -0.331873911 0.484257777
1561000599.492950439 -59080.386956 242.983411 81138.035598 0.414375292 -0.701452657 -0.351717739 0.461033534
1561000599.594431400 -59163.762988 241.527114 81261.565927 0.400461940 -0.702929537 -0.361009491 0.463888400
1561000599.693009853 -59244.770489 240.077288 81381.716015 0.395254506 -0.693932965 -0.371141271 0.473798557
1561000599.794755697 -59328.395190 238.542879 81505.882889 0.388679264 -0.690425554 -0.410145213 0.451687822
1561000599.894473076 -59410.368298 236.995792 81627.726333 0.381365662 -0.682538578 -0.424201415 0.456896576
1561000599.993855238 -59492.081356 235.405355 81749.307314 0.381286248 -0.674947451 -0.439318820 0.453944610
1561000600.094275951 -59574.662526 233.746976 81872.305584 0.369767718 -0.665161095 -0.464641520 0.452703888
1561000600.193070173 -59655.917749 232.061933 81993.453217 0.366601948 -0.646665259 -0.488375666 0.457073587
1561000600.294435740 -59739.298167 230.274114 82117.896100 0.367427617 -0.628971321 -0.515618973 0.451141994
1561000600.394577742 -59821.680967 228.444748 82240.973438 0.352119930 -0.618138483 -0.538256984 0.451880282
1561000600.493902683 -59903.398669 226.565563 82363.176336 0.346282218 -0.597995992 -0.552797550 0.465729844
1561000600.595031023 -59986.605962 224.583600 82487.726390 0.322310910 -0.597037821 -0.580622091 0.450043893
1561000600.693454266 -60067.595359 222.583596 82609.065795 0.300400768 -0.596321654 -0.595277404 0.446995163
1561000600.795016527 -60151.175945 220.444850 82734.397372 0.300059600 -0.579140241 -0.600303027 0.462814319
1561000600.894646645 -60233.172917 218.271535 82857.461992 0.281523574 -0.572471969 -0.631876627 0.440172978
1561000600.993197680 -60314.290286 216.045318 82979.305687 0.261723662 -0.561755581 -0.653810948 0.434122836
1561000601.094478607 -60397.665237 213.673725 83104.635867 0.249581282 -0.548570001 -0.672617199 0.429378901
1561000601.193123817 -60478.882188 211.279487 83226.809134 0.230845852 -0.541603800 -0.689666771 0.421586601
1561000601.293046713 -60561.165088 208.766863 83350.668099 0.204981761 -0.542552636 -0.700746626 0.415419403
1561000601.394511938 -60644.735273 206.124130 83476.543936 0.176101264 -0.541366160 -0.709371695 0.415575294
1561000601.493133307 -60725.981504 203.466158 83598.991079 0.158133591 -0.521331258 -0.732434633 0.408346661
1561000601.594646454 -60809.631916 200.635807 83725.126323 0.119587948 -0.502746866 -0.760444354 0.393279413
1561000601.693601608 -60891.201922 197.781229 83848.173285 0.081074374 -0.484677663 -0.785213442 0.376768309
1561000601.794752359 -60974.617540 194.761896 83974.036842 0.043620246 -0.465113774 -0.806609767 0.362142425
1561000601.893193245 -61055.839042 191.722973 84096.608855 0.011993055 -0.448481267 -0.816589333 0.363183948
1561000601.993494987 -61138.640973 188.523379 84221.575487 -0.016238828 -0.429466289 -0.830809470 0.353624987
1561000602.094594717 -61222.151126 185.191846 84347.611337 -0.024326107 -0.388488736 -0.854540292 0.343868626
1561000602.193256617 -61303.699569 181.837337 84470.673555 -0.058152601 -0.347710578 -0.875988133 0.329181440
1561000602.294712067 -61387.619130 178.281244 84597.280078 -0.088596584 -0.302846253 -0.904206674 0.287828217
1561000602.394783020 -61470.466611 174.669100 84722.212226 -0.105944391 -0.262066239 -0.927320364 0.245303923
1561000602.494512320 -61553.114805 170.968968 84846.763988 -0.136291628 -0.228960917 -0.936097866 0.229613320
1561000602.594928741 -61636.423943 167.145202 84972.215436 -0.155106535 -0.175987754 -0.947821152 0.215882691
1561000602.693448782 -61718.255019 163.302160 85095.332506 -0.190146640 -0.119440472 -0.955229667 0.192651270
1561000602.793993711 -61801.875641 159.292681 85221.011257 -0.261701551 -0.058642961 -0.950398183 0.157532839
1561000602.894684553 -61885.740146 155.196851 85346.905392 -0.328922619 0.000893424 -0.938628933 0.103850077
1561000602.993436575 -61968.121478 151.111835 85470.409573 -0.368949709 0.053712339 -0.925369807 0.068423801
1561000603.094850779 -62052.871136 146.856255 85597.285068 -0.428545406 0.098609882 -0.897696782 0.027666095
1561000603.194755554 -62136.513377 142.613715 85722.321774 -0.503148788 0.145964297 -0.851664246 0.014273521
1561000603.294425488 -62220.116389 138.338707 85847.124055 -0.568481924 0.202364143 -0.797418946 -0.000284792
1561000603.394670963 -62304.363445 134.002718 85972.718852 -0.625735569 0.251794303 -0.737674441 -0.029850404
1561000603.494839191 -62388.708188 129.639807 86098.303538 -0.689267823 0.296269513 -0.658283801 -0.061617222
1561000603.594933271 -62473.149584 125.254873 86223.898015 -0.757825988 0.338737304 -0.553085015 -0.071089922
1561000603.693564415 -62556.504669 120.909853 86347.775113 -0.826562647 0.351493968 -0.433111381 -0.075237716
1561000603.795365810 -62642.678868 116.394042 86475.773530 -0.877483503 0.350846295 -0.323969517 -0.044422190
1561000603.895143270 -62727.263185 111.926409 86601.372317 -0.909128788 0.366252568 -0.194528911 0.038760871
1561000603.994510651 -62811.607000 107.419307 86726.596046 -0.919524530 0.378682991 -0.038943921 0.097760945
1561000604.095110893 -62897.087530 102.780483 86853.510577 -0.921375928 0.354998275 0.095216540 0.126397918
1561000604.193301201 -62980.592060 98.169966 86977.509306 -0.918428859 0.324455833 0.178833972 0.138691218
1561000604.294717789 -63066.898322 93.316583 87105.701090 -0.882238340 0.219926696 0.380834941 0.168084824
1561000604.394948006 -63152.226868 88.427011 87232.490168 -0.861006669 0.159650261 0.453103684 0.166962157
1561000604.494687319 -63237.156136 83.472747 87358.737041 -0.830423636 0.166059713 0.498415785 0.185479005
1561000604.595186710 -63322.750144 78.392260 87486.016136 -0.756249457 0.184564895 0.578357049 0.243978855
1561000604.693966150 -63406.904845 73.309787 87611.172509 -0.641592319 0.181157004 0.693127057 0.274073564
1561000604.795244694 -63493.224681 68.010565 87739.530453 -0.523320061 0.131064377 0.784260216 0.306421534
1561000604.895234823 -63578.492476 62.701710 87866.268592 -0.467854331 0.053329849 0.812268544 0.344220952
1561000604.993923187 -63662.697013 57.399464 87991.356162 -0.435859138 0.017844226 0.827050914 0.354535162
1561000605.094662189 -63748.700016 51.932500 88119.035802 -0.347014661 -0.055610055 0.855878467 0.379421134
1561000605.193653107 -63833.266805 46.521947 88244.484933 -0.156698578 -0.143585450 0.896188262 0.389455227
1561000605.294357300 -63919.373923 40.999695 88372.085471 -0.009840161 -0.153177322 0.922401730 0.354421963
1561000605.395662546 -64006.094610 35.435432 88500.431759 0.109705370 -0.121766054 0.942956354 0.289777629
1561000605.492702484 -64089.274772 30.094296 88623.367922 0.233652381 -0.100943946 0.942571209 0.216278526
1561000605.594244719 -64176.443063 24.485025 88752.012948 0.393013248 -0.081855630 0.906648230 0.129727523
1561000605.693331003 -64261.642345 18.984032 88877.569415 0.515371326 -0.072293037 0.847881134 0.101309906
1561000605.794343233 -64348.648278 13.346099 89005.609617 0.629202058 -0.060415701 0.764663106 0.125479274
1561000605.894029140 -64434.665873 7.753710 89132.034174 0.695427585 -0.032820227 0.700433768 0.157149115
1561000605.996037006 -64522.845139 2.004481 89261.490203 0.782355468 -0.010798360 0.603672654 0.152913843
1561000606.095916510 -64609.333935 -3.651446 89388.349480 0.869200654 -0.015001100 0.483530625 0.102290393
1561000606.194586992 -64694.908788 -9.270002 89513.792278 0.921979685 -0.021937947 0.384443198 0.040934267
1561000606.295801640 -64782.815078 -15.073912 89642.602990 0.939010273 -0.042718441 0.339844933 -0.030663701
1561000606.394642830 -64868.775458 -20.789326 89768.522639 0.942430102 -0.038419929 0.322489176 -0.079687779
1561000606.495878935 -64956.932599 -26.699710 89897.623461 0.958958950 -0.013207197 0.260047971 -0.112242395
1561000606.595714092 -65043.973005 -32.590289 90025.066908 0.973328041 0.018888160 0.178063652 -0.143419309
1561000606.694365025 -65130.068548 -38.476061 90151.126444 0.979190658 0.044559899 0.090291759 -0.176202922
1561000606.795615911 -65218.508458 -44.587980 90280.640069 0.976102285 0.062943988 0.017962619 -0.207219033
1561000606.894442558 -65304.893029 -50.626307 90407.177628 0.967082338 0.061847270 -0.040139621 -0.243547691
1561000606.995754242 -65393.505549 -56.893810 90537.020055 0.953548939 0.050056332 -0.070147162 -0.288648853
1561000607.095641851 -65480.924210 -63.153196 90665.152414 0.937584249 0.042069680 -0.092106745 -0.332689442
1561000607.194867373 -65567.813502 -69.453217 90792.540484 0.918494370 0.030007298 -0.106459710 -0.379649817
1561000607.295701027 -65656.161969 -75.942538 90922.091939 0.895325937 0.030747552 -0.134451920 -0.423519464
1561000607.395794153 -65743.909692 -82.473014 91050.781333 0.869655318 0.045319154 -0.168841900 -0.461668946
1561000607.494534254 -65830.514650 -89.002187 91177.809865 0.839846146 0.055145828 -0.191674851 -0.504854573
1561000607.595918179 -65919.479961 -95.795642 91308.312196 0.814853827 0.074730758 -0.197201009 -0.539944734
1561000607.694554090 -66006.071436 -102.490614 91435.339957 0.800928689 0.087068876 -0.204235375 -0.556075677
1561000607.795728207 -66094.928402 -109.444683 91565.696026 0.780435843 0.086587870 -0.201843114 -0.585390291
1561000607.895587683 -66182.668443 -116.394043 91694.412170 0.757763967 0.074184678 -0.174977815 -0.624238071
1561000607.995659351 -66270.636859 -123.442542 91823.448245 0.722067642 0.054660207 -0.185195674 -0.664329094
1561000608.095732927 -66358.653819 -130.573490 91952.524646 0.668718415 0.024741441 -0.238144317 -0.703911093
1561000608.194613695 -66445.671199 -137.695842 92080.089249 0.628194591 0.011730999 -0.261841903 -0.732579523
1561000608.295926094 -66534.883159 -145.067134 92210.810014 0.601289527 -0.009977175 -0.243123842 -0.761079600
1561000608.396018505 -66623.080780 -152.420230 92339.970765 0.573188468 -0.024738097 -0.227741641 -0.786750755
1561000608.495993137 -66711.238232 -159.830795 92468.989413 0.559518614 -0.017561485 -0.225005823 -0.797497896
1561000608.595975637 -66799.467369 -167.305574 92598.025623 0.556496541 -0.014280087 -0.218503389 -0.801476106
1561000608.694650173 -66886.604134 -174.744787 92725.380288 0.551609400 -0.002460125 -0.204508467 -0.808639168
1561000608.796043634 -66976.204200 -182.451905 92856.249032 0.537284214 0.016480809 -0.203509048 -0.818314196
1561000608.894971132 -67063.684583 -190.030830 92983.938549 0.514600937 0.022093884 -0.218978639 -0.828701449
1561000608.995695591 -67152.813047 -197.803837 93113.947399 0.493954231 0.007777222 -0.233194664 -0.837597147
1561000609.095528364 -67241.214514 -205.561552 93242.803671 0.482416371 -0.005532127 -0.228431965 -0.845613788
1561000609.194526196 -67328.939870 -213.305986 93370.579393 0.463304494 -0.004238625 -0.220754135 -0.858253221
1561000609.295534134 -67418.512307 -221.256864 93500.944180 0.433844078 0.005827026 -0.214106179 -0.875159360
1561000609.395491123 -67507.217593 -229.168337 93629.943818 0.378154925 0.012373276 -0.235543726 -0.895189873
1561000609.495063305 -67595.646355 -237.083990 93758.434567 0.353819296 -0.013598393 -0.234287487 -0.905392933
1561000609.595340729 -67684.772677 -245.085679 93887.821550 0.332843917 -0.034313996 -0.226551203 -0.914719645
1561000609.694152355 -67772.670356 -252.997487 94015.303029 0.307097815 -0.020256269 -0.207429399 -0.928576147
1561000609.794476271 -67861.989020 -261.052377 94144.720261 0.277834747 -0.027846246 -0.175652505 -0.944022583
1561000609.894307613 -67950.946271 -269.083961 94273.486125 0.242334485 -0.046881960 -0.192440688 -0.949759265
1561000609.994590998 -68040.387293 -277.162284 94402.818958 0.220465012 -0.004238519 -0.211881940 -0.952094143
1561000610.095749617 -68130.687659 -285.316586 94533.263738 0.197624657 0.019668430 -0.213121559 -0.956627853
1561000610.194680929 -68219.072384 -293.292295 94660.819625 0.164540445 -0.001496885 -0.192219453 -0.967458466
1561000610.295899153 -68309.577764 -301.446927 94791.308095 0.093914082 -0.012396712 -0.245822935 -0.964674842
1561000610.395681381 -68398.882623 -309.471774 94919.931761 0.024551994 -0.005036375 -0.294290883 -0.955387205
1561000610.494619608 -68487.518975 -317.405644 95047.457647 -0.006961949 -0.007556513 -0.281858850 -0.959400865
1561000610.595914125 -68578.358735 -325.499183 95178.013659 -0.032473932 -0.038344108 -0.257952054 -0.964850201
1561000610.694490910 -68666.853220 -333.343252 95305.061766 -0.070238496 -0.053844441 -0.235933288 -0.967730755
1561000610.795706272 -68757.814119 -341.358367 95435.510907 -0.121163477 -0.060744011 -0.248089393 -0.959208648
1561000610.895713329 -68847.788451 -349.232994 95564.407423 -0.161152769 -0.074716580 -0.249763821 -0.951874599
1561000610.994502544 -68936.767271 -356.963410 95691.744521 -0.184043289 -0.089094556 -0.226247579 -0.952366663
1561000611.095757723 -69028.071492 -364.833415 95822.274462 -0.218058760 -0.087126201 -0.214142754 -0.948157309
1561000611.194505453 -69117.215170 -372.452022 95949.590161 -0.254277553 -0.081536512 -0.197421993 -0.943249320
1561000611.295738935 -69208.705142 -380.200123 96080.134441 -0.287501907 -0.091337408 -0.191639389 -0.933956357
1561000611.395321131 -69298.804107 -387.757191 96208.577793 -0.321948636 -0.106275171 -0.195768281 -0.920179028
1561000611.495012522 -69389.105453 -395.256487 96337.196763 -0.359471027 -0.115854122 -0.192092893 -0.905791766
1561000611.595866442 -69480.566199 -402.773235 96467.357726 -0.401949746 -0.118452455 -0.195888065 -0.886585181
1561000611.696907520 -69572.304519 -410.231447 96597.810841 -0.447037200 -0.130893720 -0.208693191 -0.859925420
1561000611.797232151 -69663.501328 -417.563994 96727.397302 -0.478041678 -0.157751869 -0.210005716 -0.838145632
1561000611.897061348 -69754.358310 -424.788963 96856.409798 -0.491517711 -0.188536099 -0.210726764 -0.823686051
1561000611.996095657 -69844.602684 -431.886428 96984.465047 -0.510392097 -0.187640677 -0.185914796 -0.818368238
1561000612.097243309 -69936.883929 -439.061908 97115.328725 -0.541082467 -0.173089012 -0.147941808 -0.809557397
1561000612.196192741 -70027.262849 -446.006959 97243.427362 -0.594178575 -0.162322747 -0.151836617 -0.773012799
1561000612.297273397 -70119.691351 -453.026003 97374.375685 -0.638091951 -0.153825857 -0.162169076 -0.736802184
1561000612.396880150 -70210.874081 -459.870336 97503.513384 -0.661453117 -0.162378400 -0.156193638 -0.715343678
1561000612.497487307 -70303.073921 -466.712019 97634.053362 -0.665435401 -0.186673400 -0.123610816 -0.712087870
1561000612.597723961 -70395.032487 -473.456975 97764.220538 -0.684177037 -0.183560824 -0.087064798 -0.700447661
1561000612.697077036 -70486.271412 -480.071339 97893.349865 -0.708194369 -0.187648661 -0.091323774 -0.674469187
1561000612.797739267 -70578.804528 -486.703701 98024.297307 -0.734386630 -0.206377997 -0.123678729 -0.634655791
1561000612.896218538 -70669.423630 -493.130572 98152.525116 -0.776035507 -0.186615868 -0.109822935 -0.592353216
1561000612.989501953 -70755.343925 -499.167479 98274.104196 -0.806777679 -0.171953185 -0.105805050 -0.555290167
1561000613.089231253 -70847.286705 -505.572117 98404.216328 -0.825405766 -0.174423533 -0.104458855 -0.526659377
1561000613.188308239 -70938.713367 -511.888491 98533.616386 -0.826446383 -0.186747640 -0.046598041 -0.529093865
1561000613.289571285 -71032.234482 -518.293409 98666.014320 -0.834933269 -0.194980799 0.003370081 -0.514643145
1561000613.389598608 -71124.683006 -524.569477 98796.938945 -0.859358063 -0.163074544 0.045398795 -0.482544673
1561000613.488378525 -71216.041215 -530.723948 98926.374154 -0.911259103 -0.111536914 0.009465961 -0.396329104
1561000613.589390993 -71309.524959 -536.987197 99058.890080 -0.923735479 -0.163022174 0.016251107 -0.346225992
1561000613.688098669 -71400.931164 -543.087815 99188.538378 -0.920529703 -0.182360760 0.044215257 -0.342658184
1561000613.789130211 -71494.541745 -549.313499 99321.398334 -0.888714807 -0.273819584 0.088039205 -0.357012501
1561000613.888866186 -71586.997924 -555.433051 99452.708607 -0.880056632 -0.271934912 0.156689441 -0.356370801
1561000613.988075495 -71679.002610 -561.491734 99583.472463 -0.903569046 -0.229360821 0.162983407 -0.323099058
1561000614.089151859 -71772.774314 -567.643541 99716.850173 -0.944319278 -0.150989336 0.143072592 -0.254938336
1561000614.188094616 -71864.603137 -573.658385 99847.565223 -0.964108042 -0.111780779 0.119382770 -0.209161409
1561000614.289078474 -71958.366798 -579.800802 99981.134465 -0.967936136 -0.143883953 0.103300059 -0.178118340
1561000614.387990236 -72050.247422 -585.825637 100112.117708 -0.966783641 -0.164774726 0.121603728 -0.152941865
1561000614.489078999 -72144.188537 -591.995490 100246.140465 -0.965291815 -0.167590650 0.154385241 -0.127633397
1561000614.589188576 -72237.252536 -598.121395 100379.018808 -0.968250825 -0.154581195 0.173251030 -0.092623299
1561000614.688157082 -72329.285035 -604.199221 100510.530468 -0.968891089 -0.121558808 0.210087585 -0.048339642
1561000614.789418221 -72423.475859 -610.447949 100645.236611 -0.970446660 -0.091354608 0.223347752 0.001843352
1561000614.888713121 -72515.862802 -616.613383 100777.468174 -0.971477928 -0.093803991 0.214793616 0.035988181
1561000614.988160849 -72608.417313 -622.831585 100910.040783 -0.966340175 -0.126220889 0.218584254 0.049758186
1561000615.089141607 -72702.422716 -629.190896 101044.796091 -0.955339977 -0.163460796 0.238293560 0.061824550
1561000615.189135790 -72795.528181 -635.532388 101178.369264 -0.951095346 -0.149979457 0.254726332 0.089656569
1561000615.289143324 -72888.663103 -641.921985 101312.090386 -0.950963511 -0.107338247 0.261234301 0.126109244
1561000615.388444901 -72981.160097 -648.320013 101444.992448 -0.946656964 -0.075084977 0.270272922 0.158604494
1561000615.489651918 -73075.454762 -654.902000 101580.568881 -0.944215275 -0.057686215 0.268470616 0.181805786
1561000615.589311838 -73168.333723 -661.447504 101714.192777 -0.946896536 -0.059541957 0.257818019 0.182678884
1561000615.689277172 -73261.524087 -668.077311 101848.346116 -0.952785710 -0.077169313 0.248134049 0.157078903
1561000615.788393736 -73353.949087 -674.711782 101981.481430 -0.958168419 -0.096339302 0.234521331 0.132784658
1561000615.888084412 -73446.934077 -681.442263 102115.512963 -0.951800171 -0.125381917 0.256347655 0.112435263
1561000615.989220858 -73541.289152 -688.326109 102251.616731 -0.953250914 -0.091329162 0.264642634 0.113736338
1561000616.089035034 -73634.431230 -695.175673 102386.066583 -0.958073171 -0.064467723 0.257486292 0.107891250
1561000616.188613653 -73727.376156 -702.064997 102520.324770 -0.960157516 -0.074194962 0.253235576 0.092002146
1561000616.288748264 -73820.863017 -709.046925 102655.461284 -0.958091754 -0.097152893 0.258107853 0.077471558
1561000616.388676167 -73914.177330 -716.064575 102790.449249 -0.959240785 -0.104965984 0.253818601 0.066448297
1561000616.489473343 -74008.323593 -723.192005 102926.744770 -0.955839560 -0.099102432 0.270669375 0.057337008
1561000616.589435101 -74101.707973 -730.307219 103062.042946 -0.949833120 -0.098693152 0.292245609 0.051664401
1561000616.689429522 -74195.138759 -737.469864 103197.516186 -0.943699039 -0.112484951 0.308759919 0.038033831
1561000616.789684296 -74288.824702 -744.692853 103333.472537 -0.932501715 -0.153992456 0.326414554 0.013431817
1561000616.888927460 -74381.572769 -751.878335 103468.184856 -0.924123874 -0.172679149 0.340841614 -0.001992877
1561000616.989599466 -74475.660356 -759.198170 103604.965465 -0.913570637 -0.191648664 0.357571965 -0.028315553
1561000617.089574099 -74569.097592 -766.493328 103740.925648 -0.906338446 -0.216985600 0.361102584 -0.032753530
1561000617.188576698 -74661.626072 -773.739287 103875.687773 -0.911072845 -0.232853298 0.338447767 -0.034332510
1561000617.289016008 -74755.496023 -781.109222 104012.531502 -0.902683077 -0.227770102 0.364158547 -0.025934464
1561000617.388069630 -74848.069730 -788.396815 104147.611094 -0.874996065 -0.238453874 0.418797372 -0.046156237
1561000617.489055634 -74942.443580 -795.842653 104285.447078 -0.859245396 -0.261212072 0.435283445 -0.063197518
1561000617.589154005 -75035.978590 -803.233227 104422.187326 -0.821625748 -0.302521754 0.474436978 -0.091221009
1561000617.688149214 -75128.470110 -810.543475 104557.527499 -0.774549694 -0.312030830 0.534038518 -0.132334401
1561000617.789316893 -75222.975276 -818.006571 104695.937922 -0.724033509 -0.318348004 0.587285671 -0.171830052
1561000617.888341665 -75315.461590 -825.296142 104831.504570 -0.685011069 -0.293643050 0.632267175 -0.211593511
1561000617.988661766 -75409.140334 -832.661414 104968.924912 -0.654921227 -0.271672927 0.665583684 -0.232960010
1561000618.089234591 -75503.037529 -840.024226 105106.764879 -0.605516446 -0.249456145 0.708086296 -0.264074352
1561000618.188106298 -75595.330243 -847.241239 105242.335526 -0.552345829 -0.237740737 0.746413348 -0.285062346
1561000618.289127350 -75689.615364 -854.591947 105380.904861 -0.493572358 -0.233500640 0.784930532 -0.292827318
1561000618.388021946 -75781.905578 -861.765291 105516.597914 -0.469667725 -0.227299053 0.800431268 -0.295054492
1561000618.489086151 -75876.212541 -869.074078 105655.302970 -0.403046417 -0.212502807 0.830995607 -0.319127631
1561000618.589167595 -75969.599462 -876.291586 105792.685534 -0.305097300 -0.178001341 0.868932690 -0.346680170
1561000618.688556194 -76062.345248 -883.444590 105929.130834 -0.231600821 -0.117931256 0.890881865 -0.372535611
1561000618.789288521 -76156.356936 -890.688457 106067.426995 -0.164055795 -0.047916464 0.898679976 -0.403935649
1561000618.888283253 -76248.763661 -897.812326 106203.339182 -0.083260565 0.001906913 0.908096884 -0.410395042
1561000618.989082575 -76342.879977 -905.082478 106341.727811 0.009053107 0.035274882 0.927526453 -0.371979035
1561000619.089042187 -76436.248505 -912.320393 106478.959139 0.089525607 0.062537759 0.935375058 -0.336374338
1561000619.189354181 -76529.995202 -919.622109 106616.670132 0.188162496 0.094693369 0.926488216 -0.311845519
1561000619.289241076 -76623.406466 -926.940472 106753.797262 0.291742710 0.123021893 0.904413788 -0.285985148
1561000619.388316154 -76716.132620 -934.254444 106889.816297 0.376137926 0.150903983 0.870820767 -0.278243492
1561000619.489248037 -76810.681563 -941.767982 107028.400171 0.456068399 0.184198086 0.824865909 -0.278691431
1561000619.588975191 -76904.192644 -949.258964 107165.356126 0.512455478 0.200510880 0.785361369 -0.283535343
1561000619.687911749 -76997.054952 -956.759984 107301.261742 0.560461314 0.228242133 0.747322746 -0.274403641
1561000619.788990974 -77092.026736 -964.498218 107440.157508 0.621774067 0.263063414 0.692774361 -0.253492278
1561000619.888056278 -77185.205316 -972.158345 107576.344216 0.666691239 0.283175329 0.646807967 -0.238692226
1561000619.989029408 -77280.281200 -980.044892 107715.223745 0.686452748 0.305137923 0.623739262 -0.215923146
1561000620.089244127 -77374.745971 -987.951357 107853.138502 0.707277104 0.325102113 0.596691565 -0.195004848
1561000620.188662529 -77468.562027 -995.872643 107990.041085 0.723119736 0.337154018 0.572494620 -0.188878071
1561000620.289382696 -77563.708673 -1003.976447 108128.826034 0.733767826 0.343950863 0.554867763 -0.188160428
1561000620.388595819 -77657.531432 -1012.036298 108265.626986 0.740481549 0.355599716 0.543070905 -0.174097414
1561000620.488496780 -77752.103915 -1020.228834 108403.471785 0.739909027 0.358806734 0.541480065 -0.174904826
1561000620.589591503 -77847.907583 -1028.597852 108543.062053 0.753588481 0.366660412 0.513563924 -0.184164707
1561000620.688437462 -77941.675882 -1036.857389 108679.644830 0.758263229 0.370309452 0.504758347 -0.182007682
1561000620.789510727 -78037.653583 -1045.381326 108819.407093 0.756624320 0.372641518 0.506558668 -0.179042603
1561000620.888329506 -78131.584564 -1053.791367 108956.152191 0.750645424 0.385642089 0.508652037 -0.170542462
1561000620.989353657 -78227.707920 -1062.466341 109096.052998 0.752753766 0.388853711 0.499732891 -0.180059979
1561000621.089260578 -78322.861796 -1071.122801 109234.510537 0.757442499 0.383116469 0.490404309 -0.197499991
1561000621.189027071 -78417.972255 -1079.844648 109372.877122 0.764011918 0.391490431 0.474531736 -0.194526768
1561000621.288985014 -78513.353874 -1088.661090 109511.615074 0.766928640 0.400612234 0.463427723 -0.191219884
1561000621.388111591 -78608.027960 -1097.481056 109649.306122 0.773212095 0.410933107 0.445691444 -0.186107967
1561000621.489301205 -78704.758525 -1106.562936 109789.975403 0.782411550 0.413900927 0.432084206 -0.172688819
1561000621.589387894 -78800.518900 -1115.622820 109929.225530 0.790007300 0.409993047 0.424662098 -0.165699338
1561000621.689358950 -78896.252778 -1124.747572 110068.429578 0.792274144 0.414975311 0.417067848 -0.161714513
1561000621.789435863 -78992.171792 -1133.956365 110207.897266 0.803218829 0.415492199 0.401116560 -0.145983734
1561000621.888290882 -79087.002613 -1143.123525 110345.778858 0.817415891 0.416926960 0.389047331 -0.081518990
1561000621.988398314 -79183.122676 -1152.471553 110485.532259 0.807904883 0.442424074 0.389159399 0.010276258
1561000622.089270592 -79280.072842 -1161.947565 110626.487289 0.826590583 0.425319601 0.368558728 0.003963478
1561000622.189040899 -79376.059015 -1171.373559 110766.035750 0.877280867 0.355040294 0.315636536 -0.068543758
1561000622.288555622 -79471.889382 -1180.832463 110905.357420 0.896094719 0.325678771 0.284310926 -0.100572809
1561000622.388411760 -79568.136192 -1190.383580 111045.287151 0.882503883 0.348744686 0.305774101 -0.077886064
1561000622.489401817 -79665.567050 -1200.101981 111186.940098 0.865940966 0.385549821 0.317605301 -0.024989034
1561000622.589355707 -79762.091214 -1209.773151 111327.275537 0.855916459 0.406917220 0.318582349 0.018184575
1561000622.688276768 -79857.710718 -1219.389827 111466.296988 0.866475077 0.399045627 0.298815068 0.026326483
1561000622.791048527 -79957.148520 -1229.424778 111610.875770 0.887165406 0.375936872 0.266854852 0.019937390
1561000622.888669729 -80051.689738 -1238.996083 111748.348316 0.896919836 0.361240076 0.252487804 0.035921079
1561000622.990720034 -80150.609298 -1249.039498 111892.205010 0.896352377 0.357604494 0.249941389 0.078744799
1561000623.090923071 -80247.828844 -1258.932050 112033.606493 0.892267828 0.372040684 0.227290730 0.117400072
1561000623.190767050 -80344.789446 -1268.814249 112174.649843 0.904196140 0.348875790 0.221584823 0.107773788
1561000623.291919947 -80443.112660 -1278.852263 112317.693652 0.926597788 0.299807870 0.205738689 0.095934204
1561000623.388769627 -80537.339914 -1288.488820 112454.794900 0.921690344 0.311298368 0.198708563 0.118722969
1561000623.490224838 -80636.141073 -1298.607076 112598.566561 0.911135832 0.330125539 0.187721821 0.160028565
1561000623.591126680 -80734.499153 -1308.688783 112741.707971 0.909332462 0.328785211 0.167780299 0.192001378
1561000623.688518047 -80829.525177 -1318.431537 112880.015606 0.913827475 0.313325357 0.135639100 0.219883152
1561000623.790722609 -80929.339586 -1328.661948 113025.313967 0.922664536 0.283773781 0.089658244 0.245201947
1561000623.890065908 -81026.445314 -1338.604359 113166.697920 0.930150726 0.255796625 0.037178541 0.260778583
1561000623.988938093 -81123.167761 -1348.493376 113307.561764 0.937116685 0.227476937 0.014445185 0.264306448
1561000624.090300560 -81222.401240 -1358.622292 113452.130019 0.939810352 0.201453798 -0.072946141 0.266179882
1561000624.189752340 -81319.827077 -1368.547441 113594.126861 0.912857616 0.212275611 -0.156649737 0.311594124
1561000624.289936304 -81418.020326 -1378.521788 113737.318959 0.876687875 0.241456759 -0.221543875 0.352186478
1561000624.388128042 -81514.300910 -1388.263939 113877.802508 0.814469996 0.283039500 -0.300479597 0.407724514
1561000624.488582373 -81612.834821 -1398.184425 114021.655036 0.802316620 0.240400372 -0.335550454 0.431163073
1561000624.589946270 -81712.290725 -1408.143606 114166.937822 0.796412687 0.190745272 -0.366596322 0.441531663
1561000624.688107967 -81808.627618 -1417.738722 114307.747869 0.775710597 0.126564522 -0.411902065 0.461076112
1561000624.789952040 -81908.594921 -1427.644018 114453.954867 0.747487370 0.095406828 -0.457273177 0.472293776
1561000624.889183998 -82006.008146 -1437.247212 114596.515665 0.699619596 0.097941520 -0.523103316 0.476762835
1561000624.989991426 -82104.972693 -1446.955657 114741.433132 0.593382441 0.092196501 -0.619822806 0.505189838
1561000625.090699196 -82203.840802 -1456.609009 114886.278811 0.475381453 0.077321648 -0.709914507 0.513863046
1561000625.190145731 -82301.472445 -1466.103359 115029.357845 0.443684339 0.062316773 -0.728154366 0.518702272
1561000625.289371252 -82398.889156 -1475.542632 115172.158640 0.410683368 -0.045847446 -0.714236942 0.564891826
1561000625.388485670 -82496.197026 -1484.945587 115314.837168 0.349642211 -0.148449418 -0.720510653 0.580152992
1561000625.488559008 -82594.443390 -1494.424618 115458.929317 0.315957363 -0.161219987 -0.757555262 0.547986392
1561000625.590664864 -82694.683170 -1504.089732 115605.978278 0.238942783 -0.149877559 -0.806959980 0.518901392
1561000625.688931465 -82791.158404 -1513.394114 115747.518203 0.182707693 -0.112071595 -0.850704667 0.479957734
1561000625.789959669 -82890.357227 -1522.967700 115893.046911 0.150666633 -0.085401043 -0.878940262 0.444376240
1561000625.890158415 -82988.760765 -1532.471361 116037.388613 0.107527151 -0.101954734 -0.871502329 0.467468538
1561000625.990035057 -83086.871685 -1541.957143 116181.270930 0.052005042 -0.124896606 -0.863015358 0.486724568
1561000626.089098215 -83184.211795 -1551.383279 116323.984155 -0.010018270 -0.126882334 -0.862933952 0.489025053
1561000626.190240145 -83283.631368 -1561.029925 116469.692183 -0.066116641 -0.114133647 -0.871403613 0.472501687
1561000626.290015936 -83381.752548 -1570.572601 116613.430563 -0.101650107 -0.099093777 -0.878054587 0.457020593
1561000626.388239384 -83478.397531 -1579.994308 116754.929599 -0.137349619 -0.096413106 -0.875856546 0.452454314
1561000626.490420818 -83578.996372 -1589.826816 116902.126961 -0.179283202 -0.096309125 -0.880164685 0.428826555
1561000626.590437651 -83677.529110 -1599.484635 117046.203157 -0.218146524 -0.104471328 -0.874672519 0.420054544
1561000626.688868761 -83774.567491 -1609.025240 117187.993932 -0.249752925 -0.106154348 -0.868948253 0.413864307
1561000626.790282249 -83874.620962 -1618.894365 117334.081322 -0.285036230 -0.107148828 -0.862960572 0.403202837
1561000626.888747931 -83971.845022 -1628.517166 117475.925066 -0.353238492 -0.096558476 -0.854760978 0.367807966
1561000626.990528822 -84072.434469 -1638.508913 117622.552556 -0.444403370 -0.106731456 -0.824172540 0.334445310
1561000627.091301680 -84172.131745 -1648.450532 117767.744622 -0.489797374 -0.117260508 -0.806515438 0.309647144
1561000627.190646410 -84270.523008 -1658.301517 117910.902928 -0.536942903 -0.122254869 -0.758710672 0.348000262
1561000627.291584730 -84370.603507 -1668.365075 118056.388039 -0.601109848 -0.137328298 -0.693535306 0.372581090
1561000627.389930964 -84468.223968 -1678.228061 118198.177598 -0.651993568 -0.149061303 -0.658225112 0.345578959
1561000627.491462469 -84569.122963 -1688.472258 118344.610621 -0.681988978 -0.142687585 -0.658726976 0.283919105
1561000627.590996265 -84668.158016 -1698.572630 118488.220609 -0.725585337 -0.146693585 -0.635610460 0.219103293
1561000627.689822435 -84766.612411 -1708.653830 118630.875562 -0.780703035 -0.165511743 -0.576961123 0.173851938
1561000627.791645527 -84868.182798 -1719.092772 118777.940201 -0.840914265 -0.154468210 -0.494903614 0.155155357
1561000627.890107632 -84966.524686 -1729.234563 118920.244788 -0.869384392 -0.110715154 -0.452647083 0.164388417
1561000627.991990805 -85068.411425 -1739.774527 119067.598603 -0.899491618 -0.120186347 -0.397708885 0.135269043
1561000628.091292620 -85167.838633 -1750.089201 119211.330706 -0.925744434 -0.124119493 -0.339130900 0.112168744
1561000628.190286398 -85267.071996 -1760.409643 119354.735131 -0.948608036 -0.115014303 -0.277497526 0.099547111
1561000628.291982651 -85369.127261 -1771.047434 119502.185396 -0.965715184 -0.115941783 -0.215746593 0.086052850
1561000628.389955044 -85467.546343 -1781.327693 119644.367664 -0.980578814 -0.124806864 -0.137334714 0.063463479
1561000628.491547346 -85569.696590 -1792.015866 119791.946301 -0.988025253 -0.125729058 -0.078208175 0.043379554
1561000628.592483997 -85671.274292 -1802.658538 119938.721026 -0.989612001 -0.139009901 -0.024007053 0.027712761
1561000628.692939281 -85772.445959 -1813.269498 120084.944998 -0.988195087 -0.149704899 0.029696639 0.013304964
1561000628.792975903 -85873.265100 -1823.851380 120230.708961 -0.987185564 -0.142225945 0.071470313 0.011332980
1561000628.893124342 -85974.259624 -1834.458940 120376.784938 -0.984412656 -0.146473662 0.091962985 0.031937411
1561000628.994488001 -86076.538418 -1845.210504 120524.785023 -0.978164560 -0.142103175 0.143897458 0.047898883
1561000629.093893528 -86176.891231 -1855.770451 120670.072768 -0.974918612 -0.173123526 0.139675049 0.007268120
1561000629.194137573 -86278.138332 -1866.429390 120816.733223 -0.934969400 -0.222182337 0.261722772 -0.089266015
1561000629.294419289 -86379.462255 -1877.085036 120963.592959 -0.893994076 -0.319071453 0.289414262 -0.123318225
1561000629.392949581 -86479.049878 -1887.537967 121108.023389 -0.906413938 -0.257194208 0.325983859 -0.077456030
1561000629.494343758 -86581.560269 -1898.282512 121256.789850 -0.920895970 -0.107277487 0.373939360 -0.024728703
1561000629.594117880 -86682.453985 -1908.855175 121403.312901 -0.909152636 0.057065787 0.412519412 0.003565901
1561000629.694884539 -86784.367566 -1919.541684 121551.424036 -0.899982583 -0.032801216 0.434556116 0.010789457
1561000629.794420242 -86885.048053 -1930.105686 121697.850897 -0.882254622 -0.183740319 0.433073788 0.017702289
1561000629.892960310 -86984.732190 -1940.565862 121842.933743 -0.859164013 -0.248471847 0.446808659 0.021470022
1561000629.994221449 -87087.179734 -1951.312094 121992.146850 -0.835394640 -0.222817555 0.502150397 0.017694944
1561000630.094347715 -87188.485275 -1961.934345 122139.803813 -0.823281560 -0.171670572 0.541049362 0.001508481
1561000630.195721149 -87291.056579 -1972.684064 122289.412947 -0.775086453 -0.139837394 0.616006402 -0.014919958
1561000630.294262886 -87390.761401 -1983.127285 122434.940594 -0.730561254 -0.159938522 0.663849430 0.001964142
1561000630.392771244 -87490.428947 -1993.559695 122580.506096 -0.719797748 -0.169427944 0.672975501 0.017010237
1561000630.494265318 -87593.112361 -2004.300351 122730.569508 -0.661948012 -0.126294187 0.738809384 0.005941504
1561000630.594314575 -87694.328333 -2014.880374 122878.570318 -0.586852913 -0.148464960 0.795494081 0.027404042
1561000630.694082022 -87795.254326 -2025.421415 123026.211927 -0.517583697 -0.113038419 0.847073683 0.042374608
1561000630.794213772 -87896.547283 -2035.993570 123174.436171 -0.457542009 -0.090393311 0.883668616 0.040176317
1561000630.894426823 -87997.925029 -2046.569910 123322.814526 -0.432596240 -0.083068199 0.895537611 0.063028212
1561000630.994351387 -88099.016294 -2057.113263 123470.793271 -0.414759968 -0.081828607 0.901631535 0.091317153
1561000631.093429804 -88199.258580 -2067.566644 123617.543815 -0.352932484 -0.101101332 0.922657777 0.117982241
1561000631.194374323 -88301.402379 -2078.214399 123767.076272 -0.280248576 -0.114473181 0.942710205 0.140193063
1561000631.294577122 -88402.817750 -2088.778196 123915.520802 -0.220529638 -0.118695587 0.948629443 0.193339640
1561000631.392826080 -88502.282574 -2099.130150 124061.077698 -0.139877902 -0.096811315 0.968459792 0.182064199
1561000631.494274139 -88605.022630 -2109.813040 124211.376635 -0.064418008 -0.083274457 0.977947620 0.180372222
1561000631.593245506 -88705.302782 -2120.229920 124358.004640 -0.008327305 -0.048068028 0.986185824 0.158296053
1561000631.694633245 -88808.093496 -2130.897273 124508.208079 0.069825753 -0.054316902 0.980681008 0.174467185
1561000631.794399261 -88909.311835 -2141.388212 124656.005208 0.169563976 -0.067796701 0.964906046 0.188700788
1561000631.894675732 -89011.131472 -2151.922325 124804.556982 0.202209379 -0.046566037 0.954814684 0.212771923
1561000631.994400501 -89112.481615 -2162.387727 124952.292365 0.271122892 -0.030970502 0.944631196 0.182222689
1561000632.093494415 -89213.289422 -2172.778099 125099.097844 0.355628602 -0.016914484 0.926299714 0.123333037
1561000632.193294048 -89314.926416 -2183.234412 125246.959653 0.424519551 0.004917706 0.894997214 0.136890296
1561000632.294002533 -89417.612378 -2193.777681 125396.188589 0.499931629 0.007449965 0.851742153 0.156678552
1561000632.392628193 -89518.302264 -2204.092351 125542.361087 0.545931777 0.001826000 0.820893425 0.167598165
1561000632.493998289 -89621.929496 -2214.681024 125692.640246 0.608014359 0.008165101 0.777437410 0.160757406
1561000632.593672276 -89723.960614 -2225.077181 125840.454039 0.669152650 0.030162578 0.721657797 0.174742595
1561000632.692743540 -89825.512034 -2235.395810 125987.432395 0.656726895 0.038546618 0.746759831 0.097845281
1561000632.794433594 -89929.892544 -2245.977983 126138.358073 0.664535433 0.050934083 0.739240578 0.096549186
1561000632.893425703 -90031.644607 -2256.274681 126285.339840 0.687191454 0.066519241 0.714238919 0.114916765
1561000632.994256735 -90135.430724 -2266.756189 126435.119656 0.707500102 0.090364483 0.675373044 0.187480980
1561000633.093676090 -90237.905454 -2277.080673 126582.873732 0.724589443 0.097791617 0.657524431 0.181847632
1561000633.194122076 -90341.580418 -2287.501405 126732.225965 0.728333126 0.127481393 0.655805102 0.152312248
1561000633.294004917 -90444.815852 -2297.856348 126880.816896 0.755756826 0.135254423 0.627592079 0.129097028
1561000633.392528057 -90546.783947 -2308.066534 127027.465095 0.763270142 0.158263078 0.607144547 0.154100578
1561000633.493539333 -90651.468899 -2318.528577 127177.904547 0.780849763 0.169324312 0.560379250 0.218123867
1561000633.594289780 -90756.023648 -2328.950153 127328.048549 0.785885398 0.202753182 0.522520546 0.261242354
1561000633.694199324 -90859.843527 -2339.267100 127477.033329 0.792721148 0.221980149 0.495735651 0.276702293
1561000633.794466734 -90964.170441 -2349.601819 127626.648283 0.832151063 0.194366100 0.447648340 0.263357915
1561000633.893146038 -91066.973720 -2359.750454 127773.995634 0.854995280 0.166148814 0.422135557 0.251354759
1561000633.994599342 -91172.797005 -2370.159579 127925.594933 0.862951058 0.170679934 0.391992826 0.269305506
1561000634.092911243 -91275.466942 -2380.219508 128072.609317 0.881209994 0.189769695 0.335475697 0.273701419
1561000634.195925474 -91383.173309 -2390.730058 128226.775393 0.907438268 0.171820686 0.279157884 0.262876999
1561000634.295800924 -91487.714964 -2400.888357 128376.366649 0.917906085 0.190321326 0.233317186 0.258436263
1561000634.394457817 -91591.087638 -2410.890143 128524.256287 0.927411028 0.188886982 0.197179986 0.255637531
1561000634.495526314 -91697.091365 -2421.101497 128675.891649 0.933177476 0.199610136 0.165610810 0.248814491
1561000634.594696999 -91801.203142 -2431.085884 128824.810412 0.937161634 0.217034410 0.095764536 0.255838408
1561000634.695588827 -91907.213661 -2441.205289 128976.448868 0.945140747 0.199739305 0.027019472 0.257066386
1561000634.796996117 -92013.848773 -2451.333672 129129.000379 0.946235652 0.194419525 -0.032523878 0.256478727
1561000634.895970583 -92117.996377 -2461.176208 129278.026086 0.946422991 0.182423430 -0.087465266 0.251704275
1561000634.997095823 -92224.470493 -2471.187048 129430.426658 0.941008724 0.166313829 -0.155627936 0.250244354
1561000635.088376045 -92320.623998 -2480.183116 129568.105640 0.929455766 0.159755465 -0.214856990 0.253824041
1561000635.188533306 -92426.168982 -2490.008264 129719.296892 0.907755947 0.152499353 -0.292059568 0.259661889
1561000635.289186954 -92532.269970 -2499.832624 129871.359975 0.881866226 0.142528916 -0.360536138 0.268348954
1561000635.388779402 -92637.275792 -2509.502917 130021.931508 0.856842061 0.127183227 -0.418597337 0.272804654
1561000635.488985777 -92742.945711 -2519.182999 130173.535281 0.832108924 0.098570596 -0.470747010 0.276180791
1561000635.588765144 -92848.176088 -2528.773876 130324.588909 0.804107773 0.049900838 -0.524352724 0.275635297
1561000635.688190699 -92953.037070 -2538.287972 130475.192621 0.769838835 0.002529348 -0.578745204 0.269064601
1561000635.788929462 -93059.281049 -2547.890132 130627.863276 0.731051408 -0.038057994 -0.630279988 0.258577966
1561000635.887952089 -93163.709300 -2557.298865 130777.999104 0.667086141 -0.059636006 -0.700832899 0.245505346
1561000635.989114523 -93270.387195 -2566.888001 130931.433318 0.595630120 -0.070519237 -0.768328645 0.223434311
1561000636.090291977 -93377.076523 -2576.462575 131084.930752 0.530851067 -0.095238705 -0.816993435 0.204079547
1561000636.189458609 -93481.645917 -2585.838946 131235.405473 0.445103851 -0.141949946 -0.863394218 0.190481493
1561000636.289550066 -93587.198698 -2595.305008 131387.300331 0.362103634 -0.188281696 -0.895312954 0.178453568
1561000636.389464617 -93692.582826 -2604.766840 131538.935493 0.297809393 -0.201476373 -0.920508793 0.152906504
1561000636.489388943 -93798.004672 -2614.247501 131690.588456 0.252538301 -0.200794935 -0.937562428 0.129932652
1561000636.588763714 -93902.881531 -2623.695379 131841.406910 0.221290267 -0.194219352 -0.950306058 0.101132868
1561000636.689225674 -94008.947212 -2633.266766 131993.872429 0.158362494 -0.207184687 -0.961158827 0.090385478
1561000636.789268017 -94114.620745 -2642.821346 132145.696737 0.112636783 -0.234229345 -0.960210995 0.102197913
1561000636.889044046 -94220.071824 -2652.378136 132297.112326 0.039757690 -0.261224900 -0.959145200 0.101100756
1561000636.989036560 -94325.820645 -2661.988637 132448.853662 -0.027059330 -0.277824095 -0.956138979 0.088768339
1561000637.088315725 -94430.895111 -2671.566004 132599.511658 -0.074572927 -0.281690138 -0.954871392 0.057534070
1561000637.189442635 -94538.016683 -2681.357945 132752.975453 -0.146725067 -0.287264992 -0.946146361 0.027525293
1561000637.290838957 -94645.527316 -2691.211357 132906.853469 -0.200966906 -0.291447730 -0.935237698 0.000985750
1561000637.388084412 -94748.743254 -2700.693314 133054.442626 -0.241108663 -0.280306752 -0.929074341 -0.010752028
1561000637.489268780 -94856.257321 -2710.589576 133208.024065 -0.282497462 -0.264480506 -0.921639111 -0.028750553
1561000637.588603020 -94961.926964 -2720.330167 133358.813977 -0.302401929 -0.255243127 -0.916086966 -0.064720086
1561000637.689291716 -95069.164490 -2730.223826 133511.678892 -0.337678465 -0.243330780 -0.905759988 -0.079763590
1561000637.789288044 -95175.794382 -2740.065718 133663.514511 -0.363191112 -0.226235375 -0.899586885 -0.087482609
1561000637.888147354 -95281.341979 -2749.808024 133813.647671 -0.384766477 -0.213160360 -0.890345234 -0.117485248
1561000637.989277124 -95389.450254 -2759.781488 133967.257094 -0.409976151 -0.189428504 -0.880828156 -0.142049842
1561000638.088243008 -95495.380626 -2769.542172 134117.609444 -0.440747009 -0.161407791 -0.867857091 -0.162830182
1561000638.189235926 -95603.619362 -2779.496454 134271.074895 -0.445026148 -0.126741359 -0.868586841 -0.177328099
1561000638.289136410 -95710.824729 -2789.330348 134422.914445 -0.467122715 -0.083420107 -0.861516139 -0.180630555
1561000638.388484716 -95817.572404 -2799.091347 134573.951093 -0.486903352 -0.034594866 -0.852328943 -0.187786299
1561000638.488974810 -95925.682641 -2808.938492 134726.763734 -0.499249440 0.017272792 -0.839193169 -0.214956908
1561000638.587982893 -96032.329606 -2818.606004 134877.366347 -0.505938184 0.073629916 -0.818102535 -0.263274442
1561000638.688956022 -96141.221153 -2828.419815 135031.005197 -0.507847090 0.124971481 -0.789481232 -0.321236432
1561000638.788984537 -96249.213876 -2838.086091 135183.257687 -0.507902890 0.184733822 -0.748987901 -0.383308223
1561000638.888089418 -96356.315398 -2847.599690 135334.156628 -0.499546677 0.242704687 -0.721756648 -0.413055557
1561000638.989275932 -96465.765654 -2857.241399 135488.283207 -0.496123223 0.294530286 -0.692485798 -0.433101695
1561000639.088366270 -96573.037854 -2866.609772 135639.278406 -0.499268211 0.337960619 -0.674737058 -0.425727350
1561000639.189249992 -96682.337480 -2876.070616 135793.074870 -0.501814082 0.390603763 -0.645246919 -0.423400214
1561000639.289188623 -96790.693016 -2885.365366 135945.505725 -0.458114828 0.440894061 -0.623675366 -0.454722190
1561000639.387948513 -96897.837564 -2894.473993 136096.214836 -0.436916370 0.494460684 -0.564081598 -0.496411793
1561000639.489198685 -97007.739555 -2903.734218 136250.807727 -0.444334941 0.547210495 -0.501861081 -0.501261000
1561000639.587765694 -97114.774305 -2912.676718 136401.393540 -0.446738926 0.612657048 -0.454443494 -0.467500572
1561000639.689186335 -97224.949492 -2921.808679 136556.443074 -0.413692478 0.670706160 -0.433863689 -0.436776922
1561000639.789224148 -97333.661588 -2930.752825 136709.490942 -0.391498852 0.712224340 -0.385368610 -0.436985324
1561000639.887924433 -97440.952761 -2939.522293 136860.607710 -0.385331288 0.736184232 -0.318900812 -0.455911007
1561000639.989154100 -97551.019005 -2948.468288 137015.720965 -0.392696888 0.740352500 -0.253233929 -0.483259668
1561000640.088342428 -97658.884178 -2957.193548 137167.828581 -0.386738381 0.744510222 -0.236115575 -0.490293167
1561000640.189109802 -97768.482050 -2966.020587 137322.482207 -0.387515832 0.777042263 -0.214570472 -0.447209474
1561000640.289062738 -97877.212594 -2974.744619 137476.016704 -0.388619985 0.822236651 -0.164528041 -0.381879459
1561000640.388106585 -97984.977454 -2983.368779 137628.291956 -0.383255169 0.863484906 -0.098297885 -0.312804761
1561000640.489099979 -98094.893233 -2992.157931 137783.713012 -0.410625515 0.881518080 -0.008817851 -0.232883678
1561000640.588158369 -98202.739083 -3000.792087 137936.305415 -0.439564249 0.879575332 0.028257256 -0.179811104
1561000640.689144135 -98312.724393 -3009.618457 138092.018475 -0.442689219 0.887649469 0.039047267 -0.120747614
1561000640.789224863 -98421.773553 -3018.397305 138246.488064 -0.427546574 0.902299281 0.046458551 -0.030025620
1561000640.889005423 -98530.558957 -3027.189268 138400.643370 -0.441316332 0.887459016 0.101299648 0.085992851
1561000640.989038706 -98639.694469 -3036.057916 138555.329624 -0.503330161 0.825561099 0.180055678 0.180797051
1561000641.088156939 -98747.905284 -3044.915556 138708.724909 -0.567988774 0.739356464 0.257437886 0.253902554
1561000641.189001799 -98858.067831 -3054.010185 138864.901722 -0.611739166 0.652582920 0.317068495 0.315243232
1561000641.289085150 -98967.454489 -3063.123800 139019.993117 -0.603048306 0.599464546 0.364419635 0.379701630
1561000641.388005018 -99075.619082 -3072.219513 139173.359436 -0.587165142 0.550458760 0.409959284 0.429145236
1561000641.489137650 -99186.251483 -3081.608138 139330.221739 -0.544863750 0.476795069 0.480544302 0.494840510
1561000641.588194847 -99294.656386 -3090.887111 139483.909256 -0.516632827 0.387457765 0.536632491 0.543132187
1561000641.689104557 -99405.123943 -3100.413716 139640.499558 -0.494639274 0.273031886 0.571717323 0.594915861
1561000641.790093899 -99515.703414 -3110.008061 139797.231329 -0.460350248 0.187225173 0.609318322 0.617863711
1561000641.888144493 -99623.081021 -3119.367535 139949.412310 -0.428830595 0.161695117 0.634771143 0.622113017
1561000641.988794088 -99733.320071 -3129.009688 140105.631692 -0.333160708 0.119165642 0.677095280 0.645248382
1561000642.087715149 -99841.686662 -3138.504304 140259.162996 -0.216095291 0.074679804 0.730325291 0.643700801
1561000642.188765526 -99952.416700 -3148.200112 140415.987383 -0.138492361 0.021621187 0.750295965 0.646071478
1561000642.288900852 -100062.182248 -3157.786231 140571.380844 -0.091504418 -0.034141594 0.749752547 0.654471093
1561000642.387597561 -100170.408198 -3167.199502 140724.536206 -0.063347860 -0.086783277 0.726246284 0.678986043
1561000642.488566160 -100281.162422 -3176.785550 140881.217551 -0.027403163 -0.113323172 0.731510297 0.671788368
1561000642.587399721 -100389.610778 -3186.119842 141034.589054 0.029171263 -0.140839803 0.742877511 0.653793692
1561000642.688827991 -100500.951779 -3195.639945 141191.996637 0.065441430 -0.161620989 0.765324869 0.619575597
1561000642.788849831 -100610.799978 -3204.963010 141347.235831 0.097829687 -0.197018945 0.763887530 0.606703164
1561000642.887862444 -100719.592515 -3214.122876 141500.928676 0.145984123 -0.230136398 0.757100807 0.593737520
1561000642.989020824 -100830.800088 -3223.405784 141657.980503 0.161162022 -0.255562198 0.747441632 0.591646662
1561000643.088090897 -100939.768273 -3232.419236 141811.824318 0.169294209 -0.305281821 0.739291770 0.575838657
1561000643.189149857 -101050.979616 -3241.531785 141968.800321 0.200331877 -0.412657923 0.680874317 0.570955990
1561000643.289222956 -101161.154466 -3250.471221 142124.306027 0.219620891 -0.486284331 0.635722315 0.557809423
1561000643.389204264 -101271.272849 -3259.319046 142279.745318 0.224078634 -0.502947413 0.669748565 0.498266520
1561000643.489403725 -101381.684391 -3268.101642 142435.604453 0.218527469 -0.495435120 0.747859548 0.384051928
1561000643.588019133 -101490.420499 -3276.661830 142589.075589 0.212598128 -0.489460914 0.795622419 0.286731610
1561000643.688993931 -101601.847768 -3285.343636 142746.293878 0.228481930 -0.508016230 0.787133309 0.264833291
1561000643.789122343 -101712.434289 -3293.870487 142902.272245 0.259217528 -0.537313849 0.735828326 0.320400960
1561000643.888117313 -101821.852766 -3302.220066 143056.570989 0.287892400 -0.562300939 0.685036069 0.362851490
1561000643.989156008 -101933.606616 -3310.659464 143214.152400 0.309493709 -0.583831148 0.651808521 0.372156536
1561000644.087851048 -102042.839530 -3318.825211 143368.180674 0.319115532 -0.611725841 0.641189070 0.335906757
1561000644.188740015 -102154.575282 -3327.095571 143525.742726 0.309632517 -0.635124823 0.636481110 0.309250643
1561000644.289422274 -102266.159161 -3335.273338 143683.096466 0.306942537 -0.652653031 0.626508936 0.295494252
1561000644.389388561 -102377.027396 -3343.320685 143839.447588 0.336802908 -0.675996555 0.607574280 0.245857587
1561000644.489415407 -102488.045422 -3351.305738 143996.016138 0.365130986 -0.693993854 0.589569015 0.193546560
1561000644.588053703 -102597.608866 -3359.120729 144150.537306 0.380276471 -0.710851655 0.566920346 0.169354809
1561000644.688075781 -102708.799175 -3366.990633 144307.359798 0.391058282 -0.723048269 0.544954135 0.165225939
1561000644.789964199 -102822.155196 -3374.954893 144467.252555 0.427473278 -0.725650438 0.512868785 0.166323928
1561000644.889014006 -102932.438720 -3382.651764 144622.835694 0.458477352 -0.737383119 0.476521630 0.137810703
1561000644.989937305 -103044.894414 -3390.455888 144781.515053 0.454109839 -0.749464757 0.464665100 0.127173804
1561000645.088303566 -103154.584593 -3398.029922 144936.325904 0.465679794 -0.752620029 0.447605996 0.127883906
1561000645.189938545 -103268.006087 -3405.827103 145096.442376 0.484450827 -0.762239885 0.415826380 0.106706027
1561000645.289885044 -103379.629918 -3413.475333 145254.061607 0.509454810 -0.768612406 0.378752019 0.078978947
1561000645.389842987 -103491.354907 -3421.116610 145411.864390 0.533292027 -0.775519511 0.334008924 0.051060160
1561000645.489726305 -103603.084825 -3428.756051 145569.714650 0.553740968 -0.778322017 0.294311259 0.031091159
1561000645.588050842 -103713.157464 -3436.289989 145725.262398 0.575868527 -0.777867601 0.251581097 -0.002094199
1561000645.689796686 -103827.151164 -3444.112649 145886.388643 0.590187269 -0.778850909 0.180368764 -0.111970346
1561000645.788750887 -103938.109871 -3451.764571 146043.247663 0.608683084 -0.774238607 0.164182145 -0.055710920
1561000645.890777111 -104052.602456 -3459.701786 146205.135780 0.635890085 -0.758342193 0.138653916 -0.036551471
1561000645.990211725 -104164.265784 -3467.484396 146363.069616 0.695669881 -0.710141416 0.063201953 -0.088023290
1561000646.088626146 -104274.851213 -3475.244555 146519.528205 0.689717219 -0.704170359 0.000686853 -0.168623222
1561000646.189859390 -104388.673488 -3483.300959 146680.608174 0.663259778 -0.713525100 -0.033150217 -0.223314717
1561000646.289875031 -104501.201335 -3491.339910 146839.881321 0.666082308 -0.730710467 0.041366085 -0.143824266
1561000646.390156269 -104614.104200 -3499.470322 146999.718183 0.696631602 -0.699111225 0.026875015 -0.158825814
1561000646.489711761 -104726.259300 -3507.610192 147158.539688 0.761202671 -0.612736677 -0.117134062 -0.177211371
1561000646.588067532 -104837.111071 -3515.730815 147315.567830 0.750314284 -0.586380909 -0.215687871 -0.216020015
1561000646.690401077 -104952.482214 -3524.271572 147479.053397 0.775278168 -0.541076832 -0.196004001 -0.260311462
1561000646.790255308 -105065.092414 -3532.696231 147638.677979 0.709760092 -0.516705406 -0.336862310 -0.340264483
1561000646.889966249 -105177.570655 -3541.200685 147798.148584 0.735239519 -0.454425290 -0.408395142 -0.293485798
1561000646.989899874 -105290.317943 -3549.809601 147958.035954 0.778082422 -0.390879678 -0.405393625 -0.278310674
1561000647.088048458 -105401.056344 -3558.339977 148115.128355 0.747771046 -0.294606104 -0.489618049 -0.338112220
1561000647.189802647 -105515.865831 -3567.254687 148278.038061 0.474823569 -0.437395059 -0.635692340 -0.423229712
1561000647.291295767 -105630.423060 -3576.221307 148440.541481 0.374381976 -0.507840762 -0.655691591 -0.414734173
1561000647.391499758 -105743.595997 -3585.146479 148600.982351 0.388750383 -0.466677882 -0.647097065 -0.460814803
1561000647.491330862 -105856.416302 -3594.101765 148760.820161 0.399924383 -0.286067635 -0.649528474 -0.579947030
1561000647.591302872 -105969.444351 -3603.108773 148920.866193 0.349653793 -0.138976488 -0.652346538 -0.657929901
1561000647.692778349 -106084.205996 -3612.261582 149083.297460 0.251841512 -0.063351999 -0.680251396 -0.685434472
1561000647.794190645 -106198.935224 -3621.394000 149245.605397 0.094410605 -0.042372639 -0.767375440 -0.632792328
1561000647.892707586 -106310.449780 -3630.227876 149403.261554 -0.057007943 0.002790010 -0.809271409 -0.584655537
1561000647.995403051 -106426.782650 -3639.374130 149567.601885 -0.156706195 0.068943347 -0.785203663 -0.595100992
1561000648.094148397 -106538.732552 -3648.093165 149725.636885 -0.254946900 0.122174241 -0.747498360 -0.601100437
1561000648.195348024 -106653.557940 -3656.940459 149887.637219 -0.358544579 0.184076763 -0.689092041 -0.602257162
1561000648.296398640 -106768.305023 -3665.678538 150049.462635 -0.465786003 0.244691617 -0.633705814 -0.567085843
1561000648.396432877 -106881.984212 -3674.233899 150209.751023 -0.564594963 0.299969695 -0.573589564 -0.512099328
1561000648.496409655 -106995.680110 -3682.698321 150370.064428 -0.640561367 0.344117328 -0.509411472 -0.460178609
1561000648.595407248 -107108.337312 -3691.007688 150528.944787 -0.710089778 0.389340842 -0.428165512 -0.401074195
1561000648.688758373 -107214.629603 -3698.792957 150678.902399 -0.757147190 0.413219168 -0.354678892 -0.360805954
1561000648.788706779 -107328.490053 -3707.091215 150839.618040 -0.803292639 0.441538656 -0.257784989 -0.305469231
1561000648.888898611 -107442.674698 -3715.390700 151000.896512 -0.833006344 0.461310695 -0.177084366 -0.248865427
1561000648.988910675 -107556.692383 -3723.675750 151162.056559 -0.847180378 0.476406650 -0.116442077 -0.204360841
1561000649.087654352 -107669.296293 -3731.871516 151321.337712 -0.851799003 0.499368793 -0.068924666 -0.142543530
1561000649.188801050 -107784.672763 -3740.298880 151484.660708 -0.854396670 0.512990536 -0.011072470 -0.082002686
1561000649.288939953 -107898.931417 -3748.689615 151646.514539 -0.849745889 0.524815348 0.048718609 -0.011281438
1561000649.387894154 -108011.867925 -3757.041789 151806.598210 -0.863605086 0.498208678 0.077082740 -0.005711350
1561000649.489158869 -108127.468385 -3765.654822 151970.563633 -0.872764417 0.481653787 0.079251180 -0.003339564
1561000649.588103056 -108240.443283 -3774.134797 152130.911439 -0.879666473 0.461701664 0.110550620 0.028231729
1561000649.688205242 -108354.761347 -3782.782223 152293.269691 -0.863517972 0.484846252 0.124936803 0.060428630
1561000649.789193153 -108470.117602 -3791.583237 152457.197257 -0.834861317 0.529813348 0.127672251 0.077486728
1561000649.890479803 -108585.847124 -3800.493780 152621.739730 -0.841183129 0.517478969 0.139554794 0.071769914
1561000649.988998652 -108698.443639 -3809.241619 152781.910016 -0.846247696 0.505737690 0.155352390 0.062927423
1561000650.088366032 -108812.036202 -3818.145693 152943.581391 -0.847970332 0.498029909 0.173107442 0.054280189
1561000650.188870430 -108926.951317 -3827.233172 153107.225434 -0.853469463 0.484145153 0.189112776 0.037811421
1561000650.287900686 -109040.199383 -3836.266352 153268.588977 -0.861174243 0.468456678 0.196160682 0.021171932
1561000650.389021873 -109155.854090 -3845.568571 153433.482437 -0.854921373 0.470091353 0.218951799 0.013552688
1561000650.489052773 -109270.274039 -3854.848535 153596.717798 -0.838433869 0.477937021 0.260981962 0.022209631
1561000650.589079857 -109384.701143 -3864.208906 153760.058791 -0.829911688 0.482585642 0.279898060 0.003842480
1561000650.689194202 -109499.237531 -3873.658912 153923.650293 -0.830846811 0.467541268 0.299147163 -0.040121246
1561000650.789031267 -109613.460598 -3883.159708 154086.894918 -0.829712099 0.445126540 0.322649220 -0.096631655
1561000650.889052391 -109727.889837 -3892.747798 154250.543877 -0.827184346 0.389705648 0.379017326 -0.142272386
1561000650.989085436 -109842.318337 -3902.399435 154414.305940 -0.814263585 0.362994079 0.408214164 -0.196395798
1561000651.088026762 -109955.478357 -3912.000017 154576.366506 -0.796054149 0.346120933 0.426146035 -0.254750170
1561000651.189037323 -110070.979819 -3921.850181 154741.898097 -0.780327530 0.315525554 0.446563797 -0.303501804
1561000651.287733078 -110183.807412 -3931.517793 154903.709675 -0.766651612 0.294023824 0.465365353 -0.330500204
1561000651.388719320 -110299.223750 -3941.449413 155069.345090 -0.751578287 0.278412028 0.491672411 -0.340404261
1561000651.488782644 -110413.555181 -3951.328384 155233.528517 -0.748514957 0.259564525 0.496372417 -0.354916947
1561000651.587756395 -110526.611982 -3961.134212 155395.982572 -0.747841779 0.262297163 0.479508672 -0.376834586
1561000651.688928843 -110642.148519 -3971.190054 155562.106146 -0.737278425 0.259732011 0.493392619 -0.381475465
1561000651.787833691 -110755.064909 -3981.052746 155724.563907 -0.739449738 0.253590559 0.481214504 -0.396659191
1561000651.888083696 -110869.485603 -3991.079564 155889.289450 -0.749764388 0.225007941 0.451398170 -0.428327539
1561000651.989067078 -110984.708496 -4001.201488 156055.280393 -0.752899632 0.202982697 0.436572841 -0.448714077
1561000652.087927103 -111097.473802 -4011.124725 156217.839978 -0.750785713 0.189951793 0.437652727 -0.456836097
1561000652.188796997 -111212.496042 -4021.259273 156383.762248 -0.766474806 0.163951895 0.407246042 -0.468814258
1561000652.288805008 -111326.500157 -4031.309047 156548.325603 -0.789965964 0.131625137 0.342925273 -0.490948934
1561000652.387857676 -111439.381563 -4041.250757 156711.380520 -0.806178066 0.098033834 0.284797237 -0.509270879
1561000652.488287687 -111553.803605 -4051.302895 156876.773885 -0.810509691 0.039970857 0.237282930 -0.534016089
1561000652.587249041 -111666.531182 -4061.165711 157039.820554 -0.817846794 -0.055666786 0.171504315 -0.546455946
1561000652.688621998 -111781.997333 -4071.208094 157206.916581 -0.818723225 -0.120409144 0.097734936 -0.552848805
1561000652.788671494 -111895.963771 -4081.044429 157371.910901 -0.813553959 -0.194381854 0.008596879 -0.547970569
1561000652.889056921 -112010.339757 -4090.829510 157537.545383 -0.809939732 -0.255388442 -0.106495832 -0.517139258
1561000652.988726616 -112123.951206 -4100.456045 157702.093421 -0.782263731 -0.320341538 -0.220006700 -0.486869394
1561000653.087665558 -112236.803983 -4109.925157 157865.534295 -0.762924331 -0.350187971 -0.293718502 -0.457213617
1561000653.188781023 -112352.233690 -4119.518733 158032.676710 -0.734344944 -0.398730867 -0.373942966 -0.402390179
1561000653.289054871 -112466.816899 -4128.959248 158198.536714 -0.655488625 -0.468435579 -0.474015994 -0.355262732
1561000653.389005423 -112581.165154 -4138.313935 158363.966169 -0.571987336 -0.520603122 -0.561470915 -0.294199403
1561000653.489094496 -112695.822201 -4147.648236 158529.722396 -0.488824527 -0.566493995 -0.624556004 -0.223751946
1561000653.588308573 -112809.633618 -4156.892775 158694.119005 -0.315196931 -0.606431343 -0.717553804 -0.134195599
1561000653.689945459 -112926.383103 -4166.390610 158862.605183 -0.122854029 -0.603030530 -0.788129524 -0.010626370
1561000653.789732695 -113041.146036 -4175.777500 159028.079135 -0.099478567 -0.604611793 -0.790270345 0.004623518
1561000653.888688803 -113155.080284 -4185.154666 159192.222766 -0.049094382 -0.612022218 -0.789200395 0.013464147
1561000653.989676476 -113271.474262 -4194.799353 159359.781992 0.111988605 -0.614546757 -0.755950089 0.195781252
1561000654.087994337 -113384.871695 -4204.274592 159522.953365 0.273234817 -0.555264241 -0.707950143 0.340339467
1561000654.189648628 -113502.159810 -4214.157645 159691.701536 0.339833334 -0.509302700 -0.700237800 0.367139059
1561000654.288968801 -113616.778853 -4223.887842 159856.608662 0.440673805 -0.455594664 -0.647945768 0.422381796
1561000654.388297319 -113731.412751 -4233.674597 160021.562707 0.581613243 -0.355202323 -0.531986012 0.502541768
1561000654.489694118 -113848.420447 -4243.690233 160189.992176 0.653052102 -0.286342493 -0.431261142 0.552761030
1561000654.588202000 -113962.076391 -4253.418333 160353.669543 0.703484995 -0.216828614 -0.358775819 0.573911252
1561000654.689952850 -114079.459426 -4263.441722 160522.788956 0.770447310 -0.092907348 -0.203874602 0.596836924
1561000654.788294554 -114192.912451 -4273.076557 160686.304340 0.803061431 0.038860005 -0.054227624 0.592149984
1561000654.889939785 -114310.207033 -4282.959440 160855.387484 0.812399668 0.109692699 0.015082834 0.572491746
1561000654.989800453 -114425.492892 -4292.587582 161021.582606 0.819578700 0.173108533 0.144735153 0.526664909
1561000655.087967634 -114538.896020 -4301.975419 161185.044295 0.783497496 0.278008957 0.294704026 0.471160516
1561000655.189452648 -114656.237275 -4311.609960 161354.122868 0.741421841 0.341974442 0.385098711 0.430169870
1561000655.288897514 -114771.343507 -4320.996124 161519.892028 0.664079492 0.426912576 0.491141885 0.368135478
1561000655.388961554 -114887.306615 -4330.407943 161686.778187 0.613613389 0.489058544 0.556733458 0.272668674
1561000655.489721060 -115004.226218 -4339.875040 161854.909261 0.555468066 0.535233179 0.598718309 0.215678135
1561000655.588167667 -115118.608167 -4349.133381 162019.261716 0.517052351 0.563003773 0.632011222 0.127457576
1561000655.689952374 -115237.017170 -4358.731765 162189.269299 0.467197585 0.591181990 0.646202889 0.121045848
1561000655.788767576 -115352.113214 -4368.087486 162354.393870 0.381365800 0.605852425 0.684084198 0.139756134
1561000655.888183355 -115468.044727 -4377.542558 162520.587130 0.291197447 0.644858415 0.697712631 0.112065853
1561000655.989961624 -115586.862470 -4387.280281 162690.792089 0.201585568 0.691652439 0.693526184 -0.001262665
1561000656.088000774 -115701.422849 -4396.730055 162854.805520 0.206285437 0.721791836 0.653559181 -0.096557036
1561000656.189951181 -115820.652618 -4406.636868 163025.432678 0.201794543 0.744508908 0.629066441 -0.096233374
1561000656.289327145 -115936.963980 -4416.373928 163191.829010 0.115056470 0.748032387 0.637438664 -0.144504349
1561000656.388111115 -116052.664347 -4426.133591 163357.308088 0.034369579 0.743193733 0.652510673 -0.143915356
1561000656.489852667 -116171.903807 -4436.271538 163527.812588 -0.022619345 0.741532889 0.650811104 -0.161438061
1561000656.588089228 -116287.097870 -4446.142794 163692.509636 -0.065329895 0.741369369 0.638623036 -0.195612070
1561000656.689859390 -116406.490020 -4456.453654 163863.200577 -0.072623395 0.761642673 0.597933294 -0.238960365
1561000656.788931131 -116522.763347 -4466.572742 164029.438622 -0.072042738 0.783686880 0.565409903 -0.246893417
1561000656.889894724 -116641.301202 -4476.966110 164198.931801 -0.083697555 0.801763024 0.522615408 -0.277567843
1561000656.989785433 -116758.618512 -4487.327568 164366.709556 -0.112730175 0.802910374 0.495508328 -0.311606060
1561000657.087886810 -116873.865441 -4497.575571 164531.567560 -0.157753904 0.793930548 0.479925199 -0.338319072
1561000657.189667225 -116993.459510 -4508.279552 164702.697499 -0.202178597 0.781359007 0.483507986 -0.338853869
1561000657.288442850 -117109.542408 -4518.734514 164868.861390 -0.234387762 0.773103581 0.472524519 -0.352269512
1561000657.388305902 -117226.918261 -4529.367615 165036.940653 -0.250887567 0.778204068 0.450084425 -0.358995638
1561000657.489730358 -117346.142126 -4540.229301 165207.739168 -0.258746479 0.790033438 0.424735645 -0.358464863
1561000657.589161634 -117463.034497 -4550.935724 165375.274315 -0.256481564 0.802996032 0.398511030 -0.361391117
1561000657.690345287 -117581.998206 -4561.888394 165545.860446 -0.250871792 0.822796129 0.373579000 -0.347143494
1561000657.788690329 -117697.636660 -4572.588283 165711.760252 -0.269626959 0.826530567 0.355969300 -0.342687002
1561000657.887973070 -117814.389592 -4583.442278 165879.344102 -0.269443603 0.837225111 0.329015548 -0.343806672
1561000657.989936352 -117934.307397 -4594.641573 166051.563601 -0.272020933 0.848258414 0.309740065 -0.332450549
1561000658.087532282 -118049.101623 -4605.408877 166216.514850 -0.280464143 0.855662543 0.288861956 -0.325177254
1561000658.189641714 -118169.218329 -4616.721892 166389.211106 -0.301594006 0.851523763 0.263374594 -0.338499868
1561000658.287692785 -118284.571993 -4627.626013 166555.156797 -0.302193196 0.844745973 0.239086571 -0.371377336
1561000658.391043186 -118406.167971 -4639.158128 166730.190210 -0.300861721 0.832528379 0.249039558 -0.392884234
1561000658.490968943 -118523.741765 -4650.345754 166899.539122 -0.315539414 0.818024752 0.268399722 -0.399038811
1561000658.589714527 -118639.930211 -4661.437735 167066.994446 -0.325748917 0.796501790 0.279951429 -0.425558150
1561000658.690989733 -118759.096143 -4672.850755 167238.845542 -0.326617270 0.778640909 0.281714259 -0.455715449
1561000658.790212393 -118875.845075 -4684.066381 167407.313994 -0.317935531 0.770959445 0.274926326 -0.478491429
1561000658.891275883 -118994.756234 -4695.522851 167579.007517 -0.317240913 0.754816923 0.283236579 -0.499386280
1561000658.991254330 -119112.385670 -4706.888125 167748.952193 -0.297841808 0.736849116 0.307371618 -0.523322393
1561000659.089437008 -119227.895895 -4718.081150 167915.929641 -0.278526437 0.713292702 0.323025787 -0.556139269
1561000659.191020727 -119347.400557 -4729.696097 168088.773197 -0.250906796 0.683331315 0.363673553 -0.581244906
1561000659.289232016 -119462.932314 -4740.961852 168255.950249 -0.204700304 0.667460018 0.404040036 -0.591055463
1561000659.390856743 -119582.476803 -4752.663027 168429.003612 -0.160975704 0.630500619 0.464841319 -0.600398485
1561000659.490847349 -119700.103315 -4764.226378 168599.331062 -0.115120692 0.579899511 0.532798795 -0.605466124
1561000659.590432405 -119817.264990 -4775.798015 168769.012561 -0.069779107 0.516656184 0.595456883 -0.611251474
1561000659.690968513 -119935.568527 -4787.538631 168940.348956 -0.002922400 0.468545323 0.642161320 -0.606700568
1561000659.789677858 -120051.757495 -4799.126042 169108.597670 0.055130550 0.403664591 0.691753939 -0.596231505
1561000659.890928268 -120170.988267 -4811.074098 169281.198295 0.100792722 0.324395544 0.733392664 -0.588849351
1561000659.991011143 -120288.908236 -4822.942682 169451.821904 0.154829411 0.244763794 0.760701298 -0.580906251
1561000660.090204239 -120405.858322 -4834.758903 169620.939825 0.232669380 0.179818993 0.778256781 -0.554839141
1561000660.190268278 -120523.929183 -4846.728630 169791.555960 0.300693829 0.099967098 0.789117660 -0.526196845
1561000660.289643764 -120641.297156 -4858.659076 169961.016993 0.362986821 0.020199897 0.796361842 -0.483363578
1561000660.390973330 -120761.098585 -4870.859702 170133.836017 0.409755514 -0.067575851 0.800768709 -0.431628774
1561000660.491319180 -120879.871832 -4882.965946 170305.011321 0.453082939 -0.154176736 0.793211656 -0.376511159
1561000660.590636730 -120997.567119 -4894.959185 170474.475996 0.495663882 -0.235830218 0.771125597 -0.322593767
1561000660.691702127 -121117.480482 -4907.162742 170646.980986 0.531298080 -0.329116269 0.735541358 -0.261502852
1561000660.789648056 -121233.834042 -4918.977960 170814.232207 0.563442044 -0.407755389 0.691905168 -0.193741697
1561000660.891215086 -121354.630872 -4931.206962 170987.754293 0.580134965 -0.487342519 0.640625417 -0.124658599
1561000660.991263151 -121473.754369 -4943.220673 171158.783033 0.591188068 -0.559110972 0.578713516 -0.054610035
1561000661.091147661 -121592.803293 -4955.176231 171329.646167 0.589118077 -0.632214872 0.502063499 0.034300012
1561000661.191064358 -121711.992427 -4967.092359 171500.688250 0.570939799 -0.707305369 0.393006834 0.138897407
1561000661.289504051 -121829.497241 -4978.789885 171669.333516 0.546578199 -0.764801106 0.261566039 0.218894375
1561000661.390989780 -121950.692655 -4990.813430 171843.339614 0.515533726 -0.796952706 0.118477513 0.291640944
1561000661.491685390 -122070.977057 -5002.721584 172016.133363 0.468469335 -0.801734246 -0.002160028 0.371152279
1561000661.589348555 -122187.652453 -5014.263306 172183.850166 0.417677427 -0.778849422 -0.117790607 0.452840500
1561000661.691038370 -122309.138314 -5026.286252 172358.599447 0.350764243 -0.743714660 -0.250981729 0.510745652
1561000661.789362907 -122426.596801 -5037.931458 172527.661841 0.271031061 -0.693956561 -0.373306608 0.552818805
1561000661.891011000 -122548.019070 -5050.007304 172702.517514 0.165640370 -0.653219048 -0.475894732 0.565148076
1561000661.991205931 -122667.708264 -5061.962725 172874.934622 0.053645267 -0.579271638 -0.569818532 0.580407955
1561000662.089261055 -122784.859891 -5073.723902 173043.712657 -0.045687327 -0.500459043 -0.653661439 0.565844623
1561000662.190976143 -122906.425007 -5085.993585 173218.823211 -0.110236314 -0.410453908 -0.720052950 0.548542882
1561000662.289902449 -123024.714674 -5097.993310 173389.154458 -0.169608617 -0.325745449 -0.770433630 0.521109242
1561000662.390830994 -123145.475733 -5110.298172 173562.950851 -0.211025884 -0.233697264 -0.810222405 0.494361527
1561000662.492244482 -123266.910767 -5122.716579 173737.596223 -0.243931900 -0.151650568 -0.832153092 0.474363326
1561000662.590723991 -123384.933980 -5134.818658 173907.201285 -0.285046312 -0.082423836 -0.835826707 0.461896771
1561000662.692510605 -123507.036238 -5147.363887 174082.517626 -0.334985698 -0.018983690 -0.830436265 0.444746908
1561000662.791100979 -123625.424993 -5159.544316 174252.348235 -0.387884497 0.042470800 -0.822256492 0.414289885
1561000662.892967463 -123747.882369 -5172.152586 174427.851877 -0.441743894 0.106278168 -0.810782536 0.369051436
1561000662.993026257 -123868.307081 -5184.551304 174600.280138 -0.475255363 0.173863026 -0.801211662 0.319317804
1561000663.092581987 -123988.268883 -5196.891371 174771.889378 -0.499088436 0.241139667 -0.786349280 0.272795168
1561000663.192625761 -124108.963509 -5209.285364 174944.397006 -0.524917291 0.307133827 -0.759726795 0.230099646
1561000663.290883780 -124227.644521 -5221.442786 175113.891374 -0.545270397 0.359493021 -0.730829372 0.198326475
1561000663.390967846 -124348.672760 -5233.804562 175286.611627 -0.550375925 0.360664293 -0.724802492 0.204129751
1561000663.493861198 -124473.247124 -5246.490701 175464.262225 -0.555652185 0.350418851 -0.724260834 0.209531675
1561000663.592677832 -124593.028383 -5258.654160 175634.952568 -0.563005863 0.353354302 -0.720127494 0.198951072
1561000663.692590237 -124714.279710 -5270.931872 175807.615230 -0.566458290 0.360324413 -0.714674640 0.196294376
1561000663.790582418 -124833.338895 -5282.953029 175977.038586 -0.566680518 0.364868439 -0.709208374 0.206803517
1561000663.890920401 -124955.390246 -5295.241707 176150.599707 -0.574393686 0.376476540 -0.698942819 0.199540083
1561000663.992290258 -125078.842247 -5307.635615 176326.032546 -0.586691565 0.383265525 -0.688106648 0.188174883
1561000664.092559338 -125201.096549 -5319.872903 176499.649260 -0.592865956 0.385611232 -0.682102118 0.185878013
1561000664.192520380 -125323.116278 -5332.050703 176672.822220 -0.597577901 0.392587201 -0.674634385 0.183424070
1561000664.290946960 -125443.399976 -5344.020061 176843.425959 -0.602003098 0.401040918 -0.667259433 0.177548025
1561000664.392767668 -125567.973972 -5356.379143 177020.007663 -0.608226882 0.406656523 -0.658903467 0.174747685
1561000664.492806673 -125690.508624 -5368.499049 177193.595438 -0.615257974 0.412068330 -0.649907442 0.171107082
1561000664.590719461 -125810.573223 -5380.339441 177363.587826 -0.621186332 0.418080305 -0.641806599 0.165591935
1561000664.692297459 -125935.271687 -5392.600008 177540.043968 -0.626819037 0.424323961 -0.633116119 0.161898275
1561000664.792337894 -126058.220644 -5404.651759 177713.930696 -0.631921454 0.430160197 -0.625127351 0.157649216
1561000664.892716646 -126181.722166 -5416.720805 177888.508552 -0.637811307 0.435829456 -0.616350138 0.152846099
1561000664.993108749 -126305.376181 -5428.767775 178063.214700 -0.643746391 0.441580908 -0.606975889 0.148919962
1561000665.090756416 -126425.779518 -5440.462666 178233.247377 -0.648617367 0.446912438 -0.598775969 0.145024557
1561000665.192617893 -126551.513958 -5452.638321 178410.727137 -0.653052670 0.453005969 -0.590396995 0.140496232
1561000665.290830851 -126672.874621 -5464.354479 178581.957656 -0.657624631 0.458452998 -0.582397962 0.134771315
1561000665.392592430 -126798.753777 -5476.469666 178759.488195 -0.665697202 0.456470007 -0.575795941 0.130159142
1561000665.490755320 -126920.309211 -5488.132911 178930.850835 -0.672337682 0.446656659 -0.576755973 0.125747437
1561000665.591161966 -127044.772628 -5500.038858 179106.242037 -0.672825901 0.442812538 -0.576567477 0.137085039
1561000665.692559242 -127170.598854 -5512.039415 179283.479050 -0.671072602 0.439635033 -0.575444108 0.158892038
1561000665.790810823 -127292.651283 -5523.648297 179455.326215 -0.665757602 0.436330551 -0.578002894 0.179708430
1561000665.892387867 -127418.970963 -5535.632783 179633.101316 -0.663211879 0.428245174 -0.582470872 0.193607223
1561000665.993546724 -127544.909568 -5547.552320 179810.255856 -0.663670227 0.418181403 -0.586549403 0.201558780
1561000666.092179060 -127667.837030 -5559.160587 179983.090931 -0.667267068 0.404358900 -0.590119970 0.207381195
1561000666.190989256 -127791.120823 -5570.777595 180156.341824 -0.669405168 0.388685871 -0.593817735 0.219546150
1561000666.292174101 -127917.507367 -5582.663257 180333.861429 -0.667589677 0.372413689 -0.599388196 0.237414949
1561000666.391397715 -128041.583448 -5594.310918 180508.041831 -0.662299070 0.358373499 -0.604630228 0.259520064
1561000666.492011547 -128167.540221 -5606.117047 180684.762604 -0.655775759 0.342689232 -0.610320271 0.282898236
1561000666.590534925 -128291.020245 -5617.676533 180857.906352 -0.650184310 0.324074631 -0.614763752 0.307085537
1561000666.692430496 -128418.873861 -5629.633921 181037.071612 -0.643043539 0.297189949 -0.621125679 0.335225345
1561000666.790751696 -128542.385284 -5641.178335 181210.039923 -0.633369192 0.269649306 -0.629613909 0.360165302
1561000666.892438173 -128670.272293 -5653.129259 181389.014310 -0.619566146 0.233472825 -0.638624033 0.392157591
1561000666.993878603 -128797.999801 -5665.068047 181567.636860 -0.596726757 0.195255581 -0.649368463 0.429083948
1561000667.092228413 -128921.978066 -5676.664213 181740.887577 -0.546627401 0.187603777 -0.680017236 0.451198256
1561000667.193655968 -129049.982202 -5688.644997 181919.622748 -0.489357506 0.202730921 -0.713981933 0.457885580
1561000667.292390585 -129174.729301 -5700.324429 182093.664297 -0.466889151 0.191342240 -0.728011177 0.464114634
1561000667.394074202 -129303.346560 -5712.369577 182272.951260 -0.493299551 0.124303134 -0.711343328 0.484969023
1561000667.493644714 -129429.429963 -5724.190290 182448.557606 -0.510499020 0.065416618 -0.691923639 0.506313237
1561000667.594922066 -129557.811572 -5736.249186 182627.219324 -0.454678149 0.052797894 -0.700730309 0.547226824
1561000667.694847584 -129684.609670 -5748.183661 182803.532823 -0.403865583 0.045212651 -0.714507995 0.569496911
1561000667.793643475 -129810.096691 -5760.017282 182977.879891 -0.372266440 0.020716992 -0.719871577 0.585468544
1561000667.895105362 -129939.091029 -5772.206130 183156.953682 -0.352535922 -0.026815719 -0.720644611 0.596381326
1561000667.993860245 -130064.755307 -5784.107950 183331.267193 -0.331438578 -0.077163150 -0.713533922 0.612424411
1561000668.095039606 -130193.611344 -5796.344894 183509.874729 -0.265494068 -0.094372795 -0.722524382 0.631320199
1561000668.195063591 -130321.093198 -5808.482300 183686.450672 -0.184541611 -0.102792490 -0.732013286 0.647714943
1561000668.295516491 -130449.208378 -5820.705800 183863.785002 -0.119153078 -0.118245446 -0.724326559 0.668708901
1561000668.394627094 -130575.686189 -5832.794386 184038.747003 -0.075304832 -0.161946371 -0.720841673 0.669693839
1561000668.494501591 -130703.202660 -5845.002965 184215.053818 -0.025048615 -0.206030688 -0.713146336 0.669586608
1561000668.594012499 -130830.307216 -5857.191590 184390.715620 0.071455312 -0.215719288 -0.646993442 0.727845322
1561000668.694903851 -130959.215031 -5869.564167 184568.812340 0.152725673 -0.230813231 -0.644981025 0.712319871
1561000668.793816805 -131085.623448 -5881.697341 184743.417972 0.280176210 -0.175745082 -0.614176945 0.716520507
1561000668.895272732 -131215.303920 -5894.127676 184922.520622 0.346285352 -0.200071766 -0.574201747 0.714387918
1561000668.994162798 -131341.719767 -5906.219295 185097.110490 0.400401851 -0.239434244 -0.561261319 0.683619290
1561000669.094311714 -131469.752387 -5918.437186 185273.950934 0.444113428 -0.283909172 -0.517805154 0.673822431
1561000669.195298910 -131598.859135 -5930.726160 185452.311315 0.490420508 -0.325202567 -0.487406069 0.645109557
1561000669.293896198 -131724.909404 -5942.692079 185626.500480 0.552839040 -0.326538099 -0.448118825 0.622038089
1561000669.395230293 -131854.458126 -5954.951159 185805.588084 0.634803222 -0.288160736 -0.386903416 0.603567731
1561000669.494996071 -131982.008035 -5966.972629 185981.979526 0.702102132 -0.269597098 -0.321979913 0.575064289
1561000669.593747854 -132108.276386 -5978.819121 186156.665351 0.757358181 -0.244303899 -0.256572983 0.548538508
1561000669.694998026 -132237.765546 -5990.907299 186335.872677 0.805312771 -0.229634996 -0.201865468 0.507926610
1561000669.793660641 -132363.980771 -6002.630005 186510.610225 0.846976873 -0.219704697 -0.148287209 0.460837201
1561000669.895038605 -132493.716558 -6014.619828 186690.280436 0.882935549 -0.203014997 -0.075157766 0.416606573
1561000669.995673656 -132622.560412 -6026.470017 186868.764207 0.914888223 -0.187211319 0.015181840 0.357352728
1561000670.093667984 -132748.096207 -6037.965995 187042.695523 0.927903099 -0.146148862 0.137989850 0.313998647
1561000670.195457935 -132878.590309 -6049.869231 187223.500185 0.932467978 -0.104894899 0.194180305 0.285997447
1561000670.294209003 -133005.293784 -6061.386642 187399.038651 0.925339098 -0.057942759 0.253511577 0.275902286
1561000670.394828558 -133134.510939 -6073.097034 187578.028297 0.898473482 -0.001946472 0.352810136 0.261278818
1561000670.494671583 -133262.859444 -6084.701816 187755.756964 0.881670408 0.052347295 0.416150330 0.216185000
1561000670.594386339 -133391.178345 -6096.289803 187933.369893 0.852766723 0.109596127 0.487411224 0.152341408
1561000670.696518660 -133522.752317 -6108.173945 188115.397302 0.790446665 0.172106828 0.582493287 0.079214134
1561000670.795475721 -133650.374912 -6119.721027 188291.857868 0.741356216 0.216034734 0.635088540 0.019557646
1561000670.896486759 -133780.782389 -6131.556471 188472.062011 0.676337597 0.206063490 0.693798017 -0.136929195
1561000670.996511221 -133910.041096 -6143.336992 188650.567192 0.598169471 0.213185946 0.744446952 -0.206261419
1561000671.095706224 -134038.339195 -6155.086138 188827.636696 0.527885018 0.256658756 0.791254762 -0.171404764
1561000671.196462393 -134168.762171 -6167.091853 189007.533944 0.435712389 0.276372953 0.841083990 -0.162328146
1561000671.295335531 -134296.841626 -6178.945898 189184.104971 0.309255305 0.308973449 0.883237893 -0.169668469
1561000671.388670683 -134417.818571 -6190.203529 189350.813561 0.205968867 0.346631923 0.885515186 -0.230837588
1561000671.488768339 -134547.618509 -6202.350672 189529.629849 0.167621600 0.396950457 0.852069293 -0.297172094
1561000671.587845087 -134676.137860 -6214.449295 189706.657654 0.159645560 0.448945645 0.840430625 -0.258142339
1561000671.689008713 -134807.401299 -6226.881490 189887.459139 0.124609824 0.482503907 0.801054681 -0.331622933
1561000671.787824154 -134935.649435 -6239.102489 190064.113355 0.119410299 0.463537672 0.827444688 -0.293614196
1561000671.888780355 -135066.709190 -6251.667758 190244.645141 0.030496546 0.460808013 0.839081793 -0.287519878
1561000671.988518000 -135196.212532 -6264.156275 190423.048912 -0.065123170 0.515917050 0.798764739 -0.302594551
1561000672.087984324 -135325.376406 -6276.678326 190601.029489 -0.141376722 0.587779524 0.723580901 -0.333104389
1561000672.188583136 -135456.014052 -6289.401735 190781.117611 -0.131930332 0.702900883 0.590611581 -0.373768240
1561000672.287472963 -135584.432031 -6301.954014 190958.244889 -0.023531833 0.814146697 0.440479654 -0.377609697
1561000672.388448715 -135715.559709 -6314.806198 191139.225819 -0.084046507 0.797531672 0.491788422 -0.339151243
1561000672.488556623 -135845.565717 -6327.587695 191318.772035 -0.214910568 0.691385268 0.628271692 -0.284735913
1561000672.588603020 -135975.500519 -6340.413445 191498.320308 -0.309159456 0.629411415 0.673587611 -0.233541072
1561000672.688648701 -136105.444985 -6353.297506 191677.972545 -0.304712947 0.648756539 0.685492109 -0.127927878
1561000672.788520098 -136235.185778 -6366.224166 191857.420401 -0.280865797 0.736242919 0.605065743 -0.113825372
1561000672.888469219 -136365.056821 -6379.217006 192037.131873 -0.136953936 0.868200328 0.430573794 -0.205129268
1561000672.988488913 -136495.045834 -6392.254590 192217.107015 -0.097110574 0.903159408 0.342251718 -0.240283963
1561000673.088576317 -136625.147360 -6405.322019 192397.345780 -0.139551395 0.904263485 0.350218597 -0.200449224
1561000673.188449383 -136755.000060 -6418.380684 192577.343340 -0.223683548 0.894840497 0.355245943 -0.151744770
1561000673.287428856 -136883.727917 -6431.343251 192755.876113 -0.265351070 0.893726215 0.343766341 -0.112547615
1561000673.388638258 -137015.402674 -6444.619218 192938.583251 -0.257147834 0.913800965 0.304041989 -0.080007855
1561000673.488459349 -137145.324394 -6457.729530 193118.937035 -0.222980242 0.944546824 0.222269526 -0.093313275
1561000673.587548494 -137274.348098 -6470.750359 193298.119805 -0.212025988 0.958177053 0.180193433 -0.066873324
1561000673.688297033 -137405.593604 -6483.988301 193480.458267 -0.212525772 0.966128127 0.141720565 -0.036667689
1561000673.787928343 -137535.449200 -6497.073171 193660.928318 -0.222397549 0.969337400 0.103008020 -0.017711116
1561000673.888383627 -137666.451028 -6510.255595 193843.045065 -0.235433003 0.967825396 0.082950241 0.031694817
1561000673.987137556 -137795.310325 -6523.201472 194022.225665 -0.250506968 0.966664080 0.037881704 0.037037715
1561000674.087334871 -137926.135789 -6536.319303 194204.175037 -0.256805413 0.963652573 0.002351423 0.073615001
1561000674.188412666 -138058.200918 -6549.530066 194387.872666 -0.238630472 0.963514124 -0.040821703 0.114147353
1561000674.287396669 -138187.624144 -6562.441438 194567.906671 -0.233295227 0.953710516 -0.074094700 0.174698492
1561000674.388614893 -138320.070906 -6575.614233 194752.143794 -0.219137232 0.953998707 -0.102389488 0.177148899
1561000674.488690138 -138451.125206 -6588.604921 194934.436003 -0.249182622 0.943379897 -0.138959664 0.169211711
1561000674.588549614 -138582.001163 -6601.531861 195116.466254 -0.254123124 0.923208647 -0.170036248 0.232797993
1561000674.688440084 -138713.028940 -6614.425806 195298.676983 -0.214985258 0.912559970 -0.192578953 0.289704999
1561000674.787350893 -138842.886401 -6627.155493 195479.216739 -0.187487500 0.910567692 -0.205726503 0.305600265
1561000674.888506174 -138975.810007 -6640.133022 195663.968679 -0.230580935 0.892152212 -0.210479249 0.326489433
1561000674.988526583 -139107.366026 -6652.927032 195846.759715 -0.271027250 0.870850183 -0.228392933 0.340588984
1561000675.088646889 -139239.181663 -6665.699587 196029.840591 -0.276261161 0.837289948 -0.241979410 0.405057130
1561000675.188734531 -139371.086838 -6678.435528 196212.962725 -0.241974067 0.817850120 -0.248672020 0.459055507
1561000675.287511110 -139501.397961 -6690.975579 196393.777136 -0.245906441 0.784178465 -0.251246314 0.511340832
1561000675.387611628 -139633.592910 -6703.656394 196577.100940 -0.240075352 0.765804909 -0.262044396 0.535947200
1561000675.487597942 -139765.775684 -6716.297182 196760.297977 -0.278697571 0.721781316 -0.268868771 0.573645343
1561000675.587932110 -139898.559011 -6728.960732 196944.208399 -0.274620801 0.691342850 -0.266002235 0.613083429
1561000675.688288212 -140031.513383 -6741.609606 197128.229497 -0.264802953 0.662846623 -0.263460394 0.648924011
1561000675.787287474 -140162.808989 -6754.072964 197309.825845 -0.259025767 0.622694671 -0.257179464 0.692109617
1561000675.888491869 -140297.171078 -6766.802672 197495.525814 -0.244413400 0.583472452 -0.240476035 0.736201919
1561000675.988584757 -140430.196825 -6779.384578 197679.238281 -0.236794842 0.541108816 -0.210333901 0.779030873
1561000676.088616610 -140563.278235 -6791.955449 197862.884534 -0.255149981 0.510784057 -0.191531277 0.798319425
1561000676.188596487 -140696.425988 -6804.522508 198046.477406 -0.284983816 0.490550455 -0.182379735 0.803045521
1561000676.287457228 -140828.216076 -6816.956696 198228.055408 -0.308007723 0.467291349 -0.173989160 0.810245524
1561000676.388429165 -140962.955700 -6829.669378 198413.551157 -0.310298148 0.444411822 -0.161733541 0.824654748
1561000676.488162279 -141096.174209 -6842.241661 198596.808475 -0.302678719 0.412734585 -0.137969140 0.847938837
1561000676.587292433 -141228.715010 -6854.755864 198778.991228 -0.304933261 0.375229420 -0.120545448 0.866999068
1561000676.688367844 -141363.984567 -6867.536645 198964.779428 -0.312612643 0.329159777 -0.112047537 0.883952785
1561000676.787326097 -141496.541616 -6880.073965 199146.701265 -0.326572614 0.283260646 -0.111911435 0.894756707
1561000676.888516188 -141632.207066 -6892.921690 199332.748077 -0.323196282 0.259306236 -0.101455330 0.904439747
1561000676.987469196 -141764.986569 -6905.514406 199514.701229 -0.332713404 0.226867007 -0.098512416 0.910015635
1561000677.088493109 -141900.656319 -6918.402591 199700.479678 -0.333621380 0.172209920 -0.074570681 0.923839668
1561000677.188443184 -142034.988446 -6931.187820 199884.297260 -0.326866974 0.129714456 -0.061054274 0.934133029
1561000677.287626028 -142168.385795 -6943.909907 200066.714468 -0.326200312 0.079395567 -0.033998182 0.941346814
1561000677.388549089 -142304.214345 -6956.892726 200252.340905 -0.332147871 0.014858910 -0.022147818 0.942850189
1561000677.488576651 -142438.919717 -6969.800215 200436.328006 -0.342409340 -0.025032547 -0.025935588 0.938859180
1561000677.588731766 -142573.871437 -6982.765085 200620.556061 -0.343016030 -0.059956898 -0.011801329 0.937339801
1561000677.688731670 -142708.683650 -6995.751248 200804.505947 -0.333357098 -0.094157420 0.019413201 0.937886215
1561000677.787768602 -142842.259343 -7008.652266 200986.691050 -0.329690570 -0.141956654 0.043531164 0.932339785
1561000677.888893366 -142978.706531 -7021.866185 201172.724474 -0.324440137 -0.178805263 0.064699327 0.926596607
1561000677.988409519 -143113.030740 -7034.909694 201355.807673 -0.319927403 -0.225098782 0.077760316 0.917022535
1561000678.088507414 -143248.181125 -7048.067842 201539.971635 -0.317804079 -0.260065008 0.088752993 0.907463313
1561000678.188627481 -143383.396607 -7061.266492 201724.189152 -0.314875787 -0.304539173 0.101536758 0.893196181
1561000678.287575006 -143517.056834 -7074.346071 201906.264697 -0.309472089 -0.350578785 0.113817436 0.876565532
1561000678.388519526 -143653.437227 -7087.724193 202092.034254 -0.302010435 -0.388524143 0.128821852 0.860955062
1561000678.487511873 -143787.197271 -7100.874277 202274.233189 -0.291998166 -0.423598607 0.152534700 0.843821341
1561000678.588694096 -143923.929072 -7114.344130 202460.488562 -0.282300346 -0.452446265 0.166998727 0.829283014
1561000678.689149857 -144059.688056 -7127.742053 202645.435754 -0.263694809 -0.499526784 0.185773475 0.804006378
1561000678.787875652 -144193.113181 -7140.929169 202827.231075 -0.255577503 -0.536500176 0.186442688 0.782359780
1561000678.888993979 -144329.772163 -7154.452638 203013.471985 -0.226648727 -0.594011086 0.202945145 0.744710986
1561000678.987897635 -144463.435203 -7167.690725 203195.679386 -0.216124695 -0.619292016 0.188255539 0.730976995
1561000679.088934898 -144599.976932 -7181.222558 203381.869067 -0.225505212 -0.627359467 0.179779486 0.723358026
1561000679.188595533 -144734.653128 -7194.579088 203565.576404 -0.217947164 -0.652430447 0.141736907 0.711859673
1561000679.287601471 -144868.438869 -7207.858759 203748.134282 -0.216600386 -0.658151162 0.109776380 0.712650312
1561000679.388690233 -145005.033411 -7221.429891 203934.593919 -0.237145416 -0.668877659 0.161835751 0.685692292
1561000679.488245726 -145139.550236 -7234.806043 204118.287477 -0.265052653 -0.648477771 0.173765329 0.692119413
1561000679.588499546 -145275.005194 -7248.287533 204303.330447 -0.261694629 -0.655062937 0.221131736 0.673430935
1561000679.688286066 -145409.822773 -7261.713472 204487.573160 -0.221060002 -0.755664774 0.287470298 0.545402651
1561000679.788249969 -145544.874718 -7275.154937 204672.219947 -0.200790003 -0.788413954 0.334539843 0.475573239
1561000679.888634920 -145680.493498 -7288.633500 204857.730374 -0.180942463 -0.779260130 0.339594902 0.494660266
1561000679.987597942 -145814.189880 -7301.899108 205040.696509 -0.157442392 -0.791908594 0.373749016 0.456513247
1561000680.088584423 -145950.621505 -7315.407362 205227.490457 -0.110427567 -0.831013627 0.380425917 0.390510211
1561000680.188613653 -146085.768029 -7328.751109 205412.608551 -0.046110857 -0.869521141 0.345421350 0.349986950
1561000680.287446976 -146219.313719 -7341.895991 205595.614600 0.005746306 -0.889198328 0.307608533 0.338630039
1561000680.388378620 -146355.713397 -7355.280057 205782.615846 0.028559163 -0.900020501 0.294744630 0.319801619
1561000680.488300085 -146490.769542 -7368.490557 205967.858367 0.027029684 -0.909254357 0.312707567 0.273385969
1561000680.588241816 -146625.879190 -7381.662930 206153.253888 0.032240892 -0.920241756 0.314683617 0.230412362
1561000680.688223124 -146761.074248 -7394.798926 206338.842288 0.041333838 -0.931880709 0.306002594 0.190400292
1561000680.787881374 -146895.869149 -7407.851445 206523.953130 0.057840389 -0.940172159 0.295928357 0.158610238
1561000680.888615608 -147032.161424 -7421.003936 206711.189760 0.067751578 -0.944532571 0.297455084 0.121607646
1561000680.988703728 -147167.626875 -7434.031118 206897.353867 0.065200574 -0.946061144 0.307320966 0.079189772
1561000681.088707447 -147303.030334 -7447.005979 207083.489992 0.057911606 -0.945390541 0.318320701 0.039432258
1561000681.188614368 -147438.361636 -7459.926465 207269.576665 0.071377655 -0.945913513 0.316340660 0.009024566
1561000681.287307739 -147572.111415 -7472.648890 207453.530902 0.089172515 -0.945309619 0.312241358 -0.030713543
1561000681.388518333 -147709.343871 -7485.654202 207642.310138 0.109429216 -0.941386151 0.309734898 -0.076691942
1561000681.488221884 -147844.609690 -7498.425923 207828.410629 0.121276968 -0.936472402 0.307189584 -0.118092747
1561000681.588586807 -147980.856883 -7511.244292 208015.877884 0.137426765 -0.931545755 0.298859923 -0.154981088
1561000681.688675642 -148116.819383 -7523.991647 208202.960907 0.144679137 -0.923419933 0.295961286 -0.196902237
1561000681.787509203 -148251.170882 -7536.545913 208387.825318 0.148961493 -0.913744658 0.294775899 -0.236618562
1561000681.888593912 -148388.685260 -7549.354027 208577.029524 0.156340308 -0.894892172 0.292853743 -0.298265643
1561000681.987440825 -148523.263700 -7561.849737 208762.167919 0.169117270 -0.872513424 0.287728134 -0.356836370
1561000682.088506222 -148660.981234 -7574.600404 208951.581883 0.185394349 -0.849279474 0.277816877 -0.408865617
1561000682.188407898 -148797.237208 -7587.183825 209138.930534 0.211750286 -0.825394427 0.270485125 -0.448021935
1561000682.288105249 -148933.342315 -7599.726095 209326.006376 0.230378152 -0.803454355 0.265066381 -0.480756509
1561000682.388340950 -149070.314283 -7612.324435 209514.200076 0.233429086 -0.790140928 0.261473246 -0.502812010
1561000682.487758160 -149206.301354 -7624.811263 209700.959832 0.226347653 -0.770995974 0.258894907 -0.536008745
1561000682.588431835 -149344.145117 -7637.448694 209890.179533 0.225464614 -0.741816158 0.250933625 -0.579574682
1561000682.688588142 -149481.421115 -7650.016773 210078.520685 0.222227051 -0.715421035 0.247667893 -0.614368371
1561000682.787353516 -149616.929417 -7662.409286 210264.331761 0.242904124 -0.683179751 0.244833886 -0.643676458
1561000682.888395786 -149755.705378 -7675.091782 210454.508423 0.273298387 -0.644209129 0.240249993 -0.672742545
1561000682.987866402 -149892.464674 -7687.586253 210641.802350 0.293014661 -0.602110191 0.233934743 -0.704897342
1561000683.088369608 -150030.786213 -7700.225474 210831.110753 0.302377635 -0.561647322 0.224583269 -0.736669809
1561000683.188382387 -150168.573274 -7712.823321 211019.558727 0.307890995 -0.522629841 0.210090126 -0.766761582
1561000683.288278103 -150306.336708 -7725.431501 211207.843205 0.312261835 -0.482496556 0.191354909 -0.795658796
1561000683.388708353 -150444.972420 -7738.137361 211397.186288 0.301719009 -0.442733253 0.178329603 -0.825319004
1561000683.487489462 -150581.460356 -7750.666937 211583.464151 0.306294835 -0.401160502 0.161526379 -0.848034760
1561000683.588405848 -150721.025925 -7763.504139 211773.807466 0.304030295 -0.357658796 0.130956821 -0.873210213
1561000683.688374996 -150859.402868 -7776.261256 211962.397791 0.309510422 -0.300856228 0.120858361 -0.893913914
1561000683.787278652 -150996.417743 -7788.925162 212149.005942 0.293223533 -0.251748963 0.094773061 -0.917420562
1561000683.888465643 -151136.704395 -7801.927018 212339.945675 0.273969852 -0.191356024 0.057090479 -0.940778438
1561000683.987476110 -151274.070706 -7814.695183 212526.795877 0.261612301 -0.143308051 0.034390009 -0.953854881
1561000684.088335991 -151414.091988 -7827.748628 212717.148939 0.256153860 -0.098284139 0.037189261 -0.960907065
1561000684.188313484 -151552.972788 -7840.735646 212905.850571 0.254619015 -0.058144034 0.042702659 -0.964346883
1561000684.287109613 -151690.286456 -7853.615939 213092.331979 0.244423535 0.000227987 0.026593288 -0.969303812
1561000684.388462067 -151831.222278 -7866.877975 213283.649319 0.237360856 0.058035116 0.015064275 -0.969569398
1561000684.488012552 -151969.710921 -7879.950942 213471.575044 0.232429210 0.108013151 -0.002990206 -0.966592407
1561000684.588811874 -152109.987413 -7893.234342 213661.869160 0.227407551 0.182079172 -0.021542150 -0.956383248
1561000684.688871861 -152249.274196 -7906.465104 213850.781332 0.213419048 0.246993322 -0.042849269 -0.944251317
1561000684.787717104 -152386.899077 -7919.576257 214037.417108 0.195679692 0.279722131 -0.074994749 -0.936931574
1561000684.888831854 -152527.706670 -7933.026937 214228.358183 0.178986467 0.317420587 -0.103726973 -0.925445153
1561000684.987902880 -152665.685363 -7946.239243 214415.462581 0.164411674 0.351060393 -0.114209647 -0.914702989
1561000685.088036537 -152805.155845 -7959.623735 214604.600098 0.143324208 0.400586865 -0.121743459 -0.896753514
1561000685.188569784 -152945.190095 -7973.088358 214794.523113 0.118883684 0.452146170 -0.128870338 -0.874541564
1561000685.287528276 -153083.032466 -7986.363603 214981.506581 0.104265923 0.483093080 -0.143296096 -0.857447329
1561000685.388623953 -153223.849895 -7999.943582 215172.569741 0.083020562 0.539005478 -0.146077071 -0.825373958
1561000685.487845182 -153362.050720 -8013.285862 215360.137826 0.065880593 0.577845298 -0.140104997 -0.801327117
1561000685.588568211 -153502.335221 -8026.841062 215550.600708 0.046332795 0.622573205 -0.145749428 -0.767471811
1561000685.690125227 -153643.771129 -8040.516173 215742.706043 0.025235971 0.676692239 -0.160208868 -0.718180951
1561000685.787412405 -153779.250757 -8053.618891 215926.806019 0.010900957 0.719790862 -0.178806644 -0.670679110
1561000685.888466597 -153919.966875 -8067.227355 216118.118422 -0.006758289 0.750553709 -0.194830273 -0.631398939
1561000685.987399340 -154057.721591 -8080.544262 216305.505737 -0.029141737 0.792167118 -0.199313061 -0.576104436
1561000686.087258339 -154196.762034 -8093.976517 216494.747827 -0.050802184 0.820665655 -0.209244811 -0.529285963
1561000686.188476324 -154337.695138 -8107.578325 216686.676467 -0.067324010 0.839550111 -0.221022473 -0.491703321
1561000686.287470102 -154475.536133 -8120.865605 216874.501275 -0.084010633 0.862363460 -0.232913410 -0.441613882
1561000686.388966799 -154616.873075 -8134.470362 217067.198102 -0.112045218 0.886791219 -0.230417548 -0.384649134
1561000686.487977028 -154754.765135 -8147.722094 217255.300346 -0.120650894 0.902487676 -0.244099078 -0.333728926
1561000686.587724686 -154893.709993 -8161.051631 217444.935745 -0.139403568 0.916507491 -0.260716275 -0.269458137
1561000686.688706398 -155034.408658 -8174.522452 217637.055351 -0.155268778 0.924346022 -0.278060674 -0.210138763
1561000686.787932396 -155172.705593 -8187.734396 217825.974900 -0.174418292 0.927658560 -0.286764758 -0.163688206
1561000686.888478041 -155312.894405 -8201.096835 218017.550138 -0.205145958 0.928057822 -0.290778724 -0.109870603
1561000686.987593889 -155451.149528 -8214.244951 218206.543881 -0.240157305 0.925406176 -0.286620010 -0.061618564
1561000687.088270426 -155591.651154 -8227.577888 218398.659319 -0.269003798 0.920001343 -0.284968912 -0.005215868
1561000687.188244820 -155731.250528 -8240.798459 218589.580825 -0.292157045 0.910963780 -0.288236183 0.041341928
1561000687.288164377 -155870.857352 -8253.995746 218780.541999 -0.291691876 0.902912979 -0.302457078 0.090463907
1561000687.388333559 -156010.904829 -8267.212174 218972.123750 -0.294708243 0.895609657 -0.304667357 0.134937743
1561000687.487379313 -156149.477767 -8280.267677 219161.695067 -0.292006829 0.885179387 -0.324514229 0.160872556
1561000687.588475466 -156291.024033 -8293.580447 219355.331572 -0.300116350 0.873567710 -0.333660155 0.188362771
1561000687.688577652 -156431.285472 -8306.749894 219547.200127 -0.314985122 0.860204005 -0.335872021 0.219142484
1561000687.788952351 -156572.040853 -8319.945394 219739.727091 -0.326088184 0.851438353 -0.347340138 0.219257966
1561000687.889598370 -156713.289677 -8333.166326 219932.908644 -0.318381034 0.848361739 -0.363573111 0.216172316
1561000687.987977028 -156851.467191 -8346.077624 220121.867542 -0.305301735 0.845691909 -0.380038910 0.217178433
1561000688.089933157 -156994.785995 -8359.443240 220317.830840 -0.285214215 0.837756844 -0.400386342 0.237712220
1561000688.190001011 -157135.569550 -8372.544286 220510.293252 -0.267897388 0.825237460 -0.417658977 0.269768610
1561000688.289996386 -157276.372701 -8385.618036 220702.738928 -0.260573306 0.820663482 -0.428278081 0.274209566
1561000688.389681101 -157416.860916 -8398.632050 220894.707199 -0.269780822 0.812181958 -0.443803526 0.265738980
1561000688.488077641 -157555.652871 -8411.456972 221084.312175 -0.276831955 0.804382503 -0.453435525 0.265949399
1561000688.589473963 -157698.801361 -8424.649341 221279.817582 -0.246189911 0.795156334 -0.471401775 0.291371409
1561000688.691093683 -157842.394891 -8437.844606 221475.871885 -0.229658003 0.786273734 -0.494881318 0.290040166
1561000688.791401386 -157984.263127 -8450.840976 221669.506802 -0.223803906 0.776793062 -0.503376556 0.305149787
1561000688.890982628 -158125.231051 -8463.713700 221861.846770 -0.218905924 0.772908681 -0.522796174 0.285265715
1561000688.989842176 -158265.301600 -8476.461087 222052.897604 -0.218073292 0.774143049 -0.542166724 0.243314245
1561000689.091430187 -158409.363462 -8489.521746 222249.330426 -0.197786134 0.770830747 -0.558422454 0.234232720
1561000689.191464186 -158551.343996 -8502.340792 222442.865263 -0.202576591 0.758603758 -0.570669867 0.240455745
1561000689.290840149 -158692.510768 -8515.032223 222635.229196 -0.176305057 0.749059507 -0.591817347 0.239955435
1561000689.391429663 -158835.522822 -8527.831705 222830.042030 -0.158704988 0.731104131 -0.609128773 0.263176015
1561000689.489524364 -158975.106356 -8540.266628 223020.115464 -0.162622643 0.709540008 -0.625244928 0.281381650
1561000689.591042757 -159119.686761 -8553.087336 223216.914930 -0.176729662 0.702634489 -0.634228879 0.269861318
1561000689.690730095 -159261.783737 -8565.628592 223410.254567 -0.161804693 0.697108436 -0.650902131 0.253348546
1561000689.790618181 -159404.288520 -8578.144993 223604.071159 -0.154230883 0.674370071 -0.672637137 0.262673037
1561000689.890493631 -159546.897312 -8590.608028 223797.946551 -0.142592246 0.652906183 -0.696031466 0.262528411
1561000689.988769531 -159687.340404 -8602.819384 223988.792512 -0.136126260 0.638153032 -0.710494905 0.263490681
1561000690.089918375 -159832.010933 -8615.332690 224185.292193 -0.154963203 0.625950001 -0.718521393 0.260576303
1561000690.192203760 -159978.432982 -8627.930149 224384.075899 -0.187730846 0.620628146 -0.721391930 0.243251963
1561000690.291974068 -160121.378359 -8640.164483 224578.045941 -0.207010188 0.605925965 -0.725042604 0.253601517
1561000690.391912222 -160264.688142 -8652.367999 224772.413850 -0.185463045 0.586471131 -0.729583242 0.298937059
1561000690.490992785 -160406.892687 -8664.418242 224965.179743 -0.191088311 0.581144237 -0.734601304 0.293457931
1561000690.592400789 -160552.566101 -8676.702894 225162.539320 -0.223266416 0.594835275 -0.728936368 0.254901696
1561000690.692576408 -160696.597291 -8688.789911 225357.570087 -0.222089363 0.595950487 -0.707385295 0.308424020
1561000690.792429924 -160840.293749 -8700.792364 225552.043208 -0.206132456 0.573670643 -0.714605855 0.343147019
1561000690.892320156 -160984.173423 -8712.757198 225746.652760 -0.186974975 0.548983730 -0.717972903 0.384931336
1561000690.990818262 -161126.177524 -8724.517268 225938.608386 -0.185171132 0.526479796 -0.718793486 0.414567969
1561000691.092083454 -161272.306069 -8736.571599 226136.012491 -0.194664672 0.506982456 -0.730979339 0.413211400
1561000691.192133665 -161416.816976 -8748.447780 226331.101433 -0.222591866 0.485178564 -0.737363925 0.413943310
1561000691.290557861 -161559.111719 -8760.101024 226523.070389 -0.242170743 0.462458929 -0.740650935 0.422990856
1561000691.392272949 -161706.303466 -8772.116001 226721.509770 -0.239769167 0.451991543 -0.751045789 0.417306380
1561000691.490763664 -161848.964317 -8783.723729 226913.707464 -0.206274609 0.446304986 -0.762440029 0.420651693
1561000691.592398405 -161996.315156 -8795.672949 227112.085737 -0.163454386 0.437635018 -0.775900910 0.423952867
1561000691.693707466 -162143.329913 -8807.552461 227309.871373 -0.147985607 0.427566431 -0.793557380 0.406883142
1561000691.793093204 -162287.682496 -8819.173731 227503.940255 -0.139339018 0.414779191 -0.804361616 0.401926924
1561000691.893555880 -162433.727122 -8830.887475 227700.147509 -0.151352107 0.392361952 -0.813121566 0.402464852
1561000691.992355347 -162577.478641 -8842.376660 227893.138153 -0.120418090 0.379735736 -0.814626552 0.421525604
1561000692.093594313 -162724.905706 -8854.117550 228090.923935 -0.136133380 0.365039017 -0.838132425 0.381769902
1561000692.194281816 -162871.654623 -8865.761746 228287.660589 -0.102300704 0.343437208 -0.847578964 0.391401775
1561000692.295279026 -163018.977373 -8877.408465 228485.028035 -0.100371647 0.332780682 -0.867921565 0.354816441
1561000692.394016743 -163163.120196 -8888.761464 228678.002725 -0.100646813 0.322173052 -0.865754265 0.369519007
1561000692.492417336 -163306.882776 -8900.043271 228870.339013 -0.097432936 0.307504651 -0.871270336 0.369913116
1561000692.593861580 -163455.207925 -8911.641789 229068.643977 -0.076474952 0.293070700 -0.871806484 0.384986495
1561000692.694075823 -163601.848109 -8923.068534 229264.561580 -0.070594079 0.275487287 -0.874361582 0.393211208
1561000692.792280912 -163745.656735 -8934.238471 229456.565732 -0.068329364 0.251287324 -0.884186869 0.387813562
1561000692.893670321 -163894.239890 -8945.742631 229654.808835 -0.067134582 0.248955395 -0.894020460 0.366389925
1561000692.992175341 -164038.702840 -8956.891858 229847.424172 -0.052902897 0.243697293 -0.898336073 0.361670032
1561000693.093464613 -164187.357192 -8968.327073 230045.495415 -0.068610464 0.222913844 -0.901883574 0.363604236
1561000693.194062710 -164335.103461 -8979.655427 230242.224903 -0.048878822 0.213754560 -0.909337761 0.353588300
1561000693.293469906 -164481.203815 -8990.823127 230436.634548 -0.027907028 0.201843686 -0.908902274 0.363836475
1561000693.393529892 -164628.364252 -9002.039410 230632.326219 -0.017758213 0.186044055 -0.907972986 0.375043080
1561000693.492204428 -164773.584317 -9013.078024 230825.312410 -0.012023983 0.165528451 -0.909282176 0.381656496
1561000693.592339754 -164921.051434 -9024.260006 231021.158113 -0.007672305 0.147953440 -0.912050375 0.382380738
1561000693.693884611 -165070.692692 -9035.580829 231219.762001 -0.010108751 0.139546801 -0.923477365 0.357231101
1561000693.792488813 -165216.094748 -9046.556499 231412.615459 -0.029323642 0.133942130 -0.924699146 0.355149431
1561000693.894144773 -165366.095097 -9057.855090 231611.438737 -0.018367626 0.151438733 -0.924000777 0.350644414
1561000693.992807627 -165511.775903 -9068.804588 231804.409880 -0.037534586 0.157495898 -0.928277814 0.334793216
1561000694.092848778 -165659.591634 -9079.888514 232000.080304 -0.063807708 0.160067693 -0.929651422 0.325661087
1561000694.194056511 -165809.233246 -9091.080887 232198.035915 -0.050821760 0.165503379 -0.936143750 0.306040291
1561000694.295355082 -165959.113291 -9102.261585 232396.174663 -0.045966608 0.179939762 -0.936142012 0.298574758
1561000694.395094156 -166106.786508 -9113.247012 232591.268245 -0.043973017 0.191824915 -0.928789844 0.314036624
1561000694.493900776 -166253.176677 -9124.105404 232784.542304 -0.055777432 0.215509179 -0.933374613 0.281525317
1561000694.595165253 -166403.312524 -9135.206303 232982.631937 -0.071935639 0.230103546 -0.923616711 0.298009719
1561000694.695244789 -166551.796798 -9146.147466 233178.413430 -0.087734234 0.237307920 -0.918606770 0.303560961
1561000694.795280457 -166700.324534 -9157.054517 233374.121029 -0.109611345 0.241764838 -0.915081288 0.303580882
1561000694.895139217 -166848.700981 -9167.914729 233569.495827 -0.120413019 0.230297392 -0.907180126 0.330889763
1561000694.993753195 -166995.338319 -9178.615676 233762.446864 -0.144296429 0.235964154 -0.904142568 0.325615841
1561000695.095133066 -167146.206841 -9189.593678 233960.824720 -0.165408719 0.251277384 -0.900578232 0.313780943
1561000695.195034027 -167294.993560 -9200.387177 234156.326222 -0.178732675 0.281562056 -0.895265034 0.295428432
1561000695.295438766 -167444.652100 -9211.207382 234352.835649 -0.198320075 0.305587769 -0.885651175 0.287936209
1561000695.395190239 -167593.459645 -9221.927110 234548.093026 -0.207601518 0.340115370 -0.869279376 0.292534633
1561000695.493827820 -167740.728558 -9232.496109 234741.201086 -0.241390978 0.383050400 -0.844057862 0.287348417
1561000695.594941378 -167891.824737 -9243.296346 234939.196161 -0.278131467 0.420988736 -0.817012220 0.279110021
1561000695.693724155 -168039.568229 -9253.812582 235132.675404 -0.311370700 0.464467989 -0.788412404 0.256366252
1561000695.795289040 -168191.608825 -9264.586899 235331.663517 -0.337751569 0.503094737 -0.763696899 0.222680511
1561000695.895125389 -168341.195815 -9275.137505 235527.333153 -0.326396526 0.544967915 -0.738653813 0.225534530
1561000695.994052649 -168489.548883 -9285.549319 235721.292940 -0.328449293 0.587466795 -0.714213173 0.192102499
1561000696.095534801 -168641.863774 -9296.182591 235920.344785 -0.326331841 0.617131071 -0.698311677 0.158169440
1561000696.195280075 -168791.697593 -9306.584494 236116.077496 -0.334082889 0.628193159 -0.684787797 0.157567925
1561000696.293679476 -168939.630626 -9316.797848 236309.257512 -0.332307059 0.632581513 -0.678514429 0.170384322
1561000696.395229578 -169092.427836 -9327.289039 236508.717541 -0.333545818 0.638545235 -0.673078177 0.167251121
1561000696.493859053 -169240.953317 -9337.430707 236702.532489 -0.323490637 0.650476644 -0.665817544 0.170061578
1561000696.595229149 -169393.731907 -9347.805494 236901.828116 -0.313561117 0.655977992 -0.666333066 0.165446502
1561000696.695190668 -169544.511927 -9357.987143 237098.451532 -0.334014206 0.656593665 -0.663390426 0.131272282
1561000696.793729782 -169693.264423 -9367.975389 237292.371488 -0.335798091 0.676130947 -0.642593005 0.130999292
1561000696.895066261 -169846.361194 -9378.196834 237491.898973 -0.338340461 0.698677958 -0.617897370 0.124810592
1561000696.993653536 -169995.420343 -9388.092995 237686.116557 -0.348181435 0.719486891 -0.590169753 0.113172276
1561000697.095078468 -170148.886669 -9398.225812 237886.036112 -0.363232388 0.742724118 -0.553335982 0.101204786
1561000697.194711447 -170299.752949 -9408.134743 238082.540777 -0.388029325 0.780805575 -0.484159951 0.073246424
1561000697.295124292 -170451.906395 -9418.081597 238280.711010 -0.416436939 0.807440171 -0.416706513 0.031246257
1561000697.395090342 -170603.480235 -9427.950691 238478.135087 -0.406981633 0.840749079 -0.357017693 -0.006730808
1561000697.494901419 -170754.908032 -9437.777939 238675.395080 -0.405421353 0.867498380 -0.285208547 -0.041667391
1561000697.594832897 -170906.597816 -9447.598004 238873.039872 -0.413044861 0.886427176 -0.198428048 -0.065323153
1561000697.694792032 -171058.397348 -9457.410382 239070.889776 -0.427823615 0.889262289 -0.105391698 -0.122768587
1561000697.793523788 -171208.386962 -9467.101778 239266.458296 -0.430694606 0.888375670 -0.006596163 -0.158894044
1561000697.894670486 -171362.088516 -9477.041255 239466.960062 -0.409834536 0.885669828 0.093643136 -0.197118167
1561000697.993432760 -171512.198433 -9486.768898 239662.875044 -0.382060624 0.870811038 0.190847160 -0.243506011
1561000698.094395399 -171665.675366 -9496.747975 239863.287001 -0.358598051 0.829904052 0.310702057 -0.293480722
1561000698.194979906 -171818.592170 -9506.735530 240063.066295 -0.317967380 0.783762013 0.415865435 -0.334170303
1561000698.294471025 -171969.856494 -9516.667610 240260.771485 -0.275513811 0.728201253 0.505753451 -0.371521899
1561000698.394909620 -172122.572369 -9526.754636 240460.440751 -0.222474532 0.662916764 0.594228274 -0.397415658
1561000698.495277166 -172275.195079 -9536.898933 240660.030392 -0.159560718 0.586918064 0.670472126 -0.424893742
1561000698.596221447 -172428.719117 -9547.167513 240860.811374 -0.113502481 0.508420196 0.731707960 -0.439578835
1561000698.696098804 -172580.654053 -9557.390686 241059.499114 -0.092310086 0.444343289 0.780167164 -0.430554393
1561000698.795558453 -172731.994711 -9567.629785 241257.375114 -0.085017299 0.421592510 0.808601597 -0.401491310
1561000698.896800280 -172886.094345 -9578.109352 241458.810805 -0.076373881 0.402344416 0.821449307 -0.396871563
1561000698.995206118 -173035.925597 -9588.349895 241654.615622 -0.067107258 0.408510007 0.808697638 -0.417880750
1561000699.096710920 -173190.525387 -9598.969643 241856.599728 -0.054997465 0.409448877 0.801755928 -0.431873047
1561000699.188436270 -173330.274296 -9608.616301 242039.135301 -0.073798013 0.395953906 0.807285507 -0.431351908
1561000699.288321495 -173482.503843 -9619.172455 242237.918649 -0.044733573 0.297487064 0.856362765 -0.419694136
1561000699.388251305 -173634.860517 -9629.780044 242436.794963 -0.015019112 0.285627086 0.869641735 -0.402386438
1561000699.488479376 -173787.738594 -9640.463706 242636.267980 -0.024613697 0.334597493 0.853317880 -0.399108105
1561000699.589973450 -173942.609874 -9651.331626 242838.264793 -0.089523961 0.408265396 0.809088341 -0.413135430
1561000699.688422918 -174092.882544 -9661.925563 243034.214191 -0.118897968 0.491022330 0.692788314 -0.514591777
1561000699.788559914 -174245.760421 -9672.758625 243233.547911 -0.109000905 0.589644325 0.590260427 -0.540398928
1561000699.888555288 -174398.441442 -9683.639357 243432.640516 -0.127902053 0.541684016 0.681104676 -0.475726720
1561000699.987387419 -174549.371564 -9694.457327 243629.452147 -0.141205153 0.403122500 0.834120387 -0.348993602
1561000700.088423014 -174703.708202 -9705.572455 243830.665477 -0.190581241 0.286447992 0.916701110 -0.203188124
1561000700.187392712 -174854.934538 -9716.498502 244027.764183 -0.226070157 0.278606944 0.929621908 -0.084104478
1561000700.287990093 -175008.691330 -9727.639675 244228.104697 -0.183670334 0.415108714 0.874367487 -0.171555999
1561000700.388343573 -175162.118833 -9738.804959 244427.970624 -0.086021266 0.577952942 0.727455911 -0.359692418
1561000700.487210512 -175313.313158 -9749.873380 244624.908880 -0.050206139 0.632887675 0.643942144 -0.426932136
1561000700.588360310 -175468.033911 -9761.273065 244826.443433 -0.085695457 0.620519370 0.687599444 -0.367177076
1561000700.688216686 -175620.811910 -9772.602097 245025.446951 -0.139063650 0.592851646 0.736091645 -0.295562714
1561000700.788680077 -175774.557716 -9784.073992 245225.701449 -0.145187943 0.597413354 0.753293565 -0.233594844
1561000700.888725042 -175927.703839 -9795.571605 245425.161004 -0.152733722 0.615063774 0.737968361 -0.231887174
1561000700.988991976 -176081.229942 -9807.169294 245625.105785 -0.145290819 0.645297852 0.701911188 -0.264200575
1561000701.088963985 -176234.342193 -9818.808465 245824.511146 -0.139295377 0.675625891 0.668658001 -0.277530055
1561000701.189694881 -176388.652961 -9830.613086 246025.486789 -0.157842390 0.714953957 0.627829695 -0.264114545
1561000701.290050268 -176542.423778 -9842.451960 246225.776258 -0.155291768 0.708392724 0.633468991 -0.269780010
1561000701.389756203 -176695.233280 -9854.291159 246424.833880 -0.162026839 0.728337854 0.610200593 -0.266320316
1561000701.487899542 -176845.679480 -9866.019182 246620.837650 -0.185241961 0.736128727 0.600431341 -0.251559371
1561000701.589890242 -177002.054345 -9878.284609 246824.596739 -0.236911821 0.725007365 0.602948430 -0.233859574
1561000701.687781334 -177152.170714 -9890.129619 247020.236757 -0.200063870 0.773119944 0.545426042 -0.254500360
1561000701.789548397 -177308.259416 -9902.518980 247223.704450 -0.210967910 0.787260641 0.529204690 -0.235914433
1561000701.889595032 -177461.738880 -9914.773815 247423.818173 -0.218058374 0.797350499 0.516920264 -0.222432390
1561000701.987603664 -177612.120775 -9926.849908 247619.941754 -0.222991382 0.814090125 0.491145342 -0.215193784
1561000702.089330912 -177768.238142 -9939.457621 247823.600600 -0.258883621 0.807862680 0.478363706 -0.226947848
1561000702.189159870 -177921.469149 -9951.900256 248023.554144 -0.260834078 0.815636648 0.463873784 -0.226988004
1561000702.289369822 -178075.310327 -9964.458741 248224.367423 -0.278378077 0.814402288 0.455290047 -0.227959497
1561000702.389667988 -178229.311570 -9977.096045 248425.456233 -0.276379877 0.825533664 0.445453339 -0.208996784
1561000702.489912510 -178383.257637 -9989.794310 248626.538360 -0.275436931 0.830696541 0.435211203 -0.211350329
1561000702.589784384 -178536.658446 -10002.512426 248826.974599 -0.274793598 0.821896606 0.436553841 -0.241650971
1561000702.689425945 -178689.728613 -10015.265850 249027.047840 -0.288131803 0.806399027 0.453640066 -0.246802278
1561000702.788315535 -178841.663503 -10027.985916 249225.706319 -0.290113177 0.797145239 0.476351066 -0.231264944
1561000702.889554501 -178997.228936 -10041.075506 249429.178306 -0.291102627 0.788887257 0.484377362 -0.241443012
1561000702.987718344 -179148.089820 -10053.832431 249626.559382 -0.288909126 0.783617166 0.469433547 -0.286544584
1561000703.089700699 -179304.836417 -10067.150864 249831.709664 -0.292329400 0.760080756 0.488627927 -0.313150947
1561000703.189249277 -179457.856881 -10080.214443 250032.049297 -0.296950855 0.726038323 0.511488404 -0.350810712
1561000703.289499044 -179611.966231 -10093.430124 250233.878487 -0.276740079 0.706620035 0.537243390 -0.368066020
1561000703.389641285 -179765.921614 -10106.693003 250435.562607 -0.250895309 0.673356544 0.584164234 -0.377352165
1561000703.488070250 -179917.257298 -10119.790631 250633.857788 -0.233453878 0.630665249 0.623267163 -0.399122379
1561000703.590068817 -180074.097609 -10133.426313 250839.398131 -0.232478645 0.573079525 0.658284568 -0.429179409
1561000703.689052343 -180226.318916 -10146.717196 251038.904658 -0.219470752 0.522469598 0.700154157 -0.434329674
1561000703.788258314 -180378.902677 -10160.092861 251238.892386 -0.221660989 0.493952132 0.721688792 -0.431327005
1561000703.889823914 -180535.137852 -10173.840903 251443.665260 -0.229144007 0.477008883 0.722012194 -0.445706115
1561000703.987931490 -180686.074744 -10187.171294 251641.491237 -0.208260544 0.488427775 0.720547568 -0.445956339
1561000704.089855194 -180842.907080 -10201.075627 251847.039615 -0.179511696 0.513271121 0.715354957 -0.438857144
1561000704.188588142 -180994.854953 -10214.601035 252046.180682 -0.237142761 0.445458530 0.730735722 -0.459733959
1561000704.288815975 -181149.124563 -10228.378171 252248.358480 -0.275212022 0.327923892 0.750085214 -0.504079792
1561000704.389729738 -181304.472932 -10242.281539 252451.931299 -0.211858752 0.267021583 0.791826220 -0.506780604
1561000704.487789631 -181455.459760 -10255.819381 252649.750187 -0.172085203 0.349061210 0.806134803 -0.445746154
1561000704.589640617 -181612.320004 -10269.921525 252855.224680 -0.206896943 0.454122563 0.749357309 -0.435235541
1561000704.687710285 -181763.380450 -10283.546473 253053.091064 -0.238997544 0.573265419 0.587082751 -0.519211688
1561000704.789397717 -181920.022164 -10297.722912 253258.298859 -0.222710769 0.696209427 0.387771827 -0.561538384
1561000704.889402390 -182074.069907 -10311.711345 253460.177817 -0.273030551 0.650866167 0.493941632 -0.507788554
1561000704.987589598 -182225.316978 -10325.491788 253658.448569 -0.307336452 0.459037434 0.712227694 -0.433082731
1561000705.089375734 -182382.117907 -10339.822125 253864.018191 -0.332510942 0.282531363 0.844944984 -0.309322608
1561000705.188393116 -182534.674988 -10353.792058 254064.004868 -0.315023571 0.275294585 0.893246847 -0.164569470
1561000705.287814617 -182687.880117 -10367.847194 254264.814629 -0.303623569 0.408805474 0.837221753 -0.199375400
1561000705.389561892 -182844.693829 -10382.276475 254470.340865 -0.237375921 0.630115511 0.631211010 -0.384941262
1561000705.487647295 -182995.880285 -10396.245244 254668.516354 -0.220600615 0.686909417 0.505046730 -0.473728426
1561000705.589370251 -183152.682221 -10410.791653 254874.108766 -0.278460786 0.647873113 0.570676536 -0.420771091
1561000705.687877655 -183304.533548 -10424.935078 255073.261929 -0.317815859 0.602327006 0.648316854 -0.340412272
1561000705.789735794 -183461.560607 -10439.619396 255279.243961 -0.327317109 0.592661478 0.685481832 -0.267825579
1561000705.889716387 -183615.707540 -10454.094194 255481.480576 -0.324669365 0.628191267 0.659952269 -0.253827773
1561000705.987911701 -183767.115756 -10468.372127 255680.159539 -0.317894898 0.674960930 0.602915709 -0.282600821
1561000706.090048552 -183924.615371 -10483.288336 255886.880971 -0.309886571 0.715992968 0.548428049 -0.300917029
1561000706.188987494 -184077.195781 -10497.800293 256087.204817 -0.315521290 0.733949384 0.520633177 -0.301173890
1561000706.288095951 -184230.049171 -10512.398588 256287.951835 -0.332370443 0.738441720 0.516754911 -0.277845419
1561000706.389716625 -184386.789857 -10527.430290 256493.873939 -0.345080004 0.743427056 0.519119012 -0.242386994
1561000706.487963676 -184538.340574 -10542.025594 256693.044219 -0.355988001 0.751737453 0.508926112 -0.221715034
1561000706.589909315 -184695.612459 -10557.235723 256899.803105 -0.358749447 0.768706101 0.487766815 -0.206090508
1561000706.688666821 -184847.982792 -10572.033134 257100.188619 -0.359395504 0.785667310 0.459350154 -0.206298780
1561000706.787594080 -185000.632550 -10586.917111 257301.014745 -0.354214278 0.807255280 0.426407557 -0.202602452
1561000706.889818430 -185158.390506 -10602.359965 257508.640813 -0.345961448 0.827645545 0.403039527 -0.181308216
1561000706.987732172 -185309.518613 -10617.211573 257707.618177 -0.347253129 0.841402673 0.378943787 -0.166908394
1561000707.090035677 -185467.448869 -10632.791004 257915.631861 -0.343592379 0.858155157 0.362570640 -0.118560259
1561000707.187816143 -185618.425548 -10647.740413 258114.562790 -0.374188599 0.852820772 0.348238999 -0.106813967
1561000707.289888144 -185776.061110 -10663.407135 258322.346081 -0.390959587 0.851379014 0.337547537 -0.091466034
1561000707.389438391 -185929.836756 -10678.746074 258525.117506 -0.385978444 0.861712020 0.320215690 -0.077038611
1561000707.489709854 -186084.763095 -10694.254831 258729.481678 -0.408175346 0.857164215 0.306645078 -0.068052860
1561000707.591053963 -186241.385985 -10709.987691 258936.160266 -0.400603702 0.866608027 0.293978782 -0.045647320
1561000707.691205978 -186396.208600 -10725.592788 259140.536010 -0.391127744 0.869138708 0.301643712 -0.025061220
1561000707.792541504 -186552.906352 -10741.442629 259347.455956 -0.394028847 0.868465676 0.300758035 -0.007296686
1561000707.892600775 -186707.676890 -10757.153558 259551.896165 -0.404973060 0.858463290 0.314702401 0.000010251
1561000707.991043568 -186859.991624 -10772.671389 259753.154889 -0.394176872 0.858966353 0.326293189 0.018279852
1561000708.092344046 -187016.775785 -10788.704874 259960.378934 -0.391068444 0.850915091 0.348862873 0.036106462
1561000708.192942142 -187172.522147 -10804.695469 260166.287002 -0.394222676 0.847071498 0.355067825 0.031387887
1561000708.291664600 -187325.412156 -10820.455241 260368.471542 -0.391787483 0.841738912 0.370251246 0.029869491
1561000708.392422915 -187481.502479 -10836.609208 260574.942106 -0.391428991 0.837831847 0.380089747 0.018786321
1561000708.490776777 -187633.912094 -10852.445819 260776.597761 -0.397285039 0.825061660 0.401782763 0.002909698
1561000708.592234612 -187791.174113 -10868.853024 260984.730179 -0.385463659 0.813471155 0.435415584 -0.009783466
1561000708.691239119 -187944.672997 -10884.934834 261187.936420 -0.389718705 0.787703651 0.476312039 -0.027733211
1561000708.792524338 -188101.743296 -10901.461259 261395.924056 -0.385585227 0.752663167 0.531545133 -0.047769875
1561000708.892669678 -188257.076802 -10917.875617 261601.661801 -0.381720869 0.705563178 0.592421109 -0.074209223
1561000708.991273880 -188410.045198 -10934.109076 261804.309570 -0.374412202 0.649297540 0.653474066 -0.105829358
1561000709.092861176 -188567.664096 -10950.905096 262013.153892 -0.358791427 0.589352014 0.712388922 -0.128198827
1561000709.191134214 -188720.160437 -10967.217758 262215.235174 -0.356592220 0.524591887 0.757186978 -0.155926972
1561000709.294002771 -188879.807583 -10984.355154 262426.806611 -0.338715475 0.458369959 0.800475012 -0.185495453
1561000709.393902302 -189034.867392 -11001.051104 262632.300515 -0.317130646 0.388441923 0.837936609 -0.215414172
1561000709.493831635 -189189.996147 -11017.796286 262837.873682 -0.288330537 0.322443260 0.872129799 -0.228660139
1561000709.592685938 -189343.483127 -11034.396745 263041.243477 -0.259458560 0.248582907 0.899403992 -0.248918163
1561000709.692562103 -189498.591195 -11051.195039 263246.718185 -0.262462793 0.207499873 0.913053897 -0.233215923
1561000709.793654680 -189655.624653 -11068.217668 263454.693327 -0.269976588 0.185061373 0.914738810 -0.236892042
1561000709.893580914 -189810.882124 -11085.060157 263660.266671 -0.257663922 0.189960725 0.916752323 -0.238933890
1561000709.992102146 -189963.992006 -11101.681880 263862.947681 -0.236543805 0.209824102 0.912104785 -0.260932435
1561000710.093568802 -190121.718127 -11118.819382 264071.685788 -0.237876730 0.145170488 0.918507190 -0.280507989
1561000710.192573547 -190275.658554 -11135.552660 264275.354680 -0.201961606 0.033479723 0.938314507 -0.278669167
1561000710.293781996 -190433.076664 -11152.654977 264483.550368 -0.208112703 0.026474439 0.942880839 -0.258773897
1561000710.393960953 -190588.945051 -11169.576520 264689.622464 -0.232663542 0.102852425 0.932147323 -0.257663391
1561000710.492481947 -190742.277418 -11186.219675 264892.279187 -0.241400439 0.221758062 0.916453629 -0.229481884
1561000710.593960285 -190900.251416 -11203.381990 265101.018169 -0.208126293 0.390960032 0.826384012 -0.347740081
1561000710.693742275 -191055.618315 -11220.300440 265306.279187 -0.204411168 0.461728358 0.756043148 -0.416439379
1561000710.794870377 -191213.109601 -11237.503063 265514.330768 -0.249785929 0.336815270 0.825657490 -0.377428367
1561000710.894971609 -191369.032541 -11254.571411 265720.278030 -0.217334848 0.089741763 0.943153277 -0.234891201
1561000710.994924784 -191524.770776 -11271.623178 265925.913922 -0.130269996 -0.004635423 0.991125345 -0.026053629
1561000711.096558809 -191683.188616 -11288.952983 266134.998453 -0.100425261 0.051936358 0.990113453 0.083022480
1561000711.195522547 -191837.505192 -11305.823536 266338.580300 -0.101841141 0.195677246 0.975348352 0.005864266
1561000711.296458483 -191994.958933 -11323.049747 266546.213400 -0.054441033 0.417825209 0.846398913 -0.325679518
1561000711.388623476 -192138.780210 -11338.824471 266735.811791 -0.040800173 0.484063759 0.749588181 -0.449594463
1561000711.488495588 -192294.673783 -11355.980394 266941.286557 -0.068562667 0.436462479 0.816002329 -0.372746380
1561000711.587508917 -192449.275327 -11373.048862 267145.010249 -0.083448014 0.363692416 0.905374611 -0.202635311
1561000711.687623978 -192605.655195 -11390.358715 267351.007290 -0.107650593 0.341328594 0.929348371 -0.090651780
1561000711.788450003 -192763.206879 -11407.837685 267558.469200 -0.118731354 0.381796090 0.912189159 -0.089696984
1561000711.888620377 -192919.792134 -11425.252873 267764.588328 -0.090020872 0.465191239 0.864455466 -0.167958626
1561000711.987447023 -193074.331136 -11442.492872 267967.957771 -0.086785736 0.525863250 0.816145449 -0.223254753
1561000712.088829041 -193232.919460 -11460.247326 268176.610452 -0.077477921 0.558429905 0.791857191 -0.234766698
1561000712.187844515 -193387.857883 -11477.658688 268380.425130 -0.076215184 0.573162941 0.786201140 -0.218090018
1561000712.288881302 -193546.011682 -11495.500052 268588.435083 -0.088382446 0.586709243 0.786869655 -0.169696651
1561000712.389434099 -193703.463513 -11513.332714 268795.485408 -0.093140884 0.607729191 0.775861839 -0.141521776
1561000712.489825487 -193860.719953 -11531.214295 269002.242756 -0.096865712 0.629965111 0.762351004 -0.112169241
1561000712.589538813 -194016.971871 -11549.053674 269207.646169 -0.096681431 0.652564555 0.743643946 -0.108654885
1561000712.687888384 -194171.143075 -11566.727725 269410.286315 -0.087656489 0.676034142 0.724181031 -0.104192192
1561000712.787710667 -194327.681244 -11584.747558 269616.012787 -0.070743128 0.701618398 0.703222056 -0.090585721
1561000712.889805317 -194487.846501 -11603.263770 269826.481793 -0.062323615 0.722359803 0.684007939 -0.080282137
1561000712.987559795 -194641.265028 -11621.075390 270028.063824 -0.061655680 0.741761908 0.663811650 -0.073088593
1561000713.089387417 -194801.142865 -11639.715272 270238.113944 -0.056986309 0.763520017 0.640242454 -0.062284387
1561000713.187558651 -194955.344566 -11657.769588 270440.690725 -0.063819235 0.779306200 0.620810635 -0.056596003
1561000713.289345264 -195115.293352 -11676.575326 270650.804424 -0.058391391 0.798948824 0.597077099 -0.042073266
1561000713.389480352 -195272.716134 -11695.161539 270857.589498 -0.062662056 0.814696027 0.575310042 -0.036908058
1561000713.487375498 -195426.684609 -11713.414043 271059.830126 -0.051403682 0.830969909 0.553769051 -0.013656852
1561000713.589281797 -195587.033483 -11732.499337 271270.447181 -0.058894295 0.851097963 0.521684127 -0.003064635
1561000713.688013792 -195742.458557 -11751.071730 271474.595798 -0.074984628 0.863800880 0.498201299 0.004561922
1561000713.788171530 -195900.201503 -11769.992793 271681.789312 -0.052958480 0.881276803 0.469159336 0.020883319
1561000713.889806509 -196060.349288 -11789.273533 271892.142960 -0.066002493 0.897616468 0.435704195 0.009497438
1561000713.987923384 -196215.029706 -11807.962187 272095.319228 -0.071907573 0.911703392 0.403775732 0.024318372
1561000714.089415073 -196375.109772 -11827.368267 272305.596864 -0.080360286 0.923976038 0.369927592 0.054443382
1561000714.187538862 -196529.956570 -11846.200062 272509.009564 -0.086238745 0.932334069 0.342023699 0.079598064
1561000714.289125919 -196690.353943 -11865.765933 272719.721790 -0.082767793 0.939545034 0.316319593 0.101717932
1561000714.389287949 -196848.589073 -11885.123511 272927.600046 -0.103257111 0.942524088 0.292435972 0.124368467
1561000714.489362717 -197006.776478 -11904.528172 273135.419313 -0.097840043 0.947814139 0.269810278 0.138845592
1561000714.589196682 -197164.676100 -11923.946550 273342.861678 -0.099144301 0.952538822 0.238632182 0.160918868
1561000714.687711477 -197320.583477 -11943.164449 273547.685172 -0.083104708 0.957557729 0.208685773 0.180629595
1561000714.788187504 -197479.695735 -11962.817921 273756.712242 -0.055388094 0.956259455 0.177012964 0.226199965
1561000714.889328957 -197639.973571 -11982.649900 273967.252948 -0.028488683 0.951281198 0.145340847 0.270422847
1561000714.987429619 -197795.546564 -12001.926797 274171.584168 -0.009409008 0.944392824 0.114493317 0.308098921
1561000715.089116812 -197956.932944 -12021.944743 274383.508463 -0.001396769 0.932706576 0.086385320 0.350134359
1561000715.187596083 -198113.354554 -12041.362362 274588.861033 0.007221779 0.918479819 0.061160908 0.390643075
1561000715.287637711 -198272.391374 -12061.115065 274797.582288 0.013224167 0.893399968 0.031536960 0.447958747
1561000715.390908957 -198436.709006 -12081.529296 275013.150267 0.022571515 0.859733440 0.003404826 0.510232639
1561000715.488872051 -198592.723104 -12100.912851 275217.730601 0.048276673 0.830335642 -0.016437676 0.554925118
1561000715.590931654 -198755.411432 -12121.120725 275430.952781 0.066039177 0.800397757 -0.049602709 0.593752330
1561000715.689344406 -198912.433511 -12140.614349 275636.631878 0.076873529 0.759667606 -0.076278713 0.641230963
1561000715.789064407 -199071.688621 -12160.369797 275845.109133 0.095579514 0.727587628 -0.090123119 0.673319110
1561000715.890576363 -199233.956932 -12180.479362 276057.390946 0.104865102 0.681053078 -0.115430491 0.715434006
1561000715.988929987 -199391.319431 -12199.959004 276263.114672 0.118270408 0.626812946 -0.146085209 0.756159212
1561000716.090355873 -199553.740451 -12220.039748 276475.302075 0.137613649 0.573974872 -0.169135528 0.789308877
1561000716.188875437 -199711.640936 -12239.534971 276681.436179 0.154782538 0.510483433 -0.181505876 0.826138395
1561000716.290839434 -199875.192766 -12259.698465 276894.795551 0.171783374 0.441641323 -0.207757776 0.855733674
1561000716.391225815 -200036.333201 -12279.535067 277104.861048 0.186317042 0.374390220 -0.230636221 0.878592543
1561000716.490033150 -200195.045023 -12299.044365 277311.623966 0.183606951 0.312086603 -0.253086113 0.897127560
1561000716.592824936 -200360.257281 -12319.326139 277526.719642 0.189551541 0.226764394 -0.283273380 0.912361943
1561000716.691028595 -200518.178248 -12338.692588 277732.205144 0.194743260 0.155755319 -0.302693311 0.919887005
1561000716.792556047 -200681.517270 -12358.707532 277944.633158 0.200879224 0.076019162 -0.322027419 0.922044991
1561000716.893889189 -200844.603678 -12378.680775 278156.642205 0.216907860 0.000719699 -0.348805334 0.911748486
1561000716.992609501 -201003.531285 -12398.140520 278363.173797 0.202509443 -0.059897778 -0.387145380 0.897508015
1561000717.093386412 -201165.808364 -12418.012608 278573.999513 0.202181080 -0.130908461 -0.398739748 0.884868578
1561000717.191864491 -201324.414174 -12437.444841 278780.011149 0.200206860 -0.171245011 -0.428407743 0.864325844
1561000717.291958332 -201485.646000 -12457.215043 278989.402788 0.216043691 -0.216337630 -0.427910202 0.850538660
1561000717.393489838 -201649.213087 -12477.291626 279201.805413 0.228458214 -0.253849499 -0.440791805 0.830102320
1561000717.491891623 -201807.752268 -12496.773971 279407.668436 0.228203391 -0.315142957 -0.450775676 0.803373773
1561000717.593257666 -201971.077478 -12516.873925 279619.746502 0.217143521 -0.377685064 -0.467420609 0.769233813
1561000717.693419695 -202132.469289 -12536.773122 279829.326865 0.208769750 -0.431198101 -0.470973123 0.740721072
1561000717.795014620 -202296.174761 -12557.002511 280041.934844 0.207735789 -0.470882168 -0.476864509 0.712541975
1561000717.894737244 -202456.866858 -12576.908657 280250.660198 0.208885143 -0.507536296 -0.471483828 0.690273066
1561000717.994837523 -202618.169752 -12596.942265 280460.217239 0.217402520 -0.539226158 -0.446284471 0.680295131
1561000718.094708204 -202779.102766 -12616.983626 280669.342014 0.221291384 -0.577774183 -0.430380477 0.657251673
1561000718.193444014 -202938.205753 -12636.851267 280876.145814 0.211543793 -0.624032007 -0.424115518 0.621256232
1561000718.294510365 -203101.063985 -12657.246634 281087.896693 0.195628750 -0.658124562 -0.428804165 0.587135794
1561000718.394671679 -203262.467431 -12677.522946 281297.823181 0.184454454 -0.676635540 -0.448418759 0.554131318
1561000718.494875908 -203423.947941 -12697.875996 281507.914055 0.177415538 -0.679300273 -0.472435176 0.532803782
1561000718.594927788 -203585.194397 -12718.269767 281717.759951 0.163809547 -0.691114144 -0.476666115 0.517993328
1561000718.693516970 -203744.098080 -12738.438433 281924.613303 0.148025831 -0.702188044 -0.485686217 0.499128443
1561000718.794895411 -203907.515750 -12759.255500 282137.399271 0.113993173 -0.725504940 -0.482437320 0.477391213
1561000718.894977331 -204068.866812 -12779.886274 282347.548349 0.098038047 -0.735384484 -0.487968526 0.459874896
1561000718.994246721 -204228.935211 -12800.430413 282556.075810 0.090081442 -0.744216851 -0.496888033 0.437182907
1561000719.095146179 -204391.664315 -12821.396285 282768.114644 0.087464281 -0.745795459 -0.508190043 0.421760611
1561000719.193642378 -204550.552286 -12841.946549 282975.187771 0.073095516 -0.751622116 -0.515606969 0.404809454
1561000719.295523405 -204714.940451 -12863.291149 283189.466236 0.061983458 -0.756820632 -0.518587294 0.392998475
1561000719.393726349 -204873.435907 -12883.950917 283396.095768 0.042008174 -0.771289498 -0.528605155 0.352028996
1561000719.494904518 -205036.780952 -12905.325530 283609.074254 0.028591942 -0.780195521 -0.535609668 0.321869125
1561000719.594895601 -205198.264104 -12926.538819 283819.644971 0.020215679 -0.786457172 -0.539935440 0.299242651
1561000719.693482399 -205357.537542 -12947.541052 284027.348457 -0.001427614 -0.790978545 -0.546478087 0.275159233
1561000719.794763565 -205521.227464 -12969.207124 284240.820708 0.003778235 -0.781998314 -0.562999466 0.267387290
1561000719.893356085 -205680.635786 -12990.386129 284448.712960 0.007029763 -0.770870459 -0.576847262 0.270104710
1561000719.994700432 -205844.559736 -13012.247590 284662.494037 0.017444731 -0.760023162 -0.591321149 0.269072062
1561000720.094715834 -206006.399128 -13033.913277 284873.553315 0.015953265 -0.753041798 -0.595748279 0.278850376
1561000720.193542480 -206166.379388 -13055.410659 285082.183355 -0.001159537 -0.749396311 -0.607046193 0.264383705
1561000720.295140266 -206330.914520 -13077.602884 285296.744684 0.000200987 -0.743384312 -0.614477734 0.264190914
1561000720.394846678 -206492.455985 -13099.472598 285507.390449 0.020024382 -0.720454291 -0.633945125 0.280460723
1561000720.495119095 -206654.982834 -13121.557138 285719.307108 0.000762673 -0.716632281 -0.636822037 0.284420963
1561000720.594864845 -206816.724339 -13143.615915 285930.181701 0.009607296 -0.700541476 -0.659824062 0.271627588
1561000720.693451881 -206976.655093 -13165.506810 286138.672842 0.026146587 -0.688935716 -0.660018018 0.298429474
1561000720.794620514 -207140.843064 -13188.062114 286352.688993 0.034924980 -0.675050124 -0.680185702 0.283610624
1561000720.893514633 -207301.407802 -13210.199455 286561.955626 0.025480772 -0.667560863 -0.693565389 0.269592795
1561000720.993625879 -207464.018413 -13232.698667 286773.857210 0.021808588 -0.655520863 -0.705347841 0.268888838
1561000721.094357252 -207627.707877 -13255.427393 286987.128363 0.029266924 -0.636964184 -0.720613119 0.272280752
1561000721.193198442 -207788.394818 -13277.816798 287196.449534 0.022936668 -0.628350614 -0.727544215 0.274460980
1561000721.294456005 -207953.082428 -13300.842832 287410.939323 0.012702482 -0.620006148 -0.734943516 0.274388505
1561000721.394542217 -208115.938526 -13323.690815 287622.997592 0.013249296 -0.612201161 -0.735624492 0.289639087
1561000721.494261026 -208278.267775 -13346.542070 287834.324111 0.020102128 -0.602736079 -0.737924855 0.302938989
1561000721.594776630 -208441.964441 -13369.663370 288047.386147 0.032863280 -0.584228281 -0.745322159 0.319518700
1561000721.693491220 -208602.793228 -13392.454992 288256.672897 0.047316401 -0.564648884 -0.753532544 0.333348918
1561000721.794883490 -208768.049130 -13415.950090 288471.676678 0.066334004 -0.543285020 -0.763406641 0.343003627
1561000721.894568443 -208930.583818 -13439.131779 288683.094952 0.074969350 -0.517167482 -0.778576684 0.347470487
1561000721.994617462 -209093.771947 -13462.477447 288895.315767 0.084034182 -0.507796351 -0.777289052 0.361804992
1561000722.096200466 -209259.523716 -13486.260586 289110.819635 0.093197434 -0.484416432 -0.796729582 0.349108768
1561000722.196524858 -209423.280874 -13509.825069 289323.678445 0.144741820 -0.449887604 -0.799275769 0.371226608
1561000722.296315908 -209586.220697 -13533.334044 289535.425247 0.191614848 -0.392338445 -0.815519198 0.379845670
1561000722.396287918 -209749.503391 -13556.945354 289747.567393 0.215162599 -0.336021606 -0.841393603 0.364487780
1561000722.496185064 -209912.709384 -13580.590116 289959.555489 0.224773610 -0.316343809 -0.828666501 0.403379783
1561000722.596122742 -210076.026125 -13604.289271 290171.631066 0.255880433 -0.257887677 -0.838489904 0.406145087
1561000722.695873499 -210239.079023 -13627.979934 290383.307848 0.284980616 -0.169712322 -0.842679018 0.424117731
1561000722.796141386 -210403.019378 -13651.815900 290596.075034 0.304815254 -0.069537609 -0.846256712 0.431395132
1561000722.894897938 -210564.533769 -13675.298804 290805.625566 0.310117319 0.017622000 -0.848418073 0.428606448
1561000722.994863987 -210728.076436 -13699.061220 291017.731642 0.306201800 0.070780707 -0.838564817 0.445016401
1561000723.095715523 -210893.124350 -13723.015995 291231.708866 0.330263120 0.133944076 -0.813739667 0.459143781
1561000723.195699930 -211056.811251 -13746.737087 291443.839819 0.344850347 0.184187515 -0.785269483 0.480109400
1561000723.295722723 -211220.621467 -13770.432144 291656.049942 0.359520410 0.238333179 -0.753325194 0.496430784
1561000723.395776987 -211384.548049 -13794.091614 291868.328866 0.364589680 0.309389822 -0.723226978 0.498292125
1561000723.497424603 -211551.157866 -13818.076064 292083.996127 0.360562549 0.371745843 -0.689604814 0.506206357
1561000723.588123560 -211699.889849 -13839.427362 292276.446677 0.358935605 0.437845264 -0.657062326 0.497720660
1561000723.687088966 -211862.258281 -13862.665892 292486.459524 0.346020706 0.491580443 -0.625515055 0.497342191
1561000723.788027287 -212027.957126 -13886.302316 292700.690461 0.341236495 0.541416090 -0.583113830 0.500404371
1561000723.888063192 -212192.274375 -13909.661068 292913.045648 0.335299324 0.589173368 -0.537402610 0.501644835
1561000723.986957073 -212354.820389 -13932.688527 293123.023101 0.320373209 0.634726779 -0.489784950 0.504572716
1561000724.088132381 -212521.230860 -13956.183185 293337.900515 0.296418583 0.680924216 -0.441060573 0.503928375
1561000724.187191725 -212684.280552 -13979.127413 293548.346704 0.275911937 0.720380253 -0.395314038 0.498649882
1561000724.288298607 -212850.828076 -14002.490978 293763.212911 0.251836290 0.746751685 -0.349906766 0.506463878
1561000724.388284206 -213015.661727 -14025.547386 293975.772495 0.234893993 0.780255047 -0.298561078 0.496878412
1561000724.486951351 -213178.455008 -14048.259578 294185.607888 0.210141561 0.810026474 -0.244003085 0.490061353
1561000724.587877750 -213345.115909 -14071.458427 294400.334994 0.187009830 0.834175083 -0.188833198 0.483240393
1561000724.687845230 -213510.336644 -14094.412511 294613.115202 0.155030910 0.856817375 -0.138081126 0.471977759
1561000724.787816048 -213675.706146 -14117.352150 294825.996876 0.124165933 0.868491772 -0.100030897 0.469359866
1561000724.887720346 -213841.111013 -14140.269582 295038.835571 0.092986533 0.887456978 -0.080747976 0.444132166
1561000724.987433434 -214006.342128 -14163.141586 295251.367514 0.075515956 0.902825860 -0.071457000 0.417248972
1561000725.087770700 -214172.750454 -14186.159386 295465.336886 0.083277452 0.910308914 -0.059352796 0.401098233
1561000725.186856031 -214337.221035 -14208.894295 295676.745233 0.065210609 0.912750637 -0.026748709 0.402390803
1561000725.287931204 -214505.135757 -14232.096211 295892.509843 0.030347187 0.907021428 0.026139665 0.419175257
1561000725.387887478 -214671.330972 -14255.060614 296105.994114 0.037882127 0.929831865 0.012815467 0.365805155
1561000725.488295794 -214838.413618 -14278.148462 296320.560662 0.037147527 0.952267648 -0.006586879 0.302924085
1561000725.587981939 -215004.421076 -14301.086742 296533.706731 0.050307264 0.966453668 -0.018388093 0.251193877
1561000725.687927008 -215170.982883 -14324.097580 296747.538026 0.176083965 0.944585267 -0.046887915 0.273046947
1561000725.787899733 -215337.715596 -14347.116764 296961.556955 0.182141548 0.931825553 -0.058199903 0.308445079
1561000725.887950897 -215504.707708 -14370.150777 297175.868581 0.107652856 0.953904977 -0.028971797 0.278633796
1561000725.986934900 -215670.043252 -14392.944513 297388.018699 0.024430550 0.974003219 0.024167040 0.223912556
1561000726.088121176 -215839.179254 -14416.265879 297605.023589 -0.047398424 0.982216406 0.079726392 0.163242223
1561000726.187304974 -216005.075779 -14439.157272 297817.868665 -0.080603002 0.977245110 0.100173697 0.168702047
1561000726.287451982 -216172.688996 -14462.309241 298032.915595 -0.086219671 0.969394259 0.106796148 0.203557171
1561000726.387017250 -216339.436918 -14485.367268 298246.844863 -0.052671913 0.966738357 0.108457549 0.225565023
1561000726.487864494 -216508.445495 -14508.761697 298463.660067 0.017728560 0.975298520 0.111992545 0.189568362
1561000726.587902069 -216676.209293 -14532.003749 298678.867728 0.044159560 0.981453789 0.131834963 0.131977026
1561000726.686714649 -216842.023014 -14554.996550 298891.574119 0.043147133 0.980800183 0.159891327 0.102976158
1561000726.787854433 -217011.844906 -14578.571496 299109.428354 0.022806967 0.973791896 0.196726044 0.111839389
1561000726.887068510 -217178.533961 -14601.743089 299323.266994 0.006201594 0.959486785 0.245585901 0.137964540
1561000726.987142801 -217346.770600 -14625.168106 299539.086361 -0.012038653 0.942734510 0.301447271 0.142254197
1561000727.087872982 -217516.212981 -14648.807704 299756.441902 -0.022244645 0.923116747 0.358571222 0.137066863
1561000727.186834335 -217682.778322 -14672.097587 299970.092506 -0.039446786 0.901088368 0.412778981 0.126874805
1561000727.288111687 -217853.339075 -14696.005208 300188.850929 -0.055413350 0.876743503 0.459952873 0.129203504
1561000727.387728691 -218021.197506 -14719.597521 300404.121860 -0.061496235 0.867308381 0.470673319 0.149869981
1561000727.487979174 -218190.219187 -14743.417708 300620.856429 -0.028228210 0.860456077 0.475612572 0.180585685
1561000727.588120937 -218359.159918 -14767.287751 300837.448056 0.022903365 0.853997406 0.473937412 0.213417892
1561000727.686892033 -218525.896835 -14790.901208 301051.162800 0.058311418 0.841702377 0.478677122 0.242909655
1561000727.787824869 -218696.401589 -14815.099759 301269.641253 0.078507020 0.824255783 0.487615576 0.276893668
1561000727.886795282 -218863.713286 -14838.891552 301483.951350 0.090223569 0.801582925 0.496784238 0.320202972
1561000727.986830473 -219032.952358 -14862.999431 301700.640930 0.088187188 0.773444902 0.502177913 0.376594405
1561000728.087679148 -219203.699449 -14887.360313 301919.157449 0.102414080 0.738880766 0.502383487 0.437238382
1561000728.187243700 -219372.407022 -14911.461442 302134.947957 0.133274285 0.701386946 0.497493984 0.492741365
1561000728.287528515 -219542.473439 -14935.778061 302352.346671 0.176326416 0.657790758 0.489308558 0.544791197
1561000728.386821747 -219710.997486 -14959.882669 302567.634990 0.215934808 0.618278249 0.483086139 0.581147096
1561000728.487470627 -219881.964088 -14984.334042 302785.896760 0.240656063 0.578699069 0.479458885 0.614256644
1561000728.587788105 -220052.508360 -15008.713529 303003.468535 0.262079662 0.531521704 0.473139767 0.651872449
1561000728.687867641 -220222.784810 -15033.034418 303220.546467 0.283484976 0.482897734 0.461034692 0.688398910
1561000728.788244486 -220393.699159 -15057.416023 303438.286937 0.322603729 0.421199362 0.425837442 0.732925920
1561000728.887018442 -220562.005865 -15081.384252 303652.564278 0.349063836 0.363685181 0.389589230 0.770783860
1561000728.988114119 -220734.383915 -15105.880085 303871.889655 0.377471204 0.307074878 0.359457152 0.796248118
1561000729.088276148 -220905.274625 -15130.103972 304089.199458 0.427811784 0.230673190 0.334070509 0.807566624
1561000729.186917782 -221073.660731 -15153.904560 304303.223392 0.463444195 0.150836348 0.315359007 0.814258295
1561000729.288166285 -221246.575663 -15178.267966 304522.922548 0.471311943 0.085671209 0.285909371 0.829928508
1561000729.387418270 -221416.143171 -15202.082325 304738.309565 0.490831608 0.005636610 0.223871733 0.841982190
1561000729.487780094 -221587.653170 -15226.092970 304956.131589 0.517591568 -0.080422619 0.147450306 0.838981274
1561000729.587541103 -221758.163236 -15249.891764 305172.683493 0.543019844 -0.155047002 0.071646230 0.822165856
1561000729.686478376 -221927.275793 -15273.432987 305387.490299 0.556409021 -0.237658622 0.004749630 0.796181400
1561000729.787772179 -222100.412207 -15297.483305 305607.468886 0.551254239 -0.348912401 -0.048795217 0.756305446
1561000729.887429237 -222270.734508 -15321.109196 305823.960966 0.547801560 -0.430219711 -0.081048657 0.712920448
1561000729.987807512 -222442.267970 -15344.884413 306042.102464 0.544818883 -0.497990025 -0.120954874 0.663738079
1561000730.087819576 -222613.151327 -15368.566139 306259.540915 0.553683390 -0.541192281 -0.176193515 0.607866321
1561000730.187564373 -222783.555753 -15392.193661 306476.498580 0.549070512 -0.598361879 -0.251306778 0.526620867
1561000730.287731171 -222954.663956 -15415.950512 306694.480400 0.523005201 -0.665465369 -0.320403879 0.425397176
1561000730.386798620 -223123.888927 -15439.498517 306910.178327 0.472378220 -0.733470724 -0.363711653 0.326486367
1561000730.486367702 -223293.984282 -15463.237865 307127.080485 0.425276003 -0.786925344 -0.379818386 0.235853382
1561000730.587666035 -223467.068906 -15487.474659 307347.867578 0.387634333 -0.820570378 -0.395264563 0.142020434
1561000730.686671734 -223636.290675 -15511.252801 307563.770218 0.351989794 -0.834060531 -0.423935624 0.026922133
1561000730.787276506 -223808.324072 -15535.510726 307783.266468 0.301095098 -0.842541362 -0.437395519 -0.090282646
1561000730.886930227 -223978.830348 -15559.633747 308000.779521 0.248304089 -0.841852111 -0.439781388 -0.190321918
1561000730.987903118 -224151.714106 -15584.164914 308221.253955 0.185619111 -0.840718118 -0.430998719 -0.270145693
1561000731.087977409 -224323.194038 -15608.554952 308439.838636 0.126026168 -0.836857612 -0.411627843 -0.338155675
1561000731.187620401 -224494.080677 -15632.903531 308657.545343 0.075162453 -0.823313816 -0.374491815 -0.419834308
1561000731.287740469 -224665.940902 -15657.417740 308876.349114 0.025174202 -0.791893299 -0.340222246 -0.506478120
1561000731.386665583 -224835.906394 -15681.670143 309092.582819 -0.031551487 -0.764113887 -0.303088917 -0.568569767
1561000731.489285469 -225012.385274 -15706.843087 309316.927142 -0.095056332 -0.750806600 -0.267380310 -0.596457470
1561000731.587937832 -225182.197689 -15731.041046 309532.625450 -0.133905385 -0.725602802 -0.231734831 -0.633931297
1561000731.686828613 -225352.571694 -15755.283968 309748.868411 -0.140540861 -0.709631142 -0.198193526 -0.661355604
1561000731.787812948 -225526.704814 -15780.020308 309969.709144 -0.158576551 -0.711235723 -0.167163454 -0.664118667
1561000731.886613131 -225697.218901 -15804.197740 310185.792174 -0.184395231 -0.709526335 -0.128235246 -0.667927017
1561000731.987723351 -225871.868856 -15828.909749 310406.947532 -0.223660846 -0.694830913 -0.074761616 -0.679408955
1561000732.087670088 -226044.651917 -15853.298017 310625.577025 -0.278262398 -0.677732824 -0.031381642 -0.679899588
1561000732.186503410 -226215.642521 -15877.365119 310841.790600 -0.344160192 -0.655903206 -0.009362098 -0.671756725
1561000732.289169073 -226393.394882 -15902.301094 311066.411971 -0.392085367 -0.636435150 0.005496290 -0.664220712
1561000732.386641264 -226562.272372 -15925.907001 311279.696074 -0.404888793 -0.632439065 0.042913568 -0.658972169
1561000732.486751318 -226735.834614 -15950.078894 311498.779331 -0.401061121 -0.643843659 0.084579016 -0.646112769
1561000732.587458372 -226910.547902 -15974.319810 311719.195936 -0.411228877 -0.635177864 0.126616103 -0.641411143
1561000732.686345577 -227082.213185 -15998.047981 311935.653793 -0.433560544 -0.611912086 0.169101146 -0.639526118
1561000732.787451744 -227257.833592 -16022.229057 312156.992097 -0.479437670 -0.582303486 0.193236596 -0.627472540
1561000732.886451006 -227429.885428 -16045.823589 312373.742282 -0.523279071 -0.552585689 0.215940803 -0.611716960
1561000732.987455606 -227605.503942 -16069.807948 312594.909500 -0.550358733 -0.534857782 0.237791826 -0.595388500
1561000733.087598801 -227779.698565 -16093.498395 312814.220589 -0.579957712 -0.519266821 0.260759144 -0.570977837
1561000733.187072277 -227952.793340 -16116.940662 313032.095100 -0.597154824 -0.513091237 0.289321060 -0.544460120
1561000733.287912369 -228128.326774 -16140.613088 313252.995865 -0.621082258 -0.496744486 0.318596872 -0.515749723
1561000733.386749744 -228300.427005 -16163.725758 313469.543600 -0.641183950 -0.482451892 0.340782860 -0.489888106
1561000733.486742258 -228474.585373 -16187.018328 313688.658114 -0.659040996 -0.469083175 0.360472686 -0.464419404
1561000733.589083910 -228652.877389 -16210.765336 313912.959164 -0.678887022 -0.464389689 0.371060725 -0.431008779
1561000733.686520338 -228822.659214 -16233.287253 314126.549190 -0.695894920 -0.461545025 0.380682521 -0.397224456
1561000733.787619114 -228998.854792 -16256.566116 314348.211872 -0.712954140 -0.446482666 0.404289420 -0.359026028
1561000733.887334108 -229172.663859 -16279.439694 314566.886949 -0.738104539 -0.416954973 0.420067202 -0.323873102
1561000733.988028526 -229348.197148 -16302.454319 314787.758525 -0.761833317 -0.378907187 0.434789090 -0.294953874
1561000734.088837862 -229523.939350 -16325.416177 315008.932399 -0.781616437 -0.357882258 0.439616327 -0.260256643
1561000734.186907291 -229694.906698 -16347.682508 315224.146163 -0.788115834 -0.355490652 0.449188362 -0.225232421
1561000734.287847281 -229870.876494 -16370.528936 315445.714486 -0.795303568 -0.343581508 0.461487270 -0.190980315
1561000734.387126446 -230043.945719 -16392.932237 315663.691934 -0.801685372 -0.325618271 0.477062996 -0.153896727
1561000734.487741232 -230219.332827 -16415.574196 315884.657131 -0.811188891 -0.287183904 0.495327887 -0.118946515
1561000734.587527514 -230393.259752 -16437.974956 316103.856028 -0.820343399 -0.252113286 0.505878849 -0.086960840
1561000734.686287880 -230565.378187 -16460.099467 316320.852626 -0.830047612 -0.220701257 0.509486838 -0.052297990
1561000734.787616730 -230741.947692 -16482.759117 316543.546141 -0.832876209 -0.209673550 0.512109042 -0.009927297
1561000734.886663675 -230914.513838 -16504.875433 316761.277170 -0.838866880 -0.187566907 0.509851083 0.034247430
1561000734.987402916 -231089.998446 -16527.342092 316982.781760 -0.836040212 -0.163564857 0.518325167 0.074982152
1561000735.087473154 -231264.286518 -16549.639039 317202.866487 -0.830403571 -0.141745877 0.527234985 0.111181327
1561000735.187000751 -231437.597841 -16571.800802 317421.806338 -0.832364260 -0.132925065 0.517078288 0.148763943
1561000735.287947893 -231613.347383 -16594.269076 317643.918571 -0.839243767 -0.130723912 0.499643364 0.170110746
1561000735.386524677 -231784.937814 -16616.203188 317860.868196 -0.834652312 -0.123823967 0.498133300 0.199715693
1561000735.488568783 -231962.528333 -16638.905130 318085.502233 -0.824223619 -0.107787296 0.501346597 0.240185168
1561000735.587266445 -232134.262263 -16660.865707 318302.819773 -0.815591016 -0.030141150 0.511034231 0.269716186
1561000735.686700583 -232307.246029 -16683.005565 318521.801575 -0.804304742 0.019219022 0.516156198 0.293781025
1561000735.788562059 -232484.425305 -16705.712998 318746.170212 -0.804397292 0.032710038 0.499849801 0.319413880
1561000735.887084007 -232655.768603 -16727.706598 318963.220473 -0.798918488 0.019081506 0.488557259 0.350252696
1561000735.988634586 -232832.352213 -16750.407685 319186.983951 -0.794606892 -0.000344773 0.476517496 0.376205854
1561000736.088836432 -233006.562565 -16772.837284 319407.816884 -0.792405068 0.006154972 0.465778935 0.393835382
1561000736.187889338 -233178.749044 -16795.041289 319626.158165 -0.786390572 0.034485838 0.464228707 0.406069334
1561000736.288534641 -233353.678941 -16817.639296 319848.048492 -0.770564595 0.069295873 0.477371118 0.416587449
1561000736.387300491 -233525.323051 -16839.856813 320065.830360 -0.763745810 0.102761502 0.476434370 0.423252527
1561000736.489465714 -233702.857367 -16862.887510 320291.140312 -0.759972057 0.116980935 0.473972272 0.429078337
1561000736.590375900 -233878.195230 -16885.686241 320513.714035 -0.761139382 0.096939813 0.472422957 0.433688902
1561000736.690375090 -234051.933585 -16908.327490 320734.310321 -0.769461018 0.079240719 0.455159817 0.440999084
1561000736.790372610 -234225.649944 -16931.014755 320954.937596 -0.764169197 0.074943687 0.452739912 0.453271943
1561000736.888677359 -234396.407309 -16953.363400 321171.864153 -0.752266361 0.096144836 0.459532476 0.462256850
1561000736.990290880 -234572.895235 -16976.513742 321396.124485 -0.756061195 0.117840439 0.448386320 0.461990051
1561000737.090381622 -234746.724005 -16999.369542 321617.055612 -0.757013858 0.110263044 0.444967053 0.465592528
1561000737.188851118 -234917.722645 -17021.906953 321834.440476 -0.760396435 0.098754878 0.431806774 0.474960678
1561000737.290303707 -235093.885336 -17045.179669 322058.446570 -0.762750678 0.102230261 0.413371367 0.486707808
1561000737.388540745 -235264.448818 -17067.766701 322275.388078 -0.754687624 0.108857805 0.420809070 0.491443074
1561000737.490320444 -235441.148835 -17091.223752 322500.188180 -0.753802170 0.111830120 0.419170414 0.493530623
1561000737.590252399 -235614.626482 -17114.310346 322720.941133 -0.753140133 0.118023362 0.406559407 0.503547291
1561000737.689274073 -235786.512259 -17137.242564 322939.718256 -0.746730236 0.129718682 0.404196783 0.512046852
1561000737.790433645 -235962.097512 -17160.729593 323163.252263 -0.734842132 0.133834822 0.412712224 0.521309795
1561000737.888713360 -236132.675423 -17183.605852 323380.453344 -0.734497032 0.131842412 0.409264722 0.525008643
1561000737.988889694 -236306.534749 -17206.981841 323601.875707 -0.732396532 0.115286491 0.410005488 0.531224853
1561000738.090261459 -236482.458192 -17230.694753 323825.972416 -0.736302072 0.106990252 0.403118836 0.532829756
1561000738.188296080 -236652.578213 -17253.681526 324042.723232 -0.737163134 0.107865139 0.401013992 0.533051033
1561000738.290178299 -236829.363202 -17277.628332 324268.013612 -0.732473608 0.125510175 0.398558194 0.537476488
1561000738.388120413 -236999.301733 -17300.706466 324484.621671 -0.712122367 0.148963533 0.404913955 0.553837783
1561000738.490858316 -237177.556108 -17324.977518 324711.863011 -0.698980091 0.175269628 0.413123342 0.556809207
1561000738.589928627 -237349.445656 -17348.445192 324931.015369 -0.704594694 0.174542078 0.409985941 0.552261630
1561000738.689969063 -237523.017309 -17372.205765 325152.336696 -0.711405534 0.138023616 0.390943966 0.567463182
1561000738.790071011 -237696.690672 -17396.042427 325373.820318 -0.707815521 0.123384003 0.394012200 0.573173587
1561000738.888347387 -237867.189566 -17419.501648 325591.290461 -0.689093601 0.139779264 0.414170415 0.577991897
1561000738.989685297 -238042.995192 -17443.750910 325815.558334 -0.680409363 0.149612279 0.412768411 0.586755063
1561000739.092086554 -238220.643823 -17468.316900 326042.199978 -0.663565448 0.163604585 0.422448294 0.595358610
1561000739.191356182 -238392.860943 -17492.191726 326261.927132 -0.662020585 0.164266276 0.419240088 0.599151970
1561000739.291332245 -238566.304853 -17516.295293 326483.233471 -0.672908789 0.144369151 0.405980311 0.601274727
1561000739.390038729 -238737.545252 -17540.149873 326701.747317 -0.680427051 0.129644254 0.395455791 0.603180000
1561000739.491907597 -238914.267207 -17564.827286 326927.283871 -0.672933179 0.130776347 0.400841048 0.607770464
1561000739.591462851 -239086.971700 -17589.001150 327147.718501 -0.659518470 0.146488026 0.412809018 0.610872623
1561000739.689696074 -239257.381609 -17612.909385 327365.241873 -0.649539199 0.166859774 0.418347941 0.612569707
1561000739.791507721 -239434.002590 -17637.748636 327590.702827 -0.636931568 0.189863830 0.419805112 0.618088644
1561000739.890136003 -239605.107595 -17661.871039 327809.125046 -0.630756772 0.188176896 0.413908017 0.628820725
1561000739.991430044 -239780.845240 -17686.706330 328033.460609 -0.622732850 0.180249502 0.406012902 0.644102040
1561000740.091453075 -239954.384957 -17711.290070 328254.990761 -0.644366454 0.158808230 0.371679138 0.649173658
1561000740.191241264 -240127.520690 -17735.875761 328476.014757 -0.663562386 0.136884479 0.353513543 0.644961839
1561000740.291337490 -240301.188955 -17760.598106 328697.741641 -0.681480212 0.121626103 0.337104584 0.638084877
1561000740.389815807 -240472.046706 -17784.980811 328915.908117 -0.653950485 0.159927595 0.369375234 0.640573075
1561000740.491454363 -240648.388281 -17810.209095 329141.094991 -0.613604167 0.201915208 0.400181063 0.650057914
1561000740.593480587 -240825.413883 -17835.598165 329367.150846 -0.598468996 0.243420256 0.397761005 0.651435049
1561000740.692969322 -240998.053632 -17860.420547 329587.588767 -0.608376542 0.227407403 0.375880094 0.660967481
1561000740.792936802 -241171.540764 -17885.428294 329809.095927 -0.629363015 0.189651054 0.344826424 0.670096568
1561000740.891323328 -241342.294155 -17910.105320 330027.112853 -0.649140958 0.172717906 0.323121655 0.666616034
1561000740.993068695 -241518.883561 -17935.693151 330252.591564 -0.658852906 0.171815854 0.314984700 0.661193465
1561000741.092786551 -241691.958921 -17960.839974 330473.598409 -0.661543085 0.186462044 0.319889006 0.652122440
1561000741.192645788 -241865.287053 -17986.092374 330694.939306 -0.635468100 0.213117345 0.347647616 0.655669449
1561000741.292608023 -242038.805918 -18011.441225 330916.524613 -0.615108140 0.224739605 0.355711876 0.666785684
1561000741.391030550 -242209.667855 -18036.466979 331134.707551 -0.615611625 0.238136356 0.361840613 0.658319660
1561000741.492547512 -242385.918269 -18062.349692 331359.760937 -0.648485884 0.195859282 0.337514843 0.653596917
1561000741.592366219 -242559.230060 -18087.868062 331581.066409 -0.681450564 0.143726596 0.315370289 0.644600167
1561000741.690979958 -242730.448986 -18113.144029 331799.723526 -0.712727092 0.126588677 0.296466785 0.622979008
1561000741.792734623 -242907.118233 -18139.294077 332025.380832 -0.724338231 0.122742119 0.296697337 0.610114079
1561000741.891326189 -243078.289871 -18164.698932 332244.059126 -0.712842835 0.143748238 0.322745531 0.605827417
1561000741.992992401 -243254.796308 -18190.965593 332469.590769 -0.703916246 0.183391605 0.340383116 0.595826125
1561000742.093178511 -243428.734722 -18216.920789 332691.867932 -0.707918973 0.189761706 0.352471123 0.581898041
1561000742.192980528 -243602.007277 -18242.846374 332913.319527 -0.728173665 0.162393940 0.335259952 0.575319117
1561000742.293010712 -243775.673112 -18268.899532 333135.310534 -0.751691959 0.120189607 0.317534757 0.565407230
1561000742.391361713 -243946.415451 -18294.579715 333353.613297 -0.763584523 0.119048627 0.314136586 0.551438398
1561000742.492675781 -244122.290976 -18321.100014 333578.537394 -0.772403534 0.118395934 0.301985801 0.546058385
1561000742.592558861 -244295.671111 -18347.311874 333800.330239 -0.774895389 0.123879085 0.312473900 0.535304744
1561000742.692409515 -244468.983661 -18373.581497 334022.097687 -0.784337958 0.114572602 0.313877938 0.522654501
1561000742.792558193 -244642.800362 -18399.994970 334244.575007 -0.798015906 0.103051588 0.306362477 0.508618735
1561000742.891433954 -244814.394519 -18426.136221 334464.277012 -0.798774027 0.092632174 0.314666141 0.504345670
1561000742.993997574 -244992.372006 -18453.317310 334692.227212 -0.790466586 0.097902595 0.332629765 0.504910980
1561000743.092854977 -245163.902503 -18479.577697 334911.990391 -0.784836735 0.106327498 0.336337965 0.509512056
1561000743.193782568 -245339.009768 -18506.450668 335136.403997 -0.779886056 0.090532127 0.342445246 0.516055159
1561000743.294197083 -245513.210986 -18533.248036 335359.724188 -0.796303391 0.065326119 0.334746673 0.499577894
1561000743.394233704 -245686.736464 -18560.000843 335582.255585 -0.822563525 0.007508567 0.308306523 0.477786517
1561000743.494148254 -245860.025203 -18586.770712 335804.577149 -0.833705116 -0.043393474 0.305810844 0.457747216
1561000743.595696449 -246036.117768 -18614.023337 336030.604894 -0.820973653 -0.017670939 0.324083370 0.469744577
1561000743.693572044 -246205.814759 -18640.334262 336248.520344 -0.798245439 0.050116599 0.351532012 0.486536525
1561000743.794347048 -246380.516536 -18667.477481 336472.942977 -0.777247055 0.118654270 0.371020635 0.494117262
1561000743.892832279 -246551.234152 -18694.063488 336692.309070 -0.779006881 0.123901426 0.361461613 0.497134005
1561000743.994360209 -246727.210894 -18721.532939 336918.496604 -0.799369946 0.015357932 0.373553957 0.470350151
1561000744.092983961 -246898.130075 -18748.264025 337138.263783 -0.807264707 -0.048891014 0.395860266 0.435003462
1561000744.192723989 -247070.953046 -18775.330904 337360.572812 -0.780681879 -0.037480002 0.394127898 0.483522754
1561000744.294186354 -247246.732055 -18802.902484 337586.766806 -0.681075728 0.182731759 0.444671716 0.552278935
1561000744.392641306 -247417.297248 -18829.714663 337806.281321 -0.623893374 0.302566076 0.425174757 0.581753602
1561000744.493948936 -247592.823708 -18857.377283 338032.166811 -0.693737947 0.232990810 0.342747288 0.589039251
1561000744.593874216 -247765.964359 -18884.736319 338254.994203 -0.817107873 -0.023488569 0.194591354 0.542141325
1561000744.694145441 -247939.686695 -18912.249100 338478.661119 -0.846367556 -0.197267722 0.142140797 0.473860106
1561000744.794176817 -248112.965469 -18939.731824 338701.893832 -0.824666609 -0.142158373 0.220235439 0.501210867
1561000744.893265963 -248284.581922 -18966.990900 338923.109504 -0.759652949 0.063371213 0.359830538 0.537990214
1561000744.994358540 -248459.649182 -18994.855090 339148.845546 -0.691517050 0.196215152 0.413829975 0.558613047
1561000745.094107628 -248632.389604 -19022.414634 339371.603753 -0.705596044 0.161086236 0.371953458 0.581236675
1561000745.192866564 -248803.414987 -19049.765093 339592.172920 -0.713968276 0.097115303 0.356864614 0.594529701
1561000745.294413805 -248979.259284 -19077.948952 339818.999120 -0.704894144 0.027880495 0.333552473 0.625371627
1561000745.393047094 -249150.040910 -19105.375084 340039.349408 -0.688321153 0.003823718 0.322219610 0.649902987
1561000745.494336605 -249325.402546 -19133.588989 340265.667817 -0.669965000 0.031218262 0.331890346 0.663340875
1561000745.594791651 -249499.302843 -19161.619891 340490.151819 -0.648005266 0.017519152 0.344404112 0.679093559
1561000745.694007635 -249671.043718 -19189.351046 340711.890408 -0.619395830 0.026449885 0.383866322 0.684321457
1561000745.794456720 -249844.906955 -19217.468029 340936.401487 -0.604634173 0.019509818 0.386966051 0.695912465
1561000745.892760754 -250015.046668 -19245.021265 341156.131006 -0.595474593 0.021105804 0.383141474 0.705809581
1561000745.994329929 -250190.826976 -19273.526050 341383.171072 -0.581156645 0.013219188 0.391665590 0.713218250
1561000746.094162703 -250363.592057 -19301.577084 341606.340232 -0.556741206 0.005250371 0.403978342 0.725818959
1561000746.193775654 -250535.968851 -19329.594723 341829.024142 -0.523330063 0.013035029 0.418973983 0.741900624
1561000746.294611216 -250710.456359 -19357.980264 342054.441747 -0.470900117 0.032360065 0.458168597 0.753184866
1561000746.394424677 -250883.175923 -19386.095666 342277.568215 -0.440479664 0.017590847 0.453450917 0.774629262
1561000746.494089842 -251055.641649 -19414.181498 342500.354025 -0.426333797 -0.013143291 0.439946056 0.790262118
1561000746.594319582 -251229.083849 -19442.434883 342724.395469 -0.431322168 -0.063179000 0.403652133 0.804384583
1561000746.694174051 -251401.868567 -19470.589155 342947.598719 -0.427987058 -0.088571882 0.387414481 0.811721701
1561000746.795210123 -251576.686627 -19499.079757 343173.448513 -0.386938347 -0.083585267 0.434241527 0.809151726
1561000746.894213200 -251747.979509 -19526.992278 343394.752856 -0.340080480 -0.037854343 0.491978935 0.800542968
1561000746.995282888 -251922.853962 -19555.474181 343620.667826 -0.286693899 -0.019430446 0.539974859 0.791110750
1561000747.095332623 -252095.979675 -19583.647548 343844.287589 -0.256239461 -0.037638109 0.518842215 0.814694708
1561000747.195479393 -252269.289536 -19611.820524 344068.110760 -0.241195841 -0.071224225 0.487338172 0.836213598
1561000747.295476913 -252442.350907 -19639.919807 344291.591610 -0.243154024 -0.098700245 0.451996506 0.852545331
1561000747.394671917 -252614.026127 -19667.763306 344513.274662 -0.245811905 -0.121033631 0.426773319 0.861853759
1561000747.495558977 -252788.627523 -19696.051043 344738.737731 -0.189175178 -0.133062901 0.487058364 0.842188320
1561000747.595478296 -252961.558868 -19724.024988 344962.036621 -0.157312024 -0.096692075 0.531067800 0.826964668
1561000747.694321156 -253132.644129 -19751.648366 345182.923725 -0.116169764 -0.094220798 0.551597780 0.820589372
1561000747.795386553 -253307.603358 -19779.836136 345408.770223 -0.106755194 -0.104520146 0.544674769 0.825232248
1561000747.894587994 -253479.360952 -19807.444645 345630.446621 -0.092299696 -0.089562381 0.524425103 0.841687387
1561000747.995278597 -253653.721149 -19835.404124 345855.447110 -0.023662279 -0.106900681 0.525940605 0.843444617
1561000748.094238758 -253825.111894 -19862.810747 346076.580347 0.016248639 -0.086711636 0.561021661 0.823086733
1561000748.195380688 -254000.319099 -19890.739170 346302.585318 0.040899594 -0.068978458 0.545351141 0.834362828
1561000748.295555830 -254173.891450 -19918.318942 346526.421114 0.033649270 -0.099358903 0.456946759 0.883286587
1561000748.394488335 -254345.338749 -19945.483625 346747.472641 0.038933857 -0.128070236 0.431024465 0.892356476
1561000748.495365858 -254520.178818 -19973.112157 346972.868057 0.056112103 -0.120737226 0.421303445 0.897093842
1561000748.594985723 -254692.862438 -20000.327495 347195.455028 0.077323484 -0.102683883 0.462391715 0.877308954
1561000748.695475101 -254867.087131 -20027.706771 347419.989063 0.119155678 -0.089098888 0.503128158 0.851308034
1561000748.795526743 -255040.597351 -20054.886860 347643.552634 0.141886847 -0.082417731 0.515948369 0.840757231
1561000748.895763874 -255214.480261 -20082.033196 347867.541561 0.157311151 -0.080319600 0.501209387 0.847107498
1561000748.994474411 -255385.763514 -20108.682331 348088.131934 0.151510359 -0.069234314 0.463423952 0.870338705
1561000749.095649242 -255561.367433 -20135.913146 348314.241680 0.168423447 -0.070760076 0.450938146 0.873659741
1561000749.194426537 -255732.853989 -20162.416806 348535.007552 0.184896035 -0.060796046 0.476292012 0.857474907
1561000749.295473099 -255908.330590 -20189.443643 348760.862511 0.180216614 -0.052553545 0.504856740 0.842543630
1561000749.394413710 -256080.204638 -20215.821169 348982.027916 0.170441437 -0.033099455 0.494473054 0.851675139
1561000749.495532036 -256255.915540 -20242.691209 349208.075000 0.149648648 -0.045500792 0.483850617 0.861059545
1561000749.595309734 -256429.346936 -20269.119474 349431.137969 0.137127821 -0.065508061 0.466605889 0.871311425
1561000749.694828272 -256602.370033 -20295.395447 349653.632434 0.114438250 -0.070067834 0.444152247 0.885846017
1561000749.795632839 -256777.666228 -20321.927619 349879.010350 0.114140250 -0.079062272 0.459341585 0.877340566
1561000749.894171476 -256949.058740 -20347.781393 350099.328414 0.108212991 -0.086298594 0.482515713 0.864882124
1561000749.995312214 -257125.018347 -20374.233451 350325.470410 0.086932808 -0.069407495 0.491485168 0.863752057
1561000750.094726801 -257298.017355 -20400.153743 350547.756032 0.073388765 -0.066243893 0.490131151 0.866023839
1561000750.194269896 -257471.280197 -20426.030522 350770.331010 0.074544489 -0.074014997 0.488420055 0.866262517
1561000750.295166492 -257646.938469 -20452.179857 350995.934591 0.056882287 -0.081024480 0.486395985 0.868111966
1561000750.394176245 -257819.346834 -20477.764114 351217.319613 0.029495810 -0.102013603 0.462737677 0.880111961
1561000750.495646954 -257996.069446 -20503.909312 351444.208122 0.022027204 -0.129452899 0.450527444 0.883052530
1561000750.595580816 -258170.137408 -20529.585629 351667.664271 0.021800637 -0.147175981 0.462623126 0.873981582
1561000750.694119215 -258341.794327 -20554.830703 351888.006300 -0.000978790 -0.147867314 0.474726334 0.867622733
1561000750.795322895 -258518.113885 -20580.683543 352114.312110 -0.006406545 -0.168745901 0.472389001 0.865062084
1561000750.894136667 -258690.286225 -20605.852866 352335.278298 -0.009557400 -0.178712619 0.478762511 0.859509694
1561000750.995337486 -258866.633143 -20631.556719 352561.587689 -0.018719153 -0.189043383 0.481727836 0.855482604
1561000751.095414162 -259041.036774 -20656.903845 352785.389844 -0.038327129 -0.203555431 0.469724577 0.858169586
1561000751.195491552 -259215.452747 -20682.182757 353009.203331 -0.059103741 -0.221969031 0.450156761 0.862899407
1561000751.295493603 -259389.742418 -20707.376627 353232.862054 -0.086614161 -0.228128854 0.435466012 0.866501336
1561000751.394486666 -259562.273133 -20732.254454 353454.279214 -0.109258359 -0.237542976 0.428190224 0.865037038
1561000751.495817184 -259738.872778 -20757.657948 353680.938864 -0.126643200 -0.247961189 0.436631475 0.855470457
1561000751.595463514 -259912.531543 -20782.578868 353903.846817 -0.139343984 -0.249711150 0.441789901 0.850323044
1561000751.695822477 -260087.426440 -20807.618356 354128.363246 -0.153246015 -0.256481798 0.438557007 0.847585098
1561000751.795827389 -260261.695529 -20832.511437 354352.099967 -0.160666649 -0.269104798 0.435541318 0.843843940
1561000751.895588398 -260435.530434 -20857.287703 354575.307060 -0.169185534 -0.286391966 0.418473213 0.845124882
1561000751.995483637 -260609.586562 -20882.043649 354798.833643 -0.187914848 -0.293437954 0.399952618 0.847714622
1561000752.094654799 -260782.365958 -20906.571398 355020.762089 -0.206933007 -0.299152268 0.384656046 0.848366888
1561000752.195443630 -260957.944916 -20931.451260 355246.337030 -0.212824220 -0.309265631 0.385432466 0.842913065
1561000752.295284986 -261131.852729 -20956.049639 355469.819626 -0.221213816 -0.317066409 0.390213589 0.835623537
1561000752.394134998 -261304.012814 -20980.356094 355691.110725 -0.240826859 -0.317817396 0.393160040 0.828504502
1561000752.495311260 -261480.201609 -21005.186636 355917.637323 -0.258518121 -0.330905947 0.381501447 0.823484233
1561000752.594788074 -261653.405641 -21029.554472 356140.387613 -0.267599507 -0.341472469 0.379343135 0.817242830
1561000752.694919586 -261827.722625 -21054.037290 356364.633678 -0.280034963 -0.336732822 0.388770945 0.810585330
1561000752.794868946 -262001.694866 -21078.432066 356588.500065 -0.289062365 -0.332707519 0.392288974 0.807377245
1561000752.895443916 -262176.728804 -21102.938849 356813.793892 -0.299059974 -0.329987633 0.387480633 0.807174116
1561000752.995433807 -262350.716953 -21127.265160 357037.803940 -0.299627193 -0.345534717 0.372963594 0.807296390
1561000753.094207048 -262522.560445 -21151.259895 357259.118764 -0.307532068 -0.354066852 0.354536933 0.808927842
1561000753.195276022 -262698.368131 -21175.777635 357485.614106 -0.312427140 -0.366394180 0.339263205 0.808112037
1561000753.295376778 -262872.461153 -21200.028570 357709.981226 -0.321565085 -0.370725659 0.327402028 0.807444298
1561000753.394322395 -263044.512506 -21223.971358 357931.801036 -0.331375830 -0.365157131 0.323273193 0.807678631
1561000753.495618820 -263220.619623 -21248.456043 358158.936072 -0.337060741 -0.369569222 0.330909555 0.800192173
1561000753.595070839 -263393.488731 -21272.468302 358381.978715 -0.349243792 -0.343697505 0.332435498 0.805845791
1561000753.694904566 -263566.992220 -21296.547356 358605.920238 -0.341496185 -0.351825383 0.346553776 0.799687274
1561000753.795683146 -263742.106956 -21320.826198 358832.021440 -0.381119829 -0.357892434 0.319100222 0.790465515
1561000753.894232035 -263913.315226 -21344.545288 359053.162055 -0.415994010 -0.385958182 0.307678054 0.763753547
1561000753.995286703 -264088.841083 -21368.847187 359279.977129 -0.373585876 -0.432042843 0.324128679 0.754130741
1561000754.095000744 -264262.007015 -21392.800825 359503.838565 -0.344387333 -0.341972956 0.446711491 0.751598767
1561000754.194218159 -264434.290376 -21416.602437 359726.623410 -0.317163275 -0.230760266 0.506883435 0.767610799
1561000754.295329571 -264609.857139 -21440.821488 359953.678539 -0.260692426 -0.217822275 0.485554001 0.805499986
1561000754.394069433 -264781.302523 -21464.434485 360175.424832 -0.305110115 -0.300684808 0.347812400 0.833980215
1561000754.495464087 -264957.338388 -21488.654160 360403.171320 -0.387272536 -0.389316572 0.088379286 0.831048549
1561000754.594432116 -265129.132293 -21512.300859 360625.538202 -0.395386533 -0.441038557 -0.043927598 0.804502857
1561000754.694262981 -265302.396015 -21536.178869 360849.934204 -0.402910785 -0.371160770 0.212069006 0.809277034
1561000754.787065029 -265463.432394 -21558.375169 361058.593860 -0.352534409 -0.232755860 0.433007486 0.796271761
1561000754.886058807 -265635.194508 -21582.026466 361281.202838 -0.339492971 -0.166615258 0.470345257 0.797345106
1561000754.987448215 -265811.101909 -21606.220414 361509.211363 -0.357902268 -0.199408521 0.380789379 0.828940081
1561000755.087203741 -265984.154972 -21630.002874 361733.565736 -0.393299871 -0.259035235 0.228594731 0.852033103
1561000755.187289715 -266157.748708 -21653.861847 361958.702796 -0.399183660 -0.334828743 0.151493125 0.839995209
1561000755.288733006 -266333.659119 -21678.050020 362186.955005 -0.378869403 -0.366700642 0.194658877 0.827101286
1561000755.386167526 -266502.581024 -21701.279898 362406.249154 -0.371766022 -0.331747287 0.272340595 0.823142978
1561000755.486583948 -266676.637618 -21725.208992 362632.306112 -0.386647179 -0.285957195 0.289365569 0.827647273
1561000755.586354494 -266849.541314 -21748.973170 362856.952100 -0.390516801 -0.307039041 0.267012898 0.825789178
1561000755.687470198 -267024.740619 -21773.047692 363084.674689 -0.385606327 -0.326814713 0.250584336 0.825655736
1561000755.787466288 -267197.964184 -21796.846766 363309.926291 -0.376328191 -0.301392024 0.264151054 0.835322789
1561000755.886331081 -267369.193895 -21820.366608 363532.675123 -0.353312619 -0.302172025 0.280834060 0.839639501
1561000755.987391233 -267544.192418 -21844.394516 363760.414111 -0.349178916 -0.304681562 0.272825314 0.843095237
1561000756.087261438 -267717.096528 -21868.126973 363985.515758 -0.360927796 -0.300874483 0.244199855 0.848275959
1561000756.187165499 -267890.024660 -21891.860873 364210.739938 -0.355993180 -0.334185370 0.208974127 0.847300896
1561000756.287365437 -268063.428301 -21915.660688 364436.683438 -0.355879254 -0.350448885 0.219310168 0.838116094
1561000756.386412621 -268234.800946 -21939.180452 364660.082702 -0.365196597 -0.352328005 0.222832205 0.832371450
1561000756.487496614 -268409.660580 -21963.176707 364888.132503 -0.373353976 -0.350347512 0.218241761 0.830803204
1561000756.587498665 -268582.611777 -21986.910300 365113.798865 -0.387698974 -0.355405712 0.202601361 0.826032066
1561000756.687563658 -268755.634673 -22010.655126 365339.667177 -0.395374156 -0.351109860 0.201450780 0.824511204
1561000756.787661552 -268928.676051 -22034.406341 365565.667973 -0.399515715 -0.360462667 0.184599449 0.822421366
1561000756.889217138 -269104.198752 -22058.504306 365795.022325 -0.393292725 -0.365688447 0.199947981 0.819520346
1561000756.987627268 -269274.247700 -22081.854903 366017.333610 -0.397794854 -0.364615251 0.187675014 0.820727155
1561000757.087354898 -269446.535301 -22105.517953 366242.683612 -0.408317976 -0.364958013 0.178117912 0.817530482
1561000757.187693119 -269619.839072 -22129.327790 366469.478661 -0.420213034 -0.381087699 0.142834934 0.811043374
1561000757.287587404 -269792.337387 -22153.040379 366695.339680 -0.432534312 -0.377576738 0.120545952 0.809826246
1561000757.386408329 -269962.945043 -22176.511139 366918.845327 -0.436550474 -0.374415680 0.116748980 0.809695164
1561000757.487453222 -270137.353069 -22200.524207 367147.453584 -0.436867327 -0.368755876 0.144546373 0.807633821
1561000757.587337255 -270309.719674 -22224.272234 367373.506390 -0.441802213 -0.356977209 0.160009586 0.807325838
1561000757.687212944 -270482.034361 -22248.027936 367599.607611 -0.457038810 -0.360858829 0.130932249 0.802342307
1561000757.786118507 -270652.638537 -22271.566015 367823.582324 -0.466875673 -0.373913412 0.097083817 0.795481363
1561000757.886039019 -270824.958067 -22295.366099 368049.932879 -0.539925762 -0.390724227 0.024699532 0.745120583
1561000757.987149715 -270999.297950 -22319.480209 368279.074270 -0.534376788 -0.419197313 0.046527179 0.732495927
1561000758.087800264 -271172.812228 -22343.510920 368507.270746 -0.489425624 -0.393796059 0.109316693 0.770348676
1561000758.187936068 -271345.403686 -22367.437093 368734.380488 -0.446186166 -0.208411403 0.253988148 0.832449766
1561000758.287840366 -271517.565133 -22391.316672 368961.004969 -0.377844095 -0.198922125 0.236525612 0.872765411
1561000758.386033297 -271686.749558 -22414.793846 369183.777132 -0.405580406 -0.295256077 0.075120544 0.861791905
1561000758.489424229 -271864.855446 -22439.540164 369418.399791 -0.486368405 -0.388356551 -0.199269717 0.756912508
1561000758.588478565 -272035.478048 -22463.308990 369643.281662 -0.500924978 -0.447347928 -0.352759595 0.651547900
1561000758.688286066 -272207.412695 -22487.336015 369869.996402 -0.487649125 -0.435408440 -0.238467456 0.718158126
1561000758.789231539 -272381.304790 -22511.705585 370099.409288 -0.454081655 -0.278261528 0.098384512 0.840655019
1561000758.887700558 -272550.902264 -22535.511914 370323.257883 -0.416845345 -0.190247329 0.207882729 0.864193661
1561000758.989211321 -272725.708797 -22560.072328 370554.055957 -0.423814967 -0.231042293 0.107117045 0.869210142
1561000759.087633371 -272895.165930 -22583.911780 370777.874949 -0.441261611 -0.306698398 -0.043083061 0.842239950
1561000759.187881947 -273067.739159 -22608.237818 371005.915784 -0.450552108 -0.352063779 -0.122205758 0.811245738
1561000759.289392233 -273242.460294 -22632.926772 371236.912658 -0.451698735 -0.344094080 -0.112101470 0.815475798
1561000759.388823986 -273413.580654 -22657.165610 371463.262580 -0.442533539 -0.299456297 -0.037647845 0.844436281
1561000759.489273787 -273586.425301 -22681.701325 371692.001176 -0.419819440 -0.271950353 0.012979082 0.865809556
1561000759.588258505 -273756.719564 -22705.919257 371917.460846 -0.401935962 -0.241457358 0.044737716 0.882124914
1561000759.689121008 -273930.213030 -22730.631489 372147.248261 -0.377728635 -0.255591899 0.047534853 0.888669960
1561000759.789196253 -274102.320353 -22755.182056 372375.292013 -0.367362902 -0.279842840 0.014465052 0.886861458
1561000759.887532949 -274271.406155 -22779.339158 372599.427751 -0.373314037 -0.302372595 -0.031051518 0.876494864
1561000759.989903927 -274447.396673 -22804.527710 372832.823384 -0.382712385 -0.337245962 -0.068175178 0.857408034
1561000760.088030100 -274616.060505 -22828.715478 373056.610794 -0.386331690 -0.338317500 -0.058470635 0.856078430
1561000760.188596725 -274788.889118 -22853.547589 373286.036502 -0.393010682 -0.328843070 -0.034639073 0.858023877
1561000760.290575266 -274964.112247 -22878.770302 373518.755875 -0.406995096 -0.331997013 -0.016414248 0.850801709
1561000760.388192654 -275131.811601 -22902.952238 373741.591973 -0.424281908 -0.336565945 -0.042006409 0.839609248
1561000760.489524364 -275305.860550 -22928.096295 373972.980948 -0.433271097 -0.360801894 -0.051964961 0.824255903
1561000760.587959528 -275474.905889 -22952.564492 374197.835525 -0.447218139 -0.378334359 -0.069726748 0.807463454
1561000760.689931631 -275649.996762 -22977.958359 374430.857302 -0.468497401 -0.365597012 -0.078452965 0.800433722
1561000760.789861917 -275821.556156 -23002.892877 374659.303780 -0.488376365 -0.366983498 -0.089395780 0.786651151
1561000760.888943434 -275991.634098 -23027.665820 374885.898110 -0.504595158 -0.355459864 -0.066916546 0.783935066
1561000760.990465641 -276165.876283 -23053.100028 375118.166425 -0.528071504 -0.342703711 -0.059094188 0.774727390
1561000761.088968515 -276334.912134 -23077.827228 375343.615171 -0.551011765 -0.331986180 -0.073724186 0.762060336
1561000761.190535069 -276509.182063 -23103.377389 375576.169594 -0.577915288 -0.348855252 -0.088115514 0.732495453
1561000761.290082216 -276679.967652 -23128.474074 375804.200376 -0.611831145 -0.358367311 -0.118521357 0.695117406
1561000761.387989759 -276847.926786 -23153.212971 376028.580963 -0.642816024 -0.361632504 -0.142503678 0.660077414
1561000761.489590883 -277022.213015 -23178.944240 376261.545244 -0.675952545 -0.363655303 -0.166171914 0.619055630
1561000761.588257790 -277191.463766 -23203.991535 376487.905295 -0.709763578 -0.353870853 -0.175599548 0.583245987
1561000761.689217806 -277364.650559 -23229.681025 376719.658775 -0.741152600 -0.349068984 -0.192944989 0.540014721
1561000761.789266586 -277536.281767 -23255.197151 376949.458303 -0.771294525 -0.326336705 -0.215145482 0.502316167
1561000761.889374733 -277708.028995 -23280.786153 377179.537982 -0.802813724 -0.321670797 -0.235103487 0.443558759
1561000761.988043547 -277877.328016 -23306.060443 377406.457104 -0.829671233 -0.309823469 -0.264358831 0.381797683
1561000762.087930918 -278048.748987 -23331.695933 377636.335412 -0.851480554 -0.300353580 -0.295478938 0.312187107
1561000762.189778805 -278223.576447 -23357.879425 377870.894059 -0.874639406 -0.271325428 -0.303819015 0.262835363
1561000762.289742947 -278395.219068 -23383.616840 378101.284819 -0.889487271 -0.245581074 -0.318577689 0.216819248
1561000762.387994528 -278563.971893 -23408.944083 378327.894909 -0.888190349 -0.257387701 -0.341513067 0.168042557
1561000762.488509655 -278736.672110 -23434.880060 378559.899563 -0.886540827 -0.256088270 -0.357022114 0.144911594
1561000762.588110447 -278907.865285 -23460.601586 378789.967444 -0.884209129 -0.256838796 -0.368458960 0.128242129
1561000762.689795017 -279082.709877 -23486.880255 379025.029515 -0.889692625 -0.248208609 -0.366441365 0.112072497
1561000762.789741278 -279254.635420 -23512.726476 379256.249447 -0.889039807 -0.237341997 -0.383101664 0.080685276
1561000762.888046265 -279423.810329 -23538.157970 379483.843587 -0.893494197 -0.218269036 -0.390072965 -0.043241526
1561000762.989781618 -279598.970074 -23564.470636 379719.557157 -0.905575074 -0.197481567 -0.374655493 -0.023834366
1561000763.088028431 -279768.201626 -23589.874458 379947.360846 -0.913157491 -0.214747173 -0.344104597 0.040237727
1561000763.189731359 -279943.459053 -23616.176822 380183.356472 -0.898035603 -0.175462218 -0.363921241 0.174087326
1561000763.289497852 -280115.446244 -23642.012246 380415.029786 -0.860992804 -0.049446756 -0.362119883 0.353716837
1561000763.389008522 -280287.056495 -23667.847582 380646.263117 -0.849549386 -0.099416258 -0.385178045 0.346439205
1561000763.489738464 -280460.835001 -23694.068586 380880.484296 -0.838708594 -0.214542252 -0.428662741 0.258433300
1561000763.587996006 -280630.420336 -23719.694327 381109.118356 -0.809042967 -0.326881653 -0.481458904 0.082432918
1561000763.687936783 -280803.004725 -23745.775234 381341.838105 -0.768012091 -0.368956849 -0.522757357 -0.027441184
1561000763.789735317 -280978.914476 -23772.338399 381579.053122 -0.722960805 -0.389593806 -0.565179920 -0.078204850
1561000763.888099909 -281149.015483 -23797.997916 381808.419990 -0.695942578 -0.390297978 -0.600945405 -0.046861900
1561000763.990075827 -281325.497139 -23824.599273 382046.363670 -0.744928521 -0.354219178 -0.560278182 0.075489280
1561000764.088507414 -281495.962293 -23850.294226 382276.195904 -0.775494377 -0.310660697 -0.508731370 0.208064401
1561000764.189887524 -281671.632470 -23876.799491 382513.079228 -0.780688681 -0.279087735 -0.471223125 0.300971738
1561000764.289807796 -281844.856049 -23902.978191 382746.714442 -0.766728417 -0.274772454 -0.477470160 0.329620813
1561000764.388140202 -282015.404659 -23928.800139 382976.791486 -0.733845783 -0.299982587 -0.524904979 0.309766972
1561000764.489780426 -282191.780294 -23955.552449 383214.767427 -0.708504664 -0.336848428 -0.554444795 0.277750332
1561000764.588628531 -282363.407752 -23981.627149 383446.361251 -0.695550015 -0.380121371 -0.554400524 0.253688744
1561000764.689995766 -282539.511041 -24008.421881 383684.016656 -0.691826438 -0.377171435 -0.542637807 0.290967521
1561000764.789911270 -282713.189066 -24034.891376 383918.425658 -0.680017047 -0.377089586 -0.532002053 0.335192594
1561000764.888354778 -282884.395691 -24061.034454 384149.531428 -0.664695452 -0.369305334 -0.524868042 0.382501066
1561000764.990154982 -283061.524521 -24088.141949 384388.669621 -0.641609861 -0.368551898 -0.533735260 0.409430039
1561000765.088940620 -283233.488713 -24114.522428 384620.870586 -0.625656658 -0.371508805 -0.545994413 0.415240960
1561000765.189948082 -283409.403252 -24141.576003 384858.437928 -0.608362607 -0.394359007 -0.533387228 0.435745313
1561000765.289691687 -283583.194572 -24168.371305 385093.174169 -0.589625548 -0.422384788 -0.511697154 0.460541883
1561000765.387824059 -283754.247437 -24194.812774 385324.255333 -0.577403333 -0.420705293 -0.488191531 0.501279838
1561000765.489679575 -283931.852940 -24222.342626 385564.243597 -0.559718393 -0.417681697 -0.472600898 0.537499499
1561000765.587779760 -284102.964100 -24248.942275 385795.514528 -0.537227428 -0.430012366 -0.483314597 0.541186711
1561000765.689435244 -284280.331392 -24276.594518 386035.301199 -0.513376825 -0.455559083 -0.487974284 0.539250642
1561000765.789507866 -284454.991197 -24303.904087 386271.487295 -0.494995580 -0.472385702 -0.477353325 0.551330144
1561000765.889340639 -284629.283014 -24331.234897 386507.238963 -0.482060667 -0.483417504 -0.461523963 0.566498598
1561000765.989140034 -284803.562063 -24358.642385 386743.042309 -0.466392430 -0.486973705 -0.449246823 0.586098971
1561000766.087647200 -284975.625017 -24385.779336 386975.918712 -0.446606241 -0.494642805 -0.448420111 0.595643152
1561000766.191037893 -285156.258505 -24414.351837 387220.473680 -0.431814478 -0.498986171 -0.437314192 0.610987198
1561000766.291178465 -285331.249599 -24442.113968 387457.469360 -0.410270515 -0.511818906 -0.420810495 0.626608362
1561000766.391047716 -285505.796449 -24469.885539 387693.947975 -0.390391286 -0.514308994 -0.406777455 0.646229839
1561000766.491319180 -285681.070666 -24497.852285 387931.502354 -0.374824612 -0.510874672 -0.381704162 0.672915680
1561000766.589521170 -285852.746222 -24525.321858 388164.271333 -0.350803991 -0.523403702 -0.377408578 0.678636788
1561000766.691160202 -286030.446479 -24553.834344 388405.308850 -0.326718091 -0.530374444 -0.369043096 0.689757517
1561000766.790711403 -286204.508311 -24581.840116 388641.511875 -0.313707821 -0.536011698 -0.345911359 0.703295240
1561000766.888809681 -286376.038012 -24609.510889 388874.382113 -0.288569661 -0.539399581 -0.348683488 0.710067227
1561000766.990688801 -286554.183966 -24638.324078 389116.344951 -0.269313668 -0.549989500 -0.330480746 0.718167233
1561000767.090823174 -286729.281124 -24666.717210 389354.280326 -0.251137309 -0.548769447 -0.316321741 0.731930804
1561000767.190737724 -286903.992618 -24695.117369 389591.806892 -0.248349518 -0.535618045 -0.329625642 0.736737920
1561000767.292632580 -287082.166052 -24724.154505 389834.154920 -0.240629436 -0.537071055 -0.341741231 0.732710780
1561000767.390914917 -287254.022112 -24752.234055 390068.018418 -0.223913452 -0.545335719 -0.346555798 0.729637443
1561000767.492160082 -287431.058165 -24781.233400 390309.042264 -0.221057758 -0.544947562 -0.271949660 0.761714516
1561000767.590742350 -287603.428925 -24809.532919 390543.833316 -0.212232285 -0.535359070 -0.231423449 0.784086291
1561000767.692031860 -287780.516422 -24838.665264 390785.178308 -0.197594496 -0.532637432 -0.235963172 0.788400382
1561000767.792120695 -287955.487867 -24867.507865 391023.768281 -0.185300997 -0.537073328 -0.270756372 0.777114385
1561000767.890590191 -288127.615614 -24895.942273 391258.601259 -0.177049907 -0.543627711 -0.307691625 0.760557760
1561000767.993302822 -288307.149937 -24925.669150 391503.661596 -0.163218334 -0.539668164 -0.301281138 0.768991368
1561000768.091999054 -288479.653294 -24954.297066 391739.243215 -0.157553065 -0.528013834 -0.269717569 0.789703018
1561000768.192921162 -288656.031796 -24983.630009 391980.240376 -0.154815746 -0.514956124 -0.230795453 0.810916601
1561000768.293286800 -288831.417462 -25012.854437 392220.008466 -0.148243000 -0.512941986 -0.219982876 0.816408027
1561000768.392937660 -289005.532158 -25041.920679 392458.165087 -0.134466841 -0.521637004 -0.226282896 0.811547630
1561000768.493353128 -289180.960992 -25071.261031 392698.246238 -0.136317627 -0.520755865 -0.233559621 0.809741154
1561000768.592246771 -289353.710657 -25100.207344 392934.784612 -0.147040330 -0.515254033 -0.247034408 0.807382452
1561000768.693548441 -289530.646994 -25129.914187 393177.181035 -0.154616663 -0.521225377 -0.260003962 0.798007352
1561000768.795241833 -289708.249912 -25159.795009 393420.616919 -0.160627662 -0.522357386 -0.276110921 0.790635361
1561000768.894323826 -289881.277270 -25188.968855 393657.900347 -0.173664649 -0.501162760 -0.292349752 0.795743741
1561000768.995748520 -290058.381881 -25218.897671 393900.892104 -0.194909226 -0.473146273 -0.313094695 0.800071690
1561000769.094164848 -290230.222857 -25248.006729 394136.766268 -0.203993715 -0.462130192 -0.336124234 0.794885369
1561000769.195285082 -290406.777467 -25277.989607 394379.212294 -0.214238641 -0.472957207 -0.326018006 0.790016167
1561000769.287254572 -290567.348204 -25305.323529 394599.801055 -0.230880020 -0.461532007 -0.304352182 0.800657462
1561000769.386588573 -290740.768316 -25334.914291 394838.141460 -0.292060201 -0.429830102 -0.329010638 0.788478866
1561000769.487317085 -290916.619130 -25364.998022 395079.919379 -0.305155990 -0.439647764 -0.337873152 0.774229551
1561000769.586414576 -291089.621649 -25394.672899 395317.874380 -0.275844121 -0.466831854 -0.327624798 0.773718316
1561000769.686781168 -291264.833705 -25424.801677 395558.970620 -0.222443333 -0.432846744 -0.152305868 0.860212521
1561000769.787528515 -291440.686769 -25455.096451 395801.064505 -0.142820722 -0.431365883 -0.059494555 0.888811630
1561000769.886098623 -291612.705300 -25484.762093 396037.999053 -0.087992293 -0.439759247 -0.106183891 0.887465009
1561000769.987148285 -291789.016300 -25515.200639 396280.970928 -0.075722903 -0.392595348 -0.300358291 0.865979118
1561000770.086282492 -291961.964945 -25545.117933 396519.407379 -0.142520559 -0.314264989 -0.561479494 0.752107828
1561000770.186225891 -292136.345384 -25575.370877 396759.848287 -0.188484831 -0.262671281 -0.707413311 0.628524998
1561000770.287358046 -292312.859569 -25606.089636 397003.201240 -0.168877832 -0.324621272 -0.656620940 0.659507580
1561000770.385975599 -292485.032644 -25636.146675 397240.558791 -0.131808811 -0.378007386 -0.388809576 0.829797546
1561000770.487070322 -292661.530809 -25667.037412 397483.941695 -0.090789102 -0.356569304 -0.097908492 0.924678105
1561000770.586006880 -292834.231784 -25697.302934 397722.187475 -0.068866981 -0.329350686 -0.124280059 0.933455908
1561000770.687139273 -293010.732906 -25728.269186 397965.773103 -0.074945310 -0.327981210 -0.288807441 0.896326831
1561000770.787240505 -293185.412160 -25758.972501 398206.926971 -0.062941989 -0.349449600 -0.355211409 0.864724313
1561000770.885692120 -293357.197693 -25789.233653 398444.160387 -0.038396741 -0.384763715 -0.321551829 0.864341943
1561000770.987006426 -293533.958788 -25820.435327 398688.353064 -0.003702129 -0.399134361 -0.227926392 0.888103381
1561000771.086636305 -293707.752745 -25851.161428 398928.548966 0.033841769 -0.413497517 -0.174765158 0.892934308
1561000771.186360121 -293881.677763 -25881.946289 399169.036929 0.059761484 -0.405700372 -0.202721937 0.889235396
1561000771.288227558 -294059.307704 -25913.423465 399414.760271 0.082282103 -0.387315948 -0.244247664 0.885188732
1561000771.387103081 -294231.689502 -25944.010688 399653.327771 0.093823194 -0.393654437 -0.277640942 0.871291513
1561000771.487852335 -294407.308628 -25975.217946 399896.478047 0.108793957 -0.406911975 -0.290768303 0.859092727
1561000771.586235762 -294578.775557 -26005.733746 400133.980532 0.121695882 -0.421374566 -0.276968755 0.854939703
1561000771.688032627 -294756.160617 -26037.347676 400379.790965 0.141424966 -0.449363516 -0.232787661 0.850812150
1561000771.788120508 -294930.535946 -26068.464546 400621.549090 0.166555773 -0.450392458 -0.207642919 0.852226629
1561000771.887941599 -295104.412256 -26099.524526 400862.737496 0.175567259 -0.433789236 -0.192000413 0.862634846
1561000771.988516808 -295279.567032 -26130.840810 401105.821737 0.185088774 -0.433913768 -0.204157962 0.857776495
1561000772.086264849 -295449.764445 -26161.298106 401342.143764 0.206107860 -0.424203096 -0.217408371 0.854578776
1561000772.188276529 -295627.350454 -26193.106349 401588.846720 0.222000811 -0.428434383 -0.187990188 0.855464382
1561000772.288066387 -295801.032684 -26224.238554 401830.249589 0.240595998 -0.434877465 -0.137323892 0.856818128
1561000772.386090517 -295971.606837 -26254.826363 402067.455241 0.265934749 -0.441435974 -0.103994439 0.850645724
1561000772.488030672 -296148.958644 -26286.634569 402314.219028 0.286984210 -0.443440987 -0.078708933 0.845461447
1561000772.585962772 -296319.303052 -26317.184305 402551.362111 0.310700489 -0.448920275 -0.065768980 0.835230647
1561000772.687943220 -296496.654213 -26348.984926 402798.396228 0.335000126 -0.449809332 -0.073937471 0.824608835
1561000772.788690090 -296671.825316 -26380.389804 403042.532982 0.351828997 -0.440734921 -0.088991994 0.821005184
1561000772.886712074 -296842.225153 -26410.935799 403280.152918 0.367000145 -0.440007704 -0.099914963 0.813462423
1561000772.988287210 -297018.766739 -26442.580250 403526.476474 0.379583344 -0.433778260 -0.097229716 0.811356450
1561000773.085923910 -297188.430057 -26472.988363 403763.336107 0.397970393 -0.444027983 -0.076742043 0.799105360
1561000773.189471722 -297368.330908 -26505.223198 404014.632639 0.416458302 -0.453364429 -0.048150481 0.786577847
1561000773.290180922 -297543.269106 -26536.554882 404259.141564 0.431749517 -0.466654487 -0.021063925 0.771610171
1561000773.387595415 -297712.456988 -26566.840392 404495.751210 0.449904383 -0.472404579 -0.011625286 0.757815817
1561000773.489495516 -297889.409319 -26598.496080 404743.365424 0.471144667 -0.480821055 -0.007218630 0.739446893
1561000773.589109421 -298062.367176 -26629.417171 404985.536202 0.487248196 -0.488213253 -0.011761380 0.723946604
1561000773.690456152 -298238.310443 -26660.853307 405232.037470 0.507595827 -0.495381502 -0.013514459 0.704812744
1561000773.790565491 -298412.083719 -26691.883741 405475.648696 0.527540810 -0.500843262 -0.006557022 0.686158675
1561000773.889525414 -298583.843689 -26722.537589 405716.585255 0.527246414 -0.497224237 -0.005360421 0.689021439
1561000773.990453720 -298759.000706 -26753.780510 405962.438488 0.524904512 -0.493489232 -0.017006812 0.693292435
1561000774.088794470 -298929.647171 -26784.204096 406202.108754 0.534969298 -0.481563999 -0.042260886 0.692905464
1561000774.190401316 -299105.938479 -26815.620723 406449.860248 0.538676204 -0.505492253 -0.013433518 0.673888025
1561000774.290547371 -299279.675458 -26846.566261 406694.175102 0.542563623 -0.518017031 0.025691230 0.660774569
1561000774.389345169 -299451.059635 -26877.072700 406935.328653 0.548881797 -0.527227308 0.039244388 0.647472020
1561000774.490986586 -299627.365433 -26908.432523 407183.559079 0.549447399 -0.534220882 0.033597119 0.641550340
1561000774.589297771 -299797.884761 -26938.742823 407423.788825 0.550105927 -0.532533522 0.016369946 0.643057961
1561000774.690846682 -299974.007111 -26970.031034 407672.065485 0.548548587 -0.523711255 -0.005347090 0.651760982
1561000774.789179087 -300144.536015 -27000.310924 407912.606806 0.552131977 -0.511574303 -0.026650277 0.657823514
1561000774.889859915 -300319.119263 -27031.298480 408159.020687 0.548352457 -0.507394151 -0.035543229 0.663775141
1561000774.990666389 -300493.900382 -27062.310524 408405.870601 0.543166544 -0.510589520 -0.022706378 0.666147782
1561000775.089098215 -300664.545338 -27092.576880 408647.029844 0.544980037 -0.522549199 -0.010397321 0.655614971
1561000775.190711260 -300840.687787 -27123.804940 408896.115250 0.545216342 -0.541210165 0.008632624 0.640122000
1561000775.289255619 -301011.497345 -27154.072996 409137.811021 0.547479831 -0.556955779 0.023791182 0.624099411
1561000775.389303923 -301184.903200 -27184.785611 409383.333138 0.551233991 -0.556458979 0.023822130 0.621230230
1561000775.490655422 -301360.558409 -27215.880908 409632.196002 0.565749530 -0.557417256 0.003085399 0.607621553
1561000775.590528727 -301533.641061 -27246.509017 409877.569347 0.571202045 -0.555842617 -0.023543521 0.603500548
1561000775.692143440 -301709.729129 -27277.661727 410127.362367 0.567654780 -0.553163354 -0.055198638 0.607232629
1561000775.792043686 -301882.830940 -27308.283439 410373.077109 0.568748037 -0.550402289 -0.067278081 0.607500330
1561000775.890817165 -302053.964419 -27338.557589 410616.152345 0.567069437 -0.546960269 -0.049351631 0.613865730
1561000775.992043972 -302229.332625 -27369.579245 410865.401456 0.556514440 -0.555103773 -0.007777895 0.618135086
1561000776.091811895 -302402.160164 -27400.145320 411111.196020 0.509977900 -0.549943914 -0.046788906 0.659768923
1561000776.190580368 -302573.238418 -27430.397414 411354.655786 0.491883519 -0.565920048 -0.077146966 0.657140357
1561000776.291985035 -302748.862037 -27461.453810 411604.743433 0.526877901 -0.593211171 -0.042718678 0.607186379
1561000776.393445730 -302924.570286 -27492.520564 411855.110405 0.515231086 -0.649583042 0.181937820 0.528656249
1561000776.492316961 -303095.812109 -27522.766290 412099.240748 0.523624979 -0.654942240 0.353534070 0.414585582
1561000776.590683699 -303266.234579 -27552.815970 412342.283566 0.599439755 -0.582551031 0.336524699 0.433655858
1561000776.692180157 -303442.134805 -27583.777495 412593.224838 0.658811846 -0.456506181 0.198286346 0.564137912
1561000776.793358564 -303617.503540 -27614.597315 412843.531380 0.627821278 -0.273572460 -0.070461018 0.725281874
1561000776.892969847 -303790.135197 -27644.902739 413090.059994 0.555127466 -0.166618289 -0.221360068 0.784264982
1561000776.993688583 -303964.655753 -27675.518106 413339.389138 0.593041551 -0.232847737 -0.141988760 0.757576955
1561000777.092419624 -304135.703967 -27705.497243 413583.869269 0.621188733 -0.460718457 0.163692588 0.612427790
1561000777.194827080 -304313.124377 -27736.545641 413837.585411 0.587589254 -0.534761123 0.371182899 0.480616963
1561000777.293206692 -304483.612777 -27766.318299 414081.473988 0.618492034 -0.485842092 0.349323442 0.509311494
1561000777.392535925 -304655.792359 -27796.322147 414327.865997 0.662485821 -0.412072510 0.251243143 0.572874913
1561000777.493455887 -304830.756222 -27826.750182 414578.350950 0.675469126 -0.360599050 0.154476046 0.624377238
1561000777.592404842 -305002.309609 -27856.529928 414824.074189 0.675101050 -0.344296171 0.139753600 0.637312835
1561000777.693666935 -305177.876144 -27886.950402 415075.670750 0.680996978 -0.356776157 0.184184838 0.612396796
1561000777.793915987 -305351.697695 -27917.009617 415324.885836 0.681872722 -0.411358394 0.262965134 0.544686333
1561000777.893477201 -305524.353142 -27946.806492 415572.534226 0.683511382 -0.409594081 0.323655919 0.510187931
1561000777.994845390 -305700.183814 -27977.085709 415824.830035 0.700693059 -0.389514345 0.321547871 0.503899573
1561000778.093599558 -305871.522131 -28006.527294 416070.768572 0.720684858 -0.362730274 0.285926957 0.516996963
1561000778.194677591 -306046.928719 -28036.603581 416322.643630 0.734838970 -0.327933765 0.248967735 0.538967718
1561000778.294579744 -306220.323356 -28066.272010 416571.733552 0.740267014 -0.304347206 0.244746461 0.547244640
1561000778.394254923 -306393.350240 -28095.813427 416820.397746 0.744568575 -0.308422553 0.253123791 0.535183625
1561000778.494666338 -306567.684557 -28125.512568 417071.042221 0.747100156 -0.322523745 0.292414817 0.502308038
1561000778.593527555 -306739.364276 -28154.695709 417317.962627 0.751810038 -0.328882544 0.328728420 0.467499268
1561000778.694808245 -306915.292148 -28184.535019 417571.079889 0.757119360 -0.340888586 0.342546525 0.439576074
1561000778.796369553 -307091.761322 -28214.401787 417825.059162 0.760369772 -0.339184310 0.334935456 0.441146295
1561000778.886803389 -307248.939394 -28240.949674 418051.345193 0.759670577 -0.328282175 0.312575097 0.466292008
1561000778.987039566 -307423.197873 -28270.323303 418302.306090 0.758821276 -0.314416866 0.286130150 0.493418528
1561000779.085712433 -307594.776034 -28299.183097 418549.499558 0.742875465 -0.307026080 0.274884887 0.527550309
1561000779.186903000 -307770.766237 -28328.717959 418803.146376 0.719418725 -0.293260596 0.294312534 0.556610324
1561000779.285641432 -307942.524760 -28357.471672 419050.783869 0.714779320 -0.300447963 0.301927148 0.554672464
1561000779.386821747 -308118.566116 -28386.867926 419304.685680 0.706493317 -0.328289859 0.328341391 0.534120672
1561000779.486929655 -308292.783052 -28415.885672 419556.040595 0.695901246 -0.345204587 0.353873005 0.520892643
1561000779.585644245 -308464.619498 -28444.433661 419804.037427 0.687390530 -0.339204075 0.356165900 0.534397518
1561000779.687046766 -308641.181073 -28473.689318 420058.930740 0.679513192 -0.320492318 0.332493608 0.570082885
1561000779.787026167 -308815.304471 -28502.462519 420310.384618 0.670099697 -0.314296639 0.311250083 0.596076677
1561000779.885753870 -308987.280651 -28530.804537 420558.820417 0.657032831 -0.308217123 0.307805534 0.615277025
1561000779.988118410 -309165.623268 -28560.114574 420816.540348 0.650377093 -0.314745094 0.304325512 0.620750470
1561000780.088176966 -309339.977071 -28588.688804 421068.582089 0.637890115 -0.312407175 0.320348592 0.626797206
1561000780.187885284 -309513.751865 -28617.087240 421319.866787 0.618832051 -0.314902694 0.335450664 0.636675771
1561000780.286154032 -309685.048861 -28644.999088 421567.642476 0.599843804 -0.308997131 0.347644623 0.651038709
1561000780.386768818 -309860.467886 -28673.496233 421821.451566 0.579281859 -0.295233945 0.344345416 0.677270758
1561000780.488116503 -310037.195249 -28702.115898 422077.224559 0.551631595 -0.335802647 0.306208892 0.699410666
1561000780.586358786 -310208.529130 -28729.780471 422325.269736 0.546534444 -0.354475216 0.299897137 0.696928354
1561000780.687965155 -310385.748550 -28758.314295 422581.923085 0.552958316 -0.326953802 0.320646699 0.696077587
1561000780.788094759 -310560.414505 -28786.352362 422834.957506 0.548713771 -0.290126218 0.435010662 0.652307979
1561000780.885877132 -310731.024827 -28813.648077 423082.163932 0.559721822 -0.261535685 0.477620841 0.624651022
1561000780.987933159 -310909.148973 -28842.043299 423340.285222 0.586668447 -0.239760406 0.489970574 0.598551516
1561000781.085805655 -311080.031590 -28869.185699 423587.934689 0.595042726 -0.198660260 0.451466363 0.634536349
1561000781.187957525 -311258.443974 -28897.420975 423846.522548 0.567663472 -0.178580556 0.388228642 0.703665893
1561000781.286010742 -311429.739576 -28924.431873 424094.828375 0.504264216 -0.153670746 0.304109057 0.793486348
1561000781.387593746 -311607.228654 -28952.324453 424352.150418 0.469706240 -0.114349072 0.245029301 0.840393348
1561000781.489011049 -311784.444249 -28980.083943 424609.113770 0.494302572 -0.148133500 0.287929780 0.806732841
1561000781.587706804 -311956.924817 -29007.012174 424859.247609 0.524221145 -0.177175702 0.403741250 0.728556082
1561000781.689433813 -312134.743746 -29034.671583 425117.148485 0.539153183 -0.183891218 0.480775325 0.666598044
1561000781.791358232 -312312.968076 -29062.285078 425375.646640 0.543493259 -0.169812119 0.499298353 0.653054421
1561000781.889955997 -312485.438671 -29088.902095 425625.799508 0.534859335 -0.146118831 0.480090365 0.679770564
1561000781.990843296 -312661.975269 -29116.039326 425881.850263 0.525306780 -0.130648335 0.452264560 0.708830422
1561000782.090706825 -312836.776509 -29142.803871 426135.386090 0.518081371 -0.114644187 0.417880752 0.737444290
1561000782.192322969 -313014.695297 -29169.938815 426393.448720 0.513153567 -0.113555980 0.402432162 0.749551073
1561000782.290875435 -313187.295345 -29196.160795 426643.804717 0.520719323 -0.108682508 0.405324483 0.743472637
1561000782.392405272 -313365.157063 -29223.077334 426901.800215 0.522578126 -0.103754318 0.423883104 0.732441300
1561000782.492164612 -313539.967144 -29249.427099 427155.372149 0.522337383 -0.104091074 0.448586502 0.717703879
1561000782.592455149 -313715.763327 -29275.819533 427410.370070 0.505221328 -0.093372816 0.455669386 0.726910131
1561000782.690899372 -313888.378988 -29301.630370 427660.744369 0.480720111 -0.084452443 0.448436870 0.748785906
1561000782.792410851 -314066.427930 -29328.146661 427918.987060 0.459020761 -0.078339943 0.430523116 0.773183446
1561000782.892686844 -314242.358444 -29354.243422 428174.147963 0.409179476 -0.072559543 0.405553602 0.814145899
1561000782.993515015 -314419.299944 -29380.389564 428430.766881 0.400943176 -0.083402161 0.413700318 0.813105587
1561000783.092139959 -314592.417584 -29405.873723 428681.825472 0.408905937 -0.059815758 0.448248626 0.792648207
1561000783.193479538 -314770.350972 -29431.963967 428939.843075 0.418453411 -0.058932775 0.489379572 0.762844221
1561000783.292761564 -314944.732252 -29457.429223 429192.675030 0.416475519 -0.056227334 0.542171091 0.727624311
1561000783.394033670 -315122.678730 -29483.306653 429450.630042 0.429036448 -0.075216338 0.502702500 0.746699688
1561000783.493057489 -315296.737143 -29508.513088 429702.915085 0.419673203 -0.086024532 0.459328527 0.778133335
1561000783.592114687 -315470.905735 -29533.634067 429955.339337 0.416252732 -0.088986039 0.420906069 0.801032602
1561000783.693435907 -315649.100794 -29559.233858 430213.585074 0.402943843 -0.082026278 0.405780417 0.816241510
1561000783.792959690 -315824.175392 -29584.287051 430467.298459 0.393062870 -0.083547946 0.408471882 0.819556003
1561000783.893682957 -316001.400733 -29609.549581 430724.117749 0.401249873 -0.104702654 0.419990420 0.807244660
1561000783.993592501 -316177.234324 -29634.514907 430978.913942 0.404058219 -0.126667720 0.412132028 0.806746203
1561000784.094806671 -316355.403031 -29659.711795 431237.094121 0.401168937 -0.139865375 0.416983190 0.803508668
1561000784.194882631 -316531.604162 -29684.532128 431492.426055 0.389816028 -0.140379157 0.410159984 0.812469042
1561000784.294462919 -316706.967217 -29709.138281 431746.548239 0.373230738 -0.147249404 0.395038365 0.826414617
1561000784.394574404 -316883.296389 -29733.786026 432002.078215 0.351537094 -0.154592675 0.379348465 0.841794226
1561000784.494580984 -317059.466475 -29758.320672 432257.389854 0.355088544 -0.187082128 0.369672959 0.838006149
1561000784.593418121 -317233.598593 -29782.483105 432509.768605 0.358516962 -0.190361008 0.384563829 0.829059067
1561000784.694926500 -317412.460760 -29807.209922 432769.024238 0.342980730 -0.168305497 0.407691556 0.829352201
1561000784.794072866 -317587.188717 -29831.273084 433022.298438 0.328187974 -0.155579953 0.442224318 0.820076329
1561000784.894271374 -317763.803824 -29855.501883 433278.309623 0.305092473 -0.157998194 0.427344166 0.836260795
1561000784.995171785 -317941.685513 -29879.811291 433536.159058 0.266399360 -0.156517565 0.393315651 0.865930962
1561000785.094945908 -318117.602765 -29903.767413 433791.170708 0.202176005 -0.195777092 0.334008830 0.899574508
1561000785.195259094 -318294.477176 -29927.781768 434047.597099 0.200910794 -0.245553660 0.313196061 0.895123724
1561000785.294337749 -318469.174919 -29951.434431 434300.908540 0.241811147 -0.215986514 0.352906730 0.877686752
1561000785.395266771 -318647.143513 -29975.454494 434558.992176 0.275340820 -0.129285649 0.434010207 0.848002237
1561000785.494854927 -318822.778181 -29999.072380 434813.683648 0.323731988 -0.059280033 0.591360618 0.736190258
1561000785.593545198 -318996.893800 -30022.388397 435066.115551 0.373371004 -0.037774287 0.619230484 0.689725166
1561000785.694871187 -319175.742655 -30046.232525 435325.334338 0.383713303 -0.015419615 0.549188495 0.742238731
1561000785.793414354 -319349.750790 -30069.329350 435577.477731 0.352810260 -0.001308756 0.433777858 0.829071757
1561000785.893189669 -319525.985642 -30092.627345 435832.806827 0.261832000 0.022055882 0.325243133 0.908391131
1561000785.994858265 -319705.598552 -30116.293613 436092.994871 0.152860131 0.050991510 0.222972601 0.961413993
1561000786.094051600 -319880.861567 -30139.334564 436346.845703 0.127359001 0.045139776 0.188243182 0.972782910
1561000786.194885969 -320059.043813 -30162.717496 436604.888641 0.166744117 0.046192977 0.223076184 0.959322482
1561000786.294196129 -320234.555987 -30185.700689 436859.025921 0.232400703 0.070670738 0.327130353 0.913225762
1561000786.395009756 -320412.764384 -30208.968297 437117.012311 0.301962579 0.075364800 0.428489734 0.848254263
1561000786.494991779 -320589.559584 -30231.965385 437372.884206 0.361793723 0.051109585 0.464623675 0.806608922
1561000786.593746662 -320764.247234 -30254.595029 437625.640770 0.367108778 0.063665893 0.448352147 0.812501170
1561000786.694766045 -320943.004595 -30277.655469 437884.220740 0.337030932 0.090630888 0.422121531 0.836665767
1561000786.794126749 -321118.887006 -30300.254135 438138.575241 0.300367492 0.108484421 0.405651738 0.856421139
1561000786.887006521 -321283.349282 -30321.309034 438376.350249 0.268147798 0.131659925 0.369060719 0.880088977
1561000786.988557816 -321463.221444 -30344.259049 438636.329471 0.274171820 0.129362085 0.346045446 0.887889528
1561000787.085955858 -321635.790028 -30366.202465 438885.679149 0.313426255 0.109801022 0.357718676 0.872780079
1561000787.187185049 -321815.201532 -30388.933322 439144.846499 0.345336313 0.116351501 0.406609634 0.837779067
1561000787.287001133 -321992.171329 -30411.265539 439400.412812 0.351825429 0.136131894 0.440880416 0.814439337
1561000787.386344433 -322168.372524 -30433.409904 439654.787481 0.348686370 0.141434316 0.434590479 0.818257456
1561000787.487171412 -322347.277304 -30455.802261 439912.979353 0.327422919 0.153632242 0.403262906 0.840577418
1561000787.585873604 -322522.479513 -30477.645666 440165.742791 0.298411814 0.180758113 0.388462888 0.852861934
1561000787.687857866 -322703.577330 -30500.140205 440426.917350 0.303828939 0.173019225 0.380420320 0.856173290
1561000787.787594080 -322880.751154 -30522.065067 440682.341192 0.325457493 0.176362549 0.386089813 0.844930960
1561000787.887833595 -323058.888863 -30544.024812 440939.063606 0.352532321 0.186141978 0.405583919 0.822541070
1561000787.987892389 -323236.780113 -30565.866564 441195.336367 0.373906577 0.188503256 0.422259771 0.803963357
1561000788.085977554 -323411.239469 -30587.198855 441446.572568 0.371596252 0.210360736 0.444318133 0.787556971
1561000788.187755585 -323592.353012 -30609.252715 441707.287371 0.358000368 0.214959164 0.428810569 0.801092872
1561000788.288352013 -323771.448641 -30630.970215 441964.991664 0.346657224 0.222327270 0.401912146 0.817842271
1561000788.389231920 -323951.130545 -30652.670638 442223.435587 0.348664503 0.228790005 0.386917763 0.822424977
1561000788.489167452 -324129.210273 -30674.091570 442479.471530 0.367725515 0.230762803 0.388694830 0.812676322
1561000788.587702513 -324304.873680 -30695.135915 442731.933351 0.388163270 0.230732141 0.405204904 0.794921972
1561000788.690827370 -324488.807662 -30717.077309 442996.174624 0.402591288 0.239142827 0.421235846 0.776718305
1561000788.789947510 -324665.687604 -30738.085300 443250.175683 0.403659114 0.243179736 0.417186003 0.777096374
1561000788.889171362 -324842.842001 -30759.035212 443504.466008 0.393155857 0.250963517 0.405327769 0.786228456
1561000788.991446972 -325025.536011 -30780.546970 443766.597737 0.386666606 0.253688741 0.389137774 0.796682340
1561000789.089155912 -325200.158043 -30801.020482 444017.043199 0.405162778 0.253873147 0.386091347 0.788875796
1561000789.191079617 -325382.401278 -30822.294893 444278.313053 0.419232903 0.265494753 0.392741939 0.774280362
1561000789.289547682 -325558.554913 -30842.767537 444530.748421 0.428654337 0.275963854 0.407467136 0.757674035
1561000789.389379263 -325737.241174 -30863.442287 444786.705836 0.431769589 0.276562444 0.421950066 0.747694040
1561000789.490453482 -325918.249859 -30884.290905 445045.878638 0.416987219 0.280870572 0.414877449 0.758360128
1561000789.588922739 -326094.688235 -30904.522994 445298.396966 0.400197583 0.286132840 0.400384769 0.773085978
1561000789.690661907 -326277.084603 -30925.347737 445559.323167 0.374712632 0.308965851 0.384430386 0.785075681
1561000789.791272640 -326457.554259 -30945.864950 445817.371607 0.370658937 0.235411743 0.381372400 0.813479167
1561000789.892036438 -326638.385385 -30966.336000 446075.827249 0.391195121 0.196234016 0.371942370 0.818607025
1561000789.992050886 -326817.951655 -30986.574178 446332.378992 0.459032260 0.231913007 0.398867597 0.759216953
1561000790.090475798 -326994.751096 -31006.407868 446584.884491 0.499618410 0.320506578 0.450325889 0.666980938
1561000790.191973925 -327177.181542 -31026.776300 446845.322507 0.597510363 0.306181851 0.477590074 0.566693710
1561000790.290943861 -327355.184483 -31046.555691 447099.344388 0.651281890 0.312314052 0.463076142 0.513665572
1561000790.393324852 -327539.443750 -31066.932245 447362.212774 0.581156013 0.390297537 0.419356534 0.577984099
1561000790.493524551 -327719.895653 -31086.790567 447619.552093 0.418584539 0.462447694 0.370690708 0.688126088
1561000790.591983557 -327897.330318 -31106.232771 447872.455878 0.289409952 0.475297300 0.323131195 0.765454497
1561000790.693186522 -328079.828117 -31126.159930 448132.416892 0.248576387 0.459730093 0.267934822 0.809363301
1561000790.792254448 -328258.586060 -31145.618377 448386.891362 0.323173239 0.474073709 0.308153570 0.758850811
1561000790.892332077 -328439.281359 -31165.218376 448643.967911 0.428721524 0.481348759 0.372856072 0.667442564
1561000790.993215084 -328621.558944 -31184.908289 448903.147218 0.533458966 0.460165604 0.406140773 0.581995550
1561000791.091945648 -328800.076015 -31204.105300 449156.854669 0.556845121 0.454009025 0.400435337 0.568727402
1561000791.193346977 -328983.552941 -31223.744125 449417.493154 0.528810177 0.476903826 0.392626600 0.582036846
1561000791.292419672 -329162.945538 -31242.857392 449672.208339 0.522414824 0.484225412 0.367103537 0.598200214
1561000791.393535137 -329346.169387 -31262.289615 449932.234339 0.505608056 0.514129080 0.350584058 0.597597357
1561000791.493512869 -329527.464135 -31281.430248 450189.392552 0.514571383 0.534077957 0.354275769 0.569618914
1561000791.592198849 -329706.548333 -31300.254402 450443.288877 0.544654422 0.532990350 0.367062801 0.533420798
1561000791.693418264 -329890.367056 -31319.491097 450703.774833 0.562075360 0.538175921 0.371561659 0.506339710
1561000791.794115543 -330073.375777 -31338.558628 450962.995754 0.564888516 0.548008427 0.367966599 0.495164932
1561000791.894556999 -330256.057315 -31357.508863 451221.639245 0.580133159 0.551102336 0.352343231 0.485372003
1561000791.994656086 -330438.251432 -31376.325716 451479.485425 0.595124702 0.559521258 0.348279689 0.459851942
1561000792.093796015 -330618.832016 -31394.895188 451734.949349 0.608858033 0.566679380 0.335615027 0.442186533
1561000792.193577766 -330800.713663 -31413.517385 451992.159909 0.609142143 0.581128510 0.326386314 0.429776080
1561000792.293685198 -330983.321356 -31432.133503 452250.306024 0.598282715 0.596679910 0.315235466 0.432038747
1561000792.395141840 -331168.526965 -31450.933120 452512.029056 0.588399069 0.615144903 0.307826245 0.425001514
1561000792.486995459 -331336.323284 -31467.895909 452749.064233 0.579423763 0.634442643 0.309616814 0.407293584
1561000792.587030172 -331519.196493 -31486.310318 453007.305483 0.599879009 0.638741806 0.293107992 0.382415723
1561000792.686943293 -331701.982725 -31504.640886 453265.335881 0.631206129 0.632235929 0.268805449 0.360000253
1561000792.786168098 -331883.637479 -31522.782522 453521.697258 0.652441595 0.629155515 0.265057869 0.328979679
1561000792.886707783 -332067.826249 -31541.102036 453781.572426 0.656164277 0.638313045 0.268045468 0.300260762
1561000792.986083508 -332250.006931 -31559.149575 454038.558926 0.643579536 0.660937432 0.248169540 0.295599340
1561000793.086761475 -332434.700747 -31577.373827 454299.035089 0.633609622 0.678103560 0.236049402 0.288088682
1561000793.186903238 -332618.536883 -31595.441876 454558.245845 0.642637940 0.678973785 0.216506101 0.281311544
1561000793.285790443 -332800.190739 -31613.224681 454814.329720 0.639970933 0.687905450 0.219291678 0.262934320
1561000793.387032270 -332986.294030 -31631.372381 455076.638009 0.637228843 0.696512218 0.216159953 0.249168630
1561000793.487008095 -333170.193204 -31649.236443 455335.794437 0.645846054 0.698639902 0.202665069 0.231758564
1561000793.586764336 -333353.807301 -31667.005486 455594.511327 0.652153473 0.701498380 0.188767815 0.216708521
1561000793.687226057 -333538.837535 -31684.844018 455855.191387 0.661597624 0.699577307 0.188576532 0.193181437
1561000793.786099434 -333721.054598 -31702.346497 456111.883808 0.662028730 0.704368110 0.187871129 0.174034378
1561000793.886991501 -333907.105321 -31720.152796 456373.956399 0.655390225 0.714041563 0.181221833 0.166634169
1561000793.987044573 -334091.722440 -31737.758746 456633.989664 0.651078815 0.719360060 0.179457434 0.162519261
1561000794.087216616 -334276.671819 -31755.334000 456894.471975 0.644298022 0.728210253 0.176145052 0.153501812
1561000794.187131405 -334461.258714 -31772.814211 457154.426339 0.646491151 0.728056586 0.180775027 0.138935915
1561000794.286269426 -334644.521007 -31790.110779 457412.500562 0.645401491 0.729572848 0.184418634 0.131034888
1561000794.387183905 -334831.179924 -31807.669937 457675.344412 0.645521866 0.730671906 0.182509264 0.126926967
1561000794.487084627 -335016.076135 -31825.006052 457935.692604 0.639679335 0.733911483 0.192539132 0.122934806
1561000794.586091995 -335199.429996 -31842.143151 458193.855112 0.638076475 0.729115915 0.217502761 0.118071773
1561000794.686918497 -335386.269389 -31859.553522 458456.907483 0.618650987 0.738150124 0.231987108 0.136335370
1561000794.786261082 -335570.478063 -31876.667490 458716.230705 0.604648348 0.743784520 0.251668112 0.133596874
1561000794.885620117 -335754.839436 -31893.747024 458975.736720 0.603288787 0.741950298 0.259002695 0.135904374
1561000794.986577034 -335942.293051 -31911.064529 459239.559853 0.610108978 0.734778120 0.269472988 0.123500842
1561000795.085553646 -336126.192166 -31928.007667 459498.348032 0.609279972 0.731873665 0.280281657 0.120752005
1561000795.187532425 -336315.799430 -31945.431581 459765.133740 0.602474238 0.729002590 0.295201895 0.135778711
1561000795.286227465 -336499.427731 -31962.263102 460023.467652 0.582720836 0.735010108 0.312100492 0.150963078
1561000795.386902809 -336686.874398 -31979.402849 460287.124016 0.555707251 0.741623484 0.337642869 0.164867681
1561000795.487084150 -336873.540949 -31996.432673 460549.621101 0.541806253 0.737072718 0.364260741 0.174596409
1561000795.585922480 -337057.844829 -32013.211505 460808.727125 0.548167800 0.721407336 0.381745399 0.182630692
1561000795.687319279 -337247.065260 -32030.401764 461074.670145 0.561700314 0.702419884 0.389685283 0.198102103
1561000795.786182880 -337431.700850 -32047.137102 461334.093664 0.559327680 0.680469724 0.418407510 0.221469311
1561000795.887194872 -337620.496386 -32064.209725 461599.276864 0.530861425 0.663862898 0.471711436 0.234436604
1561000795.987223148 -337807.606227 -32081.094137 461861.992021 0.490064629 0.646295038 0.518382563 0.270959227
1561000796.086224556 -337992.950098 -32097.786272 462122.110912 0.445575081 0.630637106 0.547947493 0.321734725
1561000796.187656164 -338183.007011 -32114.869595 462388.705599 0.432644708 0.617221907 0.563677519 0.337821444
1561000796.286328554 -338368.053922 -32131.470289 462648.130498 0.437914832 0.613081608 0.574351216 0.320128447
1561000796.387566328 -338558.075995 -32148.486179 462914.384619 0.425374349 0.609049334 0.604429304 0.287716507
1561000796.487380743 -338745.590099 -32165.252876 463176.980640 0.422396317 0.581566465 0.638534722 0.275018557
1561000796.586976051 -338932.855719 -32181.976850 463439.082557 0.435513029 0.568880476 0.643782710 0.268788443
1561000796.687345982 -339121.742091 -32198.824303 463703.307171 0.437610885 0.570348591 0.635547061 0.281565499
1561000796.786038160 -339307.632100 -32215.381798 463963.198495 0.453880170 0.565987938 0.626383665 0.285120937
1561000796.887220144 -339498.375616 -32232.345101 464229.731135 0.473643168 0.540698628 0.648228257 0.251211602
1561000796.987067699 -339686.766951 -32249.074571 464492.837815 0.426641705 0.524897633 0.690222095 0.257007375
1561000797.087174416 -339875.811181 -32265.841431 464756.708174 0.371984077 0.497863178 0.723934419 0.299464621
1561000797.187513828 -340065.460035 -32282.641424 465021.257779 0.331781888 0.454014409 0.736234503 0.376497612
1561000797.286441803 -340252.599294 -32299.191231 465282.135295 0.324065771 0.416082898 0.733539256 0.428691682
1561000797.387196064 -340443.350515 -32316.023200 465547.869948 0.342939217 0.402961306 0.726778204 0.437959269
1561000797.486966848 -340632.394939 -32332.662946 465811.051564 0.348071352 0.405032032 0.737354512 0.413646843
1561000797.586075306 -340820.338205 -32349.165297 466072.530335 0.343244417 0.405280638 0.755284631 0.384026043
1561000797.686537981 -341011.007804 -32365.870152 466337.628385 0.334594073 0.391607966 0.768986802 0.378614982
1561000797.785465002 -341198.918569 -32382.298959 466598.716467 0.303953352 0.373447798 0.777434799 0.404653229
1561000797.886562586 -341391.108998 -32399.064974 466865.570558 0.274679769 0.347153388 0.774860506 0.451250204
1561000797.986645460 -341581.520930 -32415.635177 467129.774621 0.263409159 0.307306790 0.775343795 0.484788771
1561000798.086274624 -341771.211857 -32432.096161 467392.802480 0.241399832 0.261627231 0.786314462 0.504962256
1561000798.186847448 -341962.837874 -32448.674239 467658.339978 0.262975147 0.249021368 0.807748691 0.465160706
1561000798.285879135 -342151.665428 -32464.962092 467919.828625 0.259978172 0.281173104 0.826387953 0.412838936
1561000798.387281179 -342345.160776 -32481.611419 468187.599722 0.250134662 0.318277254 0.840374939 0.360419482
1561000798.487316847 -342536.200920 -32498.019869 468451.788786 0.264503590 0.338496795 0.856581650 0.285876981
1561000798.586837292 -342726.411665 -32514.338539 468714.648419 0.272740538 0.342794692 0.863653775 0.249412418
1561000798.687149286 -342918.294286 -32530.786193 468979.635591 0.288000078 0.316172565 0.853662140 0.297240330
1561000798.786216497 -343107.951567 -32547.018786 469241.370527 0.255294997 0.273399542 0.842616222 0.387395221
1561000798.886112690 -343299.343459 -32563.361889 469505.322030 0.141313726 0.212897380 0.834466899 0.488231637
1561000798.986946821 -343492.662242 -32579.823678 469771.758555 0.035083015 0.142377543 0.820522022 0.552486587
1561000799.085981369 -343682.634520 -32595.953625 470033.432150 -0.011077911 0.092739368 0.805779644 0.584804117
1561000799.187145948 -343876.782936 -32612.387907 470300.721190 -0.012026567 0.047974929 0.804726257 0.591582132
1561000799.285880566 -344066.349807 -32628.380913 470561.579494 -0.019468839 0.016044633 0.811529414 0.583766687
1561000799.386960268 -344260.500720 -32644.703273 470828.624721 -0.034181088 0.006672151 0.850663447 0.524555846
1561000799.487122059 -344452.971965 -32660.828911 471093.233264 -0.061681364 -0.015494330 0.881983370 0.466969668
1561000799.587764978 -344646.453800 -32676.986042 471359.101760 -0.115066680 -0.045776517 0.890308261 0.438195585
1561000799.686799049 -344836.921449 -32692.840299 471620.707948 -0.136249761 -0.101803899 0.883207535 0.437054251
1561000799.785558462 -345026.931524 -32708.600621 471881.579215 -0.148484977 -0.164082531 0.868396067 0.443753766
1561000799.885649681 -345219.568558 -32724.513994 472145.964491 -0.162915708 -0.220503352 0.847509611 0.454493347
1561000799.986709356 -345414.128230 -32740.513242 472412.910831 -0.189868517 -0.265974131 0.823577473 0.463603122
1561000800.085568905 -345604.501044 -32756.094253 472674.054192 -0.227045408 -0.285014052 0.807933763 0.463098702
1561000800.186823130 -345799.528211 -32771.980608 472941.534721 -0.249419276 -0.289722514 0.809528282 0.445550054
1561000800.286227942 -345991.032134 -32787.506225 473204.141292 -0.257100481 -0.297598392 0.812646774 0.430046232
1561000800.387514353 -346186.200614 -32803.253131 473471.730639 -0.265176479 -0.314596162 0.808612195 0.420543705
1561000800.487185717 -346378.295653 -32818.676302 473735.066891 -0.285640232 -0.334316454 0.792626582 0.422356802
1561000800.587459564 -346571.586417 -32834.118897 474000.012309 -0.307896452 -0.356300736 0.777832609 0.416204267
1561000800.687401295 -346764.267112 -32849.435695 474264.101342 -0.333312707 -0.380529425 0.760897443 0.406368156
1561000800.786190510 -346954.750947 -32864.501450 474525.170168 -0.352194580 -0.407686977 0.744342110 0.394594894
1561000800.887226105 -347149.589618 -32879.830891 474792.206857 -0.358009132 -0.438428577 0.725661966 0.391183530
1561000800.987298012 -347342.591901 -32894.933451 475056.733954 -0.363966653 -0.453660355 0.708964095 0.398861466
1561000801.086583376 -347534.096149 -32909.837499 475319.223487 -0.372291115 -0.453963820 0.708736602 0.391163144
1561000801.187405825 -347728.583405 -32924.891373 475585.819139 -0.386778178 -0.435096421 0.720704695 0.376402030
1561000801.286113024 -347919.007232 -32939.551751 475846.859842 -0.393427492 -0.432276857 0.724489290 0.365331077
1561000801.387691021 -348114.986125 -32954.558479 476115.530689 -0.404044436 -0.434609223 0.716504228 0.366721433
1561000801.487519979 -348307.605975 -32969.228481 476379.613501 -0.405177145 -0.446524036 0.705586551 0.372284011
1561000801.587553263 -348500.634320 -32983.850907 476644.277249 -0.410608332 -0.459280584 0.689674479 0.380540741
1561000801.687408924 -348693.332335 -32998.369658 476908.515745 -0.415460341 -0.467058110 0.680791071 0.381802231
1561000801.786054373 -348883.705387 -33012.636811 477169.598428 -0.416256466 -0.467802658 0.685878270 0.370758987
1561000801.886157513 -349076.902570 -33027.037698 477434.586696 -0.412181734 -0.469271379 0.692699295 0.360635935
1561000801.987324715 -349272.166936 -33041.511680 477702.439484 -0.416164353 -0.472160986 0.690826953 0.355850187
1561000802.085933685 -349462.507516 -33055.542581 477963.565329 -0.421024050 -0.476249430 0.686817182 0.352430687
1561000802.187249422 -349658.086999 -33069.879695 478231.907526 -0.424111805 -0.485199225 0.678295926 0.353023406
1561000802.285964251 -349848.659310 -33083.771800 478493.410655 -0.425058070 -0.490560004 0.673581964 0.353502272
1561000802.386025667 -350041.844785 -33097.776110 478758.532741 -0.424390465 -0.492216000 0.675601566 0.348107263
1561000802.488120794 -350238.971745 -33111.984015 479029.097091 -0.424761822 -0.496099035 0.677870162 0.337572489
1561000802.586633682 -350429.197967 -33125.615226 479290.219293 -0.429193926 -0.496741557 0.676871601 0.332994346
1561000802.687041283 -350623.099263 -33139.430173 479556.415230 -0.424251231 -0.499491662 0.676177049 0.336605958
1561000802.785851717 -350813.933061 -33152.947910 479818.427721 -0.410960427 -0.502770137 0.683534883 0.333337336
1561000802.886314869 -351007.977763 -33166.611998 480084.873427 -0.385884493 -0.506869048 0.696276708 0.330719929
1561000802.987004995 -351202.485463 -33180.224089 480351.974099 -0.367090130 -0.508787706 0.707418318 0.325483071
1561000803.085699081 -351393.163841 -33193.483545 480613.828584 -0.360592308 -0.497600550 0.719783567 0.322921811
1561000803.186882734 -351588.682336 -33206.992047 480882.336139 -0.360202455 -0.487375463 0.727292847 0.322124919
1561000803.285901308 -351780.048374 -33220.128079 481145.142049 -0.344473291 -0.484894878 0.740613831 0.312580011
1561000803.387042284 -351975.551321 -33233.459687 481413.622943 -0.331912658 -0.478959085 0.753093927 0.305420563
1561000803.487906933 -352170.559632 -33246.667228 481681.409996 -0.304404740 -0.479045765 0.768447136 0.295536644
1561000803.586125612 -352360.495874 -33259.443033 481942.208140 -0.267595647 -0.476607892 0.785485795 0.290257734
1561000803.685978413 -352553.643455 -33272.343511 482207.380179 -0.235307844 -0.475215813 0.796288288 0.291075785
1561000803.786242962 -352747.646109 -33285.207399 482473.680139 -0.217326901 -0.478635511 0.800001707 0.289265164
1561000803.886216402 -352941.148182 -33297.944088 482739.241364 -0.201489865 -0.490892595 0.800924712 0.277391241
1561000803.987068892 -353136.419745 -33310.701269 483007.173597 -0.169688777 -0.496867891 0.814643241 0.246342054
1561000804.085847139 -353327.749972 -33323.107439 483269.630071 -0.117483930 -0.499249998 0.833939322 0.203696277
1561000804.186894894 -353523.566488 -33335.709568 483538.152546 -0.065095954 -0.493296427 0.849861377 0.173657111
1561000804.286849499 -353717.367370 -33348.089837 483803.806119 -0.039928607 -0.474251810 0.863359584 0.167633994
1561000804.387005091 -353911.667345 -33360.413152 484070.028563 -0.014334914 -0.465039673 0.865165569 0.187139391
1561000804.488492489 -354108.665663 -33372.817623 484339.827788 0.021077400 -0.470642171 0.859566822 0.197981232
1561000804.588001966 -354301.940418 -33384.899745 484604.408988 0.047649576 -0.472196675 0.866256228 0.156076795
1561000804.687959909 -354496.209993 -33396.960832 484870.223498 0.073005211 -0.465085098 0.878409412 0.082237432
1561000804.786161184 -354687.197202 -33408.745699 485131.404070 0.124892228 -0.455573102 0.881080561 0.023497335
1561000804.887640715 -354884.709588 -33420.868746 485401.345121 0.192962727 -0.458254710 0.867543421 0.011679906
1561000804.987696171 -355079.607431 -33432.774743 485667.548279 0.240185703 -0.457061874 0.855428744 0.040582446
1561000805.087664604 -355274.494681 -33444.625667 485933.579689 0.300121096 -0.451034675 0.838145692 0.063299670
1561000805.187592506 -355469.463823 -33456.428846 486199.573359 0.337428259 -0.438645174 0.831720978 0.044416161
1561000805.285675287 -355660.992822 -33467.979169 486460.728769 0.377611609 -0.414339867 0.827689640 -0.025725630
1561000805.387498140 -355859.998437 -33479.949496 486731.919790 0.392512261 -0.384622453 0.828809973 -0.105231755
1561000805.487461090 -356055.544241 -33491.699972 486998.230674 0.427763085 -0.357064454 0.814314126 -0.162530683
1561000805.585789919 -356248.062662 -33503.274332 487260.258657 0.471684062 -0.326932456 0.794659071 -0.197854176
1561000805.687629461 -356447.629098 -33515.292956 487531.720080 0.535528674 -0.288831038 0.760828144 -0.225668355
1561000805.785903215 -356640.370984 -33526.935127 487793.761317 0.602221570 -0.244595384 0.715879662 -0.254987427
1561000805.887468815 -356839.728290 -33539.027206 488064.678870 0.625092678 -0.216703369 0.691628947 -0.289738148
1561000805.989201546 -357039.567629 -33551.211569 488336.147099 0.651800086 -0.183904547 0.658291827 -0.328614723
1561000806.089309931 -357236.354379 -33563.282836 488603.382828 0.702962285 -0.135695065 0.601015540 -0.355262152
1561000806.189118147 -357432.672774 -33575.407340 488869.926442 0.755613384 -0.075001786 0.532865939 -0.373466247
1561000806.288528204 -357628.308029 -33587.578220 489135.523504 0.801535322 -0.018429364 0.452136437 -0.390863312
1561000806.389113426 -357826.335021 -33599.990945 489404.385565 0.839303154 0.036735578 0.353135297 -0.411723421
1561000806.488426208 -358021.909621 -33612.341036 489669.973503 0.864120505 0.107663016 0.258118408 -0.418424801
1561000806.588495731 -358219.002324 -33624.872484 489937.712646 0.876639870 0.170061160 0.153413504 -0.423138319
1561000806.690037012 -358419.000284 -33637.665064 490209.517953 0.871398393 0.198285578 0.084804462 -0.440631222
1561000806.787897825 -358611.738382 -33650.056486 490471.584707 0.866073003 0.264886845 -0.035683958 -0.422467950
1561000806.889460564 -358811.742253 -33662.965278 490743.672664 0.842987074 0.292936793 -0.160433941 -0.421689197
1561000806.989144325 -359008.009734 -33675.664893 491010.817786 0.805352194 0.331934991 -0.270315362 -0.410069031
1561000807.089998245 -359206.539771 -33688.525291 491281.171785 0.747977533 0.374997669 -0.385655428 -0.388813901
1561000807.190335274 -359404.013526 -33701.311675 491550.193788 0.673110891 0.419731401 -0.488814463 -0.363053301
1561000807.289738894 -359599.621448 -33713.950043 491816.749649 0.559293331 0.477943031 -0.601910873 -0.310587716
1561000807.390140533 -359797.182306 -33726.665906 492086.004405 0.479339989 0.478025522 -0.686512261 -0.265378391
1561000807.490151644 -359993.984808 -33739.275100 492354.217570 0.394610741 0.486081914 -0.746068911 -0.226689029
1561000807.588704824 -360187.948575 -33751.641050 492618.516140 0.307937570 0.474763975 -0.806745552 -0.170103601
1561000807.690259933 -360387.873248 -33764.325248 492890.852252 0.205535620 0.445978172 -0.865499357 -0.098840490
1561000807.788767338 -360581.871992 -33776.581196 493154.996818 0.099862012 0.415036510 -0.902277733 -0.060557126
1561000807.890631914 -360782.581580 -33789.217588 493428.123170 0.009509859 0.363882581 -0.930746306 -0.034789980
1561000807.990239143 -360978.957163 -33801.552465 493695.179079 -0.035379779 0.285271819 -0.957511154 0.023251882
1561000808.089402437 -361174.575893 -33813.832435 493961.028070 -0.049016300 0.184400108 -0.978737736 0.075275806
1561000808.190496683 -361374.123299 -33826.375201 494232.037764 -0.052844227 0.078317055 -0.984796594 0.145772409
1561000808.289254189 -361569.168070 -33838.674734 494496.772571 -0.087063914 -0.006336910 -0.981188162 0.172190331
1561000808.390570402 -361769.376803 -33851.359748 494768.367605 -0.160097924 -0.086146872 -0.970530444 0.158170884
1561000808.490646839 -361967.252674 -33863.966483 495036.657021 -0.201494232 -0.111413844 -0.969289618 0.086398296
1561000808.588928223 -362161.705091 -33876.419665 495300.163065 -0.221227569 -0.102556178 -0.969798861 -0.005546305
1561000808.690420628 -362362.654392 -33889.344386 495572.313192 -0.243695983 -0.094992625 -0.961427570 -0.085121655
1561000808.788774490 -362557.537477 -33901.921165 495836.083547 -0.271380590 -0.123407558 -0.946782854 -0.121348164
1561000808.890211105 -362758.686209 -33914.941453 496108.165886 -0.279454520 -0.187280940 -0.935239733 -0.110261789
1561000808.990303278 -362957.324081 -33927.844653 496376.695395 -0.308920162 -0.250272953 -0.917315797 -0.021529324
1561000809.091084480 -363157.474299 -33940.908847 496647.138884 -0.343520476 -0.308621314 -0.878471344 0.122615926
1561000809.192060232 -363358.136348 -33954.088765 496918.183671 -0.371987484 -0.354396855 -0.838727549 0.180455757
1561000809.290876865 -363554.615682 -33967.081406 497183.521689 -0.383785952 -0.394538812 -0.818719420 0.163541981
1561000809.392121553 -363756.031954 -33980.488516 497455.480511 -0.385053032 -0.432423067 -0.806398401 0.120274984
1561000809.492325306 -363955.490080 -33993.848184 497724.751305 -0.357436543 -0.467378239 -0.801965755 0.103187341
1561000809.591498137 -364153.007549 -34007.156770 497991.361730 -0.348615352 -0.507448694 -0.780584430 0.107940293
1561000809.692139149 -364353.558162 -34020.749668 498262.037047 -0.370993225 -0.547049842 -0.737736191 0.137280039
1561000809.791584253 -364551.824083 -34034.265366 498529.620061 -0.383649183 -0.580926303 -0.697960744 0.167895011
1561000809.891736984 -364751.591759 -34047.958571 498799.242872 -0.398825750 -0.615901323 -0.653996395 0.184098608
1561000809.990641832 -364948.951527 -34061.557064 499065.646490 -0.394210214 -0.641347780 -0.628503748 0.195587247
1561000810.090791941 -365148.873393 -34075.399786 499335.551178 -0.376346013 -0.669284009 -0.609284175 0.197978252
1561000810.191959143 -365350.901286 -34089.453923 499608.350476 -0.357458631 -0.696078473 -0.588630860 0.203006891
1561000810.290500164 -365547.754745 -34103.208206 499874.219661 -0.347469546 -0.723204729 -0.558529423 0.210439345
1561000810.391826630 -365750.241165 -34117.413173 500147.763567 -0.358291861 -0.751197631 -0.511040927 0.214863287
1561000810.491823912 -365950.133874 -34131.484743 500417.882329 -0.365827398 -0.775930723 -0.459881920 0.229369675
1561000810.590647221 -366147.734217 -34145.434246 500684.993020 -0.358962257 -0.791603410 -0.419791498 0.261314443
1561000810.695111990 -366356.664608 -34160.220179 500967.529807 -0.339753182 -0.802165474 -0.393062102 0.294279649
1561000810.794178963 -366554.839354 -34174.276299 501235.635833 -0.323349495 -0.816936550 -0.368476478 0.303784238
1561000810.894988060 -366756.536228 -34188.608817 501508.625389 -0.295535851 -0.832112616 -0.349544604 0.313154474
1561000810.994960546 -366956.594626 -34202.846821 501779.518397 -0.268922269 -0.846012969 -0.325793024 0.325271847
1561000811.093626738 -367154.070636 -34216.918291 502047.035884 -0.250762195 -0.849126023 -0.290364167 0.363031636
1561000811.194816113 -367356.624241 -34231.363698 502321.564002 -0.248993994 -0.867464059 -0.231080949 0.363468971
1561000811.293950319 -367555.084139 -34245.520096 502590.678624 -0.227965392 -0.860687012 -0.213218100 0.402228404
1561000811.387000561 -367741.379828 -34258.806655 502843.422368 -0.209671624 -0.862227386 -0.195001160 0.417823279
1561000811.486945391 -367941.493924 -34273.072786 503115.047411 -0.176509963 -0.867834890 -0.184557900 0.426198566
1561000811.586979389 -368141.803897 -34287.343989 503387.076357 -0.159288715 -0.859935599 -0.162861702 0.456742747
1561000811.687019587 -368342.140176 -34301.603119 503659.279524 -0.151127497 -0.843962659 -0.114271866 0.501826116
1561000811.785948992 -368540.260223 -34315.683665 503928.609743 -0.134761556 -0.845090219 -0.071777637 0.512357117
1561000811.885999441 -368740.631237 -34329.895155 504201.138675 -0.124248524 -0.843788731 -0.029248057 0.521274815
1561000811.986989737 -368942.890245 -34344.203434 504476.373447 -0.108254698 -0.831252175 0.006465071 0.545214587
1561000812.085958958 -369141.105647 -34358.183861 504746.237514 -0.086360782 -0.814979074 0.033581416 0.572034276
1561000812.186838865 -369343.151122 -34372.386063 505021.446627 -0.070606667 -0.804174264 0.060780280 0.587047025
1561000812.285804749 -369541.366618 -34386.266762 505291.562775 -0.047561199 -0.789927073 0.094669528 0.603979165
1561000812.387062073 -369744.176261 -34400.410290 505568.060845 -0.026534733 -0.769099469 0.113822480 0.628352097
1561000812.486100674 -369942.545620 -34414.182783 505838.619599 -0.010878367 -0.747841746 0.143675307 0.648052305
1561000812.587155819 -370144.958598 -34428.169056 506114.803783 0.012883746 -0.739867448 0.162427030 0.652723240
1561000812.687018394 -370344.990561 -34441.919876 506387.841406 0.028705725 -0.730425026 0.196541397 0.653472832
1561000812.785849333 -370542.966495 -34455.455456 506658.164888 0.053057368 -0.713510308 0.224664016 0.661524025
1561000812.886841774 -370745.287421 -34469.207780 506934.507474 0.077476079 -0.699836467 0.239380103 0.668523405
1561000812.986928225 -370945.811764 -34482.754897 507208.476779 0.095485792 -0.683523057 0.251084249 0.678701256
1561000813.086496830 -371145.318996 -34496.148973 507481.130590 0.115909158 -0.650943957 0.259995445 0.703732478
1561000813.187953949 -371348.631381 -34509.710945 507759.057552 0.122291376 -0.628165035 0.262093341 0.722329972
1561000813.286146402 -371545.422109 -34522.752525 508028.134773 0.137390047 -0.612355687 0.276587967 0.727766160
1561000813.388017654 -371749.608977 -34536.193625 508307.387524 0.147931524 -0.588538957 0.278960430 0.744257508
1561000813.487670183 -371949.371481 -34549.253557 508580.648253 0.157568187 -0.564297126 0.280577961 0.760274311
1561000813.586129665 -372146.765071 -34562.070392 508850.721880 0.153863476 -0.565863698 0.274778939 0.761984803
1561000813.687690258 -372350.397327 -34575.201674 509129.390541 0.161701892 -0.532405921 0.248044300 0.793013530
1561000813.786014557 -372547.560623 -34587.827809 509399.258938 0.170559031 -0.511281884 0.278241049 0.795036082
1561000813.887809753 -372751.706376 -34600.809189 509678.735669 0.182095181 -0.513899285 0.299340091 0.783035363
1561000813.986869812 -372950.394851 -34613.350972 509950.781294 0.174699511 -0.496053495 0.301498340 0.795304823
1561000814.086182117 -373149.616696 -34625.834387 510223.594771 0.157334456 -0.479473914 0.266092220 0.821307229
1561000814.189367056 -373356.627978 -34638.712415 510507.124443 0.157641922 -0.477065130 0.208585294 0.839076910
1561000814.286027431 -373550.561066 -34650.695242 510772.800394 0.147249945 -0.472403184 0.196580540 0.846468414
1561000814.387857437 -373754.873454 -34663.237283 511052.762351 0.139478332 -0.462050420 0.194055266 0.854047866
1561000814.487957716 -373955.721706 -34675.484866 511328.042543 0.123298430 -0.474172916 0.191857916 0.850381140
1561000814.587558031 -374155.571849 -34687.592518 511602.018933 0.089038129 -0.466753973 0.186163268 0.859974521
1561000814.688019991 -374357.152124 -34699.728670 511878.432258 0.049312708 -0.443491059 0.157851991 0.880889713
1561000814.786435843 -374554.623199 -34711.548434 512149.274780 0.018536867 -0.462121851 0.135107248 0.876268116
1561000814.887263536 -374756.924881 -34723.592155 512426.813730 -0.024012210 -0.466365468 0.128514914 0.874877466
1561000814.986734390 -374956.491201 -34735.414098 512700.675782 -0.076256819 -0.480681429 0.098976421 0.867948114
1561000815.089123249 -375161.891740 -34747.530317 512982.631928 -0.136595606 -0.479297086 0.035561164 0.866228231
1561000815.188195944 -375360.612968 -34759.217618 513255.514060 -0.186405067 -0.451825557 -0.022997549 0.872111191
1561000815.286021948 -375556.802929 -34770.737718 513525.015094 -0.227296561 -0.431439507 -0.057872773 0.871118228
1561000815.387909412 -375761.103884 -34782.727320 513805.757598 -0.269865703 -0.420547591 -0.059724899 0.864144179
1561000815.487561941 -375960.890067 -34794.452664 514080.389223 -0.301044456 -0.396006314 -0.055829023 0.865698767
1561000815.587934494 -376162.087427 -34806.267397 514357.047740 -0.332008486 -0.375751077 -0.057210400 0.863312495
1561000815.687889814 -376362.417378 -34818.042045 514632.595224 -0.359437816 -0.352187195 -0.067604742 0.861509278
1561000815.786006451 -376559.033541 -34829.616246 514903.109723 -0.417699449 -0.312590590 -0.131555915 0.842915971
1561000815.887951374 -376763.295675 -34841.676155 515184.215462 -0.475353673 -0.253444354 -0.213488948 0.815001420
1561000815.987571955 -376962.884094 -34853.515647 515458.950837 -0.513477363 -0.284918376 -0.269516761 0.763232096
1561000816.086070776 -377160.212834 -34865.285656 515730.639213 -0.542539640 -0.283080979 -0.234362123 0.755374274
1561000816.187839985 -377364.079742 -34877.512890 516011.399983 -0.565086328 -0.261856093 -0.156186612 0.766625444
1561000816.285806656 -377560.314607 -34889.342299 516281.713365 -0.573848983 -0.215952627 -0.142837760 0.776955070
1561000816.387718201 -377764.441186 -34901.712461 516562.948224 -0.576932471 -0.176822358 -0.207192736 0.770035031
1561000816.486180544 -377961.657119 -34913.734868 516834.699645 -0.602342776 -0.210565380 -0.245583173 0.729749481
1561000816.588178635 -378165.954002 -34926.268770 517116.258488 -0.637112004 -0.271708980 -0.251540140 0.676010416
1561000816.688065290 -378366.018029 -34938.622912 517392.052243 -0.640515359 -0.266802992 -0.265123628 0.669526474
1561000816.786192656 -378562.556147 -34950.837865 517663.052288 -0.631119584 -0.236567976 -0.283855860 0.682018705
1561000816.887936354 -378766.338772 -34963.587990 517944.102270 -0.622947818 -0.220651360 -0.274032775 0.698680922
1561000816.988154650 -378967.069042 -34976.232069 518220.996680 -0.679835198 -0.203322126 -0.283049516 0.645265207
1561000817.087092161 -379165.243219 -34988.802869 518494.415717 -0.695571580 -0.221218544 -0.321915466 0.603003288
1561000817.188063145 -379367.503676 -35001.725395 518773.529441 -0.672700648 -0.256430397 -0.294292756 0.628577014
1561000817.286113501 -379563.920933 -35014.360631 519044.640656 -0.610627356 -0.272448259 -0.282300671 0.687904433
1561000817.387977839 -379767.977557 -35027.569926 519326.359839 -0.502955821 -0.170312997 -0.172462264 0.829629853
1561000817.487856388 -379968.049556 -35040.584748 519602.617355 -0.460750820 -0.201244887 -0.175218418 0.846467768
1561000817.585860491 -380164.356234 -35053.407808 519873.713181 -0.516508006 -0.255952119 -0.298627044 0.760611518
1561000817.687668085 -380368.274730 -35066.802195 520155.376762 -0.568269486 -0.286199533 -0.504340313 0.583781181
1561000817.785629988 -380564.511615 -35079.784037 520426.480028 -0.532581322 -0.348345737 -0.629522057 0.445773892
1561000817.888968468 -380771.567747 -35093.584604 520712.565891 -0.520185498 -0.387911442 -0.574638316 0.498720930
1561000817.987394571 -380968.818238 -35106.827127 520985.151500 -0.504301972 -0.347574302 -0.410562240 0.675507419
1561000818.087643147 -381169.724738 -35120.398505 521262.859519 -0.474619918 -0.292832045 -0.244779844 0.793138169
1561000818.189069033 -381372.976193 -35134.195493 521543.878561 -0.474655961 -0.276024211 -0.282871020 0.786445382
1561000818.288925886 -381573.070543 -35147.845321 521820.597091 -0.469749795 -0.309635120 -0.424896637 0.709171397
1561000818.390826464 -381777.256792 -35161.856434 522103.041499 -0.471537172 -0.327526656 -0.471455913 0.669408923
1561000818.490383148 -381976.751566 -35175.633560 522379.062254 -0.459822465 -0.380289494 -0.513707247 0.616480385
1561000818.588953972 -382174.277161 -35189.360963 522652.426600 -0.439881046 -0.377666763 -0.448898813 0.679972306
1561000818.690190315 -382377.145460 -35203.544344 522933.261045 -0.410773530 -0.343029656 -0.438480221 0.722032449
1561000818.788452387 -382574.047442 -35217.387592 523205.908308 -0.391626068 -0.329119753 -0.430543683 0.743600261
1561000818.888694525 -382774.909423 -35231.584666 523484.107601 -0.384293323 -0.336561204 -0.445453856 0.735265979
1561000818.988563061 -382975.015830 -35245.805354 523761.329515 -0.370900040 -0.344992414 -0.463390940 0.727105379
1561000819.090265751 -383178.790951 -35260.366561 524043.705770 -0.355475500 -0.345679263 -0.472625878 0.728538122
1561000819.190606117 -383379.829803 -35274.810841 524322.361980 -0.345804750 -0.351413162 -0.460638515 0.738065053
1561000819.289763689 -383578.489624 -35289.158368 524597.794637 -0.332467191 -0.368066194 -0.435697495 0.751106209
1561000819.389556885 -383778.409817 -35303.666682 524875.054073 -0.316693604 -0.367617834 -0.422965843 0.765285688
1561000819.490195274 -383980.007087 -35318.364266 525154.722079 -0.291577552 -0.362596287 -0.422991348 0.777550502
1561000819.589608192 -384179.131398 -35332.945347 525431.041959 -0.276111178 -0.388411928 -0.423965920 0.770163418
1561000819.690580368 -384381.359443 -35347.817066 525711.757227 -0.265774885 -0.392432753 -0.424741817 0.771333024
1561000819.788935661 -384578.325235 -35362.362172 525985.258030 -0.248003636 -0.399710136 -0.422730190 0.774612929
1561000819.890805960 -384782.308252 -35377.485757 526268.598531 -0.218334671 -0.374039652 -0.421852219 0.796533122
1561000819.989592075 -384980.092501 -35392.205611 526543.419029 -0.199509213 -0.365206182 -0.410877086 0.811172324
1561000820.088890076 -385178.877214 -35407.051274 526819.717636 -0.180220805 -0.372359170 -0.405676343 0.815043443
1561000820.190764427 -385382.792738 -35422.330275 527103.241015 -0.157886123 -0.363793747 -0.403796408 0.824423764
1561000820.288868427 -385579.134759 -35437.086487 527376.323525 -0.135422666 -0.359939871 -0.395193959 0.834221628
1561000820.390554190 -385782.616487 -35452.421222 527659.428939 -0.133975815 -0.356568114 -0.391753592 0.837519423
1561000820.488959789 -385979.505505 -35467.298197 527933.453923 -0.119999129 -0.355187557 -0.382675013 0.844394364
1561000820.590596437 -386182.829037 -35482.700128 528216.529190 -0.110221641 -0.357363804 -0.395285545 0.838982503
1561000820.691211224 -386384.077787 -35497.982670 528496.811179 -0.125023080 -0.328088443 -0.405779849 0.843842353
1561000820.788920641 -386579.488541 -35512.861572 528769.047039 -0.159711598 -0.328515431 -0.460341267 0.809107987
1561000820.890393972 -386782.403807 -35528.362745 529051.817663 -0.148571102 -0.363041398 -0.408031500 0.824401520
1561000820.989035606 -386979.631337 -35543.475174 529326.748523 -0.047174210 -0.362860612 -0.348118420 0.863087676
1561000821.091555595 -387184.581284 -35559.200251 529612.540528 0.065471378 -0.337421738 -0.079456750 0.935706521
1561000821.190177679 -387381.714379 -35574.295270 529887.517395 0.128378687 -0.427473828 -0.039347483 0.894000455
1561000821.289836407 -387580.896439 -35589.502006 530165.449199 0.077778724 -0.390902588 -0.272145631 0.875832400
1561000821.390783310 -387782.620682 -35604.894455 530447.039814 0.012431250 -0.211641757 -0.600336111 0.771135387
1561000821.489368677 -387979.609371 -35619.971194 530722.079056 -0.040931520 -0.181829222 -0.747384656 0.637713823
1561000821.589391470 -388179.479180 -35635.341604 531001.153986 -0.015729102 -0.309360196 -0.614941878 0.725186425
1561000821.690743923 -388381.994532 -35650.976465 531283.981728 0.021321866 -0.399654830 -0.214531514 0.890953211
1561000821.789344549 -388578.981449 -35666.187988 531559.188511 0.034950530 -0.386968891 -0.108610894 0.915006673
1561000821.890552044 -388781.145899 -35681.773599 531841.728111 0.019942926 -0.364711033 -0.237954193 0.899981080
1561000821.989505291 -388978.774343 -35697.002844 532118.029543 -0.008277233 -0.343064062 -0.408043560 0.846013587
1561000822.089264631 -389177.980511 -35712.378481 532396.634747 -0.032017601 -0.343526721 -0.470877612 0.811935059
1561000822.190466404 -389380.038205 -35728.017150 532679.322620 -0.053252659 -0.363703818 -0.447636988 0.815171647
1561000822.291322947 -389581.377087 -35743.642592 532961.101969 -0.053740034 -0.360774804 -0.388728948 0.846075265
1561000822.392235756 -389782.796188 -35759.307178 533243.091567 -0.052580093 -0.316545994 -0.353244172 0.878778995
1561000822.490828037 -389979.553059 -35774.633557 533518.640025 -0.070562194 -0.268905857 -0.374514780 0.884561641
1561000822.592011213 -390181.453121 -35790.388390 533801.464227 -0.113151022 -0.228713702 -0.421985463 0.869951239
1561000822.691948175 -390380.845721 -35805.985228 534080.832306 -0.167281737 -0.193869850 -0.459520962 0.850453871
1561000822.790089846 -390576.645306 -35821.348457 534355.202434 -0.219852574 -0.141403521 -0.482225804 0.836138843
1561000822.891498089 -390778.961725 -35837.280955 534638.719589 -0.270412703 -0.068050393 -0.496210464 0.822205138
1561000822.990649939 -390976.789606 -35852.921733 534915.935708 -0.322791918 0.005104833 -0.501159352 0.802881450
1561000823.090407848 -391175.857799 -35868.727208 535194.847854 -0.444687842 0.043498722 -0.520804126 0.727408858
1561000823.191536665 -391377.713676 -35884.833176 535477.600274 -0.484517128 0.079219309 -0.489269546 0.720820897
1561000823.290152550 -391574.611892 -35900.624368 535753.337710 -0.437503598 0.058192782 -0.494127641 0.749027421
1561000823.391601086 -391777.224704 -35916.953982 536037.002215 -0.422760073 0.085902063 -0.534314116 0.726913463
1561000823.490804195 -391975.410237 -35933.001881 536314.390711 -0.400576026 0.088861414 -0.417651824 0.810684557
1561000823.592012405 -392177.654168 -35949.449477 536597.382358 -0.490519551 0.087441144 -0.486642871 0.717581586
1561000823.693023682 -392379.567348 -35965.951541 536879.832549 -0.559145296 0.083653644 -0.608036723 0.557359801
1561000823.792122602 -392577.742693 -35982.237080 537156.966389 -0.555138546 0.064245876 -0.685080563 0.467288223
1561000823.892756462 -392779.087862 -35998.873746 537438.437527 -0.528976510 0.094194271 -0.649550186 0.537955247
1561000823.991877556 -392977.501547 -36015.356227 537715.714054 -0.487088708 0.123295065 -0.614752434 0.607965758
1561000824.093096018 -393180.202922 -36032.280427 537998.879089 -0.461139439 0.148722421 -0.590706777 0.645211255
1561000824.193464279 -393381.287743 -36049.149635 538279.677197 -0.465179529 0.163085955 -0.597898743 0.632082328
1561000824.292559862 -393579.910630 -36065.889164 538556.925820 -0.472311325 0.175744696 -0.629559357 0.591346624
1561000824.393345356 -393782.017335 -36083.000186 538838.916853 -0.471978720 0.187890185 -0.652095986 0.562764775
1561000824.491913557 -393979.778307 -36099.817378 539114.719762 -0.459701890 0.197835143 -0.661405663 0.558639399
1561000824.591590405 -394179.868093 -36116.904519 539393.639230 -0.430185474 0.215903716 -0.670253134 0.564877668
1561000824.693046331 -394383.637406 -36134.375937 539677.546656 -0.404847533 0.223816390 -0.668165921 0.582716913
1561000824.791760206 -394582.002999 -36151.447474 539953.784604 -0.384818126 0.238428255 -0.669069639 0.589417336
1561000824.894789696 -394789.150338 -36169.336840 540242.098987 -0.393088864 0.277154980 -0.661177534 0.575769512
1561000824.993704081 -394988.135327 -36186.576383 540518.898033 -0.384897150 0.300244952 -0.677618965 0.550036081
1561000825.093672514 -395189.355038 -36204.060112 540798.645335 -0.384744133 0.281394982 -0.688912995 0.546065657
1561000825.195180178 -395393.791744 -36221.876473 541082.701249 -0.388079501 0.249198931 -0.690718237 0.556958267
1561000825.294594526 -395594.122872 -36239.391319 541360.900446 -0.349388712 0.242684080 -0.648696818 0.631050238
1561000825.394502163 -395795.549178 -36257.056595 541640.475087 -0.328392225 0.264971163 -0.665722816 0.615436399
1561000825.493385077 -395995.007386 -36274.597811 541917.172010 -0.313236212 0.300535599 -0.679515750 0.591455640
1561000825.595749617 -396201.597615 -36292.811005 542203.601733 -0.357724629 0.301149496 -0.697219957 0.543347405
1561000825.686508179 -396384.863189 -36309.007075 542457.551377 -0.393672914 0.291573835 -0.697501703 0.522970085
1561000825.785567760 -396585.000710 -36326.740317 542734.729104 -0.433736637 0.261681430 -0.671483150 0.540837996
1561000825.888186216 -396792.447050 -36345.178952 543021.870671 -0.453562197 0.231880359 -0.646881144 0.567501206
1561000825.986328125 -396990.951904 -36362.883566 543296.493800 -0.458008365 0.231325019 -0.625642687 0.587612374
1561000826.085518599 -397191.680739 -36380.848938 543574.058211 -0.470045889 0.219947912 -0.598110944 0.610690656
1561000826.186709404 -397396.559608 -36399.252028 543857.226964 -0.500849125 0.196004201 -0.556842661 0.632976111
1561000826.285252333 -397596.170971 -36417.250122 544132.994631 -0.541309471 0.149514467 -0.538427126 0.628272004
1561000826.386532545 -397801.417569 -36435.834068 544416.438851 -0.589111833 0.136311117 -0.509063700 0.612552590
1561000826.485412836 -398001.885050 -36454.068523 544693.192741 -0.656271096 0.065708255 -0.465752196 0.589970818
1561000826.586493731 -398206.894244 -36472.807224 544976.143818 -0.676480362 0.054777305 -0.445540717 0.583838365
1561000826.686601877 -398410.009559 -36491.465411 545256.414717 -0.677603201 0.047836060 -0.448292631 0.581032986
1561000826.785202026 -398610.139626 -36509.939495 545532.505738 -0.682318422 -0.001969790 -0.367670018 0.631867429
1561000826.886615515 -398816.041235 -36529.039616 545816.515464 -0.713691777 -0.095541340 -0.205255784 0.662861949
1561000826.986154795 -399018.174968 -36547.879435 546095.317398 -0.719810096 -0.143109055 -0.115796938 0.669316288
1561000827.087714672 -399224.432351 -36567.189302 546379.820886 -0.724064241 -0.178562022 -0.075006740 0.661982302
1561000827.187766790 -399427.641614 -36586.294592 546660.145714 -0.713435116 -0.223753200 -0.071985852 0.660123381
1561000827.285459280 -399626.063564 -36605.023541 546933.904097 -0.706608842 -0.285718422 -0.002634299 0.647349973
1561000827.387251377 -399832.807147 -36624.606024 547219.200396 -0.685266503 -0.361406378 0.077659637 0.627506359
1561000827.486197948 -400033.755922 -36643.692306 547496.571838 -0.662449402 -0.423227607 0.161484625 0.596625426
1561000827.586244583 -400236.915980 -36663.026804 547777.079113 -0.644116991 -0.464872055 0.210577548 0.569793271
1561000827.687388420 -400442.277107 -36682.598111 548060.717469 -0.635600947 -0.486533390 0.215206250 0.559448806
1561000827.785573483 -400641.604262 -36701.616412 548336.112689 -0.637362424 -0.497488427 0.197965553 0.554151644
1561000827.887412071 -400848.320693 -36721.363421 548621.815890 -0.613681405 -0.531367878 0.220068805 0.540937180
1561000827.985741377 -401047.886396 -36740.442856 548897.732493 -0.571154239 -0.566698557 0.318192093 0.501387448
1561000828.087577820 -401254.543180 -36760.199337 549183.545122 -0.512709971 -0.591426370 0.431100950 0.448882285
1561000828.187642336 -401457.581822 -36779.592963 549464.431818 -0.516402834 -0.554696951 0.487800603 0.433232014
1561000828.286399603 -401657.949494 -36798.713519 549741.684382 -0.509353455 -0.536181821 0.525799400 0.420241719
1561000828.386983395 -401862.008334 -36818.167041 550024.098301 -0.452892900 -0.585646281 0.536134717 0.405544103
1561000828.487590551 -402066.102551 -36837.593542 550306.609584 -0.379878599 -0.637679256 0.554119614 0.376840644
1561000828.588442564 -402270.690706 -36857.020042 550589.842658 -0.312344397 -0.672559803 0.584834825 0.328743847
1561000828.688324928 -402473.319468 -36876.201700 550870.386454 -0.281176966 -0.669248199 0.626514129 0.283771753
1561000828.788495302 -402676.547986 -36895.375730 551151.770230 -0.267220330 -0.652131103 0.662050212 0.254966344
1561000828.888773203 -402880.014626 -36914.508514 551433.481672 -0.252912807 -0.629404815 0.698412061 0.228265819
1561000828.987618923 -403080.598643 -36933.309577 551711.189357 -0.229285219 -0.613790591 0.726004154 0.208823770
1561000829.087201834 -403282.707219 -36952.192656 551990.983261 -0.194853236 -0.606536118 0.749187987 0.181282966
1561000829.188781023 -403488.903908 -36971.394260 552276.397953 -0.141410589 -0.601898265 0.771055604 0.152298321
1561000829.287126064 -403688.579826 -36989.925575 552552.734781 -0.096010825 -0.601061726 0.782769017 0.129535284
1561000829.388790607 -403895.050943 -37009.020718 552838.407299 -0.062909442 -0.585658628 0.799519415 0.117537561
1561000829.487273932 -404095.120611 -37027.460618 553115.146568 -0.054553805 -0.569968765 0.813466046 0.102139518
1561000829.588912010 -404301.663455 -37046.434673 553400.755080 -0.000844924 -0.545158078 0.836514641 0.055183428
1561000829.688636065 -404504.387388 -37065.000845 553680.983959 0.059647420 -0.511721961 0.857058577 0.005780583
1561000829.788132906 -404706.730463 -37083.481566 553960.573082 0.123472103 -0.496756921 0.857886960 -0.044912854
1561000829.888679981 -404911.302017 -37102.119620 554243.111424 0.177658124 -0.496895110 0.848049740 -0.048419815
1561000829.988819361 -405115.147454 -37120.647218 554524.505760 0.238095485 -0.528716632 0.814073524 -0.032458608
1561000830.090179920 -405321.594164 -37139.361749 554809.342047 0.318167509 -0.551836407 0.770835076 -0.007700749
1561000830.190334320 -405525.707797 -37157.812419 555090.810000 0.375464782 -0.554104418 0.742962496 -0.001105117
1561000830.288638115 -405726.177592 -37175.882809 555367.108356 0.420166169 -0.576012830 0.698884704 -0.056831158
1561000830.390127182 -405933.280295 -37194.500593 555652.397255 0.457969201 -0.589296411 0.650481764 -0.140951854
1561000830.488903999 -406134.987910 -37212.587474 555930.107513 0.475119867 -0.625734178 0.595340698 -0.168188299
1561000830.590136528 -406341.856931 -37231.091487 556214.779000 0.514191595 -0.655121649 0.534989015 -0.142159708
1561000830.690100670 -406546.280895 -37249.330910 556495.954270 0.547679472 -0.683992753 0.469543607 -0.108304713
1561000830.788655758 -406747.965075 -37267.281127 556773.249436 0.578671953 -0.707463121 0.399021043 -0.073599665
1561000830.890167236 -406955.842400 -37285.737114 557058.964255 0.599774155 -0.725472762 0.334362651 -0.046495718
1561000830.989118576 -407158.611902 -37303.697709 557337.584287 0.613386849 -0.728371921 0.304625202 -0.020842368
1561000831.089901924 -407365.270463 -37321.961439 557621.483870 0.611771607 -0.736709257 0.287194605 -0.022676673
1561000831.190384865 -407571.444796 -37340.140641 557904.659447 0.595419198 -0.751217866 0.284831686 -0.004313546
1561000831.288642406 -407773.178686 -37357.885985 558181.683203 0.584670554 -0.765882134 0.267011252 -0.017026188
1561000831.390307188 -407982.036535 -37376.215001 558468.440352 0.618789312 -0.770114662 0.153872558 -0.018612662
1561000831.488785267 -408184.467010 -37393.947806 558746.340924 0.606422016 -0.780081277 0.138777034 -0.066831690
1561000831.590497255 -408393.671026 -37412.246682 559033.506919 0.590127893 -0.772750624 0.214151918 -0.093512021
1561000831.692174196 -408602.935690 -37430.516045 559320.702566 0.549256767 -0.756160162 0.336717294 -0.114718250
1561000831.789856911 -408804.113151 -37448.035716 559596.725818 0.458957688 -0.797122553 0.340469245 -0.195023510
1561000831.891499758 -409013.584661 -37466.227417 559884.040313 0.527684028 -0.794284895 0.252486983 -0.164046930
1561000831.991911650 -409220.659099 -37484.171987 560167.991226 0.679833559 -0.717927985 0.135131770 -0.064382805
1561000832.091650486 -409426.472221 -37501.989421 560450.172669 0.823225147 -0.559140067 0.098299032 0.000207785
1561000832.193967581 -409637.726784 -37520.275936 560739.796145 0.801746681 -0.579903086 0.128535412 -0.066282116
1561000832.292498350 -409841.285635 -37537.896319 561018.836696 0.666090497 -0.697694364 0.178205909 -0.194393103
1561000832.392775536 -410048.588171 -37555.830490 561302.943616 0.525813817 -0.780324075 0.215350255 -0.261224876
1561000832.491383791 -410252.579907 -37573.453894 561582.428726 0.557181826 -0.760248813 0.212436127 -0.257761610
1561000832.592447758 -410461.796082 -37591.505259 561868.983711 0.645025596 -0.701801791 0.192511383 -0.233142862
1561000832.692503452 -410669.068237 -37609.377267 562152.793410 0.693176558 -0.662177120 0.181701190 -0.219117317
1561000832.792610884 -410876.588776 -37627.266946 562436.864844 0.680748254 -0.665067340 0.214895909 -0.219287473
1561000832.892368793 -411083.527044 -37645.100449 562720.056476 0.650659690 -0.676512488 0.250632579 -0.236972851
1561000832.991276503 -411288.845071 -37662.782761 563000.938417 0.609041190 -0.689537880 0.275362445 -0.278894003
1561000833.092592239 -411499.311570 -37680.892403 563288.758198 0.577861075 -0.695057219 0.294128935 -0.310580440
1561000833.193443060 -411708.966048 -37698.913228 563575.353132 0.571538253 -0.683536055 0.320133565 -0.321926990
1561000833.292400122 -411914.832440 -37716.589144 563856.652080 0.574627667 -0.671846322 0.336889340 -0.323930757
1561000833.392920256 -412124.102491 -37734.537299 564142.478854 0.577139089 -0.657748614 0.362834486 -0.320356627
1561000833.491556406 -412329.599866 -37752.142290 564423.028047 0.571534840 -0.642904183 0.385773015 -0.333468617
1561000833.591448069 -412537.864282 -37769.964485 564707.223020 0.557642807 -0.631349660 0.406060708 -0.354325850
1561000833.693367958 -412750.514343 -37788.140873 564997.260519 0.541125697 -0.626513463 0.423131240 -0.368271386
1561000833.792688608 -412957.893173 -37805.845150 565279.966292 0.528439403 -0.620249222 0.436210981 -0.381788790
1561000833.891629457 -413164.627352 -37823.471913 565561.650433 0.521677007 -0.610232160 0.452022553 -0.388774257
1561000833.991494656 -413373.442526 -37841.253481 565846.022757 0.513980775 -0.596686051 0.465019444 -0.404408750
1561000834.092988253 -413585.815843 -37859.315181 566135.085141 0.494022550 -0.586421102 0.478359365 -0.428047111
1561000834.193300486 -413795.867542 -37877.156397 566420.830719 0.470237595 -0.576684602 0.497527355 -0.445845270
1561000834.291816473 -414002.301160 -37894.667135 566701.500257 0.453547913 -0.561677407 0.514150156 -0.463100851
1561000834.393325567 -414215.152495 -37912.697090 566990.733670 0.432202105 -0.549978576 0.534939978 -0.473881975
1561000834.492221117 -414422.663177 -37930.250136 567272.550905 0.420550306 -0.533448358 0.550989583 -0.484748151
1561000834.593198061 -414634.680176 -37948.159464 567560.325474 0.408579784 -0.512261837 0.573083057 -0.492164789
1561000834.693250418 -414844.891659 -37965.892585 567845.486776 0.405424810 -0.488617263 0.585267869 -0.504326695
1561000834.791532040 -415051.511267 -37983.302411 568125.618348 0.389828036 -0.473415021 0.603510572 -0.509595240
1561000834.892814159 -415264.569343 -38001.234618 568414.316478 0.379465888 -0.449666942 0.617214709 -0.522351687
1561000834.991868973 -415473.066446 -38018.764943 568696.676006 0.369741764 -0.426956400 0.628352258 -0.534951119
1561000835.092648506 -415685.316668 -38036.594444 568983.958880 0.353181650 -0.420843377 0.644939677 -0.531231011
1561000835.192899466 -415896.574131 -38054.324262 569269.740122 0.341372182 -0.407915596 0.658985225 -0.531797304
1561000835.292479515 -416106.533634 -38071.928915 569553.611730 0.332570529 -0.386287679 0.670550907 -0.539017768
1561000835.392987490 -416318.564027 -38089.692471 569840.129774 0.297810654 -0.379600770 0.681706107 -0.549989867
1561000835.491538763 -416526.573455 -38107.103411 570121.068602 0.269551693 -0.363700938 0.687185310 -0.568189988
1561000835.591408014 -416737.468080 -38124.738473 570405.760978 0.256647836 -0.349475125 0.697907981 -0.570020592
1561000835.692740917 -416951.555886 -38142.623498 570694.620022 0.236183855 -0.336552599 0.705695889 -0.577011999
1561000835.792996168 -417163.465177 -38160.311133 570980.399971 0.225492117 -0.308273503 0.713184667 -0.587782599
1561000835.892753601 -417374.414672 -38177.906535 571264.751847 0.212115749 -0.283043314 0.719466115 -0.597713895
1561000835.993056536 -417586.607305 -38195.595077 571550.648329 0.192218262 -0.267943998 0.729058447 -0.599776570
1561000836.092686176 -417797.460819 -38213.161829 571834.614599 0.179499383 -0.256379751 0.737773176 -0.598113815
1561000836.192760944 -418009.338133 -38230.803354 572119.836814 0.158552193 -0.250352198 0.746483433 -0.595774675
1561000836.291316032 -418218.075772 -38248.172990 572400.716685 0.144966495 -0.235668152 0.750257311 -0.600465823
1561000836.392768860 -418433.025905 -38266.048759 572689.840680 0.119557791 -0.228010727 0.753285054 -0.605209608
1561000836.491778135 -418642.868338 -38283.488658 572971.987240 0.106717561 -0.207047348 0.756889999 -0.610622869
1561000836.593041658 -418857.554607 -38301.320393 573260.543430 0.085066703 -0.188854054 0.758465000 -0.617922848
1561000836.693138599 -419069.828852 -38318.942541 573545.760875 0.081623764 -0.169501524 0.763550634 -0.617735561
1561000836.791980505 -419279.498269 -38336.341230 573827.388079 0.083821518 -0.144896366 0.770013996 -0.615676410
1561000836.893064737 -419493.980100 -38354.135209 574115.389716 0.067299177 -0.145944732 0.775852774 -0.610101163
1561000836.991664410 -419703.242833 -38371.492830 574396.298524 0.043117101 -0.149299859 0.770505417 -0.618200509
1561000837.092963696 -419918.287016 -38389.324694 574684.883028 0.013611864 -0.173976870 0.773098681 -0.609807507
1561000837.193096161 -420130.908478 -38406.944560 574970.128183 0.004272398 -0.204101799 0.772659049 -0.601100821
1561000837.293230772 -420343.589264 -38424.551168 575255.361693 -0.000722786 -0.222489218 0.779169881 -0.585996862
1561000837.394561291 -420558.866192 -38442.349743 575543.986939 -0.014745601 -0.219781319 0.779329345 -0.586621267
1561000837.493378162 -420768.851906 -38459.688151 575825.440827 -0.041246218 -0.200218218 0.753580022 -0.624762808
1561000837.594395638 -420983.560277 -38477.393114 576113.155407 -0.054927009 -0.210191321 0.735791985 -0.641414676
1561000837.694365978 -421196.086205 -38494.893588 576397.879758 -0.066446899 -0.246191294 0.739351174 -0.623164904
1561000837.794381142 -421408.753137 -38512.376708 576682.725587 -0.078708445 -0.298767852 0.741159574 -0.596007749
1561000837.894370556 -421621.414254 -38529.824293 576967.493462 -0.083067559 -0.344666168 0.738928348 -0.572965889
1561000837.993215799 -421831.692983 -38547.035527 577249.000367 -0.104933717 -0.378326795 0.728298607 -0.561639466
1561000838.086469650 -422030.123514 -38563.234873 577514.584001 -0.142260091 -0.394360794 0.712172659 -0.563073472
1561000838.186661005 -422243.363979 -38580.592505 577799.930699 -0.179060397 -0.404283098 0.693760037 -0.568497635
1561000838.285469532 -422453.706750 -38597.658853 578081.348977 -0.209594225 -0.427976168 0.677288956 -0.560523266
1561000838.386559248 -422668.951136 -38615.061787 578369.278712 -0.214595984 -0.451157714 0.678137722 -0.539012533
1561000838.485285521 -422879.208446 -38631.999950 578650.493433 -0.215878887 -0.496172352 0.670707654 -0.507307151
1561000838.586182117 -423094.135172 -38649.247758 578937.908217 -0.224752056 -0.536907405 0.658479001 -0.477097848
1561000838.686518669 -423307.919396 -38666.333218 579223.753268 -0.219838624 -0.557215261 0.654711827 -0.461014702
1561000838.785186768 -423518.196876 -38683.068045 579504.869291 -0.242584801 -0.549056438 0.646825991 -0.470431483
1561000838.886443853 -423734.040417 -38700.172959 579793.390837 -0.265320173 -0.551765244 0.635781272 -0.470045205
1561000838.985164881 -423944.522086 -38716.780938 580074.717024 -0.283167876 -0.562620334 0.625613473 -0.460306524
1561000839.085342646 -424158.152707 -38733.563851 580360.228365 -0.284904045 -0.577556748 0.621749066 -0.445742064
1561000839.187211990 -424375.435486 -38750.556012 580650.597908 -0.300791121 -0.601938255 0.608699437 -0.420333242
1561000839.285322666 -424584.743321 -38766.848744 580930.292847 -0.313717888 -0.626542757 0.594852187 -0.393924023
1561000839.387268066 -424802.274897 -38783.700682 581220.965579 -0.325777186 -0.642647647 0.585155015 -0.372111322
1561000839.485879183 -425012.731962 -38799.925291 581502.179963 -0.343941437 -0.652456270 0.574698335 -0.354579931
1561000839.587642431 -425229.954043 -38816.589085 581792.434975 -0.363898342 -0.647012439 0.570347288 -0.351648789
1561000839.687445164 -425443.026195 -38832.853907 582077.153751 -0.399688118 -0.652427429 0.554834315 -0.326721198
1561000839.786344767 -425654.199741 -38848.895749 582359.354181 -0.432634739 -0.669383271 0.527442556 -0.294206678
1561000839.887464046 -425870.137306 -38865.221260 582647.953119 -0.430519058 -0.682209807 0.512045455 -0.295046729
1561000839.985878944 -426080.324651 -38881.035479 582928.901987 -0.425550742 -0.712336921 0.492646142 -0.262264096
1561000840.085933208 -426294.038955 -38897.036370 583214.603589 -0.438372501 -0.718604167 0.488545127 -0.229698193
1561000840.187575340 -426511.171780 -38913.212192 583504.918851 -0.458111290 -0.702993200 0.507825344 -0.195059033
1561000840.287131786 -426723.870694 -38928.982278 583789.355458 -0.490264125 -0.699745085 0.495486357 -0.156496564
1561000840.387670755 -426938.680135 -38944.839598 584076.677998 -0.517302544 -0.691526759 0.483785437 -0.141917127
1561000840.485368013 -427147.425848 -38960.186985 584355.959276 -0.498236954 -0.720000636 0.468367495 -0.118283185
1561000840.587256432 -427365.134606 -38976.127685 584647.306465 -0.484955379 -0.743620594 0.450406370 -0.094767049
1561000840.687569618 -427579.488626 -38991.756715 584934.238625 -0.487953744 -0.753388949 0.435017882 -0.071173576
1561000840.785385132 -427788.514385 -39006.935275 585214.112729 -0.520808078 -0.739110184 0.425100811 -0.042004546
1561000840.887180090 -428006.049738 -39022.672194 585505.466444 -0.554372573 -0.719956280 0.417097463 -0.019071222
1561000840.985626459 -428216.429888 -39037.839878 585787.328636 -0.578257613 -0.703823394 0.412597612 0.003737989
1561000841.087421656 -428433.962810 -39053.476343 586078.876132 -0.584068657 -0.706037166 0.399320994 0.030299649
1561000841.187939882 -428648.760863 -39068.873062 586366.864524 -0.578839229 -0.716212757 0.387869530 0.039263991
1561000841.285546064 -428857.329614 -39083.783611 586646.604238 -0.583312824 -0.725063819 0.360165035 0.065648730
1561000841.388639450 -429077.616055 -39099.491991 586942.174539 -0.583519713 -0.738158831 0.323933654 0.098454420
1561000841.487005711 -429287.792682 -39114.445894 587224.294510 -0.610789745 -0.710890848 0.327372561 0.119988732
1561000841.588546753 -429504.740707 -39129.851929 587515.623701 -0.628327691 -0.692624753 0.320164536 0.151558351
1561000841.688662291 -429718.627466 -39145.017529 587802.963907 -0.646605450 -0.674972476 0.309007757 0.175578342
1561000841.788681030 -429932.289452 -39160.149720 588090.125391 -0.637785941 -0.686152142 0.300184321 0.179760133
1561000841.888758421 -430146.058630 -39175.273342 588377.556086 -0.622649244 -0.700298861 0.296942829 0.183614763
1561000841.987066507 -430356.031283 -39190.111191 588660.003778 -0.627928903 -0.698157318 0.272190041 0.210224248
1561000842.090217590 -430576.329364 -39205.664270 588956.472576 -0.640609631 -0.698745271 0.220623699 0.229563783
1561000842.190325975 -430790.111233 -39220.750340 589244.304427 -0.657961200 -0.686477677 0.207845477 0.229424749
1561000842.288832426 -431000.455540 -39235.591214 589527.637310 -0.658873737 -0.688488081 0.187360645 0.238255220
1561000842.390503407 -431217.540597 -39250.909286 589820.184174 -0.682700965 -0.660990826 0.180893331 0.253551028
1561000842.489136219 -431428.122507 -39265.775052 590104.096881 -0.699854541 -0.639294676 0.173327203 0.267326802
1561000842.590653419 -431644.846274 -39281.086024 590396.422376 -0.693925045 -0.650110647 0.140854663 0.275652214
1561000842.691926718 -431861.033749 -39296.374030 590688.158231 -0.694602236 -0.652016783 0.107277099 0.284417779
1561000842.791890860 -432074.412527 -39311.481985 590976.235177 -0.685419100 -0.657509122 0.054515163 0.308075492
1561000842.893207073 -432290.664523 -39326.817004 591268.324263 -0.690976760 -0.642080065 0.022155919 0.331350906
1561000842.991773367 -432501.035618 -39341.763761 591552.596112 -0.700728773 -0.622750932 0.009331560 0.347956011
1561000843.093192816 -432717.484698 -39357.177344 591845.208062 -0.709966763 -0.600186420 -0.010009510 0.368270643
1561000843.192864656 -432930.193799 -39372.364715 592132.885286 -0.714935019 -0.579275411 -0.036411675 0.389848826
1561000843.292390108 -433142.581960 -39387.574324 592420.244069 -0.711121944 -0.573423492 -0.057958176 0.402656093
1561000843.393048286 -433357.380145 -39403.005645 592710.977606 -0.708773230 -0.560461103 -0.089141090 0.419019959
1561000843.491571903 -433567.617962 -39418.161131 592995.645534 -0.704475627 -0.542591709 -0.122697352 0.440742201
1561000843.593184471 -433784.444259 -39433.849725 593289.339305 -0.695952734 -0.539366241 -0.151734200 0.449122013
1561000843.692949533 -433997.327470 -39449.313287 593577.791948 -0.689794047 -0.538173429 -0.174877688 0.451631848
1561000843.793305635 -434211.472758 -39464.930621 593868.051868 -0.690233572 -0.536523141 -0.191471886 0.446160344
1561000843.894703150 -434427.842695 -39480.774590 594161.425158 -0.690574545 -0.533415584 -0.211942903 0.440062288
1561000843.993549585 -434638.773166 -39496.283933 594447.516437 -0.687239802 -0.530259796 -0.229454570 0.440314210
1561000844.094722509 -434854.673359 -39512.224745 594740.443482 -0.693384514 -0.526251398 -0.224918728 0.437822964
1561000844.193531752 -435065.535213 -39527.859136 595026.626125 -0.695161255 -0.510386746 -0.242885598 0.444142753
1561000844.294256687 -435280.492722 -39543.866713 595318.456055 -0.700377444 -0.503242923 -0.254345550 0.437637221
1561000844.386662722 -435477.705778 -39558.616983 595586.271021 -0.702861350 -0.493982424 -0.276477612 0.430728938
1561000844.485429287 -435688.505669 -39574.452983 595872.614323 -0.700352682 -0.482017810 -0.309359386 0.425983241
1561000844.586642742 -435904.545122 -39590.759838 596166.151954 -0.700892922 -0.466267872 -0.332320469 0.425331035
1561000844.686491489 -436117.692133 -39606.927500 596455.829931 -0.703207034 -0.446675501 -0.347072449 0.430722160
1561000844.786851406 -436331.953832 -39623.261062 596747.086197 -0.705128097 -0.420054628 -0.363752109 0.440491634
1561000844.886647463 -436545.038016 -39639.587989 597036.796881 -0.704444371 -0.401196913 -0.373679278 0.450736022
1561000844.986431599 -436758.125246 -39655.999604 597326.560050 -0.695331321 -0.390336781 -0.401648558 0.450366503
1561000845.086161613 -436971.129607 -39672.490660 597616.253238 -0.690301352 -0.381709996 -0.418034545 0.450586996
1561000845.186197519 -437184.821205 -39689.122213 597906.919253 -0.699825481 -0.387153775 -0.427897844 0.421022191
1561000845.286257982 -437398.602195 -39705.848430 598197.745704 -0.689466587 -0.379017351 -0.461528191 0.409845584
1561000845.386321068 -437612.430229 -39722.667258 598488.668943 -0.654399624 -0.357768295 -0.524857144 0.410229152
1561000845.485473633 -437824.359585 -39739.426605 598777.028355 -0.651718872 -0.343941393 -0.541955817 0.404042972
1561000845.586238861 -438039.788561 -39756.555053 599070.161950 -0.645603192 -0.337567428 -0.566965124 0.384441540
1561000845.686750650 -438254.731032 -39773.738137 599362.639995 -0.634116487 -0.319560539 -0.585573166 0.391000525
1561000845.786469936 -438468.036957 -39790.882720 599652.892424 -0.642412504 -0.306790636 -0.583525616 0.390747407
1561000845.886382103 -438681.814516 -39808.157917 599943.785944 -0.647369515 -0.291481394 -0.589706130 0.384964917
1561000845.985085249 -438893.068377 -39825.320194 600231.235751 -0.621394654 -0.284212228 -0.640264781 0.350931766
1561000846.086343050 -439109.863938 -39843.026095 600526.201719 -0.571628030 -0.198444208 -0.721918671 0.335700348
1561000846.186354637 -439324.075613 -39860.609964 600817.596993 -0.546994713 -0.132691762 -0.773513803 0.291317828
1561000846.286644936 -439538.982325 -39878.333457 601109.855400 -0.581871402 -0.097917526 -0.770298531 0.241822254
1561000846.386486292 -439753.033852 -39896.063096 601400.855841 -0.541456022 -0.018371553 -0.797097887 0.266688622
1561000846.485333681 -439965.064930 -39913.694194 601688.999682 -0.523418909 0.045814282 -0.819504491 0.228792671
1561000846.586628914 -440182.468857 -39931.832841 601984.312591 -0.515731156 0.116309545 -0.832433129 0.165977561
1561000846.685421705 -440394.633448 -39949.581157 602272.362831 -0.506239392 0.156279600 -0.842042845 0.101302579
1561000846.786287785 -440611.391385 -39967.748494 602566.489586 -0.488141351 0.221297192 -0.842864406 0.048219995
1561000846.886970997 -440827.904551 -39985.915599 602860.113688 -0.449153458 0.285493302 -0.845988622 0.032526851
1561000846.986022472 -441041.055582 -40003.808116 603149.006731 -0.424075029 0.332551488 -0.842330821 -0.006976018
1561000847.087301016 -441259.148507 -40022.110766 603444.419762 -0.404833361 0.386520441 -0.828091513 -0.031246513
1561000847.186552286 -441473.022155 -40040.042616 603733.943643 -0.386221681 0.450006469 -0.802178231 -0.069549091
1561000847.286611795 -441688.782248 -40058.101788 604025.851383 -0.373570708 0.515577135 -0.760425456 -0.127977614
1561000847.386558533 -441904.442252 -40076.105421 604317.464151 -0.376738548 0.579345991 -0.698849856 -0.184486228
1561000847.485561371 -442118.202393 -40093.889996 604606.367846 -0.368238846 0.640983443 -0.628081456 -0.243010414
1561000847.586763382 -442336.842540 -40112.005110 604901.748083 -0.335223103 0.693010344 -0.566274078 -0.294441511
1561000847.686522007 -442552.484688 -40129.787427 605192.987007 -0.305881293 0.741955451 -0.497582005 -0.329166965
1561000847.785466909 -442766.471471 -40147.344851 605481.927851 -0.268774444 0.779806232 -0.438033553 -0.357476077
1561000847.886470556 -442985.003482 -40165.181523 605776.970521 -0.228542233 0.815867880 -0.365825423 -0.385097144
1561000847.985365152 -443199.049861 -40182.560894 606065.949475 -0.198356048 0.839073929 -0.285632388 -0.418358649
1561000848.087844372 -443420.920900 -40200.484156 606365.514302 -0.200459398 0.840718085 -0.238108045 -0.443073008
1561000848.185707569 -443632.852651 -40217.521471 606651.698076 -0.198693118 0.843450768 -0.218776039 -0.448607725
1561000848.286689043 -443851.590201 -40235.022948 606947.117754 -0.180385023 0.849678214 -0.224123296 -0.441901487
1561000848.386699438 -444068.275970 -40252.277385 607239.812878 -0.153862089 0.843276568 -0.243541137 -0.453760733
1561000848.485829353 -444283.102755 -40269.300734 607530.041579 -0.137105223 0.829459933 -0.259806324 -0.475077942
1561000848.586648226 -444501.633841 -40286.531702 607825.321489 -0.089651555 0.805809456 -0.188094463 -0.554305143
1561000848.686365366 -444717.805828 -40303.498232 608117.480162 -0.084076159 0.821912585 -0.096054653 -0.555125576
1561000848.786637068 -444935.201337 -40320.492761 608411.380924 -0.124295966 0.873673426 -0.073462000 -0.464595084
1561000848.886544466 -445151.837030 -40337.362751 608704.342054 -0.164049429 0.886585359 -0.121286966 -0.415142937
1561000848.985340834 -445366.104132 -40353.978637 608994.170693 -0.100123589 0.848718920 -0.269378993 -0.443944162
1561000849.086174250 -445584.833493 -40370.855922 609290.080552 -0.033867431 0.792149498 -0.403683094 -0.456499868
1561000849.186260223 -445801.989754 -40387.518633 609583.874500 -0.071731350 0.802169349 -0.432092793 -0.405801389
1561000849.287266016 -446021.199370 -40404.242260 609880.448151 -0.200324005 0.839586206 -0.292769758 -0.411401464
1561000849.387339830 -446238.447384 -40420.727051 610174.395015 -0.279804361 0.826059913 -0.090691521 -0.480738586
1561000849.485710859 -446452.045732 -40436.869638 610463.474881 -0.366540082 0.736227367 0.080328543 -0.563174002
1561000849.587636471 -446673.388068 -40453.550979 610763.149196 -0.388270749 0.711265525 0.072797508 -0.581418698
1561000849.687655449 -446890.610130 -40469.875651 611057.361659 -0.393007042 0.742972256 -0.023060213 -0.541300211
1561000849.787428617 -447107.332199 -40486.103011 611350.990112 -0.331859284 0.770418496 -0.182845163 -0.512730341
1561000849.887493134 -447324.739694 -40502.304560 611645.605546 -0.248541638 0.776334534 -0.324604323 -0.479753873
1561000849.986191988 -447539.241958 -40518.200608 611936.308410 -0.244784984 0.771748360 -0.334313320 -0.482409975
1561000850.086839914 -447758.044379 -40534.320813 612232.857175 -0.279905844 0.742544572 -0.282166339 -0.539131185
1561000850.187325001 -447976.549763 -40550.325738 612529.033866 -0.314006285 0.701212570 -0.263625673 -0.583268797
1561000850.287441969 -448194.309037 -40566.184460 612824.234635 -0.317510786 0.666147381 -0.276786884 -0.615486464
1561000850.387491226 -448411.975011 -40581.943491 613119.338631 -0.320929929 0.650215497 -0.321246954 -0.609117544
1561000850.487513304 -448629.640762 -40597.606877 613414.458541 -0.315389519 0.629561518 -0.362711491 -0.610427818
1561000850.587591648 -448847.494768 -40613.186109 613709.834470 -0.309774216 0.603081099 -0.366511546 -0.637183184
1561000850.686909199 -449063.758799 -40628.554151 614003.049441 -0.299140811 0.580030796 -0.393693244 -0.647367500
1561000850.785684586 -449278.907839 -40643.746215 614294.741022 -0.296379852 0.543885150 -0.401228302 -0.674806473
1561000850.888916492 -449503.836701 -40659.526019 614599.667887 -0.307813648 0.511857688 -0.436820691 -0.672636714
1561000850.987337589 -449718.358902 -40674.478322 614890.451259 -0.319873478 0.500019011 -0.480719417 -0.645422953
1561000851.089100122 -449940.252212 -40689.846103 615191.172234 -0.328602843 0.487175510 -0.527722608 -0.613342517
1561000851.189006805 -450158.195542 -40704.845634 615486.471206 -0.347915177 0.470350878 -0.547348647 -0.598443431
1561000851.287812233 -450373.838260 -40719.596700 615778.577156 -0.373978193 0.458156095 -0.537371871 -0.601219407
1561000851.390153170 -450597.304995 -40734.790232 616081.202410 -0.398097266 0.457792266 -0.517944164 -0.603057751
1561000851.488779783 -450812.766501 -40749.350327 616372.916111 -0.426100217 0.459590386 -0.505324215 -0.593180175
1561000851.589922667 -451033.833493 -40764.199522 616672.150598 -0.451993004 0.443569681 -0.509297496 -0.582721479
1561000851.688266039 -451248.890138 -40778.560129 616963.181626 -0.470169176 0.452336432 -0.518478312 -0.552732249
1561000851.788380384 -451467.933867 -40793.103401 617259.536255 -0.463992431 0.446502100 -0.550269475 -0.531554704
1561000851.890148878 -451690.719654 -40807.812065 617560.871279 -0.473601394 0.438044936 -0.555389958 -0.524747890
1561000851.990006208 -451909.445137 -40822.173257 617856.629630 -0.510338335 0.423066435 -0.548491903 -0.509633406
1561000852.091747522 -452132.426630 -40836.736171 618158.055861 -0.535489203 0.423500934 -0.556775462 -0.473180047
1561000852.192333221 -452353.008056 -40851.069823 618456.150055 -0.541418403 0.387509209 -0.579421068 -0.470078665
1561000852.292422771 -452572.635804 -40865.273398 618752.864624 -0.556146525 0.372533594 -0.577046531 -0.467907112
1561000852.393270493 -452794.065951 -40879.528652 619051.918759 -0.576620970 0.366358905 -0.573305776 -0.452338255
1561000852.491785049 -453010.507835 -40893.401272 619344.147252 -0.599478416 0.349575191 -0.553580528 -0.460403533
1561000852.592874765 -453232.745933 -40907.583815 619644.113612 -0.615392442 0.339255332 -0.551242090 -0.449811205
1561000852.691473961 -453449.644678 -40921.367256 619936.788786 -0.625204201 0.332080716 -0.558933934 -0.431781151
1561000852.792524576 -453672.077881 -40935.446308 620236.843200 -0.625099702 0.314352113 -0.582593656 -0.413542916
1561000852.892347336 -453891.953413 -40949.311947 620533.350829 -0.616264429 0.296555561 -0.610542314 -0.399388327
1561000852.991105556 -454109.629652 -40962.992844 620826.790421 -0.610284355 0.261254628 -0.645572999 -0.377537453
1561000853.093926191 -454336.417395 -40977.203539 621132.398006 -0.622710949 0.253850788 -0.631319493 -0.386298524
1561000853.192949533 -454554.982200 -40990.858517 621426.814604 -0.614581589 0.225981906 -0.630419828 -0.416884263
1561000853.295572519 -454781.650161 -41004.977294 621732.032147 -0.617296209 0.188385660 -0.632334011 -0.428497295
1561000853.394320726 -454999.911276 -41018.531967 622025.822811 -0.650902115 0.170559160 -0.629848365 -0.387978153
1561000853.493263721 -455218.753037 -41032.089115 622320.291428 -0.648886056 0.159550945 -0.650099992 -0.361746296
1561000853.594480753 -455442.781885 -41045.939551 622621.630318 -0.642497445 0.136386083 -0.667587861 -0.350602792
1561000853.693339825 -455661.746265 -41059.453869 622916.049073 -0.641512249 0.120020368 -0.664620617 -0.363780952
1561000853.794536591 -455886.046848 -41073.273181 623217.532909 -0.642884960 0.098232377 -0.655954178 -0.383110226
1561000853.894427299 -456107.607592 -41086.897837 623515.227073 -0.637928223 0.078078872 -0.661415167 -0.386628050
1561000853.993172884 -456326.781354 -41100.350421 623809.609041 -0.626088269 0.065843097 -0.684436294 -0.367729691
1561000854.094300508 -456551.401099 -41114.115256 624111.192215 -0.616792242 0.050642230 -0.713585138 -0.328327495
1561000854.193076372 -456770.954577 -41127.555717 624405.855156 -0.602365685 0.031933566 -0.742791579 -0.290510755
1561000854.293308020 -456993.904450 -41141.198749 624704.950848 -0.590517588 0.012125346 -0.763803390 -0.260281264
1561000854.394095659 -457218.254615 -41154.929645 625005.793596 -0.569428700 0.000983957 -0.779401875 -0.261309596
1561000854.493500471 -457439.687869 -41168.485776 625302.591572 -0.533309527 -0.034390026 -0.789191020 -0.302614951
1561000854.594176769 -457664.116806 -41182.228531 625603.265068 -0.524271054 -0.059194087 -0.788725126 -0.315513229
1561000854.694304466 -457887.485707 -41195.908771 625902.379183 -0.525051362 -0.075476298 -0.793180610 -0.299146980
1561000854.794322968 -458110.771943 -41209.592785 626201.245200 -0.503963432 -0.110408164 -0.821760590 -0.241951294
1561000854.894335985 -458334.205056 -41223.304260 626500.171211 -0.471698010 -0.141458034 -0.842795973 -0.217222375
1561000854.993099213 -458554.999537 -41236.879932 626795.434762 -0.446062060 -0.165025151 -0.850141012 -0.225954857
1561000855.094101906 -458780.957297 -41250.802865 627097.466555 -0.410247050 -0.187252224 -0.855954859 -0.252933275
1561000855.193452120 -459003.372473 -41264.536329 627394.626154 -0.363917763 -0.204741688 -0.864877847 -0.278623425
1561000855.294242620 -459229.168385 -41278.507016 627696.160739 -0.339478944 -0.218407362 -0.873665790 -0.271588583
1561000855.394229650 -459453.318107 -41292.406815 627995.355202 -0.316931918 -0.235762817 -0.885173364 -0.245841757
1561000855.493093967 -459675.098920 -41306.195300 628291.251385 -0.311490053 -0.251872572 -0.892230000 -0.208470096
1561000855.594136477 -459901.913933 -41320.340303 628593.730645 -0.325167855 -0.265881530 -0.891234110 -0.171098331
1561000855.693435192 -460124.957246 -41334.298297 628891.055704 -0.328126485 -0.284391034 -0.888236198 -0.149970686
1561000855.794282913 -460351.621747 -41348.535817 629193.088698 -0.326896024 -0.297497727 -0.887961316 -0.127117244
1561000855.894136429 -460576.190648 -41362.697396 629492.215013 -0.313262253 -0.301948887 -0.891812908 -0.123949050
1561000855.985062599 -460780.801824 -41375.649775 629764.658132 -0.287639170 -0.290289109 -0.903823287 -0.126883440
1561000856.086218834 -461008.568453 -41390.123187 630067.816236 -0.249342522 -0.279270235 -0.915092403 -0.149807664
1561000856.185391903 -461232.008213 -41404.376864 630365.088164 -0.209893158 -0.269937922 -0.923680119 -0.172897133
1561000856.286617041 -461460.212549 -41418.989794 630668.562710 -0.187600944 -0.264541181 -0.930252271 -0.171623313
1561000856.386654139 -461685.877056 -41433.496051 630968.522078 -0.176283225 -0.265009926 -0.935078433 -0.155956046
1561000856.486753702 -461911.818741 -41448.077937 631268.713795 -0.170555496 -0.259272692 -0.940025273 -0.141566164
1561000856.585811853 -462135.542231 -41462.575143 631565.824455 -0.150312321 -0.248096708 -0.945273574 -0.149372356
1561000856.686347961 -462362.737868 -41477.356664 631867.406602 -0.107045752 -0.227519292 -0.953043976 -0.168770138
1561000856.785465002 -462586.856830 -41491.995326 632164.762345 -0.047366527 -0.213919255 -0.959708411 -0.175939567
1561000856.886777878 -462816.068929 -41507.025900 632468.728054 0.007750160 -0.199319062 -0.964345940 -0.173921693
1561000856.985339403 -463039.173602 -41521.715704 632764.454570 0.043306922 -0.202123896 -0.962074370 -0.177998170
1561000857.086637735 -463268.590586 -41536.882980 633068.405623 0.081657605 -0.168019496 -0.958692267 -0.214500866
1561000857.186964273 -463495.916853 -41551.972798 633369.446662 0.119288734 -0.168138888 -0.958789135 -0.195506796
1561000857.287304640 -463723.379284 -41567.132576 633670.532615 0.114883180 -0.167747641 -0.963508290 -0.174110194
1561000857.387345552 -463950.263260 -41582.318044 633970.724594 0.200411124 -0.197359316 -0.949871323 -0.136488649
1561000857.485401869 -464172.737451 -41597.275655 634264.968150 0.202042142 -0.182062072 -0.950729005 -0.148817789
1561000857.587270737 -464403.950997 -41612.893483 634570.658855 0.206893370 -0.162979743 -0.949362709 -0.171298523
1561000857.686910629 -464630.192463 -41628.244367 634869.664566 0.208068282 -0.144282830 -0.950067730 -0.182376984
1561000857.786237001 -464855.807884 -41643.617679 635167.730368 0.230937700 -0.148884300 -0.948104870 -0.159995000
1561000857.886560440 -465083.772461 -41659.218133 635468.789865 0.245729184 -0.159985301 -0.945858165 -0.139191245
1561000857.985302687 -465308.222706 -41674.647833 635765.108828 0.272367391 -0.192314507 -0.935405331 -0.117677533
1561000858.086393833 -465538.087350 -41690.527005 636068.486644 0.293821177 -0.220672802 -0.921784365 -0.123637429
1561000858.185768843 -465764.124247 -41706.220240 636366.727089 0.327844965 -0.188069343 -0.915786638 -0.135950121
1561000858.286380291 -465993.043206 -41722.190026 636668.684499 0.421905259 -0.141225640 -0.883868871 -0.144315941
1561000858.386300564 -466220.445572 -41738.127902 636968.571828 0.436002200 -0.077950579 -0.876116365 -0.190383572
1561000858.485055923 -466445.245229 -41753.951064 637264.962370 0.444222645 -0.128941476 -0.876311789 -0.134603070
1561000858.587024689 -466677.408712 -41770.368927 637571.002621 0.474421852 -0.192822917 -0.854368633 -0.088303274
1561000858.685417652 -466901.474049 -41786.294629 637866.326011 0.502571922 -0.202995378 -0.834607647 -0.098205988
1561000858.786185980 -467130.990166 -41802.693180 638168.800849 0.568387748 -0.186181633 -0.795217125 -0.099506238
1561000858.886291265 -467359.028934 -41819.069686 638469.309302 0.596317880 -0.106535819 -0.785974680 -0.123688754
1561000858.985234737 -467584.443778 -41835.332663 638766.349405 0.610859758 -0.046510500 -0.782262764 -0.112925188
1561000859.086423159 -467814.987774 -41852.033687 639070.143542 0.623863424 -0.052874525 -0.772384117 -0.106871363
1561000859.186197042 -468042.323348 -41868.570720 639369.710264 0.614836804 -0.156954452 -0.769577918 -0.071350077
1561000859.286254644 -468270.323185 -41885.235042 639670.158384 0.603384632 -0.252424248 -0.755713487 -0.033258238
1561000859.386331558 -468498.391990 -41901.993032 639970.708087 0.619444460 -0.251563078 -0.742800527 -0.035382980
1561000859.485122442 -468723.553899 -41918.625317 640267.441773 0.648091120 -0.206439540 -0.731526488 -0.047218777
1561000859.586440086 -468954.493993 -41935.771635 640571.808765 0.662217569 -0.157313855 -0.730024033 -0.061523600
1561000859.685040951 -469179.255256 -41952.539490 640868.052259 0.666026332 -0.144079515 -0.729322075 -0.061150048
1561000859.786092520 -469409.614585 -41969.805261 641171.696544 0.686181145 -0.163485381 -0.707234178 -0.047410795
1561000859.885986090 -469637.343866 -41986.954648 641471.904521 0.708887155 -0.182216800 -0.680729356 -0.029725119
1561000859.986210823 -469865.836594 -42004.244012 641773.158832 0.725293279 -0.209242984 -0.655758801 -0.012142010
1561000860.086920500 -470095.442459 -42021.702186 642075.930298 0.745263784 -0.214016814 -0.631440096 -0.007880432
1561000860.186558723 -470322.612875 -42039.059169 642375.545835 0.758004296 -0.222303708 -0.613162540 -0.006499920
1561000860.286000013 -470549.341616 -42056.465524 642674.639335 0.774154660 -0.215061617 -0.595284867 -0.008306071
1561000860.387226105 -470780.144853 -42074.269256 642979.172568 0.802591196 -0.180507821 -0.567883138 -0.027803615
1561000860.485242605 -471003.631289 -42091.586060 643274.121426 0.832406243 -0.135421527 -0.537183829 -0.013942413
1561000860.587164402 -471236.017435 -42109.668051 643580.899943 0.840749956 -0.122029841 -0.527212386 -0.017185152
1561000860.686569214 -471462.659065 -42127.376322 643880.182734 0.859559391 -0.161411633 -0.484525030 -0.018423700
1561000860.786372662 -471690.210713 -42145.233113 644180.752890 0.868166572 -0.240471700 -0.434078717 -0.005985932
1561000860.886844635 -471919.292841 -42163.290658 644483.432185 0.841341174 -0.214128886 -0.495141961 -0.033589994
1561000860.985849142 -472145.036265 -42181.166244 644781.780574 0.913391022 -0.155871934 -0.374944370 -0.028939611
1561000861.087421417 -472376.638029 -42199.583368 645087.970097 0.941762004 -0.089124816 -0.324253920 -0.000700692
1561000861.187074900 -472603.863231 -42217.719667 645388.487516 0.940755827 -0.098582520 -0.324426351 -0.002739111
1561000861.288581610 -472835.309561 -42236.257738 645694.708147 0.967130884 -0.002469187 -0.253992581 -0.011812106
1561000861.388399601 -473062.902900 -42254.549639 645995.951035 0.965062937 -0.074494119 -0.251176375 0.003818584
1561000861.486948013 -473287.602546 -42272.672510 646293.477652 0.975569824 -0.101563358 -0.194220075 -0.015065389
1561000861.588628292 -473519.453085 -42291.438512 646600.588901 0.989076092 -0.071221991 -0.129039161 0.002192410
1561000861.687599421 -473745.142508 -42309.768365 646899.651745 0.989679707 -0.097939832 -0.104591033 0.001607044
1561000861.787151575 -473972.176666 -42328.267691 647200.607784 0.998335732 -0.056001580 -0.008653754 -0.010709895
1561000861.888569117 -474203.496036 -42347.177339 647507.350698 0.993900845 -0.088623671 0.058141151 -0.030439477
1561000861.986772060 -474427.527046 -42365.551762 647804.515940 0.991500847 -0.079532973 0.098903876 -0.028611174
1561000862.088396072 -474659.412716 -42384.631399 648112.185998 0.991706675 -0.031248670 0.124524500 -0.005919519
1561000862.186939478 -474884.317100 -42403.190276 648410.681308 0.989468255 0.001901195 0.144052508 0.014065331
1561000862.288359165 -475115.835182 -42422.345421 648718.048071 0.978301660 -0.001800943 0.206977029 0.009117435
1561000862.388269663 -475343.965658 -42441.269203 649021.000541 0.962887907 -0.000822110 0.269876064 -0.003621113
1561000862.488193274 -475572.194255 -42460.250811 649324.150722 0.930147302 -0.006607335 0.366955722 0.011217757
1561000862.588199615 -475800.696344 -42479.302017 649627.709005 0.885599041 -0.024376540 0.462679320 0.032372354
1561000862.687339067 -476027.319836 -42498.237316 649928.787606 0.864321627 -0.028386095 0.499241136 0.053857612
1561000862.786695004 -476254.551118 -42517.261117 650230.671380 0.846770080 -0.055659339 0.529009887 0.005568531
1561000862.888214350 -476486.852989 -42536.754692 650539.273696 0.841947958 -0.088590908 0.526982815 -0.074594906
1561000862.986775875 -476712.507365 -42555.743355 650839.016880 0.806625135 -0.094506421 0.572766451 -0.111189124
1561000863.087428093 -476943.077220 -42575.204338 651145.239977 0.763068408 -0.092234525 0.629277773 -0.115016873
1561000863.188324213 -477174.342093 -42594.782290 651452.317777 0.728147494 -0.063188260 0.677964880 -0.078562657
1561000863.288430691 -477403.937743 -42614.271882 651757.102564 0.718544374 -0.036352696 0.693970914 -0.027871768
1561000863.389791489 -477636.554297 -42634.065392 652065.817412 0.665358166 -0.021469973 0.746033444 0.016481865
1561000863.488247156 -477862.647887 -42653.343638 652365.787561 0.622784912 -0.031997146 0.780982073 0.034382230
1561000863.589865208 -478096.157445 -42673.291026 652675.491010 0.627425181 -0.028951721 0.776941964 0.043134954
1561000863.688482523 -478322.921409 -42692.698107 652976.142651 0.620697753 -0.038469660 0.782893530 0.018223761
1561000863.789609194 -478555.606984 -42712.652849 653284.538564 0.617247250 -0.057668724 0.783492202 -0.042662864
1561000863.889846802 -478786.395205 -42732.492839 653590.311436 0.614490630 -0.056336147 0.786094965 -0.035807966
1561000863.988219023 -479013.031320 -42752.025421 653890.477700 0.590369197 -0.062380454 0.804680980 -0.007836515
1561000864.089657545 -479246.880805 -42772.228339 654200.082858 0.591519738 -0.074875122 0.802370468 0.026452750
1561000864.188581228 -479475.083508 -42791.986607 654502.095893 0.587315961 -0.085148004 0.803183228 0.052023862
1561000864.287930727 -479704.421299 -42811.881466 654805.493001 0.586853459 -0.091126559 0.801014058 0.075335563
1561000864.389504194 -479939.053438 -42832.272626 655115.769754 0.603807417 -0.114231795 0.785903006 0.068732562
1561000864.487970829 -480166.664922 -42852.089224 655416.643688 0.623435851 -0.135969551 0.767007426 0.067376764
1561000864.589492321 -480401.499076 -42872.571691 655726.946156 0.630118734 -0.143922442 0.759417201 0.074311685
1561000864.688722610 -480631.192515 -42892.640363 656030.340787 0.642196550 -0.160407870 0.746588417 0.066773068
1561000864.789917231 -480865.594951 -42913.154138 656339.841522 0.649317871 -0.173106633 0.737195278 0.070452230
1561000864.891318083 -481100.639328 -42933.755673 656650.077261 0.655256033 -0.182932385 0.726138737 0.099487726
1561000864.990149260 -481329.886331 -42953.873036 656952.554251 0.664954495 -0.197198088 0.708659242 0.129423770
1561000865.091492414 -481565.122466 -42974.533889 657262.830848 0.711161586 -0.229116917 0.651909001 0.129496303
1561000865.189548254 -481792.881395 -42994.552558 657563.158414 0.689601764 -0.263448391 0.657311029 0.151613205
1561000865.290952206 -482028.577102 -43015.277597 657873.860215 0.681241571 -0.291115267 0.658180387 0.134016423
1561000865.390984297 -482261.245248 -43035.742800 658180.474728 0.687576735 -0.318676783 0.644577054 0.101013673
1561000865.490374327 -482492.578506 -43056.099111 658485.233888 0.680410402 -0.342510008 0.643542804 0.074707697
1561000865.591106892 -482727.198951 -43076.754737 658794.220614 0.694708117 -0.348649772 0.621142319 0.100030940
1561000865.689819098 -482957.270971 -43097.017039 659097.123047 0.709938263 -0.347634399 0.592177590 0.156408722
1561000865.789503336 -483189.761997 -43117.491640 659403.131972 0.728897891 -0.349736074 0.546236544 0.219130513
1561000865.890933275 -483426.475935 -43138.328321 659714.639052 0.740751523 -0.362235993 0.505510413 0.254030487
1561000865.989778280 -483657.297852 -43158.630700 660018.349855 0.736457728 -0.380944810 0.487811459 0.273040377
1561000866.091110468 -483894.069684 -43179.435871 660329.851440 0.717772209 -0.412027383 0.485793688 0.281142284
1561000866.190095901 -484125.497101 -43199.747468 660634.283474 0.721187535 -0.446767781 0.444501002 0.287586421
1561000866.291534424 -484362.799497 -43220.549231 660946.411203 0.731800711 -0.473359440 0.402559192 0.279901157
1561000866.392870188 -484599.998512 -43241.319244 661258.379882 0.736984757 -0.502960828 0.376484558 0.249285482
1561000866.491155386 -484830.187116 -43261.459105 661561.108307 0.747321650 -0.546249970 0.327090120 0.190087809
1561000866.591423512 -485065.152385 -43282.010273 661870.097075 0.761162528 -0.569255910 0.275687873 0.143441665
1561000866.691462517 -485299.711218 -43302.531693 662178.533303 0.787780769 -0.565954136 0.214699472 0.114024175
1561000866.792206287 -485536.050304 -43323.225633 662489.301018 0.801563385 -0.566950941 0.165204886 0.093648899
1561000866.892293453 -485770.968428 -43343.818058 662798.200374 0.817631446 -0.557294929 0.112819419 0.090404426
1561000866.991171598 -486003.157917 -43364.201884 663103.523853 0.840453396 -0.530702280 0.064768093 0.088307834
1561000867.092915058 -486242.179799 -43385.225899 663417.856441 0.847808054 -0.526100909 -0.048619441 0.045557507
1561000867.191555977 -486474.002861 -43405.668747 663722.756804 0.855641232 -0.500937166 -0.115194816 0.060582113
1561000867.291521072 -486709.014043 -43426.453034 664031.898803 0.846932961 -0.508696649 -0.135703124 0.074276113
1561000867.393126249 -486947.952685 -43447.649165 664346.267761 0.847215042 -0.485542754 -0.205834481 0.064086453
1561000867.492095947 -487180.757003 -43468.367592 664652.628406 0.812027204 -0.534671798 -0.232614849 0.025064308
1561000867.592366695 -487416.690169 -43489.436763 664963.157710 0.782716553 -0.560887328 -0.269714697 -0.003766432
1561000867.691293955 -487649.535054 -43510.304837 665269.660460 0.766284301 -0.560094682 -0.314284402 -0.018100595
1561000867.791201591 -487884.759522 -43531.465773 665579.330014 0.761169444 -0.510691689 -0.397429832 -0.043181067
1561000867.892363310 -488123.002147 -43552.987324 665893.007083 0.748278830 -0.457351181 -0.476110815 -0.065016785
1561000867.991159439 -488355.728651 -43574.103089 666199.451575 0.712290032 -0.442866468 -0.537250223 -0.088737818
1561000868.092520952 -488594.552179 -43595.870090 666513.943821 0.646729549 -0.464781342 -0.593863757 -0.114214853
1561000868.191257238 -488827.251548 -43617.175222 666820.373569 0.570965593 -0.471798750 -0.655318754 -0.148194338
1561000868.292544365 -489066.034522 -43639.135438 667134.793603 0.507453748 -0.450177129 -0.711626982 -0.182806687
1561000868.392773867 -489302.402928 -43660.969445 667445.991925 0.465370465 -0.409559762 -0.753002726 -0.220630974
1561000868.491301775 -489534.839539 -43682.529690 667751.953636 0.426986080 -0.358201579 -0.788964875 -0.258667629
1561000868.592655659 -489774.028724 -43704.802365 668066.723312 0.348654618 -0.293737003 -0.837085790 -0.302400250
1561000868.691373587 -490007.089270 -43726.578035 668373.326208 0.262899941 -0.230241498 -0.876634892 -0.330732126
1561000868.792408228 -490245.721303 -43748.936418 668687.133113 0.202330831 -0.191894219 -0.900590802 -0.333429230
1561000868.892355442 -490481.892217 -43771.117125 668997.566882 0.125980447 -0.160000077 -0.923301350 -0.325643240
1561000868.992595911 -490718.869840 -43793.419119 669308.915141 0.038755171 -0.134023965 -0.943280406 -0.301260168
1561000869.092417955 -490954.979351 -43815.679778 669618.971346 -0.085891051 -0.093227575 -0.951273899 -0.281085956
1561000869.191066980 -491188.445406 -43837.719416 669925.397262 -0.158785531 0.055368841 -0.935128023 -0.311860590
1561000869.292294502 -491428.154713 -43860.355519 670239.843677 -0.138239185 0.156037449 -0.908788885 -0.361448481
1561000869.392442942 -491665.443409 -43882.746495 670550.941472 -0.182796820 0.267518147 -0.840140262 -0.434952531
1561000869.492010355 -491901.483213 -43904.978714 670860.241245 -0.278780310 0.371041702 -0.818210144 -0.339325441
1561000869.592391968 -492139.588888 -43927.351570 671172.093518 -0.322454426 0.473886789 -0.774876206 -0.266498255
1561000869.691181421 -492374.052389 -43949.324420 671479.029351 -0.310010329 0.542515974 -0.733761849 -0.266764996
1561000869.792562962 -492614.803104 -43971.816837 671794.059810 -0.362849231 0.615021989 -0.624055476 -0.317243048
1561000869.892659187 -492852.630746 -43993.955584 672105.159986 -0.423430143 0.666207235 -0.510972206 -0.340267893
1561000869.991239309 -493086.976710 -44015.689714 672411.635103 -0.471711169 0.706703630 -0.424647744 -0.312622530
1561000870.092490673 -493327.794380 -44037.945864 672726.523143 -0.491002283 0.736355275 -0.375816150 -0.274699634
1561000870.191358089 -493563.060128 -44059.617552 673034.113529 -0.486739687 0.771913407 -0.340993374 -0.225738096
1561000870.292388201 -493803.592168 -44081.705987 673348.552657 -0.485514007 0.806676062 -0.294916440 -0.163015867
1561000870.392344236 -494041.689651 -44103.509016 673659.774796 -0.497147800 0.827592140 -0.235665511 -0.111342183
1561000870.492326736 -494279.972711 -44125.276326 673971.209999 -0.496147623 0.847406607 -0.180025501 -0.057709595
1561000870.592434645 -494518.679416 -44147.038360 674283.170077 -0.501278379 0.855714540 -0.126351479 0.022537029
1561000870.691090345 -494754.049491 -44168.463084 674590.736372 -0.512063539 0.851308284 -0.081416628 0.080227610
1561000870.792562723 -494996.273809 -44190.488295 674907.219455 -0.515645919 0.845171111 -0.033623608 0.136618198
1561000870.892611265 -495235.235497 -44212.202603 675219.393838 -0.509630604 0.833559050 0.022215432 0.212043468
1561000870.991383791 -495471.285037 -44233.648580 675527.710521 -0.542183322 0.806955628 0.068174868 0.224080449
1561000871.092788696 -495713.765298 -44255.687912 675844.369459 -0.562282092 0.748764443 0.187240155 0.296869975
1561000871.191549540 -495950.054852 -44277.191696 676152.888007 -0.523650026 0.668230856 0.324181027 0.417330607
1561000871.293057442 -496193.050709 -44299.352418 676470.087212 -0.476987531 0.628426276 0.344983854 0.508477583
1561000871.393258810 -496433.055729 -44321.287836 676783.283779 -0.400649737 0.642312441 0.329301095 0.564336164
1561000871.491327524 -496668.091321 -44342.803482 677089.885571 -0.244977178 0.673763835 0.329112875 0.614583755
1561000871.592415810 -496910.515571 -44365.012565 677406.004208 -0.189673738 0.674191559 0.326386665 0.634792375
1561000871.691081524 -497147.281650 -44386.710633 677714.613829 -0.263972580 0.500938975 0.359395450 0.741763797
1561000871.792042255 -497389.699343 -44408.940778 678030.437637 -0.408161273 0.249908721 0.306861705 0.822669983
1561000871.892248631 -497630.417977 -44431.044190 678343.906383 -0.448862509 0.129324206 0.234557181 0.852514297
1561000871.990837574 -497867.335442 -44452.832414 678652.309731 -0.389048387 0.062171440 0.223264535 0.891587916
1561000872.091921568 -498110.329293 -44475.204411 678968.507702 -0.225132548 0.028887045 0.401890644 0.887110357
1561000872.191268921 -498349.235929 -44497.203296 679279.261283 -0.051461781 -0.005966793 0.600030011 0.798298233
1561000872.292386293 -498592.499662 -44519.589097 679595.542786 0.017731768 -0.071511338 0.595235344 0.800166607
1561000872.392513037 -498833.480165 -44541.736619 679908.719954 0.064727504 -0.163037910 0.514909227 0.839105165
1561000872.491271257 -499071.253731 -44563.546577 680217.614072 0.120614000 -0.241197493 0.434695118 0.859253273
1561000872.593823195 -499318.239529 -44586.141953 680538.379006 0.207663601 -0.339867126 0.396308584 0.827227702
1561000872.692731619 -499556.518782 -44607.869837 680847.766849 0.285142227 -0.435303406 0.399225141 0.754866969
1561000872.792932510 -499797.979870 -44629.807203 681161.234292 0.360052154 -0.524939493 0.409558353 0.653500521
1561000872.894023895 -500041.659016 -44651.858106 681477.542452 0.408288029 -0.577692032 0.408086339 0.577094742
1561000872.992580891 -500279.302989 -44673.276207 681785.988262 0.458097329 -0.609187542 0.377298799 0.526006646
1561000873.093592405 -500522.945345 -44695.147025 682102.197426 0.515070961 -0.628629063 0.350342457 0.465604520
1561000873.192583561 -500761.797800 -44716.504110 682412.174301 0.564306828 -0.645174856 0.330141845 0.395365112
1561000873.293694973 -501005.856375 -44738.246210 682728.892701 0.605056311 -0.652886393 0.321120033 0.323308123
1561000873.393817663 -501247.627319 -44759.710339 683042.625279 0.634587788 -0.671599660 0.300783783 0.236180761
1561000873.492455006 -501485.913503 -44780.800770 683351.818090 0.664248976 -0.677867458 0.273051554 0.157200055
1561000873.593667269 -501730.532074 -44802.395192 683669.206204 0.688061485 -0.669342507 0.261172626 0.101690025
1561000873.692740202 -501970.094582 -44823.495097 683980.009747 0.703585379 -0.660193853 0.257265689 0.054093037
1561000873.793896437 -502214.815961 -44845.006743 684297.475953 0.709001957 -0.655272938 0.260564998 0.006283708
1561000873.893952608 -502457.001397 -44866.258241 684611.614313 0.718746213 -0.644143378 0.259769299 -0.031671770
1561000873.992596388 -502695.893902 -44887.189680 684921.438175 0.724586614 -0.633887752 0.260571205 -0.072547948
1561000874.093740940 -502940.976538 -44908.636689 685239.238437 0.724320812 -0.621755496 0.278397933 -0.106179357
1561000874.192820072 -503181.187547 -44929.634301 685550.662764 0.724620318 -0.609694921 0.282421799 -0.153086331
1561000874.293826580 -503426.211877 -44951.034155 685868.259540 0.720866247 -0.599659915 0.289633078 -0.192022186
1561000874.394186258 -503669.809728 -44972.295136 686183.931264 0.718036273 -0.584437462 0.302297664 -0.226876369
1561000874.493761063 -503911.645362 -44993.391723 686497.237078 0.717105681 -0.563678755 0.311150515 -0.266854006
1561000874.594103098 -504155.490423 -45014.657456 686813.054848 0.710205911 -0.546531437 0.328527824 -0.298295862
1561000874.692945242 -504395.835215 -45035.614640 687124.242121 0.705157684 -0.523337939 0.328738583 -0.347564363
1561000874.792963266 -504639.185810 -45056.835400 687439.216508 0.690763808 -0.508802938 0.345289514 -0.380447216
1561000874.893836021 -504884.765645 -45078.254059 687756.962557 0.679689206 -0.494930994 0.363101898 -0.401525722
1561000874.993784428 -505128.243407 -45099.493937 688071.871031 0.666333535 -0.477442585 0.373858412 -0.433910228
1561000875.093783617 -505371.991549 -45120.764319 688387.006938 0.649385396 -0.465075193 0.400238489 -0.449235823
1561000875.192910433 -505613.757466 -45141.868525 688699.454473 0.618284762 -0.467752308 0.430112574 -0.462530977
1561000875.293983698 -505860.417792 -45163.403874 689018.092325 0.600588097 -0.451814346 0.445284266 -0.486702843
1561000875.394278288 -506105.324128 -45184.788691 689334.325604 0.586963344 -0.430237086 0.449625731 -0.517886845
1561000875.493526220 -506347.814292 -45205.966629 689647.300925 0.556830534 -0.423554798 0.466558397 -0.541169429
1561000875.593987465 -506593.409513 -45227.418455 689964.141703 0.527279577 -0.407406277 0.473859804 -0.575719775
1561000875.692781210 -506835.062910 -45248.528264 690275.755598 0.504510599 -0.386441266 0.478075029 -0.606280851
1561000875.794225931 -507083.335663 -45270.219460 690595.758670 0.483479481 -0.358688014 0.486306328 -0.633321921
1561000875.893841982 -507327.262283 -45291.535491 690910.015482 0.470577787 -0.322590296 0.490713318 -0.658553328
1561000875.993114948 -507570.471180 -45312.795075 691223.206807 0.421170721 -0.346819558 0.523693934 -0.654275233
1561000876.093847752 -507817.378897 -45334.378445 691541.017256 0.436243771 -0.257132067 0.515044665 -0.691594871
1561000876.192640543 -508059.644832 -45355.561366 691852.715924 0.385662446 -0.270408605 0.557256173 -0.683819582
1561000876.293836117 -508307.915006 -45377.275457 692172.001202 0.329289827 -0.293625349 0.590271837 -0.675967102
1561000876.394009590 -508553.785552 -45398.775805 692488.063698 0.359928273 -0.220839576 0.567600278 -0.706761236
1561000876.492722273 -508796.172250 -45419.971482 692799.516800 0.352250784 -0.206336319 0.613374117 -0.676104209
1561000876.594220638 -509045.498723 -45441.780321 693119.756425 0.320785679 -0.189931954 0.634810277 -0.676785279
1561000876.692855597 -509287.883714 -45462.987147 693430.957210 0.308660799 -0.155392761 0.620173017 -0.704249267
1561000876.794193506 -509536.999420 -45484.786739 693750.679998 0.273252133 -0.130070168 0.609010349 -0.733158522
1561000876.894265652 -509783.086188 -45506.324254 694066.403167 0.239690455 -0.092254401 0.597317315 -0.759769463
1561000876.992853642 -510025.595924 -45527.553295 694377.437287 0.210318177 -0.069686981 0.590303010 -0.776178037
1561000877.094144344 -510274.822173 -45549.373767 694696.989900 0.169399409 -0.067735079 0.605022788 -0.775024661
1561000877.193130970 -510518.441732 -45570.703741 695009.264844 0.167103989 -0.046834231 0.620119140 -0.765071934
1561000877.294479609 -510767.935116 -45592.548587 695328.982168 0.151336042 -0.018198191 0.626527809 -0.764348829
1561000877.394570589 -511014.388015 -45614.129627 695644.723569 0.133554678 0.005985494 0.631187470 -0.764022054
1561000877.492926836 -511256.618593 -45635.343371 695954.985055 0.112117958 0.043373043 0.602875981 -0.788726121
1561000877.593836308 -511505.181457 -45657.114663 696273.294231 0.086734471 0.064435061 0.599456777 -0.793080593
1561000877.692679882 -511748.694079 -45678.445677 696585.081811 0.069582094 0.088929189 0.596878794 -0.794346044
1561000877.793764114 -511997.761180 -45700.265082 696903.934041 0.042822846 0.108215649 0.592529427 -0.797097519
1561000877.893823385 -512244.333078 -45721.866004 697219.551615 0.009417456 0.116604645 0.599189698 -0.792014125
1561000877.992426395 -512487.342050 -45743.151820 697530.576309 -0.018749145 0.114659190 0.594316453 -0.795795007
1561000878.093654156 -512736.843789 -45765.000886 697849.882278 -0.037818731 0.126213209 0.602879403 -0.786877624
1561000878.185017347 -512962.049971 -45784.716757 698138.075926 -0.056044921 0.139675875 0.612773637 -0.775795132
1561000878.285387754 -513209.475309 -45806.370764 698454.687918 -0.074090426 0.170989474 0.587611300 -0.787392005
1561000878.386007071 -513457.528185 -45828.070639 698772.094950 -0.108308239 0.172829298 0.583718413 -0.785921226
1561000878.484843969 -513701.197374 -45849.376119 699083.891838 -0.131086208 0.182631378 0.578748640 -0.783908284
1561000878.586118460 -513950.883942 -45871.194204 699403.394919 -0.150374189 0.206509767 0.568467491 -0.782039661
1561000878.685236216 -514195.257598 -45892.534694 699716.113193 -0.163704895 0.230480798 0.567693240 -0.773177660
1561000878.785998583 -514443.687342 -45914.216464 700034.043421 -0.177055102 0.256667233 0.562812735 -0.765516328
1561000878.886228323 -514690.802174 -45935.771432 700350.320003 -0.196831866 0.267467034 0.557011535 -0.761220567
1561000878.985020638 -514934.369715 -45957.003919 700662.090266 -0.208627480 0.271573527 0.555956524 -0.757386782
1561000879.086344004 -515184.173084 -45978.765511 700981.881308 -0.218425524 0.274627847 0.552210354 -0.756262891
1561000879.185192347 -515427.869898 -45999.980455 701293.894664 -0.218735397 0.286992439 0.548241063 -0.754467960
1561000879.286033392 -515676.474102 -46021.607875 701612.233753 -0.210549036 0.294774215 0.544019302 -0.756848905
1561000879.386126280 -515923.227789 -46043.061628 701928.246694 -0.196650095 0.303453268 0.554560159 -0.749471737
1561000879.486286163 -516170.139834 -46064.520040 702244.506220 -0.180943926 0.300667082 0.572716505 -0.740847087
1561000879.586157322 -516416.333324 -46085.910761 702559.887217 -0.163981824 0.292242960 0.583544969 -0.739715677
1561000879.685005665 -516659.999927 -46107.079395 702872.068342 -0.144218925 0.290439050 0.593936246 -0.736264759
1561000879.785212994 -516907.011709 -46128.538693 703188.569962 -0.136394560 0.285236041 0.584035019 -0.747622914
1561000879.886291981 -517156.168074 -46150.184180 703507.852225 -0.115592483 0.292178791 0.576894510 -0.753964626
1561000879.985234022 -517400.053378 -46171.372725 703820.410580 -0.098556414 0.290647563 0.580625115 -0.754112129
1561000880.086106062 -517648.693659 -46192.977169 704139.089954 -0.079917308 0.273935355 0.606233061 -0.742330196
1561000880.184831142 -517892.041484 -46214.127566 704451.007826 -0.061352438 0.272578137 0.608214983 -0.742974812
1561000880.285908937 -518141.189721 -46235.791053 704770.378687 -0.049192805 0.282323484 0.591129040 -0.753949585
1561000880.386026859 -518387.973647 -46257.258534 705086.736146 -0.040613455 0.290772050 0.590463064 -0.751768271
1561000880.484945297 -518631.803190 -46278.480185 705399.321719 0.015779647 0.299371419 0.572368257 -0.763231508
1561000880.585868597 -518880.579479 -46300.147427 705718.259396 0.029534822 0.247847568 0.634488377 -0.731521549
1561000880.684758425 -519124.350795 -46321.395587 706030.784518 0.056507046 0.215938692 0.649695892 -0.726686097
1561000880.785991907 -519373.911974 -46343.168974 706350.727098 0.073855828 0.210266593 0.652082766 -0.724652567
1561000880.886410475 -519621.482046 -46364.793107 706668.102200 0.092199292 0.206834623 0.667278392 -0.709547938
1561000880.985992670 -519867.010511 -46386.263167 706982.839873 0.091454846 0.205569071 0.643305166 -0.731803137
1561000881.084818125 -520110.693264 -46407.594974 707295.191419 0.085322090 0.222153388 0.627653585 -0.741228029
1561000881.184985161 -520357.703859 -46429.240465 707611.788946 0.079297926 0.219535644 0.612514894 -0.755209537
1561000881.285832882 -520606.412745 -46451.056243 707930.543850 0.056643244 0.188420468 0.628714744 -0.752334394
1561000881.386384964 -520854.413732 -46472.828183 708248.368299 0.041039483 0.163239220 0.650004080 -0.741055608
1561000881.485006332 -521097.674227 -46494.199021 708560.093012 0.035678333 0.158305767 0.654876903 -0.738107433
1561000881.586257696 -521347.444681 -46516.156355 708880.132893 0.016413397 0.063802068 0.669415493 -0.739961346
1561000881.685531139 -521592.362234 -46537.698725 709193.920957 0.062209369 0.158188955 0.673461734 -0.719413332
1561000881.786078215 -521840.448240 -46559.535960 709511.735430 0.048995934 0.164804649 0.683415146 -0.709494584
1561000881.886461020 -522088.153055 -46581.355287 709829.032062 0.095432691 0.216952578 0.627615936 -0.741567541
1561000881.984720707 -522330.641566 -46602.732746 710139.619567 0.046072297 0.115735528 0.740109416 -0.660848457
1561000882.085684776 -522579.832969 -46624.727133 710458.756397 0.039583429 0.077295688 0.824170738 -0.559643747
1561000882.184692621 -522824.230595 -46646.323556 710771.708148 0.091794483 0.093587446 0.802982707 -0.581406858
1561000882.285884857 -523074.059242 -46668.424424 711091.561785 0.098588436 0.089067673 0.786814007 -0.602719659
1561000882.387290001 -523324.453833 -46690.597838 711412.084863 0.086482829 0.083166504 0.766248890 -0.631242181
1561000882.485165119 -523566.169194 -46712.020692 711721.446521 0.082371455 0.070891053 0.746722413 -0.656197409
1561000882.585596323 -523814.235688 -46734.022576 712038.883162 0.089009306 0.053906091 0.755501858 -0.646829513
1561000882.685368776 -524060.715974 -46755.898270 712354.232389 0.108413191 0.030627922 0.771611234 -0.626038828
1561000882.786082029 -524309.566768 -46777.999226 712672.548576 0.127202652 0.000078147 0.776485040 -0.617163238
1561000882.885799170 -524556.007821 -46799.899367 712987.708599 0.153172072 -0.026959208 0.774032598 -0.613746735
1561000882.985943556 -524803.562223 -46821.910199 713304.210114 0.172700763 -0.066968311 0.768232064 -0.612788045
1561000883.086923838 -525053.248247 -46844.118873 713623.343731 0.195154924 -0.114232875 0.759417573 -0.610041274
1561000883.185138702 -525296.166997 -46865.730064 713933.728177 0.223787372 -0.166619888 0.756970406 -0.590891555
1561000883.287143946 -525548.544283 -46888.182604 714256.082200 0.273431884 -0.223206161 0.744091871 -0.567222445
1561000883.387141943 -525796.049599 -46910.198098 714572.086949 0.314418448 -0.282152563 0.734618503 -0.530911127
1561000883.487781048 -526045.247970 -46932.356273 714890.116986 0.371989262 -0.321868447 0.716454561 -0.494689350
1561000883.586731195 -526290.378591 -46954.142728 715202.815445 0.406731280 -0.367913816 0.688044894 -0.475187661
1561000883.685122967 -526534.246284 -46975.803305 715513.762181 0.431456670 -0.418174381 0.659764243 -0.451316378
1561000883.785098553 -526782.169003 -46997.806170 715829.734910 0.467333525 -0.458199996 0.619333409 -0.433679915
1561000883.886617184 -527034.057310 -47020.139633 716150.615138 0.500899073 -0.500727165 0.581834548 -0.399801181
1561000883.984773397 -527277.741610 -47041.723064 716460.907905 0.539221478 -0.540158646 0.539200832 -0.355993394
1561000884.086572647 -527530.617818 -47064.095320 716782.771495 0.575753786 -0.577946065 0.485958907 -0.313575930
1561000884.185285807 -527775.973113 -47085.775992 717094.944499 0.613694058 -0.605997119 0.430383907 -0.266302060
1561000884.286631823 -528028.020666 -47108.021493 717415.526500 0.639084079 -0.640798205 0.367914830 -0.213513179
1561000884.386806011 -528277.297650 -47129.994816 717732.498726 0.669195865 -0.665314148 0.299027894 -0.141831936
1561000884.484713554 -528521.066400 -47151.456247 718042.406627 0.684661862 -0.671156165 0.263301375 -0.107051024
1561000884.586769342 -528775.297654 -47173.812995 718365.567451 0.699663661 -0.661898260 0.248082031 -0.104003660
1561000884.685124874 -529020.439286 -47195.346908 718677.132510 0.668369266 -0.691234172 0.240369453 -0.133042735
1561000884.785817146 -529271.535357 -47217.378829 718996.222227 0.642186309 -0.712928291 0.248093873 -0.133339514
1561000884.887610435 -529525.510706 -47239.633844 719318.926002 0.661208637 -0.698934611 0.234037483 -0.139714009
1561000884.985341787 -529769.477635 -47260.985694 719628.872507 0.662610691 -0.702948455 0.217847271 -0.139115449
1561000885.086368084 -530021.797934 -47283.044328 719949.394920 0.705367411 -0.688131165 0.158711480 -0.061179910
1561000885.184229612 -530266.330576 -47304.399833 720260.007039 0.706056807 -0.686357222 0.165980780 -0.053366011
1561000885.286230803 -530521.327358 -47326.645194 720583.896277 0.705883457 -0.664983361 0.216977132 -0.111564326
1561000885.386425257 -530771.934868 -47348.484276 720902.178002 0.632126057 -0.720119861 0.246017273 -0.146012106
1561000885.486494303 -531022.358763 -47370.280048 721220.184374 0.587155932 -0.756301410 0.246477506 -0.150016424
1561000885.586682081 -531273.208590 -47392.080802 721538.691241 0.661413249 -0.721337010 0.197918696 -0.055078314
1561000885.685230255 -531520.070816 -47413.506270 721852.115270 0.805868813 -0.578119244 0.110496786 0.064374340
1561000885.786813736 -531774.645409 -47435.580488 722175.338976 0.785521581 -0.609935683 0.101757234 0.024078493
1561000885.888082027 -532028.540551 -47457.578201 722497.707190 0.711960166 -0.687550168 0.135712057 -0.044381601
1561000885.986366749 -532275.067768 -47478.916795 722810.713419 0.630559482 -0.749006654 0.178450503 -0.097668775
1561000886.087970495 -532530.042149 -47500.957608 723134.423286 0.605560473 -0.765509894 0.192026507 -0.102063391
1561000886.186318159 -532776.964965 -47522.270801 723447.886408 0.639324070 -0.744639855 0.168746160 -0.091109566
1561000886.286524773 -533028.675623 -47543.969094 723767.405754 0.678095463 -0.715346669 0.143963480 -0.087978419
1561000886.387984037 -533283.655503 -47565.926720 724091.056599 0.706668274 -0.690238490 0.126841879 -0.090010637
1561000886.486156940 -533530.493201 -47587.166695 724404.357649 0.712902388 -0.682719652 0.118361842 -0.107956177
1561000886.587652445 -533785.806946 -47609.123170 724728.399894 0.708638742 -0.683344743 0.122213673 -0.126233569
1561000886.686399221 -534034.327107 -47630.483762 725043.798766 0.699142114 -0.688953290 0.119536472 -0.149180094
1561000886.788049221 -534290.280222 -47652.472953 725368.605775 0.688190644 -0.693047340 0.117680181 -0.179528263
1561000886.887800694 -534541.579192 -47674.054650 725687.476184 0.681285318 -0.686901481 0.129179750 -0.217552899
1561000886.987319231 -534792.420105 -47695.591160 726005.730136 0.689451044 -0.677095426 0.140064923 -0.215825993
1561000887.087968111 -535046.240180 -47717.378205 726327.724243 0.672002460 -0.687485079 0.159564400 -0.224312645
1561000887.186514139 -535294.888303 -47738.715305 726643.113754 0.685578560 -0.668756822 0.164219437 -0.236174359
1561000887.289673328 -535555.315019 -47761.057583 726973.393238 0.680649835 -0.662427101 0.167055191 -0.264572678
1561000887.390467644 -535809.910766 -47782.897330 727296.224170 0.689817020 -0.649304230 0.179076124 -0.265496211
1561000887.489010096 -536058.952806 -47804.257642 727611.958752 0.685014447 -0.647084694 0.177909270 -0.283522305
1561000887.589905500 -536314.080285 -47826.136586 727935.349662 0.685034486 -0.645273476 0.192382619 -0.278098583
1561000887.688088417 -536562.485120 -47847.435904 728250.158183 0.691096810 -0.634936761 0.190372130 -0.288095403
1561000887.789899826 -536820.212479 -47869.531988 728576.716496 0.679832370 -0.639340952 0.192088868 -0.303600004
1561000887.889780760 -537073.194516 -47891.219221 728897.195418 0.674292782 -0.637889917 0.205569967 -0.310107539
1561000887.989644527 -537326.274256 -47912.911829 729217.728580 0.668376770 -0.634024068 0.207309785 -0.329102763
1561000888.089497089 -537579.467720 -47934.611915 729538.332853 0.658782808 -0.641057338 0.213439212 -0.330899385
1561000888.187629461 -537828.438201 -47955.947988 729853.516599 0.675798222 -0.627793769 0.177165649 -0.343196853
1561000888.289185524 -538086.238628 -47978.043303 730179.804870 0.667220321 -0.619740301 0.202942955 -0.359934938
1561000888.390936136 -538344.680543 -48000.196950 730506.826058 0.643656820 -0.635826557 0.248440763 -0.345987970
1561000888.490591764 -538597.946501 -48021.903897 730827.215660 0.619394578 -0.646891973 0.264616059 -0.357574431
1561000888.590508938 -538852.023176 -48043.671532 731148.543893 0.607362163 -0.651541551 0.257880171 -0.374302855
1561000888.689139605 -539102.972560 -48065.161182 731465.828119 0.622849132 -0.645323616 0.277601930 -0.344316073
1561000888.791999340 -539364.834516 -48087.574641 731796.817630 0.636574504 -0.632489879 0.282673012 -0.338859000
1561000888.893402576 -539623.140800 -48109.673788 732123.220931 0.639331307 -0.625564147 0.279736687 -0.348815658
1561000888.992777824 -539876.427859 -48131.334755 732443.191712 0.617081848 -0.632983165 0.282745446 -0.372286608
1561000889.093769550 -540133.984300 -48153.351968 732768.461494 0.605690924 -0.639961250 0.273857464 -0.385473983
1561000889.192601681 -540386.179025 -48174.901598 733086.866371 0.610611749 -0.636271262 0.263788511 -0.390804037
1561000889.285876989 -540624.326483 -48195.243997 733387.452078 0.632080741 -0.622260700 0.252433072 -0.386708033
1561000889.385849237 -540879.714323 -48217.055071 733709.709603 0.637857937 -0.620403900 0.273281886 -0.365449400
1561000889.484553814 -541132.007652 -48238.596549 734027.973390 0.632279975 -0.622519766 0.298302527 -0.351719743
1561000889.585926294 -541391.269578 -48260.725388 734354.934586 0.620774783 -0.631607045 0.289624649 -0.363082323
1561000889.684666634 -541643.946055 -48282.284160 734673.497547 0.614325928 -0.636233744 0.284973369 -0.369594990
1561000889.784691572 -541900.057267 -48304.127744 734996.296566 0.634521283 -0.625773454 0.292130289 -0.347059389
1561000889.884907007 -542156.806690 -48326.017268 735319.806095 0.637899010 -0.628290146 0.281653918 -0.344974515
1561000889.985823631 -542415.502113 -48348.064039 735645.675642 0.636381369 -0.635942144 0.270823137 -0.342419582
1561000890.085839510 -542672.036681 -48369.918005 735968.734632 0.638177622 -0.644562525 0.274531020 -0.319219662
1561000890.184747219 -542925.873137 -48391.532447 736288.311690 0.641157436 -0.651051198 0.275878458 -0.298229032
1561000890.286105394 -543186.146456 -48413.683604 736615.910276 0.653176423 -0.648335793 0.253881766 -0.297599244
1561000890.386276245 -543443.517178 -48435.577295 736939.776839 0.667228401 -0.642653586 0.250801541 -0.280893603
1561000890.485972166 -543699.811101 -48457.369359 737262.214535 0.673835736 -0.638499840 0.247862723 -0.277177606
1561000890.586155176 -543957.501092 -48479.270706 737586.335717 0.666921432 -0.646650812 0.236202356 -0.285073635
1561000890.684796810 -544211.367517 -48500.837732 737905.576757 0.664015421 -0.648584833 0.235261173 -0.288224593
1561000890.785772085 -544471.382875 -48522.916584 738232.477784 0.653250743 -0.651894730 0.240708209 -0.300593222
1561000890.886117697 -544729.921919 -48544.859041 738557.449237 0.656034626 -0.644444060 0.241499799 -0.309819738
1561000890.984572887 -544983.730001 -48566.390349 738876.403809 0.690163052 -0.654391631 0.170586654 -0.257578626
1561000891.085814714 -545244.860190 -48588.537292 739204.504393 0.717665869 -0.644201979 0.142187189 -0.223029849
1561000891.184544563 -545499.641455 -48610.143320 739524.585937 0.691005211 -0.637289535 0.176125085 -0.292153730
1561000891.285807610 -545761.098143 -48632.312955 739852.997282 0.562447488 -0.696599523 0.235379908 -0.378151064
1561000891.386046648 -546020.055269 -48654.256408 740178.188999 0.358372850 -0.769327233 0.283043333 -0.446756064
1561000891.485222578 -546276.407573 -48675.943418 740500.018828 0.373794829 -0.723231581 0.348322117 -0.464634489
1561000891.585948944 -546536.912994 -48697.941823 740826.959192 0.547236323 -0.651659616 0.405623693 -0.333678846
1561000891.684765577 -546792.625772 -48719.508276 741147.782586 0.701397123 -0.578809934 0.389796859 -0.145187965
1561000891.785688639 -547053.935978 -48741.527709 741475.548026 0.780422336 -0.525460817 0.338130514 -0.022353151
1561000891.885642529 -547312.874053 -48763.324968 741800.283722 0.809881945 -0.478372550 0.338136585 0.030242145
1561000891.984293222 -547568.567764 -48784.825499 742120.901807 0.714037308 -0.546399862 0.411896847 -0.148117863
1561000892.085436821 -547830.867071 -48806.856581 742449.723094 0.493139908 -0.624776692 0.516430173 -0.315859133
1561000892.184521198 -548087.969226 -48828.413904 742771.918654 0.416496800 -0.631758557 0.553953973 -0.347198124
1561000892.286116362 -548351.729571 -48850.482923 743102.333565 0.439958935 -0.614813542 0.555971131 -0.345451219
1561000892.386086464 -548611.412565 -48872.166737 743427.514014 0.575642767 -0.550840924 0.560555394 -0.225803745
1561000892.486127615 -548871.425823 -48893.841897 743752.983023 0.588415727 -0.538762406 0.563293502 -0.214947510
1561000892.585577250 -549130.047621 -48915.368428 744076.588894 0.589517948 -0.519660434 0.579630379 -0.215523190
1561000892.684579134 -549387.648745 -48936.778197 744398.795621 0.542379860 -0.526927882 0.589715783 -0.283560206
1561000892.784644604 -549648.161653 -48958.398283 744724.515586 0.500194960 -0.524720262 0.603203796 -0.332594090
1561000892.885777235 -549911.597646 -48980.228648 745053.754622 0.488031155 -0.510914861 0.614612783 -0.350774463
1561000892.984470606 -550168.819061 -49001.513909 745375.092517 0.493896624 -0.491375952 0.625887304 -0.350543694
1561000893.085635662 -550432.624656 -49023.315858 745704.516246 0.500607620 -0.476847403 0.643546927 -0.328414247
1561000893.184586525 -550690.796109 -49044.626747 746026.766294 0.498415893 -0.453213721 0.658822387 -0.334861141
1561000893.285803080 -550955.020741 -49066.414415 746356.429160 0.481517439 -0.434088780 0.674497763 -0.353214743
1561000893.386007309 -551216.741292 -49087.973840 746682.824002 0.472053121 -0.413713437 0.676376451 -0.385385442
1561000893.484740496 -551474.751865 -49109.208461 747004.450976 0.456842496 -0.402231370 0.684368372 -0.401428437
1561000893.585797071 -551738.967490 -49130.936100 747333.667509 0.459209011 -0.382303283 0.694045254 -0.401587437
1561000893.685594320 -552000.022377 -49152.388895 747658.800706 0.461109805 -0.355624267 0.707058331 -0.401220195
1561000893.785679817 -552261.960792 -49173.902591 747984.889801 0.445814273 -0.334779040 0.714373820 -0.422897947
1561000893.885565042 -552523.501334 -49195.374900 748310.339530 0.421209902 -0.316239242 0.723315680 -0.446530388
1561000893.984485149 -552782.636178 -49216.642910 748632.655526 0.395821001 -0.291195662 0.727543650 -0.478759918
1561000894.085658550 -553047.792176 -49238.399897 748962.318089 0.383163552 -0.264188560 0.732172579 -0.497306155
1561000894.184957027 -553308.147212 -49259.761770 749285.873743 0.387524119 -0.235506277 0.738433706 -0.499076660
1561000894.285581350 -553572.090414 -49281.420717 749613.750504 0.405981806 -0.205647624 0.742839087 -0.490996862
1561000894.385798454 -553835.075844 -49303.009403 749940.301220 0.406599726 -0.180651196 0.748501015 -0.491719471
1561000894.484266520 -554093.577285 -49324.242090 750261.153703 0.404495155 -0.161007811 0.749668329 -0.498455164
1561000894.585440397 -554359.288971 -49346.082464 750590.823807 0.394216027 -0.134080433 0.743410525 -0.523408973
1561000894.684200048 -554618.757786 -49367.427791 750912.623882 0.382839926 -0.101538240 0.729149476 -0.558090153
1561000894.785492659 -554884.979860 -49389.351208 751242.677648 0.356316960 -0.083386631 0.724181572 -0.584504871
1561000894.885425091 -555147.716746 -49411.009811 751568.294331 0.322918149 -0.082575525 0.741906505 -0.581790245
1561000894.984629393 -555408.624859 -49432.538738 751891.533539 0.314440660 -0.062715116 0.756173385 -0.570434656
1561000895.085480452 -555673.945943 -49454.453777 752220.130448 0.307576281 -0.039163202 0.757481188 -0.574530525
1561000895.184426308 -555934.333572 -49475.985302 752542.514115 0.302459539 -0.023314716 0.753744888 -0.582960801
1561000895.284456730 -556197.650412 -49497.784867 752868.425226 0.282825529 -0.009752161 0.749373672 -0.598626524
1561000895.386032104 -556465.107327 -49519.954153 753199.363096 0.258748288 0.011262321 0.755670182 -0.601568832
1561000895.484447956 -556724.310059 -49541.464769 753520.000135 0.235772611 0.032923442 0.741720116 -0.627039546
1561000895.585673809 -556990.975290 -49563.621520 753849.785131 0.218217645 0.045476082 0.741240226 -0.633147623
1561000895.684838772 -557252.266645 -49585.358112 754172.848698 0.207535951 0.061656670 0.744369480 -0.631697207
1561000895.785743475 -557518.196251 -49607.508197 754501.574769 0.197199669 0.079008848 0.744144278 -0.633339709
1561000895.886014223 -557782.506006 -49629.551472 754828.231093 0.182196474 0.094495602 0.744635065 -0.635132778
1561000895.984343529 -558041.742893 -49651.199656 755148.557908 0.158909908 0.117448084 0.738043749 -0.645170530
1561000896.086428404 -558310.923307 -49673.707430 755481.116403 0.141133560 0.139546242 0.731804038 -0.651974704
1561000896.185839653 -558573.090767 -49695.657399 755804.963785 0.118758421 0.148979131 0.733341696 -0.652619041
1561000896.284812212 -558834.134159 -49717.540537 756127.381878 0.110622384 0.159009069 0.748623738 -0.634067271
1561000896.386693954 -559102.882991 -49740.099108 756459.277886 0.096715357 0.177428320 0.755885359 -0.622738031
1561000896.486507416 -559366.205752 -49762.232795 756784.438736 0.088354643 0.197445130 0.747868083 -0.627616291
1561000896.586625099 -559630.357162 -49784.467837 757110.595741 0.068254950 0.213368697 0.732437698 -0.642923075
1561000896.684798717 -559889.400836 -49806.302403 757430.426267 0.063187714 0.234994091 0.727318325 -0.641711106
1561000896.786543369 -560157.885945 -49828.963653 757761.900197 0.053070758 0.258506925 0.715765254 -0.646558401
1561000896.886681080 -560422.146480 -49851.299284 758088.150682 0.042938682 0.274113503 0.712174062 -0.644845844
1561000896.986722708 -560686.166731 -49873.645782 758414.102340 0.036311631 0.287221921 0.707904871 -0.644248188
1561000897.086859941 -560950.450879 -49896.045970 758740.381496 0.037432672 0.296234267 0.704703869 -0.643612081
1561000897.185007811 -561209.495110 -49918.033692 759060.195534 0.044543082 0.304073030 0.708586450 -0.635185602
1561000897.287002802 -561478.703844 -49940.919672 759392.564263 0.052279597 0.326807426 0.703545934 -0.628877467
1561000897.386970997 -561742.572261 -49963.389634 759718.348604 0.051895216 0.344526450 0.698166346 -0.625437579
1561000897.485083580 -562001.552443 -49985.481564 760038.109620 0.029378784 0.356117783 0.675630216 -0.644857211
1561000897.587006569 -562270.596944 -50008.471390 760370.314262 0.041846290 0.386300563 0.689823427 -0.610871838
1561000897.685225964 -562529.870172 -50030.665528 760690.475642 0.029976686 0.389827605 0.716989982 -0.577114548
1561000897.786703587 -562797.749025 -50053.638050 761021.288890 0.025223804 0.423955769 0.718268844 -0.551103560
1561000897.886694670 -563061.708138 -50076.318331 761347.290351 0.017142299 0.458009019 0.676062572 -0.576951712
1561000897.986601830 -563325.447392 -50099.023621 761673.057544 -0.009312751 0.452681210 0.682098740 -0.574224959
1561000898.087669849 -563592.250039 -50122.035444 762002.653331 -0.032437847 0.454065430 0.670127410 -0.586260715
1561000898.184745789 -563848.511108 -50144.175836 762319.273065 -0.045972311 0.461880681 0.664056381 -0.586158601
1561000898.286653996 -564117.523635 -50167.456151 762651.699944 -0.050351614 0.470780695 0.664760079 -0.577861826
1561000898.386683941 -564381.572828 -50190.345268 762978.047507 -0.049525422 0.473439664 0.670821162 -0.568683642
1561000898.485781908 -564643.157095 -50213.059644 763301.402522 -0.044127809 0.493526121 0.664686411 -0.559174999
1561000898.586962938 -564910.234972 -50236.291848 763631.605558 -0.054957523 0.501651933 0.651126963 -0.566885073
1561000898.685339689 -565169.904692 -50258.917847 763952.708723 -0.056381042 0.519414915 0.622132432 -0.583078521
1561000898.785719633 -565434.854115 -50282.040831 764280.405489 -0.071895838 0.521826846 0.610939761 -0.590999441
1561000898.887355089 -565703.108060 -50305.487722 764612.259445 -0.091524624 0.526635924 0.613876551 -0.580890202
1561000898.985947847 -565963.321277 -50328.264905 764934.236255 -0.144245828 0.513177945 0.612657107 -0.583517615
1561000899.086993694 -566229.996761 -50351.637527 765264.285981 -0.087482728 0.577690467 0.624237997 -0.518601407
1561000899.186940432 -566493.761992 -50374.792890 765590.812828 -0.130635540 0.556317302 0.633608776 -0.521522131
1561000899.286822319 -566757.346671 -50397.970188 765917.194011 -0.166666150 0.483263283 0.692636389 -0.508855408
1561000899.387273550 -567022.424400 -50421.316469 766245.498158 -0.060368576 0.576175825 0.647990991 -0.494453972
1561000899.486770868 -567284.979272 -50444.486389 766570.750061 -0.119103164 0.550790749 0.613941929 -0.552737998
1561000899.586809874 -567548.954854 -50467.820207 766897.838027 -0.156327996 0.574249435 0.581075242 -0.555113238
1561000899.684721470 -567807.305318 -50490.687296 767218.037950 -0.165466924 0.586556542 0.618436375 -0.496093308
1561000899.786564827 -568076.018661 -50514.505026 767551.172141 -0.197099698 0.560625418 0.631264181 -0.498353674
1561000899.887702942 -568342.860352 -50538.193127 767882.076962 -0.238041161 0.525455231 0.651897115 -0.492202557
1561000899.987822056 -568607.002284 -50561.674992 768209.723469 -0.223551693 0.539409747 0.643150004 -0.495398666
1561000900.087816477 -568870.804057 -50585.160036 768537.037066 -0.205856067 0.531027313 0.652773370 -0.499519970
1561000900.187907219 -569134.848680 -50608.701297 768864.739854 -0.187812116 0.525285339 0.664727423 -0.496929949
1561000900.287814617 -569398.399346 -50632.235706 769191.913074 -0.161497946 0.523141744 0.684493122 -0.481362955
1561000900.387785673 -569662.109570 -50655.825124 769519.362415 -0.141352747 0.517060407 0.699276632 -0.472948335
1561000900.486164570 -569921.613930 -50679.081432 769841.660930 -0.126576132 0.506597477 0.701617702 -0.484840261
1561000900.587921858 -570190.024850 -50703.181845 770175.090921 -0.110637231 0.487999135 0.712557628 -0.491810813
1561000900.686345816 -570449.639671 -50726.537058 770497.656644 -0.082070192 0.473819050 0.719912804 -0.500485311
1561000900.786806583 -570714.624987 -50750.421228 770826.951458 -0.043485883 0.462741811 0.726808187 -0.505696404
1561000900.888228655 -570982.147023 -50774.583029 771159.447361 -0.010118106 0.432813522 0.742206611 -0.511565661
1561000900.988233328 -571245.935062 -50798.458347 771487.338830 0.028583484 0.391134463 0.778430761 -0.490145251
1561000901.087932348 -571508.930204 -50822.314156 771814.265053 0.066869726 0.338338979 0.808845228 -0.476261034
1561000901.186151743 -571768.042413 -50845.869701 772136.364787 0.109320687 0.279748669 0.837882912 -0.455787116
1561000901.287804127 -572036.242927 -50870.303996 772469.741411 0.139557905 0.201731488 0.869985908 -0.427729491
1561000901.387746572 -572299.975096 -50894.379885 772797.520710 0.181513086 0.129245842 0.887092501 -0.404246716
1561000901.487755775 -572563.937822 -50918.518884 773125.522757 0.215027962 0.050208684 0.896138078 -0.384939746
1561000901.587847233 -572828.183792 -50942.718480 773453.793305 0.247678995 -0.021892777 0.895331075 -0.369537667
1561000901.686299801 -573088.177499 -50966.553487 773776.684863 0.281801762 -0.094635731 0.888775245 -0.348870191
1561000901.788129330 -573357.177759 -50991.230203 774110.646769 0.309650009 -0.168508218 0.876772877 -0.327095056
1561000901.888189793 -573621.602160 -51015.492875 774438.803460 0.337280447 -0.235042272 0.859457101 -0.303859377
1561000901.986554861 -573881.649609 -51039.349151 774761.400098 0.365463745 -0.304691055 0.838127195 -0.266725359
1561000902.088332891 -574150.834964 -51064.028722 775095.195354 0.386728736 -0.376688606 0.805445994 -0.244547193
1561000902.186386347 -574410.286776 -51087.791627 775416.787462 0.407178677 -0.431581817 0.775615699 -0.215320568
1561000902.287969112 -574679.203676 -51112.387067 775749.976093 0.431390511 -0.455661701 0.756754569 -0.183295287
1561000902.389261961 -574947.484221 -51136.882324 776082.243084 0.444589953 -0.504765994 0.721920882 -0.162423228
1561000902.488210440 -575209.683976 -51160.777453 776406.854404 0.447986651 -0.547922223 0.692513420 -0.139693813
1561000902.589056015 -575477.041547 -51185.091241 776737.731652 0.456428129 -0.602479729 0.642655421 -0.125241963
1561000902.689269304 -575742.853962 -51209.208598 777066.585061 0.484106556 -0.633984282 0.595936267 -0.092545869
1561000902.789036274 -576007.612718 -51233.172302 777394.034449 0.492791645 -0.661824696 0.560450636 -0.070989797
1561000902.889103174 -576273.295873 -51257.157999 777722.538237 0.498603043 -0.685620503 0.528930040 -0.039402346
1561000902.990293503 -576542.090062 -51281.359362 778054.809483 0.494478987 -0.717544546 0.490271737 -0.015936708
1561000903.089672565 -576806.193860 -51305.072457 778381.217158 0.500567131 -0.744254436 0.442169581 -0.001985878
1561000903.188215733 -577068.193736 -51328.532316 778704.973210 0.526588236 -0.749337843 0.401330267 0.011473574
1561000903.289740086 -577338.239434 -51352.647501 779038.625673 0.543819710 -0.740916572 0.392412543 0.036265026
1561000903.389268875 -577603.094114 -51376.235271 779365.824497 0.559758853 -0.757223241 0.336536537 -0.005113638
1561000903.489741564 -577870.578917 -51399.998478 779696.238788 0.574801589 -0.757569027 0.309336590 -0.001782447
1561000903.589531422 -578136.363084 -51423.555509 780024.523558 0.565757449 -0.758719671 0.320138801 0.042120265
1561000903.687847614 -578398.333228 -51446.717189 780348.073141 0.548860008 -0.748067640 0.359217578 0.100549639
1561000903.789364338 -578668.943533 -51470.578453 780682.269155 0.573744411 -0.765062539 0.289351318 0.042100800
1561000903.889312983 -578935.488398 -51494.021838 781011.422626 0.571568244 -0.777959349 0.260937477 0.000792146
1561000903.989522457 -579202.841850 -51517.482569 781341.557824 0.576309080 -0.772137069 0.263169220 0.049134024
1561000904.089727640 -579470.292353 -51540.896829 781671.805141 0.577878986 -0.780796829 0.165908367 0.169960595
1561000904.188215494 -579733.250564 -51563.860618 781996.519457 0.582524798 -0.779456300 0.184281830 0.138394159
1561000904.289574385 -580003.968734 -51587.444750 782330.832561 0.611226817 -0.763492642 0.198144910 0.064956584
1561000904.389517784 -580271.010308 -51610.655477 782660.606939 0.566188019 -0.778744126 0.270021714 0.008774272
1561000904.489326954 -580537.805783 -51633.789591 782990.058120 0.399759336 -0.829227368 0.371949091 -0.119282516
1561000904.589414597 -580805.461787 -51656.932759 783320.533851 0.460523568 -0.809104393 0.362333649 -0.044524735
1561000904.687790632 -581068.653876 -51679.624966 783645.460883 0.542230813 -0.786227433 0.294146214 0.036196318
1561000904.789264917 -581340.249938 -51702.981120 783980.741361 0.689454625 -0.690702568 0.184956375 0.115643513
1561000904.889287472 -581608.068847 -51725.965910 784311.360434 0.737889235 -0.643707408 0.166712803 0.115616137
1561000904.989381075 -581876.185587 -51748.937601 784642.352814 0.687019287 -0.688765792 0.226302201 0.048923390
1561000905.087978840 -582140.408346 -51771.533907 784968.526347 0.593970516 -0.744180515 0.304649588 -0.024145726
1561000905.189596176 -582412.846991 -51794.781531 785304.808466 0.531894289 -0.768313172 0.349763024 -0.066702041
1561000905.289760351 -582681.515346 -51817.650442 785636.390782 0.549275415 -0.756858734 0.347978244 -0.066125017
1561000905.389706612 -582949.724891 -51840.425124 785967.360191 0.593161020 -0.731357115 0.334253727 -0.039385551
1561000905.488651991 -583215.373226 -51862.931359 786295.124283 0.617481362 -0.710477130 0.337075016 -0.017873129
1561000905.589407444 -583486.008921 -51885.808924 786628.996735 0.621895953 -0.698711491 0.353273345 -0.015672263
1561000905.688067436 -583751.142429 -51908.171455 786956.033833 0.603485713 -0.700799265 0.378492353 -0.037801093
1561000905.789299965 -584023.321291 -51931.075513 787291.703799 0.569436337 -0.710409930 0.408624110 -0.063924373
1561000905.888861418 -584291.138310 -51953.557342 787621.931044 0.554574022 -0.714439127 0.416537949 -0.092306688
1561000905.989447355 -584561.844736 -51976.226031 787955.651793 0.557949536 -0.709278707 0.418832907 -0.100970426
1561000906.090049744 -584832.730946 -51998.855103 788289.521896 0.575907337 -0.698922692 0.412324685 -0.099127004
1561000906.187967777 -585096.520774 -52020.840967 788614.575790 0.591180325 -0.690735494 0.405648063 -0.094021010
1561000906.289604902 -585370.467974 -52043.622891 788952.073194 0.598198886 -0.684723987 0.407260258 -0.086314750
1561000906.389497042 -585639.849255 -52065.975311 789283.873232 0.605282053 -0.675238093 0.410780724 -0.094585153
1561000906.489364624 -585909.303008 -52088.286427 789615.687936 0.598447035 -0.672008055 0.417980633 -0.124733755
1561000906.589335918 -586179.175733 -52110.587362 789947.938350 0.596748352 -0.662960391 0.429467529 -0.141182739
1561000906.688828707 -586447.897504 -52132.748449 790278.690541 0.596642396 -0.693319308 0.401380645 -0.047114402
1561000906.789369106 -586719.586148 -52155.103879 790613.023531 0.650098463 -0.660772431 0.375133773 -0.005141463
1561000906.889418840 -586990.082826 -52177.311462 790945.829848 0.663195952 -0.645745687 0.375845444 -0.043861588
1561000906.990430355 -587263.318676 -52199.699570 791281.941847 0.644434265 -0.652225449 0.386370168 -0.100122600
1561000907.089391708 -587531.147873 -52221.605271 791611.328999 0.501804453 -0.690161704 0.467368300 -0.231162250
1561000907.187846422 -587797.741652 -52243.362220 791939.109204 0.510012625 -0.674998787 0.469040086 -0.253505735
1561000907.289130449 -588072.138461 -52265.705851 792276.385948 0.583232809 -0.658992618 0.445084764 -0.165734044
1561000907.389406919 -588343.949495 -52287.794908 792610.391748 0.645482988 -0.627669188 0.423252596 -0.101194579
1561000907.489480972 -588615.355258 -52309.812492 792943.816241 0.655677770 -0.620469763 0.418359205 -0.100396764
1561000907.589342117 -588886.326825 -52331.759552 793276.624921 0.625332359 -0.629449464 0.442204277 -0.131179991
1561000907.687901735 -589153.907130 -52353.396538 793605.182904 0.611311600 -0.660037860 0.405146488 -0.162801948
1561000907.789552689 -589430.025752 -52375.685798 793944.137392 0.625084980 -0.670222431 0.370865661 -0.150097710
1561000907.889644146 -589702.050568 -52397.607896 794277.989477 0.643788911 -0.638069134 0.394160463 -0.151793111
1561000907.987939119 -589969.333546 -52419.113083 794605.943375 0.628004545 -0.607853358 0.445075649 -0.195018595
1561000908.089422703 -590245.434616 -52441.294437 794944.618765 0.514137745 -0.610896038 0.478002558 -0.366035469
1561000908.187925577 -590513.571047 -52462.805009 795273.408368 0.501599948 -0.594201688 0.483110026 -0.402400980
1561000908.289545059 -590790.341625 -52484.979833 795612.656152 0.606522943 -0.567784890 0.483576532 -0.275506761
1561000908.389443398 -591062.575995 -52506.768320 795946.225913 0.710272058 -0.529109214 0.454114532 -0.096628336
1561000908.489332199 -591334.932246 -52528.545674 796279.854936 0.818092076 -0.437713519 0.371213389 -0.036508217
1561000908.589207411 -591607.392996 -52550.318933 796613.548547 0.817327021 -0.423877973 0.375287409 -0.107067106
1561000908.687993765 -591877.024592 -52571.861946 796943.705294 0.675424542 -0.547153080 0.388459477 -0.305817641
1561000908.789226055 -592153.482795 -52593.943461 797282.120712 0.587233543 -0.574406291 0.387510142 -0.418389852
1561000908.889474630 -592427.405765 -52615.811751 797617.316449 0.603446744 -0.558694551 0.410282412 -0.394183674
1561000908.989305496 -592700.336905 -52637.594010 797951.182435 0.685453966 -0.484523137 0.401113282 -0.366740132
1561000909.089236021 -592973.689018 -52659.414229 798285.453124 0.745716329 -0.417690050 0.370949873 -0.363095540
1561000909.187848330 -593243.578018 -52680.973589 798615.388863 0.762246569 -0.382992517 0.359739635 -0.378000390
1561000909.289321899 -593521.443703 -52703.193822 798954.974788 0.757349032 -0.352747191 0.346722998 -0.426350824
1561000909.389849663 -593796.862147 -52725.249050 799291.468636 0.733085937 -0.360617749 0.329656694 -0.473145128
1561000909.487838030 -594065.457916 -52746.790227 799619.527555 0.719491871 -0.351801527 0.314295729 -0.509691404
1561000909.589385033 -594343.945620 -52769.162745 799959.565350 0.732236256 -0.304399152 0.303902976 -0.528028600
1561000909.688089371 -594614.767605 -52790.961252 800290.145171 0.742092616 -0.268686055 0.313747017 -0.527891241
1561000909.789591789 -594893.397874 -52813.435189 800630.158534 0.744585257 -0.224635643 0.318964816 -0.541657706
1561000909.889715910 -595168.370071 -52835.665317 800965.614799 0.748478480 -0.172837786 0.293637559 -0.568932377
1561000909.989523172 -595442.589574 -52857.890246 801300.066094 0.729126602 -0.159500639 0.259312011 -0.612936559
1561000910.089343309 -595716.955717 -52880.186140 801634.613776 0.718783221 -0.156548916 0.259256856 -0.625802686
1561000910.187537670 -595986.960291 -52902.184756 801963.761459 0.708343656 -0.162836960 0.284024411 -0.625350721
1561000910.287709236 -596262.512173 -52924.692247 802299.585017 0.698461184 -0.135276707 0.276328327 -0.646138409
1561000910.387338400 -596536.677761 -52947.145589 802633.635616 0.702693536 -0.075556470 0.234666140 -0.667416525
1561000910.490407228 -596820.410295 -52970.449605 802979.265246 0.687397430 -0.060676026 0.183988304 -0.699965354
1561000910.590402126 -597095.773979 -52993.133077 803314.629678 0.673290048 -0.062727585 0.230028270 -0.699880530
1561000910.689022064 -597367.440754 -53015.575034 803645.420693 0.677991669 -0.011208406 0.227698058 -0.698824201
1561000910.789587259 -597644.554473 -53038.534183 803982.778389 0.670631941 0.020880637 0.179052668 -0.719553292
1561000910.890298128 -597922.147884 -53061.603612 804320.663937 0.657559220 0.070251134 0.149654699 -0.735040218
1561000910.988979101 -598194.215533 -53084.283396 804651.777019 0.639711324 0.073941882 0.113162629 -0.756634812
1561000911.090563297 -598474.356607 -53107.706185 804992.668261 0.628680306 0.087025275 0.120035444 -0.763399742
1561000911.189390182 -598746.957719 -53130.565961 805324.341800 0.618764813 0.138226296 0.094200516 -0.767560982
1561000911.290751696 -599026.607170 -53154.085324 805664.558817 0.607141530 0.204290570 0.070308530 -0.764657594
1561000911.389676332 -599299.580816 -53177.109424 805996.634492 0.596012412 0.241466837 0.030325929 -0.765208017
1561000911.491091013 -599579.466196 -53200.782886 806337.109637 0.584830999 0.274158730 -0.006401817 -0.763392893
1561000911.590926409 -599855.027699 -53224.153922 806672.323663 0.566245149 0.302539151 -0.048564382 -0.765165338
1561000911.689503193 -600127.143678 -53247.291604 807003.351940 0.545885430 0.324623859 -0.090681310 -0.767075842
1561000911.789690971 -600403.730639 -53270.864979 807339.830291 0.526951419 0.354403924 -0.140244926 -0.759639008
1561000911.889990807 -600680.645157 -53294.518124 807676.726288 0.504997182 0.386527987 -0.176704940 -0.751231872
1561000911.992139101 -600962.677052 -53318.656783 808019.874253 0.478810285 0.421576106 -0.200195381 -0.743596738
1561000912.091301441 -601236.473913 -53342.132586 808353.033987 0.444872149 0.458896123 -0.244127405 -0.729318127
1561000912.191133499 -601512.124895 -53365.801745 808688.486450 0.409362857 0.487413039 -0.295673028 -0.712339835
1561000912.292020798 -601790.691061 -53389.748544 809027.528079 0.386375854 0.501654224 -0.324797603 -0.702540573
1561000912.392069101 -602066.940358 -53413.516959 809363.793053 0.358062120 0.523987630 -0.343963549 -0.692038697
1561000912.490847349 -602339.680601 -53436.998735 809695.830534 0.319764228 0.555888742 -0.364302186 -0.675294353
1561000912.592536688 -602620.456403 -53461.180909 810037.698684 0.289045449 0.577223717 -0.379279573 -0.662881977
1561000912.691112518 -602892.632627 -53484.624555 810369.144141 0.263358850 0.599375176 -0.405550803 -0.637902862
1561000912.792565107 -603172.747321 -53508.746848 810710.308046 0.213834789 0.635171728 -0.430791003 -0.604359719
1561000912.891014814 -603444.568492 -53532.140706 811041.421249 0.177137871 0.652156210 -0.462187530 -0.574192598
1561000912.992203712 -603723.952115 -53556.162204 811381.797463 0.150821430 0.666740799 -0.496819256 -0.534677688
1561000913.092192411 -604000.024641 -53579.867982 811718.188372 0.101795421 0.696433092 -0.503883840 -0.500719198
1561000913.190974236 -604272.770861 -53603.250333 812050.573716 0.059889308 0.717870690 -0.507625373 -0.472643020
1561000913.291935444 -604551.544931 -53627.104191 812390.351549 0.023784395 0.731297748 -0.521729090 -0.438676034
1561000913.392442465 -604829.080342 -53650.799813 812728.663202 -0.005744824 0.736305528 -0.550264573 -0.393738576
1561000913.491456747 -605102.515221 -53674.088602 813062.013021 -0.034589743 0.744039975 -0.568920648 -0.348622091
1561000913.592390537 -605381.278916 -53697.768119 813401.891732 -0.060975427 0.745182141 -0.584730387 -0.314763322
1561000913.691859007 -605656.029560 -53721.040629 813736.902874 -0.092950956 0.745727327 -0.598592252 -0.277377342
1561000913.792098761 -605932.951491 -53744.426915 814074.580346 -0.134130100 0.751917184 -0.602371095 -0.231902411
1561000913.890947104 -606206.077671 -53767.420737 814407.640354 -0.173525087 0.755113132 -0.604893713 -0.183839053
1561000913.992276192 -606486.116803 -53790.919857 814749.134315 -0.215296693 0.751981236 -0.606205628 -0.143827298
1561000914.092219830 -606762.393767 -53814.026195 815086.035793 -0.245128130 0.742730386 -0.615777704 -0.095297394
1561000914.190647840 -607034.553203 -53836.713070 815417.903642 -0.270624815 0.732467385 -0.622462886 -0.052855406
1561000914.291926384 -607314.676448 -53859.986721 815759.460136 -0.312813918 0.715634087 -0.624503602 0.003249246
1561000914.393311977 -607595.190633 -53883.216377 816101.459767 -0.349270865 0.706229541 -0.614789774 0.035822231
1561000914.492056370 -607868.494609 -53905.778752 816434.628099 -0.401153278 0.678196389 -0.607746966 0.098839920
1561000914.593222618 -608148.611499 -53928.836977 816776.049633 -0.440946504 0.658568130 -0.599873673 0.109570868
1561000914.692891836 -608424.696891 -53951.501515 817112.501256 -0.456786888 0.656273541 -0.589885186 0.112633232
1561000914.793418169 -608703.272855 -53974.310631 817451.931493 -0.498406463 0.640251373 -0.576383748 0.097216002
1561000914.893198252 -608979.898154 -53996.903361 817788.929507 -0.505678501 0.637937853 -0.566897197 0.126301691
1561000914.993697166 -609258.636607 -54019.614210 818128.444003 -0.456704214 0.661010610 -0.571294795 0.167655873
1561000915.093740463 -609536.231876 -54042.177885 818466.505464 -0.450429676 0.645166318 -0.556719135 0.266340637
1561000915.192480564 -609810.334856 -54064.411442 818800.244506 -0.524671432 0.571157127 -0.469157149 0.422363581
1561000915.293651342 -610091.324256 -54087.178713 819142.281807 -0.525186226 0.525819334 -0.437829956 0.505962830
1561000915.393397331 -610368.495272 -54109.625838 819479.576658 -0.533168676 0.477562844 -0.438386124 0.543583019
1561000915.493034124 -610645.502258 -54132.058000 819816.572162 -0.564633655 0.388557509 -0.391887247 0.613707002
1561000915.593575954 -610925.162865 -54154.719831 820156.693677 -0.623136217 0.295995894 -0.372211676 0.620923630
1561000915.693239212 -611202.510429 -54177.222789 820493.907058 -0.670606795 0.222408947 -0.377080583 0.598858097
1561000915.793272257 -611481.013463 -54199.855993 820832.439119 -0.702011489 0.180328420 -0.348281010 0.594442486
1561000915.892035007 -611756.099240 -54222.253345 821166.742169 -0.726867594 0.157296608 -0.295115253 0.599856871
1561000915.991886616 -612034.333373 -54244.955063 821504.806230 -0.745577840 0.149744961 -0.259848049 0.595121100
1561000916.093582392 -612317.821184 -54268.138547 821849.196325 -0.767064883 0.139521818 -0.233137908 0.581198627
1561000916.193789005 -612597.267964 -54291.045962 822188.629166 -0.780705085 0.118763072 -0.209052740 0.576794465
1561000916.293759584 -612876.161175 -54313.964038 822527.350251 -0.785549705 0.107439750 -0.172062826 0.584604776
1561000916.393654346 -613154.942260 -54336.931945 822865.903849 -0.786683439 0.100989953 -0.110354140 0.598959231
1561000916.493237495 -613432.946091 -54359.897670 823203.491743 -0.798602334 0.072123165 -0.082836953 0.591752145
1561000916.593129873 -613711.900360 -54383.006627 823542.221865 -0.810403658 0.038129452 -0.045291220 0.582872852
1561000916.692080498 -613988.302358 -54405.969476 823877.851416 -0.822309902 0.007567599 -0.019063624 0.568670146
1561000916.793358326 -614271.279929 -54429.546718 824221.476395 -0.829764887 -0.030153821 0.028154452 0.556586297
1561000916.893529892 -614551.232117 -54452.939635 824561.450397 -0.836270406 -0.055532345 0.068541118 0.541174723
1561000916.994106054 -614832.372790 -54476.498787 824902.902551 -0.838270965 -0.075950180 0.108614548 0.528900973
1561000917.093571186 -615110.457902 -54499.866548 825240.687415 -0.835008868 -0.094058835 0.147220276 0.521765577
1561000917.192413807 -615386.845090 -54523.154121 825576.461201 -0.831053632 -0.107390940 0.189162804 0.511893036
1561000917.292639494 -615667.138700 -54546.832348 825917.040407 -0.827921467 -0.138896333 0.230759024 0.491939148
1561000917.393439770 -615949.069626 -54570.708187 826259.679395 -0.825542247 -0.169044917 0.250459500 0.476627583
1561000917.492129803 -616225.123454 -54594.140125 826595.251204 -0.827484419 -0.198220499 0.259114688 0.456987689
1561000917.593234539 -616507.953554 -54618.198751 826939.144319 -0.812359331 -0.219347808 0.314324824 0.439498306
1561000917.691972971 -616784.179481 -54641.741595 827275.095495 -0.790811860 -0.239309846 0.372646837 0.422470988
1561000917.793150425 -617067.237239 -54665.908170 827619.451385 -0.765161766 -0.248038228 0.438069681 0.401371978
1561000917.891916990 -617343.553130 -54689.533745 827955.700945 -0.749319426 -0.277021220 0.466597977 0.379560232
1561000917.992984772 -617626.306048 -54713.737975 828299.885064 -0.725392092 -0.336253145 0.479994579 0.361033711
1561000918.093030691 -617906.196656 -54737.717062 828640.688033 -0.693864629 -0.389173627 0.508407753 0.329571420
1561000918.191971064 -618182.989057 -54761.440502 828977.821092 -0.661131783 -0.422319103 0.545531592 0.294867127
1561000918.293709040 -618467.601884 -54785.833233 829324.583450 -0.628591979 -0.448296114 0.582754304 0.253574721
1561000918.393529415 -618746.844686 -54809.754179 829664.902397 -0.589117092 -0.469740139 0.623805220 0.207731320
1561000918.493708611 -619027.088036 -54833.738775 830006.532505 -0.557639503 -0.475569043 0.656661717 0.177954094
1561000918.593586206 -619306.486885 -54857.620504 830347.216556 -0.512346313 -0.489288556 0.695034150 0.122578525
1561000918.693655729 -619586.426768 -54881.508234 830688.631950 -0.470226188 -0.489949633 0.729712899 0.079723115
1561000918.785832405 -619844.295370 -54903.469744 831003.181460 -0.415163507 -0.495930294 0.761303136 0.045934099
1561000918.886433125 -620125.746236 -54927.386735 831346.540063 -0.364367628 -0.475646474 0.800566760 -0.009461817
1561000918.985827446 -620403.845240 -54950.959475 831685.836377 -0.312321997 -0.467073331 0.826004871 -0.044871226
1561000919.085566759 -620682.943488 -54974.553648 832026.361088 -0.262564238 -0.464347696 0.843029530 -0.068865452
1561000919.184438944 -620959.654606 -54997.881038 832363.968600 -0.205582529 -0.466619477 0.855820499 -0.087025061
1561000919.285326958 -621242.057380 -55021.619174 832708.501245 -0.141836503 -0.461600733 0.868988139 -0.108012890
1561000919.384761810 -621520.451435 -55044.951367 833048.109345 -0.089946353 -0.447539281 0.878702477 -0.139643127
1561000919.483713388 -621797.559962 -55068.108010 833386.100827 -0.047302068 -0.444925709 0.879580918 -0.161681900
1561000919.585086823 -622081.528284 -55091.768956 833732.398064 0.012157658 -0.428725824 0.881529170 -0.197364335
1561000919.684074402 -622358.899303 -55114.815051 834070.575971 0.068305136 -0.404266732 0.883230788 -0.227609738
1561000919.785260916 -622642.528679 -55138.319268 834416.296139 0.089814520 -0.374243510 0.882957072 -0.268815840
1561000919.885438204 -622923.431535 -55161.540403 834758.595552 0.129922681 -0.348879250 0.877934124 -0.301056540
1561000919.985725641 -623204.750613 -55184.744525 835101.297281 0.161639548 -0.330804675 0.876002157 -0.311546375
1561000920.085817337 -623485.633038 -55207.865757 835443.355774 0.207678778 -0.299778833 0.870638801 -0.330136722
1561000920.184380531 -623762.339799 -55230.603475 835780.214847 0.245685654 -0.269678509 0.865328261 -0.343684539
1561000920.285293818 -624045.768231 -55253.859160 836125.133469 0.274424223 -0.242298900 0.856966527 -0.362754684
1561000920.385980129 -624328.685379 -55277.045046 836469.302260 0.329539147 -0.203223942 0.841082743 -0.377735091
1561000920.484246969 -624604.931136 -55299.665092 836805.229236 0.375106328 -0.172449992 0.829127435 -0.376966761
1561000920.585358381 -624889.307505 -55322.938284 837150.913130 0.421521077 -0.138541156 0.807082192 -0.389544177
1561000920.684397221 -625167.989453 -55345.740340 837489.547679 0.471878200 -0.102533295 0.778868267 -0.400227574
1561000920.785903931 -625453.755366 -55369.125474 837836.663497 0.490669502 -0.074558530 0.759618471 -0.420314458
1561000920.885272980 -625733.640780 -55392.039206 838176.514869 0.523079921 -0.043336874 0.730889436 -0.436245280
1561000920.984333277 -626012.791124 -55414.909383 838515.359456 0.554106720 -0.014930290 0.703020428 -0.445539120
1561000921.085540533 -626298.129728 -55438.310434 838861.604302 0.588338876 0.030080628 0.675371152 -0.443651136
1561000921.184554100 -626577.415809 -55461.245396 839200.404198 0.615127261 0.069516416 0.639123425 -0.456406802
1561000921.285598755 -626862.564911 -55484.699341 839546.224347 0.648853347 0.102643911 0.588783175 -0.470943663
1561000921.385827541 -627145.538364 -55508.017796 839889.327789 0.677141305 0.147972226 0.549816938 -0.466138615
1561000921.484507322 -627424.257999 -55531.032791 840227.209976 0.696568877 0.175052338 0.503363862 -0.480388697
1561000921.585769653 -627710.388618 -55554.712702 840574.025272 0.710469964 0.210139851 0.448467198 -0.499950843
1561000921.684574366 -627989.681685 -55577.882809 840912.517467 0.728548086 0.248012448 0.411755285 -0.488021616
1561000921.785516024 -628275.117059 -55601.621768 841258.432447 0.735851662 0.300120561 0.356054334 -0.491604812
1561000921.885293722 -628557.354454 -55625.154874 841600.466374 0.752670220 0.352987025 0.305622819 -0.464200811
1561000921.985338449 -628840.431708 -55648.816347 841943.530805 0.761335745 0.386434784 0.246524002 -0.458543300
1561000922.085092306 -629122.762971 -55672.470937 842285.719515 0.765062516 0.424725310 0.215093002 -0.433615910
1561000922.184063196 -629402.948553 -55695.996372 842625.347562 0.771331018 0.437092299 0.157392066 -0.435001748
1561000922.285270214 -629689.531139 -55720.107331 842972.782119 0.773071462 0.454357850 0.117918752 -0.426631722
1561000922.384356976 -629970.168402 -55743.762924 843313.069085 0.769042737 0.466447022 0.078939003 -0.429847738
1561000922.485334158 -630256.216048 -55767.917894 843659.985650 0.764531225 0.475568466 0.048140679 -0.432445506
1561000922.585457087 -630539.893602 -55791.913495 844004.102531 0.755629481 0.493642842 0.031908275 -0.429328189
1561000922.684256077 -630819.866612 -55815.633796 844343.802959 0.746134907 0.511820790 0.022491297 -0.425225023
1561000922.785349846 -631106.388550 -55839.946582 844691.531279 0.735813903 0.524312957 0.014107945 -0.428339572
1561000922.884174585 -631386.522619 -55863.753599 845031.589997 0.735097374 0.524255466 -0.015186195 -0.429601487
1561000922.985204220 -631672.947233 -55888.130399 845379.373329 0.724505122 0.528987961 -0.051801447 -0.438840148
1561000923.085228682 -631956.556959 -55912.300289 845723.832782 0.722521894 0.516571159 -0.068450037 -0.454346722
1561000923.184615612 -632238.390376 -55936.352041 846066.229114 0.715404093 0.509887942 -0.044038556 -0.475680434
1561000923.286307096 -632526.790913 -55961.002146 846416.699482 0.706093631 0.514219884 -0.032995873 -0.485716962
1561000923.384108782 -632804.190420 -55984.750381 846753.891339 0.695161190 0.513762862 -0.060793094 -0.499102035
1561000923.485481024 -633091.745631 -56009.407432 847103.523836 0.683519009 0.509381479 -0.074542163 -0.517470520
1561000923.585230827 -633374.722377 -56033.711304 847447.686817 0.681631179 0.492382811 -0.096970801 -0.532479827
1561000923.684169054 -633655.416764 -56057.858058 847789.170464 0.668298918 0.499753314 -0.107694811 -0.540393383
1561000923.785403252 -633942.643019 -56082.606251 848138.701851 0.648725854 0.519497029 -0.099779325 -0.547102998
1561000923.885421515 -634226.436144 -56107.098409 848484.155807 0.641148646 0.515476540 -0.108151823 -0.558135766
1561000923.985373735 -634510.057311 -56131.616347 848829.500273 0.627629678 0.533628197 -0.121514566 -0.553675126
1561000924.085409880 -634793.929791 -56156.194501 849175.252698 0.616004762 0.535385121 -0.141486574 -0.560252135
1561000924.184207201 -635074.297229 -56180.505560 849516.837709 0.611406964 0.515653442 -0.171343496 -0.575260340
1561000924.285397768 -635361.463948 -56205.443185 849866.811110 0.599405198 0.516722056 -0.189767683 -0.581119568
1561000924.385472298 -635645.468169 -56230.141259 850213.035602 0.581271665 0.520877635 -0.205298658 -0.590476250
1561000924.484362841 -635926.115189 -56254.579890 850555.270364 0.568949670 0.521066826 -0.194623548 -0.605728743
1561000924.585291624 -636212.548543 -56279.556221 850904.666430 0.547638899 0.528788502 -0.201400796 -0.616370081
1561000924.685387850 -636496.618813 -56304.359997 851251.284328 0.527497587 0.514448111 -0.240308675 -0.631934473
1561000924.785449266 -636780.586850 -56329.186392 851597.880385 0.507484033 0.505890847 -0.242751104 -0.653916132
1561000924.886317968 -637066.840642 -56354.244688 851947.367915 0.495476107 0.517652698 -0.235520573 -0.656558582
1561000924.985493660 -637348.284198 -56378.912231 852291.081364 0.477238339 0.542038683 -0.225051268 -0.654056236
1561000925.085477352 -637632.014737 -56403.809815 852637.689005 0.457986840 0.558030935 -0.224173476 -0.654672271
1561000925.185674667 -637916.345221 -56428.788251 852985.132146 0.423031234 0.547020897 -0.252124193 -0.676938775
1561000925.285821676 -638200.524621 -56453.779047 853332.491932 0.429564059 0.541746293 -0.274904436 -0.668141620
1561000925.385540962 -638483.481325 -56478.686152 853678.456438 0.424035291 0.533121034 -0.263858973 -0.682901514
1561000925.486171246 -638769.014274 -56503.845801 854027.670305 0.389672127 0.532803176 -0.254165024 -0.706878030
1561000925.585744619 -639051.539747 -56528.766451 854373.302338 0.383609549 0.515233478 -0.292615136 -0.708346356
1561000925.686099052 -639336.270888 -56553.904284 854721.725501 0.379996412 0.485698475 -0.344543256 -0.707806233
1561000925.785203457 -639617.443545 -56578.745998 855065.880846 0.365479860 0.469996024 -0.369100472 -0.713647708
1561000925.885359287 -639901.586977 -56603.865206 855413.755814 0.350856314 0.468225571 -0.364379958 -0.724494243
1561000925.985474825 -640185.603411 -56628.987683 855761.557251 0.340948131 0.472772176 -0.353942597 -0.731413344
1561000926.085676432 -640469.852642 -56654.145777 856109.724081 0.337597114 0.473159187 -0.350952545 -0.734153175
1561000926.184487820 -640750.145083 -56678.968509 856453.123337 0.353285113 0.477513338 -0.350807710 -0.723950683
1561000926.286433220 -641039.316004 -56704.593236 856807.483931 0.358534654 0.478089411 -0.358125042 -0.717377077
1561000926.384468555 -641317.383605 -56729.248314 857148.321134 0.376190665 0.471592263 -0.354113666 -0.714622161
1561000926.486221075 -641605.981141 -56754.851694 857502.153978 0.380976681 0.481032017 -0.347500149 -0.709019473
1561000926.586228371 -641889.615495 -56780.029585 857849.991982 0.388732227 0.494726010 -0.336124396 -0.700823674
1561000926.684327126 -642167.823951 -56804.740753 858191.265836 0.386255210 0.537194876 -0.342993446 -0.666771380
1561000926.786428690 -642457.370692 -56830.471728 858546.546263 0.391159594 0.536362712 -0.351762893 -0.659978849
1561000926.886185408 -642740.254448 -56855.621941 858893.750274 0.379223046 0.561761044 -0.330610342 -0.656742882
1561000926.984448910 -643018.892152 -56880.404746 859235.841349 0.375674719 0.597175934 -0.325237164 -0.629658793
1561000927.086405516 -643307.989179 -56906.127735 859590.880428 0.374459135 0.613166891 -0.313324790 -0.620994602
1561000927.184647322 -643586.541664 -56930.922959 859933.075493 0.381894370 0.620433015 -0.297999711 -0.616778515
1561000927.286462307 -643875.216676 -56956.630211 860287.816531 0.382300151 0.637921029 -0.289742614 -0.602455454
1561000927.386510134 -644158.872917 -56981.900522 860636.502202 0.392189736 0.637042023 -0.294751202 -0.594547224
1561000927.486778021 -644443.145472 -57007.234250 860986.057243 0.397900360 0.642758904 -0.301332200 -0.581149895
1561000927.586479664 -644725.805452 -57032.431298 861333.741471 0.401458104 0.647485605 -0.286373508 -0.581019790
1561000927.685832977 -645007.471365 -57057.546986 861680.314594 0.397982421 0.662933125 -0.269245386 -0.574139866
1561000927.786541462 -645292.973393 -57083.014748 862031.722437 0.409891437 0.670024411 -0.245010351 -0.568353963
1561000927.886477232 -645576.280836 -57108.299488 862380.543584 0.411117432 0.680685640 -0.218319606 -0.565673109
1561000927.986595631 -645860.103830 -57133.645420 862730.114267 0.428818607 0.663008380 -0.205662330 -0.578132767
1561000928.086682796 -646143.836660 -57159.001482 863079.688144 0.446795095 0.645581226 -0.201351691 -0.585710270
1561000928.184911966 -646422.300708 -57183.907290 863422.880564 0.466903639 0.631408654 -0.195864366 -0.587334022
1561000928.286562204 -646710.461437 -57209.704321 863778.137852 0.479728698 0.628822399 -0.184967082 -0.583292333
1561000928.386596680 -646994.041160 -57235.116359 864127.860154 0.486083405 0.634695068 -0.178936957 -0.573468970
1561000928.486389399 -647276.936121 -57260.492829 864476.849732 0.487098221 0.642490482 -0.175565951 -0.564905213
1561000928.586325407 -647560.239434 -57285.932021 864826.454408 0.491265973 0.652063731 -0.150830961 -0.557423228
1561000928.684667587 -647839.028462 -57310.992368 865170.597032 0.499244330 0.657155806 -0.140639948 -0.546920242
1561000928.786395788 -648127.423279 -57336.944432 865526.710218 0.505609020 0.652070551 -0.128941208 -0.550034253
1561000928.884821177 -648406.460782 -57362.082678 865871.378349 0.508368428 0.652045647 -0.092680400 -0.554804793
1561000928.986545563 -648694.860952 -57388.096166 866227.722309 0.524619420 0.643198840 -0.084184986 -0.551346175
1561000929.086470127 -648978.169496 -57413.684786 866577.883103 0.529484260 0.645198437 -0.061584218 -0.547332422
1561000929.185882330 -649260.038435 -57439.180069 866926.368059 0.539204131 0.651878955 -0.048516249 -0.530998029
1561000929.286429644 -649545.141724 -57465.007207 867278.954388 0.549909862 0.647221584 -0.043657399 -0.526115383
1561000929.386607885 -649829.216272 -57490.782577 867630.369169 0.545647399 0.647673789 -0.008955219 -0.531702345
1561000929.484867334 -650107.869016 -57516.107425 867975.172945 0.554736479 0.646755341 0.010978016 -0.523311045
1561000929.586496830 -650396.101698 -57542.347598 868331.929071 0.561713437 0.627543598 -0.001097145 -0.539134346
1561000929.687164307 -650681.630255 -57568.386914 868685.435106 0.555632552 0.649272437 0.030347259 -0.518456183
1561000929.787766218 -650966.997795 -57594.456873 869038.837744 0.579083077 0.640781897 0.006369190 -0.504004745
1561000929.889336348 -651255.137983 -57620.824770 869395.771677 0.591190343 0.635551970 0.005669010 -0.496523447
1561000929.990787268 -651542.966777 -57647.207887 869752.418940 0.588715003 0.650319100 0.002025879 -0.480099583
1561000930.090755701 -651826.616427 -57673.248218 870103.985447 0.596487200 0.654024727 0.004028216 -0.465229460
1561000930.189323187 -652106.318977 -57698.964045 870450.754816 0.593626110 0.668305636 0.024817772 -0.447615569
1561000930.290858030 -652394.474531 -57725.496006 870808.100216 0.597059106 0.676210025 0.047388110 -0.428969456
1561000930.389357090 -652674.050152 -57751.276195 871154.895857 0.599003123 0.682041777 0.056556148 -0.415711049
1561000930.490676165 -652961.669070 -57777.836541 871511.759279 0.608784831 0.676947596 0.059501713 -0.409368449
1561000930.590530634 -653245.170868 -57804.054849 871863.603071 0.622456451 0.667294943 0.060620444 -0.404463332
1561000930.689038277 -653524.889538 -57829.960138 872210.836455 0.627004096 0.669281381 0.063693329 -0.393537108
1561000930.789439917 -653810.029854 -57856.405300 872564.885256 0.634539669 0.672294598 0.082914854 -0.372161938
1561000930.890075684 -654095.882828 -57882.954456 872919.901556 0.639025731 0.670596062 0.089578227 -0.365954612
1561000930.990764618 -654381.937245 -57909.559415 873275.249130 0.627991954 0.690207039 0.108021101 -0.342887432
1561000931.090853214 -654666.338357 -57936.046590 873628.620778 0.658380082 0.663657124 0.096369350 -0.341771616
1561000931.189340115 -654946.240676 -57962.150246 873976.476796 0.657333793 0.664627298 0.117555830 -0.335206602
1561000931.290950775 -655235.077069 -57989.124522 874335.509403 0.656533866 0.662763101 0.138841448 -0.332312213
1561000931.390582085 -655518.347739 -58015.616889 874687.692323 0.663914003 0.657583483 0.148045640 -0.323858994
1561000931.489795446 -655800.489634 -58042.040884 875038.536014 0.669236364 0.651920553 0.158276162 -0.319485427
1561000931.590565205 -656087.123328 -58068.923827 875395.028636 0.675122058 0.646066303 0.166818505 -0.314611070
1561000931.688845873 -656366.740543 -58095.185612 875742.853682 0.679332100 0.644207060 0.178805244 -0.302545610
1561000931.790276289 -656655.388187 -58122.333621 876101.970223 0.687137753 0.640724966 0.182832667 -0.289629837
1561000931.888597488 -656935.256797 -58148.691445 876450.218656 0.690947455 0.643250459 0.192704142 -0.267741618
1561000931.988764048 -657220.450999 -58175.585555 876805.146443 0.697260422 0.638605242 0.191791788 -0.263110545
1561000932.090059042 -657508.932943 -58202.823817 877164.217319 0.700417584 0.637283341 0.200929383 -0.250823711
1561000932.190312147 -657794.526454 -58229.822103 877519.740868 0.703532868 0.639525032 0.206930645 -0.230713990
1561000932.290495634 -658080.002056 -58256.839891 877875.161769 0.712327342 0.628972023 0.223152360 -0.217225635
1561000932.390627384 -658365.413808 -58283.881355 878230.542866 0.719246404 0.626224248 0.232529327 -0.190939554
1561000932.490739822 -658650.857815 -58310.953632 878585.997604 0.725532852 0.618406547 0.266256079 -0.142418831
1561000932.590719700 -658936.020879 -58338.022967 878941.124574 0.731885944 0.605015612 0.296426338 -0.102129827
1561000932.689585924 -659218.108618 -58364.819321 879292.431423 0.738802241 0.594610842 0.311575033 -0.059415433
1561000932.790583134 -659506.387367 -58392.219125 879651.447385 0.740223817 0.583127585 0.334446173 -0.013292026
1561000932.890591383 -659791.958985 -58419.371254 880007.082494 0.735664463 0.567956548 0.368664722 0.017592057
1561000932.990682602 -660077.888195 -58446.563086 880363.142426 0.729127684 0.551301267 0.401877139 0.054171010
1561000933.090949774 -660364.448300 -58473.816808 880719.953953 0.719917466 0.537360520 0.425050893 0.110879446
1561000933.189150810 -660645.230677 -58500.518227 881069.526206 0.710993320 0.515700754 0.453242516 0.152027806
1561000933.290521383 -660935.214592 -58528.086575 881430.495002 0.703010917 0.484240191 0.482686494 0.195705996
1561000933.389219999 -661217.693187 -58554.928441 881782.051991 0.683150670 0.458573131 0.512696986 0.245270559
1561000933.490780592 -661508.508131 -58582.544103 882143.899301 0.664005175 0.414349207 0.546794963 0.297366998
1561000933.590929270 -661795.426185 -58609.765441 882500.800838 0.636651365 0.366206859 0.579584050 0.353057934
1561000933.690631628 -662081.208760 -58636.849417 882856.183928 0.607603854 0.315777946 0.605206861 0.405988302
1561000933.790601969 -662367.900622 -58663.983549 883212.583478 0.578476234 0.261678764 0.627776009 0.450318503
1561000933.889114618 -662650.545398 -58690.694209 883563.836427 0.536616691 0.214583839 0.651592349 0.491348871
1561000933.990475893 -662941.494810 -58718.143818 883925.287978 0.489547574 0.157802974 0.665870645 0.540423610
1561000934.090357304 -663228.317877 -58745.154213 884281.494321 0.431060746 0.105443461 0.683553683 0.579502090
1561000934.189001560 -663511.696478 -58771.789205 884633.312782 0.375509503 0.032680558 0.678441054 0.630588876
1561000934.290639400 -663803.774556 -58799.186713 884995.825773 0.307373302 -0.045216420 0.668913040 0.675301765
1561000934.390070677 -664089.593786 -58825.943041 885350.480397 0.234006349 -0.118017963 0.663451834 0.700816989
1561000934.490214348 -664377.525355 -58852.846072 885707.685216 0.151630451 -0.182714399 0.623091345 0.745238774
1561000934.590579033 -664666.138593 -58879.767277 886065.687199 0.042005325 -0.270820685 0.601740700 0.750199866
1561000934.688956261 -664949.061085 -58906.122297 886416.614268 -0.028444426 -0.377215110 0.540156041 0.751752038
1561000934.790589809 -665241.357497 -58933.320896 886779.184061 -0.030668562 -0.383778994 0.552650968 0.739154944
1561000934.890115023 -665527.596895 -58959.926189 887134.262882 0.000388283 -0.364081528 0.577715519 0.730540395
1561000934.988935232 -665811.819178 -58986.310518 887486.853605 0.014321824 -0.315654562 0.605288606 0.730604398
1561000935.090340137 -666103.493464 -59013.350597 887848.688163 -0.031222787 -0.232945678 0.716959470 0.656300668
1561000935.189188242 -666387.840748 -59039.674887 888201.412413 0.016055428 -0.225239056 0.758902905 0.610799452
1561000935.290330410 -666678.821124 -59066.570602 888562.333425 -0.010788255 -0.322170718 0.672671934 0.666034617
1561000935.389291048 -666963.546716 -59092.845231 888915.490548 -0.059399461 -0.446302414 0.501640988 0.738675963
1561000935.490899563 -667255.891876 -59119.790336 889278.138080 -0.073862924 -0.499159185 0.354914786 0.787032319
1561000935.592148542 -667547.193254 -59146.623453 889639.553766 -0.048501088 -0.489349584 0.289758861 0.821111705
1561000935.691635370 -667833.414219 -59172.981035 889994.728045 -0.004213438 -0.507515946 0.221339250 0.832717688
1561000935.792062283 -668122.330289 -59199.580190 890353.305402 -0.015910293 -0.483955532 0.380492618 0.787882779
1561000935.891679287 -668408.910604 -59225.946625 890709.035863 -0.047392703 -0.454158305 0.554276970 0.695895973
1561000935.990610838 -668693.519597 -59252.099269 891062.360290 -0.069111509 -0.454067769 0.590230813 0.663832545
1561000936.091818094 -668984.678075 -59278.814868 891423.855352 -0.073667417 -0.484347829 0.536219115 0.687349513
1561000936.191116095 -669270.343077 -59304.991492 891778.578457 -0.055742006 -0.521998411 0.464670201 0.713086314
1561000936.291649580 -669559.557171 -59331.463236 892137.768943 -0.038712143 -0.544166523 0.421262579 0.724515014
1561000936.391624928 -669847.157788 -59357.759770 892495.023265 -0.020157329 -0.564563585 0.425748091 0.706824025
1561000936.492001772 -670135.906325 -59384.130305 892853.774674 -0.014025848 -0.579964041 0.446668065 0.681125999
1561000936.592185020 -670424.093169 -59410.414415 893211.900310 -0.012507312 -0.601651664 0.464000316 0.650048112
1561000936.692083359 -670711.457448 -59436.584335 893569.077930 -0.004727847 -0.631669935 0.474777722 0.612826937
1561000936.791993380 -670998.854225 -59462.713906 893926.374371 0.006398650 -0.658419801 0.469694174 0.588072959
1561000936.890594959 -671282.489630 -59488.456530 894279.074171 0.047626739 -0.679783432 0.454549455 0.573594780
1561000936.993040800 -671577.187767 -59515.153335 894645.616681 0.096835153 -0.748622923 0.430181615 0.495106505
1561000937.092852831 -671864.322186 -59541.113800 895002.840389 0.108100338 -0.766934241 0.408051567 0.483342638
1561000937.191867113 -672149.176104 -59566.819712 895357.318743 0.113504798 -0.785217544 0.405789372 0.453745583
1561000937.293199539 -672440.719011 -59593.078831 895720.214625 0.116465941 -0.800428190 0.428992777 0.402138775
1561000937.392804623 -672727.319265 -59618.840247 896077.045488 0.151355504 -0.825371851 0.423623314 0.341168738
1561000937.493496656 -673017.083728 -59644.832041 896437.899078 0.191289313 -0.859112864 0.370751718 0.296439961
1561000937.593643188 -673305.321955 -59670.638623 896796.935268 0.197211646 -0.868743025 0.359403783 0.277888547
1561000937.692940712 -673591.162364 -59696.186848 897153.066737 0.195962154 -0.879610889 0.365591300 0.232865882
1561000937.793377161 -673880.336795 -59721.989019 897513.427063 0.243851834 -0.899658759 0.335428474 0.136521571
1561000937.892723083 -674166.440233 -59747.479205 897870.020925 0.284313639 -0.908836119 0.301128164 0.050044902
1561000937.992430925 -674453.668126 -59773.041485 898228.063578 0.286780240 -0.914178034 0.286075377 -0.014017678
1561000938.094595432 -674748.070744 -59799.220812 898595.084174 0.285521112 -0.917285572 0.270111990 -0.064065487
1561000938.192024231 -675028.926111 -59824.180698 898945.236715 0.295124979 -0.918368915 0.242521088 -0.103360071
1561000938.292981863 -675320.061346 -59850.045765 899308.219559 0.372702451 -0.893050920 0.171673149 -0.184611126
1561000938.391936302 -675605.531208 -59875.417904 899664.141290 0.417729327 -0.846141481 0.055202564 -0.326342581
1561000938.493001699 -675897.208195 -59901.379036 900027.784411 0.454593274 -0.810085566 0.015073206 -0.369971795
1561000938.593028784 -676186.003307 -59927.133638 900387.810027 0.450144220 -0.811201595 0.029075603 -0.372124661
1561000938.692007065 -676471.883661 -59952.678375 900744.175151 0.417201485 -0.824041568 0.035323424 -0.381642071
1561000938.792706728 -676762.856489 -59978.727655 901106.852162 0.413770906 -0.794979329 0.015016496 -0.443368931
1561000938.892095804 -677050.164901 -60004.502363 901464.908726 0.352317029 -0.702695994 -0.087820134 -0.611864916
1561000938.993275404 -677342.771745 -60030.814798 901829.484487 0.382409593 -0.568086683 -0.163650744 -0.710111863
1561000939.093665838 -677633.202023 -60057.000685 902191.257879 0.388918316 -0.532392147 -0.188556191 -0.727837693
1561000939.192321777 -677918.704746 -60082.812906 902546.811485 0.421124160 -0.486220170 -0.180333724 -0.744126425
1561000939.293448925 -678211.442608 -60109.353670 902911.298896 0.386866886 -0.428237270 -0.228592270 -0.784023231
1561000939.392318726 -678497.718468 -60135.376136 903267.665636 0.348880551 -0.334768944 -0.257747675 -0.836527496
1561000939.493490458 -678790.721524 -60162.069666 903632.333237 0.308806352 -0.232862157 -0.301044342 -0.871657133
1561000939.593824625 -679081.344110 -60188.593222 903993.977095 0.260395781 -0.129509546 -0.352152520 -0.889612229
1561000939.692406416 -679366.919631 -60214.684368 904349.295564 0.225830470 -0.028302438 -0.381143818 -0.896063034
1561000939.793422937 -679659.563929 -60241.433301 904713.383133 0.189469614 0.087777243 -0.396525370 -0.893959760
1561000939.892936945 -679947.857861 -60267.780802 905072.058609 0.151193235 0.186073997 -0.386847422 -0.890430315
1561000939.985515356 -680216.052685 -60292.276981 905405.750014 0.114640036 0.271315364 -0.368568401 -0.881704582
1561000940.085199356 -680504.817923 -60318.628097 905765.080968 0.063538849 0.364741380 -0.369414573 -0.852325885
1561000940.185336590 -680794.878958 -60345.060115 906126.093028 0.010028570 0.467316520 -0.387158184 -0.794747280
1561000940.285458326 -681084.882220 -60371.435880 906487.118664 -0.044670043 0.574538531 -0.396497283 -0.714632750
1561000940.384671450 -681372.250850 -60397.511871 906844.960756 -0.093784038 0.644106703 -0.388495121 -0.652228987
1561000940.485157967 -681663.316154 -60423.858505 907207.510218 -0.146422712 0.694513179 -0.383663772 -0.590774021
1561000940.585116148 -681952.871044 -60450.002672 907568.282361 -0.179582910 0.718731100 -0.386147160 -0.549605272
1561000940.683906555 -682239.073838 -60475.779228 907924.974744 -0.222670556 0.748617108 -0.384659914 -0.491962396
1561000940.785336971 -682532.969946 -60502.182976 908291.347122 -0.277855042 0.798153655 -0.378144518 -0.377828059
1561000940.885416746 -682823.018573 -60528.182968 908652.998185 -0.323579034 0.832577276 -0.367293275 -0.259243782
1561000940.985521317 -683113.227541 -60554.151209 909014.900815 -0.351550413 0.837095654 -0.373066748 -0.191061180
1561000941.085351467 -683402.743173 -60580.018663 909375.971531 -0.371249944 0.821234568 -0.398478096 -0.170183639
1561000941.184454441 -683690.256303 -60605.669062 909734.567467 -0.362688986 0.808493259 -0.434529390 -0.161181757
1561000941.285443783 -683983.355821 -60631.775008 910100.144443 -0.370503012 0.806456442 -0.448157978 -0.107284449
1561000941.385291100 -684273.263470 -60657.556970 910461.737800 -0.388844857 0.805889128 -0.446317489 -0.011962025
1561000941.484291553 -684560.845205 -60683.104334 910820.406573 -0.438068825 0.792052552 -0.422190973 0.050032399
1561000941.585270882 -684854.316750 -60709.159558 911186.388500 -0.500814353 0.786235443 -0.358029032 0.053235560
1561000941.683974504 -685141.308163 -60734.640205 911544.267396 -0.536502409 0.766527219 -0.334930277 0.111458049
1561000941.785223484 -685435.837628 -60760.807148 911911.520965 -0.531104150 0.743759774 -0.341131213 0.219952893
1561000941.885318756 -685727.155763 -60786.715258 912274.720130 -0.492446596 0.718647845 -0.408940594 0.271678516
1561000941.984332800 -686015.478513 -60812.377172 912634.109922 -0.406944583 0.711799007 -0.520350086 0.238692413
1561000942.085453749 -686310.101198 -60838.598587 913001.251540 -0.245682951 0.680967334 -0.601501532 0.337815460
1561000942.184547901 -686598.986048 -60864.292053 913361.104758 -0.282637778 0.575585754 -0.621514655 0.450040509
1561000942.285739660 -686894.153472 -60890.548653 913728.623189 -0.406066618 0.469285989 -0.614722776 0.486822833
1561000942.385679722 -687185.823955 -60916.532726 914091.645910 -0.522188736 0.427084398 -0.628554860 0.387087367
1561000942.485630989 -687477.681890 -60942.575934 914454.791014 -0.507728616 0.459634961 -0.697622578 0.210404594
1561000942.585217714 -687768.637246 -60968.550808 914816.708393 -0.461729588 0.432796722 -0.765014116 0.119357393
1561000942.683999300 -688057.403978 -60994.319986 915175.792855 -0.479503180 0.356848466 -0.789714426 0.138155703
1561000942.785313606 -688353.744581 -61020.758373 915544.176684 -0.531102623 0.283623404 -0.757897034 0.251157033
1561000942.885285854 -688646.323344 -61046.879135 915907.769084 -0.481072963 0.260705682 -0.671770475 0.499325325
1561000942.985298872 -688939.165264 -61073.078456 916271.574245 -0.407545415 0.260238111 -0.646688535 0.589895583
1561000943.085136175 -689231.623139 -61099.309524 916634.783790 -0.383020694 0.257411716 -0.704615953 0.539027564
1561000943.185180664 -689524.824607 -61125.667058 916998.788881 -0.375642555 0.243269436 -0.754563538 0.479944287
1561000943.285407305 -689818.703773 -61152.138090 917363.501032 -0.384054682 0.200843171 -0.773229323 0.462904348
1561000943.384799480 -690110.278897 -61178.453911 917725.222613 -0.381689165 0.153280131 -0.769170520 0.489075960
1561000943.485556364 -690405.997496 -61205.204269 918091.958589 -0.357832315 0.114326577 -0.759324703 0.531329900
1561000943.585467815 -690699.362131 -61231.809513 918455.657215 -0.327314111 0.081668332 -0.753389212 0.564447031
1561000943.685554981 -690993.363785 -61258.544861 918820.032508 -0.304130257 0.059108520 -0.758132357 0.573799877
1561000943.785513163 -691287.102376 -61285.330720 919183.971319 -0.281343343 0.032635823 -0.764796456 0.578677118
1561000943.885021925 -691579.631224 -61312.081277 919546.304190 -0.257653052 0.002470359 -0.775582579 0.576264232
1561000943.985436916 -691874.932669 -61339.162738 919911.966131 -0.248069856 -0.042724046 -0.773752296 0.581328984
1561000944.085392952 -692168.987498 -61366.210986 920275.987770 -0.220168549 -0.065230252 -0.769583147 0.595829342
1561000944.184352875 -692460.206607 -61393.080248 920636.411027 -0.194579670 -0.086903543 -0.758149183 0.616276190
1561000944.285671473 -692758.457110 -61420.683985 921005.451913 -0.169480906 -0.124878527 -0.750315588 0.626664259
1561000944.385811567 -693053.320618 -61448.061897 921370.227323 -0.148517114 -0.169898571 -0.739856202 0.633790141
1561000944.485756397 -693347.682665 -61475.482906 921734.321127 -0.118088834 -0.198905404 -0.729234319 0.643979018
1561000944.585425615 -693641.298766 -61502.924851 922097.440182 -0.075703040 -0.217461234 -0.713358648 0.661890551
1561000944.684311628 -693932.663583 -61530.245246 922457.733675 -0.036296668 -0.233077935 -0.713306957 0.659962433
1561000944.785470963 -694230.778285 -61558.289172 922826.337413 -0.026928419 -0.279848360 -0.709320579 0.646393125
1561000944.885225534 -694524.801064 -61586.039936 923189.854056 -0.002067095 -0.306887392 -0.695708237 0.649465861
1561000944.985531569 -694820.491813 -61614.040657 923555.415729 0.030309321 -0.325352062 -0.685387539 0.650746727
1561000945.084633112 -695112.667468 -61641.798889 923916.623469 0.068887762 -0.349849461 -0.669755248 0.651373732
1561000945.183940411 -695405.479226 -61669.707170 924278.620081 0.094176863 -0.381768838 -0.650772786 0.649521403
1561000945.285072088 -695703.694632 -61698.222078 924647.311782 0.122999390 -0.421253631 -0.623545202 0.646999157
1561000945.384062290 -695995.613166 -61726.223904 925008.246540 0.151348509 -0.448670632 -0.606569978 0.638640082
1561000945.484208822 -696290.954903 -61754.642457 925373.453902 0.175679810 -0.461870118 -0.598500666 0.630562884
1561000945.585441351 -696589.510887 -61783.460196 925742.681374 0.207307751 -0.461445213 -0.603937007 0.615915500
1561000945.684372187 -696881.288921 -61811.710516 926103.572008 0.230792521 -0.470413785 -0.596989778 0.607493941
1561000945.785652399 -697180.004596 -61840.720201 926473.092531 0.252034500 -0.497143510 -0.585411965 0.588744234
1561000945.885263205 -697473.803288 -61869.338483 926836.586579 0.272976111 -0.530502334 -0.538257606 0.595256303
1561000945.984427214 -697766.285980 -61897.910119 927198.523352 0.289291962 -0.573906346 -0.488240160 0.590392423
1561000946.085475445 -698064.323430 -61927.103964 927567.423687 0.303038337 -0.609426511 -0.439301535 0.586328624
1561000946.185406208 -698359.063146 -61956.049605 927932.343649 0.332718486 -0.608471923 -0.425934866 0.581067826
1561000946.285379171 -698653.921493 -61985.078489 928297.516991 0.360133960 -0.607521570 -0.427026943 0.564684923
1561000946.384283066 -698945.621619 -62013.866609 928658.884174 0.386293061 -0.612901925 -0.432438435 0.536773603
1561000946.485341549 -699243.672280 -62043.354407 929028.225822 0.403889817 -0.643675303 -0.401002470 0.511617179
1561000946.585278749 -699538.414705 -62072.586102 929393.578762 0.418750803 -0.667328936 -0.347910597 0.508210658
1561000946.685132027 -699832.909277 -62101.858612 929758.742725 0.431252694 -0.676432876 -0.305907042 0.512718792
1561000946.785168409 -700127.943234 -62131.244071 930124.701869 0.457912759 -0.674957284 -0.293810323 0.498421573
1561000946.885191917 -700422.938417 -62160.682534 930490.741649 0.480242969 -0.677082096 -0.292455789 0.474759031
1561000946.985146761 -700717.731892 -62190.158128 930856.659006 0.486723084 -0.697500607 -0.265221352 0.454148849
1561000947.085332155 -701013.210019 -62219.757983 931223.554461 0.500036809 -0.716447848 -0.222732651 0.432499524
1561000947.185409069 -701308.377408 -62249.378210 931590.193939 0.513459886 -0.734876730 -0.178564109 0.405499687
1561000947.285435200 -701603.412173 -62279.032663 931956.796169 0.518408771 -0.752829743 -0.156255307 0.374277976
1561000947.385713816 -701899.214464 -62308.810450 932324.477079 0.541009868 -0.744688952 -0.164953365 0.354312115
1561000947.485691786 -702194.153992 -62338.548608 932691.208705 0.567510780 -0.727984435 -0.163547367 0.348170125
1561000947.585533142 -702488.710894 -62368.297034 933057.587353 0.583658472 -0.726139956 -0.144219969 0.333562818
1561000947.685474157 -702783.586940 -62398.124283 933424.484703 0.572537962 -0.755785654 -0.084233816 0.306419632
1561000947.785414696 -703078.495350 -62427.994631 933791.539304 0.558099324 -0.787169335 -0.013928819 0.262098400
1561000947.885055780 -703372.569139 -62457.813254 934157.658535 0.553133740 -0.797900329 0.039739146 0.236260306
1561000947.986113071 -703670.882743 -62488.089390 934529.152226 0.581054072 -0.775870643 0.050425966 0.240537175
1561000948.085165501 -703963.336799 -62517.796864 934893.442897 0.626682531 -0.739644747 0.041242034 0.241854809
1561000948.184691668 -704257.242101 -62547.679418 935259.641552 0.654437379 -0.719527326 0.049756906 0.226972232
1561000948.285302639 -704554.403459 -62577.921647 935629.999277 0.647061383 -0.730461830 0.091547318 0.198383897
1561000948.384161472 -704846.450671 -62607.668508 935994.075270 0.630885137 -0.745959533 0.136250660 0.164207421
1561000948.485171318 -705144.923541 -62638.090804 936366.241867 0.615568396 -0.756534206 0.173780244 0.136132185
1561000948.585386515 -705441.131744 -62668.299008 936735.652072 0.603299158 -0.771237550 0.169450841 0.111844446
1561000948.685260296 -705736.416218 -62698.430738 937103.969886 0.617362666 -0.760064868 0.150630257 0.135923735
1561000948.785410404 -706032.598731 -62728.675838 937473.474776 0.651908279 -0.734395789 0.110285613 0.153347656
1561000948.884781599 -706326.548087 -62758.719939 937840.271862 0.670601504 -0.719980857 0.068858236 0.164862767
1561000948.984304905 -706621.009337 -62788.848711 938207.794845 0.653104737 -0.736843618 0.055820807 0.165528616
1561000949.085188627 -706919.556588 -62819.430892 938580.508494 0.650876955 -0.736234180 0.036124114 0.181696093
1561000949.184095860 -707212.311097 -62849.454184 938946.082355 0.635296046 -0.750101948 0.037111180 0.179913207
1561000949.284937620 -707510.853001 -62880.106126 939318.974775 0.615552894 -0.769363252 0.054265223 0.161957115
1561000949.384917021 -707806.906981 -62910.537696 939688.844152 0.600099551 -0.787008749 0.058227912 0.130794757
1561000949.484980106 -708103.281362 -62941.037727 940059.189715 0.611388243 -0.780042026 0.053608083 0.121922221
1561000949.585278988 -708400.425133 -62971.656086 940430.571224 0.644454919 -0.756057736 0.013647496 0.113438545
1561000949.684110165 -708693.286760 -63001.877317 940796.678276 0.662288764 -0.740992567 -0.018403518 0.109384271
1561000949.785906315 -708994.995699 -63033.062808 941173.932186 0.670388327 -0.733486983 -0.029087813 0.108306217
1561000949.884866953 -709288.357714 -63063.438773 941540.833054 0.654765656 -0.750405634 -0.022461735 0.087571628
1561000949.985026836 -709585.336937 -63094.243897 941912.335789 0.625874496 -0.776949449 0.001654107 0.068028904
1561000950.084852219 -709881.396493 -63125.006353 942282.755918 0.620527273 -0.781859274 0.016595977 0.058021991
1561000950.183718443 -710174.686469 -63155.531636 942649.772037 0.625933389 -0.778289370 0.019414717 0.045783369
1561000950.284357786 -710473.314740 -63186.665883 943023.527616 0.640978983 -0.766301224 0.007592822 0.043251894
1561000950.384089947 -710769.326829 -63217.583372 943394.069453 0.659166995 -0.751109655 -0.000260536 0.036511516
1561000950.485162020 -711069.390441 -63248.983166 943769.745940 0.664606619 -0.746921840 -0.002812815 0.019947308
1561000950.585227728 -711366.540788 -63280.138406 944141.836031 0.646868092 -0.762479860 0.010594271 -0.008596290
1561000950.684036016 -711660.036007 -63310.969555 944509.399080 0.637285628 -0.769457067 0.033583103 -0.025981238
1561000950.785015583 -711960.067740 -63342.547069 944885.191101 0.641451953 -0.764787243 0.045008172 -0.040176225
1561000950.885850191 -712259.760083 -63374.148853 945260.596358 0.647813140 -0.758124698 0.055217335 -0.050359942
1561000950.984353065 -712552.610838 -63405.088164 945627.467098 0.654607361 -0.751798980 0.053388845 -0.058627026
1561000951.084622860 -712850.805331 -63436.652392 946001.066328 0.646803292 -0.756162830 0.060615867 -0.078670152
1561000951.183506489 -713144.968253 -63467.849910 946369.645634 0.665750209 -0.737682278 0.074625389 -0.083860404
1561000951.284728765 -713446.184152 -63499.856445 946747.089914 0.638901180 -0.753892532 0.076887220 -0.132437484
1561000951.384571314 -713743.394731 -63531.498754 947119.532106 0.625760128 -0.756179053 0.106615270 -0.158904644
1561000951.485527039 -714044.028052 -63563.566428 947496.266678 0.623087053 -0.754904113 0.126408490 -0.160944704
1561000951.585792303 -714342.718026 -63595.486383 947870.561488 0.620939715 -0.750480743 0.149340617 -0.170029132
1561000951.683954239 -714635.253056 -63626.804045 948237.136628 0.626839755 -0.741523275 0.162705272 -0.175334389
1561000951.785044670 -714936.631560 -63659.125003 948614.783884 0.638622768 -0.726656303 0.165079749 -0.192042321
1561000951.883976698 -715231.688568 -63690.824100 948984.501297 0.652899877 -0.717557665 0.162086729 -0.180445669
1561000951.984986067 -715533.053988 -63723.259349 949362.118986 0.645816279 -0.715603681 0.188708423 -0.187674814
1561000952.084914684 -715831.309551 -63755.415349 949735.832965 0.619239535 -0.723639752 0.220482999 -0.210416623
1561000952.183744192 -716126.405775 -63787.281351 950105.565101 0.575528423 -0.740570804 0.238748085 -0.251637181
1561000952.284785271 -716428.237349 -63819.924083 950483.695921 0.596106223 -0.723328908 0.250928338 -0.241842161
1561000952.385110378 -716728.063779 -63852.399718 950859.275061 0.638226930 -0.692974005 0.249786677 -0.223740988
1561000952.484282970 -717024.568622 -63884.566448 951230.667760 0.640909612 -0.682360889 0.266319182 -0.229548645
1561000952.584971666 -717325.731348 -63917.291209 951607.868603 0.624643072 -0.679632627 0.259952056 -0.283452736
1561000952.683932304 -717621.852751 -63949.522039 951978.715779 0.579321648 -0.693182142 0.274314757 -0.329600303
1561000952.785142183 -717924.841694 -63982.555079 952358.104634 0.586337444 -0.678480447 0.287446189 -0.336522470
1561000952.885421753 -718225.183051 -64015.354646 952734.116481 0.610378379 -0.658128453 0.290399058 -0.331622619
1561000952.984917879 -718523.309267 -64047.968894 953107.300397 0.637572334 -0.636944345 0.288239119 -0.323607218
1561000953.085067034 -718823.521816 -64080.870956 953483.050405 0.633850953 -0.630286881 0.311780627 -0.322124599
1561000953.183916330 -719119.964334 -64113.417265 953854.035324 0.605047435 -0.635327190 0.319160595 -0.358348263
1561000953.285813093 -719425.683000 -64147.040865 954236.566974 0.567486885 -0.641229927 0.323000926 -0.403054858
1561000953.383930683 -719720.198455 -64179.488302 954605.007063 0.567072796 -0.630244929 0.327905299 -0.416770786
1561000953.485931873 -720026.511996 -64213.294950 954988.126262 0.587880917 -0.616681403 0.342025784 -0.396381683
1561000953.586206436 -720327.778127 -64246.604269 955364.859809 0.607055053 -0.597077705 0.348335872 -0.391975124
1561000953.684051275 -720621.873757 -64279.179257 955732.561784 0.582215355 -0.597969557 0.353807739 -0.422229525
1561000953.785928488 -720928.226543 -64313.173597 956115.513422 0.538256185 -0.599081835 0.370608222 -0.462634607
1561000953.885986567 -721229.248605 -64346.635407 956491.711645 0.517594801 -0.591915467 0.381119138 -0.486291995
1561000953.985918999 -721530.032294 -64380.127888 956867.514887 0.545755031 -0.572390936 0.384778190 -0.475884238
1561000954.085774899 -721830.722460 -64413.668838 957243.110979 0.575193979 -0.555540306 0.403960178 -0.444233079
1561000954.183897972 -722126.325836 -64446.699843 957612.273340 0.578966723 -0.547427640 0.401202648 -0.451837303
1561000954.285753012 -722433.311012 -64481.063294 957995.566922 0.527313116 -0.568672196 0.402487550 -0.486370830
1561000954.385541916 -722734.205590 -64514.803849 958371.163497 0.492819157 -0.576916013 0.418804797 -0.498898521
1561000954.485032558 -723034.340179 -64548.512708 958745.708413 0.491391943 -0.559340088 0.419613252 -0.519227641
1561000954.585534096 -723337.666394 -64582.633529 959124.127203 0.484328789 -0.550188796 0.434003815 -0.523792517
1561000954.683674097 -723634.000705 -64616.020121 959493.717257 0.469798140 -0.554180890 0.454291156 -0.515550961
1561000954.785400391 -723941.308440 -64650.695498 959876.879372 0.462750248 -0.541767992 0.464971454 -0.525500902
1561000954.883682489 -724238.351063 -64684.262394 960247.128967 0.444468853 -0.526630002 0.476008194 -0.546373936
1561000954.985439539 -724546.041071 -64719.082628 960630.526981 0.428614975 -0.527114348 0.485164051 -0.550504778
1561000955.086703777 -724852.387936 -64753.799012 961012.121981 0.429764081 -0.521462231 0.504322352 -0.537623420
1561000955.185409784 -725151.137917 -64787.699928 961384.129061 0.431369671 -0.513860979 0.510680551 -0.537654606
1561000955.286662579 -725457.741891 -64822.539090 961765.788554 0.433137604 -0.501629202 0.513258973 -0.545275330
1561000955.386850834 -725761.266470 -64857.076622 962143.487804 0.411012702 -0.503093276 0.525011462 -0.549844232
1561000955.485283613 -726059.612346 -64891.070651 962514.616569 0.395503525 -0.488005655 0.526740685 -0.572688129
1561000955.587283850 -726368.915256 -64926.361038 962899.239601 0.383699706 -0.474201168 0.525461111 -0.593125964
1561000955.685685873 -726667.443644 -64960.469708 963270.332575 0.388698588 -0.463807903 0.538362601 -0.586482180
1561000955.787601233 -726976.772022 -64995.861171 963654.713411 0.371082112 -0.447495121 0.554479787 -0.595481611
1561000955.888366222 -727282.749349 -65030.918640 964034.792387 0.378393879 -0.439458767 0.554200304 -0.597123175
1561000955.988884687 -727588.115706 -65065.956958 964413.978114 0.395377774 -0.432850260 0.568196708 -0.577468240
1561000956.088726044 -727891.563018 -65100.825106 964790.649378 0.385437513 -0.432396222 0.573532490 -0.579251166
1561000956.188635349 -728195.354323 -65135.782027 965167.615602 0.351359343 -0.420599203 0.563956923 -0.617734175
1561000956.288421392 -728498.903130 -65170.760481 965544.146335 0.314804919 -0.409198702 0.565048176 -0.643564173
1561000956.388401508 -728803.171330 -65205.869827 965921.431390 0.307251789 -0.405089211 0.572681115 -0.643067189
1561000956.486763477 -729102.639351 -65240.472173 966292.629684 0.333040782 -0.388893797 0.585212604 -0.628785863
1561000956.588392258 -729412.183974 -65276.289225 966676.180665 0.346050661 -0.401037444 0.590395215 -0.608975696
1561000956.687091112 -729712.934663 -65311.137009 967048.702104 0.355291373 -0.399491808 0.585048847 -0.609829634
1561000956.788536072 -730022.187001 -65347.020826 967431.619311 0.352657375 -0.411590110 0.572212562 -0.615466604
1561000956.887017727 -730322.535537 -65381.920968 967803.380323 0.349425340 -0.421284229 0.557787794 -0.623934537
1561000956.988505363 -730632.185168 -65417.952073 968186.517526 0.350278305 -0.427413769 0.551713984 -0.624687329
1561000957.088414669 -730937.151703 -65453.487710 968563.724441 0.365412579 -0.422966632 0.544861578 -0.625058986
1561000957.187021732 -731238.271544 -65488.624904 968936.044558 0.390678661 -0.424140147 0.544319928 -0.609254573
1561000957.288455248 -731548.156845 -65524.838432 969319.073449 0.426966917 -0.440235814 0.548762690 -0.568111952
1561000957.388379097 -731853.567533 -65560.581117 969696.447038 0.438923129 -0.448892645 0.543780114 -0.556906695
1561000957.488420963 -732159.476842 -65596.433442 970074.315405 0.413118137 -0.460608610 0.524904470 -0.584506980
1561000957.588378429 -732465.265060 -65632.321573 970451.909325 0.392719420 -0.482304598 0.508336379 -0.595607134
1561000957.687039375 -732767.221818 -65667.806537 970824.646230 0.425443888 -0.491218726 0.500813575 -0.571740697
1561000957.788133144 -733076.762201 -65704.231226 971206.619294 0.453323922 -0.506871370 0.501188952 -0.535152754
1561000957.889079094 -733385.993674 -65740.668467 971588.092142 0.473603458 -0.521104769 0.487017872 -0.516684794
1561000957.988786459 -733691.571918 -65776.722675 971964.946364 0.478215419 -0.541089827 0.457995363 -0.518432310
1561000958.090153933 -734002.381233 -65813.442415 972348.140520 0.485526615 -0.566786584 0.432808205 -0.505661875
1561000958.188767672 -734304.885411 -65849.227498 972720.991415 0.510557362 -0.589017689 0.407101520 -0.476085806
1561000958.290233135 -734616.279567 -65886.112427 973104.700798 0.538939424 -0.593049677 0.384196802 -0.458507574
1561000958.389962673 -734922.484492 -65922.432474 973481.927304 0.554549879 -0.601340333 0.352115355 -0.454839546
1561000958.489777803 -735229.087610 -65958.851809 973859.563264 0.584249477 -0.615939406 0.327266431 -0.414931176
1561000958.591312885 -735541.106444 -65995.970380 974243.799762 0.635344921 -0.611983784 0.294918461 -0.367199919
1561000958.689979792 -735844.434851 -66032.111237 974617.286624 0.670984669 -0.614998924 0.253110400 -0.327858236
1561000958.791182995 -736155.678915 -66069.254791 975000.488484 0.668450275 -0.637194853 0.205018604 -0.324228810
1561000958.891231060 -736463.484240 -66106.049564 975379.431665 0.666037269 -0.664350909 0.176708421 -0.289493282
1561000958.991314650 -736771.508651 -66142.932536 975758.626797 0.684949360 -0.675388069 0.104170601 -0.252673339
1561000959.091128826 -737078.804010 -66179.793218 976136.921542 0.715692317 -0.669744243 0.034486462 -0.195032920
1561000959.189853430 -737382.830288 -66216.328265 976511.210931 0.712762852 -0.685652016 0.041780070 -0.141791592
1561000959.292696714 -737699.628696 -66254.464839 976901.253362 0.673693597 -0.721713286 0.018425072 -0.157884093
1561000959.391457558 -738003.938695 -66291.162098 977275.941210 0.665554757 -0.727665311 -0.059434630 -0.154943814
1561000959.491301537 -738311.669805 -66328.341246 977654.863780 0.717222719 -0.678519227 -0.124707244 -0.098241198
1561000959.591312647 -738619.978245 -66365.664535 978034.545766 0.776626916 -0.597737328 -0.193316664 -0.046790884
1561000959.689921856 -738924.005314 -66402.543288 978409.025061 0.756618097 -0.612174604 -0.227761556 -0.029932981
1561000959.791233540 -739236.400342 -66440.515131 978793.886585 0.755134689 -0.604268726 -0.254224653 -0.000856635
1561000959.891107559 -739544.395207 -66478.030257 979173.402745 0.757448102 -0.589700488 -0.279094259 0.025141634
1561000959.989674091 -739848.383035 -66515.131922 979548.061877 0.766619543 -0.566333441 -0.297112178 0.057317220
1561000960.090940475 -740160.715714 -66553.326865 979933.096008 0.776709868 -0.546426668 -0.302002916 0.083270139
1561000960.189781189 -740465.579244 -66590.679336 980309.015585 0.763490972 -0.551798724 -0.321059054 0.097574525
1561000960.291163206 -740778.292972 -66629.066930 980694.709645 0.743599596 -0.567233192 -0.331643458 0.123768994
1561000960.391526222 -741087.874979 -66667.143737 981076.634529 0.733355701 -0.556889074 -0.357082870 0.156702901
1561000960.491475821 -741396.189483 -66705.136799 981457.088833 0.734481326 -0.528074126 -0.377697079 0.197534342
1561000960.591658831 -741705.225615 -66743.287523 981838.530570 0.736784157 -0.487725227 -0.404465147 0.235968543
1561000960.690536022 -742010.228771 -66781.004083 982215.091757 0.715010610 -0.468614160 -0.444663423 0.267273336
1561000960.791438580 -742321.470512 -66819.555213 982599.451537 0.698390456 -0.450730798 -0.478144667 0.283672693
1561000960.891407728 -742629.822120 -66857.810817 982980.333079 0.691473716 -0.431869858 -0.499512013 0.292985110
1561000960.990225315 -742934.610756 -66895.685624 983356.898057 0.677679829 -0.448765727 -0.496479012 0.304742453
1561000961.090926886 -743245.199335 -66934.344694 983740.714523 0.658719599 -0.449496399 -0.518298802 0.308881578
1561000961.189651489 -743549.680827 -66972.307332 984117.063963 0.659573930 -0.431388145 -0.523869635 0.323151830
1561000961.291135073 -743862.659937 -67011.393155 984503.998361 0.662981335 -0.410182036 -0.526982319 0.338372698
1561000961.392426968 -744175.033863 -67050.465026 984890.266790 0.653171744 -0.401672877 -0.540584968 0.346111926
1561000961.492033958 -744482.197682 -67088.943937 985270.170772 0.640370767 -0.415092666 -0.543358736 0.349835167
1561000961.592827797 -744793.008258 -67127.940620 985654.661617 0.629382441 -0.408581661 -0.552699274 0.362577276
1561000961.692652941 -745100.820041 -67166.621948 986035.516483 0.621199259 -0.405706504 -0.551373065 0.381446530
1561000961.791678667 -745406.151597 -67205.049401 986413.375176 0.618705377 -0.384709139 -0.557750588 0.397639053
1561000961.891368389 -745713.516497 -67243.789146 986793.820720 0.608476526 -0.360934997 -0.578701230 0.405693395
1561000961.992475510 -746025.236000 -67283.134106 987179.723284 0.583292828 -0.378138477 -0.591307591 0.408822825
1561000962.092440605 -746333.423829 -67322.091908 987561.314247 0.564007041 -0.360699853 -0.609062466 0.425246500
1561000962.191398144 -746638.494069 -67360.712041 987939.098715 0.544978943 -0.342305470 -0.612317888 0.459229486
1561000962.284523726 -746925.575840 -67397.103504 988294.651378 0.503405696 -0.302719085 -0.659468160 0.469090192
1561000962.384649754 -747234.232920 -67436.280606 988676.957171 0.477448293 -0.271518456 -0.681637830 0.483415684
1561000962.483613014 -747539.306164 -67475.052854 989054.840961 0.430940676 -0.268618484 -0.700389056 0.501586895
1561000962.584870100 -747851.456441 -67514.777341 989441.497569 0.414141296 -0.242477246 -0.704403065 0.522980013
1561000962.683688641 -748156.098545 -67553.598237 989818.853678 0.365762608 -0.241281991 -0.704992811 0.557661055
1561000962.784689188 -748467.481108 -67593.332877 990204.551113 0.312484834 -0.217123817 -0.736353873 0.559458175
1561000962.884744883 -748775.973261 -67632.756445 990586.645399 0.224489397 -0.216951204 -0.778125361 0.545029915
1561000962.984386444 -749083.226852 -67672.085388 990967.161978 0.133510853 -0.205891234 -0.810274091 0.532202546
1561000963.084700346 -749392.609778 -67711.755291 991350.250357 0.061633215 -0.182908310 -0.835345419 0.514727042
1561000963.183694601 -749697.993451 -67750.981130 991728.305636 -0.026075398 -0.156185604 -0.858808009 0.487211385
1561000963.284952402 -750010.449282 -67791.186186 992115.017612 -0.136747564 -0.174448430 -0.867926192 0.444490692
1561000963.384372950 -750317.341067 -67830.746773 992494.739172 -0.246246661 -0.195744126 -0.858316532 0.405388148
1561000963.485167503 -750628.594954 -67870.942621 992879.755873 -0.337182409 -0.220814336 -0.831143484 0.383079054
1561000963.585233450 -750937.722115 -67910.936558 993262.053554 -0.440665213 -0.262485514 -0.773445946 0.372420319
1561000963.683647394 -751241.866622 -67950.356248 993638.128775 -0.553168241 -0.308326733 -0.703358607 0.322840818
1561000963.784938097 -751555.020728 -67991.008459 994025.317365 -0.656063653 -0.333959112 -0.620874779 0.269381334
1561000963.884650707 -751863.408010 -68031.092053 994406.619716 -0.738812415 -0.349741620 -0.531555710 0.222003474
1561000963.983434916 -752169.019753 -68070.849400 994784.529353 -0.799314506 -0.367247388 -0.445590112 0.166358432
1561000964.084925890 -752483.090366 -68111.726248 995172.969313 -0.850406899 -0.385736637 -0.343569123 0.099877985
1561000964.183969259 -752789.652422 -68151.625148 995552.217456 -0.894673077 -0.390307279 -0.214210135 0.036528508
1561000964.285007715 -753102.434693 -68192.313630 995939.280824 -0.921148382 -0.381671656 -0.074665791 -0.015408592
1561000964.385648012 -753414.005992 -68232.809376 996324.982813 -0.921745524 -0.376266188 0.057777815 -0.073963970
1561000964.484849691 -753721.125944 -68272.681356 996705.311884 -0.904664804 -0.358237243 0.187668507 -0.134269141
1561000964.584822893 -754030.623585 -68312.808502 997088.715541 -0.872326090 -0.345275216 0.291855132 -0.186152625
1561000964.683777809 -754336.950948 -68352.467861 997468.304888 -0.832983302 -0.335197232 0.382251679 -0.218323814
1561000964.783824682 -754646.637338 -68392.506054 997852.151426 -0.769759412 -0.314683731 0.489295665 -0.262743885
1561000964.884946346 -754959.630910 -68432.919233 998240.164606 -0.677974661 -0.268742428 0.608214993 -0.313372602
1561000964.984812975 -755268.727894 -68472.789385 998623.374776 -0.580916483 -0.219116063 0.696698126 -0.359354854
1561000965.085591793 -755580.647468 -68513.001671 999010.075997 -0.488831032 -0.163267000 0.765362320 -0.385497897
1561000965.183646679 -755884.147176 -68552.125769 999386.304187 -0.419367710 -0.118560516 0.813140751 -0.385844849
1561000965.284957170 -756197.746533 -68592.566113 999774.996731 -0.329337550 -0.047487919 0.856570198 -0.394422580
1561000965.384976149 -756507.383909 -68632.530304 1000158.707778 -0.205068550 0.022278326 0.891642451 -0.403018989
1561000965.483543396 -756812.579020 -68671.975324 1000536.831341 -0.028164534 0.086017063 0.909622328 -0.405456586
1561000965.584986448 -757126.756400 -68712.656257 1000925.986505 0.053194945 0.123130498 0.916320308 -0.377314552
1561000965.684486866 -757435.007000 -68752.652005 1001307.703659 0.096581052 0.175790640 0.910017895 -0.362818388
1561000965.785499334 -757748.036541 -68793.356543 1001695.249095 0.154262352 0.248125588 0.894670790 -0.337936379
1561000965.884537458 -758055.043490 -68833.369706 1002075.265707 0.341146654 0.349633989 0.806289419 -0.333575190
1561000965.983076572 -758360.598658 -68873.284319 1002453.449191 0.503386957 0.389994209 0.721910252 -0.270835144
1561000966.084619522 -758675.567128 -68914.510149 1002843.287646 0.577808756 0.429488779 0.677404123 -0.150996968
1561000966.183230400 -758981.545548 -68954.616015 1003222.014415 0.584644405 0.466480319 0.658424697 -0.084047314
1561000966.284712076 -759296.546694 -68995.947187 1003611.924635 0.625499330 0.508930205 0.589676147 -0.044974164
1561000966.384607792 -759606.728579 -69036.673495 1003995.905722 0.722259080 0.539599086 0.432589360 -0.006410375
1561000966.483518124 -759913.927211 -69077.013407 1004376.274318 0.846540544 0.491615714 0.191246797 0.071468590
1561000966.585575819 -760230.945313 -69118.624774 1004768.925331 0.869775590 0.473926923 0.081584223 0.110578972
1561000966.683497667 -760535.136958 -69158.521354 1005145.822922 0.860689816 0.490249489 0.057655643 0.124676810
1561000966.784542799 -760849.049021 -69199.655566 1005534.902123 0.824504435 0.543223986 0.019992161 0.157163773
1561000966.884462595 -761159.483582 -69240.284377 1005919.800103 0.791287736 0.567598302 -0.099360784 0.204507509
1561000966.983263731 -761466.453048 -69280.397966 1006300.519623 0.793012740 0.508060236 -0.231977171 0.243294438
1561000967.084389925 -761780.640516 -69321.391708 1006690.309311 0.798847189 0.432007214 -0.330399339 0.257000412
1561000967.183247328 -762087.761379 -69361.410877 1007071.445612 0.805744635 0.394480176 -0.361737045 0.253588809
1561000967.284685612 -762402.875816 -69402.426256 1007462.620768 0.809072198 0.383055825 -0.370374663 0.247977869
1561000967.384592533 -762713.207091 -69442.777136 1007847.975826 0.797058068 0.424646359 -0.359920051 0.234161189
1561000967.483224154 -763019.554222 -69482.564969 1008228.493980 0.763642464 0.456358009 -0.394779387 0.229644924
1561000967.584946394 -763335.479477 -69523.545577 1008621.014776 0.747666423 0.418940543 -0.463146954 0.225784498
1561000967.683718204 -763642.217739 -69563.290500 1009002.214311 0.742884751 0.342104694 -0.530708563 0.222339933
1561000967.784705877 -763955.808873 -69603.893639 1009392.016555 0.725091302 0.258648058 -0.600548965 0.216066486
1561000967.884687185 -764266.243891 -69644.074974 1009777.975670 0.796054072 0.256366326 -0.511562170 0.197175982
1561000967.984691620 -764576.715776 -69684.252258 1010164.081053 0.814170014 0.295524087 -0.473793679 0.159098246
1561000968.084750652 -764887.321765 -69724.434797 1010550.464172 0.785976064 0.359476534 -0.479613113 0.151622918
1561000968.183260441 -765193.086180 -69763.972561 1010930.923570 0.703039219 0.331616963 -0.602307927 0.181634821
1561000968.284327745 -765506.762265 -69804.511454 1011321.296958 0.696402083 0.301768773 -0.631241766 0.159667091
1561000968.383413315 -765814.262196 -69844.239580 1011704.044668 0.739155426 0.252225197 -0.605494512 0.152997068
1561000968.483355999 -766124.391815 -69884.303416 1012090.139737 0.785886091 0.179018061 -0.576865754 0.132519762
1561000968.584438324 -766438.023954 -69924.825329 1012480.683929 0.766014917 0.216385092 -0.595641644 0.107748181
1561000968.683402777 -766745.051816 -69964.504290 1012863.091282 0.758399987 0.179854823 -0.617163426 0.107661544
1561000968.784822464 -767059.664277 -70005.178812 1013255.027760 0.747331143 0.157650070 -0.639703413 0.086151973
1561000968.885429621 -767371.726459 -70045.545117 1013643.860860 0.732674602 0.141969101 -0.662787419 0.061200810
1561000968.983834982 -767676.933215 -70085.050168 1014024.214808 0.749085432 0.126876453 -0.648811139 0.042632007
1561000969.084949970 -767990.517353 -70125.670231 1014415.074966 0.772072032 0.113148656 -0.625064735 0.019905712
1561000969.183633804 -768296.536003 -70165.344377 1014796.575960 0.768496221 0.112101692 -0.629952443 0.002586361
1561000969.283847332 -768607.270739 -70205.665783 1015184.025320 0.763520795 0.114609833 -0.635244816 -0.019094635
1561000969.383179426 -768915.249250 -70245.666615 1015568.101169 0.759857829 0.095259680 -0.642212044 -0.033247010
1561000969.484140873 -769228.257224 -70286.361689 1015958.509532 0.761490972 0.071224892 -0.642353247 -0.049404656
1561000969.584017515 -769537.881766 -70326.662189 1016344.755382 0.768697311 0.044793814 -0.634778003 -0.064458083
1561000969.683040142 -769844.841475 -70366.665751 1016727.731841 0.762334916 0.022190785 -0.641202046 -0.084929267
1561000969.784004211 -770157.805075 -70407.507216 1017118.249526 0.752343040 0.008915696 -0.651025684 -0.100329556
1561000969.883886576 -770467.404555 -70447.967460 1017504.613644 0.756940563 -0.005250714 -0.643088338 -0.115977599
1561000969.984343052 -770778.773943 -70488.719037 1017893.229463 0.759096182 0.001805134 -0.637795702 -0.130331768
1561000970.084389687 -771088.863737 -70529.362975 1018280.289600 0.757442583 0.003338843 -0.635229568 -0.150840916
1561000970.183631182 -771396.450615 -70569.738342 1018664.262454 0.747858147 -0.021165751 -0.642705348 -0.164894020
1561000970.284636497 -771709.500482 -70610.894552 1019055.085993 0.746132691 -0.060436436 -0.642785030 -0.162667909
1561000970.384439945 -772018.825529 -70651.629011 1019441.287072 0.754939768 -0.092030732 -0.631720171 -0.150086364
1561000970.485275507 -772331.350142 -70692.857715 1019831.513519 0.755701124 -0.058930429 -0.634355806 -0.151775255
1561000970.584341288 -772638.388964 -70733.432038 1020214.924247 0.767639394 -0.031856125 -0.625970066 -0.133702748
1561000970.684443235 -772948.631893 -70774.495296 1020602.376543 0.764248889 0.010648062 -0.631428224 -0.130800046
1561000970.784308672 -773258.131260 -70815.520416 1020988.944461 0.766068104 0.003236322 -0.629525086 -0.129720284
1561000970.883879185 -773566.705670 -70856.482844 1021374.402610 0.777282164 -0.023465598 -0.617073115 -0.120426635
1561000970.983227730 -773874.582062 -70897.415330 1021759.037089 0.785238578 -0.048571783 -0.608773896 -0.102154303
1561000971.084427357 -774188.184813 -70939.176658 1022150.878960 0.794612937 -0.010854407 -0.601120813 -0.084417005
1561000971.183258295 -774494.433708 -70980.020521 1022533.591151 0.811684244 0.044727444 -0.579087252 -0.061855459
1561000971.284656525 -774808.617111 -71021.977118 1022926.289799 0.786522366 0.058969237 -0.612416587 -0.053395890
1561000971.383232355 -775114.033155 -71062.810697 1023308.097885 0.811082036 0.065793337 -0.579080692 -0.049826895
1561000971.483886957 -775425.866032 -71104.550746 1023698.003695 0.845211233 0.028971688 -0.533046689 -0.025295055
1561000971.585474491 -775740.564246 -71146.728505 1024091.583157 0.854009291 0.018307349 -0.519847939 -0.009544266
1561000971.684720755 -776047.985483 -71187.984605 1024476.155320 0.832218322 0.048169190 -0.552058197 0.018003882
1561000971.785248280 -776359.348824 -71229.817803 1024865.751943 0.838094408 0.096177954 -0.534970350 0.046414328
1561000971.884037495 -776665.297913 -71270.961451 1025248.671860 0.855025828 0.147920490 -0.488866423 0.089777407
1561000971.985054255 -776978.111716 -71313.055281 1025640.297002 0.857431619 0.189243783 -0.461276224 0.127365830
1561000972.085093737 -777287.863871 -71354.751270 1026028.209475 0.845533695 0.218615342 -0.457001672 0.168610717
1561000972.183376312 -777592.141767 -71395.714909 1026409.384656 0.841760917 0.234176320 -0.439434113 0.208560952
1561000972.285013199 -777906.769670 -71438.069349 1026803.650704 0.841832226 0.230421025 -0.420254623 0.248215040
1561000972.383723259 -778212.304135 -71479.190923 1027186.646461 0.842462080 0.249476435 -0.381575191 0.287088009
1561000972.485286236 -778526.637340 -71521.479848 1027580.802926 0.838658930 0.270588062 -0.345970838 0.322083031
1561000972.585299015 -778836.145263 -71563.093113 1027969.040109 0.834982470 0.305267888 -0.288323422 0.355647854
1561000972.685008526 -779144.695388 -71604.538100 1028356.202811 0.816360153 0.380976573 -0.193461078 0.388568865
1561000972.785479307 -779455.593561 -71646.241654 1028746.430981 0.789267441 0.429997597 -0.113731520 0.423348692
1561000972.884397268 -779761.698503 -71687.231687 1029130.745147 0.756788371 0.470016330 -0.048151768 0.451705012
1561000972.985361814 -780074.163351 -71728.990517 1029523.132345 0.729732283 0.490668829 -0.009139837 0.476079152
1561000973.085532427 -780384.209933 -71770.337093 1029912.556286 0.713306747 0.522311800 0.070115696 0.462025603
1561000973.183577061 -780687.729416 -71810.726392 1030293.840624 0.700704851 0.548695653 0.181324117 0.418410512
1561000973.283831596 -780998.163852 -71851.952028 1030683.858785 0.667284144 0.561814566 0.287917260 0.395221350
1561000973.383857250 -781307.983186 -71893.019905 1031073.133861 0.614925564 0.573765401 0.388207751 0.376768573
1561000973.483830929 -781617.754829 -71934.014367 1031462.353409 0.545094967 0.583899638 0.463959357 0.382980946
1561000973.584774256 -781930.663642 -71975.362626 1031855.488329 0.448072898 0.604209260 0.535163441 0.384398153
1561000973.683710814 -782237.499877 -72015.857484 1032240.935821 0.364512021 0.610556115 0.598834138 0.368442523
1561000973.785025597 -782551.873668 -72057.309837 1032635.765166 0.267362727 0.619735431 0.665722739 0.318211254
1561000973.883437157 -782857.402553 -72097.581215 1033019.383861 0.185474058 0.619629831 0.720689860 0.249528299
1561000973.985337496 -783173.932021 -72139.311811 1033416.700837 0.089534965 0.602030868 0.774290158 0.173254366
1561000974.085320950 -783484.666773 -72180.312223 1033806.631408 0.002874116 0.576084369 0.809926565 0.110170315
1561000974.183490753 -783789.908050 -72220.639694 1034189.562586 -0.060103057 0.566618483 0.819039146 0.067126710
1561000974.285704136 -784107.861194 -72262.714621 1034588.336045 -0.148675239 0.553946664 0.818957901 0.018620488
1561000974.384006262 -784413.767857 -72303.272446 1034971.909518 -0.229047745 0.530333280 0.816210738 -0.009152747
1561000974.485372782 -784729.317684 -72345.197139 1035367.493077 -0.320281297 0.512756050 0.792262136 -0.082594382
1561000974.586887360 -785045.409738 -72387.292782 1035763.705087 -0.487163870 0.425112476 0.727702316 -0.228910650
1561000974.685586214 -785352.769320 -72428.322269 1036148.975993 -0.582258874 0.358476000 0.661459367 -0.308125082
1561000974.786907196 -785668.298301 -72470.530754 1036544.534361 -0.638386781 0.300400880 0.627853842 -0.328665761
1561000974.885524750 -785975.397181 -72511.686452 1036929.589520 -0.674227908 0.279575977 0.608539547 -0.311341648
1561000974.985458374 -786286.577476 -72553.458583 1037319.834073 -0.715683834 0.260855200 0.566979188 -0.313505685
1561000975.087263584 -786603.561002 -72596.073720 1037717.444850 -0.803864825 0.232688493 0.402992427 -0.370478762
1561000975.186519623 -786912.573512 -72637.658565 1038105.179808 -0.855434309 0.168598341 0.215094538 -0.439933043
1561000975.287033558 -787225.469010 -72679.771576 1038497.937593 -0.868945917 0.102890233 0.060770800 -0.480263994
1561000975.385408401 -787531.686600 -72720.959312 1038882.459883 -0.863553344 0.015974124 0.001918286 -0.504000763
1561000975.487001896 -787847.912909 -72763.441386 1039279.688220 -0.842047869 -0.072909799 -0.060473704 -0.531020224
1561000975.587198019 -788159.797359 -72805.267323 1039671.575381 -0.801557402 -0.155013688 -0.134024447 -0.561706271
1561000975.685003996 -788464.268198 -72846.011998 1040054.224468 -0.789960924 -0.152540717 -0.174078301 -0.567793813
1561000975.786659002 -788780.759469 -72888.268883 1040452.046512 -0.799767313 -0.158409348 -0.227690705 -0.532386764
1561000975.885049582 -789087.136421 -72929.080482 1040837.209418 -0.787994563 -0.217953830 -0.318291014 -0.479845316
1561000975.985083580 -789398.702862 -72970.487606 1041228.927291 -0.728230453 -0.319533417 -0.426467249 -0.430934436
1561000976.086943388 -789716.062512 -73012.570204 1041627.917616 -0.649806491 -0.399033748 -0.544624617 -0.349152716
1561000976.187207937 -790028.587570 -73053.936239 1042020.774736 -0.556746396 -0.454226351 -0.652004508 -0.242078489
1561000976.287299633 -790340.729232 -73095.203121 1042413.061612 -0.483005044 -0.489899802 -0.697352452 -0.201007137
1561000976.385954142 -790648.548227 -73135.868250 1042799.813460 -0.495785705 -0.494946838 -0.695147405 -0.161227316
1561000976.485713482 -790959.974469 -73176.986126 1043190.998350 -0.532270552 -0.502250347 -0.672060643 -0.112991773
1561000976.587063551 -791276.528142 -73218.762161 1043588.533388 -0.479281461 -0.534018017 -0.693851043 -0.060702294
1561000976.685241461 -791583.328323 -73259.246466 1043973.730495 -0.385028482 -0.559626784 -0.733873485 0.000799010
1561000976.787432194 -791902.829701 -73301.423905 1044374.771942 -0.264323259 -0.578079823 -0.769440706 0.062593397
1561000976.885406971 -792209.293094 -73341.918216 1044759.347036 -0.174030518 -0.589620467 -0.778894181 0.124036035
1561000976.988823652 -792532.917401 -73384.739192 1045165.357236 -0.133482524 -0.608700866 -0.763153229 0.171063791
1561000977.088373184 -792844.563479 -73426.043606 1045556.255732 -0.118831428 -0.630995928 -0.737456988 0.209476540
1561000977.188319206 -793157.564330 -73467.600817 1045948.784460 -0.070937778 -0.640264438 -0.721346423 0.254339576
1561000977.288352728 -793470.940870 -73509.287727 1046341.730027 0.013559774 -0.632666798 -0.705851189 0.318312669
1561000977.387111187 -793780.404380 -73550.539261 1046729.733524 0.084664080 -0.627959729 -0.679689212 0.369487682
1561000977.488684177 -794098.753169 -73593.067804 1047128.860244 0.127371828 -0.633760028 -0.657278316 0.387440137
1561000977.589176416 -794413.770392 -73635.244212 1047523.806794 0.127937093 -0.663927073 -0.637294836 0.369713720
1561000977.688554764 -794725.349115 -73677.050822 1047914.445809 0.123595244 -0.701072072 -0.601810842 0.362002591
1561000977.788650036 -795039.228337 -73719.256833 1048307.981768 0.143309004 -0.723153775 -0.553733513 0.387156743
1561000977.886802435 -795347.060245 -73760.737023 1048693.963346 0.172405199 -0.731380399 -0.518582540 0.407959935
1561000977.988249302 -795665.263136 -73803.703125 1049092.992973 0.197997075 -0.735296545 -0.487992541 0.426613911
1561000978.088636637 -795980.174474 -73846.310653 1049487.950929 0.213518333 -0.745701910 -0.468495756 0.422906976
1561000978.187677383 -796290.889803 -73888.432932 1049877.707271 0.222188339 -0.758837546 -0.459861548 0.404135222
1561000978.288118839 -796606.029264 -73931.237900 1050273.076563 0.244119467 -0.768862722 -0.453042263 0.379484529
1561000978.386617661 -796915.103593 -73973.299051 1050660.899158 0.256400416 -0.785850377 -0.436939004 0.354658031
1561000978.487805843 -797232.648978 -74016.594562 1051059.417110 0.261170178 -0.805750521 -0.412415691 0.335364779
1561000978.587914228 -797546.840254 -74059.512984 1051453.794265 0.263730375 -0.826271805 -0.377207078 0.324709123
1561000978.687939882 -797860.807611 -74102.476617 1051847.963014 0.264770492 -0.843645460 -0.326615769 0.333887802
1561000978.788264513 -798175.747880 -74145.644280 1052243.434659 0.282666350 -0.846476915 -0.293743192 0.342478474
1561000978.886841297 -798485.232523 -74188.129480 1052632.142470 0.301271489 -0.854368325 -0.275120986 0.321867516
1561000978.988387108 -798804.072657 -74231.963965 1053032.691737 0.304106789 -0.872117210 -0.262528754 0.279301426
1561000979.086934328 -799113.536377 -74274.571067 1053421.545943 0.312705929 -0.886948652 -0.240788810 0.239912150
1561000979.187030792 -799427.909781 -74317.915142 1053816.650174 0.318723384 -0.898362800 -0.200712977 0.225995540
1561000979.287875175 -799744.681704 -74361.647130 1054214.850668 0.320702437 -0.906812648 -0.147730173 0.230253263
1561000979.386244774 -800053.728271 -74404.359888 1054603.423619 0.321684442 -0.911933814 -0.108206938 0.230623278
1561000979.487649679 -800372.362441 -74448.440753 1055004.140900 0.329383147 -0.917565127 -0.094484896 0.201627341
1561000979.588452578 -800689.159593 -74492.308503 1055402.633345 0.336649281 -0.921386000 -0.083883249 0.175153362
1561000979.686301947 -800996.733118 -74534.936976 1055789.599555 0.357284538 -0.917469691 -0.064185521 0.162718602
1561000979.789393663 -801320.847484 -74579.896846 1056197.457366 0.367141385 -0.916843829 -0.033543922 0.153229899
1561000979.888055325 -801631.095988 -74622.966218 1056587.943827 0.356595943 -0.920499228 -0.029498340 0.157004310
1561000979.989781141 -801951.042841 -74667.413777 1056990.716751 0.347600023 -0.915132177 -0.073259661 0.190631439
1561000980.088529825 -802261.681525 -74710.602620 1057381.855114 0.345550331 -0.921632844 -0.036066672 0.172878756
1561000980.190017700 -802580.997378 -74755.028047 1057784.002027 0.351980182 -0.929494873 0.052331112 0.097008696
1561000980.290025949 -802895.732580 -74798.834712 1058180.445875 0.298241418 -0.940266332 0.163916224 -0.009096890
1561000980.388288260 -803205.068920 -74841.891186 1058570.120134 0.138465459 -0.942463014 0.272968917 -0.134457257
1561000980.489541292 -803523.946334 -74886.254295 1058971.796837 0.164793432 -0.936622396 0.294710617 -0.093419829
1561000980.589478970 -803838.807786 -74930.032405 1059368.396835 0.311029243 -0.921194475 0.232101244 0.028116917
1561000980.688309193 -804150.281332 -74973.329919 1059760.754278 0.494139733 -0.853610562 0.102710512 0.128939846
1561000980.789653301 -804469.749444 -75017.751976 1060163.255384 0.587466874 -0.807282446 0.015070332 0.054319515
1561000980.888385773 -804781.046063 -75061.068415 1060555.538548 0.528874434 -0.846865097 0.045128644 -0.032783309
1561000980.989814758 -805100.923536 -75105.612262 1060958.690801 0.375620980 -0.910596797 0.152125586 -0.081118177
1561000981.088310719 -805411.652480 -75148.897119 1061350.333082 0.255881358 -0.935587771 0.226121561 -0.089829251
