1561000444.690960407 -0.012528 -0.009002 -0.010035 0.000083115 0.000504414 0.000250002 0.999999838
1561000444.789840221 -0.020301 0.004376 0.009286 0.000229911 -0.000649344 -0.000509113 0.999999633
1561000444.890985012 -0.013232 0.005035 0.005592 0.000635312 -0.000081494 0.000335303 0.999999739
1561000444.989928961 -0.018372 -0.002898 0.003115 0.001370375 -0.000250359 0.000480718 0.999998914
1561000445.090899706 -0.025448 -0.001694 0.003890 0.000473614 -0.000748630 -0.000160094 0.999999595
1561000445.190808773 -0.021449 0.003958 0.003522 -0.000030952 0.000273354 -0.000204963 0.999999941
1561000445.289847851 -0.015758 -0.006710 0.000447 0.001351509 0.001088476 -0.000117832 0.999998487
1561000445.392024755 -0.021531 -0.002147 0.007129 0.000618935 -0.000363082 0.000096977 0.999999738
1561000445.489689350 -0.015376 -0.006048 0.005761 0.000675358 0.000395261 0.000516251 0.999999561
1561000445.591002226 -0.004603 -0.008451 0.003679 0.000810932 0.001214491 -0.000533780 0.999998791
1561000445.690709352 0.002058 -0.007721 0.000570 0.000640817 0.001048876 -0.000099668 0.999999240
1561000445.789916754 -0.014191 -0.004071 0.002823 0.000156828 -0.000617249 -0.000281949 0.999999757
1561000445.890565634 -0.011266 -0.001629 0.003271 0.000190413 -0.000173797 -0.000005653 0.999999967
1561000445.989497185 -0.014741 0.001686 0.003268 0.000296551 -0.000466930 -0.000155500 0.999999835
1561000446.090726376 -0.008030 0.000071 0.004695 0.000117196 -0.000064376 -0.000211687 0.999999969
1561000446.190500498 -0.007999 0.001207 0.001768 0.000473028 0.000022354 0.000036767 0.999999887
1561000446.290554285 -0.011445 -0.001798 -0.000099 0.000563742 -0.000339470 -0.000144178 0.999999773
1561000446.389827251 -0.020722 -0.005376 0.002540 0.000610813 -0.000783528 0.000013975 0.999999506
1561000446.489336014 -0.020998 -0.004151 0.001310 0.000126533 -0.000562381 0.000345734 0.999999774
1561000446.590505362 -0.017250 -0.001947 0.004653 0.000101901 -0.000322778 -0.000273426 0.999999905
1561000446.690697193 -0.006702 -0.002674 0.002656 0.000355096 0.000342189 0.000215990 0.999999855
1561000446.789582729 -0.003815 -0.001492 0.003431 0.000357302 -0.000043626 -0.000026409 0.999999935
1561000446.890337706 -0.007094 -0.000747 0.004073 0.000264493 -0.000263414 0.000084593 0.999999927
1561000446.989904642 -0.008806 -0.002099 0.000735 0.000307401 -0.000131285 0.000093379 0.999999940
1561000447.090824366 -0.010362 -0.004871 -0.000644 0.000353021 -0.000214186 -0.000248623 0.999999884
1561000447.190652609 -0.012133 -0.008454 0.000666 0.000424536 -0.000199605 -0.000168682 0.999999876
1561000447.289533615 -0.011589 -0.003608 0.000777 0.000088147 -0.000105428 -0.000112516 0.999999984
1561000447.390721798 -0.012037 -0.003095 0.003259 0.000229319 -0.000361733 -0.000185675 0.999999891
1561000447.490360498 -0.010296 -0.001321 0.003886 0.000067154 -0.000290495 0.000112869 0.999999949
1561000447.591073036 -0.007755 -0.003849 0.004061 0.000469030 -0.000221698 0.000218723 0.999999842
1561000447.690877914 -0.015760 -0.004022 0.005776 0.000094464 -0.000529822 -0.000212259 0.999999833
1561000447.789836407 -0.014280 -0.002500 0.004238 0.000084267 -0.000105556 -0.000027123 0.999999991
1561000447.890936136 -0.008791 -0.002999 0.004804 0.000187166 -0.000297858 -0.000091232 0.999999934
1561000447.990168571 -0.007271 -0.000652 0.003903 0.000106987 -0.000189571 -0.000141068 0.999999966
1561000448.090349197 -0.006519 -0.002044 0.001021 0.000314585 -0.000198294 -0.000034793 0.999999930
1561000448.191004276 -0.009994 -0.006101 0.004087 0.000324157 -0.000433010 -0.000178464 0.999999838
1561000448.289577246 -0.008791 -0.004749 0.005995 0.000254398 -0.000419973 -0.000414694 0.999999793
1561000448.390671253 -0.005189 -0.013284 0.006170 0.000272335 -0.000289687 0.000145647 0.999999910
1561000448.489511728 -0.007943 -0.006265 0.003161 0.000205731 -0.000282750 -0.000328873 0.999999885
1561000448.590608120 -0.016630 -0.005673 0.001575 0.000068659 -0.000246107 0.000011114 0.999999967
1561000448.690651894 -0.008964 -0.008378 0.001872 0.000040954 -0.000150261 -0.000207600 0.999999966
1561000448.789461136 0.004218 -0.015722 0.001719 0.000353147 0.000298340 -0.000053170 0.999999892
1561000448.890692711 0.018223 -0.013541 0.002977 0.000037508 0.000344345 -0.000019391 0.999999940
1561000448.989786625 0.018527 -0.010170 0.003779 0.000057680 0.000164545 0.000204126 0.999999964
1561000449.089923859 0.009412 -0.007661 0.003193 0.000150389 -0.000073576 -0.000032255 0.999999985
1561000449.191127777 -0.013059 -0.008208 0.003804 0.000326590 -0.000721286 0.000018520 0.999999686
1561000449.291090965 -0.039308 -0.010648 0.009420 0.000163062 -0.001222776 -0.000079793 0.999999236
1561000449.390028477 -0.061687 -0.007320 0.008637 0.000309118 -0.001206181 0.000209003 0.999999203
1561000449.489800453 -0.097970 -0.003449 0.004813 0.000503863 -0.000981747 -0.000005202 0.999999391
1561000449.591216087 -0.126109 -0.005000 0.006721 0.000306936 -0.001271168 0.000189248 0.999999127
1561000449.690748215 -0.158440 -0.004955 0.009484 0.000359301 -0.001487985 0.000163881 0.999998815
1561000449.790826559 -0.200671 -0.005057 0.011533 0.000324345 -0.001665953 0.000271543 0.999998523
1561000449.890484333 -0.248734 -0.009312 0.011382 0.000159970 -0.001894259 0.000012431 0.999998193
1561000449.989384174 -0.301601 -0.009446 0.013311 0.000304031 -0.002244022 0.000364133 0.999997370
1561000450.090550661 -0.359189 -0.008470 0.017635 0.000223970 -0.002664924 0.000485486 0.999996306
1561000450.190747499 -0.439255 -0.004090 0.018418 0.000370215 -0.003133477 0.000506357 0.999994894
1561000450.289514065 -0.517792 -0.003200 0.019063 0.000270925 -0.003495475 0.000350821 0.999993793
1561000450.390977383 -0.596291 -0.004053 0.019332 -0.000006058 -0.003344461 0.000620423 0.999994215
1561000450.490693569 -0.693653 -0.004815 0.020686 0.000170003 -0.003748439 0.000618951 0.999992769
1561000450.590475798 -0.806182 -0.011713 0.026436 -0.000183715 -0.004427818 0.000490208 0.999990060
1561000450.690769196 -0.932241 -0.002222 0.030675 -0.000491596 -0.004762275 0.001039624 0.999987999
1561000450.790421963 -1.054651 -0.002284 0.032046 -0.000320508 -0.004660673 0.000900775 0.999988682
1561000450.890805483 -1.183343 -0.007041 0.031118 -0.000176715 -0.004678598 0.001395832 0.999988066
1561000450.990065098 -1.325676 -0.007589 0.035160 -0.000068538 -0.005220487 0.001000768 0.999985870
1561000451.089601278 -1.485712 -0.005916 0.041814 -0.000053888 -0.005724207 0.000647500 0.999983406
1561000451.190702677 -1.645549 -0.009322 0.044747 0.000290289 -0.005589077 0.000029368 0.999984338
1561000451.289549351 -1.816669 -0.002684 0.051252 0.000371623 -0.006068347 0.000064219 0.999981516
1561000451.390942574 -2.017646 -0.003577 0.050370 -0.000343398 -0.006415533 -0.000492412 0.999979240
1561000451.490741730 -2.206948 -0.001394 0.055770 -0.000502335 -0.007234267 -0.000373800 0.999973636
1561000451.590685844 -2.416844 0.006752 0.059518 -0.000608419 -0.007589608 -0.000826332 0.999970672
1561000451.690819502 -2.635315 0.005133 0.065413 -0.000819832 -0.008028201 -0.001466672 0.999966362
1561000451.789732456 -2.865321 0.007097 0.074466 -0.000953952 -0.008273069 -0.002633813 0.999961854
1561000451.890969038 -3.090461 0.008549 0.077308 -0.001391006 -0.008486464 -0.002909178 0.999958790
1561000451.991102695 -3.352128 0.020824 0.087279 -0.001658356 -0.008931288 -0.004114138 0.999950277
1561000452.090730190 -3.612273 0.030015 0.091499 -0.001922478 -0.008548018 -0.004048721 0.999953421
1561000452.190870523 -3.873583 0.036575 0.098688 -0.001577502 -0.008549078 -0.005210229 0.999948638
1561000452.289744616 -4.158373 0.038479 0.107827 -0.001267921 -0.008607319 -0.005599549 0.999946474
1561000452.390495539 -4.458382 0.044717 0.122457 -0.000606140 -0.008810968 -0.006851096 0.999937529
1561000452.490859747 -4.760927 0.043649 0.132495 -0.000098755 -0.008631864 -0.007421325 0.999935200
1561000452.589534998 -5.083191 0.056771 0.137556 -0.000389756 -0.008507778 -0.008479698 0.999927778
1561000452.690699339 -5.398369 0.061806 0.142393 -0.001077467 -0.007977387 -0.008536722 0.999931160
1561000452.790271759 -5.718111 0.083234 0.148679 -0.001558476 -0.007581831 -0.009955772 0.999920482
1561000452.890717983 -6.060378 0.091341 0.160658 -0.001883582 -0.007677742 -0.010459217 0.999914051
1561000452.991006613 -6.413676 0.102446 0.172680 -0.001567780 -0.008341595 -0.011817219 0.999894151
1561000453.090831518 -6.772192 0.117714 0.188049 -0.001234915 -0.009403450 -0.013264141 0.999867047
1561000453.190958738 -7.137456 0.131794 0.201971 -0.000640799 -0.009533688 -0.013560357 0.999862398
1561000453.290456533 -7.507345 0.140526 0.217243 -0.000055915 -0.009600104 -0.014706246 0.999845769
1561000453.390083790 -7.882086 0.154332 0.222024 0.000335119 -0.009965947 -0.015459413 0.999830773
1561000453.491702557 -8.263856 0.163822 0.234282 -0.000104521 -0.010444554 -0.017176506 0.999797914
1561000453.589804411 -8.651117 0.183165 0.243254 -0.000499049 -0.010522544 -0.018208464 0.999778715
1561000453.691663504 -9.078620 0.212056 0.255949 -0.001228663 -0.010812187 -0.018552506 0.999768669
1561000453.789923191 -9.495377 0.234031 0.273227 -0.000928176 -0.011374425 -0.019599276 0.999742782
1561000453.891751766 -9.925708 0.246728 0.287561 -0.000536261 -0.011488563 -0.020075686 0.999732310
1561000453.991718292 -10.343302 0.260868 0.299858 -0.000310473 -0.012357602 -0.021271446 0.999697314
1561000454.089779854 -10.776982 0.277270 0.309535 -0.000609093 -0.012831414 -0.021950551 0.999676526
1561000454.191651821 -11.220513 0.301533 0.322297 -0.001010548 -0.012686069 -0.023056992 0.999653149
1561000454.291075945 -11.669168 0.327137 0.335123 -0.001476682 -0.012416412 -0.023419374 0.999647530
1561000454.393143415 -12.137802 0.362309 0.351239 -0.001398477 -0.012644197 -0.023390270 0.999645469
1561000454.493148088 -12.604445 0.380786 0.361970 -0.001638207 -0.013296023 -0.024434995 0.999611656
1561000454.591818571 -13.088284 0.408911 0.372436 -0.001717085 -0.013507236 -0.023994075 0.999619373
1561000454.692864180 -13.575112 0.432419 0.382432 -0.002402741 -0.013655831 -0.024383547 0.999606516
1561000454.791187763 -14.061671 0.458757 0.399711 -0.002295073 -0.014091578 -0.023884894 0.999612761
1561000454.893124104 -14.583864 0.489168 0.415735 -0.002146260 -0.014121970 -0.023431756 0.999623387
1561000454.993269920 -15.078502 0.506778 0.429789 -0.002281711 -0.013895363 -0.023409441 0.999626786
1561000455.093516111 -15.586494 0.528713 0.445293 -0.002235946 -0.013470599 -0.023296385 0.999635344
1561000455.194743395 -16.103870 0.552983 0.463512 -0.001851104 -0.013053655 -0.023198661 0.999643935
1561000455.292998314 -16.614150 0.577683 0.476713 -0.002195235 -0.012058604 -0.022912844 0.999662329
1561000455.394336224 -17.155139 0.614872 0.493800 -0.002421066 -0.012252238 -0.022429243 0.999670421
1561000455.494491339 -17.699690 0.638121 0.506271 -0.002727911 -0.012862909 -0.021778312 0.999676352
1561000455.594374657 -18.262071 0.663819 0.524597 -0.002636602 -0.013579842 -0.021711672 0.999668565
1561000455.694270849 -18.838344 0.696320 0.544352 -0.002418048 -0.014047591 -0.021440191 0.999668513
1561000455.794226646 -19.391781 0.720618 0.556903 -0.002303360 -0.014169504 -0.021455919 0.999666726
1561000455.894397020 -19.954756 0.748235 0.576360 -0.002257841 -0.014083196 -0.021257764 0.999672283
1561000455.995969534 -20.523158 0.776384 0.591635 -0.002177892 -0.013369071 -0.021000413 0.999687705
1561000456.095927477 -21.127604 0.795374 0.613589 -0.002055742 -0.012498682 -0.020680835 0.999705887
1561000456.196671247 -21.751155 0.814998 0.638696 -0.001797460 -0.009524237 -0.019702333 0.999758909
1561000456.294605732 -22.341815 0.835344 0.673835 -0.003001585 -0.000953187 -0.019760368 0.999799785
1561000456.394398451 -22.924860 0.857802 0.708437 -0.004888302 0.007176866 -0.019931449 0.999763639
1561000456.495333672 -23.516158 0.890222 0.738309 -0.008004548 0.011457348 -0.020264588 0.999696956
1561000456.595847607 -24.100301 0.941295 0.779601 -0.009976860 0.009785413 -0.020649617 0.999689102
1561000456.695765257 -24.688689 0.973498 0.816930 -0.008794406 0.000614523 -0.020793603 0.999744921
1561000456.794343472 -25.297069 1.012484 0.828138 -0.006929431 -0.012248549 -0.020864643 0.999683261
1561000456.895544529 -25.952318 1.031885 0.833167 -0.006038344 -0.025338613 -0.019840052 0.999463789
1561000456.995571613 -26.624713 1.059758 0.819737 -0.006623115 -0.031960728 -0.019411967 0.999278651
1561000457.094012499 -27.338845 1.102264 0.818725 -0.007585115 -0.030624129 -0.017956801 0.999340874
1561000457.195689201 -28.057704 1.130584 0.836753 -0.007736120 -0.025323090 -0.017160402 0.999502083
1561000457.294307232 -28.745972 1.147566 0.864242 -0.005565024 -0.017108570 -0.016226200 0.999706476
1561000457.394391537 -29.468795 1.145986 0.900970 -0.002950640 -0.007490073 -0.013816890 0.999872135
1561000457.495700121 -30.180215 1.157719 0.921315 -0.001500772 0.000246993 -0.013828964 0.999903219
1561000457.595972300 -30.872431 1.168956 0.944598 -0.002110081 0.001855580 -0.013163911 0.999909404
1561000457.696955442 -31.564555 1.192536 0.965101 -0.002941391 -0.000291850 -0.012478878 0.999917767
1561000457.797145367 -32.269722 1.222088 0.991461 -0.003024993 -0.004764082 -0.012180831 0.999909886
1561000457.898173571 -32.993136 1.264458 1.017813 -0.001949273 -0.007830807 -0.011668955 0.999899352
1561000457.998225451 -33.746588 1.273383 1.034420 -0.001396856 -0.007427926 -0.012548094 0.999892704
1561000458.097838402 -34.525577 1.297038 1.059583 -0.001842000 -0.006464425 -0.012983164 0.999893122
1561000458.198403120 -35.319539 1.330270 1.083225 -0.002685895 -0.004482033 -0.012871340 0.999903508
1561000458.297377825 -36.094797 1.349191 1.117905 -0.003142482 -0.003803853 -0.013151011 0.999901348
1561000458.398629904 -36.907781 1.379038 1.155642 -0.003513811 -0.004255594 -0.012877614 0.999901850
1561000458.498565197 -37.705252 1.399126 1.194650 -0.002979371 -0.004173570 -0.012768143 0.999905335
1561000458.598814249 -38.519881 1.421268 1.227900 -0.002011836 -0.003129955 -0.011965024 0.999921494
1561000458.698438644 -39.336127 1.451435 1.260688 -0.001574897 -0.002232680 -0.011232069 0.999933186
1561000458.798099518 -40.168192 1.468098 1.296061 -0.001057717 -0.003038493 -0.010031085 0.999944512
1561000458.898592234 -41.017724 1.490889 1.332527 -0.000406399 -0.004596600 -0.009179134 0.999947223
1561000458.998398304 -41.877491 1.513714 1.363076 0.000000168 -0.005724506 -0.008096388 0.999950838
1561000459.098562717 -42.724136 1.527072 1.391523 0.000300045 -0.006046110 -0.007836783 0.999950968
1561000459.198596478 -43.583350 1.546177 1.423348 0.000292406 -0.006779126 -0.006975025 0.999952652
1561000459.297422409 -44.428727 1.558990 1.452426 0.000332876 -0.006843117 -0.006077533 0.999958061
1561000459.398509264 -45.293134 1.568245 1.483149 0.000290674 -0.006655524 -0.005593106 0.999962168
1561000459.491431713 -46.156047 1.596630 1.515466 0.000203927 -0.005987851 -0.005210122 0.999968479
1561000459.590748072 -47.082452 1.606412 1.549648 0.000325954 -0.006090718 -0.003896462 0.999973807
1561000459.690859795 -47.994082 1.617451 1.586292 0.000281993 -0.006404857 -0.003286138 0.999974049
1561000459.792152643 -48.917911 1.623606 1.622466 0.000420402 -0.007058377 -0.002805966 0.999971064
1561000459.892140865 -49.810029 1.623721 1.657286 0.000831684 -0.007812424 -0.001244371 0.999968362
1561000459.991663933 -50.707786 1.619849 1.692892 0.000887136 -0.008220242 -0.000384405 0.999965746
1561000460.089981079 -51.618366 1.643535 1.725606 0.001094090 -0.008375650 0.000338626 0.999964268
1561000460.192225695 -52.534571 1.638471 1.759299 0.000972772 -0.007784426 0.001747463 0.999967701
1561000460.289808273 -53.423452 1.639580 1.791157 0.000578987 -0.008085193 0.002776996 0.999963291
1561000460.392013788 -54.318496 1.653646 1.827539 0.000334956 -0.008769258 0.003130244 0.999956594
1561000460.491705418 -55.199188 1.650920 1.862656 0.001631840 -0.007969826 0.004487567 0.999956839
1561000460.591535568 -56.086039 1.631985 1.901616 0.002305423 -0.004745187 0.006015233 0.999967992
1561000460.693044901 -56.954682 1.626011 1.936775 0.002486148 -0.001193098 0.007141650 0.999970696
1561000460.792782307 -57.807635 1.629241 1.979641 0.001970414 -0.001159843 0.008068249 0.999964837
1561000460.893334866 -58.669242 1.609907 2.025653 0.002033284 -0.003351084 0.009391418 0.999948217
1561000460.993417740 -59.542468 1.599139 2.062925 0.002934432 -0.005396639 0.009972616 0.999931404
1561000461.093293667 -60.401267 1.586101 2.096682 0.003567051 -0.005289539 0.011016346 0.999918965
1561000461.193225145 -61.272090 1.572961 2.128951 0.003772842 -0.003224837 0.012035640 0.999915251
1561000461.291528463 -62.120996 1.561397 2.165856 0.003422657 -0.001483808 0.012665837 0.999912826
1561000461.394608974 -63.009175 1.549550 2.209498 0.003724805 -0.000436315 0.013034654 0.999908012
1561000461.493082523 -63.851139 1.545361 2.248550 0.004135494 -0.001156288 0.013397589 0.999901028
1561000461.591284275 -64.695459 1.534514 2.291164 0.004320688 -0.001981675 0.013716592 0.999894624
1561000461.692978859 -65.562469 1.524095 2.328749 0.004480375 -0.002399126 0.014416106 0.999883166
1561000461.791321754 -66.421669 1.506680 2.369148 0.004208732 -0.003010166 0.014973930 0.999874496
1561000461.893237352 -67.284287 1.492618 2.404636 0.004173174 -0.002538109 0.014833483 0.999878048
1561000461.992689133 -68.127727 1.457476 2.437849 0.003299397 -0.002506245 0.015731667 0.999867665
1561000462.092755795 -68.963607 1.436748 2.473470 0.002257162 -0.002862848 0.016224300 0.999861731
1561000462.192743063 -69.804886 1.414294 2.516455 0.002293040 -0.002669010 0.016355563 0.999860047
1561000462.291191816 -70.658950 1.397029 2.565278 0.003368646 -0.000760915 0.017206182 0.999845998
1561000462.392919540 -71.519850 1.369676 2.603629 0.004368619 0.002533107 0.018471522 0.999816634
1561000462.493056536 -72.352808 1.344507 2.641089 0.004351298 0.004937936 0.019330436 0.999791487
1561000462.593165636 -73.170337 1.324733 2.693698 0.004240502 0.007061409 0.019228604 0.999781184
1561000462.693187475 -74.011339 1.299815 2.754637 0.003673171 0.012811927 0.019620202 0.999718665
1561000462.791540384 -74.816810 1.266660 2.810619 0.002756867 0.020025247 0.021007709 0.999574942
1561000462.893048763 -75.640857 1.244657 2.882224 0.001615004 0.020745456 0.021638913 0.999549286
1561000462.992889166 -76.431417 1.235625 2.944969 0.002932544 0.012409802 0.022715683 0.999660640
1561000463.091602325 -77.236895 1.229818 2.970382 0.003503073 0.007910156 0.025538906 0.999636395
1561000463.192769766 -78.075524 1.260247 2.966397 0.003021086 0.001508866 0.028898255 0.999576654
1561000463.291107655 -78.937403 1.235006 2.966956 0.005557002 -0.016123385 0.028693392 0.999442767
1561000463.392715931 -79.858554 1.159585 2.980596 0.003942591 -0.010721158 0.029302657 0.999505311
1561000463.493252277 -80.733868 1.065761 2.969884 0.002195704 -0.007024162 0.031099957 0.999489186
1561000463.591268778 -81.576628 1.007391 2.998586 0.002175754 0.008894078 0.032423878 0.999432266
1561000463.692990780 -82.368741 0.955731 3.100605 0.002520454 0.020390451 0.034143168 0.999205745
1561000463.791543961 -83.155180 0.929682 3.197618 0.003823646 0.013707377 0.035223955 0.999278120
1561000463.893058777 -84.005708 0.880693 3.262069 0.005901418 0.008617689 0.036042877 0.999295662
1561000463.992616177 -84.849136 0.834705 3.289484 0.006674933 0.010940141 0.036584272 0.999248392
1561000464.092208385 -85.708148 0.778783 3.324657 0.005845038 0.013450451 0.037516603 0.999188383
1561000464.192788363 -86.565386 0.736953 3.361352 0.006108002 0.013815209 0.038198302 0.999156005
1561000464.292778969 -87.429735 0.704983 3.400246 0.005972407 0.011792784 0.038692955 0.999163708
1561000464.392698526 -88.272359 0.670805 3.445025 0.005776679 0.008087455 0.039534687 0.999168770
1561000464.490947247 -89.147361 0.603593 3.490911 0.005648715 0.005977377 0.039643724 0.999180033
1561000464.592762232 -90.047409 0.537335 3.538116 0.005858069 0.005714447 0.039936169 0.999168720
1561000464.694278717 -90.921402 0.477971 3.569382 0.005644459 0.008021346 0.041629570 0.999084970
1561000464.794461250 -91.791672 0.439114 3.603170 0.004879822 0.009191086 0.041189891 0.999097144
1561000464.894521475 -92.657301 0.385283 3.646338 0.002950156 0.009286840 0.041386164 0.999095709
1561000464.993170500 -93.512736 0.340914 3.684894 0.001227288 0.008828029 0.040968774 0.999120673
1561000465.094898701 -94.414262 0.268408 3.738470 0.001300624 0.008078854 0.041635121 0.999099373
1561000465.194531679 -95.300374 0.215039 3.782907 0.000430101 0.009925523 0.040933965 0.999112461
1561000465.292782545 -96.186212 0.180445 3.840317 0.000407195 0.011892740 0.041808952 0.999054757
1561000465.394203663 -97.077128 0.138919 3.894011 0.001656427 0.014249625 0.042452799 0.998995478
1561000465.492971420 -97.942581 0.084685 3.947770 0.002603102 0.015715015 0.043396109 0.998930949
1561000465.594240665 -98.831338 0.021491 4.002812 0.003991844 0.014895455 0.043706303 0.998925397
1561000465.694235325 -99.726512 -0.049750 4.055647 0.005198257 0.013696887 0.045335398 0.998864393
1561000465.793699980 -100.615051 -0.122345 4.105700 0.005996287 0.011164510 0.044888934 0.998911599
1561000465.894294024 -101.514082 -0.174969 4.148906 0.006414236 0.010508607 0.045739390 0.998877538
1561000465.994695663 -102.418780 -0.261992 4.191810 0.006765213 0.010547781 0.046499930 0.998839693
1561000466.095717192 -103.323581 -0.321833 4.239886 0.006653183 0.011641537 0.047051555 0.998802463
1561000466.195694208 -104.237101 -0.382892 4.288971 0.006760429 0.013049918 0.047737914 0.998751765
1561000466.294323921 -105.139838 -0.442447 4.345272 0.006694634 0.013526559 0.048724071 0.998698242
1561000466.396030426 -106.056666 -0.501777 4.398670 0.007207162 0.014136850 0.049104165 0.998667606
1561000466.494501352 -106.953126 -0.585980 4.456193 0.007716954 0.013291389 0.049520748 0.998654837
1561000466.594139338 -107.877551 -0.670821 4.507352 0.008117094 0.012943262 0.049249416 0.998669655
1561000466.695596457 -108.791296 -0.745356 4.557171 0.008275691 0.012639648 0.049867476 0.998641571
1561000466.795515776 -109.699619 -0.814583 4.604872 0.008033139 0.012168652 0.049476130 0.998668867
1561000466.895705223 -110.621138 -0.889565 4.648597 0.007829250 0.011616957 0.048910368 0.998704924
1561000466.994037151 -111.511419 -0.948858 4.698131 0.007406327 0.010627460 0.047614723 0.998781779
1561000467.095643520 -112.454818 -1.023025 4.748583 0.007590671 0.011412459 0.048602587 0.998724149
1561000467.195755720 -113.354643 -1.095320 4.798256 0.007039168 0.013703295 0.047799097 0.998738162
1561000467.294183493 -114.270295 -1.169380 4.852498 0.006895763 0.015476209 0.047195906 0.998741950
1561000467.395981312 -115.219598 -1.235565 4.916909 0.006857407 0.015041125 0.046583385 0.998777617
1561000467.494222879 -116.106786 -1.300805 4.969257 0.007334027 0.014513121 0.046613706 0.998780628
1561000467.595788240 -117.037770 -1.359481 5.019038 0.007315460 0.013869898 0.046162013 0.998810882
1561000467.697261810 -117.990541 -1.428116 5.071695 0.006881776 0.012146458 0.045380953 0.998872201
1561000467.796096563 -118.919667 -1.495582 5.119842 0.006689013 0.011524234 0.044642254 0.998914170
1561000467.898912191 -119.878277 -1.562356 5.170452 0.006470794 0.011128350 0.044307209 0.998935013
1561000467.997792482 -120.813490 -1.624624 5.223263 0.005856988 0.012504655 0.044241312 0.998925440
1561000468.098774433 -121.780052 -1.695008 5.285221 0.005630387 0.014242246 0.044754699 0.998880611
1561000468.199085951 -122.692470 -1.736482 5.337020 0.006472012 0.015911693 0.043375851 0.998911141
1561000468.298639774 -123.608472 -1.788759 5.397240 0.006750787 0.016014843 0.043213791 0.998914671
1561000468.398650646 -124.513707 -1.861230 5.454322 0.007461150 0.014942972 0.043472612 0.998914997
1561000468.497553587 -125.405657 -1.919865 5.505509 0.007639954 0.013279390 0.044467254 0.998893364
1561000468.597660542 -126.302599 -1.986985 5.550923 0.007194537 0.012039170 0.044686756 0.998902593
1561000468.698735237 -127.221359 -2.061021 5.598520 0.006598325 0.011899694 0.045257089 0.998882703
1561000468.799138308 -128.108965 -2.103954 5.645568 0.006163060 0.013919933 0.043909046 0.998919540
1561000468.898944616 -128.996471 -2.174573 5.703331 0.005686699 0.016498295 0.044973876 0.998835731
1561000468.997658014 -129.849050 -2.228166 5.756731 0.005767912 0.018605662 0.044493808 0.998819734
1561000469.098743439 -130.714792 -2.265237 5.821051 0.006318722 0.020035741 0.043845709 0.998817399
1561000469.198728800 -131.592305 -2.316569 5.893014 0.006324106 0.026963713 0.044610625 0.998620476
1561000469.297603846 -132.458867 -2.372632 5.964631 0.004113513 0.037393139 0.044766119 0.998288950
1561000469.398669481 -133.300156 -2.451913 6.053580 0.002670950 0.042366024 0.044849810 0.998091419
1561000469.497533321 -134.086121 -2.494364 6.130289 0.003152745 0.036865657 0.044867314 0.998307522
1561000469.598685026 -134.897453 -2.514066 6.189516 0.001655332 0.032895561 0.046401871 0.998379691
1561000469.697489262 -135.753556 -2.578599 6.187367 0.001220845 0.033204231 0.048819364 0.998254806
1561000469.798743248 -136.661853 -2.637979 6.170751 0.003304395 0.022859937 0.047259020 0.998615586
1561000469.898843288 -137.597528 -2.697326 6.173429 0.003815751 0.001422000 0.046821688 0.998894963
1561000469.997683287 -138.490275 -2.783180 6.171304 0.003202202 0.003749988 0.048736759 0.998799485
1561000470.098691225 -139.366221 -2.866629 6.183669 0.002218020 0.010353640 0.049850948 0.998700538
1561000470.198817492 -140.206698 -2.924698 6.279463 0.002336184 0.030499320 0.051139186 0.998222980
1561000470.298787117 -141.058625 -3.007357 6.393669 0.002375121 0.027227449 0.051679013 0.998289690
1561000470.398488760 -141.950819 -3.078496 6.474130 0.002774557 0.019086507 0.051624249 0.998480317
1561000470.497673512 -142.825886 -3.123798 6.520189 0.002065323 0.017083301 0.052071025 0.998495119
1561000470.598559380 -143.751802 -3.193798 6.564405 0.000884956 0.020271749 0.052795983 0.998399147
1561000470.698760986 -144.643314 -3.231447 6.619763 0.000920313 0.025442455 0.053723722 0.998231234
1561000470.797593355 -145.532531 -3.287586 6.677907 0.000761745 0.029780611 0.054293675 0.998080524
1561000470.898755312 -146.419376 -3.370173 6.741224 0.001135445 0.029832550 0.055422798 0.998016555
1561000470.997597694 -147.328129 -3.454208 6.803749 0.001883149 0.026064312 0.056110931 0.998082496
1561000471.098733187 -148.228745 -3.525164 6.852213 0.002293645 0.023646461 0.056709882 0.998107997
1561000471.199223995 -149.116827 -3.623095 6.900050 0.002606122 0.022508216 0.056644026 0.998137286
1561000471.298613787 -150.024796 -3.718519 6.954137 0.001798802 0.023296878 0.058091946 0.998037748
1561000471.398758650 -150.943984 -3.794751 7.016271 0.001359458 0.025810298 0.058482920 0.997953771
1561000471.498985529 -151.842480 -3.870945 7.077224 0.001224711 0.027645955 0.059804618 0.997826442
1561000471.598696709 -152.745456 -3.952840 7.140738 0.001427653 0.028671020 0.060696755 0.997743373
1561000471.698431969 -153.648591 -4.052087 7.200805 0.002252630 0.027640720 0.062103319 0.997684366
1561000471.797386169 -154.548000 -4.150769 7.256710 0.002390382 0.025784687 0.062211816 0.997726980
1561000471.898876905 -155.487937 -4.254358 7.314835 0.002111073 0.024123366 0.062884908 0.997726964
1561000471.997526407 -156.400533 -4.340781 7.366653 0.000750172 0.023921821 0.063994794 0.997663195
1561000472.098687649 -157.339838 -4.439797 7.421869 -0.000290777 0.024485145 0.065074476 0.997579924
1561000472.198420286 -158.259005 -4.526942 7.484430 -0.000281750 0.026648392 0.066414954 0.997436132
1561000472.297525644 -159.176986 -4.614155 7.551015 0.000417501 0.028905864 0.067059012 0.997330119
1561000472.398819208 -160.088838 -4.722183 7.614258 0.000651621 0.030550719 0.067262044 0.997267289
1561000472.497413635 -160.986537 -4.823073 7.676767 0.000985389 0.029671513 0.067326324 0.997289224
1561000472.598674059 -161.930541 -4.921453 7.740276 0.000790949 0.027296219 0.068131126 0.997302582
1561000472.697529554 -162.846917 -5.024434 7.802270 0.000662310 0.025888337 0.068785317 0.997295310
1561000472.798595905 -163.797411 -5.132534 7.863205 0.000439035 0.025653780 0.069435486 0.997256438
1561000472.898661137 -164.716594 -5.235999 7.920427 0.000177405 0.026672550 0.069366104 0.997234620
1561000472.997483015 -165.648974 -5.343122 7.980007 -0.000680371 0.027140589 0.071620788 0.997062379
1561000473.097829819 -166.568707 -5.422894 8.041638 -0.001082337 0.028135082 0.072526224 0.996969003
1561000473.198192835 -167.513661 -5.538948 8.113369 -0.000949297 0.027607960 0.073215509 0.996933493
1561000473.297419310 -168.446165 -5.654516 8.181167 0.000212537 0.027448585 0.074728330 0.996826066
1561000473.398583412 -169.388730 -5.772993 8.235372 0.000430836 0.029482760 0.075495502 0.996710093
1561000473.497886658 -170.303596 -5.897748 8.292538 -0.002911401 0.033464430 0.075956090 0.996545196
1561000473.598819733 -171.239556 -6.001389 8.371529 -0.006408741 0.036500789 0.076357971 0.996391530
1561000473.697914362 -172.167996 -6.104855 8.469432 -0.006179611 0.035207068 0.077357823 0.996362405
1561000473.798618078 -173.098457 -6.215087 8.550454 -0.004382856 0.029562399 0.078565773 0.996460874
1561000473.898847580 -174.037418 -6.335806 8.602857 -0.001443250 0.021366305 0.080377982 0.996534384
1561000473.997542381 -175.014986 -6.468877 8.642053 -0.000112286 0.012697296 0.081202657 0.996616724
1561000474.090906858 -175.943869 -6.612579 8.671550 0.000507598 0.011422388 0.082242217 0.996546782
1561000474.190661907 -176.912049 -6.756474 8.716079 0.000751235 0.020003811 0.082589653 0.996382573
1561000474.291448832 -177.882960 -6.898445 8.772937 -0.000106222 0.030584297 0.083854948 0.996008503
1561000474.390841484 -178.801817 -7.043960 8.842533 -0.000100894 0.035092620 0.085267436 0.995739907
1561000474.489720345 -179.729538 -7.162592 8.923013 -0.000729485 0.032961803 0.086650958 0.995693024
1561000474.590834141 -180.686893 -7.294170 8.996429 -0.000411577 0.027277225 0.087097171 0.995826223
1561000474.689707518 -181.642628 -7.422646 9.050576 -0.000025368 0.022654180 0.088076572 0.995856066
1561000474.790758371 -182.620797 -7.567618 9.092917 0.000009055 0.021008266 0.088315443 0.995870993
1561000474.890908957 -183.584967 -7.711924 9.136442 -0.001206734 0.023196048 0.089067915 0.995754685
1561000474.990330219 -184.554553 -7.855963 9.193692 -0.003188927 0.025339735 0.090054772 0.995609294
1561000475.090858936 -185.515789 -8.006165 9.254159 -0.004221747 0.026042620 0.091326243 0.995471484
1561000475.190018892 -186.472837 -8.149852 9.314945 -0.004261297 0.024318257 0.091857514 0.995466052
1561000475.290892124 -187.440861 -8.305313 9.377896 -0.003987116 0.022630621 0.092480892 0.995449267
1561000475.391099453 -188.398416 -8.466675 9.442912 -0.002955868 0.024732485 0.093668401 0.995291815
1561000475.490512609 -189.357408 -8.621360 9.499378 -0.002463228 0.030616230 0.094474930 0.995053298
1561000475.590990305 -190.311988 -8.780032 9.583925 -0.002761038 0.033941567 0.095686451 0.994828855
1561000475.689885616 -191.270176 -8.931435 9.656924 -0.002473783 0.032884842 0.096996608 0.994738220
1561000475.790538073 -192.224140 -9.092367 9.734312 -0.001180865 0.028120877 0.098444012 0.994744489
1561000475.890708208 -193.183530 -9.263626 9.797836 0.000785738 0.024554029 0.099535334 0.994730717
1561000475.991542339 -194.140756 -9.438590 9.855091 0.002009791 0.023117145 0.101185479 0.994596932
1561000476.090585470 -195.091857 -9.625130 9.911140 0.002142841 0.023216028 0.101889484 0.994522477
1561000476.189838648 -196.046723 -9.788315 9.968018 0.002266239 0.025421009 0.102804729 0.994374087
1561000476.290277719 -196.960945 -9.941316 10.021404 0.002046279 0.026245058 0.104356339 0.994191513
1561000476.390512943 -197.893611 -10.124013 10.089467 0.001682860 0.026011069 0.105855838 0.994039805
1561000476.489376068 -198.804888 -10.290721 10.151624 0.002362753 0.025562160 0.106558580 0.993974981
1561000476.591535568 -199.724407 -10.455525 10.222168 0.003525737 0.026388267 0.107841033 0.993811622
1561000476.690117121 -200.616784 -10.625767 10.277676 0.004333545 0.029511764 0.109343681 0.993556358
1561000476.791825771 -201.526626 -10.807753 10.341047 0.003912608 0.030142944 0.110343813 0.993428577
1561000476.891652584 -202.407585 -10.979073 10.403215 0.003340796 0.028427861 0.111925249 0.993304301
1561000476.991911888 -203.301882 -11.167320 10.469737 0.003785077 0.025973217 0.113322953 0.993211445
1561000477.091860056 -204.187546 -11.345448 10.536032 0.005135190 0.026942742 0.113555371 0.993153007
1561000477.190013647 -205.057670 -11.521161 10.587924 0.003213221 0.036487042 0.114849639 0.992707374
1561000477.292439938 -205.952057 -11.692426 10.665018 -0.001156564 0.047666393 0.116525683 0.992042510
1561000477.392530918 -206.794352 -11.855449 10.767068 -0.002415993 0.049661123 0.117885892 0.991781656
1561000477.491076231 -207.627182 -12.021350 10.848461 -0.000643235 0.040626391 0.118571362 0.992113862
1561000477.591553450 -208.508145 -12.202654 10.900131 0.001311244 0.033189568 0.120219091 0.992191566
1561000477.689822197 -209.390813 -12.366882 10.915689 0.003315573 0.019262396 0.122165296 0.992317292
1561000477.793010712 -210.338759 -12.573127 10.945863 0.004940708 0.004667388 0.122501408 0.992445066
1561000477.892200708 -211.230012 -12.774689 10.964365 0.004273466 0.011703812 0.124259006 0.992171587
1561000477.989848614 -212.081073 -12.979976 10.990083 0.002662057 0.022780335 0.125545154 0.991822758
1561000478.091720343 -212.946600 -13.179581 11.063142 0.002054111 0.040207634 0.126158507 0.991192796
1561000478.190011263 -213.773856 -13.386000 11.153265 0.002226670 0.041048725 0.126743806 0.991083272
1561000478.291769505 -214.661067 -13.572078 11.241052 0.001769560 0.032487906 0.128942296 0.991118201
1561000478.391969442 -215.575628 -13.762897 11.298737 0.002172885 0.023024323 0.129368979 0.991326801
1561000478.490292549 -216.477851 -13.971413 11.333929 0.002773547 0.021683576 0.129533393 0.991334066
1561000478.591620684 -217.404397 -14.201899 11.372691 0.001386535 0.025653842 0.130300114 0.991141684
1561000478.690555573 -218.292428 -14.402742 11.413961 -0.000138431 0.031142960 0.131531933 0.990822611
1561000478.791349173 -219.177571 -14.599669 11.478221 -0.000097544 0.031145094 0.132036799 0.990755397
1561000478.891604900 -220.075155 -14.798950 11.545937 0.000263224 0.029084778 0.132778634 0.990718850
1561000478.989728212 -220.975615 -15.012363 11.616927 0.001544035 0.026783347 0.132929897 0.990762288
1561000479.091866732 -221.888706 -15.230083 11.675793 0.002352214 0.027344936 0.133464539 0.990673477
1561000479.191342354 -222.796808 -15.441167 11.731115 0.002047143 0.029765215 0.134319937 0.990488766
1561000479.291658640 -223.694552 -15.644799 11.789069 0.001414508 0.030318012 0.135494168 0.990313156
1561000479.391830921 -224.598738 -15.862557 11.853589 0.001440014 0.029441012 0.135390350 0.990353778
1561000479.491828680 -225.507701 -16.071752 11.914812 0.002239574 0.028342290 0.135863335 0.990319571
1561000479.591967344 -226.419005 -16.288558 11.976969 0.002947875 0.028152045 0.136601792 0.990221552
1561000479.689927578 -227.318217 -16.498381 12.029969 0.002959615 0.028565753 0.136831194 0.990177996
1561000479.791887760 -228.244735 -16.735239 12.086360 0.002339434 0.028252716 0.138319130 0.989981883
1561000479.892873526 -229.147451 -16.956502 12.147423 0.002668251 0.027192942 0.138271741 0.990017348
1561000479.989963531 -230.071048 -17.182782 12.211000 0.002043844 0.027700265 0.139527153 0.989828617
1561000480.091860294 -231.019752 -17.420162 12.269669 0.001897001 0.028934831 0.140211275 0.989696911
1561000480.191887617 -231.936356 -17.652248 12.329223 0.001674794 0.028699180 0.141170930 0.989567744
1561000480.291673899 -232.857057 -17.898500 12.387835 0.001690623 0.027795127 0.142013100 0.989473017
1561000480.392805099 -233.787387 -18.134492 12.451503 0.002088809 0.027426714 0.143464214 0.989273183
1561000480.490012407 -234.680590 -18.362917 12.521732 0.004367150 0.029278306 0.143552237 0.989199911
1561000480.591910362 -235.601444 -18.618139 12.579232 0.005048693 0.034348664 0.145381762 0.988766314
1561000480.690082073 -236.516140 -18.855364 12.651059 0.002134353 0.043627722 0.145621326 0.988375686
1561000480.792398930 -237.429557 -19.088524 12.739829 -0.001939936 0.049728886 0.147324546 0.987835388
1561000480.892027140 -238.330601 -19.313798 12.823390 -0.003156090 0.044420297 0.148431674 0.987919488
1561000480.991932869 -239.225844 -19.551786 12.893237 -0.003513266 0.039431288 0.149213790 0.988012184
1561000481.091941833 -240.133953 -19.823864 12.918813 -0.003744911 0.026519041 0.147968501 0.988629374
1561000481.189704418 -241.061381 -20.094949 12.935953 0.001282763 0.009345855 0.149506814 0.988715693
1561000481.291526079 -242.050965 -20.372211 12.946567 0.002596000 0.010735655 0.150912696 0.988485389
1561000481.391741514 -243.014864 -20.628128 12.954140 0.001116560 0.014491316 0.150075368 0.988567721
1561000481.489406824 -243.907577 -20.850316 13.013185 0.000748181 0.024258937 0.151456357 0.988165936
1561000481.591283560 -244.816392 -21.096126 13.115481 0.000677193 0.035937847 0.151995559 0.987727373
1561000481.689943314 -245.722660 -21.361074 13.214945 0.002583999 0.030587767 0.153260584 0.987708917
1561000481.791526556 -246.682266 -21.631976 13.276800 0.002537035 0.026625693 0.152895314 0.987880387
1561000481.891563416 -247.619912 -21.920958 13.332609 0.003649230 0.028047478 0.154437383 0.987597649
1561000481.991747141 -248.566707 -22.210907 13.392976 0.003034685 0.031687673 0.155521123 0.987319534
1561000482.091785908 -249.508726 -22.482332 13.453697 0.003408953 0.035331242 0.156728774 0.987003634
1561000482.189776897 -250.427165 -22.742973 13.521920 0.003660617 0.036307345 0.157959260 0.986771123
1561000482.291722298 -251.372299 -23.016934 13.596160 0.004160458 0.034636042 0.158649541 0.986718480
1561000482.390845060 -252.284349 -23.309107 13.662297 0.005136768 0.031193502 0.159534657 0.986686005
1561000482.489697456 -253.236719 -23.592551 13.726334 0.004412315 0.029820513 0.160235425 0.986618405
1561000482.591701508 -254.205487 -23.885329 13.794675 0.004844667 0.030505048 0.161339244 0.986415541
1561000482.689958811 -255.132920 -24.164668 13.861628 0.004827990 0.032398013 0.162105328 0.986229650
1561000482.791922331 -256.109869 -24.470255 13.928206 0.004266658 0.033575573 0.163568708 0.985951193
1561000482.891425610 -257.059673 -24.759345 13.994977 0.004865543 0.032545913 0.164223838 0.985874039
1561000482.990747452 -258.012846 -25.054493 14.058525 0.005437887 0.030878070 0.164619330 0.985858738
1561000483.091941833 -258.976985 -25.359165 14.120783 0.006160370 0.029242153 0.164951604 0.985848830
1561000483.189878225 -259.924820 -25.656214 14.181435 0.005437271 0.028277145 0.165467449 0.985794787
1561000483.291401148 -260.905132 -25.969907 14.240169 0.005129823 0.028976653 0.165875964 0.985707463
1561000483.390523195 -261.862042 -26.254395 14.304365 0.004780261 0.029040035 0.166544752 0.985594577
1561000483.489098787 -262.811710 -26.556118 14.367002 0.004052429 0.028676363 0.167430153 0.985458466
1561000483.590919971 -263.776457 -26.852803 14.432283 0.004316118 0.028319298 0.167883586 0.985390527
1561000483.689178228 -264.709948 -27.151722 14.493628 0.004737567 0.028710988 0.168604924 0.985254086
1561000483.789837122 -265.656760 -27.454470 14.554926 0.004814903 0.028934907 0.169607687 0.985075033
1561000483.890998840 -266.625613 -27.765369 14.619381 0.004894581 0.029152147 0.170501892 0.984913854
1561000483.993008137 -267.599845 -28.080369 14.679865 0.004917825 0.029866361 0.171595091 0.984702463
1561000484.093211412 -268.527479 -28.371214 14.742921 0.005275682 0.030196888 0.171911254 0.984635382
1561000484.191688776 -269.451896 -28.676765 14.804949 0.005040062 0.029710477 0.172528625 0.984543427
1561000484.293471813 -270.385036 -28.981551 14.869212 0.005672063 0.029348506 0.173271308 0.984420411
1561000484.391499281 -271.289852 -29.270681 14.932997 0.005931873 0.030090799 0.173629665 0.984333326
1561000484.493384600 -272.200493 -29.576040 14.996165 0.006458304 0.031116045 0.174701172 0.984108522
1561000484.594604731 -273.113159 -29.877145 15.055620 0.006149105 0.030821646 0.175382419 0.983998588
1561000484.691321373 -273.992974 -30.162861 15.117557 0.006610650 0.029354615 0.175606641 0.984000464
1561000484.794259071 -274.921066 -30.466417 15.171755 0.006753503 0.028358191 0.176238621 0.983915724
1561000484.893277407 -275.838062 -30.763935 15.235764 0.007169971 0.027913793 0.176954370 0.983797013
1561000484.993282080 -276.741683 -31.057630 15.291885 0.007134065 0.028871815 0.177183347 0.983728410
1561000485.094362020 -277.646379 -31.360659 15.345143 0.006678388 0.030135510 0.178199752 0.983510091
1561000485.194162607 -278.527402 -31.661215 15.393818 0.005540679 0.029857546 0.178818076 0.983413404
1561000485.294586182 -279.407694 -31.965562 15.450590 0.005051097 0.028178616 0.179516192 0.983338390
1561000485.393558502 -280.272333 -32.256902 15.508367 0.004692938 0.027666104 0.179591123 0.983341035
1561000485.493845224 -281.143279 -32.560405 15.563197 0.004838457 0.028720140 0.180813969 0.983085984
1561000485.594218969 -282.031094 -32.858243 15.626547 0.004641663 0.030821560 0.181591573 0.982879945
1561000485.692707300 -282.880685 -33.139438 15.704308 0.006555031 0.032464004 0.182045785 0.982732137
1561000485.794484854 -283.761877 -33.444314 15.774363 0.009667994 0.035658958 0.182884249 0.982439983
1561000485.893100977 -284.584750 -33.739297 15.837869 0.012393936 0.037695984 0.183542742 0.982210499
1561000485.994245768 -285.429913 -34.041600 15.891442 0.012798364 0.036755042 0.184511339 0.982059486
1561000486.094496489 -286.279657 -34.341397 15.951666 0.012613977 0.032622951 0.185361291 0.982047770
1561000486.193740845 -287.090803 -34.608394 16.017520 0.014253133 0.030104290 0.185902817 0.982003423
1561000486.294682264 -287.913732 -34.899979 16.072627 0.016858329 0.030598338 0.187068771 0.981725427
1561000486.393029213 -288.709789 -35.193513 16.120168 0.017825521 0.032579781 0.188645732 0.981342752
1561000486.495263815 -289.506158 -35.483970 16.163150 0.017245658 0.033696591 0.189904273 0.981072624
1561000486.595506430 -290.274827 -35.767511 16.206364 0.016024308 0.032700531 0.191396869 0.980836957
1561000486.694602489 -291.039434 -36.024797 16.262262 0.014884442 0.031252149 0.192411271 0.980703655
1561000486.794858456 -291.813064 -36.307093 16.318596 0.015002220 0.032372170 0.193453301 0.980460502
1561000486.893401384 -292.578866 -36.573134 16.370268 0.014357087 0.037484796 0.194483068 0.980084231
1561000486.994704008 -293.318576 -36.863497 16.426772 0.011273612 0.047130462 0.196794786 0.979246362
1561000487.094537258 -294.021200 -37.100991 16.505525 0.007257587 0.055259155 0.198430810 0.978528981
1561000487.193841219 -294.723324 -37.341144 16.594841 0.006085222 0.056401124 0.199906622 0.978171368
1561000487.294670582 -295.412717 -37.586655 16.679620 0.008886801 0.048638450 0.201055836 0.978331169
1561000487.393486023 -296.113336 -37.861483 16.706290 0.012676701 0.038099221 0.202038833 0.978554066
1561000487.493504047 -296.858078 -38.136426 16.728854 0.015498481 0.022932283 0.203688252 0.978644473
1561000487.594651699 -297.621517 -38.434899 16.762921 0.017428961 0.015426523 0.205239976 0.978434876
1561000487.693018675 -298.332041 -38.723903 16.796409 0.018006539 0.021836953 0.206916406 0.977949136
1561000487.795921564 -299.053437 -39.002315 16.842865 0.016729007 0.032536921 0.208619825 0.977312262
1561000487.894642353 -299.730387 -39.271816 16.889348 0.015086088 0.043444889 0.210384388 0.976536410
1561000487.994023085 -300.390933 -39.546138 16.942205 0.014523848 0.047523168 0.211737424 0.976062431
1561000488.095642090 -301.046399 -39.815882 16.994089 0.015671765 0.045458077 0.212781013 0.975916082
1561000488.193961859 -301.706118 -40.074523 17.041840 0.016884854 0.040900639 0.213812429 0.975872064
1561000488.295423269 -302.403480 -40.355012 17.088386 0.016408638 0.037847745 0.214776751 0.975791603
1561000488.394020557 -303.074773 -40.623233 17.136241 0.015238407 0.038175188 0.216223807 0.975478196
1561000488.494627953 -303.775493 -40.910059 17.185561 0.014499592 0.040194206 0.217011341 0.975233442
1561000488.595767736 -304.438265 -41.194500 17.238102 0.014524634 0.042319107 0.217719253 0.974985361
1561000488.694547176 -305.088683 -41.445749 17.294268 0.015319655 0.044384988 0.218480856 0.974710930
1561000488.796016932 -305.753781 -41.715886 17.350075 0.016266602 0.044900574 0.218759637 0.974609438
1561000488.894700527 -306.396160 -41.977726 17.402408 0.017127419 0.044834787 0.219141428 0.974511943
1561000488.994907856 -307.054002 -42.240983 17.454827 0.017580608 0.043704084 0.219490698 0.974476633
1561000489.095417500 -307.701299 -42.512927 17.501884 0.018216970 0.043027042 0.219636721 0.974462173
1561000489.193999290 -308.315780 -42.779211 17.558494 0.019347121 0.042940641 0.220444051 0.974261880
1561000489.295364380 -308.944754 -43.029997 17.611889 0.021424978 0.044185786 0.220165177 0.974225786
1561000489.396008015 -309.541039 -43.267799 17.663827 0.023492388 0.045240218 0.219740786 0.974225547
1561000489.496893883 -310.161243 -43.518205 17.703497 0.024068010 0.046449469 0.218551223 0.974422157
1561000489.597099781 -310.732699 -43.746842 17.745443 0.024451449 0.046077499 0.217112240 0.974751900
1561000489.695913553 -311.332366 -43.967600 17.798441 0.025093842 0.045702873 0.214548039 0.975320812
1561000489.797330618 -311.898354 -44.180816 17.846036 0.026149695 0.045505734 0.211522025 0.975963039
1561000489.897498369 -312.434112 -44.376334 17.891045 0.027601174 0.045385420 0.208667063 0.976543084
1561000489.997722626 -312.983059 -44.571360 17.929409 0.028143332 0.045449067 0.204802570 0.977342439
1561000490.098557949 -313.519088 -44.749448 17.967655 0.028723531 0.045508916 0.199574768 0.978403705
1561000490.197314978 -314.037581 -44.906466 18.007198 0.029690240 0.045953643 0.193500203 0.979573593
1561000490.298992634 -314.573094 -45.060748 18.048903 0.030152872 0.045291208 0.186130471 0.981017308
1561000490.397781372 -315.082495 -45.189340 18.080351 0.030852339 0.044513171 0.177282535 0.982668618
1561000490.498518229 -315.593706 -45.292518 18.113319 0.031177311 0.045196190 0.166233579 0.984556589
1561000490.598621130 -316.081561 -45.393119 18.148062 0.030361431 0.047184698 0.155126288 0.986299966
1561000490.697582006 -316.555772 -45.481869 18.182425 0.028894359 0.049384996 0.142363612 0.988159319
1561000490.798817396 -317.037927 -45.550668 18.210451 0.025313109 0.049611327 0.128460958 0.990149355
1561000490.897881031 -317.492300 -45.587740 18.237614 0.021759526 0.048964624 0.113841345 0.992052991
1561000490.998881340 -317.957063 -45.579956 18.271562 0.019234502 0.049783035 0.099530493 0.993602216
1561000491.098526001 -318.418180 -45.552200 18.313298 0.018514260 0.051006130 0.084072247 0.994981133
1561000491.198744535 -318.868786 -45.513396 18.366484 0.019287018 0.050365314 0.068537151 0.996189743
1561000491.298709154 -319.309040 -45.477105 18.407807 0.020247854 0.049401648 0.050687176 0.997286474
1561000491.397602797 -319.724597 -45.416412 18.433506 0.019928484 0.049947064 0.031732815 0.998048684
1561000491.497794867 -320.154154 -45.336233 18.448850 0.018467508 0.052191175 0.012283611 0.998390778
1561000491.598435640 -320.560846 -45.240204 18.473501 0.015613011 0.054077845 -0.007852148 0.998383776
1561000491.697121143 -320.956644 -45.112869 18.520987 0.014450915 0.052814870 -0.029869350 0.998052896
1561000491.798239946 -321.346376 -44.984185 18.559549 0.015777655 0.050729341 -0.052604964 0.997201242
1561000491.897028923 -321.751381 -44.836299 18.589079 0.016923495 0.047347311 -0.076880451 0.995771672
1561000491.998296022 -322.141012 -44.640296 18.610402 0.016022620 0.044440138 -0.099139877 0.993951525
1561000492.098495722 -322.521910 -44.440029 18.631117 0.014092159 0.041823967 -0.123780129 0.991327719
1561000492.197180271 -322.873921 -44.234080 18.661243 0.011786305 0.039150489 -0.150617290 0.987746301
1561000492.290551662 -323.196637 -44.017348 18.689925 0.011196028 0.037450617 -0.176998778 0.983434560
1561000492.389731884 -323.540753 -43.758974 18.713727 0.011637167 0.033755794 -0.204145177 0.978289257
1561000492.489563704 -323.877103 -43.478836 18.731979 0.012690686 0.029223908 -0.231007350 0.972430210
1561000492.590475559 -324.188814 -43.202463 18.743839 0.012450918 0.024330431 -0.255910013 0.966314167
1561000492.689339399 -324.484183 -42.895268 18.746877 0.011264553 0.020902146 -0.283035110 0.958815590
1561000492.790523052 -324.766085 -42.564214 18.758975 0.008152400 0.018408120 -0.310103518 0.950489604
1561000492.889585257 -325.036597 -42.221049 18.768919 0.004959194 0.016399169 -0.336604418 0.941490276
1561000492.989218950 -325.286185 -41.865373 18.781968 0.002522227 0.013171788 -0.364538004 0.931091932
1561000493.090313911 -325.496030 -41.497440 18.787424 -0.000452826 0.011303113 -0.389780348 0.920838376
1561000493.189125061 -325.714346 -41.124060 18.800219 -0.003898083 0.009497120 -0.416211715 0.909209777
1561000493.290428162 -325.897990 -40.699070 18.810046 -0.007705802 0.007101062 -0.440672667 0.897606704
1561000493.389511108 -326.066135 -40.297778 18.820715 -0.010685207 0.005849639 -0.465570472 0.884926971
1561000493.490318775 -326.215874 -39.865426 18.828546 -0.013370858 0.004657966 -0.488501740 0.872448035
1561000493.590604067 -326.389358 -39.446859 18.829566 -0.015492441 0.005216614 -0.511564815 0.859089176
1561000493.690113783 -326.551493 -39.011224 18.830949 -0.019466753 0.005553875 -0.532863806 0.845958843
1561000493.790216684 -326.677312 -38.527839 18.835761 -0.023626146 0.006932068 -0.552120557 0.833400649
1561000493.888882637 -326.772221 -38.006135 18.859249 -0.027401069 0.008562426 -0.567478446 0.822887647
1561000493.989779711 -326.866863 -37.494715 18.882116 -0.027652061 0.012573905 -0.579184055 0.814630647
1561000494.089770079 -326.912423 -36.973601 18.903975 -0.027458259 0.016081039 -0.588873832 0.807598325
1561000494.188550234 -326.956674 -36.459095 18.919443 -0.026129432 0.019338463 -0.597446615 0.801249536
1561000494.289709091 -326.962657 -35.864969 18.930510 -0.027655347 0.020479497 -0.602636787 0.797273275
1561000494.388959408 -326.950808 -35.319424 18.942949 -0.031575747 0.020325287 -0.606472391 0.794217284
1561000494.489121437 -326.926078 -34.736737 18.953918 -0.036395572 0.016295225 -0.611187895 0.790480351
1561000494.590234280 -326.911956 -34.181751 18.959791 -0.040709606 0.010976981 -0.613197017 0.788803937
1561000494.688987970 -326.901115 -33.596780 18.961415 -0.046567822 0.004057338 -0.614231645 0.787740098
1561000494.790330648 -326.891785 -32.981774 18.954574 -0.050553101 -0.000202769 -0.615275698 0.786689366
1561000494.889083385 -326.913072 -32.351418 18.949063 -0.050627043 -0.001629895 -0.617819720 0.784686587
1561000494.990526438 -326.905324 -31.696438 18.953749 -0.047312608 -0.000821053 -0.618585626 0.784291188
1561000495.090236187 -326.901825 -31.053645 18.950964 -0.041902749 0.003609804 -0.619712839 0.783700916
1561000495.188978195 -326.892553 -30.414759 18.946636 -0.037225372 0.009006286 -0.620923802 0.782934729
1561000495.290391922 -326.908243 -29.769808 18.947569 -0.033509630 0.014386458 -0.621528229 0.782542520
1561000495.389475107 -326.924014 -29.170450 18.967925 -0.032630539 0.015539892 -0.624241957 0.780394605
1561000495.490320921 -326.948551 -28.578846 18.989007 -0.031441799 0.014430860 -0.623855656 0.780773516
1561000495.590300322 -326.973687 -27.933383 18.992603 -0.031333195 0.012028560 -0.624920834 0.779966342
1561000495.690293074 -327.021439 -27.304187 18.995739 -0.031264216 0.011218005 -0.624900952 0.779997118
1561000495.791239023 -327.048998 -26.644438 19.002849 -0.031353287 0.011783273 -0.623194057 0.781349661
1561000495.889896154 -327.094268 -26.007684 19.025860 -0.029423850 0.012202976 -0.622505707 0.781966732
1561000495.991031647 -327.140299 -25.342695 19.038927 -0.026576843 0.012580704 -0.619322496 0.784585905
1561000496.091064215 -327.203713 -24.674509 19.051150 -0.024399591 0.012031509 -0.619651487 0.784405467
1561000496.190836191 -327.276885 -23.988455 19.063509 -0.024598072 0.011439634 -0.619302821 0.784683430
1561000496.290830374 -327.331819 -23.324551 19.071431 -0.025013051 0.011505432 -0.619605919 0.784430033
1561000496.388871908 -327.381756 -22.671695 19.085730 -0.025772998 0.011739452 -0.620442177 0.783740674
1561000496.488929987 -327.425889 -21.952647 19.100949 -0.025556692 0.011360651 -0.620253967 0.783902294
1561000496.591070652 -327.473713 -21.242829 19.112532 -0.024899675 0.011885341 -0.619807226 0.784268926
1561000496.690257788 -327.539183 -20.541291 19.122164 -0.023784973 0.013283660 -0.618916499 0.784984195
1561000496.791547060 -327.578657 -19.829859 19.130021 -0.024301271 0.014306421 -0.619425736 0.784548617
1561000496.889462471 -327.629406 -19.132239 19.139149 -0.025839099 0.016043853 -0.619241010 0.784611692
1561000496.991275787 -327.680279 -18.400996 19.152809 -0.026545438 0.016446084 -0.618961095 0.784800630
1561000497.092228651 -327.714836 -17.663195 19.170263 -0.027354297 0.015867529 -0.619749541 0.784162273
1561000497.190399170 -327.730409 -16.912476 19.180624 -0.027889853 0.015791819 -0.620208733 0.783781795
1561000497.291316032 -327.757148 -16.154879 19.191935 -0.028476846 0.016367189 -0.621263333 0.782913185
1561000497.389380455 -327.799687 -15.407594 19.197966 -0.028465854 0.017864980 -0.621298093 0.782853254
1561000497.491783381 -327.863030 -14.630161 19.214558 -0.027549686 0.019120930 -0.620228671 0.783703899
1561000497.591039181 -327.923875 -13.871796 19.228564 -0.027326199 0.019221640 -0.619429571 0.784341007
1561000497.691018105 -327.995848 -13.084530 19.247498 -0.027885656 0.017942326 -0.619454231 0.784332149
1561000497.790903807 -328.040643 -12.305465 19.262242 -0.027785094 0.017262808 -0.619654010 0.784193147
1561000497.890949488 -328.114407 -11.508345 19.276691 -0.026399850 0.018055697 -0.620398921 0.783633982
1561000497.990358114 -328.197163 -10.711521 19.289334 -0.024710371 0.020226093 -0.619856292 0.784065354
1561000498.091116905 -328.257804 -9.903145 19.308995 -0.024279309 0.021400934 -0.620501145 0.783537392
1561000498.189335346 -328.313421 -9.106690 19.329139 -0.024153098 0.022398815 -0.621017191 0.783104444
1561000498.291336536 -328.372176 -8.303397 19.347661 -0.023728971 0.023041353 -0.621405239 0.782790880
1561000498.389798164 -328.415194 -7.509266 19.364442 -0.023937525 0.023823373 -0.620785977 0.783252330
1561000498.491285324 -328.457474 -6.674739 19.381115 -0.024176702 0.024493040 -0.620802442 0.783211278
1561000498.591153383 -328.508849 -5.854052 19.403052 -0.024683450 0.025246300 -0.621680520 0.782474717
1561000498.691078424 -328.563748 -5.024136 19.421600 -0.024882982 0.026357215 -0.620376849 0.783465826
1561000498.791028738 -328.616125 -4.166996 19.446001 -0.025679802 0.027280442 -0.619802717 0.783862818
1561000498.890772820 -328.653120 -3.305087 19.473622 -0.025953198 0.027460429 -0.619163581 0.784352482
1561000498.992214203 -328.707029 -2.436697 19.499035 -0.025543779 0.027471590 -0.618890031 0.784581389
1561000499.092676878 -328.778491 -1.573639 19.522124 -0.025639514 0.028228233 -0.618457201 0.784892650
1561000499.193398476 -328.852150 -0.731449 19.546499 -0.025924625 0.029137948 -0.618132370 0.785105895
1561000499.293108940 -328.921936 0.134905 19.561040 -0.026669216 0.029936132 -0.618311901 0.784909533
1561000499.391159534 -328.993244 1.027327 19.575986 -0.028230759 0.030402507 -0.617493822 0.785480803
1561000499.492868900 -329.060697 1.922423 19.595450 -0.029938031 0.031564059 -0.617191814 0.785609120
1561000499.592151642 -329.124677 2.803301 19.618438 -0.031502550 0.032331114 -0.617034084 0.785640648
1561000499.692770004 -329.192824 3.712204 19.637431 -0.031809682 0.034005390 -0.616559680 0.785929983
1561000499.792570829 -329.249178 4.603659 19.659284 -0.031989840 0.034916561 -0.616996994 0.785539429
1561000499.890750647 -329.297393 5.500251 19.683466 -0.032558191 0.035559884 -0.617931472 0.784752289
1561000499.992204189 -329.338410 6.430187 19.710567 -0.032223181 0.035137611 -0.617683492 0.784980330
1561000500.092292547 -329.406564 7.357869 19.737920 -0.032663461 0.034217903 -0.616681150 0.785790426
1561000500.192063332 -329.487139 8.264071 19.762921 -0.030183039 0.033378002 -0.617163164 0.785547275
1561000500.292681694 -329.560571 9.186397 19.790644 -0.028377329 0.032928213 -0.616907468 0.785834356
1561000500.390937090 -329.632079 10.083969 19.818084 -0.026054813 0.032094987 -0.616061539 0.786612509
1561000500.492826462 -329.718998 11.001196 19.841151 -0.026328695 0.030678063 -0.616947292 0.785965454
1561000500.591092825 -329.790316 11.904193 19.865283 -0.026094601 0.028529938 -0.616581766 0.786340919
1561000500.692730188 -329.886458 12.818248 19.886327 -0.025569976 0.027532707 -0.616300450 0.786614189
1561000500.792700052 -329.966571 13.701498 19.899846 -0.025227811 0.027655873 -0.615760811 0.787043413
1561000500.891922474 -330.047031 14.587888 19.918590 -0.024960308 0.027055797 -0.615753229 0.787078730
1561000500.992265463 -330.116917 15.474929 19.936548 -0.024672056 0.027011827 -0.615395097 0.787369370
1561000501.094114542 -330.198586 16.367224 19.954099 -0.024850049 0.027823993 -0.615442007 0.787298823
1561000501.193842649 -330.263570 17.271282 19.975969 -0.024193731 0.028140117 -0.615269517 0.787442835
1561000501.293778658 -330.327730 18.148039 20.001930 -0.022901673 0.027533343 -0.615347281 0.787442158
1561000501.392837286 -330.399227 19.026785 20.015389 -0.022657733 0.027853463 -0.615717459 0.787148539
1561000501.493810177 -330.486258 19.914186 20.031147 -0.023306876 0.027708205 -0.615544840 0.787269709
1561000501.592865944 -330.556006 20.772316 20.044463 -0.025275641 0.028332789 -0.615585035 0.787155296
1561000501.693892479 -330.631674 21.631359 20.062197 -0.026480662 0.029577770 -0.615788725 0.786910526
1561000501.794090986 -330.691484 22.501746 20.076709 -0.026356414 0.031100824 -0.615271045 0.787260833
1561000501.893742561 -330.749262 23.356340 20.100555 -0.026281227 0.032391969 -0.615548686 0.786994201
1561000501.995497227 -330.821406 24.236910 20.123507 -0.025930434 0.033643705 -0.614234894 0.787979193
1561000502.092499018 -330.879431 25.066298 20.149095 -0.025915411 0.034411426 -0.614389691 0.787825839
1561000502.193464279 -330.934273 25.917891 20.161275 -0.027242810 0.034078920 -0.615105327 0.787236872
1561000502.294137239 -330.997064 26.748000 20.190369 -0.029099690 0.032951931 -0.614714989 0.787523245
1561000502.393945456 -331.054794 27.551817 20.214043 -0.028147842 0.031451873 -0.614375869 0.787883729
1561000502.494304895 -331.130002 28.365866 20.246045 -0.023568651 0.032384294 -0.613873706 0.788387499
1561000502.593163729 -331.201421 29.140029 20.268931 -0.017626896 0.035438754 -0.614675197 0.787786639
1561000502.692620993 -331.271473 29.894532 20.282813 -0.014348222 0.037856447 -0.614561025 0.787829782
1561000502.794357538 -331.329209 30.644307 20.295514 -0.015619721 0.038376038 -0.613683172 0.788464501
1561000502.893198967 -331.379546 31.359543 20.326074 -0.018077990 0.036866256 -0.614507274 0.787841910
1561000502.994302750 -331.441895 32.092673 20.362104 -0.018230677 0.032593002 -0.614489101 0.788040915
1561000503.092583418 -331.515743 32.792978 20.376578 -0.016579866 0.031521446 -0.615453303 0.787368236
1561000503.194151402 -331.577349 33.535272 20.386327 -0.015734855 0.034018681 -0.614604999 0.787944059
1561000503.294648886 -331.641719 34.260561 20.414192 -0.015469915 0.036780428 -0.613647412 0.788571326
1561000503.394690752 -331.699850 34.959800 20.434645 -0.015217305 0.037576604 -0.613684197 0.788510075
1561000503.495376348 -331.747874 35.664110 20.461214 -0.015178780 0.037068807 -0.612303490 0.789607462
1561000503.593945503 -331.816772 36.367663 20.487337 -0.013976305 0.037572064 -0.611617350 0.790137469
1561000503.695493460 -331.882493 37.066122 20.529306 -0.009750097 0.043179747 -0.611652321 0.789887260
1561000503.795441866 -331.949254 37.785876 20.566073 -0.006435645 0.048769149 -0.611466649 0.789739634
1561000503.894068956 -331.997978 38.462367 20.592616 -0.007206840 0.050580028 -0.611289747 0.789756017
1561000503.995658636 -332.051057 39.150076 20.606577 -0.012375798 0.047093036 -0.611316694 0.789886692
1561000504.094219685 -332.099924 39.834314 20.603690 -0.021059847 0.038578220 -0.610693499 0.790646352
1561000504.195652485 -332.178651 40.571250 20.603626 -0.033164912 0.027595153 -0.609882198 0.791316814
1561000504.295562267 -332.243633 41.302866 20.627474 -0.034263211 0.027607995 -0.609082200 0.791885537
1561000504.393757582 -332.290531 42.040608 20.655766 -0.028209600 0.033608565 -0.610007486 0.791179847
1561000504.495126963 -332.340376 42.750578 20.680473 -0.021355510 0.038137527 -0.609472303 0.791601531
1561000504.593883276 -332.400137 43.405827 20.690364 -0.010335953 0.051171889 -0.610916911 0.789971603
1561000504.695220709 -332.468273 44.096417 20.703208 -0.011214294 0.050829324 -0.610196773 0.790538119
1561000504.795361280 -332.536121 44.801282 20.726487 -0.016584823 0.045091979 -0.610691549 0.790409697
1561000504.895441771 -332.613871 45.528621 20.742549 -0.019343529 0.040761384 -0.610890169 0.790428706
1561000504.995396614 -332.665230 46.253954 20.760342 -0.018153565 0.040706810 -0.610819634 0.790514250
1561000505.094013691 -332.737856 46.942255 20.776465 -0.016401625 0.043327260 -0.611379852 0.789980007
1561000505.195176840 -332.807083 47.669571 20.792625 -0.014322543 0.046198746 -0.611446555 0.789806084
1561000505.295375347 -332.859891 48.394370 20.814394 -0.014287266 0.047904588 -0.610156007 0.790702644
1561000505.395457745 -332.922821 49.096385 20.845221 -0.014415908 0.045748829 -0.611342330 0.789911249
1561000505.495491743 -332.993312 49.799572 20.877662 -0.014519895 0.043629688 -0.612099427 0.789442788
1561000505.594078541 -333.068126 50.517873 20.897917 -0.013663390 0.043134667 -0.611413552 0.790016570
1561000505.695470572 -333.140423 51.245692 20.916392 -0.012461921 0.043378825 -0.610943168 0.790386882
1561000505.795564413 -333.214304 51.969829 20.944924 -0.011973597 0.043453360 -0.611135275 0.790241808
1561000505.896125555 -333.288210 52.680634 20.963576 -0.011337885 0.043182217 -0.612091905 0.789525331
1561000505.996497869 -333.354007 53.408958 20.982197 -0.011553853 0.042717896 -0.611848743 0.789735909
1561000506.095834970 -333.427286 54.132250 21.000779 -0.012992395 0.042563259 -0.611285454 0.790157997
1561000506.197193384 -333.485030 54.864795 21.027570 -0.014042578 0.041841341 -0.611907599 0.789696903
1561000506.297039509 -333.544408 55.582939 21.053141 -0.013894826 0.041266967 -0.611852499 0.789772430
1561000506.397018909 -333.622931 56.288115 21.068939 -0.014040235 0.042790762 -0.611669628 0.789830418
1561000506.496927261 -333.682139 57.003534 21.084394 -0.014383800 0.044239138 -0.611872863 0.789586983
1561000506.595676184 -333.735861 57.695373 21.104588 -0.015265307 0.045627115 -0.611904362 0.789467029
1561000506.697508335 -333.794490 58.393622 21.136443 -0.015925961 0.045138015 -0.611933240 0.789459709
1561000506.797108889 -333.851125 59.091139 21.160729 -0.015425394 0.044500987 -0.611687122 0.789696514
1561000506.895780087 -333.914915 59.783629 21.178373 -0.015223767 0.044062083 -0.612307422 0.789244190
1561000506.997077942 -333.982038 60.505550 21.201938 -0.015311160 0.043728130 -0.612524634 0.789092511
1561000507.097158670 -334.054218 61.201778 21.229779 -0.014562342 0.043054283 -0.612027828 0.789529104
1561000507.198274136 -334.119952 61.893739 21.250961 -0.013290497 0.042458404 -0.612574318 0.789159902
1561000507.289170742 -334.182024 62.545215 21.264225 -0.013164042 0.042081753 -0.612670227 0.789107741
1561000507.390431404 -334.246172 63.249695 21.281124 -0.012453158 0.041705024 -0.612339085 0.789396260
1561000507.490523577 -334.319243 63.929562 21.299927 -0.012210518 0.041907031 -0.612629294 0.789164148
1561000507.589387178 -334.361317 64.597057 21.322577 -0.011914296 0.042306231 -0.612414893 0.789313772
1561000507.690703392 -334.431508 65.290855 21.353942 -0.006653100 0.045702537 -0.613619192 0.788250278
1561000507.790966034 -334.504997 65.960522 21.393740 -0.000113603 0.053338897 -0.613988227 0.787510893
1561000507.890778542 -334.558576 66.601847 21.436579 0.002565864 0.059405450 -0.613865556 0.787168018
1561000507.990716696 -334.592006 67.236166 21.474151 0.001355489 0.059358861 -0.614121097 0.786975201
1561000508.089553356 -334.645107 67.867039 21.484801 -0.001296413 0.053712400 -0.613910429 0.787545098
1561000508.190621376 -334.706540 68.552120 21.494815 -0.006757190 0.047721731 -0.613954763 0.787868343
1561000508.290738106 -334.790131 69.263648 21.480000 -0.015782740 0.037735880 -0.613793553 0.788406230
1561000508.390729666 -334.851304 69.947674 21.504451 -0.023653954 0.029909397 -0.613894799 0.788466292
1561000508.490582943 -334.894147 70.603481 21.547810 -0.016009475 0.036412690 -0.616290242 0.786513923
1561000508.589710712 -334.951089 71.227221 21.564781 -0.007910309 0.043350580 -0.618266312 0.784732388
1561000508.690562963 -335.003256 71.849419 21.577801 0.002694393 0.051351916 -0.617726568 0.784709888
1561000508.790282726 -335.054499 72.463174 21.608714 0.002844810 0.051628585 -0.617182394 0.785119283
1561000508.889912605 -335.104852 73.092830 21.644621 -0.001135021 0.046727632 -0.616831920 0.785705812
1561000508.990635633 -335.157071 73.743014 21.663079 -0.005809349 0.043193064 -0.616704622 0.785987290
1561000509.089483976 -335.190678 74.393099 21.673677 -0.007642823 0.043882011 -0.617881229 0.785008754
1561000509.189694881 -335.238391 75.041880 21.687673 -0.006386260 0.047235463 -0.617517419 0.785111625
1561000509.289357901 -335.286905 75.685728 21.713680 -0.005392530 0.050548699 -0.617428584 0.784982607
1561000509.390321970 -335.318284 76.327009 21.737099 -0.005755993 0.053091622 -0.616773857 0.785326784
1561000509.490307808 -335.356756 76.971820 21.763396 -0.007574863 0.052910057 -0.616864872 0.785252111
1561000509.590042114 -335.394063 77.607930 21.788622 -0.010761194 0.052818340 -0.617146862 0.784999471
1561000509.690355778 -335.443801 78.237241 21.807738 -0.013574704 0.052961753 -0.616866572 0.785166487
1561000509.789890766 -335.482186 78.866603 21.834986 -0.014544226 0.053736541 -0.616917412 0.785056531
1561000509.889745712 -335.520932 79.492901 21.856445 -0.015809514 0.055029772 -0.616452251 0.785307842
1561000509.990741730 -335.566575 80.123465 21.881905 -0.016185015 0.056093383 -0.617049345 0.784755811
1561000510.090816259 -335.607231 80.743655 21.902007 -0.016724859 0.056408253 -0.616728502 0.784974103
1561000510.190904140 -335.656185 81.333264 21.923716 -0.018488779 0.056706223 -0.616934774 0.784750950
1561000510.290135860 -335.700852 81.916331 21.949713 -0.018961409 0.056479721 -0.617014169 0.784693584
1561000510.392044544 -335.735985 82.502529 21.972284 -0.019138784 0.055756379 -0.617422970 0.784419409
1561000510.490612984 -335.771405 83.040837 21.991752 -0.018874332 0.055829337 -0.617173036 0.784617288
1561000510.589673519 -335.819036 83.600039 22.014214 -0.017426438 0.055453300 -0.617744253 0.784227830
1561000510.690477133 -335.857624 84.125792 22.027671 -0.014398185 0.058601705 -0.618174824 0.783720881
1561000510.789644718 -335.895604 84.631152 22.054649 -0.011455549 0.063550001 -0.618082165 0.783456830
1561000510.890532732 -335.921362 85.100928 22.077849 -0.011453374 0.065240647 -0.617846149 0.783504061
1561000510.990735054 -335.952736 85.555207 22.090306 -0.014249409 0.062519932 -0.617517825 0.783938740
1561000511.089421272 -335.989704 86.006494 22.087567 -0.018685210 0.056064988 -0.617376653 0.784444802
1561000511.190515518 -336.018583 86.444840 22.085605 -0.022303413 0.051158838 -0.618258722 0.783990742
1561000511.289874554 -336.064655 86.893758 22.099048 -0.025008023 0.049562714 -0.617921063 0.784277818
1561000511.389430523 -336.112218 87.326875 22.121688 -0.026902454 0.051628981 -0.617752173 0.784214868
1561000511.490477800 -336.148714 87.750516 22.150410 -0.027768074 0.054140918 -0.617935095 0.783871108
1561000511.589305162 -336.154432 88.133653 22.164798 -0.026720061 0.055713160 -0.617907243 0.783819317
1561000511.690463543 -336.169721 88.519978 22.163875 -0.023528225 0.057514316 -0.618484367 0.783336208
1561000511.789644480 -336.203091 88.897637 22.159679 -0.021741769 0.059552694 -0.618345859 0.783344861
1561000511.890788317 -336.229464 89.238095 22.157757 -0.022337203 0.060210380 -0.618855516 0.782875220
1561000511.990502596 -336.246595 89.599815 22.165262 -0.024711351 0.060494579 -0.618674370 0.782925143
1561000512.089351177 -336.258179 89.952416 22.176155 -0.026529701 0.060693186 -0.618089733 0.783311940
1561000512.190622807 -336.284112 90.306328 22.193514 -0.027104244 0.060432951 -0.617732091 0.783594463
1561000512.289945364 -336.315734 90.638447 22.205010 -0.027068903 0.061462480 -0.618249811 0.783107151
1561000512.390502214 -336.346362 90.960924 22.211695 -0.027005030 0.062840824 -0.618100747 0.783117632
1561000512.491801023 -336.360129 91.277152 22.212462 -0.026967064 0.064352184 -0.618100931 0.782996049
1561000512.589687586 -336.384492 91.566451 22.220850 -0.027176864 0.065790887 -0.618503096 0.782551530
1561000512.691601038 -336.398725 91.855044 22.225417 -0.027574668 0.066942426 -0.618059997 0.782790003
1561000512.789712667 -336.407643 92.126884 22.235585 -0.027640659 0.067043857 -0.618433615 0.782483852
1561000512.891342878 -336.423217 92.421458 22.241729 -0.027595734 0.067545973 -0.618658840 0.782264186
1561000512.992588758 -336.440722 92.687105 22.250430 -0.027529700 0.068143299 -0.618773899 0.782123691
1561000513.089633703 -336.451600 92.939163 22.258140 -0.027021709 0.069399021 -0.618956926 0.781886134
1561000513.192046404 -336.477926 93.179962 22.263210 -0.026398681 0.070938055 -0.618333729 0.782262297
1561000513.290036201 -336.500898 93.417145 22.275043 -0.026723822 0.072086462 -0.619201690 0.781459306
1561000513.390139818 -336.518279 93.669428 22.285356 -0.026744648 0.072623062 -0.618921742 0.781630662
1561000513.492032528 -336.536713 93.908577 22.291952 -0.027062757 0.073214917 -0.618663972 0.781768555
1561000513.591634512 -336.548176 94.155615 22.300765 -0.026977545 0.073234275 -0.618571436 0.781842907
1561000513.691661358 -336.573134 94.403581 22.309112 -0.027248812 0.073718719 -0.618820205 0.781591074
1561000513.789388418 -336.591939 94.661615 22.315781 -0.027332360 0.074285462 -0.618254952 0.781981730
1561000513.889691353 -336.604826 94.940086 22.320232 -0.027275356 0.074810485 -0.618559000 0.781693169
1561000513.991153717 -336.609900 95.179599 22.331821 -0.028169232 0.075160960 -0.618586474 0.781606102
1561000514.091727734 -336.630061 95.431624 22.335962 -0.028179847 0.075869113 -0.618974393 0.781230104
1561000514.191459417 -336.642437 95.689871 22.343503 -0.028139081 0.076093984 -0.618472370 0.781607207
1561000514.289700985 -336.655570 95.938241 22.356853 -0.028261949 0.075815786 -0.618667513 0.781475359
1561000514.391634703 -336.672338 96.190674 22.368513 -0.026460389 0.076544112 -0.618475640 0.781619299
1561000514.491468430 -336.705256 96.440147 22.385567 -0.025421481 0.078544364 -0.618945444 0.781083266
1561000514.589744091 -336.726997 96.666913 22.397107 -0.025009238 0.080371290 -0.618454105 0.781299887
1561000514.691457987 -336.738345 96.900842 22.412140 -0.025200726 0.080490581 -0.618595072 0.781169845
1561000514.789637327 -336.756428 97.116789 22.424210 -0.024726426 0.079722685 -0.618357356 0.781451904
1561000514.891467810 -336.774493 97.358463 22.431179 -0.023722141 0.078763071 -0.618532998 0.781441341
1561000514.991504192 -336.806999 97.599958 22.437226 -0.023562587 0.079087085 -0.618322705 0.781579855
1561000515.091501474 -336.824496 97.844608 22.438245 -0.023836047 0.080407194 -0.618331356 0.781430010
1561000515.191436768 -336.840914 98.076879 22.440950 -0.024778324 0.081946231 -0.618184670 0.781356874
1561000515.289509535 -336.856435 98.308041 22.452364 -0.025510005 0.082401755 -0.617823098 0.781571372
1561000515.389531136 -336.869025 98.536552 22.465721 -0.025401973 0.082316635 -0.618092406 0.781370904
1561000515.489585638 -336.871197 98.771699 22.480546 -0.025367928 0.080963138 -0.618162014 0.781458356
1561000515.592066050 -336.891988 98.999505 22.492268 -0.026437033 0.078942609 -0.618002714 0.781755584
1561000515.692043066 -336.914481 99.217225 22.495829 -0.027731369 0.078559892 -0.617635792 0.782039220
1561000515.789702415 -336.936728 99.441460 22.501221 -0.028895313 0.079428656 -0.617508160 0.782010117
1561000515.891372442 -336.950165 99.669892 22.513562 -0.029078493 0.080163611 -0.616984442 0.782341636
1561000515.989408016 -336.975163 99.874399 22.530275 -0.027914009 0.080168496 -0.616632956 0.782660602
1561000516.089665890 -337.004268 100.089803 22.541345 -0.026583532 0.079345520 -0.616546043 0.782859234
1561000516.190963507 -337.035459 100.287297 22.550218 -0.026185526 0.079521084 -0.616583431 0.782825388
1561000516.289190769 -337.052762 100.509947 22.553931 -0.026018067 0.079966163 -0.616609244 0.782765299
1561000516.390891314 -337.075476 100.722936 22.559010 -0.025962927 0.081033932 -0.616674110 0.782606204
1561000516.492252588 -337.091157 100.936500 22.567451 -0.026434140 0.082009391 -0.617360590 0.781947311
1561000516.590561152 -337.095095 101.160721 22.574287 -0.026229518 0.082650104 -0.617583733 0.781710500
1561000516.692337036 -337.108363 101.388536 22.589033 -0.026047919 0.082399989 -0.618364102 0.781125845
1561000516.790625811 -337.122604 101.615549 22.603014 -0.025420847 0.082247734 -0.618879968 0.780753915
1561000516.892627239 -337.137489 101.862634 22.607328 -0.024725484 0.082149025 -0.619244982 0.780497175
1561000516.990813017 -337.143066 102.116305 22.617161 -0.024390176 0.081820814 -0.619684578 0.780193244
1561000517.092623949 -337.171011 102.370413 22.629722 -0.024585430 0.082201356 -0.620684365 0.779351919
1561000517.192856073 -337.208482 102.634250 22.641975 -0.024157427 0.082265052 -0.622043550 0.778274182
1561000517.291026115 -337.211563 102.885416 22.651856 -0.023662996 0.082392645 -0.623547001 0.777071845
1561000517.393975973 -337.220060 103.165428 22.663864 -0.022651608 0.082225426 -0.625657357 0.775421663
1561000517.493041515 -337.233494 103.425114 22.678124 -0.022114296 0.082064952 -0.628426206 0.773212006
1561000517.594036341 -337.246683 103.703346 22.686632 -0.021329886 0.081893897 -0.631607086 0.770656159
1561000517.694055796 -337.256613 103.978843 22.695652 -0.021236522 0.081716485 -0.635207673 0.767712601
1561000517.793711901 -337.256065 104.273674 22.704658 -0.021734571 0.081629447 -0.639483613 0.764149822
1561000517.892849207 -337.249611 104.575268 22.713215 -0.021816154 0.081150968 -0.644329906 0.760116799
1561000517.993324041 -337.224739 104.884729 22.722248 -0.022116498 0.080775236 -0.649411908 0.755811084
1561000518.094338655 -337.219762 105.210929 22.734663 -0.022776908 0.080023110 -0.655401027 0.750684360
1561000518.194171667 -337.191464 105.545462 22.743753 -0.023018803 0.079774674 -0.661257875 0.745549568
1561000518.292854309 -337.176156 105.873234 22.757650 -0.021786058 0.078851195 -0.668084000 0.739575301
1561000518.394183874 -337.128078 106.230501 22.767412 -0.019829211 0.078483575 -0.674711286 0.733629205
1561000518.493525267 -337.068808 106.551644 22.776532 -0.018747772 0.077418033 -0.682215565 0.726799073
1561000518.593246698 -337.020453 106.917211 22.787563 -0.018232634 0.076077462 -0.691031864 0.718578287
1561000518.694539309 -336.956131 107.282943 22.794975 -0.017678356 0.074868129 -0.699460913 0.710518593
1561000518.794532537 -336.873304 107.637498 22.799720 -0.016928498 0.073693933 -0.708016989 0.702135723
1561000518.894729376 -336.795364 108.007202 22.798339 -0.016099618 0.073431629 -0.716722401 0.693294741
1561000518.992775917 -336.694627 108.377453 22.796726 -0.015446699 0.073391682 -0.725390404 0.684239594
1561000519.095040083 -336.567350 108.766257 22.802405 -0.016857192 0.071995987 -0.733689710 0.675449348
1561000519.193896770 -336.426227 109.164348 22.817947 -0.017127997 0.068546502 -0.741999356 0.666667057
1561000519.293883324 -336.289140 109.577651 22.824598 -0.016156985 0.065418835 -0.750200146 0.657768248
1561000519.392534733 -336.143140 109.999718 22.820205 -0.014695722 0.062978565 -0.759238108 0.647591871
1561000519.492415667 -335.987362 110.416291 22.810193 -0.014490903 0.061851906 -0.767759423 0.637581229
1561000519.593890429 -335.818535 110.840472 22.804848 -0.015505478 0.063140266 -0.776279376 0.627027286
1561000519.693973780 -335.625469 111.229611 22.799013 -0.016599338 0.064764825 -0.783943625 0.617221494
1561000519.794086933 -335.412890 111.630474 22.808540 -0.018112393 0.064362784 -0.792031667 0.606807393
1561000519.892949820 -335.193542 112.025155 22.805455 -0.017922080 0.062469793 -0.799541052 0.597084944
1561000519.992925167 -334.968174 112.411994 22.798731 -0.017616733 0.060274820 -0.806838397 0.587425227
1561000520.094164133 -334.751134 112.802501 22.781762 -0.018197074 0.059623790 -0.813752104 0.577859311
1561000520.194026947 -334.524279 113.168147 22.758872 -0.020067641 0.061030769 -0.819753413 0.569101816
1561000520.292557478 -334.284005 113.512712 22.743128 -0.022211809 0.063745135 -0.825754854 0.559975101
1561000520.394090176 -334.019234 113.872508 22.745462 -0.022395108 0.064500614 -0.832364252 0.550007165
1561000520.494014502 -333.745739 114.227741 22.736884 -0.021190904 0.064611485 -0.838734935 0.540277716
1561000520.594081879 -333.461010 114.571959 22.727372 -0.020987236 0.064880022 -0.844679403 0.530911315
1561000520.695711136 -333.161571 114.937577 22.721028 -0.021431584 0.064854762 -0.850486933 0.521542447
1561000520.795365572 -332.859812 115.301917 22.709713 -0.021565218 0.062632956 -0.856102627 0.512543019
1561000520.895367622 -332.544751 115.671899 22.693188 -0.021732333 0.059907391 -0.861105079 0.504417340
1561000520.995354176 -332.224608 116.050936 22.665482 -0.021303463 0.057472185 -0.866387297 0.495596774
1561000521.094278097 -331.904420 116.412775 22.631864 -0.021561245 0.057899263 -0.870832353 0.487682069
1561000521.195346594 -331.546003 116.784712 22.601694 -0.022614934 0.059448114 -0.875128389 0.479692389
1561000521.293606997 -331.182162 117.153087 22.594608 -0.024660442 0.060217991 -0.879567178 0.471303761
1561000521.395178318 -330.801879 117.520461 22.587429 -0.024510796 0.058494220 -0.883868291 0.463416110
1561000521.493861437 -330.408491 117.890126 22.572942 -0.023374747 0.056341793 -0.887768344 0.456230852
1561000521.595317602 -330.020567 118.260459 22.540642 -0.021385680 0.055510486 -0.891843674 0.448415097
1561000521.695205212 -329.620895 118.620118 22.504088 -0.020791476 0.055943092 -0.895660167 0.440716406
1561000521.793978930 -329.207612 118.980658 22.474904 -0.021638290 0.056708125 -0.899416685 0.432857482
1561000521.895286322 -328.768414 119.341738 22.450359 -0.022460329 0.057262718 -0.902882285 0.425464564
1561000521.993993521 -328.333692 119.696446 22.433031 -0.022964240 0.057194734 -0.906534128 0.417609005
1561000522.095572948 -327.875582 120.067723 22.412838 -0.022786211 0.056436627 -0.910099419 0.409896015
1561000522.195819855 -327.416816 120.412353 22.382714 -0.022038504 0.055840496 -0.913492031 0.402403347
1561000522.296056747 -326.944941 120.762438 22.353576 -0.022527697 0.054565712 -0.916829665 0.394890430
1561000522.395306110 -326.442095 121.125613 22.315922 -0.022354581 0.053514989 -0.919999864 0.387603752
1561000522.493961573 -325.942578 121.477296 22.284112 -0.022747397 0.052784195 -0.923168110 0.380075027
1561000522.595198631 -325.408622 121.830056 22.247134 -0.023388302 0.051836632 -0.926153269 0.372835183
1561000522.695280075 -324.893568 122.174713 22.216335 -0.023308396 0.051026378 -0.928996574 0.365811964
1561000522.795741558 -324.353311 122.516777 22.179323 -0.023151927 0.050397523 -0.931765792 0.358798810
1561000522.896635532 -323.808986 122.838923 22.146749 -0.022739465 0.049120424 -0.934580093 0.351610795
1561000522.995442629 -323.256727 123.167806 22.106338 -0.023007924 0.047111366 -0.937400739 0.344283327
1561000523.096596956 -322.676808 123.497124 22.059285 -0.024430875 0.045892887 -0.940037346 0.337085692
1561000523.196621180 -322.095022 123.816434 22.008991 -0.027000232 0.045661216 -0.942580658 0.329738902
1561000523.296517849 -321.520048 124.125138 21.957254 -0.029053154 0.045830611 -0.944995877 0.322549628
1561000523.396509886 -320.925420 124.424152 21.913269 -0.031208493 0.046244948 -0.947644990 0.314414388
1561000523.495098352 -320.322106 124.705392 21.871717 -0.031091858 0.045804845 -0.950215272 0.306636835
1561000523.596357584 -319.700335 124.991002 21.824390 -0.029541534 0.045700965 -0.952586001 0.299363710
1561000523.695025206 -319.084511 125.282684 21.769444 -0.027793421 0.045835192 -0.954801546 0.292370773
1561000523.796582937 -318.462550 125.553159 21.718950 -0.027149402 0.046235655 -0.956648250 0.286267883
1561000523.896729469 -317.837271 125.814186 21.668616 -0.026793652 0.046620903 -0.958263203 0.280785016
1561000523.995348454 -317.220522 126.069343 21.621442 -0.027526238 0.046243295 -0.959845169 0.275320024
1561000524.096738815 -316.579554 126.321589 21.575424 -0.028064868 0.045982504 -0.961188917 0.270580560
1561000524.196661472 -315.930499 126.569054 21.525721 -0.027866679 0.044752387 -0.962450352 0.266289301
1561000524.296202421 -315.270821 126.821848 21.476432 -0.027288459 0.043607348 -0.963598967 0.262356191
1561000524.396665096 -314.617663 127.074353 21.421926 -0.026180184 0.042564536 -0.964605761 0.258918104
1561000524.495339155 -313.961952 127.320271 21.367359 -0.026229736 0.042626185 -0.965137387 0.256914058
1561000524.596513987 -313.284324 127.569019 21.319101 -0.026481770 0.041826740 -0.965437953 0.255888253
1561000524.695302248 -312.623709 127.818351 21.281732 -0.026589719 0.038802006 -0.965869161 0.254723685
1561000524.796665430 -311.959849 128.076773 21.239367 -0.025215570 0.035214050 -0.966185542 0.254184272
1561000524.898305655 -311.300692 128.352779 21.182676 -0.021132362 0.034445650 -0.966434165 0.253716229
1561000524.996699333 -310.652161 128.600131 21.134110 -0.014483133 0.036499385 -0.966706326 0.252857494
1561000525.097917080 -310.007227 128.841920 21.101318 -0.011613697 0.038572594 -0.966856360 0.252123097
1561000525.198131323 -309.333374 129.069378 21.070572 -0.016204080 0.036197279 -0.966740032 0.252667558
1561000525.298218012 -308.636871 129.322631 21.008884 -0.024148674 0.032423042 -0.966523432 0.253373330
1561000525.398320675 -307.935417 129.597672 20.937061 -0.039910561 0.029206600 -0.965926803 0.254046320
1561000525.497171164 -307.220621 129.883286 20.869411 -0.040921251 0.027137364 -0.966148107 0.253272285
1561000525.598359585 -306.544954 130.156482 20.800667 -0.031027678 0.029835406 -0.966428711 0.253303529
1561000525.697935820 -305.884194 130.415573 20.743900 -0.018022643 0.030856772 -0.966919333 0.252566916
1561000525.796989918 -305.206390 130.665485 20.708924 -0.014098397 0.032345291 -0.966856882 0.252869109
1561000525.897891998 -304.502895 130.911963 20.683623 -0.019758559 0.030835985 -0.966700094 0.253277849
1561000525.996589661 -303.779114 131.179462 20.629422 -0.026335347 0.028954943 -0.966615089 0.253225848
1561000526.097718239 -303.056759 131.468236 20.563470 -0.027069401 0.029415295 -0.966626652 0.253051186
1561000526.197169304 -302.334763 131.755610 20.495264 -0.024649451 0.031759208 -0.966586690 0.253167787
1561000526.296564817 -301.605609 132.033024 20.435274 -0.021104629 0.033097422 -0.966572814 0.253369592
1561000526.397852421 -300.872041 132.305034 20.392856 -0.020293056 0.033771978 -0.966482468 0.253691316
1561000526.496739626 -300.147816 132.573547 20.353888 -0.021259917 0.033522198 -0.966293878 0.254362772
1561000526.598039865 -299.408327 132.857156 20.303015 -0.021154360 0.033126201 -0.966209261 0.254744601
1561000526.697687387 -298.655427 133.144460 20.253222 -0.023540007 0.032885961 -0.965992519 0.255387616
1561000526.798261881 -297.897194 133.434047 20.201237 -0.023651451 0.032140667 -0.965878284 0.255903747
1561000526.897933722 -297.144844 133.730160 20.141731 -0.023518275 0.032271606 -0.965682786 0.256636302
1561000526.996861219 -296.387156 134.023382 20.086777 -0.023449288 0.031777882 -0.965628649 0.256907784
1561000527.097368240 -295.621276 134.321408 20.030567 -0.022532614 0.032121554 -0.965625404 0.256959270
1561000527.196748257 -294.850346 134.617847 19.977978 -0.022260319 0.031438055 -0.965433860 0.257785937
1561000527.298029423 -294.073098 134.922099 19.925505 -0.021292594 0.031024135 -0.965571390 0.257402445
1561000527.398228645 -293.308811 135.220256 19.877263 -0.020629758 0.030951940 -0.965546922 0.257556851
1561000527.497802734 -292.531628 135.527890 19.827208 -0.020444171 0.031039499 -0.965517139 0.257672736
1561000527.597693682 -291.743006 135.827317 19.781941 -0.021169142 0.031216481 -0.965478868 0.257736209
1561000527.697875261 -290.939647 136.140606 19.724049 -0.021711236 0.031767303 -0.965443102 0.257757790
1561000527.797972202 -290.140430 136.452683 19.668360 -0.022403636 0.031006403 -0.965471495 0.257684832
1561000527.897967577 -289.347315 136.766128 19.609395 -0.022645451 0.030273452 -0.965442532 0.257859300
1561000527.996791124 -288.533702 137.082166 19.546094 -0.023707614 0.030434155 -0.965387757 0.257949977
1561000528.097444296 -287.720367 137.394548 19.484237 -0.023303381 0.030277297 -0.965402400 0.257950466
1561000528.198279381 -286.890603 137.717038 19.425752 -0.023991633 0.031260348 -0.965353918 0.257951556
1561000528.296730518 -286.075902 138.030892 19.366300 -0.024633504 0.031725815 -0.965438415 0.257517632
1561000528.397976637 -285.247063 138.357146 19.302578 -0.025338458 0.032848228 -0.965500441 0.257075583
1561000528.496695757 -284.421671 138.672846 19.245926 -0.025517425 0.033143117 -0.965492624 0.257049388
1561000528.597892284 -283.582170 138.997687 19.185248 -0.024950953 0.032828444 -0.965599130 0.256745133
1561000528.699212551 -282.734041 139.324504 19.118586 -0.023834374 0.032441388 -0.965656713 0.256683837
1561000528.788869381 -281.929352 139.631185 19.064974 -0.024303626 0.032479624 -0.965632695 0.256725353
1561000528.891527176 -281.039674 139.975738 19.002177 -0.023972584 0.031838881 -0.965611497 0.256916402
1561000528.989218950 -280.192482 140.309970 18.939208 -0.023560073 0.031002098 -0.965645160 0.256930374
1561000529.090054989 -279.319668 140.646055 18.877099 -0.023832165 0.031237568 -0.965572355 0.257150285
1561000529.188817978 -278.462175 140.982213 18.809790 -0.023967681 0.031767120 -0.965577356 0.257054021
1561000529.290014744 -277.584190 141.324071 18.749077 -0.025144854 0.032600944 -0.965407219 0.257475856
1561000529.390196085 -276.698537 141.654751 18.688414 -0.025851905 0.032852996 -0.965351975 0.257580909
1561000529.489218712 -275.824214 141.992917 18.618655 -0.025170441 0.032837384 -0.965329986 0.257732755
1561000529.589970112 -274.948133 142.341652 18.549123 -0.024670126 0.033337835 -0.965250164 0.258015687
1561000529.688941956 -274.080291 142.686419 18.492709 -0.024631350 0.033375407 -0.965054733 0.258744547
1561000529.789987087 -273.193233 143.032163 18.431598 -0.024321771 0.033040630 -0.964956365 0.259183298
1561000529.891023636 -272.317886 143.383054 18.369528 -0.023821076 0.033055201 -0.964597443 0.260560325
1561000529.989235163 -271.456334 143.729356 18.299609 -0.024167258 0.032666087 -0.964460801 0.261082810
1561000530.091095209 -270.574802 144.080594 18.232244 -0.024227411 0.033543013 -0.964195449 0.261944718
1561000530.191265583 -269.689824 144.436564 18.168634 -0.024576424 0.035117428 -0.963890170 0.262827903
1561000530.289126635 -268.820932 144.788505 18.106289 -0.024073981 0.036081499 -0.963694905 0.263459102
1561000530.390940666 -267.929079 145.141203 18.040179 -0.024214659 0.035529925 -0.963408278 0.264567127
1561000530.489158392 -267.068019 145.505168 17.982508 -0.025064721 0.035992125 -0.962996563 0.265920940
1561000530.590880632 -266.173078 145.876435 17.919264 -0.024097817 0.035438274 -0.962627902 0.267415306
1561000530.691036463 -265.286561 146.245198 17.863021 -0.021593026 0.036219817 -0.962217487 0.268996979
1561000530.789175749 -264.417960 146.611693 17.810595 -0.019431044 0.036256196 -0.961848884 0.270471157
1561000530.891134977 -263.542265 146.990551 17.754372 -0.019459580 0.036946955 -0.961426115 0.271875103
1561000530.989231825 -262.662947 147.361905 17.696830 -0.019999888 0.038295671 -0.960911587 0.273463652
1561000531.091100454 -261.766917 147.744793 17.642334 -0.020812185 0.039833681 -0.960429268 0.274874067
1561000531.191185236 -260.890050 148.124367 17.592246 -0.020962008 0.040843217 -0.959962231 0.276342073
1561000531.291087627 -259.999720 148.511835 17.540600 -0.020249990 0.041345660 -0.959359945 0.278404329
1561000531.391087532 -259.121245 148.896385 17.490679 -0.018722156 0.041513168 -0.958790464 0.280440696
1561000531.489417791 -258.238404 149.297530 17.446730 -0.017478108 0.041891359 -0.958239337 0.282341996
1561000531.591141701 -257.343221 149.705892 17.398881 -0.017499507 0.041231139 -0.957637184 0.284472819
1561000531.691914320 -256.461441 150.106638 17.354443 -0.018350473 0.040252881 -0.957025300 0.286610433
1561000531.789296389 -255.600100 150.520048 17.299485 -0.019442025 0.039288280 -0.956326825 0.288993844
1561000531.891096592 -254.715980 150.942904 17.247971 -0.020627641 0.038968166 -0.955765246 0.290807112
1561000531.989277601 -253.838094 151.368188 17.193079 -0.020272834 0.037654229 -0.955186868 0.292897967
1561000532.090771914 -252.953725 151.796727 17.138464 -0.018682784 0.036572932 -0.954702803 0.294713306
1561000532.192172766 -252.078724 152.221461 17.086688 -0.017413038 0.035890679 -0.954262044 0.296298155
1561000532.289639711 -251.214852 152.651371 17.036493 -0.017319878 0.036592089 -0.953737225 0.297903251
1561000532.390635490 -250.330334 153.098792 16.987732 -0.017614155 0.036706711 -0.953097703 0.299911867
1561000532.488828421 -249.461701 153.535506 16.941126 -0.018242961 0.036517701 -0.952516328 0.301738790
1561000532.589179039 -248.574045 153.983813 16.892977 -0.018145298 0.036988293 -0.951969166 0.303409494
1561000532.692357063 -247.684615 154.434490 16.840803 -0.017436587 0.036969939 -0.951336399 0.305431245
1561000532.790901661 -246.826101 154.877727 16.796641 -0.017565537 0.036733096 -0.950662417 0.307543656
1561000532.890988588 -245.953432 155.337970 16.751414 -0.017651900 0.036584287 -0.949975056 0.309673043
1561000532.989258528 -245.088582 155.801032 16.701928 -0.016355231 0.037176085 -0.949128245 0.312259538
1561000533.089458942 -244.213461 156.269233 16.654094 -0.015841388 0.037424257 -0.948478919 0.314223195
1561000533.189775705 -243.331197 156.744095 16.612577 -0.016635597 0.036827415 -0.947666584 0.316693928
1561000533.290858269 -242.453098 157.230657 16.560493 -0.018023622 0.037243128 -0.946824777 0.319078266
1561000533.390959501 -241.585508 157.707716 16.516949 -0.018288828 0.037004990 -0.946042344 0.321403226
1561000533.490810871 -240.731221 158.194285 16.473343 -0.017171405 0.036902938 -0.945186346 0.323984703
1561000533.591008425 -239.863362 158.692264 16.422997 -0.014815689 0.037136938 -0.944193755 0.326954883
1561000533.691063643 -239.011208 159.181568 16.379637 -0.015067704 0.038060940 -0.943137334 0.329873156
1561000533.791073084 -238.154514 159.675799 16.338198 -0.015805106 0.037829863 -0.942089277 0.332846653
1561000533.891024351 -237.285851 160.191399 16.290142 -0.016656812 0.037707178 -0.940918817 0.336113820
1561000533.989145756 -236.442400 160.708193 16.243253 -0.016807157 0.038175215 -0.939888505 0.338924432
1561000534.091341734 -235.576951 161.243286 16.197519 -0.014676008 0.038868336 -0.938959764 0.341509045
1561000534.191570759 -234.731343 161.757947 16.154808 -0.013317763 0.039829920 -0.937718156 0.344849060
1561000534.289080143 -233.897158 162.283659 16.125390 -0.013152431 0.039933596 -0.936787530 0.347363563
1561000534.391014338 -233.041576 162.829307 16.091826 -0.012799729 0.039613984 -0.935753085 0.350190037
1561000534.489366055 -232.204091 163.373035 16.059145 -0.013845291 0.038582291 -0.934667803 0.353151260
1561000534.589595079 -231.352925 163.929110 16.019540 -0.014501322 0.038260856 -0.933617332 0.355927657
1561000534.691000938 -230.504158 164.491070 15.980676 -0.014452280 0.038418638 -0.932564384 0.358662530
1561000534.791192770 -229.672087 165.047849 15.946174 -0.013320597 0.037733266 -0.931562591 0.361372247
1561000534.890862465 -228.835887 165.614911 15.911492 -0.012084144 0.037168702 -0.930584028 0.363986026
1561000534.988811255 -228.009029 166.184923 15.877610 -0.011333016 0.037003506 -0.929517770 0.366741078
1561000535.090504169 -227.171896 166.771021 15.839721 -0.012054713 0.037370244 -0.928640197 0.368897727
1561000535.190751076 -226.339196 167.354496 15.804856 -0.013258338 0.037181502 -0.927692564 0.371252285
1561000535.290790558 -225.509099 167.946307 15.764719 -0.013699904 0.037556901 -0.926842703 0.373315411
1561000535.390963078 -224.673609 168.538456 15.725521 -0.014020886 0.039634551 -0.925841921 0.375565246
1561000535.489432335 -223.841863 169.128998 15.693341 -0.013689267 0.041272558 -0.925016175 0.377431127
1561000535.591537714 -222.996524 169.734669 15.653512 -0.011874090 0.041991375 -0.924157657 0.379510680
1561000535.691491365 -222.181781 170.328836 15.623569 -0.010804730 0.043552728 -0.923175685 0.381750013
1561000535.791290998 -221.355538 170.934089 15.594721 -0.010228396 0.044866015 -0.922307965 0.383706187
1561000535.891051292 -220.544234 171.533925 15.576558 -0.011172020 0.045526855 -0.921383771 0.385816585
1561000535.988985300 -219.740315 172.135558 15.552726 -0.012322203 0.045384768 -0.920316408 0.388337605
1561000536.090637445 -218.914522 172.766942 15.524558 -0.012847540 0.045178248 -0.919524203 0.390216744
1561000536.191461325 -218.118879 173.373759 15.496860 -0.012263346 0.045091557 -0.918681822 0.392224518
1561000536.291564226 -217.320802 173.990120 15.473179 -0.010706891 0.045402774 -0.917851992 0.394172135
1561000536.390832663 -216.541280 174.603269 15.453071 -0.009315317 0.045118324 -0.916840643 0.396586432
1561000536.491059303 -215.747403 175.235287 15.434381 -0.009260603 0.045399488 -0.915929688 0.398655157
1561000536.589661837 -214.954076 175.865087 15.418794 -0.009343007 0.044822614 -0.914958595 0.400941905
1561000536.691823959 -214.156203 176.504017 15.400077 -0.009202344 0.043317844 -0.914108622 0.403043805
1561000536.791499615 -213.380756 177.144261 15.376871 -0.008727632 0.043135947 -0.912884853 0.405837854
1561000536.891531229 -212.612497 177.779936 15.361335 -0.009361517 0.041731494 -0.911702439 0.408619024
1561000536.991193771 -211.844803 178.424596 15.341204 -0.009403788 0.040270719 -0.910573534 0.411273240
1561000537.091233730 -211.093182 179.067975 15.318877 -0.009943789 0.038778726 -0.909382200 0.414030609
1561000537.191085577 -210.345227 179.716233 15.292661 -0.009596710 0.037652361 -0.908127724 0.416886362
1561000537.291238785 -209.604520 180.369255 15.271083 -0.009585306 0.037563652 -0.906855987 0.419653801
1561000537.391211987 -208.848934 181.030589 15.242412 -0.009122003 0.036439783 -0.905851472 0.421926583
1561000537.489401817 -208.109895 181.691178 15.219768 -0.007966045 0.036637218 -0.904572854 0.424667174
1561000537.591160297 -207.351796 182.361749 15.197719 -0.007828218 0.036593989 -0.903591626 0.426757276
1561000537.690526485 -206.605846 183.033005 15.181702 -0.008500827 0.036906239 -0.902464560 0.429096007
1561000537.789438248 -205.878677 183.695551 15.159710 -0.008411592 0.036432107 -0.901285195 0.431609713
1561000537.891235113 -205.150510 184.369131 15.138078 -0.008027943 0.036538032 -0.900219081 0.433827305
1561000537.989338636 -204.445368 185.029855 15.124575 -0.007171679 0.036970809 -0.898917403 0.436496539
1561000538.090492725 -203.729693 185.709929 15.113533 -0.006035906 0.037197751 -0.897914919 0.438552953
1561000538.190147161 -203.007967 186.379659 15.097719 -0.005069326 0.036667634 -0.897369210 0.439725242
1561000538.292117596 -202.289152 187.073557 15.082852 -0.004899286 0.037113297 -0.896369244 0.441724777
1561000538.392271042 -201.583701 187.763455 15.068286 -0.005526307 0.037041188 -0.895501097 0.443480772
1561000538.489522934 -200.879106 188.442295 15.046932 -0.006065081 0.036454435 -0.894607072 0.445322889
1561000538.591930866 -200.144654 189.150330 15.027034 -0.007328460 0.037282605 -0.893992701 0.446467637
1561000538.690420628 -199.436212 189.838232 15.013123 -0.008315442 0.037025839 -0.893074473 0.448305617
1561000538.789849520 -198.728079 190.543773 14.989713 -0.008531810 0.036433406 -0.891888466 0.450704758
1561000538.890926123 -198.026850 191.241971 14.962095 -0.009293897 0.035508561 -0.891141475 0.452238473
1561000538.989030600 -197.336641 191.942821 14.931453 -0.008817485 0.036660837 -0.890079222 0.454243562
1561000539.090915918 -196.632768 192.654220 14.906312 -0.008557838 0.038633548 -0.889118794 0.455962698
1561000539.189598799 -195.952602 193.349980 14.884396 -0.009948563 0.040377984 -0.888061099 0.457840725
1561000539.290949345 -195.267262 194.059670 14.863302 -0.011605859 0.042497627 -0.886877851 0.459898829
1561000539.391158104 -194.567591 194.766391 14.844259 -0.011988980 0.044918216 -0.885931972 0.461479315
1561000539.489357710 -193.887124 195.470744 14.837042 -0.011275960 0.046047388 -0.884721050 0.463703736
1561000539.591303587 -193.211401 196.190930 14.836200 -0.008606868 0.044439794 -0.883556870 0.466131188
1561000539.689919233 -192.575033 196.904787 14.826108 -0.006151704 0.042697803 -0.882329870 0.468650248
1561000539.789888620 -191.926877 197.625528 14.813234 -0.005483996 0.042694113 -0.880630087 0.471845090
1561000539.891501904 -191.277742 198.345362 14.797059 -0.006941467 0.041720855 -0.879438434 0.474129968
1561000539.991263151 -190.648855 199.058092 14.790672 -0.008268578 0.041250801 -0.877968477 0.476866183
1561000540.091224670 -190.038361 199.766642 14.778878 -0.007780901 0.040100930 -0.876151980 0.480301031
1561000540.189301252 -189.441022 200.459363 14.775870 -0.006681861 0.039704028 -0.874711840 0.482968053
1561000540.290967464 -188.845218 201.155605 14.771032 -0.004355333 0.039876879 -0.873086834 0.485911767
1561000540.390894651 -188.274211 201.850872 14.768870 -0.003764190 0.039171761 -0.871726479 0.488410022
1561000540.488974094 -187.709413 202.523973 14.757445 -0.003568185 0.038829737 -0.870150845 0.491240294
1561000540.590953350 -187.149235 203.211052 14.758118 -0.004614495 0.038380554 -0.868940815 0.493403992
1561000540.689602613 -186.591015 203.886228 14.750397 -0.006063441 0.036687891 -0.868010068 0.495152255
1561000540.791322231 -186.042942 204.561439 14.737797 -0.006886431 0.037041023 -0.866826732 0.497184026
1561000540.891599417 -185.519801 205.219310 14.729426 -0.007930661 0.037433623 -0.865823557 0.498884151
1561000540.993315697 -184.985270 205.879744 14.723414 -0.008275885 0.037752071 -0.865237499 0.499870344
1561000541.091596365 -184.479486 206.521135 14.719178 -0.008047108 0.038270498 -0.864037988 0.501905337
1561000541.189507008 -183.980328 207.140474 14.709932 -0.008451830 0.038380691 -0.863113927 0.503477744
1561000541.291343689 -183.476893 207.779506 14.708075 -0.009727615 0.038216081 -0.862514475 0.504493494
1561000541.391256571 -182.998122 208.383300 14.700040 -0.009459050 0.038315464 -0.861614498 0.506026588
1561000541.490763664 -182.536542 208.970936 14.692419 -0.008714027 0.038307616 -0.860856195 0.507329482
1561000541.589960814 -182.080228 209.551922 14.687270 -0.006677856 0.039159729 -0.860470777 0.507948781
1561000541.689352512 -181.631053 210.122064 14.676097 -0.004413247 0.042308898 -0.859706671 0.509013674
1561000541.790982485 -181.176159 210.723830 14.677336 -0.004039220 0.042291823 -0.859280953 0.509736529
1561000541.891381025 -180.717191 211.304629 14.695750 -0.001820547 0.037782929 -0.858719998 0.511047064
1561000541.991471052 -180.276201 211.891719 14.704644 0.005018080 0.036865089 -0.857976114 0.512340483
1561000542.091524839 -179.844354 212.480335 14.715890 0.011712487 0.039943957 -0.856620268 0.514265510
1561000542.189532757 -179.430256 213.057992 14.719310 0.013605294 0.043312656 -0.855380687 0.516006580
1561000542.291278839 -178.999268 213.639328 14.732143 0.007046103 0.040168392 -0.854029052 0.518624364
1561000542.391326427 -178.581715 214.274558 14.726825 0.003439754 0.041249825 -0.852033113 0.521848824
1561000542.489293098 -178.179069 214.892059 14.689235 -0.008012557 0.036130148 -0.850235287 0.525100341
1561000542.591140032 -177.714312 215.521799 14.624497 -0.020163006 0.032628976 -0.849604828 0.526023231
1561000542.689396858 -177.255632 216.106898 14.586410 -0.025734692 0.030379119 -0.850426243 0.524585589
1561000542.792573690 -176.785838 216.702614 14.560332 -0.016332866 0.034221196 -0.850610227 0.524427678
1561000542.892575979 -176.384991 217.260361 14.546193 -0.007779809 0.039519462 -0.849111588 0.526675610
1561000542.992678642 -175.951445 217.871867 14.556457 0.001760421 0.046118384 -0.846887603 0.529765405
1561000543.092681885 -175.514690 218.498704 14.581058 0.000409344 0.045939365 -0.844942567 0.532880348
1561000543.193380594 -175.055252 219.160111 14.583751 -0.004110127 0.044532155 -0.843524521 0.535225538
1561000543.293582916 -174.622624 219.818953 14.575096 -0.009102664 0.042752579 -0.841890802 0.537874741
1561000543.393408775 -174.195317 220.477540 14.561055 -0.009362396 0.044145385 -0.840387857 0.540103491
1561000543.492574692 -173.773649 221.130529 14.549990 -0.005879701 0.045785089 -0.838356150 0.543164911
1561000543.592602015 -173.350250 221.808250 14.547206 -0.004578171 0.046250733 -0.836521977 0.545958691
1561000543.691095114 -172.914508 222.483380 14.549324 -0.004465562 0.045992550 -0.834891598 0.548471297
1561000543.792948484 -172.486865 223.161047 14.563687 -0.002275554 0.044996926 -0.833216222 0.551108724
1561000543.891624212 -172.067411 223.835445 14.576595 0.001176078 0.043804819 -0.832413195 0.552420155
1561000543.992851019 -171.642760 224.540400 14.579349 0.005046962 0.042880742 -0.831757317 0.553457799
1561000544.092876196 -171.234481 225.227331 14.595439 0.006272217 0.042926965 -0.830468462 0.555373810
1561000544.192665577 -170.817118 225.938613 14.615841 0.005734125 0.039832186 -0.830157423 0.556074788
1561000544.292612791 -170.403472 226.656185 14.628200 0.004232670 0.037437295 -0.829288831 0.557548714
1561000544.392565727 -169.988989 227.382836 14.637313 0.003354396 0.035219042 -0.828690531 0.558587837
1561000544.492531061 -169.555809 228.109509 14.631425 0.002858286 0.034457488 -0.827822352 0.559923802
1561000544.592533827 -169.120909 228.837245 14.635893 0.003247908 0.034912997 -0.827504676 0.560362870
1561000544.691058874 -168.697585 229.554626 14.628554 0.004435963 0.036100479 -0.827065218 0.560927984
1561000544.791332722 -168.245293 230.290424 14.640076 0.004580448 0.037714165 -0.826447659 0.561730298
1561000544.891206264 -167.804739 231.020195 14.657359 0.004813008 0.037019427 -0.825627987 0.562978529
1561000544.991619825 -167.363582 231.769795 14.665576 0.005599717 0.036556622 -0.825014134 0.563900643
1561000545.092017889 -166.937673 232.518075 14.679375 0.004270244 0.037067595 -0.824812389 0.564173981
1561000545.191143274 -166.502116 233.264425 14.681911 0.002899400 0.037048550 -0.824823739 0.564167349
1561000545.293280602 -166.060927 234.031288 14.688546 0.000733322 0.036147705 -0.824812844 0.564248685
1561000545.391103029 -165.618667 234.775658 14.683379 -0.000231640 0.036630015 -0.824268474 0.565012983
1561000545.493682623 -165.160455 235.551051 14.681839 -0.000983635 0.038341381 -0.824295828 0.564858708
1561000545.593706608 -164.714239 236.314310 14.688485 -0.001069554 0.038843902 -0.824171527 0.565005576
1561000545.691145897 -164.265483 237.067122 14.696547 -0.000269744 0.039106185 -0.824068968 0.565138009
1561000545.793059587 -163.815347 237.850972 14.706792 0.000271099 0.039057363 -0.823358381 0.566176143
1561000545.892434597 -163.366832 238.650571 14.712250 -0.000397828 0.037727649 -0.823537983 0.566004997
1561000545.992504597 -162.917695 239.441702 14.716313 -0.001653993 0.035844447 -0.822768899 0.567242258
1561000546.093986988 -162.461268 240.237233 14.726724 -0.002973649 0.035436068 -0.821965287 0.568426344
1561000546.192507982 -162.017409 241.039322 14.725580 -0.001389524 0.034749259 -0.821560112 0.569060226
1561000546.292544127 -161.556775 241.848928 14.726935 0.000610639 0.034845413 -0.821157713 0.569636231
1561000546.391776323 -161.111876 242.658622 14.715514 0.000958952 0.035500574 -0.820199200 0.570974659
1561000546.492941141 -160.649856 243.480716 14.706641 0.000103292 0.034835214 -0.819854828 0.571510769
1561000546.593087912 -160.184525 244.299718 14.698575 -0.001545584 0.035580189 -0.819086208 0.572563922
1561000546.691426754 -159.731770 245.131482 14.699042 -0.002366299 0.035592468 -0.818497805 0.573401186
1561000546.792891979 -159.256382 245.976383 14.703675 -0.003058176 0.037612241 -0.818269451 0.573594867
1561000546.890928745 -158.785668 246.800664 14.710961 -0.001856457 0.039618542 -0.817676141 0.574310590
1561000546.993952751 -158.314943 247.657050 14.715102 -0.000037723 0.041994333 -0.817219246 0.574794901
1561000547.094208479 -157.844257 248.513061 14.713985 0.000805907 0.043745923 -0.816853130 0.575183978
1561000547.192385912 -157.376014 249.341333 14.715448 -0.000632268 0.044609929 -0.815516836 0.577011131
1561000547.294580460 -156.905001 250.212220 14.728127 -0.003266191 0.045975780 -0.814683265 0.578071568
1561000547.392252684 -156.446623 251.068029 14.742241 -0.004210953 0.045742182 -0.813172888 0.580206666
1561000547.493797541 -155.970577 251.957645 14.757658 -0.002932167 0.046410365 -0.811912287 0.581924324
1561000547.597008467 -155.492925 252.846649 14.774466 -0.001710789 0.047252939 -0.810392039 0.583976862
1561000547.695729017 -155.044649 253.711242 14.788697 -0.001508205 0.047141916 -0.808480319 0.586630156
1561000547.797153473 -154.584343 254.614223 14.799251 -0.002441957 0.046325106 -0.806608033 0.589263525
1561000547.895740747 -154.130836 255.525712 14.802180 -0.003670939 0.044219407 -0.804925197 0.591714961
1561000547.996977329 -153.684129 256.452539 14.808763 -0.004193502 0.042818287 -0.803132597 0.594244933
1561000548.096854687 -153.238790 257.376533 14.812814 -0.002063581 0.041443505 -0.801163888 0.597004691
1561000548.195357800 -152.822551 258.303415 14.833208 0.000529681 0.039299620 -0.799406077 0.599504114
1561000548.296699762 -152.410918 259.251940 14.863516 0.003621311 0.038138095 -0.797472391 0.602137989
1561000548.395435810 -152.013483 260.176279 14.887854 0.006418056 0.037509665 -0.795566183 0.604670391
1561000548.496557474 -151.587291 261.135169 14.894984 0.008747270 0.036129418 -0.793847363 0.606979831
1561000548.596608400 -151.158086 262.083326 14.912502 0.009256477 0.035762979 -0.791743962 0.609735045
1561000548.695360184 -150.753807 263.036167 14.927814 0.008361577 0.035495760 -0.789776698 0.612309483
1561000548.796924591 -150.336564 264.020701 14.948902 0.007309226 0.036328437 -0.788006113 0.614551207
1561000548.895633221 -149.917988 264.982915 14.970741 0.006422379 0.036419245 -0.786090335 0.617004357
1561000548.996606350 -149.522354 265.964838 14.998884 0.005772907 0.036714165 -0.784451587 0.619075481
1561000549.096795321 -149.102907 266.952689 15.014925 0.006625666 0.036867450 -0.782210486 0.621887166
1561000549.195947409 -148.711842 267.954112 15.037223 0.006259739 0.037072047 -0.780877572 0.623551679
1561000549.296628714 -148.310578 268.944831 15.047756 0.005274765 0.037709676 -0.778437395 0.626566340
1561000549.395450354 -147.918851 269.932015 15.054092 0.003957740 0.038235185 -0.776508141 0.628933633
1561000549.495580912 -147.523789 270.946944 15.068221 0.001536526 0.040425571 -0.774846260 0.630853933
1561000549.597306252 -147.131283 271.975229 15.088731 0.000272980 0.042927151 -0.772863279 0.633118897
1561000549.695505857 -146.753510 272.986662 15.120623 -0.000149556 0.044276894 -0.770860817 0.635462930
1561000549.796905994 -146.378460 274.011420 15.136794 -0.000332686 0.045122516 -0.769732556 0.636769691
1561000549.895715952 -146.016668 275.041180 15.178509 -0.000263301 0.045150326 -0.767968446 0.638894236
1561000549.997318029 -145.654547 276.075499 15.217645 0.003581175 0.042724055 -0.766637065 0.640647672
1561000550.097015619 -145.311858 277.098222 15.253966 0.007264676 0.041180519 -0.764951010 0.642729603
1561000550.196200848 -144.981711 278.112394 15.282341 0.008889053 0.039438174 -0.763830901 0.644149028
1561000550.296714306 -144.647506 279.140578 15.308356 0.009296923 0.038847453 -0.762445632 0.645818164
1561000550.395317793 -144.313585 280.168523 15.336959 0.009700284 0.037830922 -0.760960344 0.647621865
1561000550.496471643 -143.987641 281.197570 15.364465 0.010374464 0.039255454 -0.759349244 0.649415203
1561000550.596274137 -143.657959 282.221152 15.394671 0.011352620 0.041574455 -0.757556462 0.651345446
1561000550.694962025 -143.322444 283.223139 15.430779 0.010849326 0.044428138 -0.755580188 0.653457736
1561000550.796441078 -142.982707 284.256718 15.482028 0.008965224 0.045096637 -0.753188497 0.656195859
1561000550.895499229 -142.677554 285.289888 15.500985 0.006368532 0.044073813 -0.751811657 0.657872460
1561000550.996882677 -142.357352 286.330124 15.544543 0.003932854 0.044094594 -0.749689735 0.660307126
1561000551.095689535 -142.073398 287.354216 15.588310 0.006014765 0.042654314 -0.748150280 0.662129587
1561000551.196423292 -141.796751 288.383070 15.627078 0.008397391 0.042110870 -0.746688978 0.663785906
1561000551.296757936 -141.509800 289.417181 15.660071 0.009380454 0.041953698 -0.744882100 0.665809696
1561000551.395389080 -141.238157 290.435949 15.690142 0.007902685 0.040251581 -0.743140717 0.667876659
1561000551.497058153 -140.963989 291.487042 15.710624 0.005573079 0.038465401 -0.741305357 0.670041582
1561000551.596681118 -140.693041 292.529529 15.738997 0.005155416 0.037347319 -0.739283003 0.672338635
1561000551.695504189 -140.422509 293.569505 15.771119 0.008398352 0.039358333 -0.737084671 0.674601050
1561000551.796887159 -140.159313 294.621396 15.814910 0.014155044 0.044088589 -0.735418635 0.676029040
1561000551.896528482 -139.906081 295.641747 15.870905 0.016279151 0.046962577 -0.733046519 0.678360013
1561000551.996922016 -139.651283 296.671859 15.915955 0.015435284 0.046879850 -0.731109427 0.680472658
1561000552.096800804 -139.420958 297.713006 15.965119 0.012220517 0.045849973 -0.729549723 0.682279737
1561000552.195415497 -139.177564 298.767335 16.012621 0.011311960 0.044903457 -0.727275578 0.684781682
1561000552.296799898 -138.945958 299.837522 16.053503 0.011349305 0.046043016 -0.725254221 0.686846088
1561000552.396836758 -138.721587 300.884211 16.097699 0.011512169 0.048184660 -0.722900833 0.689173487
1561000552.495916128 -138.501809 301.937088 16.152628 0.012309884 0.049952359 -0.720652436 0.691385056
1561000552.595663548 -138.281040 302.996413 16.209190 0.013053204 0.051922526 -0.718002768 0.693978163
1561000552.697080612 -138.075167 304.066123 16.275094 0.013540885 0.051729744 -0.715657868 0.696401101
1561000552.797114372 -137.879493 305.123376 16.332064 0.013378423 0.051423824 -0.713034789 0.699112293
1561000552.895707369 -137.695937 306.181413 16.387719 0.013172877 0.049763288 -0.710684117 0.701625382
1561000552.998378754 -137.513146 307.263042 16.442834 0.011889852 0.049536148 -0.708342070 0.704028631
1561000553.090428352 -137.348974 308.296124 16.495501 0.012048314 0.050485271 -0.705738738 0.706568404
1561000553.190082788 -137.173654 309.379826 16.555886 0.014639887 0.050811701 -0.703378814 0.708845603
1561000553.289964199 -137.018840 310.467189 16.616017 0.017002768 0.052145424 -0.700911311 0.711136481
1561000553.389907122 -136.858703 311.535133 16.678201 0.016729129 0.052398130 -0.698152527 0.713833048
1561000553.489955425 -136.699823 312.615400 16.718508 0.014070698 0.053387337 -0.695591293 0.716313172
1561000553.589988947 -136.543317 313.697189 16.794328 0.010252691 0.052819055 -0.692607036 0.719305584
1561000553.689998627 -136.426407 314.789078 16.866436 0.010121068 0.049149613 -0.689927097 0.722137439
1561000553.790118933 -136.323572 315.897092 16.918546 0.012440725 0.048303648 -0.686946693 0.724993949
1561000553.890424252 -136.218623 316.984065 16.966702 0.014681805 0.049702646 -0.684102975 0.727541896
1561000553.990161896 -136.115574 318.076412 17.023024 0.016062339 0.051296747 -0.681222283 0.730100573
1561000554.090125322 -136.022358 319.174714 17.100198 0.016668551 0.050558940 -0.677858304 0.733262622
1561000554.190425873 -135.948377 320.271865 17.167790 0.018489435 0.049768869 -0.674691805 0.736187591
1561000554.290438652 -135.879435 321.388672 17.227267 0.019108215 0.050351835 -0.671254671 0.739267702
1561000554.389962435 -135.810871 322.501004 17.300619 0.017584155 0.048661636 -0.667601033 0.742719128
1561000554.490274668 -135.752868 323.625018 17.371873 0.016100567 0.044798003 -0.664031852 0.746187383
1561000554.590097189 -135.715310 324.759823 17.421297 0.015431842 0.043583229 -0.660618539 0.749296674
1561000554.690302134 -135.685952 325.891077 17.466853 0.015069367 0.044388198 -0.657500870 0.751994154
1561000554.790269613 -135.666807 327.028169 17.517669 0.014877707 0.047439420 -0.654320350 0.754581364
1561000554.889093876 -135.647555 328.154599 17.574702 0.014530904 0.049166804 -0.651145969 0.757218863
1561000554.989796638 -135.635881 329.285756 17.652386 0.014237269 0.050214687 -0.647562313 0.760222886
1561000555.090140820 -135.634554 330.418779 17.738235 0.018167549 0.049916464 -0.644548994 0.762715466
1561000555.190901995 -135.659784 331.543040 17.835897 0.023030095 0.050552892 -0.641903730 0.764770306
1561000555.290040016 -135.682849 332.655496 17.909412 0.028544133 0.052159501 -0.639394114 0.766576666
1561000555.389281034 -135.706791 333.798824 17.995497 0.027674182 0.052857915 -0.636448759 0.769007905
1561000555.490064383 -135.730445 334.948934 18.072793 0.025280678 0.052697932 -0.633905790 0.771198590
1561000555.589677572 -135.763860 336.108269 18.146906 0.021987632 0.049895917 -0.630816389 0.774013970
1561000555.689058542 -135.811170 337.276506 18.219893 0.020005680 0.047547614 -0.628186621 0.776350801
1561000555.789971113 -135.872898 338.442110 18.296696 0.018193008 0.047741511 -0.625508505 0.778542788
1561000555.888713598 -135.946390 339.599047 18.368169 0.020446504 0.046028823 -0.623082520 0.780532806
1561000555.989993334 -136.031031 340.769743 18.444708 0.024220236 0.045844925 -0.620406747 0.782564433
1561000556.089356422 -136.114628 341.927724 18.522960 0.027014909 0.045597778 -0.618284326 0.784165499
1561000556.189784288 -136.209713 343.100144 18.605338 0.028339225 0.044624773 -0.616838117 0.785312839
1561000556.289881468 -136.299966 344.265948 18.688510 0.028098507 0.042233726 -0.615077045 0.786833537
1561000556.390138388 -136.401728 345.434676 18.757686 0.027621415 0.041897516 -0.613919463 0.787771888
1561000556.489909887 -136.502869 346.595066 18.834260 0.027018608 0.041236411 -0.613016560 0.788530437
1561000556.589202881 -136.601225 347.757774 18.912988 0.027399386 0.040879947 -0.612170026 0.789193236
1561000556.689069748 -136.700029 348.927925 18.989335 0.028901832 0.041151947 -0.611938892 0.789304754
1561000556.790139437 -136.799914 350.068253 19.066753 0.028597452 0.041600265 -0.611717169 0.789464191
1561000556.889173508 -136.902685 351.196554 19.141137 0.028093602 0.042289229 -0.612168196 0.789095983
1561000556.990822792 -136.996996 352.336375 19.231477 0.027195324 0.040834098 -0.612379191 0.789040378
1561000557.089528561 -137.093932 353.474780 19.305783 0.026909162 0.041129783 -0.612299502 0.789096672
1561000557.190953970 -137.193740 354.653190 19.386377 0.027025475 0.042008792 -0.612462578 0.788919816
1561000557.290936708 -137.293955 355.790852 19.459805 0.028165889 0.044139691 -0.612432417 0.788786983
1561000557.389054775 -137.379828 356.934395 19.555917 0.028308475 0.047261026 -0.613181933 0.788018365
1561000557.490881205 -137.470485 358.099797 19.653418 0.030168322 0.049584647 -0.613968239 0.787193900
1561000557.589173794 -137.557255 359.231997 19.732862 0.031911389 0.049892004 -0.614007699 0.787074962
1561000557.690945148 -137.644694 360.389011 19.827979 0.029766299 0.047811475 -0.614609857 0.786818120
1561000557.790779114 -137.733955 361.516124 19.918984 0.026667966 0.044926515 -0.615514213 0.786392193
1561000557.889040232 -137.816322 362.622540 20.005521 0.024804892 0.041291656 -0.617177075 0.785348441
1561000557.991403103 -137.893602 363.747235 20.077154 0.024974421 0.039895869 -0.618934780 0.784030826
1561000558.089582205 -137.965851 364.821226 20.155602 0.026274208 0.039997834 -0.621156189 0.782224282
1561000558.189455509 -138.027891 365.902183 20.237255 0.028930836 0.039706004 -0.624065167 0.779826332
1561000558.292101622 -138.080238 366.973607 20.321961 0.032140997 0.040390380 -0.627147430 0.777188313
1561000558.389118195 -138.128622 367.976950 20.407772 0.035519366 0.041415510 -0.630418284 0.774335791
1561000558.490890741 -138.160667 368.980848 20.495603 0.037308017 0.041541558 -0.633652160 0.771600512
1561000558.589215040 -138.185315 369.971278 20.576351 0.037380359 0.040486223 -0.637723900 0.768291482
1561000558.690545797 -138.203007 370.982305 20.652520 0.034900728 0.040601494 -0.641584818 0.765181272
1561000558.790532112 -138.188727 371.965259 20.729059 0.031979661 0.039520467 -0.645453407 0.762105854
1561000558.888877153 -138.166932 372.949817 20.805644 0.029466183 0.038603517 -0.649536733 0.758777665
1561000558.990609407 -138.137311 373.940581 20.878774 0.027920611 0.037649801 -0.653787243 0.755225246
1561000559.090611458 -138.095029 374.899803 20.932483 0.026651438 0.036765124 -0.657590993 0.752005394
1561000559.193162918 -138.046607 375.858041 20.985517 0.025376907 0.038248941 -0.661445982 0.748586832
1561000559.293149233 -137.981924 376.790003 21.053007 0.026281465 0.040607173 -0.665727285 0.744625761
1561000559.392329216 -137.904860 377.691924 21.122117 0.028596800 0.042709795 -0.670098584 0.740490367
1561000559.492697239 -137.829329 378.593262 21.193384 0.029300202 0.043432077 -0.674118195 0.736763064
1561000559.590387344 -137.743830 379.470479 21.263736 0.027989304 0.042179452 -0.678496437 0.732857474
1561000559.692023277 -137.647756 380.370171 21.329872 0.026003161 0.040400169 -0.683391029 0.728469879
1561000559.792010307 -137.533887 381.237080 21.383080 0.024306874 0.040386153 -0.687889920 0.724282812
1561000559.892090797 -137.409708 382.092929 21.440491 0.024898235 0.041758458 -0.693134679 0.719166619
1561000559.992027044 -137.270271 382.946979 21.499923 0.025057493 0.044680399 -0.698524276 0.713750390
1561000560.090474129 -137.113417 383.794353 21.559379 0.024347179 0.045343429 -0.704682404 0.707653798
1561000560.190762997 -136.951283 384.628057 21.616719 0.022403656 0.045707914 -0.710067509 0.702291247
1561000560.291784525 -136.775224 385.456808 21.668777 0.019406096 0.045375831 -0.715411889 0.696957866
1561000560.390814066 -136.569180 386.263106 21.717770 0.017666782 0.045688289 -0.721042757 0.691156862
1561000560.492083073 -136.369814 387.070561 21.767439 0.017378473 0.045801131 -0.726398734 0.685525437
1561000560.590675592 -136.154857 387.859531 21.817069 0.017774396 0.045776422 -0.732725416 0.678750362
1561000560.691034317 -135.931449 388.646951 21.867111 0.018991458 0.045520713 -0.739125852 0.671759007
1561000560.792479277 -135.686488 389.437558 21.915499 0.020192527 0.046285172 -0.745946101 0.664089119
1561000560.890805721 -135.429974 390.198778 21.965701 0.022018148 0.045904914 -0.753559462 0.655405277
1561000560.992543936 -135.149689 390.953146 22.018358 0.022910993 0.045120659 -0.760767523 0.647048676
1561000561.090744734 -134.862952 391.701286 22.056193 0.021100902 0.043668230 -0.768457973 0.638059700
1561000561.192399979 -134.550551 392.448443 22.083816 0.016453082 0.044185256 -0.775995909 0.628973218
1561000561.292287111 -134.218167 393.186965 22.131785 0.016379704 0.044944950 -0.783712573 0.619278822
1561000561.392443180 -133.875010 393.903342 22.185355 0.020561946 0.044443574 -0.792693240 0.607650724
1561000561.492274284 -133.506420 394.603687 22.219889 0.024674053 0.044638496 -0.800423192 0.597261508
1561000561.590674162 -133.131799 395.286143 22.249933 0.022519507 0.045672111 -0.807538843 0.587612073
1561000561.692195177 -132.728030 395.961911 22.285162 0.016344319 0.045090342 -0.814038039 0.578827950
1561000561.790434837 -132.312458 396.632620 22.315589 0.010782746 0.043558471 -0.820613655 0.569718896
1561000561.892125607 -131.867872 397.309211 22.336458 0.008221891 0.043155707 -0.827036221 0.560429366
1561000561.992264986 -131.401905 397.973181 22.355978 0.008087929 0.044041362 -0.832423363 0.552328063
1561000562.091626883 -130.935131 398.606403 22.381962 0.008740834 0.045499275 -0.838528476 0.542884342
1561000562.192142725 -130.466673 399.219088 22.411675 0.010777316 0.046292725 -0.843817613 0.534520972
1561000562.292351484 -129.980856 399.826045 22.444513 0.012601291 0.046044704 -0.848899530 0.526394035
1561000562.390352726 -129.504718 400.398372 22.474094 0.014817721 0.044095327 -0.855105733 0.516362491
1561000562.492361307 -129.015689 400.974684 22.496697 0.015747694 0.042930822 -0.860923851 0.506674528
1561000562.590413570 -128.542554 401.502471 22.517420 0.013825969 0.043464088 -0.866551584 0.496999062
1561000562.690644979 -128.042403 402.027700 22.538046 0.012338107 0.043805067 -0.872813059 0.485928237
1561000562.790390253 -127.534040 402.522948 22.561819 0.011724982 0.044157348 -0.879075904 0.474487311
1561000562.890161991 -127.030065 403.013856 22.600478 0.012611372 0.041148657 -0.885071075 0.463461901
1561000562.992275953 -126.492414 403.499545 22.620059 0.016951328 0.040265551 -0.890829820 0.452231766
1561000563.090291262 -125.973442 403.946027 22.637948 0.022274088 0.043552169 -0.896140399 0.441066276
1561000563.193505526 -125.412941 404.370247 22.644186 0.023664761 0.048481157 -0.901145139 0.430147643
1561000563.291882515 -124.872619 404.757707 22.657563 0.017736948 0.049026130 -0.906398267 0.419194492
1561000563.393382311 -124.306534 405.163424 22.654297 0.006761580 0.044032860 -0.911483211 0.408917773
1561000563.493337154 -123.717279 405.587767 22.635548 -0.003902601 0.037373110 -0.915787338 0.399901953
1561000563.591739655 -123.098445 406.010591 22.631908 -0.008224471 0.034996753 -0.920323501 0.389502552
1561000563.693393469 -122.468844 406.404080 22.640449 0.000162902 0.036906725 -0.925165626 0.377765048
1561000563.792552471 -121.880029 406.755502 22.667506 0.010425927 0.039472641 -0.929954591 0.365400696
1561000563.893381596 -121.276675 407.092863 22.674336 0.020051368 0.040417816 -0.934518879 0.353042218
1561000563.993449450 -120.660160 407.412113 22.675082 0.018585923 0.040600268 -0.938382110 0.342702784
1561000564.093891382 -120.021401 407.728109 22.679872 0.010767066 0.040725872 -0.942281167 0.332162123
1561000564.194026947 -119.365888 408.036528 22.688792 0.004118818 0.038940032 -0.946247316 0.321064987
1561000564.292422771 -118.689633 408.338629 22.677611 0.004656305 0.036982620 -0.950097835 0.309717143
1561000564.394114017 -118.001419 408.627047 22.670451 0.006228811 0.034809131 -0.953990636 0.297743838
1561000564.494007111 -117.316219 408.900460 22.660660 0.008242453 0.034622501 -0.957662009 0.285686578
1561000564.592149019 -116.620680 409.157390 22.646964 0.008143275 0.035277210 -0.961167661 0.273579848
1561000564.694159269 -115.901069 409.384827 22.635495 0.006515553 0.035040313 -0.964220580 0.262694493
1561000564.792395115 -115.182491 409.590398 22.626979 0.004361667 0.035993098 -0.967267745 0.251154498
1561000564.891851902 -114.454615 409.791634 22.612453 0.003229176 0.036733305 -0.969952825 0.240482338
1561000564.993532896 -113.712913 409.984674 22.593404 0.003752950 0.035854039 -0.972470727 0.230219652
1561000565.092401743 -112.970367 410.164620 22.577871 0.002839554 0.035225558 -0.974865977 0.219971417
1561000565.194161415 -112.206740 410.318676 22.554811 0.002426336 0.035788015 -0.976917208 0.210585135
1561000565.293552399 -111.441928 410.458578 22.530583 0.002018716 0.035998310 -0.978628712 0.202449723
1561000565.394818306 -110.655620 410.605826 22.508162 0.000951752 0.037241723 -0.980241526 0.194264506
1561000565.496139050 -109.870322 410.737196 22.487014 -0.000102633 0.037447283 -0.981482948 0.187853436
1561000565.596212149 -109.083861 410.856056 22.466423 -0.001098801 0.037105994 -0.982438222 0.182858079
1561000565.696156502 -108.281393 410.979858 22.442005 -0.001145984 0.037069147 -0.983151205 0.178992381
1561000565.795152664 -107.475196 411.108300 22.417366 -0.001131448 0.036114342 -0.983663827 0.176351780
1561000565.896362543 -106.667045 411.220301 22.392366 -0.001829311 0.034892853 -0.984128407 0.173983967
1561000565.996351719 -105.858054 411.340180 22.362629 -0.001951055 0.033392382 -0.984505738 0.172132490
1561000566.094882488 -105.042260 411.472063 22.329550 -0.002299845 0.033291097 -0.984642504 0.171363804
1561000566.196241140 -104.211569 411.594564 22.301285 -0.002130333 0.032765644 -0.984809167 0.170507413
1561000566.294891596 -103.385230 411.713973 22.273317 -0.001849566 0.033998986 -0.984805885 0.170288043
1561000566.395954370 -102.543372 411.818136 22.241147 -0.000915805 0.033765194 -0.985000590 0.169212621
1561000566.497005224 -101.696914 411.940956 22.209682 -0.000724709 0.033991070 -0.985029231 0.169001467
1561000566.595036268 -100.855285 412.055646 22.182098 -0.000562310 0.034987540 -0.985091771 0.168433248
1561000566.696358681 -99.986348 412.182257 22.150633 -0.000177028 0.035989139 -0.985135133 0.167968806
1561000566.795052052 -99.142467 412.295962 22.125394 -0.001611528 0.035547008 -0.985158628 0.167917514
1561000566.895246983 -98.268844 412.409046 22.093771 -0.000656556 0.036876004 -0.985059768 0.168217070
1561000566.996274471 -97.391448 412.528498 22.066766 0.001051107 0.038371014 -0.985195039 0.167084696
1561000567.096157551 -96.511626 412.639596 22.046351 0.003283816 0.039024823 -0.985269080 0.166466573
1561000567.196173668 -95.623146 412.747387 22.024692 0.004636211 0.038898736 -0.985251701 0.166566745
1561000567.294797897 -94.745963 412.866874 22.005176 0.004454941 0.039909668 -0.985202339 0.166624498
1561000567.396018028 -93.841824 412.995705 21.983284 0.003801783 0.040314287 -0.985190394 0.166613902
1561000567.495900869 -92.935256 413.129418 21.962074 0.002958261 0.040355909 -0.985179296 0.166686543
1561000567.595265865 -92.023413 413.266950 21.935027 0.002063346 0.040313784 -0.985077391 0.167311314
1561000567.696023703 -91.106974 413.396813 21.919799 0.001807919 0.039342758 -0.985073329 0.167569137
1561000567.794841290 -90.196656 413.541651 21.890395 0.003030329 0.035628929 -0.985122175 0.168094310
1561000567.895937204 -89.269201 413.684197 21.853811 0.002133790 0.038387012 -0.985019799 0.168100803
1561000567.995961428 -88.347529 413.825609 21.823995 -0.000271680 0.039895397 -0.984922193 0.168334659
1561000568.094579458 -87.414053 413.968819 21.801507 -0.002292241 0.038102034 -0.985062023 0.167916022
1561000568.196030855 -86.477344 414.126024 21.773243 -0.000900643 0.037509775 -0.985110446 0.167778471
1561000568.294784546 -85.547100 414.269588 21.751515 0.002507464 0.038063507 -0.985166524 0.167307509
1561000568.396389961 -84.595413 414.405979 21.737562 0.004650310 0.036938098 -0.985265505 0.166930631
1561000568.496124268 -83.657467 414.551587 21.712047 0.005794275 0.036165639 -0.985409807 0.166210665
1561000568.596273422 -82.698290 414.692375 21.686950 0.004397539 0.035901198 -0.985506119 0.165739118
1561000568.696461916 -81.732613 414.832090 21.662830 0.002663677 0.035630466 -0.985685906 0.164762464
1561000568.795073986 -80.770341 414.970053 21.638137 0.001562305 0.034987072 -0.985958233 0.163278370
1561000568.895603418 -79.792829 415.104949 21.614098 0.001846010 0.034495461 -0.986363166 0.160917245
1561000568.996474504 -78.809155 415.233573 21.587377 0.002745697 0.034392868 -0.986701095 0.158841244
1561000569.096626520 -77.829081 415.345870 21.564006 0.003621248 0.033319248 -0.987126510 0.156390430
1561000569.196454287 -76.847787 415.458924 21.543019 0.003340705 0.032129044 -0.987595164 0.153663127
1561000569.294965029 -75.859063 415.566429 21.513109 0.002579615 0.030258468 -0.988017415 0.151325342
1561000569.396138668 -74.849729 415.668588 21.485557 0.001969432 0.028979465 -0.988421375 0.148927827
1561000569.495904207 -73.850797 415.779348 21.452251 0.001924072 0.028316949 -0.988831262 0.146311941
1561000569.595351219 -72.847025 415.869928 21.416095 0.001756514 0.028618103 -0.989211210 0.143663148
1561000569.695713043 -71.818346 415.948048 21.381859 0.002068782 0.029395332 -0.989588271 0.140878275
1561000569.794589758 -70.799029 416.026673 21.346340 0.003082808 0.031232474 -0.989807312 0.138911891
1561000569.895784140 -69.774522 416.096646 21.320058 0.003082408 0.032711801 -0.990007136 0.137136094
1561000569.995724440 -68.743587 416.158544 21.288382 0.002566843 0.033511097 -0.990217453 0.135424566
1561000570.094702244 -67.696590 416.228924 21.256730 0.001650789 0.034062306 -0.990426177 0.133764800
1561000570.197766066 -66.630410 416.293997 21.226887 0.001324866 0.035028828 -0.990633144 0.131974237
1561000570.296542883 -65.599963 416.366846 21.196786 0.000524800 0.034814926 -0.990744628 0.131197284
1561000570.397747993 -64.522248 416.434580 21.159789 0.000886057 0.035519573 -0.990761984 0.130874998
1561000570.497756958 -63.445971 416.506139 21.121284 0.001244383 0.036219673 -0.990783312 0.130518258
1561000570.597834349 -62.383075 416.564385 21.085997 0.001918264 0.036707249 -0.990849622 0.129868874
1561000570.697748899 -61.311559 416.618322 21.049139 0.002215885 0.037361316 -0.990834834 0.129790421
1561000570.796444178 -60.246677 416.678083 21.015184 0.001161580 0.036813003 -0.990765680 0.130486862
1561000570.897422552 -59.158405 416.755314 20.976458 0.000693972 0.036832529 -0.990746425 0.130630794
1561000570.997171402 -58.079988 416.832656 20.941288 0.000100810 0.036584075 -0.990640174 0.131505285
1561000571.097485065 -56.986129 416.900252 20.899773 0.000601911 0.036442185 -0.990570954 0.132063582
1561000571.197478056 -55.898783 416.977618 20.861642 0.001178182 0.037275684 -0.990527026 0.132156522
1561000571.296385050 -54.794603 417.043819 20.826843 0.001589318 0.036524841 -0.990490244 0.132636669
1561000571.396707535 -53.669110 417.131905 20.795169 0.001677378 0.036786814 -0.990307803 0.133919275
1561000571.489707232 -52.598341 417.208592 20.762684 0.000350548 0.036583178 -0.990050038 0.135876676
1561000571.588502169 -51.468687 417.290936 20.726969 -0.000317155 0.036944452 -0.990004887 0.136107789
1561000571.689687967 -50.327336 417.373239 20.693686 0.000694367 0.036843481 -0.989795318 0.137649206
1561000571.788486481 -49.202718 417.464528 20.666996 0.001824330 0.036002700 -0.989698442 0.138554939
1561000571.889663696 -48.072844 417.558732 20.642406 0.002878898 0.036149733 -0.989566028 0.139441693
1561000571.990029812 -46.966398 417.641344 20.612318 0.002599700 0.036822855 -0.989442732 0.140144209
1561000572.089744806 -45.876247 417.725886 20.583519 0.001687761 0.038197580 -0.989396119 0.140119291
1561000572.189810753 -44.774237 417.821044 20.548817 0.001637103 0.038507762 -0.989320645 0.140567188
1561000572.288634539 -43.682186 417.912185 20.514473 0.000232117 0.039586386 -0.989269337 0.140637983
1561000572.389742374 -42.579562 418.004942 20.477448 0.000759967 0.040029823 -0.989103169 0.141675534
1561000572.489665270 -41.498714 418.103342 20.454143 0.003082035 0.041047290 -0.989008564 0.142012966
1561000572.589808702 -40.429615 418.194903 20.427780 0.004897826 0.042471764 -0.988887749 0.142383919
1561000572.689891338 -39.362388 418.290579 20.411903 0.005937714 0.042816865 -0.988671976 0.143733031
1561000572.788780212 -38.305416 418.387634 20.389588 0.005728619 0.043222203 -0.988449465 0.145143647
1561000572.889365911 -37.216755 418.477607 20.368655 0.004296354 0.043613133 -0.988525749 0.144555457
1561000572.989392996 -36.150357 418.563924 20.346935 0.003367811 0.043864617 -0.988368511 0.145575547
1561000573.091078281 -35.072184 418.664236 20.319583 0.003213876 0.044015392 -0.988196593 0.146696315
1561000573.189424515 -34.019469 418.764286 20.297327 0.003108089 0.043792461 -0.988100487 0.147410945
1561000573.288526773 -32.959020 418.865416 20.264886 0.004885055 0.042846227 -0.987875514 0.149138544
1561000573.389918327 -31.878572 418.982707 20.239460 0.004579708 0.042683753 -0.987672644 0.150531960
1561000573.489599228 -30.797119 419.112289 20.201447 0.001305408 0.042813104 -0.987557610 0.151311929
1561000573.589984894 -29.747502 419.217329 20.174768 -0.001624322 0.042867248 -0.987490743 0.151729344
1561000573.689952612 -28.692772 419.335467 20.143428 -0.000867176 0.042309272 -0.987528495 0.151646445
1561000573.791019440 -27.636358 419.449645 20.113864 0.002077391 0.041993627 -0.987392048 0.152607874
1561000573.889867544 -26.581157 419.562867 20.082838 0.004791909 0.042575122 -0.987374946 0.152496268
1561000573.988830805 -25.542243 419.671640 20.059649 0.005984579 0.043125730 -0.987225950 0.153262129
1561000574.089592934 -24.471708 419.782777 20.042302 0.004738619 0.042929937 -0.987252994 0.153186461
1561000574.189671040 -23.432874 419.904948 20.025687 0.003873798 0.042291605 -0.987190233 0.153791608
1561000574.288586855 -22.410030 420.017822 20.000288 0.003607380 0.042358452 -0.987165673 0.153937270
1561000574.389810085 -21.359942 420.127917 19.976489 0.003766814 0.042349144 -0.987190393 0.153777401
1561000574.489072561 -20.328588 420.249066 19.953854 0.004164512 0.043054085 -0.987113004 0.154067909
1561000574.589741468 -19.294659 420.358866 19.928819 0.004303820 0.043601204 -0.987077883 0.154135218
1561000574.689548969 -18.261693 420.465980 19.910690 0.003690071 0.044210292 -0.987129335 0.153647352
1561000574.788612366 -17.262551 420.571948 19.889699 0.002474159 0.044253178 -0.987023504 0.154337735
1561000574.889577866 -16.270031 420.678672 19.869881 0.001666760 0.043636738 -0.987081081 0.154155753
1561000574.988832474 -15.282143 420.788449 19.852924 0.002265883 0.043127863 -0.987061411 0.154417047
1561000575.089606524 -14.304800 420.905643 19.834232 0.002865590 0.042507481 -0.987067553 0.154539797
1561000575.189703226 -13.343052 421.007348 19.815558 0.003272178 0.041236874 -0.987114851 0.154573879
1561000575.289594889 -12.383015 421.113446 19.797235 0.003581913 0.040012600 -0.987035725 0.155391887
1561000575.389668703 -11.441272 421.214074 19.782580 0.002522672 0.038663283 -0.987162292 0.154949659
1561000575.488639832 -10.520371 421.319609 19.765740 0.001597152 0.038150307 -0.987080875 0.155606396
1561000575.589705706 -9.595348 421.425581 19.742194 0.001362245 0.037127869 -0.987131180 0.155536811
1561000575.689607382 -8.704436 421.528531 19.723160 0.000432024 0.036775564 -0.987061202 0.156069068
1561000575.788583040 -7.820144 421.631416 19.706253 0.000609390 0.036827575 -0.986905626 0.157037079
1561000575.889604568 -6.939870 421.728520 19.693035 0.001886748 0.036490453 -0.986885983 0.157228952
1561000575.988734007 -6.116328 421.821927 19.679925 0.004006411 0.036326334 -0.986861086 0.157383425
1561000576.089675903 -5.307017 421.911810 19.662742 0.005776168 0.037367049 -0.986793026 0.157511470
1561000576.189825296 -4.512985 421.981854 19.651440 0.006203313 0.037585080 -0.986808266 0.157347787
1561000576.288682461 -3.765389 422.057020 19.642627 0.005456743 0.039106975 -0.986945507 0.156139152
1561000576.389882088 -3.010204 422.147016 19.622626 0.004919569 0.039914569 -0.987168048 0.154537603
1561000576.489072561 -2.269993 422.239968 19.605571 0.004879089 0.041576219 -0.987082269 0.154648657
1561000576.590285540 -1.529706 422.324037 19.595788 0.007109109 0.042278861 -0.986944601 0.155249196
1561000576.690116167 -0.799857 422.396562 19.599506 0.011631002 0.042214266 -0.987131586 0.153798268
1561000576.788446903 -0.083587 422.456669 19.592683 0.011895308 0.042080777 -0.986800982 0.155921556
1561000576.889529943 0.629281 422.525737 19.563730 0.007540155 0.042196301 -0.986630676 0.157233990
1561000576.988672972 1.359906 422.595415 19.538672 -0.000495767 0.041554167 -0.986684321 0.157248391
1561000577.089195251 2.083508 422.688123 19.532784 -0.005565889 0.040081031 -0.986554893 0.158341322
1561000577.191176653 2.845496 422.794208 19.532789 -0.000112642 0.038360442 -0.986900277 0.156704522
1561000577.289318800 3.546659 422.878654 19.513683 0.009705059 0.036536906 -0.986787138 0.157550023
1561000577.389492989 4.259767 422.968387 19.500772 0.015628087 0.035873596 -0.986699038 0.157777870
1561000577.488426685 4.954720 423.039922 19.496002 0.014896052 0.034963468 -0.986615719 0.158572022
1561000577.589686394 5.662332 423.120686 19.481781 0.011528950 0.033177939 -0.986586176 0.159417769
1561000577.689888954 6.377572 423.209007 19.478194 0.007775493 0.031543501 -0.986665400 0.159486480
1561000577.789148569 7.094147 423.299068 19.462468 0.006319934 0.030673024 -0.986714829 0.159414773
1561000577.889779806 7.815238 423.398706 19.442992 0.007324415 0.029992400 -0.986849246 0.158667494
1561000577.988828182 8.496871 423.483854 19.432399 0.008730278 0.030814812 -0.986852456 0.158418622
1561000578.088748693 9.193911 423.568441 19.419642 0.009023615 0.030696807 -0.986971090 0.157684327
1561000578.189526796 9.884477 423.645538 19.415281 0.008880738 0.030750093 -0.987076045 0.157023712
1561000578.289433479 10.569493 423.718162 19.403657 0.009210093 0.031164153 -0.986996273 0.157424035
1561000578.390471220 11.258569 423.800196 19.397479 0.009019025 0.032046042 -0.987016010 0.157134033
1561000578.489114046 11.920494 423.852889 19.376222 0.009605385 0.034526681 -0.986941164 0.157043891
1561000578.590784788 12.626730 423.906547 19.366921 0.008932673 0.035899067 -0.986940788 0.156778014
1561000578.690477610 13.312142 423.982270 19.365752 0.008294617 0.036445968 -0.986970371 0.156500407
1561000578.788660288 13.969175 424.053638 19.358127 0.008019070 0.037204914 -0.986966974 0.156357545
1561000578.890394449 14.658560 424.118255 19.347138 0.007622451 0.038370124 -0.986896235 0.156542178
1561000578.988981485 15.311374 424.186038 19.334243 0.007324255 0.039924297 -0.986725090 0.157245043
1561000579.088583708 15.972753 424.247858 19.321796 0.007178322 0.040512278 -0.986737942 0.157020572
1561000579.190377474 16.640625 424.319497 19.312086 0.006948998 0.041328008 -0.986707148 0.157011819
1561000579.289721251 17.297781 424.401486 19.302908 0.006793224 0.040728371 -0.986646529 0.157555318
1561000579.390907764 17.954163 424.469346 19.297582 0.006817483 0.040426383 -0.986818204 0.156553704
1561000579.489003658 18.564952 424.546340 19.285883 0.006446612 0.040435885 -0.986750457 0.156993361
1561000579.590451479 19.226042 424.611933 19.272342 0.006467112 0.040427743 -0.986913721 0.155965001
1561000579.690396547 19.854712 424.686812 19.260543 0.006331765 0.040181029 -0.986932066 0.155918215
1561000579.791058540 20.474186 424.749854 19.244137 0.006376729 0.040622814 -0.986954194 0.155661631
1561000579.891058922 21.063111 424.814665 19.243998 0.005699047 0.040012555 -0.987166749 0.154493770
1561000579.989959955 21.643668 424.858591 19.226843 0.006758522 0.040439425 -0.987272979 0.153658843
1561000580.090810299 22.230428 424.922212 19.224606 0.008919277 0.042398526 -0.987214089 0.153398676
1561000580.191092253 22.777403 424.977163 19.224015 0.010649029 0.044069657 -0.987226522 0.152735907
1561000580.288884878 23.287035 425.014763 19.220860 0.009755128 0.044231073 -0.987241079 0.152654845
1561000580.390244722 23.786227 425.063450 19.217485 0.008109902 0.043071084 -0.987356844 0.152333759
1561000580.488671541 24.278685 425.114673 19.210041 0.007096841 0.041330645 -0.987472865 0.152114281
1561000580.588757992 24.771283 425.170527 19.201860 0.006014784 0.040913839 -0.987475588 0.152255846
1561000580.690290689 25.249448 425.211324 19.197316 0.005405378 0.041993783 -0.987361659 0.152722819
1561000580.790306330 25.673679 425.245472 19.192947 0.006460781 0.041849361 -0.987441938 0.152201541
1561000580.890192747 26.097186 425.289248 19.189400 0.007860715 0.041226272 -0.987288643 0.153296248
1561000580.988959074 26.511351 425.333267 19.188032 0.008471985 0.039405621 -0.987480770 0.152502957
1561000581.091058969 26.902829 425.378014 19.177233 0.009212060 0.038271192 -0.987301352 0.153904170
1561000581.191799164 27.256110 425.442866 19.166029 0.010789609 0.039639781 -0.986953025 0.155679152
1561000581.291637182 27.632952 425.488175 19.155689 0.012504289 0.041914056 -0.986185453 0.159765786
1561000581.391660452 27.994665 425.528077 19.160103 0.012826289 0.044254206 -0.985035337 0.166079606
1561000581.491569757 28.367917 425.587065 19.168452 0.012259839 0.044125226 -0.983863526 0.172960176
1561000581.591439724 28.735812 425.650189 19.174743 0.010735677 0.042908208 -0.982226749 0.182412293
1561000581.692095518 29.108203 425.733586 19.173499 0.010940050 0.042430082 -0.980229685 0.192950170
1561000581.790962219 29.474312 425.827647 19.168622 0.012604469 0.042306014 -0.977806224 0.204807998
1561000581.891644239 29.845202 425.947468 19.180576 0.012777262 0.040687537 -0.974857300 0.218711019
1561000581.990031242 30.222640 426.082759 19.183393 0.012773268 0.038204383 -0.971526399 0.233481742
1561000582.091732979 30.606220 426.242435 19.166389 0.013918873 0.038022548 -0.967647597 0.249035498
1561000582.191843271 30.952911 426.424023 19.147568 0.017426084 0.043262943 -0.963208698 0.264676509
1561000582.293147326 31.297143 426.584462 19.159936 0.019684920 0.048787023 -0.958048432 0.281736637
1561000582.393297195 31.633762 426.745491 19.199597 0.019184142 0.049972628 -0.952458803 0.299928215
1561000582.491612673 31.941072 426.928755 19.237352 0.018073877 0.047073466 -0.946808427 0.317822633
1561000582.593200684 32.265187 427.156968 19.260580 0.017510993 0.041937825 -0.940018775 0.338081774
1561000582.693050623 32.565227 427.383033 19.264262 0.020181553 0.036675324 -0.932990885 0.357457179
1561000582.793268204 32.871462 427.650737 19.256216 0.023400755 0.034345517 -0.925528961 0.376389337
1561000582.892840624 33.167696 427.933688 19.244041 0.024321020 0.036829706 -0.917044722 0.396334504
1561000582.991446733 33.455816 428.208265 19.240392 0.022366959 0.042522266 -0.908086502 0.416017404
1561000583.093174219 33.758341 428.500914 19.275770 0.020320722 0.044384872 -0.898725298 0.435786520
1561000583.193296194 34.054706 428.801802 19.322402 0.022362943 0.042673700 -0.889338030 0.454705094
1561000583.294045448 34.321068 429.115103 19.360764 0.027060046 0.039450003 -0.878793815 0.474797728
1561000583.393784046 34.554763 429.468126 19.386454 0.031118956 0.037524715 -0.867748801 0.494606434
1561000583.492604494 34.774532 429.801947 19.389543 0.034574737 0.038252567 -0.856384086 0.513758333
1561000583.593564272 34.965347 430.179308 19.397479 0.036394609 0.040862223 -0.844375870 0.532949436
1561000583.693686008 35.166347 430.560166 19.424351 0.036188203 0.042398328 -0.832337040 0.551459743
1561000583.791924238 35.371027 430.920097 19.456164 0.034885005 0.042362119 -0.819367851 0.570635445
1561000583.893518686 35.550949 431.324830 19.491789 0.034288652 0.041511298 -0.806688375 0.588519300
1561000583.992172003 35.708941 431.730953 19.515754 0.035139890 0.043156383 -0.793135160 0.606497595
1561000584.093904495 35.879216 432.157806 19.553892 0.036414486 0.044348261 -0.779384902 0.623912167
1561000584.194245815 36.006427 432.583996 19.600400 0.039215485 0.043380129 -0.766209006 0.639925050
1561000584.291797638 36.112325 433.016512 19.645012 0.042194322 0.043869370 -0.752012750 0.656332189
1561000584.393507004 36.212190 433.475145 19.689252 0.044201004 0.042731803 -0.738527952 0.671413977
1561000584.491756678 36.279123 433.926130 19.717314 0.046586233 0.043413348 -0.724840879 0.685966985
1561000584.593508005 36.351249 434.412610 19.745467 0.047289481 0.045270130 -0.711393509 0.699738234
1561000584.693426847 36.400252 434.873264 19.789637 0.046024301 0.047947750 -0.698839236 0.712184315
1561000584.791982412 36.475336 435.338672 19.839519 0.046004713 0.048523466 -0.686181752 0.724350497
1561000584.893540859 36.518827 435.827242 19.892609 0.047204881 0.047926890 -0.674256031 0.735427438
1561000584.992389917 36.544712 436.318734 19.945122 0.049630282 0.047444358 -0.663498221 0.745020790
1561000585.093595982 36.529797 436.821464 20.005551 0.051413442 0.045602395 -0.654438464 0.752985642
1561000585.193530798 36.500458 437.316483 20.048334 0.052806279 0.044363665 -0.646674774 0.759641428
1561000585.293562412 36.472499 437.817880 20.087490 0.052047833 0.044892005 -0.639780411 0.765478123
1561000585.393451214 36.426443 438.332892 20.126306 0.050631940 0.045874012 -0.633657493 0.770590789
1561000585.492426157 36.407429 438.858392 20.175254 0.048162652 0.047337898 -0.628042029 0.775243634
1561000585.593365669 36.387630 439.410226 20.229360 0.047262428 0.048083694 -0.622619635 0.779614656
1561000585.693253040 36.373538 439.959975 20.288079 0.046875424 0.048558568 -0.616890348 0.784149895
1561000585.791720629 36.362963 440.504635 20.346056 0.046678445 0.047518220 -0.611638166 0.788328545
1561000585.893718243 36.332241 441.077484 20.398109 0.047533662 0.047432359 -0.606027244 0.792604379
1561000585.991850138 36.307517 441.615583 20.445608 0.046880975 0.046368271 -0.600737334 0.796722545
1561000586.093549490 36.273477 442.170266 20.497299 0.046454578 0.045967806 -0.595252572 0.800876587
1561000586.192065001 36.225027 442.733723 20.552838 0.047016526 0.044776302 -0.590310458 0.804560807
1561000586.292026997 36.154950 443.323116 20.611283 0.047905653 0.044289255 -0.585947575 0.807718361
1561000586.394879580 36.083486 443.917660 20.663321 0.049091123 0.043231360 -0.583196107 0.809693406
1561000586.493243933 36.002282 444.495108 20.713940 0.049912230 0.042376068 -0.579717030 0.812182986
1561000586.595237732 35.920038 445.096560 20.770792 0.049526444 0.042051420 -0.577487277 0.813810331
1561000586.694937706 35.838948 445.716936 20.823251 0.050248173 0.041629171 -0.574439278 0.815942185
1561000586.793363094 35.738979 446.329830 20.875908 0.051036709 0.041121654 -0.572733894 0.817116975
1561000586.894802094 35.639350 446.955669 20.933570 0.051260508 0.039906119 -0.570884929 0.818456022
1561000586.995012045 35.543562 447.598832 20.993497 0.052188701 0.039854450 -0.568489303 0.820065774
1561000587.095280647 35.462049 448.238933 21.051425 0.052786947 0.039930370 -0.565910438 0.821805622
1561000587.195007324 35.367108 448.891824 21.110413 0.054209247 0.039028496 -0.564811656 0.822511962
1561000587.296409369 35.256713 449.542906 21.168396 0.055649146 0.038045668 -0.565132606 0.822241350
1561000587.396363020 35.153860 450.183958 21.222462 0.056411091 0.038057749 -0.565196376 0.822145032
1561000587.494964600 35.060926 450.829967 21.282342 0.056398330 0.038393405 -0.565337657 0.822033155
1561000587.596213341 34.971123 451.513526 21.342249 0.055902774 0.039466079 -0.566775987 0.821025145
1561000587.694936991 34.869608 452.199981 21.410393 0.054779403 0.039969189 -0.566586482 0.821207306
1561000587.795741558 34.775747 452.891598 21.481211 0.055689904 0.040189122 -0.566793957 0.820992131
1561000587.897574425 34.689045 453.604564 21.546744 0.055765998 0.040643397 -0.566891954 0.820896936
1561000587.997763395 34.589767 454.304572 21.617001 0.055130287 0.041922093 -0.568537191 0.819736941
1561000588.097596645 34.509265 455.022608 21.682080 0.055160360 0.041493492 -0.568036961 0.820103430
1561000588.196349382 34.427727 455.751624 21.761858 0.054792404 0.041230611 -0.567359311 0.820610286
1561000588.297320366 34.340236 456.481658 21.832327 0.055510263 0.040662873 -0.568145128 0.820046496
1561000588.397337675 34.228150 457.219314 21.908004 0.056164962 0.040014138 -0.567677950 0.820357307
1561000588.496234417 34.135368 457.945398 21.983766 0.055850356 0.038016850 -0.568120622 0.820167309
1561000588.597278118 34.037687 458.693315 22.054712 0.056739991 0.037812906 -0.568316644 0.819979847
1561000588.688385010 33.935893 459.400580 22.124011 0.056918816 0.036688532 -0.568147069 0.820136030
1561000588.788587570 33.834952 460.178673 22.198280 0.057707913 0.036974132 -0.567816593 0.820296914
1561000588.889371395 33.738339 460.964012 22.269706 0.057556701 0.036676194 -0.568015446 0.820183233
1561000588.989425421 33.637663 461.733606 22.343462 0.057029809 0.036399923 -0.568009937 0.820236160
1561000589.089872599 33.542559 462.525529 22.417536 0.056842729 0.037095494 -0.567554075 0.820533485
1561000589.189713240 33.450596 463.306779 22.495308 0.056118511 0.036811461 -0.567643631 0.820534178
1561000589.289985657 33.340646 464.116943 22.568169 0.055802018 0.037573732 -0.567524404 0.820603681
1561000589.389860153 33.230724 464.912476 22.650052 0.055186419 0.037606738 -0.567755915 0.820483646
1561000589.489893913 33.129442 465.717633 22.729109 0.055588266 0.037219304 -0.567580304 0.820595678
1561000589.588908195 33.019506 466.535826 22.811510 0.054524595 0.037279902 -0.567914094 0.820433336
1561000589.689595938 32.914654 467.366299 22.882904 0.055170157 0.037479847 -0.566285789 0.821505886
1561000589.789561987 32.814952 468.204401 22.960239 0.055166468 0.037139393 -0.566415752 0.821431995
1561000589.890639544 32.720469 469.040717 23.048560 0.054897774 0.035884192 -0.565559575 0.822095449
1561000589.988620996 32.619097 469.861401 23.121471 0.055294663 0.036559345 -0.564756493 0.822591039
1561000590.090877771 32.509732 470.724177 23.196772 0.055219440 0.035778524 -0.565397608 0.822189914
1561000590.190791845 32.385195 471.585164 23.280974 0.055050366 0.035583417 -0.564826166 0.822602382
1561000590.290553808 32.276638 472.449858 23.359528 0.054953146 0.035710543 -0.564925395 0.822535231
1561000590.389337540 32.171239 473.305191 23.436303 0.055603664 0.034799286 -0.564651083 0.822718905
1561000590.490729332 32.040786 474.196706 23.517883 0.055741495 0.035564799 -0.564058340 0.823083362
1561000590.591511965 31.911439 475.076673 23.603147 0.055777699 0.036590731 -0.564066282 0.823030496
1561000590.690541029 31.796250 475.956624 23.688165 0.056182928 0.037499216 -0.565097888 0.822254014
1561000590.789454222 31.683858 476.850745 23.773873 0.055811779 0.037956229 -0.563426818 0.823404269
1561000590.890511274 31.570049 477.744466 23.863058 0.055426398 0.037456540 -0.562750270 0.823915685
1561000590.988823414 31.450042 478.648211 23.954406 0.054740498 0.036969383 -0.563061708 0.823770754
1561000591.091417789 31.332275 479.583727 24.040723 0.054173576 0.037089186 -0.563293095 0.823644647
1561000591.191116810 31.202049 480.518234 24.132840 0.054157900 0.036532943 -0.563139713 0.823775412
1561000591.290516138 31.083175 481.441805 24.227604 0.054208697 0.036376701 -0.562872666 0.823961476
1561000591.390684605 30.962121 482.376652 24.313907 0.055358756 0.037200074 -0.562625854 0.824016815
1561000591.488752842 30.831791 483.311495 24.396562 0.055963273 0.038417186 -0.561899095 0.824415938
1561000591.590551138 30.710596 484.265264 24.494015 0.056179757 0.037923615 -0.561928854 0.824403783
1561000591.690964699 30.577880 485.211317 24.591369 0.056238174 0.036809717 -0.561110825 0.825007245
1561000591.791765928 30.439811 486.164605 24.683721 0.055335984 0.036598301 -0.561418170 0.824868554
1561000591.891728163 30.328116 487.128109 24.771940 0.055898046 0.036245303 -0.560441155 0.825510387
1561000591.990128994 30.207059 488.093998 24.861752 0.056680998 0.036430814 -0.560820129 0.825191398
1561000592.091850996 30.073605 489.080384 24.956214 0.055531529 0.037148745 -0.560809883 0.825244506
1561000592.191487551 29.930458 490.055487 25.059922 0.053753402 0.036291097 -0.560338434 0.825720514
1561000592.291026354 29.791839 491.027995 25.155430 0.053294687 0.035911715 -0.561108802 0.825243562
1561000592.392240763 29.644377 492.004722 25.249584 0.054348263 0.035490171 -0.561049440 0.825233446
1561000592.490469933 29.504349 492.965111 25.349148 0.055554417 0.035064734 -0.561741088 0.824700625
1561000592.592296124 29.381038 493.932264 25.447341 0.056668071 0.035186072 -0.560919942 0.825178459
1561000592.691324234 29.248942 494.883610 25.543251 0.057450404 0.035065110 -0.560756604 0.825240523
1561000592.791807413 29.114282 495.831055 25.636824 0.058101909 0.035709434 -0.560740568 0.825178175
1561000592.891925573 28.979204 496.778468 25.739252 0.057841520 0.035599315 -0.559725042 0.825890383
1561000592.991660357 28.855610 497.726969 25.837981 0.057928720 0.035542480 -0.561106735 0.824948621
1561000593.092175484 28.733584 498.672263 25.932983 0.058091939 0.036160653 -0.560759706 0.825146221
1561000593.191032171 28.602109 499.625565 26.031867 0.057971786 0.035046784 -0.561341097 0.824807352
1561000593.292320251 28.470622 500.592195 26.126047 0.057299620 0.035076645 -0.561237798 0.824923339
1561000593.392226934 28.335232 501.538506 26.225896 0.057490447 0.035088751 -0.561649903 0.824629017
1561000593.490419626 28.201855 502.498343 26.321455 0.057731864 0.035394605 -0.561580217 0.824646539
1561000593.592355728 28.060432 503.473722 26.426159 0.058178798 0.035473046 -0.561522818 0.824650844
1561000593.690694332 27.930168 504.407064 26.524401 0.058612068 0.035775790 -0.561811990 0.824410096
1561000593.792477369 27.800478 505.377122 26.626007 0.059083822 0.035473488 -0.561539579 0.824575063
1561000593.892040491 27.676561 506.336823 26.725090 0.059429866 0.034792273 -0.562274357 0.824078356
1561000593.990993977 27.565175 507.294124 26.831183 0.058880980 0.033144471 -0.561571499 0.824664735
1561000594.092026711 27.434049 508.279685 26.933329 0.058019166 0.032156947 -0.561195226 0.825020985
1561000594.190759897 27.314473 509.257949 27.023773 0.057942478 0.033087440 -0.562683888 0.823974959
1561000594.291979790 27.169426 510.234145 27.118759 0.057613835 0.033350201 -0.562189915 0.824324517
1561000594.392016172 27.032748 511.201135 27.215834 0.057811369 0.033679803 -0.562122734 0.824343101
1561000594.490301371 26.898803 512.162034 27.313614 0.058522456 0.033574792 -0.562596582 0.823973871
1561000594.591866493 26.751377 513.143326 27.425145 0.059335469 0.033036911 -0.562065517 0.824299836
1561000594.690784454 26.607745 514.104872 27.522508 0.059638868 0.032099300 -0.561206856 0.824899815
1561000594.790734053 26.470033 515.090396 27.621931 0.059751484 0.031240071 -0.560763635 0.825226008
1561000594.891869545 26.323434 516.088146 27.717306 0.059723001 0.030038034 -0.561621951 0.824688829
1561000594.990980387 26.189332 517.086959 27.816579 0.060429760 0.029329636 -0.561424553 0.824797241
1561000595.092006922 26.049802 518.072320 27.897801 0.060549907 0.033154278 -0.561005201 0.824928886
1561000595.190716028 25.930797 519.046675 28.024559 0.060351047 0.038360859 -0.560869559 0.824809998
1561000595.291884661 25.801817 520.060737 28.130956 0.061291982 0.038538150 -0.560141103 0.825227271
1561000595.391803503 25.650046 521.040862 28.235025 0.057323718 0.035437450 -0.559546415 0.826054471
1561000595.492141962 25.504920 522.038897 28.337153 0.055298712 0.029434113 -0.559201953 0.826661274
1561000595.592346430 25.354023 523.069049 28.438626 0.057114394 0.028602646 -0.558659736 0.826933573
1561000595.690222025 25.197893 524.076364 28.537940 0.061020866 0.031910338 -0.558310166 0.826769583
1561000595.792217731 25.057486 525.095498 28.644132 0.064489999 0.035687966 -0.558207179 0.826421294
1561000595.892065525 24.918339 526.089925 28.752854 0.064147002 0.037380994 -0.557999996 0.826513054
1561000595.990150690 24.776682 527.084917 28.860900 0.062187580 0.037506296 -0.557526491 0.826976538
1561000596.091811657 24.622163 528.120908 28.980314 0.060229107 0.037033764 -0.556904717 0.827561533
1561000596.190252781 24.478911 529.149455 29.095275 0.059405702 0.037442449 -0.556459510 0.827902071
1561000596.292309761 24.335100 530.203628 29.210435 0.059712346 0.037969665 -0.555434725 0.828543907
1561000596.391895294 24.175366 531.221710 29.325926 0.059308092 0.038323349 -0.554562465 0.829140726
1561000596.490178347 24.022610 532.232980 29.440756 0.059571566 0.038257834 -0.554108038 0.829428628
1561000596.590694189 23.861221 533.271975 29.555321 0.059627951 0.037733591 -0.553217698 0.830042687
1561000596.690273285 23.700226 534.311580 29.670382 0.060025669 0.036526569 -0.552366847 0.830634453
1561000596.790704966 23.534267 535.361862 29.786216 0.060449902 0.035665066 -0.551519823 0.831203764
1561000596.892164946 23.356144 536.407490 29.899727 0.060467696 0.034849131 -0.551032011 0.831560532
1561000596.990465164 23.200389 537.441600 30.012478 0.060397495 0.034131753 -0.550201724 0.832144957
1561000597.091810465 23.024900 538.503239 30.123076 0.060462096 0.033871085 -0.549562212 0.832573396
1561000597.190271139 22.845192 539.522991 30.227107 0.059926491 0.034298484 -0.548985382 0.832975078
1561000597.291812420 22.679729 540.570401 30.343173 0.059602270 0.034964499 -0.549119792 0.832882049
1561000597.391829014 22.500153 541.594369 30.455511 0.059460389 0.035486753 -0.549215365 0.832807081
1561000597.490103245 22.333235 542.618313 30.570383 0.058964338 0.035620918 -0.549579280 0.832596524
1561000597.593163013 22.165922 543.673417 30.688929 0.058821933 0.035317434 -0.549416757 0.832726778
1561000597.691811085 22.010935 544.689766 30.798722 0.058615277 0.033477500 -0.549974631 0.832449044
1561000597.791757584 21.827995 545.720742 30.909399 0.059070803 0.031997260 -0.549897848 0.832525779
1561000597.893229008 21.653142 546.769841 31.020964 0.059976239 0.031094380 -0.549623204 0.832676602
1561000597.992306709 21.478468 547.791981 31.131213 0.061320471 0.030359811 -0.549601483 0.832620137
1561000598.093209743 21.294445 548.819847 31.241572 0.062597768 0.030860117 -0.549507368 0.832568811
1561000598.191784620 21.129761 549.825762 31.344249 0.062995588 0.031575800 -0.549676559 0.832400267
1561000598.291632175 20.967000 550.835949 31.451463 0.062427838 0.031972565 -0.549911038 0.832273015
1561000598.393446922 20.794505 551.869453 31.566645 0.062012976 0.032293870 -0.549558669 0.832524333
1561000598.491632223 20.621991 552.861003 31.682849 0.061989627 0.032663049 -0.549676253 0.832434038
1561000598.593048811 20.448857 553.866943 31.793666 0.062252754 0.032863994 -0.549647636 0.832425389
1561000598.691568851 20.288693 554.844065 31.905887 0.061808804 0.032340634 -0.549733639 0.832422178
1561000598.792965651 20.125643 555.847093 32.015201 0.061447984 0.031974375 -0.549599849 0.832551374
1561000598.893089294 19.962113 556.828945 32.131902 0.061413473 0.030831182 -0.549717477 0.832519381
1561000598.993161678 19.806840 557.799424 32.236042 0.061071685 0.030050697 -0.550023747 0.832370760
1561000599.094698191 19.651389 558.756467 32.341410 0.060629985 0.029038280 -0.550231393 0.832301747
1561000599.193372011 19.485538 559.690684 32.441984 0.060429081 0.028594295 -0.550624699 0.832071592
1561000599.294608355 19.320680 560.628393 32.536350 0.060474654 0.029253226 -0.550633568 0.832039506
1561000599.394530773 19.159192 561.554603 32.636489 0.060497226 0.030060795 -0.550848602 0.831866727
1561000599.492950439 19.013770 562.466586 32.731742 0.060736435 0.031068547 -0.551442172 0.831418885
1561000599.594431400 18.853344 563.402048 32.829966 0.060194330 0.032613513 -0.551427492 0.831408878
1561000599.693009853 18.708186 564.311710 32.936562 0.059277349 0.032810752 -0.551863088 0.831177949
1561000599.794755459 18.575847 565.232089 33.041006 0.059143382 0.033454270 -0.552690341 0.830611979
1561000599.894472837 18.420694 566.133619 33.139632 0.058776588 0.034197959 -0.552473577 0.830751924
1561000599.993855238 18.272065 567.041090 33.241272 0.058209822 0.034558234 -0.552648639 0.830660476
1561000600.094275951 18.147017 567.939624 33.342206 0.056912155 0.034336735 -0.553982641 0.829870609
1561000600.193070173 18.007793 568.845558 33.445078 0.056439351 0.033565467 -0.553786663 0.830065233
1561000600.294435740 17.863671 569.747961 33.542478 0.056693540 0.033484249 -0.554260661 0.829734757
1561000600.394577742 17.715331 570.634157 33.640788 0.056571044 0.033349444 -0.555066725 0.829209540
1561000600.493902683 17.576088 571.519884 33.737708 0.057280672 0.032779018 -0.555447204 0.828928745
1561000600.595031023 17.430775 572.411373 33.824679 0.058625679 0.033264417 -0.556168981 0.828331198
1561000600.693454266 17.290177 573.284862 33.921317 0.058622974 0.033535004 -0.556101338 0.828365893
1561000600.795016527 17.142295 574.159559 34.024135 0.058655352 0.033596100 -0.556759391 0.827918977
1561000600.894646406 17.019964 574.997081 34.122740 0.059021408 0.032692440 -0.557753788 0.827259566
1561000600.993197441 16.895944 575.836099 34.221494 0.059234621 0.031331567 -0.558335318 0.826904629
1561000601.094478607 16.754500 576.700556 34.315035 0.059897338 0.030595812 -0.558385555 0.826850517
1561000601.193123817 16.625063 577.540643 34.401803 0.061350429 0.030625475 -0.559005086 0.826324101
1561000601.293046713 16.488657 578.386358 34.490153 0.061997844 0.029981979 -0.559035834 0.826278576
1561000601.394511938 16.355717 579.237799 34.581449 0.062089059 0.029068825 -0.559454532 0.826020931
1561000601.493133307 16.228616 580.065483 34.678561 0.061657447 0.027663434 -0.560348527 0.825495380
1561000601.594646454 16.109153 580.915613 34.774417 0.062079314 0.027074637 -0.561073583 0.824990641
1561000601.693601608 15.965265 581.730117 34.867918 0.062319457 0.025765754 -0.561748851 0.824554813
1561000601.794752359 15.834672 582.556663 34.953413 0.063028884 0.026795299 -0.562428555 0.824004546
1561000601.893193245 15.719442 583.355429 35.033826 0.062966066 0.026997600 -0.563474042 0.823288168
1561000601.993494987 15.594399 584.166025 35.124310 0.062210830 0.026700260 -0.564348917 0.822755862
1561000602.094594717 15.475648 584.983060 35.214233 0.061812244 0.025521511 -0.564472274 0.822738689
1561000602.193256617 15.357319 585.756078 35.303893 0.061609594 0.023850029 -0.564664320 0.822672255
1561000602.294712067 15.233493 586.538630 35.389649 0.061941215 0.022881748 -0.564149357 0.823028077
1561000602.394783020 15.125451 587.305303 35.469483 0.062812607 0.022936388 -0.564573820 0.822669375
1561000602.494512320 15.012076 588.058044 35.546080 0.063453405 0.023921359 -0.564605499 0.822570401
1561000602.594928741 14.917425 588.788211 35.625057 0.063859747 0.023344532 -0.566081333 0.821540559
1561000602.693448782 14.807497 589.514249 35.706494 0.064739808 0.021167168 -0.566437963 0.821284812
1561000602.793993711 14.710338 590.230046 35.790367 0.065089768 0.019246845 -0.569226723 0.819374041
1561000602.894684792 14.621810 590.940147 35.862671 0.065862459 0.018803866 -0.572025233 0.817371203
1561000602.993436575 14.532058 591.634086 35.939137 0.066549845 0.018512406 -0.576000514 0.814525516
1561000603.094850779 14.480012 592.305806 36.010764 0.066825563 0.018502981 -0.581501283 0.810585123
1561000603.194755554 14.413371 592.964270 36.085201 0.067139710 0.017395293 -0.586344576 0.807087171
1561000603.294425726 14.367456 593.622961 36.155130 0.067208882 0.016558988 -0.593094983 0.802151548
1561000603.394670963 14.335136 594.262064 36.230478 0.067144382 0.015363605 -0.600215696 0.796866808
1561000603.494839191 14.308193 594.894697 36.305516 0.068054587 0.013816714 -0.607965769 0.790920537
1561000603.594933271 14.281154 595.519396 36.368413 0.069766048 0.013921412 -0.617919350 0.783016328
1561000603.693564415 14.271446 596.123434 36.435057 0.070181543 0.013567719 -0.627808635 0.775078567
1561000603.795365810 14.276205 596.704349 36.501065 0.071386370 0.014518984 -0.639255547 0.765536107
1561000603.895143270 14.312202 597.283159 36.568255 0.071722579 0.015686497 -0.649996539 0.756382380
1561000603.994510651 14.354093 597.842356 36.616545 0.068999961 0.016014170 -0.661594226 0.746508963
1561000604.095110893 14.407066 598.405776 36.665697 0.064429083 0.017856264 -0.674661054 0.735093538
1561000604.193301201 14.516537 598.942745 36.726385 0.059063349 0.020087827 -0.686907237 0.724062461
1561000604.294717789 14.592449 599.492137 36.781082 0.054743086 0.021637144 -0.700786731 0.710938103
1561000604.394948006 14.706925 600.049464 36.844221 0.051798940 0.028736769 -0.714073811 0.697559790
1561000604.494687319 14.874924 600.583432 36.903917 0.050197664 0.034089851 -0.726870834 0.684088348
1561000604.595186710 15.076623 601.089849 36.966444 0.048729812 0.036018671 -0.739683224 0.670221448
1561000604.693966150 15.296862 601.585745 37.014477 0.045065051 0.035157781 -0.753653831 0.654781623
1561000604.795244694 15.511496 602.107149 37.048154 0.040268361 0.033938850 -0.767152579 0.639299252
1561000604.895234823 15.746594 602.621952 37.090194 0.034479734 0.034812353 -0.780602834 0.623103894
1561000604.993923187 16.012471 603.108990 37.138340 0.032236556 0.035176033 -0.792350008 0.608198089
1561000605.094662189 16.316983 603.586811 37.193229 0.033859809 0.033283858 -0.805286892 0.590981150
1561000605.193653107 16.627687 604.044008 37.246447 0.038005698 0.032065741 -0.817400955 0.573919013
1561000605.294357300 16.923710 604.504793 37.294724 0.042975035 0.033749181 -0.829633929 0.555627289
1561000605.395662546 17.225398 604.933721 37.328065 0.046626479 0.035177941 -0.840829643 0.538139383
1561000605.492702484 17.593759 605.337047 37.364787 0.047178041 0.035411933 -0.851912631 0.520350936
1561000605.594244480 17.965541 605.725775 37.399380 0.045830311 0.033707390 -0.862369188 0.503073333
1561000605.693331003 18.343157 606.108245 37.432194 0.041583787 0.032956520 -0.871975464 0.486665642
1561000605.794343233 18.755503 606.494127 37.466543 0.038322604 0.031421905 -0.880835485 0.470821506
1561000605.894029140 19.164211 606.873161 37.518309 0.035576215 0.031999270 -0.888485940 0.456402359
1561000605.996037006 19.585107 607.249254 37.567777 0.035994522 0.031908625 -0.895997249 0.441446672
1561000606.095916510 20.021427 607.615447 37.608512 0.037851228 0.031203625 -0.902325782 0.428254365
1561000606.194586754 20.473546 607.969128 37.651803 0.038356544 0.032745898 -0.907836073 0.416281330
1561000606.295801640 20.951356 608.296741 37.685205 0.039221144 0.035220020 -0.911060310 0.408889183
1561000606.394642830 21.438368 608.623808 37.728003 0.037940828 0.036872314 -0.915116953 0.399702249
1561000606.495878935 21.986164 608.954283 37.771461 0.037258911 0.035589070 -0.918386613 0.392315206
1561000606.595714092 22.520601 609.284100 37.816015 0.037302187 0.034788680 -0.921242880 0.385629163
1561000606.694365025 23.051299 609.617066 37.847600 0.037748947 0.033411555 -0.924294117 0.378337245
1561000606.795615911 23.596079 609.941140 37.882868 0.038486875 0.035462714 -0.926431983 0.372806836
1561000606.894442558 24.165089 610.247765 37.927753 0.038454423 0.037015893 -0.928339509 0.367881553
1561000606.995754242 24.740142 610.548300 37.966802 0.039441693 0.039320202 -0.930064086 0.363151581
1561000607.095641851 25.325918 610.829280 38.012276 0.038683482 0.041361726 -0.931156967 0.360193696
1561000607.194867373 25.930799 611.115383 38.061104 0.038329527 0.041805659 -0.932175966 0.357534757
1561000607.295701027 26.531455 611.422667 38.109287 0.037236885 0.041889630 -0.932860141 0.355851979
1561000607.395794153 27.142674 611.729482 38.154432 0.035142843 0.041985718 -0.933872656 0.353389364
1561000607.494534254 27.753168 612.031268 38.197431 0.033094256 0.042486610 -0.934576345 0.351662783
1561000607.595918179 28.358772 612.341741 38.235757 0.031207726 0.041941689 -0.935815965 0.348590665
1561000607.694554090 28.967500 612.666886 38.274834 0.029950049 0.043855989 -0.935639963 0.348937683
1561000607.795728207 29.604986 612.982860 38.331162 0.029648779 0.045598544 -0.935940465 0.347932706
1561000607.895587683 30.248119 613.278768 38.366957 0.031488160 0.047371775 -0.936078198 0.347162813
1561000607.995659351 30.900105 613.601054 38.406970 0.034032938 0.046789849 -0.935804632 0.347738637
1561000608.095732927 31.563597 613.885635 38.439520 0.036418688 0.044931336 -0.935244637 0.349245361
1561000608.194613695 32.210538 614.191071 38.476395 0.035382921 0.044817272 -0.935569751 0.348494909
1561000608.295926094 32.888093 614.517071 38.523215 0.033595405 0.045734225 -0.935264465 0.349371021
1561000608.396018505 33.553374 614.838942 38.569105 0.032042944 0.044630361 -0.935218158 0.349783330
1561000608.495993137 34.236964 615.176433 38.610745 0.030928632 0.043762952 -0.934882120 0.350889790
1561000608.595975637 34.939754 615.515766 38.652631 0.029192387 0.043560701 -0.934617940 0.351766365
1561000608.694650173 35.637573 615.845496 38.683369 0.029075876 0.043009680 -0.934414106 0.352384789
1561000608.796043396 36.337259 616.202759 38.716018 0.030032210 0.043088693 -0.934424974 0.352266091
1561000608.894971132 37.004458 616.553348 38.745494 0.030740258 0.043212716 -0.934443564 0.352140487
1561000608.995695591 37.714278 616.889614 38.789402 0.030485721 0.044063401 -0.934638745 0.351538695
1561000609.095528364 38.407191 617.227227 38.832010 0.030009102 0.044829955 -0.934028088 0.353102336
1561000609.194526196 39.091554 617.568112 38.874596 0.029809556 0.043960748 -0.934566044 0.351802718
1561000609.295534134 39.790936 617.908730 38.910123 0.030166570 0.043009446 -0.934631378 0.351716296
1561000609.395491123 40.465474 618.236300 38.938955 0.030420619 0.043992690 -0.934674042 0.351459336
1561000609.495063305 41.148985 618.581479 38.969417 0.029400819 0.044984894 -0.934905598 0.350804039
1561000609.595340729 41.856132 618.905539 39.005975 0.027713260 0.044555876 -0.934744998 0.351423587
1561000609.694152355 42.548884 619.252186 39.042447 0.027585301 0.043301958 -0.935135418 0.350550627
1561000609.794476271 43.277378 619.603290 39.075818 0.028046361 0.042178026 -0.934788626 0.351574516
1561000609.894307613 43.976256 619.961014 39.119669 0.028325771 0.039555341 -0.934702690 0.352085084
1561000609.994590998 44.679167 620.325238 39.153755 0.028431987 0.038031666 -0.935194897 0.350935492
1561000610.095749617 45.420002 620.708769 39.178655 0.031256750 0.038489156 -0.935023278 0.351102648
1561000610.194680929 46.143282 621.066949 39.217564 0.034128478 0.040810416 -0.935088057 0.350399891
1561000610.295899153 46.881155 621.424082 39.268593 0.036946722 0.041413208 -0.934749877 0.350945227
1561000610.395681381 47.604826 621.776639 39.308943 0.037288027 0.042497929 -0.934938547 0.350276236
1561000610.494619608 48.333053 622.120008 39.357013 0.034718133 0.043985780 -0.934743545 0.350876628
1561000610.595914364 49.086151 622.469938 39.403850 0.033806401 0.044642799 -0.934921248 0.350408914
1561000610.694490910 49.819076 622.799503 39.444763 0.033713944 0.044768203 -0.934507885 0.351502760
1561000610.795706272 50.598515 623.185559 39.492394 0.032972161 0.044514692 -0.934947812 0.350433828
1561000610.895713329 51.360589 623.549659 39.530370 0.032426946 0.044462559 -0.934603334 0.351408854
1561000610.994502544 52.114578 623.917787 39.571787 0.030936427 0.044734300 -0.934647152 0.351392203
1561000611.095757723 52.913141 624.319695 39.613333 0.029978721 0.043972717 -0.934308474 0.352470355
1561000611.194505453 53.683409 624.697603 39.651999 0.030168321 0.043906007 -0.934592168 0.351709560
1561000611.295738935 54.461830 625.075071 39.687374 0.030925469 0.044642717 -0.934772285 0.351071812
1561000611.395321131 55.239518 625.446001 39.728969 0.031027243 0.045908507 -0.934338948 0.352051770
1561000611.495012522 56.013778 625.824440 39.773189 0.031649866 0.046203664 -0.934602362 0.351257645
1561000611.595866442 56.808471 626.213735 39.817890 0.032319454 0.046161723 -0.934639327 0.351103796
1561000611.696907520 57.625501 626.597154 39.863229 0.032561427 0.045887014 -0.934357611 0.351866439
1561000611.797232151 58.430908 626.988523 39.915715 0.031089355 0.045417772 -0.934548040 0.351554604
1561000611.897061348 59.251955 627.389339 39.960713 0.030469544 0.043934711 -0.934274705 0.352522516
1561000611.996095657 60.063910 627.794299 40.005155 0.030520241 0.041175186 -0.934251404 0.352912784
1561000612.097243309 60.888397 628.198954 40.042192 0.032249001 0.039443882 -0.933987377 0.353654863
1561000612.196192741 61.703634 628.604492 40.084252 0.032774707 0.039216616 -0.934135241 0.353241033
1561000612.297273397 62.548042 629.016731 40.128636 0.032258734 0.039687744 -0.934315304 0.352759365
1561000612.396880150 63.385670 629.427951 40.168879 0.030631729 0.039374140 -0.933976943 0.353833921
1561000612.497487307 64.245158 629.848949 40.221863 0.028632698 0.038029044 -0.934106938 0.353805297
1561000612.597723961 65.101344 630.271563 40.257958 0.029290278 0.037824533 -0.934293609 0.353280110
1561000612.697077036 65.958438 630.680199 40.299026 0.030476705 0.038935155 -0.934034266 0.353744560
1561000612.797739267 66.814845 631.091781 40.353325 0.032001485 0.038219904 -0.934062670 0.353612886
1561000612.896218538 67.668258 631.502432 40.407586 0.033000876 0.035255105 -0.933871932 0.354332097
1561000612.989501953 68.503217 631.924753 40.457464 0.032856561 0.033139219 -0.933522800 0.355467890
1561000613.089231253 69.378259 632.368115 40.503185 0.031185877 0.030122781 -0.933553071 0.355807142
1561000613.188308239 70.265431 632.807431 40.545715 0.030571368 0.028849365 -0.933722763 0.355520615
1561000613.289571285 71.148898 633.267209 40.564662 0.033937351 0.031566988 -0.933344803 0.355976489
1561000613.389598608 72.041966 633.706688 40.615320 0.036634697 0.031690949 -0.933129036 0.356263645
1561000613.488378525 72.917121 634.136091 40.675148 0.037300576 0.032950149 -0.933526017 0.355038209
1561000613.589390993 73.821298 634.574295 40.720039 0.033200469 0.032444905 -0.932945295 0.357012792
1561000613.688098669 74.715612 634.999987 40.764593 0.028337283 0.032936656 -0.932947770 0.357380235
1561000613.789130211 75.633164 635.449217 40.805894 0.026089271 0.032256587 -0.933078974 0.357270892
1561000613.888866425 76.547351 635.911623 40.835459 0.029796627 0.034249685 -0.933058543 0.356848532
1561000613.988075495 77.465645 636.356657 40.870605 0.034540065 0.036571530 -0.932840978 0.356759326
1561000614.089151859 78.404258 636.801071 40.923797 0.036968393 0.038895168 -0.932612846 0.356866618
1561000614.188094616 79.306542 637.235533 40.990313 0.035619553 0.039397183 -0.932803195 0.356450990
1561000614.289078474 80.252199 637.682814 41.052430 0.033716974 0.038243993 -0.932651335 0.357158299
1561000614.387990236 81.175643 638.142234 41.112664 0.032736030 0.036040539 -0.932643701 0.357498473
1561000614.489078999 82.116623 638.604933 41.157814 0.034049766 0.035245952 -0.932520740 0.357775636
1561000614.589188576 83.062143 639.077370 41.204803 0.035023770 0.034889766 -0.932637855 0.357411067
1561000614.688157082 83.992939 639.546048 41.250315 0.035638947 0.035305578 -0.932608074 0.357387133
1561000614.789418221 84.963404 640.026287 41.299650 0.034567174 0.036416268 -0.932559332 0.357508123
1561000614.888713121 85.930737 640.496312 41.351477 0.031969305 0.037388199 -0.932799530 0.357022580
1561000614.988160849 86.913345 640.969978 41.409129 0.029943550 0.037212665 -0.932784018 0.357257018
1561000615.089141607 87.895861 641.468550 41.453976 0.030028552 0.037201149 -0.932513058 0.357957760
1561000615.189135790 88.887745 641.943443 41.485006 0.032805972 0.038877445 -0.932095020 0.358624019
1561000615.289143324 89.863668 642.426178 41.539155 0.033893526 0.040727500 -0.932314167 0.357746828
1561000615.388444901 90.859206 642.908097 41.594461 0.033167855 0.041590902 -0.932372243 0.357564107
1561000615.489651918 91.858499 643.385104 41.648598 0.032344463 0.042510897 -0.932303340 0.357710974
1561000615.589311838 92.842450 643.862799 41.707918 0.030449410 0.042497529 -0.932408839 0.357603901
1561000615.689277172 93.840964 644.352162 41.759681 0.029640924 0.042306616 -0.932347997 0.357853012
1561000615.788393736 94.838926 644.832422 41.815875 0.029011085 0.041472573 -0.932564581 0.357437667
1561000615.888084412 95.845616 645.326375 41.864587 0.031081857 0.040759270 -0.932346808 0.357913439
1561000615.989220858 96.851910 645.827978 41.913671 0.032688797 0.040989043 -0.932311933 0.357834879
1561000616.089035034 97.844135 646.314718 41.976217 0.032587988 0.041454361 -0.932206223 0.358065799
1561000616.188613653 98.834021 646.785449 42.038131 0.031929134 0.040744838 -0.932254529 0.358080832
1561000616.288748264 99.820312 647.255764 42.095519 0.031292971 0.039558146 -0.932088521 0.358701677
1561000616.388676167 100.811045 647.727755 42.148321 0.031354250 0.038506689 -0.932287983 0.358292148
1561000616.489473343 101.790966 648.212975 42.202952 0.031269435 0.037550911 -0.932285030 0.358408670
1561000616.589435101 102.754763 648.690840 42.251185 0.030538598 0.037184587 -0.932638801 0.357588546
1561000616.689429522 103.709167 649.162825 42.296416 0.029198225 0.037127225 -0.933007111 0.356744676
1561000616.789684296 104.659398 649.625305 42.338598 0.027765518 0.037750179 -0.933690142 0.355002421
1561000616.888927460 105.629355 650.090361 42.379036 0.027579248 0.038506316 -0.934086076 0.353892430
1561000616.989599466 106.583523 650.558329 42.412783 0.028390812 0.039973728 -0.934195025 0.353377585
1561000617.089574099 107.550084 650.994263 42.462157 0.029026915 0.040244404 -0.934951892 0.351287327
1561000617.188576698 108.483024 651.423230 42.517990 0.029412261 0.039734648 -0.935311527 0.350354711
1561000617.289016008 109.454711 651.863656 42.579815 0.030218444 0.037172944 -0.936074790 0.348524040
1561000617.388069630 110.395498 652.299171 42.634159 0.028857195 0.034518934 -0.937240376 0.345768973
1561000617.489055634 111.354268 652.744954 42.676467 0.027493357 0.031978540 -0.938177479 0.343576055
1561000617.589154005 112.310622 653.188069 42.717366 0.026636849 0.029960174 -0.939564492 0.340016810
1561000617.688149214 113.265892 653.611097 42.747651 0.026388306 0.028524812 -0.941210171 0.335579209
1561000617.789316893 114.235950 654.024086 42.781374 0.027530522 0.028693023 -0.942632949 0.331454226
1561000617.888341665 115.188693 654.423538 42.821258 0.028912772 0.029982389 -0.944119450 0.326961117
1561000617.988661766 116.156090 654.798179 42.859779 0.029468976 0.030759580 -0.945593731 0.322549102
1561000618.089234591 117.113017 655.155300 42.898965 0.028789314 0.031152590 -0.947542898 0.316801433
1561000618.188106298 118.074396 655.508705 42.934421 0.028271434 0.031496959 -0.949566005 0.310697715
1561000618.289127350 119.041794 655.857721 42.975898 0.027621703 0.032566247 -0.951516430 0.304619377
1561000618.388021946 119.996708 656.179090 43.018824 0.027412847 0.031871453 -0.953247699 0.299251684
1561000618.489086151 120.961010 656.495337 43.061307 0.027289631 0.029245819 -0.955728644 0.291517955
1561000618.589167595 121.931688 656.803863 43.095851 0.028381179 0.026958222 -0.957456316 0.285911116
1561000618.688556194 122.895335 657.105890 43.134646 0.030061373 0.026358695 -0.959567382 0.278625148
1561000618.789288521 123.860593 657.375026 43.169308 0.029516095 0.025405775 -0.961869569 0.270721776
1561000618.888283014 124.806775 657.627346 43.206742 0.026952947 0.024236158 -0.963908143 0.263756021
1561000618.989082575 125.797427 657.881806 43.246243 0.023151412 0.023284570 -0.965966474 0.256574770
1561000619.089042187 126.789121 658.122323 43.269307 0.021398418 0.022299790 -0.967891413 0.249461501
1561000619.189354181 127.790164 658.339152 43.289065 0.020155935 0.021068253 -0.969954008 0.241534862
1561000619.289241076 128.792302 658.545390 43.304112 0.019671637 0.021177972 -0.971534399 0.235128544
1561000619.388316154 129.766677 658.729964 43.315878 0.020253293 0.020951192 -0.973143258 0.228348528
1561000619.489248037 130.789022 658.912920 43.330135 0.020618675 0.022055732 -0.974571010 0.222035496
1561000619.588975191 131.789254 659.069333 43.354046 0.020243754 0.023153816 -0.975872042 0.216166253
1561000619.687911749 132.796150 659.209591 43.369607 0.019475223 0.023054225 -0.977105902 0.210602170
1561000619.788990974 133.815013 659.351230 43.384241 0.018520384 0.023173589 -0.978200868 0.205531122
1561000619.888056278 134.831602 659.482018 43.396710 0.017404121 0.023954425 -0.979073509 0.201341368
1561000619.989029408 135.860490 659.599469 43.408883 0.016301600 0.024658365 -0.979575084 0.198894137
1561000620.089244127 136.891410 659.712439 43.414037 0.016036284 0.025521236 -0.979896019 0.197218902
1561000620.188662529 137.908839 659.818201 43.413578 0.016233979 0.025707777 -0.980326010 0.195029439
1561000620.289382696 138.927674 659.930236 43.424286 0.015475176 0.026053913 -0.980384853 0.194749202
1561000620.388595819 139.942418 660.050364 43.432158 0.015601918 0.027479432 -0.980359385 0.194671358
1561000620.488496780 140.962791 660.169042 43.446533 0.015598432 0.027902969 -0.980279029 0.195015739
1561000620.589591503 141.989223 660.290025 43.458647 0.015848849 0.028113515 -0.980323364 0.194742255
1561000620.688437462 142.987358 660.417975 43.469755 0.015325380 0.028321538 -0.980128416 0.195732756
1561000620.789510727 144.011640 660.540760 43.472660 0.015083525 0.029361663 -0.980097542 0.195752874
1561000620.888329506 145.019780 660.668824 43.481761 0.015710990 0.029223250 -0.979877484 0.196822973
1561000620.989353657 146.046962 660.798354 43.491290 0.016436481 0.028005906 -0.979855500 0.197050019
1561000621.089260578 147.076115 660.931535 43.508730 0.015590200 0.027101553 -0.979905243 0.196997883
1561000621.189027071 148.107042 661.057774 43.514325 0.015972609 0.026093767 -0.979614076 0.198545342
1561000621.288985014 149.126348 661.192969 43.521617 0.015112296 0.024993274 -0.979955606 0.197063354
1561000621.388111591 150.141631 661.324348 43.520295 0.015768484 0.023807605 -0.979705405 0.198398265
1561000621.489301205 151.187239 661.468621 43.521015 0.015351529 0.022720971 -0.979767913 0.198249652
1561000621.589387894 152.207111 661.601987 43.527751 0.015358147 0.022012427 -0.979669477 0.198814728
1561000621.689358950 153.224719 661.730820 43.546470 0.014123737 0.021638054 -0.979611632 0.199231940
1561000621.789435863 154.247824 661.861395 43.557628 0.012164304 0.020327282 -0.979656232 0.199279951
1561000621.888290882 155.277820 662.005026 43.551263 0.010883838 0.019335442 -0.979663339 0.199417717
1561000621.988398314 156.300269 662.138700 43.546959 0.013451033 0.020245739 -0.979638087 0.199294753
1561000622.089270592 157.319985 662.275898 43.553354 0.019516726 0.021573190 -0.979697612 0.198358976
1561000622.189040899 158.343715 662.401775 43.569999 0.023524996 0.023095749 -0.979761135 0.197436773
1561000622.288555622 159.341552 662.512576 43.596791 0.021430494 0.025412081 -0.979747712 0.197457289
1561000622.388411760 160.352949 662.631789 43.616666 0.017487509 0.026451529 -0.979613073 0.198375227
1561000622.489401817 161.385482 662.757406 43.626988 0.014730183 0.025765364 -0.979671461 0.198401101
1561000622.589355707 162.403535 662.882045 43.640964 0.015146462 0.025566963 -0.979554253 0.198973314
1561000622.688276768 163.422416 663.015027 43.650324 0.016355836 0.024163242 -0.979694153 0.198363278
1561000622.791048527 164.446339 663.151298 43.654355 0.017881008 0.023912246 -0.979707248 0.198197332
1561000622.888669729 165.436443 663.279633 43.648901 0.017234464 0.024005987 -0.979716423 0.198197923
1561000622.990720034 166.474120 663.412026 43.666989 0.016351498 0.025485163 -0.979782398 0.197761440
1561000623.090923071 167.470786 663.538136 43.688403 0.018634753 0.027022743 -0.979797676 0.197279069
1561000623.190767050 168.472117 663.655751 43.700258 0.021560237 0.027313063 -0.979809121 0.196883821
1561000623.291919947 169.463389 663.770938 43.721972 0.021206903 0.028291624 -0.979803418 0.196812379
1561000623.388769627 170.447514 663.887444 43.752000 0.018819631 0.029186029 -0.979965898 0.196114342
1561000623.490224838 171.453660 664.003765 43.773594 0.017941765 0.029362340 -0.980260996 0.194690332
1561000623.591126680 172.448693 664.121423 43.777503 0.018665467 0.028181575 -0.980681058 0.192670866
1561000623.688518047 173.417206 664.234333 43.792982 0.020126976 0.027676352 -0.981180726 0.190035018
1561000623.790722609 174.409861 664.336052 43.809847 0.021209096 0.027726899 -0.981798891 0.186687792
1561000623.890065908 175.373431 664.430294 43.831136 0.021984322 0.028750856 -0.982558836 0.182395756
1561000623.988938093 176.331583 664.513151 43.848636 0.021524787 0.029519206 -0.983331918 0.178111312
1561000624.090300560 177.322570 664.583821 43.873027 0.018451721 0.029284898 -0.984442789 0.172262368
1561000624.189752340 178.271897 664.637454 43.887993 0.013963303 0.030960393 -0.985260841 0.167653079
1561000624.289936304 179.241055 664.689818 43.895541 0.011143377 0.032504181 -0.986290127 0.161403495
1561000624.388128042 180.201019 664.721751 43.881024 0.012619552 0.034169364 -0.987294402 0.154670506
1561000624.488582373 181.159200 664.741592 43.872555 0.015966204 0.034610480 -0.988265850 0.147911477
1561000624.589946270 182.102000 664.749262 43.878085 0.017090447 0.034592291 -0.989200115 0.141401635
1561000624.688107967 183.029174 664.739045 43.885727 0.016066772 0.033829085 -0.990231938 0.134306222
1561000624.789952040 184.002910 664.715098 43.897605 0.012474293 0.033719782 -0.991226156 0.127193063
1561000624.889183998 184.937483 664.675621 43.898021 0.008918129 0.031734628 -0.992225693 0.120006481
1561000624.989991426 185.888882 664.637632 43.887668 0.006702321 0.029780278 -0.993182884 0.112498768
1561000625.090699196 186.841192 664.592637 43.856623 0.009513604 0.031863960 -0.993964139 0.104544101
1561000625.190145731 187.762018 664.515370 43.844704 0.014469188 0.033687518 -0.994683236 0.096234370
1561000625.289371014 188.667578 664.410446 43.846741 0.017176886 0.034478781 -0.995421164 0.087480713
1561000625.388485670 189.584370 664.303983 43.849287 0.015588830 0.036337304 -0.996000993 0.080116237
1561000625.488559008 190.505997 664.172248 43.847983 0.011039298 0.038670329 -0.996504077 0.073228171
1561000625.590664864 191.440507 664.031464 43.827130 0.006626034 0.040539009 -0.996886355 0.067307345
1561000625.688931704 192.349104 663.885228 43.810250 0.005783068 0.042360683 -0.997155806 0.062067930
1561000625.789959669 193.274120 663.734719 43.791227 0.006901929 0.042146167 -0.997499162 0.056315948
1561000625.890158415 194.172644 663.569979 43.779463 0.008967852 0.040683199 -0.997797368 0.051622354
1561000625.990035057 195.059959 663.406845 43.761102 0.009505706 0.040401422 -0.997997915 0.047723447
1561000626.089098215 195.946221 663.236168 43.746560 0.009142504 0.041188708 -0.998170786 0.043301122
1561000626.190240145 196.834385 663.058550 43.730080 0.008983127 0.042432097 -0.998318213 0.038465138
1561000626.290015936 197.703925 662.870492 43.714786 0.008491373 0.043312725 -0.998447915 0.033965660
1561000626.388239384 198.553490 662.669936 43.697997 0.007815595 0.043865270 -0.998568884 0.029579360
1561000626.490420818 199.410225 662.460038 43.679329 0.007004568 0.043724768 -0.998700538 0.025225289
1561000626.590437651 200.261171 662.261164 43.661365 0.006016844 0.043622958 -0.998823731 0.020297534
1561000626.688868761 201.093269 662.048066 43.639594 0.004532014 0.043193943 -0.998933289 0.015685304
1561000626.790282249 201.936267 661.821069 43.616926 0.002285286 0.041803715 -0.999073622 0.009956136
1561000626.888747931 202.770582 661.604705 43.589913 0.000392848 0.039791603 -0.999197871 0.004482055
1561000626.990528822 203.604109 661.381790 43.547205 0.001522983 0.038847994 -0.999241024 -0.002426957
1561000627.091301680 204.431598 661.130720 43.517913 0.003854127 0.038125270 -0.999221037 -0.009430184
1561000627.190646648 205.222524 660.874805 43.501254 0.004594488 0.037233933 -0.999163644 -0.016264612
1561000627.291584730 206.019633 660.614215 43.464249 0.004135202 0.037583717 -0.999025626 -0.022763189
1561000627.389930964 206.809148 660.343381 43.429078 0.001643108 0.039751674 -0.998774645 -0.029433184
1561000627.491462469 207.609071 660.035452 43.394765 -0.001224032 0.041270093 -0.998487739 -0.036297599
1561000627.590996265 208.391318 659.723927 43.371795 -0.002893685 0.038928848 -0.998272740 -0.043905666
1561000627.689822435 209.162626 659.413498 43.342237 -0.002017433 0.036685394 -0.998043352 -0.050592286
1561000627.791645527 209.939686 659.095700 43.295566 -0.000327500 0.035865878 -0.997677290 -0.057909905
1561000627.890107632 210.682888 658.771973 43.259794 0.000409575 0.036350089 -0.997215162 -0.065118542
1561000627.991990805 211.429334 658.421862 43.228206 0.000015626 0.036196054 -0.996726217 -0.072295873
1561000628.091292620 212.152096 658.077228 43.195136 0.000356809 0.035946799 -0.996145579 -0.080010537
1561000628.190286398 212.871444 657.723785 43.162964 -0.000195741 0.035804478 -0.995584506 -0.086772648
1561000628.291982651 213.596030 657.353223 43.123137 -0.000507441 0.035827034 -0.994885449 -0.094441037
1561000628.389955044 214.294273 656.981699 43.085450 -0.001513352 0.036401495 -0.994175751 -0.101425919
1561000628.491547346 214.994462 656.598057 43.044510 -0.001931308 0.037564614 -0.993390819 -0.108442840
1561000628.592483997 215.685619 656.207713 43.004737 -0.002634213 0.038480152 -0.992564844 -0.115444228
1561000628.692939281 216.372058 655.812296 42.967736 -0.002633837 0.038956690 -0.991808626 -0.121618616
1561000628.792975903 217.049762 655.399192 42.927068 -0.003017151 0.039231940 -0.991004643 -0.127912274
1561000628.893124342 217.729923 654.968008 42.887191 -0.004915654 0.038899841 -0.990274766 -0.133486054
1561000628.994488001 218.406068 654.545904 42.837674 -0.008383439 0.038623205 -0.989663619 -0.137854591
1561000629.093893528 219.071880 654.122065 42.791370 -0.013916924 0.038632866 -0.989027504 -0.141909892
1561000629.194137573 219.749979 653.684474 42.725285 -0.015687130 0.037086124 -0.988235551 -0.147543315
1561000629.294419289 220.419728 653.252888 42.676074 -0.008627419 0.035990039 -0.987665524 -0.152141705
1561000629.392949581 221.061195 652.814664 42.630345 0.001285874 0.033999083 -0.986865078 -0.157923168
1561000629.494343758 221.698974 652.362597 42.592815 0.004668414 0.033166782 -0.986100309 -0.162740135
1561000629.594117880 222.323913 651.909915 42.547527 0.000447059 0.034816382 -0.985413262 -0.166578279
1561000629.694884539 222.961843 651.453268 42.498493 -0.007335850 0.038878196 -0.984735227 -0.169502815
1561000629.794420242 223.610994 650.978105 42.444510 -0.011504817 0.041358389 -0.983881006 -0.173595187
1561000629.892960310 224.259855 650.485054 42.392591 -0.011613265 0.039445892 -0.983144141 -0.178148115
1561000629.994221687 224.902347 649.999588 42.340829 -0.009570552 0.036437173 -0.982492299 -0.182454430
1561000630.094347715 225.556014 649.506401 42.292227 -0.009708127 0.033698650 -0.981647865 -0.187450321
1561000630.195721149 226.196381 649.008805 42.236435 -0.009109030 0.031996440 -0.980636472 -0.192990577
1561000630.294262886 226.803334 648.516324 42.181829 -0.008986262 0.031993355 -0.979480571 -0.198779986
1561000630.392771244 227.421633 648.008727 42.129863 -0.007659637 0.032025652 -0.978301790 -0.204551451
1561000630.494265318 228.045200 647.490608 42.080168 -0.008056495 0.030412409 -0.976983449 -0.210982273
1561000630.594314575 228.646903 646.968536 42.026597 -0.007542668 0.031007247 -0.975372423 -0.218243660
1561000630.694082022 229.242529 646.435595 41.967115 -0.006980814 0.032258677 -0.973923848 -0.224461544
1561000630.794213772 229.832815 645.887705 41.908879 -0.006615208 0.035941319 -0.972181968 -0.231358342
1561000630.894426823 230.417514 645.321822 41.853911 -0.007431140 0.039410774 -0.970349684 -0.238354903
1561000630.994351387 231.001787 644.740933 41.809045 -0.010938162 0.041063507 -0.968757952 -0.244340288
1561000631.093429804 231.588829 644.162833 41.745779 -0.013561490 0.040925291 -0.966969987 -0.251217536
1561000631.194374323 232.178203 643.568687 41.678911 -0.015025494 0.040860232 -0.965266443 -0.257614771
1561000631.294577122 232.745940 642.970529 41.605373 -0.014230040 0.040080870 -0.963369928 -0.264781818
1561000631.392826080 233.303738 642.359095 41.531799 -0.013154230 0.037435737 -0.961703332 -0.271205151
1561000631.494274139 233.863462 641.730877 41.461668 -0.013162066 0.034846379 -0.959794394 -0.278221513
1561000631.593245506 234.407865 641.112439 41.395187 -0.013899240 0.034209221 -0.957569410 -0.285827511
1561000631.694633245 234.951246 640.459763 41.327527 -0.016222688 0.034528083 -0.955471692 -0.292606360
1561000631.794399261 235.479042 639.799676 41.250847 -0.016673778 0.034586244 -0.953438597 -0.299133111
1561000631.894675732 236.005171 639.121327 41.182939 -0.016116116 0.034466725 -0.951278193 -0.305977311
1561000631.994400501 236.515131 638.449905 41.112374 -0.016055084 0.032609868 -0.948831668 -0.313683434
1561000632.093494654 237.019218 637.764067 41.041269 -0.017749395 0.032056528 -0.946649359 -0.320175466
1561000632.193294048 237.522191 637.074026 40.967135 -0.020490166 0.032889522 -0.944344161 -0.326668851
1561000632.294002533 238.026196 636.350019 40.879603 -0.021439768 0.033920331 -0.942474433 -0.331860951
1561000632.392628193 238.521538 635.633808 40.790929 -0.021031646 0.034504231 -0.940489505 -0.337411645
1561000632.493998289 239.007658 634.892768 40.700101 -0.018559354 0.034868636 -0.938725558 -0.342394589
1561000632.593672276 239.491816 634.146611 40.610706 -0.015736165 0.036788037 -0.937343050 -0.346102614
1561000632.692743301 239.956070 633.396588 40.536049 -0.013135079 0.039756775 -0.935795517 -0.350048024
1561000632.794433594 240.412810 632.631214 40.465204 -0.015033110 0.040264010 -0.934556822 -0.353208666
1561000632.893425703 240.876556 631.873011 40.385681 -0.017179498 0.041107136 -0.933531287 -0.355716749
1561000632.994256735 241.354917 631.098061 40.298122 -0.017395480 0.041478140 -0.932503377 -0.358349568
1561000633.093676090 241.820109 630.338740 40.208099 -0.015463069 0.041213304 -0.931007214 -0.362336755
1561000633.194122076 242.286575 629.562302 40.133108 -0.015781222 0.040207629 -0.929911033 -0.365239333
1561000633.294004917 242.746078 628.779761 40.056040 -0.018614980 0.040185941 -0.928937419 -0.367578350
1561000633.392528057 243.195289 628.007146 39.978985 -0.023045838 0.040424935 -0.927085548 -0.371950401
1561000633.493539333 243.665260 627.213392 39.871788 -0.025525928 0.040923254 -0.926212102 -0.373904876
1561000633.594289541 244.124214 626.416420 39.764175 -0.024830647 0.039614346 -0.924618928 -0.378013202
1561000633.694199324 244.559923 625.620842 39.659501 -0.023927092 0.036564465 -0.922841123 -0.382694129
1561000633.794466734 245.011448 624.807457 39.570156 -0.021302533 0.034692206 -0.922399427 -0.384085862
1561000633.893146038 245.434309 624.021679 39.483309 -0.020664110 0.034204680 -0.920052751 -0.389751163
1561000633.994599342 245.861982 623.206573 39.402781 -0.019774221 0.033172645 -0.919170476 -0.391961978
1561000634.092911243 246.289595 622.389663 39.317528 -0.019372392 0.031959003 -0.917468661 -0.396048721
1561000634.195925474 246.685919 621.553773 39.236951 -0.019240242 0.030858974 -0.915632319 -0.400368571
1561000634.295800924 247.087954 620.756544 39.171271 -0.019646566 0.031153794 -0.913710600 -0.404692961
1561000634.394457817 247.484027 619.962453 39.091089 -0.020987075 0.031791544 -0.911841500 -0.408771231
1561000634.495526314 247.868741 619.144384 39.008022 -0.022580103 0.031368957 -0.909923275 -0.412971866
1561000634.594696999 248.246432 618.322614 38.921191 -0.024415506 0.030486569 -0.908044447 -0.417048840
1561000634.695588827 248.628268 617.491206 38.830548 -0.025740709 0.030024492 -0.905304228 -0.422918669
1561000634.796996117 249.014127 616.629079 38.740446 -0.026592392 0.030102618 -0.903658784 -0.426365429
1561000634.895970583 249.361392 615.803646 38.654920 -0.028303259 0.029848712 -0.900828624 -0.432221900
1561000634.997096062 249.726127 614.918967 38.566784 -0.030189427 0.029550979 -0.898645361 -0.436636981
1561000635.088376045 250.056209 614.098708 38.476312 -0.032282100 0.029425509 -0.895644445 -0.442620643
1561000635.188533306 250.398225 613.201235 38.372968 -0.033955729 0.028941115 -0.892922464 -0.447994300
1561000635.289187193 250.723133 612.301871 38.262748 -0.034417520 0.028491776 -0.890257916 -0.453259856
1561000635.388779640 251.019808 611.414860 38.160547 -0.034020276 0.027428925 -0.887440498 -0.458845984
1561000635.488985777 251.313594 610.538369 38.059186 -0.033425768 0.025638475 -0.884955195 -0.463766847
1561000635.588765144 251.600103 609.657384 37.969367 -0.033709034 0.024278355 -0.882084579 -0.469255856
1561000635.688190699 251.874435 608.749479 37.881783 -0.034645539 0.023389916 -0.879004150 -0.474978213
1561000635.788929462 252.131376 607.842831 37.785045 -0.036037031 0.022610844 -0.875808608 -0.480779954
1561000635.887952089 252.385204 606.954958 37.691910 -0.038013172 0.022595346 -0.872073174 -0.487373398
1561000635.989114523 252.627936 606.051060 37.587610 -0.038026736 0.022199810 -0.869002352 -0.492844851
1561000636.090291977 252.863211 605.143268 37.484586 -0.038205825 0.021683098 -0.865122809 -0.499632548
1561000636.189458609 253.080609 604.227140 37.379933 -0.037540028 0.021733405 -0.861416720 -0.506043120
1561000636.289550066 253.288197 603.296934 37.276035 -0.036941555 0.023423388 -0.857580520 -0.512486408
1561000636.389464617 253.484727 602.362521 37.169010 -0.036647421 0.026179446 -0.854209090 -0.517975321
1561000636.489388943 253.654589 601.419149 37.066409 -0.035980222 0.028063175 -0.851351363 -0.522607633
1561000636.588763714 253.790757 600.480428 36.979359 -0.035631315 0.028347158 -0.848998892 -0.526429226
1561000636.689225674 253.938774 599.530996 36.880650 -0.034492066 0.027124034 -0.846499133 -0.530578742
1561000636.789268017 254.072217 598.587665 36.787667 -0.033852745 0.026512887 -0.843465759 -0.535459215
1561000636.889044046 254.184544 597.642038 36.688418 -0.034147507 0.025912728 -0.840747467 -0.539727872
1561000636.989036560 254.298849 596.699094 36.592866 -0.034826608 0.026425067 -0.836909578 -0.545592505
1561000637.088315725 254.417940 595.748071 36.498180 -0.036105776 0.026920289 -0.833440558 -0.550770830
1561000637.189442635 254.532128 594.788758 36.394695 -0.036676818 0.026987923 -0.830554733 -0.555072336
1561000637.290838957 254.614422 593.824813 36.290153 -0.036701515 0.027548939 -0.827611534 -0.559422205
1561000637.388084412 254.695898 592.880039 36.188987 -0.036684046 0.028806042 -0.824984764 -0.563226980
1561000637.489268780 254.766815 591.912066 36.080812 -0.037592876 0.030004124 -0.822899464 -0.566147507
1561000637.588603020 254.832674 590.961027 35.978599 -0.037739406 0.030544915 -0.820090018 -0.570171122
1561000637.689291716 254.904477 590.006143 35.870957 -0.037877450 0.031026461 -0.819278685 -0.571301229
1561000637.789288044 254.957202 589.058102 35.769795 -0.038304037 0.032046041 -0.818071236 -0.572944417
1561000637.888147354 254.997614 588.113246 35.662371 -0.038866110 0.032970999 -0.815834871 -0.576034550
1561000637.989277124 255.038574 587.160271 35.551451 -0.038933388 0.033605000 -0.814018697 -0.578557220
1561000638.088243008 255.070139 586.231215 35.445004 -0.038067203 0.033766936 -0.812232303 -0.581110461
1561000638.189235926 255.105164 585.296695 35.342222 -0.037475018 0.033407271 -0.810532675 -0.583537797
1561000638.289136410 255.134888 584.369640 35.238338 -0.037605377 0.032754215 -0.808695647 -0.586109502
1561000638.388484716 255.141352 583.459344 35.143790 -0.038661057 0.033032109 -0.807202580 -0.588080094
1561000638.488974810 255.168163 582.532475 35.041129 -0.040008004 0.034264569 -0.805512991 -0.590232260
1561000638.587982893 255.182263 581.633001 34.938468 -0.042145720 0.036086627 -0.803825072 -0.592272529
1561000638.688955784 255.209672 580.736726 34.835280 -0.043604358 0.037105214 -0.802183078 -0.594326654
1561000638.788984537 255.206771 579.863712 34.727487 -0.044190112 0.036957882 -0.801047709 -0.595822052
1561000638.888089418 255.195263 579.002810 34.616385 -0.043822737 0.035796679 -0.799514470 -0.597975566
1561000638.989275932 255.189011 578.148424 34.511401 -0.043692373 0.034462805 -0.798054848 -0.600009793
1561000639.088366270 255.164011 577.326375 34.413387 -0.042940185 0.033645809 -0.796506816 -0.602163592
1561000639.189249992 255.143890 576.490906 34.319480 -0.042643194 0.034089421 -0.795242939 -0.603827904
1561000639.289188623 255.133437 575.668954 34.225792 -0.042972985 0.034779871 -0.793407478 -0.606175105
1561000639.387948513 255.109624 574.861331 34.135517 -0.043322957 0.032456594 -0.791972943 -0.608151748
1561000639.489198685 255.085878 574.059215 34.046604 -0.042697709 0.029544575 -0.789974811 -0.610936839
1561000639.587765694 255.056619 573.288853 33.957223 -0.040955814 0.027650128 -0.787652015 -0.614135486
1561000639.689186335 255.017094 572.513620 33.875553 -0.039433397 0.028553502 -0.785601961 -0.616813800
1561000639.789224148 254.969700 571.759805 33.792600 -0.039577892 0.030872539 -0.783217563 -0.619718264
1561000639.887924433 254.916123 571.009596 33.712726 -0.039624399 0.033333297 -0.780847343 -0.622572265
1561000639.989154100 254.838736 570.251986 33.635127 -0.039271073 0.033683564 -0.778407700 -0.625623411
1561000640.088342428 254.791557 569.533907 33.569523 -0.040367407 0.032451435 -0.774960682 -0.629883575
1561000640.189109802 254.720819 568.815306 33.510597 -0.043369092 0.030736271 -0.770077511 -0.635731886
1561000640.289062738 254.650451 568.114945 33.423933 -0.046964368 0.030621489 -0.764961368 -0.641631341
1561000640.388106585 254.563378 567.411527 33.337731 -0.050369930 0.032368560 -0.759379066 -0.647887784
1561000640.489099979 254.462926 566.707189 33.238599 -0.051106706 0.034484499 -0.753117627 -0.654990659
1561000640.588158369 254.341074 566.016140 33.144574 -0.050990699 0.036555186 -0.746170590 -0.662791912
1561000640.689144135 254.192017 565.326413 33.053890 -0.053752656 0.039214907 -0.738548982 -0.670908522
1561000640.789224863 254.031098 564.649465 32.957418 -0.058609008 0.043657792 -0.730205658 -0.679307500
1561000640.889005423 253.844727 563.962565 32.843050 -0.064979330 0.050208632 -0.722261940 -0.686727363
1561000640.989038706 253.671434 563.274314 32.714506 -0.071078218 0.057694344 -0.712989050 -0.695173262
1561000641.088156939 253.460484 562.589252 32.567400 -0.074726137 0.063347349 -0.704170183 -0.703240692
1561000641.189001799 253.231020 561.911841 32.420932 -0.077653847 0.066820788 -0.694855118 -0.711815445
1561000641.289085150 252.961234 561.242730 32.275328 -0.080496787 0.067217951 -0.685516240 -0.720464780
1561000641.388005018 252.696160 560.577460 32.138054 -0.084831981 0.067102572 -0.676924376 -0.728061926
1561000641.489137650 252.401553 559.902037 31.988557 -0.089425586 0.066885618 -0.668890572 -0.734925017
1561000641.588194847 252.102792 559.231051 31.840335 -0.093131792 0.066645725 -0.661885095 -0.740805601
1561000641.689104557 251.785077 558.560527 31.668370 -0.093577641 0.064768305 -0.656059285 -0.746079424
1561000641.790093899 251.452830 557.885699 31.512576 -0.092306527 0.061235716 -0.649788043 -0.752000792
1561000641.888144493 251.120325 557.218401 31.370992 -0.091083359 0.056019174 -0.643275839 -0.758130509
1561000641.988794088 250.773669 556.535984 31.235006 -0.090575924 0.050616694 -0.637371330 -0.763538958
1561000642.087715149 250.412377 555.856508 31.101214 -0.090178230 0.049021754 -0.632077746 -0.768077130
1561000642.188765526 250.037347 555.171116 30.962200 -0.089395627 0.048503464 -0.626769375 -0.772538663
1561000642.288900852 249.632369 554.492267 30.829822 -0.087795546 0.050529114 -0.622190676 -0.776284428
1561000642.387597561 249.219251 553.814435 30.697336 -0.085749352 0.049731856 -0.617516818 -0.780286339
1561000642.488566399 248.795682 553.122148 30.572689 -0.084927342 0.047597112 -0.613910162 -0.783349331
1561000642.587399721 248.358954 552.436842 30.447772 -0.083203602 0.046545468 -0.611798579 -0.785247209
1561000642.688827991 247.925942 551.742430 30.318225 -0.083382073 0.045109484 -0.608971137 -0.787506646
1561000642.788849831 247.484690 551.040914 30.200445 -0.084383247 0.044848876 -0.607172037 -0.788802994
1561000642.887862444 247.040708 550.344115 30.074496 -0.084344129 0.043360950 -0.604590195 -0.790870781
1561000642.989020824 246.587703 549.632407 29.936892 -0.083778246 0.043079245 -0.602902861 -0.792233251
1561000643.088090897 246.136628 548.927041 29.813167 -0.085171627 0.041551891 -0.600844068 -0.793728947
1561000643.189149857 245.675082 548.213448 29.699070 -0.084922141 0.039483276 -0.598986308 -0.795263921
1561000643.289222956 245.218909 547.507025 29.585897 -0.080203672 0.033242332 -0.597431779 -0.797206114
1561000643.389204264 244.752324 546.820347 29.489410 -0.073060957 0.025342863 -0.595679187 -0.799491177
1561000643.489403725 244.283252 546.148863 29.407446 -0.067695966 0.020255957 -0.593753080 -0.801538666
1561000643.588019133 243.808190 545.471649 29.335940 -0.065304227 0.021826538 -0.592348636 -0.802734111
1561000643.688994169 243.328957 544.778659 29.261955 -0.065724549 0.026629501 -0.590236674 -0.804109335
1561000643.789122343 242.836046 544.081736 29.177849 -0.066044488 0.031366157 -0.589116715 -0.804733363
1561000643.888117313 242.339808 543.386658 29.091199 -0.065993516 0.032785320 -0.587437403 -0.805907735
1561000643.989156008 241.851258 542.691814 29.000370 -0.065605226 0.031191896 -0.585464449 -0.807436931
1561000644.087851048 241.370549 542.015170 28.912787 -0.063136015 0.030081320 -0.583730223 -0.808930148
1561000644.188740015 240.886143 541.336026 28.824612 -0.061786824 0.028963341 -0.581554970 -0.810640074
1561000644.289422274 240.403066 540.668941 28.751144 -0.061621519 0.027640627 -0.578705088 -0.812735631
1561000644.389388561 239.919220 540.009186 28.679196 -0.061073363 0.026429774 -0.575216825 -0.815289590
1561000644.489415407 239.428818 539.344516 28.599045 -0.059790987 0.026083405 -0.572063229 -0.817611372
1561000644.588053703 238.934875 538.689310 28.529297 -0.056641065 0.029407237 -0.568919344 -0.819913279
1561000644.688075781 238.410965 538.035677 28.446012 -0.056977551 0.030141676 -0.564701966 -0.822773801
1561000644.789964199 237.884954 537.383271 28.367746 -0.055868701 0.031237787 -0.562593128 -0.824252305
1561000644.889014006 237.367523 536.752860 28.279890 -0.056093832 0.031098490 -0.558452891 -0.827053042
1561000644.989937305 236.834784 536.106812 28.202141 -0.055021295 0.032101334 -0.554600071 -0.829675191
1561000645.088303566 236.311797 535.478279 28.125181 -0.054920092 0.032807050 -0.550678423 -0.832262432
1561000645.189938545 235.776117 534.855784 28.047170 -0.056355921 0.033274923 -0.546164129 -0.835117677
1561000645.289884806 235.250708 534.237923 27.967286 -0.057871781 0.033472352 -0.541327906 -0.838149484
1561000645.389842987 234.716655 533.624218 27.884016 -0.058276294 0.034164060 -0.536715893 -0.841054541
1561000645.489726305 234.168655 533.014434 27.803402 -0.058440683 0.034705664 -0.532053535 -0.843978222
1561000645.588050842 233.617337 532.417946 27.717702 -0.059293332 0.033609648 -0.527095367 -0.847068572
1561000645.689796686 233.044027 531.826264 27.618275 -0.057484451 0.033905283 -0.522405648 -0.850081354
1561000645.788750887 232.479436 531.252503 27.542601 -0.055291787 0.037791829 -0.516818559 -0.853471249
1561000645.890777111 231.891222 530.681637 27.464217 -0.056761389 0.037794290 -0.511684326 -0.856463010
1561000645.990211964 231.308201 530.117818 27.387656 -0.059203206 0.035540116 -0.507154960 -0.859084237
1561000646.088626146 230.731435 529.551256 27.292033 -0.057490728 0.033317109 -0.502589551 -0.861967824
1561000646.189859390 230.135912 529.004944 27.197806 -0.053209924 0.034647435 -0.498140879 -0.864768133
1561000646.289875031 229.527647 528.464012 27.132541 -0.052413339 0.038320329 -0.492489859 -0.867892927
1561000646.390156269 228.907119 527.923289 27.065226 -0.060679179 0.039983972 -0.487738374 -0.869960113
1561000646.489711761 228.294715 527.380167 26.975826 -0.067506200 0.040230735 -0.482379608 -0.872430120
1561000646.588067532 227.693044 526.836404 26.866740 -0.067658250 0.037102227 -0.476792024 -0.875622722
1561000646.690401077 227.063624 526.303291 26.786695 -0.066094421 0.032523625 -0.470380536 -0.879383814
1561000646.790255308 226.448139 525.804768 26.695033 -0.065754065 0.030967451 -0.461999058 -0.883897217
1561000646.889966249 225.820129 525.306587 26.620040 -0.064918004 0.030318401 -0.454040390 -0.888095587
1561000646.989899874 225.172424 524.829892 26.570690 -0.065667653 0.022981804 -0.446994170 -0.891827230
1561000647.088048458 224.511524 524.370122 26.531038 -0.068231402 0.011294062 -0.440071859 -0.895295302
1561000647.189802647 223.868792 523.917919 26.484970 -0.067553658 0.003387399 -0.430280390 -0.900157661
1561000647.291295767 223.228385 523.478109 26.449156 -0.065914937 0.007354584 -0.420862904 -0.904696384
1561000647.391499758 222.555858 523.075176 26.427560 -0.069273631 0.017152693 -0.410573839 -0.909030292
1561000647.491330862 221.856896 522.676347 26.382621 -0.073939408 0.023132077 -0.399652415 -0.913387003
1561000647.591302872 221.142472 522.284917 26.317896 -0.076368334 0.021165855 -0.388435100 -0.918062121
1561000647.692778349 220.426749 521.906676 26.260187 -0.078264560 0.015953799 -0.377257216 -0.922657644
1561000647.794190645 219.708176 521.545798 26.220056 -0.079264223 0.011299101 -0.364975308 -0.927568077
1561000647.892707586 218.990428 521.218432 26.187253 -0.080017992 0.010649787 -0.353157295 -0.932074905
1561000647.995403051 218.233580 520.912245 26.151043 -0.080718197 0.012469957 -0.341515385 -0.936320626
1561000648.094148397 217.478137 520.617811 26.114626 -0.080618261 0.013900445 -0.329599246 -0.940569939
1561000648.195348024 216.699205 520.342175 26.076653 -0.081398360 0.014586007 -0.317755452 -0.944559701
1561000648.296398640 215.925630 520.090858 26.047734 -0.082029564 0.015536308 -0.305709786 -0.948457327
1561000648.396432877 215.140592 519.854656 26.016405 -0.083051755 0.015753189 -0.294997187 -0.951751492
1561000648.496409655 214.341650 519.638404 25.982746 -0.083646444 0.015997521 -0.283565011 -0.955163984
1561000648.595407486 213.554398 519.436541 25.947947 -0.083393940 0.016444904 -0.271735173 -0.958610980
1561000648.688758373 212.757487 519.261590 25.915026 -0.083561990 0.016857752 -0.261440576 -0.961447885
1561000648.788706779 211.904316 519.081948 25.879352 -0.084090648 0.016999977 -0.252295699 -0.963839532
1561000648.888898611 211.043841 518.916528 25.846766 -0.083835669 0.016527563 -0.243706190 -0.966077488
1561000648.988910675 210.194473 518.772857 25.812430 -0.083418937 0.014849674 -0.235714391 -0.968121632
1561000649.087654352 209.353318 518.644270 25.789570 -0.082634019 0.014547824 -0.228656271 -0.969884678
1561000649.188801050 208.487848 518.533231 25.772142 -0.082560405 0.014684058 -0.223406372 -0.971111606
1561000649.288939953 207.627105 518.433620 25.747804 -0.081315804 0.015125615 -0.218729356 -0.972273842
1561000649.387894154 206.769032 518.325046 25.694742 -0.080053583 0.012768187 -0.214156010 -0.973429813
1561000649.489158869 205.888281 518.222338 25.693670 -0.078547367 0.015043987 -0.212722706 -0.973834195
1561000649.588103294 205.015299 518.130494 25.689013 -0.079730219 0.013336993 -0.211002392 -0.974137160
1561000649.688205242 204.137665 518.030065 25.680281 -0.079257577 0.011650263 -0.210262632 -0.974357292
1561000649.789193153 203.264951 517.946265 25.681602 -0.079028803 0.012097049 -0.209507394 -0.974533099
1561000649.890479803 202.392061 517.851875 25.681258 -0.078343154 0.013690030 -0.209316408 -0.974608421
1561000649.988998652 201.520134 517.764316 25.675968 -0.078900242 0.014502895 -0.209102198 -0.974597706
1561000650.088366032 200.658512 517.658306 25.661856 -0.079148170 0.014954618 -0.208807288 -0.974634005
1561000650.188870430 199.791875 517.555649 25.642189 -0.078968144 0.015096458 -0.208635868 -0.974683130
1561000650.287900686 198.925462 517.456544 25.626271 -0.080392904 0.014684099 -0.208605715 -0.974579403
1561000650.389021873 198.072081 517.350723 25.614292 -0.081914783 0.014055331 -0.209665594 -0.974234445
1561000650.489052773 197.226416 517.251308 25.602911 -0.083122476 0.013564651 -0.210250736 -0.974012978
1561000650.589079857 196.378418 517.136844 25.579560 -0.081876361 0.013323478 -0.210288450 -0.974113707
1561000650.689194202 195.537263 517.031103 25.565424 -0.080333613 0.014366252 -0.210849563 -0.974106043
1561000650.789031267 194.700702 516.926335 25.560050 -0.079942635 0.015588964 -0.211853731 -0.973901512
1561000650.889052391 193.858989 516.810631 25.544321 -0.079924810 0.015679907 -0.213345521 -0.973575808
1561000650.989085436 193.029369 516.707639 25.533901 -0.079289760 0.014326769 -0.213608583 -0.973590905
1561000651.088026762 192.222319 516.600920 25.519533 -0.078759312 0.013652296 -0.214960429 -0.973346084
1561000651.189037323 191.425203 516.483315 25.510612 -0.078323309 0.013497583 -0.215056797 -0.973362136
1561000651.287733078 190.644243 516.364062 25.499079 -0.078287539 0.013152365 -0.216312303 -0.973091498
1561000651.388719320 189.856023 516.251620 25.487362 -0.077413613 0.013114311 -0.217063564 -0.972994633
1561000651.488782644 189.089021 516.146766 25.477188 -0.075889200 0.012194616 -0.218860340 -0.972724150
1561000651.587756395 188.345338 516.027937 25.468619 -0.075392594 0.011285552 -0.219985388 -0.972519934
1561000651.688928843 187.616387 515.919028 25.464878 -0.074798405 0.011402459 -0.222088894 -0.972086264
1561000651.787833691 186.872963 515.801055 25.448766 -0.072991325 0.010677977 -0.225316691 -0.971488876
1561000651.888083696 186.123587 515.674834 25.439949 -0.072332278 0.011255951 -0.229231646 -0.970615371
1561000651.989067078 185.379223 515.532805 25.426648 -0.071779587 0.010891954 -0.232851326 -0.969798596
1561000652.087927103 184.664371 515.390835 25.418165 -0.071196395 0.011282441 -0.238878562 -0.968370184
1561000652.188796997 183.940000 515.223879 25.395785 -0.069297532 0.010746411 -0.245463466 -0.966866099
1561000652.288805246 183.230649 515.059317 25.381862 -0.067154264 0.011572418 -0.253542785 -0.964920950
1561000652.387857676 182.518557 514.885968 25.366628 -0.065242372 0.013435245 -0.262618851 -0.962597666
1561000652.488287687 181.801392 514.674562 25.340549 -0.063787371 0.014620729 -0.272816347 -0.959837823
1561000652.587249041 181.095987 514.457812 25.319753 -0.062485550 0.015961167 -0.284575952 -0.956481743
1561000652.688621998 180.381759 514.216532 25.297420 -0.061103042 0.015811010 -0.297379924 -0.952670778
1561000652.788671494 179.695334 513.931511 25.262136 -0.060031296 0.015123863 -0.310992220 -0.948394091
1561000652.889056921 179.011026 513.652598 25.236906 -0.059245804 0.014969384 -0.325765573 -0.943473711
1561000652.988726616 178.341149 513.344496 25.214183 -0.060276646 0.015522389 -0.341683357 -0.937751708
1561000653.087665558 177.691836 513.026659 25.180111 -0.061172031 0.015860528 -0.357366076 -0.931823972
1561000653.188781023 177.071681 512.669150 25.140243 -0.059948518 0.016923532 -0.373955334 -0.925352461
1561000653.289054871 176.458252 512.293913 25.087617 -0.057894089 0.019213764 -0.391191732 -0.918285432
1561000653.389005423 175.869015 511.908338 25.046129 -0.056887666 0.021931546 -0.409481783 -0.910278787
1561000653.489094496 175.261853 511.485918 24.995890 -0.054485849 0.024691426 -0.429231482 -0.901211385
1561000653.588308573 174.677557 511.040372 24.918670 -0.052064127 0.025053457 -0.448137754 -0.892095401
1561000653.689945459 174.100475 510.563820 24.895952 -0.056371714 0.026685593 -0.466562476 -0.882286555
1561000653.789732695 173.554988 510.078241 24.839627 -0.060567390 0.025380404 -0.484605137 -0.872264460
1561000653.888688803 173.079117 509.568177 24.759246 -0.056509953 0.024532528 -0.502517587 -0.862369327
1561000653.989676476 172.621461 509.012394 24.674027 -0.051141549 0.022801374 -0.521117929 -0.851645902
1561000654.087994337 172.179497 508.438164 24.627066 -0.051432357 0.024074670 -0.538658978 -0.840607892
1561000654.189648628 171.733878 507.848730 24.570327 -0.052585341 0.025435872 -0.557763355 -0.827941930
1561000654.288968801 171.336369 507.255841 24.503150 -0.051526157 0.026047673 -0.577182752 -0.814571448
1561000654.388297319 170.943825 506.661378 24.431798 -0.048910435 0.025841423 -0.596602962 -0.800627814
1561000654.489694118 170.598464 506.017554 24.367887 -0.049668370 0.026533156 -0.613831955 -0.787425791
1561000654.588202000 170.269289 505.372888 24.279161 -0.046228735 0.027723967 -0.632184064 -0.772940874
1561000654.689952850 169.985024 504.715385 24.207229 -0.044359691 0.028169258 -0.649746105 -0.758332849
1561000654.788294554 169.732201 504.050277 24.144661 -0.044815167 0.027944301 -0.666715315 -0.743438905
1561000654.889939785 169.489585 503.373234 24.074607 -0.044728135 0.028065820 -0.683194832 -0.728324464
1561000654.989800453 169.306957 502.675203 23.993840 -0.043057015 0.029139379 -0.698759917 -0.713464483
1561000655.087967634 169.151679 501.986879 23.921233 -0.041263062 0.030799477 -0.713638259 -0.698619487
1561000655.189452648 169.007573 501.274916 23.837553 -0.041503289 0.031419724 -0.726750420 -0.684926350
1561000655.288897514 168.882973 500.556147 23.766462 -0.040216779 0.032174704 -0.740228921 -0.670379403
1561000655.388961554 168.822391 499.832423 23.694019 -0.040240750 0.031773638 -0.751152479 -0.658134539
1561000655.489721060 168.769309 499.098083 23.615423 -0.040150106 0.032006735 -0.760925745 -0.646804103
1561000655.588167667 168.711090 498.383429 23.530511 -0.039261268 0.032842912 -0.770285637 -0.635641356
1561000655.689952135 168.691356 497.633870 23.452039 -0.039521661 0.035286604 -0.778076408 -0.625931304
1561000655.788767576 168.692391 496.908475 23.346005 -0.037603129 0.036552995 -0.786340417 -0.615563670
1561000655.888183355 168.718994 496.156775 23.251643 -0.033205268 0.036120336 -0.792786353 -0.607521629
1561000655.989961624 168.740104 495.400219 23.183683 -0.029963769 0.034288737 -0.799911745 -0.598387546
1561000656.088000774 168.785890 494.667465 23.115794 -0.029293550 0.032071981 -0.805209110 -0.591397976
1561000656.189951181 168.845096 493.902844 23.043752 -0.031350870 0.032320250 -0.810281048 -0.584309120
1561000656.289327145 168.926273 493.152127 22.954454 -0.033013800 0.035331427 -0.813972930 -0.578886732
1561000656.388111115 169.003228 492.403612 22.872322 -0.033251716 0.038692471 -0.816914660 -0.574497742
1561000656.489852667 169.091153 491.623570 22.788183 -0.033248743 0.038824960 -0.819918909 -0.570193060
1561000656.588089228 169.193861 490.849678 22.705575 -0.031527789 0.038508103 -0.822116966 -0.567139153
1561000656.689859390 169.304429 490.076166 22.623582 -0.031161294 0.036429153 -0.823824301 -0.564814493
1561000656.788931131 169.446686 489.306011 22.547947 -0.031127643 0.035491478 -0.826346416 -0.561180029
1561000656.889894724 169.585279 488.555729 22.459683 -0.030347423 0.035987532 -0.828177839 -0.558484913
1561000656.989785433 169.687986 487.792994 22.380305 -0.031506500 0.038044764 -0.830115722 -0.555398798
1561000657.087886810 169.797975 487.008927 22.304649 -0.032851922 0.040314675 -0.831711334 -0.552767343
1561000657.189667225 169.922252 486.187943 22.213904 -0.033749812 0.042047863 -0.833074574 -0.550526731
1561000657.288442850 170.075881 485.392753 22.119114 -0.034311133 0.040552128 -0.833821803 -0.549471994
1561000657.388305902 170.216507 484.575418 22.033655 -0.034567950 0.040605394 -0.834884158 -0.547836382
1561000657.489730358 170.349477 483.755519 21.930795 -0.033668791 0.039097399 -0.835626392 -0.546869581
1561000657.589161634 170.501972 482.942481 21.837536 -0.033277987 0.038969765 -0.835057254 -0.547771225
1561000657.690345287 170.626906 482.127500 21.748552 -0.033689929 0.038483540 -0.835146692 -0.547644053
1561000657.788690329 170.766301 481.315485 21.655915 -0.032918008 0.037994879 -0.834840738 -0.548191332
1561000657.887973070 170.891780 480.477453 21.558238 -0.031938936 0.038681074 -0.835060985 -0.547865704
1561000657.989936352 171.025292 479.628860 21.467438 -0.032225953 0.039182661 -0.834783772 -0.548235588
1561000658.087532282 171.168686 478.795766 21.369627 -0.031540475 0.039615789 -0.834573890 -0.548563771
1561000658.189641714 171.311957 477.919532 21.274355 -0.030693203 0.041386677 -0.834734368 -0.548236814
1561000658.287692785 171.447921 477.068000 21.180003 -0.030569400 0.042244398 -0.835977014 -0.546281388
1561000658.391042948 171.597725 476.197023 21.082131 -0.031201419 0.043236910 -0.836592678 -0.545224478
1561000658.490968943 171.745199 475.332830 20.982318 -0.031401913 0.043941866 -0.837235633 -0.544168657
1561000658.589714527 171.905624 474.494591 20.886356 -0.031109553 0.043907459 -0.837607670 -0.543615418
1561000658.690989733 172.072650 473.629657 20.786771 -0.030369052 0.043432079 -0.838158306 -0.542846230
1561000658.790212393 172.226248 472.772187 20.686743 -0.029739933 0.043507679 -0.839395710 -0.540959759
1561000658.891275883 172.375471 471.912782 20.590867 -0.030150012 0.043551932 -0.840060548 -0.539900437
1561000658.991254330 172.529366 471.068091 20.496415 -0.030557150 0.042950088 -0.840660709 -0.538990838
1561000659.089437008 172.694933 470.236995 20.405766 -0.031001978 0.042757788 -0.840943881 -0.538538800
1561000659.191020727 172.865484 469.376796 20.301749 -0.031177713 0.042592162 -0.841356334 -0.537897182
1561000659.289232254 173.029153 468.571223 20.216246 -0.033965076 0.041974609 -0.840963292 -0.538391351
1561000659.390856743 173.181796 467.762500 20.125859 -0.035556780 0.042645147 -0.840640626 -0.538739681
1561000659.490847349 173.331188 466.949584 20.034364 -0.036610389 0.042972237 -0.840393369 -0.539028804
1561000659.590432405 173.484151 466.168505 19.943814 -0.037685381 0.042652449 -0.840256040 -0.539194183
1561000659.690968513 173.636821 465.384277 19.848996 -0.038253421 0.042704623 -0.839929466 -0.539658673
1561000659.789677858 173.772650 464.636738 19.763188 -0.039146899 0.041881656 -0.840330434 -0.539034515
1561000659.890928507 173.904857 463.874928 19.669847 -0.038900924 0.041675657 -0.840954166 -0.538094738
1561000659.991011143 174.043128 463.158817 19.591436 -0.039869753 0.040947674 -0.841088017 -0.537870466
1561000660.090204239 174.176049 462.477489 19.517103 -0.041924920 0.040422954 -0.840998971 -0.537893128
1561000660.190268040 174.300953 461.811320 19.432065 -0.042199333 0.040023180 -0.840784875 -0.538236152
1561000660.289643764 174.431105 461.143927 19.349246 -0.042215060 0.040317756 -0.840705503 -0.538336905
1561000660.390973568 174.553738 460.501838 19.273087 -0.042301871 0.040389346 -0.841083650 -0.537733714
1561000660.491319418 174.664260 459.871376 19.201880 -0.043045432 0.040034402 -0.841113547 -0.537654478
1561000660.590636730 174.764199 459.279747 19.126110 -0.042810483 0.039359357 -0.841272955 -0.537473644
1561000660.691701889 174.875906 458.705920 19.058009 -0.043348916 0.039320108 -0.841737890 -0.536704876
1561000660.789648056 174.981598 458.135298 18.994362 -0.043589474 0.039029409 -0.842443912 -0.535597721
1561000660.891215086 175.094859 457.597663 18.927991 -0.042883303 0.038478199 -0.843026938 -0.534776618
1561000660.991263151 175.195164 457.065481 18.864671 -0.042725179 0.038032773 -0.844186922 -0.532988281
1561000661.091147900 175.294056 456.563193 18.805674 -0.043149530 0.038000037 -0.844835182 -0.531928220
1561000661.191064358 175.389240 456.078929 18.748716 -0.043841166 0.038041994 -0.845462675 -0.530870628
1561000661.289504051 175.485493 455.634817 18.692644 -0.044587227 0.037238408 -0.845751746 -0.530404811
1561000661.390989780 175.566941 455.201770 18.642901 -0.044097104 0.037061273 -0.846573682 -0.529145451
1561000661.491685390 175.652283 454.802204 18.597274 -0.043848794 0.037197112 -0.847352414 -0.527908651
1561000661.589348555 175.720038 454.450051 18.558101 -0.044424450 0.037452852 -0.847845661 -0.527049796
1561000661.691038370 175.794627 454.110763 18.515578 -0.045436208 0.036989886 -0.848479606 -0.525974959
1561000661.789362907 175.871006 453.823325 18.485393 -0.046482242 0.036040253 -0.849132015 -0.524895534
1561000661.891011000 175.931387 453.534524 18.448201 -0.047090195 0.034664721 -0.849481554 -0.524368153
1561000661.991205931 175.985397 453.301223 18.416942 -0.046934928 0.034636612 -0.849957777 -0.523611683
1561000662.089261055 176.026208 453.072191 18.389895 -0.046026154 0.035100883 -0.850652008 -0.522532948
1561000662.190976381 176.063789 452.872901 18.366345 -0.043866875 0.035672824 -0.851416053 -0.521434418
1561000662.289902449 176.087017 452.715932 18.343908 -0.042529518 0.035898277 -0.851539714 -0.521327795
1561000662.390830994 176.114202 452.571534 18.328214 -0.042518984 0.036980417 -0.851971966 -0.520546207
1561000662.492244482 176.133195 452.441261 18.313567 -0.042716204 0.036844836 -0.851962485 -0.520555192
1561000662.590723991 176.147661 452.349205 18.309825 -0.043151656 0.035968428 -0.852595232 -0.519543624
1561000662.692510843 176.172625 452.261501 18.302820 -0.044083951 0.035102707 -0.852729516 -0.519304129
1561000662.791100979 176.189508 452.188231 18.292039 -0.044862541 0.034518603 -0.853024750 -0.518791475
1561000662.892967463 176.203387 452.117686 18.284473 -0.044841374 0.035126978 -0.853192411 -0.518476670
1561000662.993026257 176.214986 452.067596 18.272916 -0.044531057 0.035361069 -0.853052743 -0.518717262
1561000663.092581987 176.222074 452.042796 18.271288 -0.043927401 0.035382961 -0.853333189 -0.518305795
1561000663.192625761 176.219623 452.021526 18.271045 -0.044409333 0.035238633 -0.853573631 -0.517878467
1561000663.290883780 176.223177 452.025152 18.271966 -0.044166804 0.034825684 -0.853549093 -0.517967577
1561000663.390967846 176.224720 452.023213 18.277052 -0.044089559 0.035221469 -0.853768181 -0.517586179
1561000663.493861198 176.222420 452.044905 18.283669 -0.043800737 0.034725752 -0.853624195 -0.517881599
1561000663.592677832 176.206877 452.073580 18.288953 -0.042976395 0.034337802 -0.853833294 -0.517631772
1561000663.692590237 176.204771 452.086632 18.288442 -0.042701563 0.034060801 -0.853755802 -0.517800608
1561000663.790582418 176.200104 452.102739 18.292503 -0.042973009 0.034332534 -0.853820752 -0.517653090
1561000663.890920401 176.205599 452.112115 18.292710 -0.043378074 0.034465188 -0.853558835 -0.518042285
1561000663.992290258 176.192952 452.113686 18.296926 -0.044092728 0.034787860 -0.853634114 -0.517836301
1561000664.092559338 176.198274 452.110189 18.293248 -0.043530616 0.034561682 -0.853633515 -0.517899987
1561000664.192520380 176.200942 452.105491 18.290872 -0.043311147 0.034474916 -0.853620542 -0.517945552
1561000664.290946960 176.197740 452.107234 18.290557 -0.043265604 0.034519748 -0.853436230 -0.518250014
1561000664.392767668 176.204835 452.102803 18.287805 -0.043487999 0.034230591 -0.853370428 -0.518358922
1561000664.492806673 176.199695 452.105286 18.289617 -0.043500374 0.034575614 -0.853334065 -0.518394848
1561000664.590719461 176.199809 452.103731 18.289332 -0.043304146 0.034602685 -0.853397089 -0.518305714
1561000664.692297459 176.201811 452.107496 18.288876 -0.043209694 0.034472461 -0.853302392 -0.518478158
1561000664.792337894 176.199739 452.101035 18.292229 -0.043307868 0.034736538 -0.853329041 -0.518408477
1561000664.892716646 176.192693 452.101551 18.291426 -0.043172454 0.034639737 -0.853521931 -0.518108619
1561000664.993108749 176.196030 452.102409 18.289798 -0.043215830 0.034524017 -0.853397945 -0.518316922
1561000665.090756416 176.195320 452.094640 18.290566 -0.043201711 0.034936343 -0.853534560 -0.518065458
1561000665.192617893 176.192996 452.095713 18.290980 -0.042921147 0.034812924 -0.853455403 -0.518227471
1561000665.290830851 176.193017 452.099911 18.290772 -0.043013001 0.034721371 -0.853326175 -0.518438759
1561000665.392592430 176.194544 452.090249 18.288070 -0.042954021 0.034753125 -0.853464642 -0.518213544
1561000665.490755320 176.196145 452.090967 18.287654 -0.042724911 0.034435132 -0.853595810 -0.518037641
1561000665.591161728 176.194573 452.094138 18.285918 -0.042069503 0.033742845 -0.853710639 -0.517947605
1561000665.692559242 176.194644 452.097782 18.288075 -0.041988220 0.033574421 -0.853685496 -0.518006584
1561000665.790810823 176.199899 452.095982 18.287753 -0.041590235 0.033600279 -0.853687396 -0.518033883
1561000665.892387867 176.198137 452.088602 18.287036 -0.041818073 0.033947795 -0.854042697 -0.517406868
1561000665.993546724 176.198852 452.071113 18.288899 -0.042012720 0.034382284 -0.854270287 -0.516986524
1561000666.092178822 176.199203 452.042384 18.285333 -0.042259312 0.034010286 -0.854673483 -0.516324209
1561000666.190989256 176.206631 452.013695 18.280938 -0.041946980 0.033995057 -0.855243768 -0.515405554
1561000666.292174101 176.227686 451.971535 18.277628 -0.041704220 0.034011091 -0.855713411 -0.514644112
1561000666.391397715 176.241763 451.938833 18.274526 -0.040968753 0.033667478 -0.856300791 -0.513748010
1561000666.492011547 176.258606 451.893959 18.266171 -0.040317171 0.033262991 -0.857399696 -0.511990098
1561000666.590534925 176.289388 451.831770 18.260816 -0.039803813 0.033121315 -0.858390457 -0.510376781
1561000666.692430496 176.307041 451.765035 18.255574 -0.039589220 0.032998165 -0.859859904 -0.507922003
1561000666.790751696 176.328520 451.698439 18.246272 -0.038082847 0.033255419 -0.861517630 -0.505204065
1561000666.892438173 176.361764 451.620905 18.237386 -0.036943438 0.034091822 -0.863109898 -0.502507943
1561000666.993878603 176.394295 451.528518 18.218691 -0.035332566 0.034797645 -0.865342294 -0.498721814
1561000667.092228413 176.428694 451.435334 18.211765 -0.034684670 0.036296306 -0.867967644 -0.494076634
1561000667.193655968 176.468842 451.319862 18.209286 -0.035467471 0.036071837 -0.870836977 -0.488962003
1561000667.292390585 176.525096 451.200996 18.212193 -0.038368567 0.033329883 -0.874054597 -0.483162016
1561000667.394074202 176.610539 451.068168 18.199603 -0.040317813 0.029842743 -0.878140689 -0.475765505
1561000667.493644714 176.707646 450.943285 18.168111 -0.038387844 0.028009836 -0.881892888 -0.469048779
1561000667.594922066 176.799463 450.813765 18.148833 -0.034801470 0.027977867 -0.886106674 -0.461325330
1561000667.694847584 176.879169 450.662694 18.142441 -0.033365883 0.028075763 -0.890942921 -0.452016792
1561000667.793643475 176.958220 450.506065 18.137981 -0.033585101 0.027323544 -0.896276371 -0.441377539
1561000667.895105362 177.060949 450.345800 18.117875 -0.031942712 0.025777151 -0.901212442 -0.431429410
1561000667.993860245 177.175144 450.179597 18.101746 -0.029662494 0.025860210 -0.906291448 -0.420817298
1561000668.095039606 177.309600 450.014092 18.080368 -0.025466443 0.026067936 -0.911472966 -0.409742547
1561000668.195063591 177.426829 449.839015 18.066781 -0.022175434 0.026029782 -0.917046503 -0.397311479
1561000668.295516491 177.573011 449.664341 18.056575 -0.020374976 0.025017378 -0.922454896 -0.384754410
1561000668.394627094 177.730462 449.491010 18.042206 -0.018950288 0.023856186 -0.927924148 -0.371521929
1561000668.494501591 177.883502 449.299265 18.015332 -0.015626661 0.023338135 -0.933793778 -0.356707611
1561000668.594012499 178.060865 449.118305 17.994122 -0.012228888 0.023546320 -0.939033706 -0.342799831
1561000668.694903851 178.243995 448.917696 17.984002 -0.011514678 0.024275552 -0.944537497 -0.327302652
1561000668.793816805 178.437055 448.718415 17.972774 -0.011214157 0.023781870 -0.949932892 -0.311345733
1561000668.895272732 178.639454 448.506942 17.969997 -0.012497177 0.021199198 -0.955385190 -0.294335784
1561000668.994162798 178.879862 448.313363 17.954116 -0.012963071 0.017850775 -0.960262135 -0.278226422
1561000669.094311714 179.145228 448.124558 17.923393 -0.012131260 0.016901399 -0.964784800 -0.262216447
1561000669.195298910 179.433874 447.933396 17.900593 -0.011188369 0.018116488 -0.969000574 -0.246139189
1561000669.293896198 179.726888 447.742477 17.875500 -0.009216195 0.020545078 -0.973030578 -0.229574510
1561000669.395230293 180.018070 447.547838 17.857719 -0.007002565 0.023088492 -0.976884824 -0.212400391
1561000669.494996071 180.304735 447.356582 17.850709 -0.006406233 0.024907479 -0.980532490 -0.194665391
1561000669.593747854 180.616114 447.187264 17.846126 -0.005968652 0.026141206 -0.983819993 -0.177141845
1561000669.694998026 180.970865 446.999700 17.829959 -0.005359414 0.026598107 -0.986764373 -0.159874606
1561000669.793660641 181.337452 446.819116 17.810779 -0.004506473 0.028006213 -0.989343052 -0.142813408
1561000669.895038843 181.709235 446.645334 17.783579 -0.002059009 0.029086377 -0.991681343 -0.125370882
1561000669.995673656 182.099196 446.478293 17.762353 -0.001800307 0.032135994 -0.993793431 -0.106483115
1561000670.093667984 182.494550 446.327468 17.758294 -0.003220953 0.035142219 -0.995455220 -0.088450857
1561000670.195457935 182.951625 446.187248 17.744508 -0.005060077 0.037278567 -0.996752811 -0.071193659
1561000670.294209003 183.379887 446.071621 17.719159 -0.004652473 0.039882084 -0.997778992 -0.053149388
1561000670.394828558 183.827065 445.955888 17.711047 -0.003096184 0.041454986 -0.998513426 -0.035253882
1561000670.494671583 184.298609 445.834094 17.709512 0.000417119 0.040998826 -0.999043149 -0.015222003
1561000670.594386339 184.762940 445.758933 17.703114 0.004503814 0.041986739 -0.999104132 0.002786127
1561000670.696518660 185.247836 445.674141 17.696559 0.007111438 0.042669945 -0.998827995 0.021710380
1561000670.795475721 185.732829 445.599016 17.686715 0.009167940 0.043870145 -0.998188900 0.040128287
1561000670.896486759 186.243791 445.540595 17.682793 0.009394409 0.043757952 -0.997222967 0.059525975
1561000670.996511221 186.764750 445.506152 17.682645 0.006347312 0.043911154 -0.996058177 0.076809050
1561000671.095705986 187.323543 445.487879 17.683843 0.004382019 0.044518057 -0.994518237 0.094511466
1561000671.196462393 187.858848 445.499430 17.684458 0.004083823 0.044585512 -0.992800550 0.111096904
1561000671.295335531 188.404390 445.528702 17.688809 0.007187743 0.044605865 -0.991219529 0.124267852
1561000671.388670683 188.929527 445.568122 17.696755 0.011388115 0.043307964 -0.989681610 0.136106731
1561000671.488768339 189.497990 445.623054 17.701057 0.013976751 0.041024674 -0.988387252 0.145644318
1561000671.587845087 190.047087 445.681168 17.709461 0.013526442 0.038094490 -0.987486544 0.152434153
1561000671.689008713 190.630254 445.744556 17.705660 0.012796593 0.037793751 -0.986586063 0.158290305
1561000671.787824154 191.216890 445.817599 17.703989 0.012490734 0.039863584 -0.985699729 0.163251099
1561000671.888780355 191.799013 445.876261 17.726267 0.016385136 0.042892761 -0.985131638 0.165551786
1561000671.988518000 192.388089 445.929894 17.752777 0.023524995 0.042814797 -0.984501145 0.168436820
1561000672.087984324 192.987111 445.976026 17.775895 0.027006130 0.040763437 -0.984028795 0.171161741
1561000672.188583136 193.576649 446.029282 17.789560 0.025360545 0.037138634 -0.983876478 0.173102977
1561000672.287472963 194.126216 446.120103 17.771880 0.024862496 0.036255912 -0.984320644 0.170822230
1561000672.388448715 194.705568 446.223899 17.760097 0.018778538 0.039684746 -0.984533290 0.169607451
1561000672.488556623 195.303674 446.309304 17.747601 0.003554392 0.042508464 -0.984625459 0.169390381
1561000672.588603258 196.046450 446.380267 17.755043 -0.001606199 0.041852747 -0.984730657 0.168971303
1561000672.688648701 196.720316 446.457884 17.752737 0.000475039 0.039307513 -0.985438948 0.165423014
1561000672.788520098 197.325067 446.498076 17.750613 0.004091631 0.037895081 -0.985535241 0.165128771
1561000672.888469219 197.980669 446.514708 17.772478 0.016132816 0.035836573 -0.985922622 0.162517864
1561000672.988488913 198.678532 446.546728 17.796508 0.019202238 0.038446394 -0.986170066 0.160067953
1561000673.088576317 199.371768 446.587787 17.796628 0.017623753 0.039434525 -0.986537469 0.157728069
1561000673.188449383 200.115138 446.639774 17.785561 0.012532804 0.038596836 -0.986938094 0.155905138
1561000673.287428856 200.844234 446.682815 17.792142 0.010497824 0.038780920 -0.987311591 0.153628313
1561000673.388638258 201.582156 446.716280 17.809555 0.010945139 0.038616032 -0.987562374 0.152018301
1561000673.488459349 202.319600 446.748471 17.806526 0.014371671 0.039368682 -0.987822289 0.149835535
1561000673.587548494 203.045228 446.784676 17.808591 0.012906894 0.041324905 -0.988262601 0.146501520
1561000673.688297033 203.773489 446.807959 17.811092 0.011648413 0.041058354 -0.988534505 0.144838044
1561000673.787928343 204.508456 446.836352 17.804893 0.011699359 0.042125645 -0.989099949 0.140605282
1561000673.888383865 205.285241 446.846146 17.811052 0.009866487 0.042981295 -0.989445210 0.138034190
1561000673.987137556 206.066102 446.854699 17.808206 0.010344625 0.042497143 -0.990011288 0.134032203
1561000674.087334871 206.864434 446.842396 17.821611 0.009156135 0.043871081 -0.990407419 0.130708214
1561000674.188412666 207.658912 446.842202 17.811608 0.010502373 0.044179583 -0.991069505 0.125375842
1561000674.287396669 208.457836 446.824473 17.816295 0.008946316 0.044818415 -0.991647499 0.120608914
1561000674.388614893 209.295921 446.793447 17.816463 0.007739774 0.046735509 -0.992077334 0.116354847
1561000674.488690138 210.125914 446.743407 17.813256 0.008362333 0.047864325 -0.992337398 0.113602669
1561000674.588549614 210.962991 446.707503 17.806315 0.009279219 0.044707591 -0.993219511 0.106911784
1561000674.688440084 211.818344 446.654592 17.799084 0.009704054 0.043936025 -0.993627971 0.103338820
1561000674.787350893 212.666748 446.597847 17.781940 0.008899346 0.044198317 -0.994064074 0.099014781
1561000674.888506174 213.541392 446.535815 17.761980 0.008157670 0.043447107 -0.994612547 0.093763975
1561000674.988526583 214.410340 446.467619 17.762194 0.007067492 0.042701582 -0.995159531 0.088227730
1561000675.088646889 215.284286 446.388774 17.762205 0.007636378 0.039821067 -0.995740436 0.082806713
1561000675.188734531 216.159149 446.302898 17.758201 0.007331228 0.040278659 -0.996168664 0.077277918
1561000675.287511110 217.043409 446.202782 17.755870 0.005571774 0.040340325 -0.996627645 0.071238685
1561000675.387611628 217.926722 446.086934 17.727943 0.006488682 0.041354361 -0.997033817 0.064585452
1561000675.487597942 218.808098 445.956815 17.720819 0.005301193 0.040663021 -0.997385788 0.059497950
1561000675.587932110 219.700059 445.821423 17.712487 0.005415800 0.040704341 -0.997731239 0.053349797
1561000675.688288212 220.578325 445.674063 17.693163 0.006716180 0.040572484 -0.998029333 0.047394266
1561000675.787287474 221.446105 445.509621 17.676942 0.007291960 0.038803938 -0.998379729 0.040975572
1561000675.888491869 222.346532 445.334516 17.671168 0.007773707 0.038536578 -0.998655393 0.033792131
1561000675.988584757 223.215935 445.150963 17.655902 0.007658403 0.038206437 -0.998849451 0.027953394
1561000676.088616610 224.086590 444.956910 17.638343 0.007098672 0.039345657 -0.998936654 0.022958427
1561000676.188596487 224.982380 444.753862 17.626466 0.006049371 0.039581158 -0.999040590 0.017737973
1561000676.287457228 225.859185 444.548590 17.614355 0.006689109 0.038497507 -0.999150915 0.013063188
1561000676.388429165 226.748186 444.333228 17.599071 0.007043875 0.036965877 -0.999257587 0.008257330
1561000676.488162279 227.617801 444.114794 17.579710 0.007462578 0.035910140 -0.999317431 0.004409528
1561000676.587292433 228.467355 443.892963 17.573853 0.005373895 0.035146506 -0.999367618 0.000456640
1561000676.688367844 229.331591 443.659041 17.557137 0.004341398 0.034801364 -0.999377024 -0.003947239
1561000676.787326097 230.184351 443.410785 17.530182 0.004502844 0.034530775 -0.999361734 -0.007967046
1561000676.888516188 231.045623 443.167612 17.497948 0.005057785 0.035142965 -0.999285195 -0.012980380
1561000676.987469196 231.896237 442.908553 17.482962 0.003816372 0.034746957 -0.999230962 -0.017764248
1561000677.088493109 232.742068 442.647698 17.461118 0.004026468 0.034363446 -0.999139177 -0.022887670
1561000677.188443184 233.581158 442.378818 17.441733 0.003692434 0.035080266 -0.998975787 -0.028339346
1561000677.287626028 234.413647 442.095389 17.416772 0.002447499 0.035294827 -0.998797739 -0.033931733
1561000677.388549089 235.252508 441.797666 17.393089 0.001892190 0.036869919 -0.998532394 -0.039624312
1561000677.488576889 236.079802 441.480620 17.368965 0.001655960 0.037005522 -0.998296068 -0.045086686
1561000677.588731766 236.906594 441.160691 17.345288 0.002181100 0.036978363 -0.998027154 -0.050691641
1561000677.688731670 237.732052 440.842009 17.329736 0.002368613 0.036964741 -0.997737783 -0.056100921
1561000677.787768602 238.547757 440.522475 17.306878 0.002104797 0.036385179 -0.997409879 -0.062009855
1561000677.888893366 239.377709 440.177515 17.276817 0.002038022 0.036219158 -0.997053168 -0.067594369
1561000677.988409519 240.185094 439.827036 17.249009 0.001542068 0.036286855 -0.996671843 -0.072980293
1561000678.088507414 240.996387 439.471429 17.220989 0.000841389 0.035994966 -0.996266821 -0.078460659
1561000678.188627481 241.796685 439.110676 17.189475 0.000715488 0.035797976 -0.995915613 -0.082885969
1561000678.287575006 242.594847 438.740109 17.160037 0.000647609 0.035732705 -0.995456317 -0.088258000
1561000678.388519526 243.395675 438.364983 17.133821 0.000196329 0.036877527 -0.994904524 -0.093834944
1561000678.487511873 244.175095 437.976384 17.101585 0.000700719 0.036915870 -0.994430419 -0.098716105
1561000678.588694096 244.970912 437.573861 17.072220 -0.000768008 0.037331407 -0.993893130 -0.103837479
1561000678.689149857 245.752062 437.169722 17.033613 -0.001467097 0.037741056 -0.993297630 -0.109239546
1561000678.787875652 246.518898 436.761708 16.997148 -0.002669508 0.039666707 -0.992600665 -0.114731630
1561000678.888993979 247.291314 436.343485 16.947056 -0.002044881 0.041284887 -0.991882574 -0.120251134
1561000678.987897635 248.048191 435.917255 16.902611 -0.003611707 0.044143535 -0.991059257 -0.125856477
1561000679.088934898 248.808971 435.480928 16.856518 -0.004683168 0.045527244 -0.990304447 -0.131158073
1561000679.188595533 249.565677 435.028525 16.813169 -0.005064014 0.045058344 -0.989688362 -0.135871441
1561000679.287601471 250.319232 434.570977 16.776376 -0.003431236 0.042092809 -0.989214005 -0.140257170
1561000679.388690233 251.078484 434.106274 16.741215 -0.001748452 0.037929107 -0.988734734 -0.144782430
1561000679.488245726 251.830038 433.650666 16.717432 -0.001497564 0.032053615 -0.988212003 -0.149690882
1561000679.588499546 252.573149 433.192797 16.688427 -0.001533483 0.023447445 -0.987962039 -0.152901524
1561000679.688286066 253.296313 432.746928 16.653889 -0.002335595 0.017800318 -0.987428660 -0.157042465
1561000679.788249969 254.025857 432.294487 16.613826 -0.000926750 0.018759390 -0.986851554 -0.160534221
1561000679.888634920 254.753196 431.814863 16.585020 -0.001300731 0.021931588 -0.985971586 -0.165461007
1561000679.987597942 255.472456 431.317491 16.551054 -0.003111542 0.022455159 -0.985078287 -0.170607305
1561000680.088584423 256.220107 430.815174 16.519088 -0.007802692 0.024512275 -0.984313228 -0.174544365
1561000680.188613653 256.929737 430.305790 16.466913 -0.010388132 0.026993126 -0.983412419 -0.179062762
1561000680.287446976 257.635951 429.789858 16.418378 -0.011907629 0.029450077 -0.982566731 -0.183176203
1561000680.388378620 258.342246 429.250814 16.368212 -0.010301823 0.030738621 -0.981631332 -0.188013129
1561000680.488300085 259.027360 428.728653 16.325379 -0.010113801 0.030863162 -0.980750337 -0.192545975
1561000680.588241816 259.720784 428.200084 16.279342 -0.010129437 0.031578689 -0.979882080 -0.196802666
1561000680.688223124 260.422595 427.658450 16.227796 -0.010218728 0.031477642 -0.979024296 -0.201037714
1561000680.787881374 261.106981 427.119291 16.174330 -0.009410874 0.031474128 -0.978130767 -0.205380176
1561000680.888615608 261.790622 426.567368 16.128201 -0.008211023 0.031944842 -0.977297852 -0.209286921
1561000680.988703728 262.464730 426.008898 16.087649 -0.007966784 0.031545878 -0.976469511 -0.213186963
1561000681.088707209 263.127590 425.451289 16.038030 -0.007935528 0.030853820 -0.975430868 -0.217990118
1561000681.188614368 263.799925 424.895065 15.991863 -0.008504029 0.031213349 -0.974413749 -0.222421345
1561000681.287307739 264.469079 424.323354 15.949603 -0.009830751 0.031300145 -0.973553860 -0.226089671
1561000681.388518333 265.137598 423.747360 15.896727 -0.009578374 0.030961642 -0.972459948 -0.230805720
1561000681.488221884 265.786577 423.160995 15.843484 -0.009384788 0.030393947 -0.971390883 -0.235346311
1561000681.588586807 266.432356 422.575697 15.795194 -0.009855569 0.030847526 -0.970346830 -0.239537735
1561000681.688675642 267.077899 421.981209 15.747328 -0.009459749 0.030119924 -0.968967209 -0.245164947
1561000681.787509203 267.719873 421.383126 15.701538 -0.009279898 0.030411653 -0.967881547 -0.249387901
1561000681.888593912 268.354991 420.765899 15.647562 -0.009363053 0.029667659 -0.966363084 -0.255293074
1561000681.987440825 268.962123 420.153488 15.596968 -0.009773386 0.030312794 -0.964907559 -0.260651143
1561000682.088506222 269.578005 419.515131 15.539859 -0.010294243 0.030956423 -0.963378786 -0.266152294
1561000682.188407898 270.169600 418.881451 15.487994 -0.010302342 0.031880547 -0.961967900 -0.271100079
1561000682.288105249 270.776323 418.235146 15.433463 -0.010212382 0.032191848 -0.960258205 -0.277062397
1561000682.388340950 271.376813 417.587489 15.383642 -0.009504549 0.031592660 -0.958935783 -0.281697945
1561000682.487758160 271.976561 416.922142 15.331163 -0.010653250 0.030815159 -0.957715488 -0.285863565
1561000682.588431835 272.545072 416.258379 15.273122 -0.011326026 0.029622801 -0.956213273 -0.290947397
1561000682.688588142 273.131962 415.585680 15.216225 -0.013165358 0.028974140 -0.955070248 -0.294665901
1561000682.787353516 273.703632 414.914157 15.158609 -0.014768985 0.029603122 -0.953536823 -0.299454604
1561000682.888395786 274.271521 414.235431 15.092739 -0.016521036 0.028450371 -0.952147990 -0.303861543
1561000682.987866402 274.848146 413.558269 15.031641 -0.017118468 0.028365455 -0.950472418 -0.309038092
1561000683.088369608 275.412775 412.863961 14.970996 -0.017552421 0.027693329 -0.949292337 -0.312680429
1561000683.188382387 275.960465 412.169731 14.903272 -0.017257215 0.026817348 -0.947569662 -0.317954012
1561000683.288278103 276.507055 411.465187 14.844398 -0.017249547 0.026863448 -0.945944815 -0.322752560
1561000683.388708353 277.042985 410.759870 14.782629 -0.016958121 0.025623389 -0.944434482 -0.327260407
1561000683.487489462 277.560519 410.058461 14.722807 -0.016607253 0.024963765 -0.942996307 -0.331449807
1561000683.588405848 278.078822 409.336936 14.661944 -0.016139429 0.024810572 -0.941387767 -0.336025337
1561000683.688374996 278.599639 408.608989 14.607594 -0.015519455 0.024459933 -0.939356206 -0.341717392
1561000683.787278652 279.109473 407.870080 14.544397 -0.014170777 0.023942435 -0.937615517 -0.346558929
1561000683.888465643 279.623056 407.122641 14.484097 -0.013635935 0.024498780 -0.935704393 -0.351669106
1561000683.987476349 280.110676 406.381390 14.421556 -0.012982717 0.025911698 -0.933805780 -0.356604540
1561000684.088335752 280.595260 405.612727 14.366776 -0.013650642 0.027789638 -0.931602382 -0.362157974
1561000684.188313723 281.067801 404.855938 14.305836 -0.013860212 0.028323788 -0.929365527 -0.367811601
1561000684.287109613 281.537170 404.087139 14.236737 -0.013216366 0.027547104 -0.927668296 -0.372153218
1561000684.388462067 282.012190 403.302566 14.175705 -0.013558002 0.027959688 -0.925219459 -0.378157888
1561000684.488012552 282.476468 402.517321 14.119104 -0.013939534 0.027992650 -0.923048236 -0.383411078
1561000684.588811874 282.919172 401.720886 14.053941 -0.013497628 0.027610749 -0.920798524 -0.388825847
1561000684.688871861 283.360393 400.920618 13.985687 -0.011744221 0.027750569 -0.918237305 -0.394882552
1561000684.787717104 283.780410 400.120202 13.923004 -0.010038567 0.028905007 -0.915604203 -0.400914792
1561000684.888831854 284.197956 399.294593 13.866155 -0.009228170 0.029488938 -0.913202292 -0.406333382
1561000684.987902880 284.601535 398.475123 13.807136 -0.009727833 0.030017267 -0.910685945 -0.411892513
1561000685.088036537 284.996521 397.645978 13.751359 -0.010343578 0.030615092 -0.908319345 -0.417027210
1561000685.188569784 285.383857 396.817542 13.691577 -0.011531583 0.030401406 -0.905451415 -0.423202685
1561000685.287528276 285.764943 395.986930 13.626858 -0.012316394 0.030632114 -0.903122996 -0.428110774
1561000685.388623953 286.143605 395.135474 13.558966 -0.013971327 0.030233864 -0.900178936 -0.434244861
1561000685.487845182 286.500614 394.297183 13.492493 -0.015219862 0.030232514 -0.897333056 -0.440054244
1561000685.588568211 286.858139 393.444099 13.422566 -0.015666788 0.029343773 -0.894544100 -0.445740225
1561000685.690125227 287.199462 392.582966 13.347268 -0.016063721 0.028372182 -0.891329923 -0.452181318
1561000685.787412405 287.524590 391.730827 13.275906 -0.016598442 0.027860090 -0.888147898 -0.458412062
1561000685.888466597 287.843699 390.851805 13.207509 -0.017292463 0.027573186 -0.885226198 -0.464020762
1561000685.987399340 288.140044 389.975381 13.133927 -0.017920032 0.026666471 -0.882029650 -0.470097296
1561000686.087258339 288.433871 389.102135 13.061137 -0.017785516 0.026497006 -0.879097056 -0.475573286
1561000686.188476324 288.725726 388.205070 12.995548 -0.018114613 0.026025231 -0.876305868 -0.480710488
1561000686.287470102 289.003002 387.296570 12.925692 -0.019506807 0.025586584 -0.873684156 -0.485428478
1561000686.388966799 289.271754 386.379741 12.847436 -0.019529028 0.024562344 -0.871123608 -0.490060167
1561000686.487977028 289.539853 385.480354 12.775406 -0.019449246 0.023614936 -0.868447488 -0.494836359
1561000686.587724924 289.788597 384.576638 12.704794 -0.019396571 0.022990084 -0.865200397 -0.500523228
1561000686.688706398 290.029548 383.657292 12.627984 -0.019492520 0.023236312 -0.862363480 -0.505380395
1561000686.787932396 290.254977 382.740559 12.560818 -0.020771457 0.023760146 -0.860039140 -0.509251098
1561000686.888478041 290.478882 381.810403 12.483393 -0.021555340 0.022984743 -0.857513466 -0.513495593
1561000686.987593889 290.696760 380.862081 12.401415 -0.022055738 0.023568340 -0.854992019 -0.517635707
1561000687.088270426 290.900687 379.919799 12.319542 -0.022325497 0.023746648 -0.852556303 -0.521618077
1561000687.188244820 291.103837 378.974829 12.243310 -0.021304024 0.024024463 -0.850159251 -0.525545632
1561000687.288164377 291.303827 378.033921 12.164397 -0.019914329 0.024158690 -0.848403729 -0.528423022
1561000687.388333559 291.482350 377.083934 12.088815 -0.019761424 0.024766931 -0.845863493 -0.532457544
1561000687.487379074 291.659469 376.122941 12.013923 -0.019004511 0.025654261 -0.844381530 -0.534790164
1561000687.588475466 291.835914 375.155755 11.934277 -0.018831976 0.026743966 -0.843473697 -0.536173703
1561000687.688577414 292.010001 374.193858 11.851721 -0.018549869 0.027611254 -0.841730642 -0.538872014
1561000687.788952351 292.176800 373.228108 11.774207 -0.017370903 0.028225980 -0.840940190 -0.540112158
1561000687.889598370 292.345347 372.242547 11.695468 -0.016225463 0.028180272 -0.840098034 -0.541459047
1561000687.987977028 292.509256 371.266731 11.625645 -0.015931620 0.027435692 -0.840117754 -0.541475416
1561000688.089933157 292.680793 370.264545 11.549505 -0.015158312 0.026813221 -0.839167656 -0.542999928
1561000688.190001011 292.846724 369.302015 11.474049 -0.015617345 0.025893279 -0.839022380 -0.543256001
1561000688.289996386 293.006493 368.323662 11.398925 -0.015159500 0.027013777 -0.837870430 -0.544989530
1561000688.389681101 293.159728 367.310586 11.330618 -0.016267931 0.027277286 -0.837603169 -0.545355145
1561000688.488077641 293.315028 366.315263 11.259530 -0.015902281 0.026265539 -0.837393474 -0.545737490
1561000688.589473963 293.485340 365.315460 11.187412 -0.015911555 0.025189073 -0.837373413 -0.545818743
1561000688.691093683 293.656548 364.295256 11.106172 -0.016220224 0.024442734 -0.837445817 -0.545732500
1561000688.791401386 293.817257 363.279492 11.023145 -0.016668751 0.024789433 -0.837523897 -0.545583504
1561000688.890982628 293.992204 362.267302 10.945584 -0.016983968 0.024705882 -0.838487697 -0.544095163
1561000688.989842176 294.160581 361.260721 10.871548 -0.017891003 0.025594220 -0.838896442 -0.543394523
1561000689.091430187 294.345375 360.229101 10.795135 -0.018611000 0.024183407 -0.839336557 -0.542754952
1561000689.191464186 294.532024 359.207751 10.722493 -0.019009593 0.023072854 -0.839773874 -0.542112645
1561000689.290840149 294.717102 358.191213 10.649710 -0.019293173 0.021409420 -0.840287772 -0.541374058
1561000689.391429663 294.907931 357.167887 10.573625 -0.019896265 0.020676763 -0.840844968 -0.540514894
1561000689.489524364 295.097352 356.163031 10.499977 -0.020796959 0.020792071 -0.841453353 -0.539528898
1561000689.591042757 295.288996 355.132652 10.413948 -0.020564426 0.021140936 -0.841406545 -0.539597248
1561000689.690730095 295.464050 354.102096 10.346353 -0.020968512 0.021523475 -0.841218820 -0.539859202
1561000689.790618181 295.652610 353.075043 10.274147 -0.021614705 0.021505812 -0.841407402 -0.539540442
1561000689.890493631 295.843617 352.025151 10.187906 -0.021824403 0.020593938 -0.841828790 -0.538909894
1561000689.988769531 296.028432 351.001657 10.113141 -0.023973010 0.021735332 -0.841835560 -0.538763177
1561000690.089918375 296.229205 349.929690 10.025649 -0.026247176 0.022264918 -0.841980864 -0.538408380
1561000690.192203760 296.437841 348.867060 9.937008 -0.026696408 0.022572615 -0.841865500 -0.538553859
1561000690.291974068 296.642181 347.810497 9.841284 -0.025098104 0.022060781 -0.841589452 -0.539083112
1561000690.391912222 296.826517 346.743159 9.744036 -0.024051339 0.021856569 -0.841187353 -0.539766302
1561000690.490993023 297.011724 345.680654 9.654734 -0.024854387 0.022925475 -0.840744340 -0.540375460
1561000690.592400789 297.208107 344.599762 9.573834 -0.024989068 0.023315257 -0.840427544 -0.540845162
1561000690.692576408 297.395850 343.536661 9.491941 -0.023796004 0.021345829 -0.839403606 -0.542567684
1561000690.792429924 297.584433 342.474298 9.415566 -0.021886474 0.019186046 -0.838985169 -0.543375343
1561000690.892320156 297.770663 341.388523 9.339191 -0.021680801 0.018628883 -0.838712470 -0.543823778
1561000690.990818262 297.931604 340.313014 9.258003 -0.022111558 0.018255285 -0.838112577 -0.544743180
1561000691.092083454 298.116714 339.217153 9.182510 -0.022845919 0.019245829 -0.837011322 -0.546369572
1561000691.192133665 298.293190 338.126618 9.106012 -0.023015074 0.019543858 -0.836394080 -0.547296343
1561000691.290557861 298.463905 337.038597 9.021139 -0.023059464 0.018973524 -0.836243740 -0.547544222
1561000691.392272949 298.619533 335.949166 8.935623 -0.022305521 0.019074445 -0.836257129 -0.547551499
1561000691.490763903 298.806569 334.864241 8.858669 -0.021056195 0.018996941 -0.836922383 -0.546586386
1561000691.592398405 298.983633 333.746738 8.782681 -0.021113789 0.018389802 -0.837053940 -0.546403445
1561000691.693707466 299.173000 332.631586 8.707279 -0.021344237 0.018216226 -0.837411341 -0.545852396
1561000691.793093204 299.349534 331.539258 8.631877 -0.022081889 0.017767390 -0.837811387 -0.545223615
1561000691.893555880 299.540536 330.446310 8.546912 -0.021641520 0.017423225 -0.838114071 -0.544787004
1561000691.992355347 299.714582 329.348434 8.464967 -0.021153966 0.017983021 -0.838451927 -0.544267845
1561000692.093594313 299.915870 328.230832 8.383314 -0.020848245 0.019020541 -0.838766513 -0.543759419
1561000692.194281816 300.102334 327.116883 8.307682 -0.020060210 0.019682485 -0.839016884 -0.543379109
1561000692.295279026 300.298744 326.002018 8.224336 -0.019751917 0.020204203 -0.839648540 -0.542394672
1561000692.394016743 300.508773 324.888748 8.149753 -0.019852743 0.020565339 -0.839732511 -0.542247403
1561000692.492417336 300.698413 323.771936 8.070246 -0.018328213 0.020372380 -0.839696556 -0.542364025
1561000692.593861580 300.894935 322.626724 7.992847 -0.017944664 0.020477484 -0.839529875 -0.542630861
1561000692.694075823 301.093789 321.484316 7.905205 -0.017874313 0.020650401 -0.839394708 -0.542835697
1561000692.792280912 301.283953 320.367058 7.821477 -0.017563442 0.021288436 -0.839844135 -0.542125591
1561000692.893670321 301.485918 319.230549 7.744260 -0.016811681 0.022747177 -0.839638122 -0.542409216
1561000692.992175341 301.674929 318.108454 7.665956 -0.017168834 0.023147205 -0.839845137 -0.542060499
1561000693.093464613 301.877589 316.972367 7.586880 -0.016434056 0.022610320 -0.839652624 -0.542404062
1561000693.194062471 302.079397 315.828022 7.520200 -0.015901356 0.022406616 -0.839779223 -0.542232374
1561000693.293469906 302.274685 314.694911 7.443129 -0.016192543 0.020962764 -0.840155204 -0.541698807
1561000693.393529892 302.475130 313.561240 7.367315 -0.016167287 0.020492119 -0.840157558 -0.541713919
1561000693.492204428 302.685674 312.419108 7.293461 -0.016650429 0.020319602 -0.839956989 -0.542016729
1561000693.592339754 302.885999 311.252742 7.208473 -0.016972341 0.020268851 -0.839941937 -0.542031970
1561000693.693884611 303.085772 310.091784 7.123215 -0.016728800 0.020707611 -0.840108101 -0.541765375
1561000693.792488813 303.266255 308.954133 7.045084 -0.016922151 0.021675574 -0.839795748 -0.542205599
1561000693.894144773 303.468213 307.785626 6.951068 -0.016881284 0.021150889 -0.839431495 -0.542791330
1561000693.992807627 303.666393 306.630776 6.879157 -0.016154459 0.023273012 -0.839225588 -0.543044946
1561000694.092849016 303.850307 305.456391 6.801506 -0.015824614 0.024242596 -0.838747850 -0.543749871
1561000694.194056511 304.048325 304.295206 6.717503 -0.015568150 0.023872037 -0.838237116 -0.544560645
1561000694.295355082 304.251073 303.133122 6.648000 -0.015250165 0.023965913 -0.837936146 -0.545028516
1561000694.395094395 304.442880 301.989252 6.571050 -0.016442168 0.022654798 -0.837789049 -0.545276007
1561000694.493900776 304.639125 300.846560 6.494248 -0.017726896 0.022212873 -0.837840798 -0.545174415
1561000694.595165253 304.818841 299.681303 6.421313 -0.018874374 0.021169849 -0.837672366 -0.545436159
1561000694.695244789 305.018791 298.542317 6.336094 -0.019553103 0.019273138 -0.837974275 -0.545018657
1561000694.795280457 305.212904 297.394753 6.258316 -0.020142769 0.017259068 -0.837818156 -0.545304622
1561000694.895139456 305.422954 296.266833 6.193427 -0.020615674 0.017763185 -0.837789598 -0.545314636
1561000694.993753195 305.596582 295.145118 6.109022 -0.020429521 0.017542988 -0.838109238 -0.544837392
1561000695.095133066 305.780537 293.994613 6.030960 -0.020991568 0.019074366 -0.837405045 -0.545846418
1561000695.195034027 305.963311 292.862166 5.952534 -0.020722084 0.020101754 -0.837532640 -0.545624040
1561000695.295438766 306.141942 291.741545 5.873072 -0.019938471 0.019517809 -0.837313416 -0.546010765
1561000695.395190239 306.330137 290.606080 5.799542 -0.020066275 0.020007769 -0.836709987 -0.546912636
1561000695.493827820 306.513823 289.494202 5.724344 -0.019656942 0.020709237 -0.836262464 -0.547585448
1561000695.594941378 306.692345 288.375441 5.650545 -0.019671869 0.021513586 -0.836046362 -0.547883805
1561000695.693724155 306.849510 287.273949 5.571806 -0.018792959 0.021999257 -0.835902812 -0.548114355
1561000695.795289040 307.026850 286.171263 5.499820 -0.017721798 0.022107733 -0.835927681 -0.548107744
1561000695.895125628 307.196075 285.086656 5.436286 -0.016484839 0.022676777 -0.836140919 -0.547797752
1561000695.994052649 307.362110 284.022857 5.375083 -0.016352295 0.022945159 -0.836576174 -0.547125605
1561000696.095534801 307.536301 282.963947 5.318360 -0.016631082 0.022369781 -0.837159916 -0.546247448
1561000696.195280075 307.712070 281.913657 5.247370 -0.016394895 0.020548757 -0.837264555 -0.546165745
1561000696.293679237 307.873760 280.901529 5.180466 -0.015900797 0.018861317 -0.837326426 -0.546146384
1561000696.395229578 308.042523 279.854894 5.117443 -0.015954974 0.018758148 -0.837191680 -0.546354885
1561000696.493859053 308.206873 278.834016 5.052163 -0.015910249 0.018112324 -0.837132535 -0.546468597
1561000696.595229149 308.374487 277.803718 4.991113 -0.016391880 0.017955960 -0.837763730 -0.545491359
1561000696.695190907 308.534302 276.805640 4.934442 -0.017213299 0.017858473 -0.837672512 -0.545609329
1561000696.793729782 308.698374 275.784473 4.869629 -0.017897581 0.017652160 -0.837350944 -0.546087423
1561000696.895066261 308.881416 274.755050 4.809631 -0.018697141 0.017746908 -0.837974785 -0.545099737
1561000696.993653536 309.040217 273.753918 4.747920 -0.018661399 0.017483090 -0.838133693 -0.544865127
1561000697.095078468 309.204080 272.751058 4.685009 -0.019883748 0.018112207 -0.838201997 -0.544696242
1561000697.194711447 309.363390 271.761137 4.613329 -0.020612116 0.017569830 -0.837703779 -0.545452858
1561000697.295124292 309.545892 270.779544 4.550974 -0.020569242 0.017214333 -0.838062435 -0.544914606
1561000697.395090342 309.713637 269.800905 4.495618 -0.019942149 0.017292773 -0.838234394 -0.544670884
1561000697.494901419 309.870464 268.848392 4.438090 -0.019745608 0.017982048 -0.838510600 -0.544230403
1561000697.594832897 310.033315 267.909931 4.382726 -0.019829526 0.018948662 -0.838542142 -0.544145949
1561000697.694792032 310.187153 266.984548 4.326113 -0.020151011 0.019290595 -0.838076595 -0.544838904
1561000697.793523788 310.331554 266.090578 4.271360 -0.020412758 0.019377883 -0.837930363 -0.545050936
1561000697.894670486 310.486884 265.183730 4.216003 -0.019979753 0.019782985 -0.838610502 -0.544005394
1561000697.993432760 310.638961 264.313345 4.163386 -0.020195433 0.020301714 -0.838748482 -0.543765546
1561000698.094395399 310.780342 263.471701 4.119997 -0.019213382 0.020724396 -0.838799887 -0.543705891
1561000698.194979906 310.920732 262.641346 4.072610 -0.018657416 0.020030653 -0.838788723 -0.543768473
1561000698.294470787 311.044974 261.847284 4.028967 -0.017905172 0.019522641 -0.839224288 -0.543139822
1561000698.394909620 311.164836 261.081058 3.981775 -0.017991286 0.018802831 -0.839105153 -0.543346399
1561000698.495277166 311.292070 260.337149 3.944249 -0.017658216 0.019619011 -0.839052694 -0.543409477
1561000698.596221447 311.409145 259.615277 3.901249 -0.017612080 0.019911342 -0.838980992 -0.543511038
1561000698.696098804 311.526107 258.906291 3.859764 -0.017088888 0.020066005 -0.839429673 -0.542828840
1561000698.795558453 311.623656 258.243906 3.823193 -0.016791466 0.019719489 -0.840127321 -0.541770499
1561000698.896800280 311.724972 257.614465 3.785645 -0.014934740 0.018143933 -0.839824712 -0.542348785
1561000698.995206118 311.840259 256.991494 3.759852 -0.014015595 0.017898894 -0.839676281 -0.542611220
1561000699.096710920 311.938324 256.364321 3.717169 -0.013133186 0.016587104 -0.839862122 -0.542387319
1561000699.188436270 312.031633 255.770037 3.688456 -0.013288367 0.017649064 -0.839486424 -0.542931372
1561000699.288321495 312.136524 255.096924 3.659109 -0.013041579 0.017091350 -0.839605028 -0.542771775
1561000699.388251305 312.247974 254.444720 3.627542 -0.008915951 0.012271113 -0.839213914 -0.543589857
1561000699.488479614 312.349190 253.817285 3.607260 -0.002422565 0.006868851 -0.839167344 -0.543824529
1561000699.589973450 312.455829 253.198895 3.595288 0.000490345 0.005417496 -0.839014383 -0.544082049
1561000699.688422918 312.526961 252.616657 3.578528 -0.002255946 0.007569454 -0.839040183 -0.544012118
1561000699.788559914 312.604070 252.008093 3.533417 -0.005825932 0.009043578 -0.839971517 -0.542523845
1561000699.888555288 312.707993 251.390664 3.485680 -0.002333958 0.006128164 -0.841549941 -0.540139515
1561000699.987387419 312.783975 250.760723 3.420998 -0.008265274 0.010350447 -0.841917253 -0.539444059
1561000700.088423014 312.925396 250.104952 3.353121 -0.025656962 0.027478405 -0.840085247 -0.541150104
1561000700.187392712 313.043056 249.441330 3.283820 -0.023327989 0.026671680 -0.839654125 -0.541964368
1561000700.287990093 313.167297 248.785691 3.177803 -0.019448631 0.022368700 -0.838839677 -0.543570960
1561000700.388343573 313.266416 248.164794 3.129807 -0.012318370 0.014441306 -0.838920367 -0.543923087
1561000700.487210512 313.352769 247.528791 3.144996 -0.009796648 0.010724624 -0.839385421 -0.543342546
1561000700.588360310 313.440529 246.854322 3.139915 -0.014452872 0.014048391 -0.839172161 -0.543492265
1561000700.688216448 313.560307 246.159897 3.114714 -0.018973382 0.017483762 -0.838627200 -0.544094430
1561000700.788680077 313.684175 245.436285 3.058597 -0.017341896 0.016800545 -0.838428117 -0.544477082
1561000700.888725042 313.801477 244.735814 3.016846 -0.014757099 0.015793050 -0.837674096 -0.545742536
1561000700.988991976 313.890966 244.035518 2.980271 -0.012463617 0.015806857 -0.838119277 -0.545115473
1561000701.088963985 313.979478 243.335857 2.948038 -0.010838170 0.014717465 -0.837793972 -0.545680485
1561000701.189694881 314.107815 242.630330 2.901123 -0.010982148 0.015042725 -0.837731046 -0.545765337
1561000701.290050268 314.215419 241.914166 2.861151 -0.012031811 0.015538157 -0.837410159 -0.546221591
1561000701.389756203 314.322877 241.213937 2.833449 -0.012213492 0.016256934 -0.837717301 -0.545725449
1561000701.487899542 314.446785 240.506443 2.794603 -0.012252734 0.015804830 -0.837952114 -0.545377238
1561000701.589890242 314.575860 239.747154 2.748106 -0.012028377 0.014780474 -0.838021195 -0.545304807
1561000701.687781334 314.686788 239.020350 2.706396 -0.011696953 0.013299365 -0.838597987 -0.544462786
1561000701.789548397 314.807958 238.282884 2.667943 -0.012690287 0.013549543 -0.839202388 -0.543502271
1561000701.889595032 314.915091 237.548861 2.625946 -0.012408208 0.013935586 -0.839159452 -0.543565314
1561000701.987603664 315.044344 236.811173 2.584853 -0.012531172 0.015134966 -0.839689327 -0.542711467
1561000702.089330912 315.166273 236.042744 2.540771 -0.011800600 0.015753650 -0.840035844 -0.542173727
1561000702.189159870 315.295251 235.279182 2.499504 -0.011832092 0.014900293 -0.840619519 -0.541291795
1561000702.289369822 315.420894 234.528842 2.456830 -0.012558398 0.014990680 -0.841269167 -0.540262672
1561000702.389667988 315.550372 233.762562 2.405882 -0.011829432 0.014677195 -0.841878790 -0.539337323
1561000702.489912510 315.690814 233.007158 2.358199 -0.010051716 0.016285366 -0.842052033 -0.539056698
1561000702.589784384 315.815348 232.224933 2.317356 -0.009331457 0.018433683 -0.842746373 -0.537914189
1561000702.689425945 315.947496 231.472559 2.288549 -0.009710109 0.019012214 -0.843243222 -0.537108107
1561000702.788315773 316.085961 230.714055 2.241360 -0.008288894 0.019362650 -0.843594223 -0.536567954
1561000702.889554501 316.221523 229.939750 2.191780 -0.005983142 0.020028575 -0.844194145 -0.535629820
1561000702.987718344 316.355270 229.190320 2.152968 -0.004167779 0.021064753 -0.844631201 -0.534917788
1561000703.089700699 316.475336 228.445109 2.121237 -0.003210292 0.021933473 -0.844709950 -0.534765104
1561000703.189249277 316.600271 227.721307 2.102927 -0.003707625 0.022044210 -0.844980101 -0.534330362
1561000703.289499044 316.749690 226.994384 2.064991 -0.004364952 0.021110773 -0.845340955 -0.533792050
1561000703.389641285 316.885020 226.274810 2.031840 -0.004638027 0.022460548 -0.845446849 -0.533566901
1561000703.488070250 317.022958 225.563165 1.990266 -0.004810965 0.022869797 -0.845691891 -0.533159500
1561000703.590068817 317.164141 224.840603 1.956051 -0.004697641 0.023789409 -0.845481238 -0.533454283
1561000703.689052343 317.298763 224.164683 1.928780 -0.005379751 0.023509337 -0.845679688 -0.533145603
1561000703.788258314 317.419697 223.481378 1.889898 -0.005545495 0.022584292 -0.845781260 -0.533022754
1561000703.889823914 317.536634 222.795199 1.861384 -0.005273192 0.021627000 -0.846214017 -0.532377970
1561000703.987931490 317.655232 222.138529 1.826321 -0.005999740 0.020842057 -0.846557335 -0.531855516
1561000704.089855194 317.803567 221.481938 1.763693 -0.005179758 0.022553725 -0.846261650 -0.532264708
1561000704.188588142 317.904386 220.843087 1.736360 -0.005153720 0.025580884 -0.846291465 -0.532080646
1561000704.288815975 318.003804 220.178362 1.720884 -0.007864111 0.024146031 -0.846328051 -0.532056346
1561000704.389729738 318.132655 219.529985 1.721667 -0.007364318 0.015826507 -0.846334847 -0.532365115
1561000704.487789631 318.290024 218.889808 1.700568 -0.001383454 0.005695430 -0.845909652 -0.533294017
1561000704.589640617 318.432784 218.265221 1.668779 0.004810973 -0.000046874 -0.845925989 -0.533278607
1561000704.687710285 318.517045 217.662618 1.641677 0.004600292 0.001550007 -0.846014869 -0.533137202
1561000704.789397717 318.608252 217.040656 1.589399 0.003259068 0.004600669 -0.845605304 -0.533778869
1561000704.889402390 318.716878 216.459812 1.549008 0.002583265 0.007629663 -0.845870283 -0.533327835
1561000704.987589598 318.825179 215.812259 1.498288 -0.003331815 0.011361006 -0.846258624 -0.532640749
1561000705.089375734 318.960922 215.087000 1.461376 -0.019920547 0.024060927 -0.845440723 -0.533154975
1561000705.188393116 319.105672 214.378743 1.419565 -0.017014334 0.019745926 -0.844936234 -0.534231571
1561000705.287814617 319.238586 213.721285 1.365284 -0.008835235 0.012684797 -0.845169631 -0.534274582
1561000705.389561892 319.360563 213.045178 1.323991 0.002160661 0.003363149 -0.844964034 -0.534808191
1561000705.487647295 319.458230 212.410301 1.320631 -0.000763446 0.005706899 -0.845379446 -0.534135228
1561000705.589370489 319.583777 211.728602 1.304862 -0.007229268 0.009314647 -0.844916875 -0.534767659
1561000705.687877655 319.710687 211.019829 1.264697 -0.012843858 0.012295886 -0.844982253 -0.534498679
1561000705.789735556 319.848851 210.313274 1.208373 -0.012489768 0.010854307 -0.844965256 -0.534565156
1561000705.889716387 319.978297 209.600532 1.160525 -0.008822436 0.008715834 -0.844531590 -0.535362114
1561000705.987911701 320.101279 208.902371 1.127328 -0.006464857 0.008122229 -0.844662274 -0.535198915
1561000706.090048552 320.222406 208.167068 1.102657 -0.006272940 0.008145117 -0.845211906 -0.534332425
1561000706.188987494 320.346972 207.449753 1.072431 -0.007633258 0.008304189 -0.844955835 -0.534717132
1561000706.288095951 320.487654 206.736981 1.035212 -0.010361398 0.009310729 -0.844597358 -0.535220754
1561000706.389716625 320.632494 206.002373 0.994550 -0.010574697 0.009586891 -0.844798111 -0.534894774
1561000706.487963676 320.768026 205.281250 0.950444 -0.010527745 0.008907632 -0.844586095 -0.535242140
1561000706.589909315 320.918060 204.514057 0.910910 -0.009871608 0.008362299 -0.844475651 -0.535437670
1561000706.688666821 321.041505 203.789058 0.873287 -0.009086877 0.007538103 -0.844457228 -0.535492853
1561000706.787594080 321.183719 203.009893 0.842666 -0.009685282 0.007062888 -0.844824116 -0.534909827
1561000706.889818430 321.322181 202.244580 0.802028 -0.009813195 0.005521994 -0.844774645 -0.535003746
1561000706.987732172 321.456628 201.489159 0.764725 -0.010309568 0.006436507 -0.844862376 -0.534845632
1561000707.090035677 321.622916 200.698142 0.731313 -0.011864541 0.007016865 -0.844458412 -0.535443728
1561000707.187816143 321.763138 199.947356 0.693002 -0.012316567 0.006678511 -0.844593398 -0.535224898
1561000707.289888144 321.895956 199.172141 0.648457 -0.012607441 0.006821729 -0.844168031 -0.535886976
1561000707.389438391 322.037579 198.396226 0.607494 -0.012232074 0.006005061 -0.844301056 -0.535695849
1561000707.489709854 322.188229 197.598860 0.573348 -0.011896729 0.005496060 -0.844035167 -0.536127688
1561000707.591053963 322.340736 196.801065 0.537143 -0.012173237 0.004550268 -0.844102634 -0.536024113
1561000707.691205978 322.494264 196.001058 0.492773 -0.011964532 0.003542638 -0.843556665 -0.536895197
1561000707.792541504 322.628935 195.202949 0.451371 -0.011962352 0.004527691 -0.843138759 -0.537543891
1561000707.892600775 322.774056 194.399121 0.415008 -0.011921562 0.005557194 -0.842774963 -0.538105339
1561000707.991043568 322.907443 193.607636 0.378258 -0.011884480 0.005919652 -0.842438743 -0.538628519
1561000708.092344046 323.047419 192.789172 0.338250 -0.010995672 0.006669050 -0.842830649 -0.538025200
1561000708.192942142 323.182440 191.967607 0.299820 -0.010061610 0.007712041 -0.842745756 -0.538162503
1561000708.291664600 323.300425 191.170645 0.257462 -0.008553405 0.007982794 -0.842816208 -0.538074302
1561000708.392422915 323.430969 190.359289 0.225821 -0.008335610 0.009387693 -0.843068278 -0.537659992
1561000708.490776777 323.561438 189.569851 0.195435 -0.008297650 0.010361848 -0.842895862 -0.537912955
1561000708.592234373 323.716600 188.773808 0.159642 -0.008231439 0.010387801 -0.843247080 -0.537362726
1561000708.691239119 323.851072 188.002972 0.120351 -0.008254792 0.011407217 -0.843245612 -0.537343997
1561000708.792524338 323.982586 187.213302 0.077882 -0.008475915 0.011150011 -0.843484330 -0.536971154
1561000708.892669678 324.120893 186.465872 0.045996 -0.008684497 0.012631641 -0.842861462 -0.537912239
1561000708.991273880 324.244427 185.729550 0.012671 -0.008309558 0.012783378 -0.843432523 -0.537018730
1561000709.092861176 324.379207 185.004191 -0.015748 -0.008458512 0.013008147 -0.842941589 -0.537781293
1561000709.191134214 324.503003 184.285122 -0.048849 -0.008200662 0.012942792 -0.842622936 -0.538286004
1561000709.294002771 324.629685 183.585512 -0.079817 -0.007926532 0.012633132 -0.842770571 -0.538066295
1561000709.393902302 324.749242 182.917806 -0.104918 -0.008534430 0.012363876 -0.842895530 -0.537867478
1561000709.493831635 324.863892 182.262635 -0.130972 -0.008835630 0.012357266 -0.842598509 -0.538327950
1561000709.592685699 324.960320 181.636128 -0.170022 -0.008103530 0.012582376 -0.842819784 -0.537987758
1561000709.692562103 325.066818 180.982684 -0.198678 -0.007889730 0.012493139 -0.842506710 -0.538483163
1561000709.793654680 325.167538 180.358612 -0.221776 -0.006185153 0.011741810 -0.842834067 -0.538009859
1561000709.893580914 325.276841 179.756797 -0.242684 -0.005522739 0.010035993 -0.842698901 -0.538263264
1561000709.992102146 325.384745 179.174652 -0.272306 -0.005183769 0.009443631 -0.842704410 -0.538268728
1561000710.093568802 325.480020 178.582054 -0.296819 -0.005968076 0.010008692 -0.842297416 -0.538887067
1561000710.192573547 325.584242 177.993614 -0.309936 -0.004950883 0.008252447 -0.842274304 -0.538963248
1561000710.293781996 325.690055 177.407811 -0.296786 0.000396936 0.001953660 -0.841910696 -0.539613200
1561000710.393960953 325.781110 176.826614 -0.293785 0.006432279 -0.005852648 -0.841449387 -0.540265955
1561000710.492481947 325.861006 176.284706 -0.316010 0.008938676 -0.008999075 -0.841498055 -0.540111230
1561000710.593960285 325.948377 175.734646 -0.367143 0.006905820 -0.005825416 -0.841802745 -0.539709655
1561000710.693742275 326.023349 175.230872 -0.369636 0.006705573 -0.002872426 -0.842014419 -0.539405694
1561000710.794870377 326.095701 174.687052 -0.377880 0.010067064 -0.002977620 -0.841433258 -0.540259068
1561000710.894971609 326.190430 174.080559 -0.404559 0.004225150 0.003430800 -0.842265810 -0.539034955
1561000710.994924784 326.327763 173.442812 -0.486679 -0.019014064 0.019650128 -0.841744414 -0.539183345
1561000711.096558809 326.464460 172.801788 -0.536092 -0.020524580 0.017221881 -0.841708139 -0.539267612
1561000711.195522547 326.549633 172.247901 -0.601994 -0.018195320 0.014531171 -0.841110629 -0.540361625
1561000711.296458483 326.622766 171.662011 -0.661297 -0.003941049 0.006223614 -0.841003724 -0.540979178
1561000711.388623238 326.706573 171.102431 -0.647899 0.001724315 0.002589967 -0.840271634 -0.542156711
1561000711.488495588 326.781826 170.474818 -0.629540 0.001842047 0.006001392 -0.840468488 -0.541824059
1561000711.587508917 326.884366 169.817930 -0.652466 -0.007794945 0.012930067 -0.840165866 -0.542119332
1561000711.687623978 327.004323 169.143185 -0.687672 -0.012364023 0.013451527 -0.839494000 -0.543061701
1561000711.788450003 327.115321 168.480917 -0.722983 -0.008956491 0.008707346 -0.839520873 -0.543183825
1561000711.888620377 327.220274 167.821354 -0.753852 -0.003153633 0.004165228 -0.839973874 -0.542601692
1561000711.987447023 327.330142 167.191782 -0.777681 -0.002678106 0.001536214 -0.839608234 -0.543183654
1561000712.088828802 327.441479 166.534397 -0.803941 -0.004724852 0.000932579 -0.839622193 -0.543149500
1561000712.187844515 327.543111 165.884490 -0.827397 -0.007620810 0.001865438 -0.839667813 -0.543043652
1561000712.288881302 327.646408 165.209366 -0.862698 -0.010005854 0.001608830 -0.839353377 -0.543491677
1561000712.389434099 327.762217 164.522592 -0.897113 -0.010507358 0.002459332 -0.839481696 -0.543280801
1561000712.489825487 327.896889 163.827128 -0.935298 -0.009690086 0.002468251 -0.838908588 -0.544180477
1561000712.589538813 327.999791 163.156354 -0.969460 -0.009368530 0.001620914 -0.839166072 -0.543792154
1561000712.687888384 328.100768 162.473420 -0.999541 -0.009562530 0.002037733 -0.838825679 -0.544312305
1561000712.787710667 328.210293 161.783644 -1.022557 -0.008557142 0.001951770 -0.838335547 -0.545083918
1561000712.889805317 328.336927 161.091286 -1.053924 -0.008258751 0.002475313 -0.838242479 -0.545229505
1561000712.987559557 328.425620 160.403957 -1.083517 -0.008167438 0.003609150 -0.838645764 -0.544604029
1561000713.089387417 328.511273 159.693013 -1.116448 -0.007706284 0.004538784 -0.837892494 -0.545762019
1561000713.187558651 328.618401 158.958298 -1.144329 -0.007255656 0.006122697 -0.837875191 -0.545779289
1561000713.289345264 328.728319 158.228768 -1.179981 -0.007121720 0.006623663 -0.837307317 -0.546646015
1561000713.389480352 328.828813 157.518743 -1.215184 -0.006741548 0.007360136 -0.837017847 -0.547084549
1561000713.487375498 328.939737 156.811894 -1.243912 -0.006375561 0.008224957 -0.836389278 -0.548037114
1561000713.589281797 329.044246 156.056222 -1.274771 -0.005594184 0.008267001 -0.836017802 -0.548611517
1561000713.688013792 329.148524 155.311442 -1.309500 -0.005134082 0.007881121 -0.835245430 -0.549796872
1561000713.788171530 329.245199 154.556762 -1.347362 -0.004821588 0.008115976 -0.834197263 -0.551385355
1561000713.889806509 329.342838 153.811470 -1.379594 -0.005077307 0.007968834 -0.833808344 -0.551973155
1561000713.987923384 329.448190 153.061105 -1.411464 -0.004834475 0.008042789 -0.833252522 -0.552812966
1561000714.089415073 329.550593 152.274059 -1.447413 -0.004740317 0.007759796 -0.832631039 -0.553753436
1561000714.187538862 329.648263 151.496923 -1.487704 -0.006076026 0.007716850 -0.831117937 -0.556009448
1561000714.289125919 329.744384 150.683103 -1.526842 -0.006131720 0.007518895 -0.830079170 -0.557561153
1561000714.389287949 329.834642 149.915144 -1.562175 -0.006884349 0.007200189 -0.829436007 -0.558512912
1561000714.489362717 329.920413 149.128244 -1.604829 -0.006401688 0.006177520 -0.828049940 -0.560583761
1561000714.589196682 330.003180 148.339452 -1.636983 -0.005899904 0.005089706 -0.826722841 -0.562555446
1561000714.687711477 330.070156 147.547943 -1.668197 -0.005817004 0.004166401 -0.824819240 -0.565351240
1561000714.788187265 330.163118 146.740591 -1.695023 -0.006478379 0.003317012 -0.822541503 -0.568658513
1561000714.889328957 330.236723 145.903412 -1.732661 -0.006564494 0.002812433 -0.820679549 -0.571344096
1561000714.987429619 330.310198 145.080361 -1.771350 -0.006830286 0.003479446 -0.818003046 -0.575162809
1561000715.089117050 330.369789 144.229966 -1.809620 -0.006981989 0.003979108 -0.814704014 -0.579821342
1561000715.187596083 330.421773 143.397525 -1.846390 -0.007486919 0.004466950 -0.811475922 -0.584320819
1561000715.287637711 330.457912 142.541823 -1.880804 -0.008442123 0.004555891 -0.807674719 -0.589550271
1561000715.390908957 330.483760 141.668624 -1.922564 -0.008662311 0.004628527 -0.803276874 -0.595524814
1561000715.488872051 330.504900 140.823657 -1.963859 -0.008433845 0.004532223 -0.799620907 -0.600428791
1561000715.590931654 330.500727 139.967243 -1.998623 -0.008733651 0.004609571 -0.796359513 -0.604742921
1561000715.689344406 330.479848 139.124971 -2.032273 -0.009510972 0.004128068 -0.791683931 -0.610842905
1561000715.789064407 330.458715 138.254662 -2.073950 -0.010348927 0.002929363 -0.787823951 -0.615806577
1561000715.890576363 330.424707 137.385514 -2.115361 -0.010784084 0.002167065 -0.783727229 -0.621007760
1561000715.988929987 330.387100 136.517860 -2.151184 -0.011280602 0.001637756 -0.779770952 -0.625961123
1561000716.090355873 330.331819 135.609945 -2.184815 -0.011576177 0.000889534 -0.775599090 -0.631119047
1561000716.188875437 330.264733 134.738914 -2.222831 -0.012254893 -0.000372686 -0.771212818 -0.636459321
1561000716.290839672 330.185724 133.807431 -2.266540 -0.012662983 -0.000978938 -0.767375462 -0.641072219
1561000716.391225815 330.086130 132.910305 -2.301710 -0.013086880 -0.000702532 -0.763111036 -0.646134495
1561000716.490033150 329.971716 132.014685 -2.338920 -0.013410479 -0.000331110 -0.758373463 -0.651682239
1561000716.592824936 329.854455 131.093876 -2.382732 -0.013563014 -0.000648025 -0.753646494 -0.657139701
1561000716.691028595 329.731588 130.206850 -2.420644 -0.013290006 -0.000260933 -0.749283219 -0.662116278
1561000716.792556047 329.600348 129.275093 -2.461949 -0.012794304 0.000093463 -0.744998424 -0.666943510
1561000716.893889189 329.430472 128.365169 -2.508559 -0.012841583 0.000623816 -0.740452693 -0.671985501
1561000716.992609501 329.263385 127.471924 -2.539979 -0.012729280 0.001678541 -0.735468555 -0.677437194
1561000717.093386412 329.060847 126.554209 -2.583418 -0.012480627 0.001422632 -0.730333949 -0.682974768
1561000717.191864491 328.845222 125.647322 -2.624368 -0.011373011 0.000873534 -0.727166076 -0.686366804
1561000717.291958332 328.630488 124.727013 -2.665708 -0.011208235 0.001041229 -0.723499020 -0.690233626
1561000717.393489838 328.407906 123.780240 -2.699982 -0.011752289 0.001349543 -0.720302164 -0.693559554
1561000717.491891623 328.177548 122.876527 -2.735971 -0.012473881 0.001286834 -0.716381476 -0.697596107
1561000717.593257666 327.939194 121.938268 -2.777351 -0.012779338 0.001314768 -0.713211261 -0.700831405
1561000717.693419695 327.695170 121.008743 -2.821488 -0.012568388 0.001292891 -0.710114733 -0.703972606
1561000717.795014620 327.425473 120.058334 -2.863503 -0.012353113 0.001836381 -0.706626781 -0.707476233
1561000717.894737244 327.162971 119.136244 -2.904211 -0.011552854 0.000963794 -0.703947051 -0.710157836
1561000717.994837523 326.892053 118.210848 -2.933134 -0.012126220 0.001189081 -0.701465272 -0.712599476
1561000718.094708204 326.621409 117.257556 -2.969920 -0.013064947 0.000253375 -0.698875525 -0.715123936
1561000718.193444014 326.336061 116.322870 -3.006811 -0.014553725 0.000467638 -0.696506836 -0.717402396
1561000718.294510365 326.036639 115.366825 -3.053696 -0.015649721 -0.000057541 -0.694396626 -0.719422274
1561000718.394671679 325.738835 114.405790 -3.098365 -0.016264921 0.001039416 -0.692075660 -0.721640944
1561000718.494875908 325.421429 113.444356 -3.142642 -0.016635265 0.001212731 -0.690393972 -0.723241288
1561000718.594927788 325.108624 112.479920 -3.185221 -0.016854325 0.000327172 -0.688532866 -0.725009184
1561000718.693516970 324.788322 111.532502 -3.222799 -0.017031688 -0.000133966 -0.687338159 -0.726137838
1561000718.794895411 324.462735 110.572710 -3.268680 -0.017078164 -0.000117141 -0.685588838 -0.727788615
1561000718.894977331 324.126711 109.631522 -3.312886 -0.017201213 0.000129630 -0.684542158 -0.728770290
1561000718.994246721 323.797880 108.706539 -3.351594 -0.017452723 0.000959642 -0.682644604 -0.730541461
1561000719.095146179 323.471285 107.758120 -3.387860 -0.017615015 0.001508863 -0.681675186 -0.731441300
1561000719.193642378 323.133903 106.825571 -3.429039 -0.017520477 0.001230336 -0.680429717 -0.732602839
1561000719.295523405 322.802567 105.886597 -3.474758 -0.017301775 0.000049130 -0.679939969 -0.733063629
1561000719.393726587 322.469830 104.969202 -3.519642 -0.017198384 0.000070369 -0.677399669 -0.735414100
1561000719.494904518 322.139603 104.022836 -3.563395 -0.016333137 -0.000483987 -0.677244888 -0.735576207
1561000719.594895601 321.788024 103.084049 -3.606552 -0.015276194 -0.000622042 -0.676406496 -0.736369814
1561000719.693482399 321.454060 102.163371 -3.643552 -0.013943946 0.000053406 -0.676979655 -0.735869629
1561000719.794763565 321.115831 101.217033 -3.677952 -0.013111538 0.001048689 -0.677015147 -0.735851533
1561000719.893356085 320.778683 100.279946 -3.710727 -0.012733555 0.001978955 -0.677195668 -0.735690130
1561000719.994700670 320.434184 99.346108 -3.740874 -0.012834549 0.001934065 -0.677385928 -0.735513316
1561000720.094715834 320.088304 98.428702 -3.774745 -0.013194238 0.001499958 -0.677583859 -0.735325626
1561000720.193542480 319.761877 97.504490 -3.811806 -0.014103895 0.000909178 -0.678859312 -0.734132337
1561000720.295140266 319.446116 96.563550 -3.862350 -0.013247087 0.000635946 -0.679388996 -0.733658437
1561000720.394846678 319.137529 95.653974 -3.896911 -0.012942986 0.001481876 -0.680118517 -0.732986416
1561000720.495119095 318.811532 94.724972 -3.933882 -0.013313945 0.002080997 -0.679848394 -0.733228866
1561000720.594864845 318.491174 93.830076 -3.970942 -0.013464101 0.002272173 -0.680370262 -0.732741334
1561000720.693451881 318.181622 92.944176 -4.001667 -0.013745895 0.002551988 -0.681222410 -0.731943008
1561000720.794620514 317.874809 92.031160 -4.040275 -0.013931217 0.002458924 -0.681656510 -0.731535561
1561000720.893514633 317.558115 91.145465 -4.087154 -0.013547081 0.002246312 -0.682127260 -0.731104528
1561000720.993625879 317.252940 90.228928 -4.130151 -0.013179395 0.002340524 -0.682285136 -0.730963623
1561000721.094357252 316.946716 89.322978 -4.161154 -0.012789599 0.002408970 -0.683199820 -0.730115490
1561000721.193198442 316.655871 88.444548 -4.193160 -0.012650022 0.001569068 -0.683752752 -0.729602419
1561000721.294456005 316.350610 87.538599 -4.230897 -0.011964860 0.000915253 -0.684474370 -0.728938160
1561000721.394542456 316.054065 86.658156 -4.264945 -0.010903921 0.000824932 -0.685691031 -0.727810576
1561000721.494261026 315.745369 85.774030 -4.296055 -0.010148451 0.000813604 -0.686615737 -0.726949226
1561000721.594776630 315.444769 84.879317 -4.324862 -0.010021150 0.001413929 -0.688011213 -0.725629484
1561000721.693491220 315.159983 84.008497 -4.360258 -0.009791830 0.001729186 -0.689642931 -0.724081320
1561000721.794883490 314.871906 83.119502 -4.388608 -0.009870608 0.002298792 -0.691083704 -0.722703674
1561000721.894568443 314.612428 82.237224 -4.422082 -0.009939452 0.002375520 -0.692876414 -0.720983938
1561000721.994617224 314.336926 81.367566 -4.458448 -0.008937293 0.002456419 -0.694976645 -0.718972568
1561000722.096200466 314.063055 80.466033 -4.496480 -0.007665186 0.003022055 -0.697325570 -0.716707166
1561000722.196524858 313.805609 79.585015 -4.537403 -0.005423828 0.005061071 -0.700292264 -0.713817703
1561000722.296315908 313.545177 78.702888 -4.564028 -0.005424048 0.005878799 -0.703997145 -0.710157757
1561000722.396287918 313.302509 77.831966 -4.593553 -0.005478353 0.004328778 -0.707107235 -0.707071855
1561000722.496185064 313.071230 76.948442 -4.628683 -0.005586376 0.004203199 -0.710689289 -0.703471293
1561000722.596122742 312.858432 76.078179 -4.663655 -0.005489509 0.004891031 -0.714736217 -0.699355477
1561000722.695873499 312.661685 75.200679 -4.693382 -0.006039647 0.007150031 -0.718131316 -0.695844676
1561000722.796141386 312.454488 74.344371 -4.723238 -0.007072594 0.007961956 -0.721226265 -0.692617687
1561000722.894897938 312.281240 73.494998 -4.752966 -0.007592751 0.006929595 -0.725169073 -0.688494114
1561000722.994863749 312.139175 72.656341 -4.787092 -0.007237636 0.005254616 -0.729174294 -0.684269577
1561000723.095715523 311.986479 71.834917 -4.815387 -0.007013594 0.004096805 -0.732435511 -0.680787961
1561000723.195699930 311.848581 71.014534 -4.841119 -0.007024235 0.003715451 -0.736214394 -0.676701723
1561000723.295722723 311.707359 70.181845 -4.871063 -0.007304562 0.003091287 -0.739636775 -0.672959530
1561000723.395776987 311.597391 69.373910 -4.902683 -0.008058744 0.003375981 -0.743758664 -0.668391135
1561000723.497424603 311.481925 68.578735 -4.925053 -0.008883512 0.003480998 -0.746977547 -0.664780798
1561000723.588123560 311.378917 67.856810 -4.949953 -0.009064803 0.002788529 -0.750823097 -0.660435259
1561000723.687088966 311.303165 67.098556 -4.974138 -0.009694522 0.001820461 -0.754219351 -0.656548454
1561000723.788027287 311.215448 66.313613 -5.000159 -0.010059546 0.001538411 -0.758789636 -0.651256269
1561000723.888063192 311.142725 65.554057 -5.030010 -0.009730614 0.001232500 -0.761781598 -0.647759673
1561000723.986957073 311.087524 64.819273 -5.057624 -0.010154336 0.001122523 -0.764699183 -0.644306440
1561000724.088132381 311.043049 64.088664 -5.078744 -0.010415911 0.001278005 -0.768122373 -0.640217070
1561000724.187191725 311.010236 63.387399 -5.096793 -0.010094018 0.000820834 -0.770701637 -0.637115707
1561000724.288298368 310.976305 62.655303 -5.125271 -0.009747043 0.000696602 -0.773841924 -0.633303392
1561000724.388284206 310.946756 61.960164 -5.152384 -0.009438742 0.001014822 -0.776798174 -0.629678074
1561000724.486951351 310.915261 61.255372 -5.175003 -0.008989104 0.001155009 -0.779206261 -0.626702054
1561000724.587877512 310.894770 60.583253 -5.193815 -0.009178275 0.001140404 -0.781250943 -0.624148558
1561000724.687845230 310.878561 59.924547 -5.210350 -0.009338917 0.001063681 -0.783972864 -0.620723934
1561000724.787815809 310.858071 59.272990 -5.235963 -0.009415851 0.001129227 -0.786547502 -0.617456957
1561000724.887720346 310.852733 58.658214 -5.257940 -0.008724702 0.001121990 -0.788923360 -0.614428639
1561000724.987433434 310.847464 58.027863 -5.278025 -0.007795739 0.000387187 -0.791626686 -0.610955209
1561000725.087770700 310.858531 57.409610 -5.297418 -0.007006870 0.000511552 -0.793807122 -0.608129012
1561000725.186856031 310.866963 56.774113 -5.324246 -0.006411578 0.000552371 -0.796592235 -0.604482753
1561000725.287931204 310.866925 56.155184 -5.348404 -0.002477002 -0.000120757 -0.798808702 -0.601580009
1561000725.387887239 310.868986 55.550541 -5.354968 0.003151298 -0.002000078 -0.800563255 -0.599236635
1561000725.488295794 310.881128 54.958571 -5.350164 0.006114038 -0.004086567 -0.803164931 -0.595711350
1561000725.587981701 310.891833 54.364917 -5.349820 0.005666105 -0.005414074 -0.805001218 -0.593221394
1561000725.687927008 310.928829 53.797782 -5.359359 0.002513174 -0.004904885 -0.806960930 -0.590579109
1561000725.787899733 310.962971 53.202508 -5.389722 -0.001368693 0.000512601 -0.808850028 -0.588013177
1561000725.887950897 311.005801 52.613654 -5.425584 -0.003622375 0.007455330 -0.810212982 -0.586076974
1561000725.986934662 311.032171 51.995455 -5.450841 -0.005064232 0.012767817 -0.810823012 -0.585130224
1561000726.088121176 311.048150 51.386515 -5.459432 -0.005296271 0.012269747 -0.812232980 -0.583180065
1561000726.187304974 311.099057 50.770864 -5.473240 -0.005107512 0.007678899 -0.813392608 -0.581641997
1561000726.287451982 311.153367 50.176188 -5.496307 -0.003382671 0.003136651 -0.814218510 -0.580540211
1561000726.387017250 311.204885 49.589444 -5.532322 -0.000087758 0.000253663 -0.815072199 -0.579359334
1561000726.487864494 311.248869 48.996883 -5.554079 0.003722726 0.000157744 -0.815953919 -0.578104937
1561000726.587902069 311.279973 48.414610 -5.561179 0.004367558 0.001190033 -0.816533106 -0.577280864
1561000726.686714649 311.326709 47.868512 -5.561789 0.002871337 0.001616130 -0.817116022 -0.576463833
1561000726.787854433 311.359499 47.257315 -5.572263 0.000320689 0.001672179 -0.818031519 -0.575170875
1561000726.887068510 311.409550 46.700416 -5.590851 -0.000960906 0.001615497 -0.818188192 -0.574947432
1561000726.987142801 311.447105 46.120298 -5.612337 -0.001151134 0.001935271 -0.818427464 -0.574605443
1561000727.087872982 311.493647 45.571982 -5.625763 -0.000788125 0.002130947 -0.818072443 -0.575110699
1561000727.186834335 311.537669 45.023985 -5.635145 -0.000621017 0.001669721 -0.817301699 -0.576207218
1561000727.288111687 311.568089 44.500779 -5.644212 -0.000968161 0.000042795 -0.815917359 -0.578167730
1561000727.387728691 311.596459 44.002230 -5.649731 -0.001012820 -0.002174617 -0.813717624 -0.581255429
1561000727.487979174 311.617598 43.512712 -5.659298 -0.001383816 -0.004247813 -0.810011906 -0.586396412
1561000727.588120937 311.629077 43.020579 -5.675282 -0.001907537 -0.005704323 -0.806207206 -0.591602707
1561000727.686892033 311.622309 42.559862 -5.689676 -0.002632779 -0.005052791 -0.801218165 -0.598345209
1561000727.787824869 311.601453 42.081549 -5.704669 -0.003725656 -0.004022871 -0.795395042 -0.606066550
1561000727.886795282 311.569649 41.582169 -5.713786 -0.005602642 -0.002935417 -0.789560869 -0.613639657
1561000727.986830711 311.517487 41.113982 -5.725115 -0.007108139 -0.002918174 -0.782944764 -0.622043773
1561000728.087679148 311.458757 40.634112 -5.737541 -0.008162501 -0.003651769 -0.775802404 -0.630912567
1561000728.187243700 311.403750 40.161286 -5.751963 -0.008854389 -0.004666893 -0.767909657 -0.640479959
1561000728.287528515 311.328349 39.688058 -5.769888 -0.009137273 -0.005232839 -0.760208459 -0.649593893
1561000728.386821747 311.245094 39.213975 -5.786974 -0.009246021 -0.004938450 -0.751691736 -0.659431314
1561000728.487470627 311.137311 38.741084 -5.805884 -0.009826185 -0.004861006 -0.742687050 -0.669548924
1561000728.587788105 311.012191 38.274685 -5.815507 -0.010564816 -0.004582924 -0.733925133 -0.679132742
1561000728.687867641 310.875608 37.831253 -5.822259 -0.011606163 -0.005428389 -0.724862138 -0.688774789
1561000728.788244486 310.739602 37.392668 -5.837997 -0.012541342 -0.006827249 -0.714794046 -0.699189227
1561000728.887018442 310.567497 36.964845 -5.854991 -0.012702339 -0.007420694 -0.705095295 -0.708959949
1561000728.988114119 310.393718 36.514826 -5.870854 -0.012827625 -0.007766402 -0.693163801 -0.720624091
1561000729.088276148 310.195279 36.091171 -5.884952 -0.013762416 -0.007910271 -0.681001048 -0.732110371
1561000729.186917782 310.005491 35.677767 -5.897879 -0.015158507 -0.006470444 -0.668365747 -0.743650174
1561000729.288166523 309.780086 35.263087 -5.906018 -0.017033668 -0.004947409 -0.655668389 -0.754840606
1561000729.387418270 309.550333 34.857796 -5.914081 -0.019244447 -0.004444136 -0.641561444 -0.766817328
1561000729.487780094 309.302425 34.456479 -5.927490 -0.020757216 -0.005114748 -0.627028564 -0.778702868
1561000729.587541103 309.045063 34.079845 -5.946343 -0.021678533 -0.005101571 -0.610888582 -0.791403283
1561000729.686478376 308.759016 33.724143 -5.965593 -0.022015016 -0.004834812 -0.595362559 -0.803140951
1561000729.787772179 308.444017 33.347513 -5.997593 -0.022269000 -0.004748772 -0.578100711 -0.815647662
1561000729.887428999 308.126169 32.996994 -6.011237 -0.021707763 -0.003530790 -0.561625554 -0.827099174
1561000729.987807512 307.792989 32.675444 -6.023966 -0.021884502 -0.003114013 -0.544257024 -0.838627249
1561000730.087819576 307.436760 32.358484 -6.028112 -0.022640087 -0.002432976 -0.525517516 -0.850478011
1561000730.187564373 307.079859 32.068122 -6.036894 -0.024394931 -0.002782718 -0.507951939 -0.861035407
1561000730.287731171 306.710151 31.777374 -6.057097 -0.025641925 -0.003720820 -0.489513271 -0.871610810
1561000730.386798620 306.321010 31.501756 -6.079516 -0.025537658 -0.004962892 -0.471039061 -0.881728643
1561000730.486367702 305.907398 31.234757 -6.099780 -0.024602402 -0.005670664 -0.451266740 -0.892031891
1561000730.587666035 305.484414 30.978533 -6.117652 -0.023749637 -0.005386544 -0.431479651 -0.901793907
1561000730.686671495 305.042731 30.740054 -6.124974 -0.024299160 -0.004842938 -0.411454307 -0.911093546
1561000730.787276506 304.574008 30.519252 -6.144154 -0.023995774 -0.005377965 -0.392792237 -0.919298395
1561000730.886930227 304.093186 30.328209 -6.157651 -0.022734403 -0.005693411 -0.373847117 -0.927194190
1561000730.987903118 303.611015 30.140920 -6.166427 -0.021776733 -0.006541890 -0.357169611 -0.933762736
1561000731.087977409 303.112712 29.961674 -6.174194 -0.020996767 -0.007159814 -0.341334207 -0.939680175
1561000731.187620401 302.596005 29.804786 -6.180324 -0.021204450 -0.007302255 -0.325012984 -0.945443604
1561000731.287740469 302.071703 29.665674 -6.192099 -0.021475515 -0.007572459 -0.310174760 -0.950406796
1561000731.386665344 301.542261 29.521963 -6.203957 -0.021011465 -0.007477858 -0.299049067 -0.953977073
1561000731.489285469 300.996520 29.400162 -6.220140 -0.019739125 -0.007353016 -0.288037079 -0.957387561
1561000731.587937832 300.436552 29.276234 -6.231220 -0.018363207 -0.005916994 -0.279024494 -0.960090159
1561000731.686828613 299.856874 29.150228 -6.239889 -0.017397670 -0.004637483 -0.271902626 -0.962156316
1561000731.787812948 299.242445 29.031459 -6.243102 -0.016353716 -0.005094208 -0.265254795 -0.964026192
1561000731.886613131 298.653375 28.923061 -6.237766 -0.016673053 -0.006447512 -0.260799035 -0.965227591
1561000731.987723351 298.050549 28.808817 -6.237937 -0.017696464 -0.008357611 -0.255873081 -0.966512262
1561000732.087670088 297.468545 28.676063 -6.249793 -0.018318659 -0.010471599 -0.252146919 -0.967458890
1561000732.186503410 296.887016 28.563243 -6.263078 -0.018391473 -0.009980990 -0.247659795 -0.968621061
1561000732.289169073 296.266816 28.435811 -6.277781 -0.018186812 -0.008520545 -0.245109963 -0.969287236
1561000732.386641264 295.673178 28.328072 -6.279735 -0.018356152 -0.006332558 -0.241860327 -0.970116762
1561000732.486751318 295.043303 28.217458 -6.283680 -0.018986291 -0.005971979 -0.239420857 -0.970711857
1561000732.587458372 294.378440 28.093160 -6.291571 -0.020238094 -0.006417633 -0.236483433 -0.971403531
1561000732.686345577 293.722454 27.973845 -6.302490 -0.020698047 -0.008005555 -0.234015582 -0.971979531
1561000732.787451744 293.051488 27.845128 -6.310728 -0.021026959 -0.009568595 -0.232153860 -0.972404697
1561000732.886451006 292.404052 27.734018 -6.321966 -0.020549085 -0.010205929 -0.231135177 -0.972651070
1561000732.987455368 291.729251 27.624207 -6.327530 -0.020352657 -0.010081241 -0.230203387 -0.972877453
1561000733.087598801 291.048812 27.516122 -6.331667 -0.019793086 -0.009521857 -0.228958911 -0.973188258
1561000733.187072277 290.382631 27.413243 -6.336613 -0.019551798 -0.009348410 -0.227696355 -0.973490988
1561000733.287912369 289.669577 27.293645 -6.345994 -0.019887005 -0.008614720 -0.226339727 -0.973807281
1561000733.386749744 288.971716 27.168878 -6.351522 -0.019470846 -0.008040316 -0.226605067 -0.973758894
1561000733.486742258 288.260908 27.044089 -6.365854 -0.018952513 -0.007917621 -0.225845540 -0.973946562
1561000733.589083910 287.517654 26.945154 -6.372225 -0.018186167 -0.007595004 -0.226974626 -0.973701237
1561000733.686520338 286.800053 26.820085 -6.376065 -0.018481891 -0.008033731 -0.226641123 -0.973769829
1561000733.787619114 286.051972 26.710466 -6.379646 -0.018876572 -0.009283180 -0.226218591 -0.973849396
1561000733.887334108 285.309567 26.585583 -6.389771 -0.019398264 -0.009701388 -0.226767764 -0.973707334
1561000733.988028526 284.566428 26.460282 -6.401136 -0.019388150 -0.009822119 -0.227074440 -0.973634852
1561000734.088837862 283.808025 26.312046 -6.407186 -0.019335128 -0.009679090 -0.226569153 -0.973755045
1561000734.186907291 283.050775 26.188498 -6.411330 -0.019957899 -0.009115460 -0.226110518 -0.973854519
1561000734.287847281 282.275460 26.057919 -6.414633 -0.020465963 -0.009779398 -0.225771169 -0.973916263
1561000734.387126446 281.485989 25.922510 -6.419997 -0.021255060 -0.010489096 -0.226609631 -0.973697220
1561000734.487741232 280.682426 25.783698 -6.429598 -0.021382499 -0.011550926 -0.226166261 -0.973785493
1561000734.587527514 279.885154 25.650737 -6.436127 -0.021494096 -0.011566643 -0.227171499 -0.973548831
1561000734.686287880 279.100376 25.515385 -6.438770 -0.021176345 -0.011235885 -0.227091708 -0.973578283
1561000734.787616730 278.284588 25.374207 -6.443032 -0.021223977 -0.010905885 -0.227506283 -0.973484204
1561000734.886663675 277.467168 25.227560 -6.447122 -0.021294382 -0.010321272 -0.228530455 -0.973249121
1561000734.987402916 276.632373 25.074956 -6.452908 -0.021220959 -0.009683344 -0.228408010 -0.973286024
1561000735.087473154 275.793607 24.936783 -6.466186 -0.021119237 -0.008664329 -0.229577275 -0.973022704
1561000735.187000751 274.959790 24.783229 -6.480033 -0.020420137 -0.007997829 -0.229998417 -0.972943873
1561000735.287947655 274.110443 24.644297 -6.487654 -0.020250701 -0.007197297 -0.230460911 -0.972844220
1561000735.386524677 273.244701 24.513557 -6.497134 -0.021002251 -0.008604201 -0.230529215 -0.972800675
1561000735.488568783 272.367712 24.357393 -6.502283 -0.021265984 -0.011122062 -0.231295277 -0.972587555
1561000735.587266684 271.529720 24.194393 -6.505499 -0.021676821 -0.012369098 -0.231785443 -0.972446723
1561000735.686700583 270.650976 24.018211 -6.510597 -0.021324494 -0.011877303 -0.232895047 -0.972195501
1561000735.788562298 269.753449 23.863990 -6.513596 -0.020957402 -0.009196601 -0.232917728 -0.972227104
1561000735.887084007 268.869528 23.702209 -6.521909 -0.021024620 -0.007404161 -0.233550737 -0.972089089
1561000735.988634586 267.967197 23.543069 -6.538937 -0.020935159 -0.007167756 -0.233447338 -0.972117628
1561000736.088836432 267.068157 23.366368 -6.548618 -0.021111625 -0.008166592 -0.233648040 -0.972057714
1561000736.187889338 266.158043 23.180980 -6.559467 -0.021318279 -0.009997819 -0.233781125 -0.972004095
1561000736.288534403 265.240653 23.001085 -6.561952 -0.021145220 -0.010846420 -0.234262551 -0.971882859
1561000736.387300491 264.342350 22.832516 -6.570290 -0.021709230 -0.011236955 -0.233857589 -0.971963512
1561000736.489465714 263.412098 22.653637 -6.573654 -0.022327418 -0.009284380 -0.235292406 -0.971623780
1561000736.590375900 262.508002 22.488653 -6.581170 -0.022190559 -0.008380909 -0.234848158 -0.971742601
1561000736.690375090 261.571420 22.309702 -6.589941 -0.022546861 -0.008469309 -0.235683542 -0.971531357
1561000736.790372610 260.654363 22.125707 -6.596282 -0.022676156 -0.009245258 -0.234994447 -0.971688184
1561000736.888677359 259.748959 21.961442 -6.605110 -0.022529991 -0.010077572 -0.235035261 -0.971673437
1561000736.990290880 258.821872 21.781160 -6.615063 -0.022142669 -0.009822152 -0.235885306 -0.971478950
1561000737.090381622 257.924132 21.613819 -6.615192 -0.022124808 -0.008454063 -0.235589690 -0.971563956
1561000737.188851118 257.002818 21.445749 -6.625202 -0.022214383 -0.009074734 -0.236146049 -0.971421234
1561000737.290303707 256.065504 21.260640 -6.631561 -0.022489085 -0.009288173 -0.236218127 -0.971395371
1561000737.388540745 255.160081 21.086376 -6.640973 -0.022639442 -0.009700486 -0.236387678 -0.971346602
1561000737.490320444 254.220084 20.910092 -6.650483 -0.022380523 -0.010575882 -0.236345142 -0.971353817
1561000737.590252161 253.299459 20.738804 -6.657637 -0.022324572 -0.010975452 -0.236663556 -0.971273141
1561000737.689274073 252.391553 20.563810 -6.655536 -0.022454787 -0.010972935 -0.237458698 -0.971076075
1561000737.790433645 251.455006 20.374616 -6.661776 -0.022741798 -0.010080767 -0.236960683 -0.971200712
1561000737.888713598 250.555012 20.186291 -6.666263 -0.022329397 -0.009559998 -0.236005735 -0.971448042
1561000737.988889694 249.626245 20.001478 -6.677274 -0.021892379 -0.009565081 -0.235076080 -0.971683317
1561000738.090261459 248.682642 19.822299 -6.682326 -0.021544716 -0.009424493 -0.235445527 -0.971603010
1561000738.188296080 247.752607 19.648274 -6.685534 -0.021307214 -0.009961724 -0.235212871 -0.971659237
1561000738.290178299 246.800352 19.467738 -6.684112 -0.021437704 -0.011627740 -0.234907006 -0.971711850
1561000738.388120413 245.886514 19.296716 -6.690697 -0.021932017 -0.012831786 -0.234018402 -0.971900056
1561000738.490858316 244.940043 19.121222 -6.690263 -0.022261516 -0.011721120 -0.233846926 -0.971947867
1561000738.589928627 244.008027 18.950888 -6.692012 -0.022632131 -0.010064346 -0.233407994 -0.972063374
1561000738.689969063 243.061621 18.773556 -6.699028 -0.023612434 -0.009429359 -0.233991945 -0.971906019
1561000738.790071011 242.127084 18.618019 -6.712255 -0.024223495 -0.010416690 -0.234047699 -0.971867475
1561000738.888347387 241.188989 18.431964 -6.718333 -0.023513291 -0.011444561 -0.233905582 -0.971907571
1561000738.989685297 240.242307 18.250594 -6.720835 -0.022951089 -0.011798892 -0.233668227 -0.971973865
1561000739.092086554 239.303744 18.079189 -6.724214 -0.022751748 -0.011200746 -0.233364401 -0.972058618
1561000739.191356182 238.372403 17.913827 -6.729772 -0.022246549 -0.009519964 -0.233548276 -0.972044065
1561000739.291332245 237.416619 17.753467 -6.737092 -0.022001866 -0.008979788 -0.233484651 -0.972070059
1561000739.390038729 236.471915 17.575563 -6.742261 -0.022036165 -0.008761596 -0.233529901 -0.972060403
1561000739.491907597 235.513538 17.371856 -6.745228 -0.022002977 -0.010384060 -0.233531547 -0.972044781
1561000739.591462851 234.563875 17.194826 -6.750098 -0.021989231 -0.011956501 -0.232983259 -0.972158586
1561000739.689696074 233.647271 17.019436 -6.755314 -0.021495987 -0.013086793 -0.233552461 -0.972018470
1561000739.791507721 232.709055 16.838984 -6.754996 -0.021513424 -0.012646413 -0.233305690 -0.972083173
1561000739.890136003 231.757856 16.655779 -6.760111 -0.021475837 -0.011419421 -0.233016645 -0.972168518
1561000739.991430044 230.792121 16.475465 -6.764776 -0.021033363 -0.009575168 -0.233556772 -0.972068490
1561000740.091453075 229.839370 16.314374 -6.771748 -0.021046448 -0.007315355 -0.232783453 -0.972273314
1561000740.191241264 228.871136 16.133338 -6.782381 -0.021046508 -0.007309767 -0.233599683 -0.972077569
1561000740.291337490 227.914069 15.970539 -6.789449 -0.021299007 -0.010259506 -0.233416451 -0.972089428
1561000740.389815807 226.974472 15.791627 -6.792456 -0.022031009 -0.013959716 -0.233744756 -0.971948121
1561000740.491454363 226.017737 15.624990 -6.792368 -0.022124967 -0.015438398 -0.233482614 -0.971986631
1561000740.593480825 225.041833 15.435705 -6.793183 -0.021413221 -0.014123073 -0.233572088 -0.972001076
1561000740.692969322 224.096131 15.267401 -6.793536 -0.020668377 -0.011647116 -0.233677944 -0.972024579
1561000740.792936802 223.130664 15.090536 -6.795502 -0.020911501 -0.009745284 -0.232473944 -0.972328959
1561000740.891323328 222.189175 14.922444 -6.803040 -0.020341028 -0.009497563 -0.233084845 -0.972197251
1561000740.993068695 221.209320 14.740652 -6.813648 -0.020396906 -0.011127920 -0.233304420 -0.972126115
1561000741.092786551 220.247951 14.570522 -6.815863 -0.020820447 -0.012851279 -0.232919768 -0.972188117
1561000741.192645788 219.296899 14.389037 -6.813961 -0.021055300 -0.014488239 -0.233440885 -0.972035040
1561000741.292608023 218.348668 14.213085 -6.809580 -0.021078832 -0.014384331 -0.233231008 -0.972086452
1561000741.391030550 217.405059 14.034279 -6.813027 -0.021157686 -0.012748972 -0.233501630 -0.972042594
1561000741.492547512 216.432266 13.842319 -6.816139 -0.020864814 -0.010057159 -0.233844947 -0.971997970
1561000741.592366457 215.461670 13.675423 -6.820011 -0.020208294 -0.008916082 -0.233746802 -0.972046584
1561000741.690979719 214.500838 13.483562 -6.826755 -0.020373415 -0.009867878 -0.233815143 -0.972017504
1561000741.792734623 213.531842 13.300101 -6.825163 -0.021073165 -0.011983605 -0.234154361 -0.971897140
1561000741.891326189 212.619453 13.113970 -6.824660 -0.021896335 -0.014979386 -0.234350580 -0.971790087
1561000741.992992401 211.689501 12.929344 -6.820801 -0.022210640 -0.015587794 -0.234016715 -0.971853839
1561000742.093178749 210.760104 12.753642 -6.818443 -0.022745013 -0.014213890 -0.234121657 -0.971837270
1561000742.192980528 209.820230 12.578619 -6.815579 -0.022972789 -0.012746933 -0.233760498 -0.971939194
1561000742.293010712 208.903690 12.425506 -6.818682 -0.022895248 -0.012192226 -0.233611761 -0.971983900
1561000742.391361713 207.975844 12.249162 -6.817632 -0.022992339 -0.011970866 -0.233244940 -0.972072450
1561000742.492675781 207.031404 12.077075 -6.821280 -0.023619380 -0.012445228 -0.234401596 -0.971773190
1561000742.592558861 206.105114 11.892895 -6.819136 -0.024128646 -0.011872888 -0.233840681 -0.971902968
1561000742.692409515 205.189488 11.726002 -6.821111 -0.024700463 -0.011604484 -0.234026500 -0.971847118
1561000742.792557955 204.280740 11.551555 -6.822611 -0.024781039 -0.011584995 -0.234230372 -0.971796183
1561000742.891433954 203.376418 11.380190 -6.824278 -0.025718627 -0.012293640 -0.233386783 -0.971966063
1561000742.993997574 202.465942 11.203322 -6.826365 -0.025893281 -0.012658241 -0.233752654 -0.971868820
1561000743.092854977 201.571019 11.046089 -6.834488 -0.025914840 -0.011686253 -0.233961814 -0.971830089
1561000743.193782568 200.678563 10.888843 -6.839221 -0.025270861 -0.009875157 -0.233511590 -0.971975412
1561000743.294197083 199.775268 10.717891 -6.848262 -0.024574373 -0.007490999 -0.233090530 -0.972115626
1561000743.394233704 198.857598 10.537329 -6.860069 -0.023907747 -0.006921200 -0.232669914 -0.972237228
1561000743.494148254 197.949702 10.383629 -6.857285 -0.024224325 -0.009412078 -0.232497726 -0.972249660
1561000743.595696449 197.026399 10.210226 -6.856197 -0.025020937 -0.015139573 -0.232270469 -0.972211487
1561000743.693572044 196.156214 10.057888 -6.853916 -0.025458542 -0.019186507 -0.232081116 -0.972173902
1561000743.794347048 195.263926 9.891647 -6.847622 -0.026375323 -0.019138651 -0.231530344 -0.972281726
1561000743.892832279 194.363544 9.729924 -6.835424 -0.027588427 -0.016346640 -0.230600194 -0.972520034
1561000743.994360209 193.448790 9.562444 -6.832340 -0.028119523 -0.014379230 -0.230663826 -0.972520812
1561000744.092983961 192.558073 9.394851 -6.837962 -0.027221307 -0.019373430 -0.230241526 -0.972559772
1561000744.192723989 191.651588 9.239296 -6.832936 -0.023602845 -0.028204898 -0.228666681 -0.972809816
1561000744.294186115 190.749252 9.102130 -6.799597 -0.020855022 -0.031405298 -0.228932312 -0.972712070
1561000744.392641306 189.872881 8.973036 -6.768507 -0.020448844 -0.021609363 -0.228032660 -0.973198842
1561000744.493948936 188.968625 8.854989 -6.769275 -0.020689027 -0.006708597 -0.228730543 -0.973246781
1561000744.593874216 188.042069 8.700754 -6.778253 -0.024184678 0.006411124 -0.228839304 -0.973142627
1561000744.694145441 187.097106 8.531318 -6.823910 -0.026644273 0.001150034 -0.227791755 -0.973344583
1561000744.794176817 186.168040 8.344613 -6.855671 -0.026645320 -0.012762697 -0.227752890 -0.973270652
1561000744.893265963 185.272879 8.167780 -6.851740 -0.026107355 -0.022852656 -0.226471360 -0.973399653
1561000744.994358540 184.352340 8.014902 -6.828239 -0.025718290 -0.023734680 -0.225552337 -0.973602269
1561000745.094107628 183.460174 7.867364 -6.817250 -0.025120644 -0.019867035 -0.225159452 -0.973795397
1561000745.192866564 182.545788 7.714062 -6.809581 -0.025297108 -0.015827852 -0.224411146 -0.974037562
1561000745.294413805 181.619616 7.570132 -6.813014 -0.025513305 -0.014683798 -0.224775750 -0.973965769
1561000745.393047094 180.691951 7.417933 -6.819831 -0.024426649 -0.015789710 -0.223016162 -0.974380734
1561000745.494336605 179.745218 7.260536 -6.818229 -0.024098108 -0.017242685 -0.221454766 -0.974720348
1561000745.594791651 178.802136 7.114445 -6.806144 -0.024717544 -0.017080757 -0.219673659 -0.975110647
1561000745.694007635 177.855511 6.970162 -6.805508 -0.024753725 -0.016919184 -0.218120270 -0.975461195
1561000745.794456720 176.899636 6.834564 -6.806252 -0.024557945 -0.016859041 -0.216992253 -0.975718731
1561000745.892760754 175.953983 6.709883 -6.799794 -0.023951784 -0.016589114 -0.214965133 -0.976187023
1561000745.994329929 174.983791 6.571400 -6.792745 -0.023759466 -0.017541584 -0.213462467 -0.976504765
1561000746.094162703 174.022415 6.436849 -6.783373 -0.025117620 -0.019281080 -0.211574910 -0.976848710
1561000746.193775654 173.047889 6.311849 -6.767262 -0.025622729 -0.019982872 -0.210016433 -0.977157745
1561000746.294611216 172.067738 6.182440 -6.760912 -0.026327225 -0.019503007 -0.208716314 -0.977427240
1561000746.394424677 171.086988 6.051938 -6.752666 -0.025956004 -0.017392419 -0.206665987 -0.977912552
1561000746.494089842 170.110321 5.944749 -6.752426 -0.026387063 -0.014285884 -0.204848512 -0.978333646
1561000746.594319582 169.115722 5.821301 -6.751751 -0.026744317 -0.012991315 -0.203213978 -0.978682812
1561000746.694174051 168.115371 5.708541 -6.751654 -0.027724626 -0.015573726 -0.200898385 -0.979095829
1561000746.795210361 167.102224 5.577899 -6.746242 -0.028756307 -0.019904522 -0.199517900 -0.979269877
1561000746.894213200 166.110282 5.466600 -6.735773 -0.028980553 -0.022525654 -0.198135176 -0.979487200
1561000746.995282888 165.106586 5.349305 -6.717137 -0.029063643 -0.021649557 -0.196999677 -0.979733499
1561000747.095332623 164.100093 5.255423 -6.706117 -0.028814225 -0.018853773 -0.195736548 -0.980051774
1561000747.195479393 163.098593 5.149588 -6.703865 -0.028098478 -0.016126043 -0.194302309 -0.980406568
1561000747.295476913 162.070845 5.042963 -6.702159 -0.027366518 -0.014977552 -0.192276265 -0.980844832
1561000747.394671917 161.048608 4.947818 -6.694032 -0.028611746 -0.017530411 -0.191040783 -0.981008395
1561000747.495558977 160.013378 4.839514 -6.688286 -0.028941047 -0.021467494 -0.189835115 -0.981154520
1561000747.595478296 158.989715 4.745913 -6.673334 -0.028408826 -0.024828341 -0.188048974 -0.981434703
1561000747.694321156 157.962183 4.656872 -6.646861 -0.027972090 -0.024429001 -0.186593761 -0.981734972
1561000747.795386553 156.911092 4.564733 -6.621590 -0.027262070 -0.023090434 -0.184435802 -0.982195014
1561000747.894587994 155.889396 4.486698 -6.598081 -0.028142275 -0.023911297 -0.184167822 -0.982200833
1561000747.995278597 154.846732 4.407998 -6.580016 -0.028543832 -0.024600344 -0.183595478 -0.982279376
1561000748.094238758 153.802790 4.309926 -6.565026 -0.027953279 -0.023210482 -0.182376384 -0.982557246
1561000748.195380688 152.738609 4.237887 -6.548128 -0.027072345 -0.018933835 -0.181831925 -0.982774516
1561000748.295555830 151.683043 4.146893 -6.540812 -0.025873423 -0.014670324 -0.181667328 -0.982910133
1561000748.394488335 150.628258 4.070673 -6.541326 -0.025968636 -0.014475955 -0.179681144 -0.983275528
1561000748.495365858 149.546365 3.999627 -6.545971 -0.024948563 -0.017310828 -0.178777660 -0.983420791
1561000748.594985723 148.481093 3.938227 -6.538360 -0.025267443 -0.019929553 -0.179054599 -0.983312677
1561000748.695475101 147.393386 3.856897 -6.518488 -0.025930823 -0.020709075 -0.179062751 -0.983277813
1561000748.795526743 146.331766 3.785367 -6.502732 -0.025674466 -0.019087617 -0.179855337 -0.983172692
1561000748.895763874 145.259269 3.717884 -6.489956 -0.025527085 -0.017699287 -0.179024672 -0.983354092
1561000748.994474411 144.197755 3.645782 -6.487553 -0.024743856 -0.016848260 -0.180235042 -0.983167945
1561000749.095649242 143.106019 3.558300 -6.474205 -0.024300191 -0.017587061 -0.178370246 -0.983506101
1561000749.194426537 142.010005 3.478358 -6.462959 -0.023951674 -0.018784336 -0.179493575 -0.983288118
1561000749.295473099 140.923957 3.407544 -6.458192 -0.023129491 -0.018956685 -0.179618012 -0.983281771
1561000749.394413948 139.841622 3.331620 -6.442835 -0.023630337 -0.017312540 -0.179650315 -0.983294283
1561000749.495532036 138.760751 3.255584 -6.423430 -0.024360425 -0.015514847 -0.179742573 -0.983289615
1561000749.595309734 137.676655 3.161909 -6.411719 -0.025026975 -0.014493860 -0.179208929 -0.983385854
1561000749.694828272 136.595427 3.071253 -6.410040 -0.025553125 -0.015841295 -0.179690281 -0.983263695
1561000749.795632839 135.491985 2.968181 -6.401449 -0.025524590 -0.017490714 -0.181089290 -0.982979776
1561000749.894171476 134.422650 2.882137 -6.396782 -0.025426983 -0.018828679 -0.181038355 -0.982966970
1561000749.995312214 133.326052 2.818092 -6.384432 -0.024810954 -0.019372446 -0.182008125 -0.982793044
1561000750.094726801 132.247770 2.719306 -6.366217 -0.025650161 -0.019245428 -0.182858067 -0.982616207
1561000750.194269896 131.172555 2.633001 -6.354004 -0.026085425 -0.019148758 -0.183159262 -0.982550538
1561000750.295166492 130.111248 2.549075 -6.337801 -0.026293527 -0.017647735 -0.182763276 -0.982646830
1561000750.394176245 129.067446 2.469116 -6.321227 -0.027026998 -0.016500983 -0.182617531 -0.982673952
1561000750.495646954 127.989331 2.386480 -6.312043 -0.027727967 -0.017465928 -0.182220002 -0.982711541
1561000750.595580816 126.937742 2.297841 -6.312906 -0.027033153 -0.019538126 -0.181982944 -0.982735813
1561000750.694119215 125.931739 2.214866 -6.292210 -0.026958556 -0.019522567 -0.182097626 -0.982716928
1561000750.795322895 124.884141 2.161787 -6.269046 -0.027019224 -0.019683443 -0.181463708 -0.982829307
1561000750.894136667 123.850888 2.077139 -6.259267 -0.026003379 -0.020463701 -0.181875633 -0.982764629
1561000750.995337486 122.800881 1.978958 -6.247379 -0.025391254 -0.020272608 -0.180609830 -0.983018003
1561000751.095414162 121.761866 1.910086 -6.229102 -0.024762380 -0.019239397 -0.181345006 -0.982919457
1561000751.195491552 120.744627 1.854517 -6.216723 -0.024294984 -0.018847032 -0.180912005 -0.983018509
1561000751.295493603 119.705494 1.772222 -6.196412 -0.023991161 -0.018318706 -0.180082439 -0.983188265
1561000751.394486904 118.689611 1.699225 -6.183837 -0.023593460 -0.019160376 -0.180030708 -0.983191321
1561000751.495817184 117.645397 1.614725 -6.168783 -0.023313276 -0.019670276 -0.179727258 -0.983243451
1561000751.595463514 116.630484 1.536341 -6.153093 -0.024121293 -0.020367683 -0.180821911 -0.983009032
1561000751.695822716 115.615063 1.460767 -6.139625 -0.023918489 -0.020002122 -0.180305796 -0.983116291
1561000751.795827389 114.627455 1.397618 -6.119775 -0.024532410 -0.018929403 -0.179306464 -0.983305156
1561000751.895588398 113.643587 1.309365 -6.107180 -0.024128984 -0.018082555 -0.179335187 -0.983325838
1561000751.995483637 112.646243 1.248111 -6.091052 -0.023883471 -0.017076319 -0.179516245 -0.983316784
1561000752.094654799 111.645513 1.178633 -6.074147 -0.023992154 -0.017208372 -0.179530791 -0.983309180
1561000752.195443630 110.643274 1.112444 -6.063679 -0.024120777 -0.017834013 -0.179979737 -0.983212810
1561000752.295284986 109.642191 1.050991 -6.050499 -0.024477008 -0.018447915 -0.179852692 -0.983215927
1561000752.394134998 108.654828 0.987167 -6.045587 -0.024059547 -0.018813629 -0.179599912 -0.983265507
1561000752.495311260 107.683649 0.915718 -6.035403 -0.023881223 -0.019228430 -0.180404970 -0.983114440
1561000752.594788074 106.699110 0.844419 -6.019665 -0.024063452 -0.020260508 -0.179253151 -0.983299939
1561000752.694919586 105.710540 0.766850 -6.009426 -0.023681871 -0.021481675 -0.179430314 -0.983250970
1561000752.794868946 104.733241 0.701707 -5.990288 -0.023592224 -0.021892825 -0.179585131 -0.983215791
1561000752.895443916 103.760965 0.640045 -5.966980 -0.024161929 -0.021411620 -0.179444611 -0.983238209
1561000752.995433807 102.811385 0.567212 -5.949381 -0.024984647 -0.020092158 -0.179476558 -0.983239664
1561000753.094207048 101.841588 0.502158 -5.936949 -0.025321204 -0.019452679 -0.179812132 -0.983182601
1561000753.195276022 100.863582 0.421638 -5.929815 -0.025556838 -0.020101094 -0.180123205 -0.983106518
1561000753.295377016 99.894842 0.356037 -5.913740 -0.025830662 -0.020207720 -0.180205957 -0.983082010
1561000753.394322395 98.932703 0.295601 -5.900776 -0.025994239 -0.020529341 -0.180979656 -0.982928894
1561000753.495618820 97.973321 0.221085 -5.880953 -0.026943031 -0.021367632 -0.181481904 -0.982792865
1561000753.595070601 97.032481 0.141412 -5.858163 -0.027272906 -0.021970267 -0.182358291 -0.982608238
1561000753.694904566 96.097509 0.062826 -5.844341 -0.028597078 -0.023020090 -0.182159495 -0.982583432
1561000753.795683146 95.146250 -0.010616 -5.821619 -0.029055021 -0.022118646 -0.182298101 -0.982564997
1561000753.894232035 94.191892 -0.093181 -5.795995 -0.030682720 -0.023557046 -0.183215836 -0.982311353
1561000753.995286703 93.234125 -0.178194 -5.778838 -0.030938310 -0.030435139 -0.183982095 -0.981971034
1561000754.095000744 92.299361 -0.253205 -5.756288 -0.027292951 -0.034849375 -0.183905341 -0.981946761
1561000754.194218159 91.383366 -0.307888 -5.719765 -0.024744583 -0.032295435 -0.184606509 -0.981970034
1561000754.295329571 90.443355 -0.379761 -5.707517 -0.024200393 -0.022265873 -0.185893073 -0.982019520
1561000754.394069433 89.489685 -0.451803 -5.720003 -0.023416876 -0.008946535 -0.185787408 -0.982270150
1561000754.495464087 88.508923 -0.534026 -5.726093 -0.023081026 -0.003479037 -0.186661477 -0.982146962
1561000754.594432116 87.522903 -0.607299 -5.720978 -0.025722848 -0.013039700 -0.186366735 -0.982056893
1561000754.694262981 86.574460 -0.707017 -5.704115 -0.027262983 -0.026715638 -0.186762021 -0.981663360
1561000754.787065029 85.680615 -0.792801 -5.680189 -0.026311698 -0.035921590 -0.186862097 -0.981376529
1561000754.886058807 84.748844 -0.887545 -5.642486 -0.024667792 -0.031194630 -0.187507237 -0.981457809
1561000754.987448215 83.788979 -0.967543 -5.625707 -0.022954899 -0.022406764 -0.187580595 -0.981725282
1561000755.087203741 82.827892 -1.049919 -5.605945 -0.023463408 -0.016073317 -0.186962272 -0.981955307
1561000755.187289476 81.852924 -1.124783 -5.609588 -0.026116060 -0.017508308 -0.187246053 -0.981809720
1561000755.288733006 80.893185 -1.238237 -5.616725 -0.025897546 -0.021847782 -0.186371462 -0.981894938
1561000755.386167526 79.977263 -1.307272 -5.613690 -0.024092184 -0.025502829 -0.186036107 -0.981916361
1561000755.486583948 79.029431 -1.375642 -5.586785 -0.022262447 -0.025122650 -0.185422552 -0.982085390
1561000755.586354494 78.078872 -1.441069 -5.566404 -0.022481266 -0.024961883 -0.184918225 -0.982179590
1561000755.687470198 77.147079 -1.516989 -5.545238 -0.022438742 -0.026558584 -0.183618912 -0.982382431
1561000755.787466288 76.219025 -1.579716 -5.520969 -0.022547551 -0.027843917 -0.183259385 -0.982411483
1561000755.886331081 75.285388 -1.641494 -5.498249 -0.022126376 -0.027338245 -0.183313130 -0.982425234
1561000755.987391233 74.325939 -1.724531 -5.477245 -0.021960008 -0.025733036 -0.182495378 -0.982624550
1561000756.087261438 73.395637 -1.789908 -5.455141 -0.021843925 -0.023943197 -0.181797438 -0.982801739
1561000756.187165499 72.447300 -1.888897 -5.437285 -0.023125911 -0.023442528 -0.181006372 -0.982930483
1561000756.287365437 71.475789 -1.958489 -5.424682 -0.023765859 -0.023701794 -0.181051358 -0.982900715
1561000756.386412621 70.522486 -2.043186 -5.415944 -0.023829958 -0.024196973 -0.180942701 -0.982907106
1561000756.487496614 69.561268 -2.108475 -5.400721 -0.023513330 -0.023695551 -0.180956778 -0.982924355
1561000756.587498665 68.601581 -2.165293 -5.384489 -0.023404548 -0.024181354 -0.181023484 -0.982902837
1561000756.687563896 67.662212 -2.236179 -5.366834 -0.023313502 -0.024496943 -0.180723228 -0.982952438
1561000756.787661552 66.720614 -2.317649 -5.344840 -0.023433173 -0.025024358 -0.181649306 -0.982765586
1561000756.889217138 65.781970 -2.385791 -5.323460 -0.023794712 -0.025139563 -0.180820500 -0.982906792
1561000756.987627268 64.871253 -2.460553 -5.307147 -0.023519517 -0.025212681 -0.181377003 -0.982809003
1561000757.087354898 63.927872 -2.519184 -5.293077 -0.023379981 -0.024316472 -0.182259543 -0.982671636
1561000757.187693119 62.986413 -2.578893 -5.272822 -0.022968397 -0.023821330 -0.182806871 -0.982591800
1561000757.287587404 62.062165 -2.646115 -5.258483 -0.023396762 -0.025037114 -0.182640963 -0.982582319
1561000757.386408567 61.153584 -2.725045 -5.235647 -0.023762653 -0.025740636 -0.182368214 -0.982606020
1561000757.487453222 60.221084 -2.805281 -5.220912 -0.023957977 -0.026710979 -0.182514770 -0.982548166
1561000757.587337255 59.295009 -2.875812 -5.197681 -0.023530836 -0.026016902 -0.183270535 -0.982436426
1561000757.687212944 58.362787 -2.945032 -5.180367 -0.022738233 -0.024485748 -0.182845181 -0.982573692
1561000757.786118507 57.456499 -3.016257 -5.165749 -0.022661727 -0.024181504 -0.183626957 -0.982437195
1561000757.886039019 56.538980 -3.101056 -5.136846 -0.023211454 -0.025209340 -0.183474658 -0.982426978
1561000757.987149715 55.610424 -3.191152 -5.112261 -0.023800825 -0.034171828 -0.182089097 -0.982399800
1561000758.087800264 54.711623 -3.271341 -5.083846 -0.021436454 -0.042155073 -0.182661231 -0.982037832
1561000758.187936068 53.830976 -3.319080 -5.035918 -0.020650038 -0.041104774 -0.183572129 -0.981929349
1561000758.287840366 52.946409 -3.360393 -5.031917 -0.019378235 -0.034477174 -0.186262774 -0.981703615
1561000758.386033535 52.047460 -3.417589 -5.070384 -0.020276104 -0.024347484 -0.187154547 -0.981819360
1561000758.489424229 51.105087 -3.510225 -5.074971 -0.020644485 -0.009372200 -0.187532162 -0.981996769
1561000758.588478565 50.183534 -3.605333 -5.043248 -0.020505797 -0.012164214 -0.186296466 -0.982204241
1561000758.688286066 49.264588 -3.703672 -5.035383 -0.022519381 -0.024433722 -0.185893405 -0.982007899
1561000758.789231539 48.390250 -3.776560 -5.003640 -0.022526140 -0.040895658 -0.185867392 -0.981464941
1561000758.887700558 47.536854 -3.836025 -4.955663 -0.021941772 -0.039035344 -0.187245660 -0.981291936
1561000758.989211321 46.628436 -3.905535 -4.924955 -0.020542485 -0.035192435 -0.187822612 -0.981357308
1561000759.087633371 45.734599 -3.981910 -4.917935 -0.020689881 -0.025379546 -0.188056764 -0.981612175
1561000759.187881947 44.801887 -4.065497 -4.907473 -0.020697719 -0.024279564 -0.187446194 -0.981756605
1561000759.289392233 43.882520 -4.151133 -4.901772 -0.020656448 -0.029192041 -0.186709092 -0.981764152
1561000759.388823986 42.971293 -4.228212 -4.874235 -0.020598632 -0.032246280 -0.186824275 -0.981647882
1561000759.489273787 42.063597 -4.296032 -4.837861 -0.022467139 -0.035992668 -0.186246532 -0.981586463
1561000759.588258505 41.136345 -4.381120 -4.806720 -0.023949032 -0.034433370 -0.185709452 -0.981709115
1561000759.689121008 40.221458 -4.453066 -4.787781 -0.025466736 -0.033509922 -0.186499483 -0.981553093
1561000759.789196253 39.302303 -4.538324 -4.762488 -0.025656080 -0.028567504 -0.185822930 -0.981832726
1561000759.887532949 38.383250 -4.614644 -4.744084 -0.025421351 -0.026208899 -0.184900478 -0.982078745
1561000759.989903927 37.434690 -4.689464 -4.730496 -0.026439284 -0.026882110 -0.184193502 -0.982166519
1561000760.088030100 36.519110 -4.761022 -4.723881 -0.026458269 -0.028707080 -0.183213239 -0.982297701
1561000760.188596725 35.588216 -4.832448 -4.700835 -0.025419804 -0.029402148 -0.183129652 -0.982320150
1561000760.290575266 34.653301 -4.904692 -4.677975 -0.025391132 -0.028302076 -0.183266768 -0.982327631
1561000760.388192892 33.740412 -4.982713 -4.658317 -0.025121426 -0.027958238 -0.182629463 -0.982463094
1561000760.489524364 32.818977 -5.052557 -4.639691 -0.025260973 -0.027475098 -0.182181448 -0.982556320
1561000760.587959528 31.893880 -5.126617 -4.626446 -0.024791411 -0.027843919 -0.181774734 -0.982633222
1561000760.689931393 30.954225 -5.204660 -4.609765 -0.023045102 -0.029296895 -0.181050858 -0.982767115
1561000760.789861917 30.068417 -5.269463 -4.580707 -0.023237657 -0.030355749 -0.181032591 -0.982733810
1561000760.888943434 29.179271 -5.332831 -4.554317 -0.024210957 -0.032248824 -0.180782077 -0.982696130
1561000760.990465641 28.282106 -5.393116 -4.529478 -0.023893521 -0.032048915 -0.180635434 -0.982737405
1561000761.088968515 27.403958 -5.455088 -4.499460 -0.024024777 -0.031512380 -0.180535529 -0.982769913
1561000761.190535069 26.492832 -5.516850 -4.479311 -0.024308879 -0.030806086 -0.180701242 -0.982754865
1561000761.290082216 25.623332 -5.583500 -4.452198 -0.024224911 -0.029111704 -0.180273974 -0.982887052
1561000761.387989759 24.773038 -5.653174 -4.434710 -0.024119151 -0.028969697 -0.179410873 -0.983051760
1561000761.489590883 23.905542 -5.715696 -4.413502 -0.023492040 -0.028744202 -0.179566068 -0.983045229
1561000761.588257790 23.056243 -5.772214 -4.389159 -0.023112071 -0.029092232 -0.178936245 -0.983158835
1561000761.689217806 22.199881 -5.823613 -4.369764 -0.022473049 -0.029235021 -0.179418667 -0.983081491
1561000761.789266586 21.371927 -5.882190 -4.348187 -0.022306977 -0.028131414 -0.179182077 -0.983160621
1561000761.889374733 20.561029 -5.933605 -4.330385 -0.022184904 -0.028101949 -0.179426441 -0.983119658
1561000761.988043547 19.772427 -5.989625 -4.307775 -0.021831854 -0.028114497 -0.179300541 -0.983150172
1561000762.087930918 18.991389 -6.050824 -4.286370 -0.021553554 -0.028787170 -0.179598417 -0.983082475
1561000762.189778566 18.195791 -6.105779 -4.268721 -0.021733254 -0.030396445 -0.179806702 -0.982992000
1561000762.289742947 17.433329 -6.142182 -4.249657 -0.021546966 -0.030769909 -0.179897851 -0.982967804
1561000762.387994528 16.704133 -6.198126 -4.229123 -0.020846813 -0.029934129 -0.180279070 -0.982938867
1561000762.488509655 15.984709 -6.239414 -4.202212 -0.020776515 -0.029736216 -0.179693724 -0.983053538
1561000762.588110209 15.249979 -6.288571 -4.180826 -0.020732934 -0.031054507 -0.179911005 -0.982973954
1561000762.689795017 14.522856 -6.333567 -4.160358 -0.020984729 -0.032348309 -0.180002577 -0.982910118
1561000762.789741278 13.807785 -6.383183 -4.138491 -0.020883785 -0.032907065 -0.180295672 -0.982839999
1561000762.888046265 13.094237 -6.442309 -4.111901 -0.021115646 -0.036560094 -0.180289078 -0.982707147
1561000762.989781380 12.352818 -6.486594 -4.063726 -0.020456459 -0.045870420 -0.180091556 -0.982366769
1561000763.088028431 11.677077 -6.531599 -4.031062 -0.018225120 -0.055976640 -0.179536579 -0.981988329
1561000763.189731359 10.998302 -6.562930 -3.995883 -0.015453601 -0.059537825 -0.179706970 -0.981795212
1561000763.289497852 10.355822 -6.591623 -3.962609 -0.014458760 -0.053550857 -0.180870199 -0.981941557
1561000763.389008760 9.657981 -6.648038 -3.936802 -0.012963515 -0.048739671 -0.181409624 -0.982113507
1561000763.489738464 8.939989 -6.738438 -3.922987 -0.012523984 -0.044225927 -0.183297762 -0.981982254
1561000763.587996006 8.233025 -6.812727 -3.949706 -0.013154721 -0.031903683 -0.184446823 -0.982236467
1561000763.687936783 7.513674 -6.865629 -3.947878 -0.014186014 -0.019669092 -0.185235370 -0.982394901
1561000763.789735317 6.770517 -6.907189 -3.922476 -0.013775006 -0.019732374 -0.184938775 -0.982455359
1561000763.888099909 6.081785 -6.949557 -3.871793 -0.015404007 -0.025601180 -0.185170893 -0.982252023
1561000763.990075827 5.383459 -7.000409 -3.842683 -0.018138122 -0.035806893 -0.186216484 -0.981688492
1561000764.088507414 4.690062 -7.063057 -3.828611 -0.020692106 -0.044932608 -0.188053034 -0.980912307
1561000764.189887524 4.003362 -7.135763 -3.820876 -0.021009541 -0.046869733 -0.188548111 -0.980719857
1561000764.289807796 3.302966 -7.207160 -3.803845 -0.020183400 -0.042469841 -0.189868764 -0.980682821
1561000764.388140202 2.600198 -7.272420 -3.783244 -0.019093865 -0.038313063 -0.190196324 -0.980812363
1561000764.489780426 1.866503 -7.332169 -3.756866 -0.020090475 -0.035430444 -0.191852379 -0.980578259
1561000764.588628531 1.146621 -7.420426 -3.735956 -0.020331584 -0.036871980 -0.192318618 -0.980428801
1561000764.689995766 0.403929 -7.495339 -3.712051 -0.020175837 -0.039422097 -0.193788792 -0.980043233
1561000764.789911270 -0.322048 -7.569804 -3.694334 -0.019870256 -0.040844165 -0.194167448 -0.979916287
1561000764.888354778 -1.037736 -7.633721 -3.666370 -0.019484372 -0.041346243 -0.195634841 -0.979611074
1561000764.990154982 -1.814433 -7.706249 -3.636948 -0.020112099 -0.040952628 -0.196663170 -0.979408997
1561000765.088940620 -2.550426 -7.793563 -3.604198 -0.020514134 -0.041259913 -0.196973803 -0.979325335
1561000765.189948082 -3.317306 -7.879880 -3.572321 -0.021532114 -0.042094006 -0.197217302 -0.979218974
1561000765.289691687 -4.070347 -7.970376 -3.543871 -0.022379747 -0.043282312 -0.197790175 -0.979032602
1561000765.387824059 -4.835455 -8.053069 -3.515517 -0.022133739 -0.043538811 -0.198419087 -0.978899553
1561000765.489679575 -5.612738 -8.145463 -3.486710 -0.022416228 -0.042170641 -0.199234043 -0.978787488
1561000765.587779760 -6.360185 -8.226906 -3.457689 -0.023001791 -0.040354455 -0.199924144 -0.978709749
1561000765.689435244 -7.166677 -8.322109 -3.430602 -0.023646070 -0.040080971 -0.200813113 -0.978523619
1561000765.789507866 -7.949828 -8.424773 -3.404587 -0.023471839 -0.039887600 -0.201105222 -0.978475724
1561000765.889340639 -8.712645 -8.514237 -3.381483 -0.023285502 -0.039981568 -0.201765132 -0.978340478
1561000765.989140034 -9.475752 -8.607823 -3.356134 -0.022893210 -0.039108312 -0.202137797 -0.978308107
1561000766.087647200 -10.251738 -8.707735 -3.326470 -0.023148516 -0.038914827 -0.202521169 -0.978230524
1561000766.191037893 -11.089383 -8.810856 -3.295570 -0.023045258 -0.039880716 -0.203247082 -0.978043490
1561000766.291178465 -11.876213 -8.902448 -3.268292 -0.023212241 -0.040688458 -0.203796600 -0.977891910
1561000766.391047716 -12.676605 -9.009911 -3.244421 -0.022968600 -0.041146297 -0.204107459 -0.977813669
1561000766.491319180 -13.466997 -9.111511 -3.211808 -0.023281224 -0.041103386 -0.204621737 -0.977700589
1561000766.589521170 -14.293477 -9.211988 -3.178664 -0.023411940 -0.040888115 -0.205617889 -0.977497482
1561000766.691160440 -15.154112 -9.319447 -3.146912 -0.023656352 -0.040477712 -0.206598425 -0.977301910
1561000766.790711403 -15.976331 -9.427703 -3.124452 -0.024044898 -0.041001178 -0.207320328 -0.977117714
1561000766.888809681 -16.780695 -9.522044 -3.091844 -0.023551905 -0.040464147 -0.207634271 -0.977085447
1561000766.990688801 -17.617969 -9.644935 -3.058701 -0.023610171 -0.039873057 -0.208337730 -0.976958592
1561000767.090823174 -18.462739 -9.746292 -3.032328 -0.022981459 -0.039462393 -0.209030322 -0.976842309
1561000767.190737724 -19.283190 -9.858178 -3.006074 -0.023308144 -0.038735866 -0.209285078 -0.976809101
1561000767.292632580 -20.112294 -9.975673 -2.972211 -0.023883437 -0.039879211 -0.210596953 -0.976467180
1561000767.390914917 -20.937587 -10.083437 -2.939234 -0.024569810 -0.042367095 -0.211316688 -0.976189844
1561000767.492160082 -21.783919 -10.206858 -2.905833 -0.024572712 -0.044919410 -0.211889827 -0.975951397
1561000767.590742350 -22.606580 -10.309639 -2.865458 -0.024105079 -0.044130857 -0.212629888 -0.975838072
1561000767.692031622 -23.458469 -10.430401 -2.831716 -0.024420265 -0.041664503 -0.214117887 -0.975613269
1561000767.792120457 -24.298653 -10.550482 -2.801178 -0.024633442 -0.039626564 -0.214412850 -0.975628033
1561000767.890590191 -25.121851 -10.686509 -2.773787 -0.024972393 -0.040328756 -0.215062505 -0.975447636
1561000767.993302822 -25.999541 -10.826596 -2.743615 -0.024663031 -0.042518858 -0.215868686 -0.975184389
1561000768.091999054 -26.839503 -10.956865 -2.705771 -0.024863129 -0.044146460 -0.216323974 -0.975006079
1561000768.192921162 -27.682304 -11.081618 -2.668681 -0.024812660 -0.044335094 -0.217676505 -0.974697733
1561000768.293286800 -28.510407 -11.213918 -2.626199 -0.024698488 -0.043126357 -0.217834934 -0.974719469
1561000768.392937660 -29.346012 -11.352197 -2.589597 -0.025162792 -0.042491637 -0.218877412 -0.974501910
1561000768.493353128 -30.189873 -11.472208 -2.559825 -0.025125374 -0.042011722 -0.218877732 -0.974523611
1561000768.592246771 -31.042831 -11.607193 -2.528242 -0.025352887 -0.041326997 -0.218757734 -0.974573940
1561000768.693548441 -31.889233 -11.747100 -2.497414 -0.024744752 -0.040592468 -0.219589855 -0.974433294
1561000768.795241833 -32.742455 -11.868491 -2.466509 -0.024031099 -0.040595634 -0.219765901 -0.974411335
1561000768.894323826 -33.575438 -11.987597 -2.435206 -0.022945756 -0.040217891 -0.219821699 -0.974440575
1561000768.995748520 -34.414035 -12.116347 -2.390967 -0.022439821 -0.040311140 -0.220135032 -0.974377768
1561000769.094164848 -35.236087 -12.237934 -2.352038 -0.024332110 -0.042223567 -0.220412395 -0.974188634
1561000769.195285082 -36.053059 -12.383134 -2.314782 -0.024884834 -0.045091775 -0.220815027 -0.973954927
1561000769.287254572 -36.827847 -12.516055 -2.278880 -0.024598081 -0.046641726 -0.220685340 -0.973918613
1561000769.386588573 -37.640663 -12.633097 -2.234859 -0.025193044 -0.048981428 -0.220767546 -0.973769901
1561000769.487317085 -38.457099 -12.771252 -2.181804 -0.025038704 -0.054954402 -0.220907572 -0.973423300
1561000769.586414576 -39.254635 -12.882750 -2.127815 -0.024220626 -0.061981253 -0.221689866 -0.972843918
1561000769.686781168 -40.043084 -12.999797 -2.059238 -0.023222400 -0.062532398 -0.222448051 -0.972659902
1561000769.787528515 -40.828903 -13.108731 -2.016151 -0.024322919 -0.056939681 -0.224173667 -0.972580298
1561000769.886098623 -41.619720 -13.205340 -1.983311 -0.023469193 -0.056353360 -0.226213535 -0.972163017
1561000769.987148285 -42.424010 -13.291804 -1.974958 -0.021763454 -0.056451429 -0.228673520 -0.971621330
1561000770.086282492 -43.241708 -13.424669 -1.967535 -0.023116416 -0.046721997 -0.229713444 -0.971861317
1561000770.186225891 -44.028565 -13.615164 -1.990494 -0.023060076 -0.024988821 -0.228214850 -0.973016842
1561000770.287358046 -44.858881 -13.783935 -2.052620 -0.027056745 -0.015568429 -0.228573891 -0.973025967
1561000770.385975599 -45.651072 -13.932905 -2.045182 -0.029247065 -0.019212976 -0.228877415 -0.972826089
1561000770.487070084 -46.420480 -14.081019 -2.020330 -0.028753404 -0.027649630 -0.230615695 -0.972226898
1561000770.586006880 -47.188975 -14.221622 -1.901020 -0.026940054 -0.047567147 -0.230487150 -0.971538611
1561000770.687139273 -47.956678 -14.369628 -1.815565 -0.028959495 -0.045171786 -0.232377592 -0.971144434
1561000770.787240505 -48.732714 -14.527303 -1.751833 -0.029740826 -0.046396774 -0.233908315 -0.970695484
1561000770.885692120 -49.533011 -14.702101 -1.711523 -0.029470292 -0.049657290 -0.235020128 -0.970273773
1561000770.987006426 -50.351840 -14.869785 -1.666969 -0.029888147 -0.051287006 -0.234637133 -0.970268910
1561000771.086636305 -51.137565 -15.015478 -1.628501 -0.028386921 -0.049269661 -0.235674399 -0.970167130
1561000771.186360121 -51.937124 -15.156787 -1.591828 -0.028460000 -0.045687492 -0.235674058 -0.970340363
1561000771.288227558 -52.763160 -15.320301 -1.555503 -0.028226080 -0.042383072 -0.236950125 -0.970186375
1561000771.387103081 -53.578767 -15.497855 -1.524302 -0.029053868 -0.041432630 -0.237240597 -0.970132006
1561000771.487852335 -54.408347 -15.652819 -1.500382 -0.028823171 -0.043017307 -0.237325726 -0.970049089
1561000771.586235762 -55.222485 -15.819315 -1.466830 -0.028016502 -0.044046033 -0.237880483 -0.969890663
1561000771.688032389 -56.075026 -15.980188 -1.433704 -0.027067879 -0.045535836 -0.238123092 -0.969789261
1561000771.788120508 -56.896905 -16.117324 -1.400422 -0.025221849 -0.045315171 -0.237602698 -0.969976985
1561000771.887941599 -57.750845 -16.278994 -1.360950 -0.024599402 -0.044749353 -0.238219965 -0.969867833
1561000771.988516808 -58.593268 -16.438556 -1.322810 -0.024213421 -0.044600214 -0.238557974 -0.969801332
1561000772.086264849 -59.426988 -16.599579 -1.279132 -0.023809246 -0.045861699 -0.238876614 -0.969674063
1561000772.188276529 -60.275145 -16.747816 -1.235123 -0.024865003 -0.048530734 -0.239239732 -0.969428105
1561000772.288066387 -61.124423 -16.904391 -1.187832 -0.024829201 -0.050460869 -0.238641016 -0.969478044
1561000772.386090517 -61.960331 -17.085748 -1.139639 -0.025889845 -0.051225813 -0.239147529 -0.969285351
1561000772.488030672 -62.807973 -17.270599 -1.090549 -0.026907423 -0.049917160 -0.240135473 -0.969081639
1561000772.585962772 -63.622059 -17.434821 -1.047339 -0.027828116 -0.048763012 -0.240897361 -0.968925294
1561000772.687943220 -64.485199 -17.614550 -1.004660 -0.028486912 -0.046530407 -0.241257726 -0.968926275
1561000772.788690090 -65.347942 -17.784869 -0.970451 -0.029134696 -0.045777221 -0.241146349 -0.968970616
1561000772.886712074 -66.196419 -17.951958 -0.932762 -0.029618768 -0.045809811 -0.240622859 -0.969084532
1561000772.988287210 -67.065382 -18.140517 -0.893199 -0.029016702 -0.046561201 -0.242528460 -0.968591778
1561000773.085923910 -67.923982 -18.314025 -0.853304 -0.029359566 -0.048080133 -0.242339476 -0.968554539
1561000773.189471722 -68.822696 -18.482481 -0.809483 -0.029847911 -0.049236836 -0.242392878 -0.968468135
1561000773.290180922 -69.682800 -18.672784 -0.761517 -0.030235686 -0.048990095 -0.242559880 -0.968426806
1561000773.387595415 -70.536372 -18.836327 -0.714154 -0.030425670 -0.048616857 -0.242589402 -0.968432270
1561000773.489495516 -71.401469 -19.023679 -0.670410 -0.030614208 -0.048286274 -0.242367776 -0.968498357
1561000773.589109421 -72.264530 -19.201045 -0.628019 -0.031133725 -0.047494649 -0.241953451 -0.968624528
1561000773.690456152 -73.142499 -19.378378 -0.589814 -0.030453988 -0.047367923 -0.242254010 -0.968577219
1561000773.790565252 -74.008626 -19.547347 -0.550301 -0.030054396 -0.046790272 -0.241295269 -0.968857057
1561000773.889525414 -74.887128 -19.718453 -0.514986 -0.029105906 -0.046310123 -0.242166609 -0.968691670
1561000773.990453720 -75.782214 -19.903328 -0.472560 -0.029145369 -0.045665653 -0.241431184 -0.968904629
1561000774.088794470 -76.656646 -20.090653 -0.427478 -0.028839982 -0.046502073 -0.241466522 -0.968865177
1561000774.190401316 -77.571325 -20.267805 -0.380694 -0.029204075 -0.049043824 -0.240971497 -0.968852188
1561000774.290547371 -78.443608 -20.458511 -0.332136 -0.029035248 -0.049579441 -0.241735070 -0.968639762
1561000774.389345169 -79.307887 -20.627993 -0.282469 -0.029579959 -0.048915254 -0.242075054 -0.968572141
1561000774.490986586 -80.185561 -20.813849 -0.237337 -0.029722116 -0.048172930 -0.242044512 -0.968612626
1561000774.589297771 -81.063361 -20.974591 -0.198604 -0.029564688 -0.047193983 -0.241760970 -0.968736440
1561000774.690846682 -81.983029 -21.170954 -0.155246 -0.029066604 -0.045663565 -0.242306935 -0.968688454
1561000774.789179087 -82.857235 -21.349273 -0.111882 -0.029005665 -0.045664947 -0.242203067 -0.968716191
1561000774.889859915 -83.740233 -21.522196 -0.068633 -0.028701152 -0.046619950 -0.241804724 -0.968779283
1561000774.990666389 -84.608459 -21.697707 -0.021010 -0.028991508 -0.048438895 -0.242183255 -0.968586825
1561000775.089098215 -85.453117 -21.891034 0.025768 -0.029320840 -0.049617579 -0.242262965 -0.968497310
1561000775.190711260 -86.314770 -22.074444 0.071401 -0.029659813 -0.050675088 -0.242417966 -0.968393443
1561000775.289255619 -87.172573 -22.252170 0.115346 -0.030112314 -0.050485107 -0.242148675 -0.968456773
1561000775.389303923 -88.034392 -22.428639 0.162624 -0.029759093 -0.048564751 -0.241983198 -0.968607244
1561000775.490655422 -88.897305 -22.616306 0.205808 -0.029929256 -0.047260109 -0.242712167 -0.968484138
1561000775.590528727 -89.747293 -22.800732 0.242925 -0.029403537 -0.046601429 -0.242214914 -0.968656634
1561000775.692143440 -90.621981 -22.960417 0.287827 -0.028484118 -0.046032012 -0.241718080 -0.968835424
1561000775.792043686 -91.466065 -23.139193 0.328073 -0.027852999 -0.047422748 -0.241838823 -0.968756562
1561000775.890817165 -92.321201 -23.319165 0.378206 -0.027245026 -0.049106192 -0.242267064 -0.968582965
1561000775.992043972 -93.192061 -23.490361 0.425868 -0.027268654 -0.051276811 -0.242613610 -0.968383057
1561000776.091811895 -94.048718 -23.648476 0.483379 -0.028071409 -0.052630110 -0.242632344 -0.968282817
1561000776.190580368 -94.904154 -23.823696 0.546367 -0.028677559 -0.059668308 -0.242704935 -0.967838626
1561000776.291985035 -95.759254 -24.003823 0.617257 -0.027856336 -0.069495755 -0.243527870 -0.966999763
1561000776.393445730 -96.587442 -24.152217 0.696763 -0.026486960 -0.074071179 -0.243712558 -0.966652001
1561000776.492316961 -97.361983 -24.300080 0.748153 -0.026421159 -0.068078160 -0.244328040 -0.966939034
1561000776.590683699 -98.129779 -24.479501 0.786812 -0.021557929 -0.072096790 -0.245053902 -0.966584654
1561000776.692180157 -98.986177 -24.661949 0.817011 -0.019052180 -0.079547137 -0.245086746 -0.966044385
1561000776.793358564 -99.861805 -24.849179 0.848237 -0.020972264 -0.072743767 -0.245101357 -0.966537031
1561000776.892969608 -100.792751 -25.057535 0.859093 -0.026742045 -0.053342975 -0.246463300 -0.967313409
1561000776.993688583 -101.688697 -25.250563 0.876149 -0.025942121 -0.046602638 -0.246242134 -0.967739641
1561000777.092419624 -102.535973 -25.451192 0.917158 -0.026580553 -0.061748959 -0.247312551 -0.966600767
1561000777.194827080 -103.367057 -25.637349 0.967720 -0.026894679 -0.065194668 -0.248523812 -0.966054991
1561000777.293206692 -104.159660 -25.797107 1.025210 -0.026416820 -0.060963368 -0.248494181 -0.966352038
1561000777.392535686 -104.991607 -25.977463 1.061017 -0.026434419 -0.053899455 -0.248099152 -0.966872733
1561000777.493455887 -105.879258 -26.192008 1.105685 -0.025927729 -0.047904611 -0.249147806 -0.966932403
1561000777.592404842 -106.735203 -26.386668 1.145278 -0.024273551 -0.049443185 -0.249326822 -0.966851748
1561000777.693666697 -107.622531 -26.578244 1.188098 -0.024139519 -0.054575596 -0.248987592 -0.966666420
1561000777.793915987 -108.523066 -26.753934 1.246520 -0.025107784 -0.059141256 -0.250196880 -0.966060781
1561000777.893477201 -109.396052 -26.922449 1.306190 -0.025429895 -0.058943469 -0.249864744 -0.966150401
1561000777.994845390 -110.268202 -27.098404 1.361262 -0.026112539 -0.056345233 -0.250502991 -0.966121939
1561000778.093599558 -111.137657 -27.296640 1.401163 -0.025985427 -0.053144412 -0.251831839 -0.965961259
1561000778.194677591 -112.010364 -27.492800 1.441830 -0.025863171 -0.052510885 -0.251215590 -0.966159630
1561000778.294579744 -112.894664 -27.699813 1.484648 -0.025105184 -0.053534773 -0.251934975 -0.965936088
1561000778.394254923 -113.778501 -27.927653 1.532539 -0.024922930 -0.055952916 -0.252601017 -0.965629766
1561000778.494666338 -114.650678 -28.123807 1.591254 -0.024824941 -0.057750131 -0.252870648 -0.965455892
1561000778.593527555 -115.498559 -28.338022 1.643959 -0.024624453 -0.058875744 -0.252911660 -0.965382295
1561000778.694808245 -116.355852 -28.531428 1.700044 -0.025717622 -0.057660312 -0.252663276 -0.965492186
1561000778.796369791 -117.256071 -28.728576 1.750418 -0.025372994 -0.055988239 -0.254084657 -0.965226665
1561000778.886803389 -118.088472 -28.913493 1.798624 -0.025558422 -0.053603312 -0.254724438 -0.965188537
1561000778.987039566 -119.010576 -29.131689 1.840498 -0.024313887 -0.053341533 -0.254911049 -0.965185927
1561000779.085712433 -119.897958 -29.335455 1.884087 -0.022947415 -0.053518217 -0.255821822 -0.964968607
1561000779.186903000 -120.766332 -29.536461 1.937721 -0.021852501 -0.054780558 -0.256268515 -0.964804647
1561000779.285641432 -121.626777 -29.753496 1.997597 -0.023187779 -0.057141172 -0.256946142 -0.964456268
1561000779.386821508 -122.487417 -29.947424 2.050275 -0.023365372 -0.059554999 -0.258346501 -0.963931713
1561000779.486929655 -123.338028 -30.150652 2.107017 -0.023273165 -0.058364304 -0.259177663 -0.963783641
1561000779.585644245 -124.159073 -30.355499 2.160853 -0.023361408 -0.057263997 -0.259490754 -0.963763263
1561000779.687046766 -125.008804 -30.564723 2.215683 -0.023291333 -0.054966397 -0.260804446 -0.963544109
1561000779.787026167 -125.846454 -30.766473 2.260815 -0.023635141 -0.054620489 -0.261435747 -0.963384312
1561000779.885753870 -126.678444 -30.964209 2.310734 -0.023318954 -0.054786780 -0.262842211 -0.962999796
1561000779.988118649 -127.527153 -31.188120 2.355073 -0.022743167 -0.056471289 -0.263819842 -0.962648863
1561000780.088176966 -128.344373 -31.402011 2.407403 -0.021782890 -0.056354930 -0.264611983 -0.962460454
1561000780.187885284 -129.142731 -31.599829 2.454886 -0.021795811 -0.056771075 -0.265824972 -0.962101383
1561000780.286154032 -129.952761 -31.801898 2.510283 -0.021877511 -0.056344809 -0.267200436 -0.961743502
1561000780.386768818 -130.766229 -32.011370 2.566823 -0.022850217 -0.056882867 -0.268038347 -0.961456006
1561000780.488116503 -131.563739 -32.232604 2.613189 -0.023475506 -0.057864492 -0.269201153 -0.961057408
1561000780.586358786 -132.338073 -32.453512 2.657545 -0.021614233 -0.062176616 -0.270422623 -0.960488677
1561000780.687965155 -133.133192 -32.652558 2.712282 -0.018053280 -0.066352719 -0.271404618 -0.960005692
1561000780.788094759 -133.911134 -32.852298 2.786106 -0.016854190 -0.068227534 -0.271857004 -0.959768050
1561000780.885877132 -134.667021 -33.047077 2.863063 -0.018557888 -0.065327538 -0.273445930 -0.959486967
1561000780.987933159 -135.465544 -33.266110 2.915802 -0.020689189 -0.059223579 -0.274932836 -0.959414645
1561000781.085805655 -136.239429 -33.488396 2.948865 -0.021963039 -0.050302657 -0.276685828 -0.959391589
1561000781.187957525 -137.056663 -33.711989 2.967033 -0.022442486 -0.043644547 -0.277254043 -0.959542435
1561000781.286010504 -137.848857 -33.948211 2.996079 -0.021997175 -0.041568142 -0.277900345 -0.959457978
1561000781.387593746 -138.632756 -34.196645 3.037725 -0.022442653 -0.047327064 -0.278428643 -0.959027615
1561000781.489011049 -139.401187 -34.421045 3.076845 -0.022648451 -0.056450768 -0.279443600 -0.958233600
1561000781.587706804 -140.136636 -34.639396 3.124636 -0.022818453 -0.063311597 -0.280886880 -0.957378463
1561000781.689433813 -140.905270 -34.857048 3.177650 -0.022487935 -0.063396647 -0.282180703 -0.957000109
1561000781.791358232 -141.674221 -35.090048 3.225822 -0.022260222 -0.060203128 -0.283332954 -0.956871205
1561000781.889955997 -142.420415 -35.307059 3.272982 -0.023088294 -0.056008007 -0.284795008 -0.956672273
1561000781.990843296 -143.199995 -35.533562 3.314164 -0.023140904 -0.052843326 -0.285326846 -0.956692570
1561000782.090707064 -143.963267 -35.770144 3.355865 -0.022652778 -0.051892036 -0.286310477 -0.956462429
1561000782.192322969 -144.739711 -36.019045 3.390155 -0.022669384 -0.053039710 -0.286957106 -0.956205264
1561000782.290875435 -145.501622 -36.243681 3.426595 -0.021922232 -0.054358068 -0.287707300 -0.955923180
1561000782.392405272 -146.276735 -36.471627 3.467055 -0.021504913 -0.055908896 -0.288740761 -0.955531531
1561000782.492164612 -147.013583 -36.700220 3.506555 -0.020836321 -0.055556827 -0.289796778 -0.955247148
1561000782.592455149 -147.768742 -36.922236 3.553124 -0.020263076 -0.054111634 -0.290217319 -0.955214765
1561000782.690899372 -148.512065 -37.160475 3.595106 -0.020994322 -0.052487895 -0.291035312 -0.955040683
1561000782.792410851 -149.283476 -37.405819 3.636402 -0.021536712 -0.052152630 -0.291172795 -0.955005066
1561000782.892686844 -150.036190 -37.655052 3.674951 -0.020950086 -0.053792247 -0.292397748 -0.954552798
1561000782.993515015 -150.786100 -37.900032 3.723269 -0.021305176 -0.058454041 -0.292930417 -0.954107429
1561000783.092139959 -151.496931 -38.128452 3.778292 -0.020413024 -0.062412847 -0.293375477 -0.953739364
1561000783.193479300 -152.231244 -38.353596 3.835548 -0.021366099 -0.063986992 -0.293229002 -0.953659219
1561000783.292761564 -152.926024 -38.562549 3.892480 -0.022509089 -0.062304637 -0.293348313 -0.953707628
1561000783.394033670 -153.636702 -38.775262 3.934882 -0.024220111 -0.059045780 -0.293031680 -0.953970344
1561000783.493057489 -154.354994 -39.021712 3.974828 -0.024691313 -0.056116252 -0.292397472 -0.954329620
1561000783.592114687 -155.070204 -39.253030 4.007436 -0.023848492 -0.055262730 -0.291738115 -0.954602615
1561000783.693435907 -155.796544 -39.479886 4.051212 -0.023894279 -0.055336597 -0.290796321 -0.954884508
1561000783.792959690 -156.507906 -39.703607 4.094786 -0.024047372 -0.055827717 -0.290184829 -0.955038091
1561000783.893682957 -157.214775 -39.919169 4.138233 -0.025001450 -0.056603106 -0.289540416 -0.955163527
1561000783.993592501 -157.917686 -40.127581 4.178346 -0.025420913 -0.057022266 -0.289042497 -0.955278322
1561000784.094806910 -158.615411 -40.344190 4.216059 -0.024712021 -0.056725578 -0.288467601 -0.955488340
1561000784.194882631 -159.316715 -40.537551 4.257429 -0.024145287 -0.056145742 -0.287822772 -0.955731506
1561000784.294462919 -160.005861 -40.740614 4.299736 -0.024345978 -0.055503575 -0.287531975 -0.955851448
1561000784.394574404 -160.701406 -40.968007 4.350565 -0.024430966 -0.056126430 -0.286722483 -0.956056049
1561000784.494580984 -161.395791 -41.170434 4.388220 -0.025005247 -0.058608149 -0.286837732 -0.955857698
1561000784.593418121 -162.066360 -41.381969 4.428816 -0.023672041 -0.060177233 -0.287655695 -0.955548291
1561000784.694926500 -162.751492 -41.601475 4.474521 -0.022504410 -0.060086867 -0.288839964 -0.955224892
1561000784.794072866 -163.416771 -41.798351 4.517190 -0.022425888 -0.058741772 -0.290410318 -0.954834190
1561000784.894271612 -164.102802 -41.999863 4.561775 -0.022588423 -0.056325078 -0.290161744 -0.955051523
1561000784.995171785 -164.776081 -42.206541 4.604688 -0.023442015 -0.055352720 -0.291471438 -0.954688928
1561000785.094945908 -165.437012 -42.435282 4.646815 -0.024330235 -0.057327191 -0.292246907 -0.954313040
1561000785.195259094 -166.090709 -42.640340 4.686476 -0.022597011 -0.066128834 -0.292635218 -0.953667123
1561000785.294337749 -166.729065 -42.840038 4.743485 -0.019188268 -0.075875641 -0.293656940 -0.952701579
1561000785.395266771 -167.365003 -43.034389 4.810844 -0.016734891 -0.080304516 -0.295285994 -0.951880933
1561000785.494854927 -167.988188 -43.229374 4.884208 -0.017073165 -0.078309586 -0.297762704 -0.951269409
1561000785.593545198 -168.615406 -43.411587 4.929877 -0.019388817 -0.068173744 -0.300309644 -0.951204779
1561000785.694871187 -169.257641 -43.629048 4.944541 -0.021602810 -0.055336335 -0.301102171 -0.951739823
1561000785.793414354 -169.903318 -43.854182 4.958971 -0.021157963 -0.041179711 -0.302363362 -0.952067733
1561000785.893189669 -170.587681 -44.093620 4.975001 -0.020628877 -0.034092306 -0.303600579 -0.951965783
1561000785.994858265 -171.269186 -44.333028 4.999190 -0.020496797 -0.034313278 -0.304362790 -0.951717275
1561000786.094051600 -171.913171 -44.556782 5.028748 -0.020548713 -0.042744166 -0.305014915 -0.951165910
1561000786.194885969 -172.550650 -44.783331 5.055721 -0.020704610 -0.053871037 -0.306298245 -0.950184517
1561000786.294196129 -173.147581 -45.002281 5.091968 -0.020597600 -0.062303278 -0.306998672 -0.949445025
1561000786.395009756 -173.771243 -45.235708 5.140638 -0.021157923 -0.065387997 -0.307412250 -0.949091387
1561000786.494991779 -174.394690 -45.451092 5.175881 -0.022455445 -0.064173754 -0.308809072 -0.948690908
1561000786.593746662 -175.019978 -45.667014 5.205164 -0.021620930 -0.060151141 -0.309949997 -0.948601800
1561000786.694766045 -175.660853 -45.900328 5.231316 -0.020468329 -0.055509188 -0.310368509 -0.948773506
1561000786.794126749 -176.320291 -46.130461 5.272961 -0.019324788 -0.052712966 -0.311697052 -0.948521399
1561000786.887006521 -176.961262 -46.365400 5.316342 -0.020308642 -0.053391710 -0.312300528 -0.948264343
1561000786.988557816 -177.632752 -46.607333 5.357244 -0.021173936 -0.056494899 -0.312921431 -0.947860838
1561000787.085955858 -178.274351 -46.844011 5.392667 -0.021137526 -0.059471599 -0.313567369 -0.947466010
1561000787.187185049 -178.918442 -47.075628 5.427036 -0.020315567 -0.060451813 -0.314290966 -0.947182160
1561000787.287001133 -179.544567 -47.291788 5.460230 -0.019739200 -0.058755151 -0.315297636 -0.946966524
1561000787.386344433 -180.192446 -47.532628 5.500417 -0.019886327 -0.056680924 -0.315705357 -0.946954030
1561000787.487171412 -180.837748 -47.764561 5.537298 -0.019590537 -0.055407264 -0.316889248 -0.946640085
1561000787.585873604 -181.479722 -48.007922 5.577708 -0.020224178 -0.055566654 -0.318062664 -0.946223796
1561000787.687857866 -182.118037 -48.263985 5.612824 -0.020669471 -0.057400205 -0.318205844 -0.946056568
1561000787.787594080 -182.762157 -48.500468 5.652489 -0.020375493 -0.059486987 -0.319667951 -0.945440923
1561000787.887833595 -183.390290 -48.741417 5.691638 -0.020486609 -0.060649597 -0.319834102 -0.945308454
1561000787.987892389 -184.027545 -48.990092 5.725821 -0.019882605 -0.060044024 -0.320146570 -0.945254236
1561000788.085977554 -184.659211 -49.229628 5.770096 -0.019987265 -0.057902051 -0.321160604 -0.945041654
1561000788.187755585 -185.290749 -49.479898 5.812304 -0.021227751 -0.055692765 -0.321204476 -0.945132469
1561000788.288352013 -185.924532 -49.720934 5.849399 -0.021583893 -0.056088708 -0.322120831 -0.944789057
1561000788.389231920 -186.566759 -49.970574 5.882216 -0.021786801 -0.057044708 -0.322168913 -0.944710764
1561000788.489167452 -187.202220 -50.216262 5.913942 -0.021437848 -0.058542959 -0.322682907 -0.944451630
1561000788.587702513 -187.831111 -50.456848 5.950389 -0.021226873 -0.058390576 -0.323228338 -0.944279303
1561000788.690827370 -188.493496 -50.701543 5.992660 -0.020937137 -0.057798305 -0.323023231 -0.944392389
1561000788.789947271 -189.137860 -50.948915 6.033966 -0.021532951 -0.056474749 -0.323221754 -0.944391144
1561000788.889171362 -189.770371 -51.201229 6.065679 -0.021689187 -0.056696888 -0.323771187 -0.944186030
1561000788.991446972 -190.430003 -51.456807 6.102793 -0.022074800 -0.057216151 -0.324017749 -0.944061181
1561000789.089155912 -191.050879 -51.717605 6.139201 -0.021365761 -0.058133768 -0.324403610 -0.943888906
1561000789.191079617 -191.705220 -51.967013 6.173433 -0.020952318 -0.058737651 -0.324930221 -0.943679628
1561000789.289547682 -192.354760 -52.209274 6.216552 -0.020449496 -0.058091648 -0.325106895 -0.943669797
1561000789.389379263 -193.003249 -52.461662 6.257365 -0.020788387 -0.056914226 -0.325195943 -0.943703456
1561000789.490453482 -193.645021 -52.724139 6.293725 -0.021053372 -0.056022677 -0.325657267 -0.943591839
1561000789.588922501 -194.273309 -52.968659 6.333814 -0.021864833 -0.056939013 -0.325355476 -0.943622643
1561000789.690661907 -194.919097 -53.237585 6.383526 -0.023636031 -0.058974541 -0.326159929 -0.943177100
1561000789.791272640 -195.546301 -53.501480 6.411569 -0.024309004 -0.063517608 -0.326446236 -0.942765846
1561000789.892036438 -196.169747 -53.752231 6.453836 -0.022025460 -0.070303354 -0.326629813 -0.942276649
1561000789.992050886 -196.788832 -53.994292 6.501899 -0.017780739 -0.077017035 -0.326668857 -0.941827840
1561000790.090475798 -197.392884 -54.216128 6.571311 -0.015251189 -0.077362825 -0.327144179 -0.941678863
1561000790.191973925 -198.036985 -54.454479 6.633206 -0.016386157 -0.071490609 -0.326924449 -0.942200080
1561000790.290943623 -198.639862 -54.689896 6.655077 -0.016661218 -0.062360698 -0.327855935 -0.942520044
1561000790.393324852 -199.278093 -54.949824 6.657198 -0.015884128 -0.047064736 -0.328484966 -0.943202117
1561000790.493524551 -199.951331 -55.228014 6.687500 -0.017563618 -0.034207054 -0.329434917 -0.943394950
1561000790.591983557 -200.642034 -55.510781 6.708792 -0.019262590 -0.034116237 -0.330546951 -0.942976006
1561000790.693186522 -201.309731 -55.790847 6.728600 -0.019164516 -0.041956432 -0.331281455 -0.942403829
1561000790.792254448 -201.960851 -56.058300 6.757530 -0.018295251 -0.052644900 -0.332436147 -0.941477565
1561000790.892332077 -202.605797 -56.317710 6.787903 -0.016496568 -0.060246829 -0.332751834 -0.940943356
1561000790.993215084 -203.259248 -56.582393 6.834823 -0.017163700 -0.062250039 -0.332956671 -0.940728545
1561000791.091945648 -203.881666 -56.850198 6.871000 -0.018752359 -0.060036935 -0.334064505 -0.940449266
1561000791.193346977 -204.553497 -57.127688 6.901605 -0.018954306 -0.057637114 -0.334808500 -0.940330775
1561000791.292419672 -205.209396 -57.412833 6.933589 -0.018921797 -0.057467855 -0.335907912 -0.939949619
1561000791.393535137 -205.883983 -57.701249 6.972453 -0.018340493 -0.058997190 -0.336447237 -0.939673462
1561000791.493512869 -206.559024 -57.989379 7.018221 -0.018059862 -0.059855731 -0.337547320 -0.939229972
1561000791.592198849 -207.229301 -58.269381 7.059840 -0.018277424 -0.061508931 -0.338297321 -0.938849035
1561000791.693418264 -207.910035 -58.563501 7.105065 -0.018926954 -0.062306304 -0.339219732 -0.938450674
1561000791.794115543 -208.565056 -58.853969 7.151105 -0.019452553 -0.062586806 -0.340196178 -0.938067722
1561000791.894556999 -209.228490 -59.149967 7.190974 -0.020234985 -0.063116786 -0.341095013 -0.937689186
1561000791.994656086 -209.898893 -59.447804 7.234323 -0.020221299 -0.063489245 -0.341583421 -0.937486523
1561000792.093796015 -210.571732 -59.728018 7.278533 -0.020162508 -0.062961758 -0.342029470 -0.937360727
1561000792.193577766 -211.240984 -60.022621 7.317079 -0.020022290 -0.061775604 -0.342940242 -0.937109851
1561000792.293685198 -211.930924 -60.321043 7.358845 -0.019517610 -0.060320015 -0.343618675 -0.936966790
1561000792.395141840 -212.616649 -60.631959 7.401793 -0.019377434 -0.060059457 -0.344447615 -0.936682026
1561000792.486995459 -213.283204 -60.927847 7.449868 -0.019043733 -0.061034724 -0.344880557 -0.936466497
1561000792.587030172 -213.992735 -61.240108 7.497463 -0.019965401 -0.062999263 -0.345525345 -0.936079437
1561000792.686943293 -214.686720 -61.552221 7.536760 -0.020389648 -0.063873071 -0.346389921 -0.935691464
1561000792.786168098 -215.364408 -61.861670 7.577722 -0.019976803 -0.063249086 -0.347166073 -0.935455075
1561000792.886707783 -216.059081 -62.166908 7.624522 -0.019800284 -0.061503644 -0.347917038 -0.935296202
1561000792.986083508 -216.739302 -62.474771 7.669532 -0.020448500 -0.060044495 -0.348456659 -0.935176173
1561000793.086761475 -217.443840 -62.798272 7.712654 -0.020562647 -0.059534210 -0.349324553 -0.934882459
1561000793.186903238 -218.144424 -63.122964 7.749039 -0.020256908 -0.059413397 -0.349741060 -0.934741085
1561000793.285790443 -218.831978 -63.443634 7.788381 -0.019478827 -0.059334841 -0.350435512 -0.934502490
1561000793.387032270 -219.543184 -63.767487 7.828265 -0.019623147 -0.059738584 -0.351216979 -0.934180319
1561000793.487008095 -220.243031 -64.091126 7.869300 -0.019823509 -0.060199283 -0.351769983 -0.933938410
1561000793.586764336 -220.966702 -64.418064 7.911818 -0.019522946 -0.060054889 -0.352699495 -0.933603412
1561000793.687226057 -221.694396 -64.744695 7.957255 -0.019195025 -0.059409657 -0.353182253 -0.933468982
1561000793.786099434 -222.390659 -65.076508 7.998657 -0.018871089 -0.059217926 -0.353766437 -0.933266536
1561000793.886991501 -223.107482 -65.405030 8.046796 -0.019582376 -0.058753899 -0.354516812 -0.932996431
1561000793.987044573 -223.813923 -65.745570 8.081654 -0.019063073 -0.059439945 -0.355122725 -0.932733264
1561000794.087216616 -224.521516 -66.070127 8.124145 -0.018599357 -0.059552830 -0.356209228 -0.932321034
1561000794.187131405 -225.240538 -66.413861 8.169020 -0.018643804 -0.059345658 -0.356730763 -0.932133931
1561000794.286269426 -225.952539 -66.753212 8.213634 -0.018821261 -0.059426236 -0.357427416 -0.931858318
1561000794.387183905 -226.658710 -67.107709 8.258593 -0.018372638 -0.059041364 -0.358326856 -0.931546256
1561000794.487084627 -227.375904 -67.451412 8.297408 -0.018205623 -0.058810233 -0.359042392 -0.931288609
1561000794.586091995 -228.082541 -67.784000 8.338672 -0.018144631 -0.058557403 -0.360144937 -0.930879921
1561000794.686918497 -228.803495 -68.119776 8.382523 -0.018999443 -0.058251237 -0.360392233 -0.930786363
1561000794.786261082 -229.515922 -68.466552 8.425059 -0.018556561 -0.058738620 -0.361660209 -0.930272714
1561000794.885620117 -230.202989 -68.799185 8.474943 -0.018807942 -0.058843760 -0.362333519 -0.929998975
1561000794.986577272 -230.922616 -69.144319 8.518249 -0.018651952 -0.058783934 -0.363312601 -0.929623853
1561000795.085553646 -231.616769 -69.486054 8.559389 -0.018531990 -0.057803340 -0.364008922 -0.929415324
1561000795.187532663 -232.309790 -69.832909 8.593463 -0.018350249 -0.056964372 -0.364730177 -0.929187940
1561000795.286227465 -232.977248 -70.172855 8.631595 -0.018489382 -0.055667517 -0.365558402 -0.928938278
1561000795.386902809 -233.664100 -70.507928 8.669775 -0.018280294 -0.055576263 -0.366099192 -0.928734888
1561000795.487084150 -234.344510 -70.849314 8.709275 -0.018607573 -0.056591405 -0.366467016 -0.928521996
1561000795.585922480 -235.007619 -71.189353 8.747521 -0.018444625 -0.057265049 -0.367296425 -0.928156154
1561000795.687319279 -235.684945 -71.540505 8.783035 -0.018088923 -0.057312141 -0.367118423 -0.928230668
1561000795.786182880 -236.349686 -71.863116 8.818082 -0.016574249 -0.054996183 -0.367838131 -0.928114122
1561000795.887194872 -237.010147 -72.200925 8.853889 -0.015642091 -0.053097330 -0.367856573 -0.928233559
1561000795.987223148 -237.666086 -72.528209 8.893992 -0.015293213 -0.052112500 -0.368265826 -0.928132904
1561000796.086224556 -238.314879 -72.846103 8.929783 -0.015409064 -0.053143785 -0.368609073 -0.927936232
1561000796.187656164 -238.939100 -73.161930 8.960586 -0.015278549 -0.055493006 -0.368810351 -0.927720872
1561000796.286328554 -239.547020 -73.463337 8.995243 -0.014655170 -0.058185236 -0.369384116 -0.927337629
1561000796.387566328 -240.167324 -73.765171 9.040799 -0.014585224 -0.059525092 -0.369554182 -0.927185926
1561000796.487380743 -240.778314 -74.070315 9.086224 -0.016933102 -0.061020025 -0.369832501 -0.926937834
1561000796.586976051 -241.366361 -74.382989 9.131725 -0.018695104 -0.062769551 -0.370404957 -0.926558495
1561000796.687345982 -241.963545 -74.704010 9.176199 -0.020375092 -0.064285692 -0.371188729 -0.926105357
1561000796.786038399 -242.560834 -75.012409 9.208174 -0.020549951 -0.064407619 -0.372190762 -0.925690766
1561000796.887220144 -243.151474 -75.322032 9.240431 -0.019575616 -0.062353273 -0.373341024 -0.925389293
1561000796.987067699 -243.744247 -75.628904 9.285841 -0.019457475 -0.058573197 -0.374293895 -0.925253839
1561000797.087174416 -244.351148 -75.943961 9.331257 -0.021363874 -0.055847212 -0.374828110 -0.925164073
1561000797.187513828 -244.938710 -76.260792 9.365182 -0.023789584 -0.055665369 -0.375303411 -0.924923117
1561000797.286441803 -245.504726 -76.563680 9.392299 -0.024840437 -0.057362523 -0.375825105 -0.924579896
1561000797.387196064 -246.051679 -76.871685 9.415045 -0.023899805 -0.058787701 -0.376325616 -0.924311547
1561000797.486966848 -246.595772 -77.160365 9.440485 -0.022100021 -0.059966912 -0.376416585 -0.924243536
1561000797.586075306 -247.135231 -77.437826 9.474280 -0.020454279 -0.058646264 -0.376842387 -0.924192649
1561000797.686537981 -247.685763 -77.709193 9.508606 -0.019785917 -0.057417422 -0.377039900 -0.924203804
1561000797.785465002 -248.226993 -77.986750 9.547369 -0.020119206 -0.055415149 -0.376943002 -0.924358346
1561000797.886562586 -248.780263 -78.273783 9.581236 -0.019981442 -0.056328926 -0.377274079 -0.924171014
1561000797.986645460 -249.312136 -78.561872 9.609764 -0.020088314 -0.058991494 -0.377022421 -0.924105274
1561000798.086274624 -249.837914 -78.848214 9.641533 -0.017772563 -0.065101061 -0.377538666 -0.923531561
1561000798.186847448 -250.362111 -79.139997 9.683008 -0.015427565 -0.072685043 -0.377553559 -0.923001725
1561000798.285879135 -250.873361 -79.397808 9.737955 -0.012087287 -0.077953433 -0.377852970 -0.922498939
1561000798.387281179 -251.385894 -79.657241 9.797270 -0.011095323 -0.078560144 -0.378149508 -0.922338412
1561000798.487316847 -251.893970 -79.908584 9.856174 -0.012937725 -0.074547289 -0.378394709 -0.922546888
1561000798.586837292 -252.400902 -80.161216 9.893110 -0.015691020 -0.067090760 -0.379157348 -0.922763419
1561000798.687149286 -252.912801 -80.432882 9.909083 -0.018265477 -0.056090273 -0.379874789 -0.923155133
1561000798.786216497 -253.429749 -80.721877 9.913761 -0.018424313 -0.046257584 -0.380593929 -0.923400802
1561000798.886112690 -253.943026 -80.989882 9.933900 -0.017855048 -0.039491691 -0.381212029 -0.923471165
1561000798.986946821 -254.447604 -81.254199 9.961050 -0.018037794 -0.039779634 -0.381411870 -0.923372733
1561000799.085981369 -254.927053 -81.509866 9.997524 -0.019433521 -0.044569049 -0.381742704 -0.922988866
1561000799.187145948 -255.408049 -81.775695 10.016362 -0.019729578 -0.050623081 -0.382295062 -0.922441615
1561000799.285880566 -255.849457 -82.026570 10.029618 -0.018957658 -0.055784082 -0.382549360 -0.922054625
1561000799.386960506 -256.280945 -82.263424 10.048458 -0.017742667 -0.058783182 -0.383275734 -0.921590716
1561000799.487122059 -256.703914 -82.494664 10.074521 -0.016720678 -0.059322181 -0.383716890 -0.921391690
1561000799.587764978 -257.131091 -82.730411 10.104527 -0.017019307 -0.058594410 -0.383978550 -0.921323782
1561000799.686799049 -257.555626 -82.952449 10.136942 -0.018177292 -0.057137762 -0.384467359 -0.921189292
1561000799.785558462 -257.960410 -83.173105 10.163195 -0.018497422 -0.057112976 -0.384529947 -0.921158332
1561000799.885649681 -258.370485 -83.399014 10.182061 -0.017756076 -0.057026352 -0.385100378 -0.920939963
1561000799.986709356 -258.770665 -83.620120 10.206426 -0.016642650 -0.056820088 -0.385808023 -0.920677288
1561000800.085568905 -259.158336 -83.822117 10.230826 -0.015629769 -0.058006071 -0.386163301 -0.920472113
1561000800.186823130 -259.544378 -84.030628 10.254545 -0.015644804 -0.059469763 -0.386966283 -0.920041131
1561000800.286227942 -259.899963 -84.225461 10.279787 -0.015659861 -0.059855550 -0.386963881 -0.920016868
1561000800.387514353 -260.261729 -84.436130 10.303905 -0.016016384 -0.059877923 -0.387074999 -0.919962529
1561000800.487185717 -260.622689 -84.645799 10.328595 -0.015556629 -0.059610841 -0.387609360 -0.919762754
1561000800.587459564 -260.979602 -84.842323 10.355766 -0.015062214 -0.060208631 -0.388009340 -0.919563376
1561000800.687401295 -261.311915 -85.033248 10.379732 -0.015515814 -0.060635689 -0.388084587 -0.919496017
1561000800.786190510 -261.652104 -85.214512 10.405383 -0.016055534 -0.060532254 -0.388730602 -0.919220640
1561000800.887226105 -261.988335 -85.400353 10.426083 -0.016509802 -0.061093290 -0.388909725 -0.919099702
1561000800.987298012 -262.323778 -85.583672 10.446886 -0.016500877 -0.061625570 -0.389493876 -0.918816919
1561000801.086583376 -262.644201 -85.770807 10.466260 -0.016467397 -0.063042609 -0.389404214 -0.918759388
1561000801.187405825 -262.953648 -85.952190 10.486510 -0.016071941 -0.063986685 -0.389958851 -0.918465836
1561000801.286113024 -263.266063 -86.128240 10.512891 -0.016281874 -0.063605065 -0.390055576 -0.918447573
1561000801.387691021 -263.588261 -86.296970 10.543942 -0.016814818 -0.062604658 -0.390133108 -0.918473776
1561000801.487519979 -263.903898 -86.470671 10.567747 -0.016878638 -0.062164257 -0.390169124 -0.918487219
1561000801.587553263 -264.200322 -86.633877 10.588095 -0.017462048 -0.062235757 -0.389823868 -0.918618060
1561000801.687408924 -264.515424 -86.812099 10.610751 -0.017839734 -0.062614218 -0.389525745 -0.918711542
1561000801.786054373 -264.825605 -86.986406 10.629484 -0.018432974 -0.063674175 -0.388887421 -0.918897382
1561000801.886157513 -265.139956 -87.163101 10.649878 -0.018794451 -0.064063331 -0.388786021 -0.918905919
1561000801.987324715 -265.457520 -87.332119 10.669946 -0.018997389 -0.063978389 -0.388385988 -0.919076814
1561000802.085933685 -265.763025 -87.501779 10.693299 -0.018589679 -0.063598027 -0.387954372 -0.919293816
1561000802.187249422 -266.069495 -87.676040 10.717074 -0.018892672 -0.063207544 -0.387279785 -0.919598957
1561000802.285964251 -266.360058 -87.834424 10.738258 -0.019160678 -0.063198173 -0.386936853 -0.919738403
1561000802.386025667 -266.662482 -87.990685 10.759586 -0.019600722 -0.063249717 -0.386115786 -0.920070587
1561000802.488120794 -266.960987 -88.153914 10.778087 -0.019808164 -0.063129692 -0.385022729 -0.920532333
1561000802.586633682 -267.242532 -88.297463 10.798788 -0.020192896 -0.063000209 -0.383788637 -0.921048046
1561000802.687041283 -267.519559 -88.455763 10.819230 -0.020671512 -0.062956813 -0.381349912 -0.922052804
1561000802.785851717 -267.802112 -88.605948 10.842835 -0.021316937 -0.062723105 -0.379021367 -0.923013653
1561000802.886314631 -268.084481 -88.756097 10.858728 -0.021556338 -0.063020492 -0.376428796 -0.924048215
1561000802.987004995 -268.376504 -88.887792 10.875718 -0.021379137 -0.063055601 -0.372844737 -0.925501878
1561000803.085699081 -268.669112 -89.026323 10.893232 -0.020755673 -0.062838606 -0.369098553 -0.927031159
1561000803.186882734 -268.974513 -89.158716 10.916780 -0.020828989 -0.062268400 -0.365021003 -0.928681036
1561000803.285901308 -269.274842 -89.282566 10.940543 -0.021044209 -0.062250370 -0.360191230 -0.930561288
1561000803.387042284 -269.585561 -89.403994 10.964968 -0.021694258 -0.062023582 -0.355655468 -0.932304469
1561000803.487906933 -269.900719 -89.533349 10.982576 -0.022416071 -0.061607788 -0.349945019 -0.934473373
1561000803.586125612 -270.198819 -89.652451 10.997814 -0.022110536 -0.061491354 -0.343706817 -0.936800705
1561000803.685978413 -270.503462 -89.776294 11.012135 -0.022010777 -0.060516008 -0.337234328 -0.939215815
1561000803.786242962 -270.804752 -89.888825 11.025501 -0.021231325 -0.059781260 -0.329422507 -0.942048960
1561000803.886216402 -271.131220 -89.979229 11.048474 -0.021569677 -0.059762384 -0.321178912 -0.944884815
1561000803.987068892 -271.464277 -90.072959 11.075500 -0.022036779 -0.060598172 -0.311829465 -0.947947587
1561000804.085847139 -271.795486 -90.154479 11.095120 -0.021395470 -0.061875945 -0.301681282 -0.951158244
1561000804.186894894 -272.148349 -90.244122 11.114241 -0.019574843 -0.062733824 -0.291187047 -0.954406306
1561000804.286849499 -272.484222 -90.296737 11.135010 -0.016621841 -0.062614699 -0.280882717 -0.957553139
1561000804.387005091 -272.814768 -90.345471 11.158485 -0.014688070 -0.061332523 -0.269286650 -0.960992863
1561000804.488492489 -273.167951 -90.383277 11.181091 -0.014276412 -0.060752675 -0.256790562 -0.964450053
1561000804.588001966 -273.533154 -90.410202 11.201647 -0.014617930 -0.061282256 -0.243528923 -0.967845269
1561000804.687959909 -273.873324 -90.450086 11.224910 -0.015035588 -0.061320172 -0.229535335 -0.971250378
1561000804.786161184 -274.230161 -90.477729 11.245638 -0.014287645 -0.060738980 -0.213835110 -0.974874959
1561000804.887640715 -274.604521 -90.486734 11.269615 -0.012956419 -0.059421134 -0.198915122 -0.978127821
1561000804.987696171 -274.986106 -90.474183 11.293308 -0.011064619 -0.059357730 -0.183266247 -0.981207275
1561000805.087664604 -275.338421 -90.452692 11.315303 -0.010320264 -0.060843113 -0.164924200 -0.984373718
1561000805.187592506 -275.691152 -90.399341 11.339872 -0.010490659 -0.063620929 -0.147935872 -0.986892751
1561000805.285675287 -276.063509 -90.342500 11.368356 -0.011616947 -0.066827748 -0.130031018 -0.989187057
1561000805.387498140 -276.422626 -90.272053 11.394629 -0.011954354 -0.068179839 -0.111642194 -0.991334769
1561000805.487461090 -276.772599 -90.198861 11.420560 -0.012188430 -0.067658394 -0.092585885 -0.993328565
1561000805.585789919 -277.133737 -90.094524 11.449350 -0.012944094 -0.066282085 -0.073741711 -0.994988088
1561000805.687629461 -277.491588 -89.981476 11.470772 -0.013665073 -0.064698869 -0.053969253 -0.996350662
1561000805.785903215 -277.848078 -89.862725 11.486612 -0.013706016 -0.063693916 -0.033528414 -0.997311925
1561000805.887468815 -278.213980 -89.723367 11.509575 -0.013306839 -0.062971758 -0.011548982 -0.997859763
1561000805.989201784 -278.587499 -89.556552 11.540517 -0.013947953 -0.061100780 0.009774675 -0.997986275
1561000806.089309931 -278.951076 -89.377906 11.575585 -0.015584564 -0.058151787 0.032358980 -0.997661459
1561000806.189118147 -279.327877 -89.166793 11.597641 -0.017773912 -0.055923886 0.055637364 -0.996725183
1561000806.288528204 -279.675988 -88.960689 11.618715 -0.019186203 -0.053935789 0.078388113 -0.995277913
1561000806.389113426 -280.027567 -88.742846 11.631934 -0.020462717 -0.052369717 0.102457184 -0.993147127
1561000806.488426208 -280.351835 -88.510405 11.639304 -0.020796797 -0.051330909 0.126923899 -0.990365061
1561000806.588495493 -280.688959 -88.237056 11.657658 -0.020206630 -0.050379499 0.150877196 -0.987061128
1561000806.690037012 -281.002977 -87.938347 11.668520 -0.019705157 -0.050257868 0.174944980 -0.983097201
1561000806.787897825 -281.308415 -87.621542 11.684854 -0.021019571 -0.049002351 0.200100902 -0.978323349
1561000806.889460564 -281.626281 -87.299291 11.702359 -0.020966727 -0.049005697 0.226477056 -0.972556929
1561000806.989144325 -281.917043 -86.974968 11.724125 -0.021496077 -0.048014579 0.251317188 -0.966474102
1561000807.089998245 -282.190896 -86.628668 11.741823 -0.022401803 -0.047016758 0.275451924 -0.959903027
1561000807.190335274 -282.451437 -86.241907 11.761889 -0.022677915 -0.046343606 0.298959204 -0.952870073
1561000807.289738894 -282.717593 -85.851123 11.772789 -0.023263429 -0.046408410 0.323578575 -0.944776152
1561000807.390140533 -282.945874 -85.469442 11.790266 -0.023387363 -0.047126124 0.347248275 -0.936296318
1561000807.490151644 -283.154237 -85.039434 11.806782 -0.023792487 -0.048062849 0.367349646 -0.928535469
1561000807.588704824 -283.350255 -84.574237 11.829389 -0.024970380 -0.049475406 0.388397573 -0.919823891
1561000807.690259933 -283.553921 -84.093086 11.856463 -0.027602584 -0.051583469 0.407430890 -0.911360145
1561000807.788767338 -283.777802 -83.608996 11.884216 -0.029478021 -0.054869625 0.423602376 -0.903704265
1561000807.890631914 -283.968574 -83.153488 11.912543 -0.030602277 -0.058956878 0.438158954 -0.896439802
1561000807.990239143 -284.142856 -82.657616 11.939507 -0.031091507 -0.063729478 0.449321292 -0.890551654
1561000808.089402437 -284.265819 -82.099974 11.965882 -0.029839226 -0.065625675 0.457627034 -0.886216897
1561000808.190496683 -284.379236 -81.548645 11.998801 -0.027369767 -0.063029470 0.465456968 -0.882398999
1561000808.289254189 -284.500971 -81.015644 12.027875 -0.023402277 -0.057317923 0.472499709 -0.879153578
1561000808.390570402 -284.603430 -80.455866 12.030443 -0.018410668 -0.051344647 0.479482011 -0.875854883
1561000808.490646839 -284.713776 -79.892391 12.035989 -0.011257517 -0.045361650 0.485078752 -0.873220587
1561000808.588928223 -284.842935 -79.296820 12.037107 -0.006600393 -0.042349190 0.490365162 -0.870462514
1561000808.690420628 -284.958784 -78.672956 12.052948 -0.006385053 -0.042855850 0.494704131 -0.867980662
1561000808.788774490 -285.092994 -78.038794 12.073704 -0.010204746 -0.046977504 0.499923667 -0.864734239
1561000808.890211105 -285.218847 -77.419353 12.093135 -0.015374117 -0.052461691 0.503879118 -0.862042483
1561000808.990303278 -285.331687 -76.798583 12.113557 -0.019828752 -0.056814690 0.505630707 -0.860648883
1561000809.091084480 -285.428348 -76.179721 12.141178 -0.022571022 -0.057693892 0.507373792 -0.859496247
1561000809.192060232 -285.510570 -75.531524 12.157161 -0.022522393 -0.055104899 0.507816682 -0.859405847
1561000809.290876865 -285.613416 -74.912392 12.173102 -0.020197142 -0.052168342 0.511907974 -0.857216872
1561000809.392121553 -285.718618 -74.256965 12.188244 -0.018830334 -0.050958994 0.512013792 -0.857257532
1561000809.492325306 -285.822447 -73.593515 12.204572 -0.018084716 -0.051562922 0.513073712 -0.856603511
1561000809.591498137 -285.936966 -72.947637 12.226502 -0.019478413 -0.052432178 0.515330231 -0.855164435
1561000809.692139387 -286.067892 -72.233619 12.255917 -0.021131239 -0.052439564 0.515705100 -0.854898715
1561000809.791584253 -286.211149 -71.554831 12.279390 -0.021719991 -0.052336933 0.516626629 -0.854333666
1561000809.891736984 -286.336445 -70.858951 12.297894 -0.021234644 -0.051688962 0.517975105 -0.853568469
1561000809.990641832 -286.439620 -70.181955 12.315308 -0.020368557 -0.051499183 0.518368842 -0.853361998
1561000810.090791941 -286.557700 -69.472603 12.341197 -0.019092497 -0.051009995 0.519635460 -0.852650248
1561000810.191959143 -286.680263 -68.763473 12.364366 -0.019461266 -0.051354399 0.520364089 -0.852176742
1561000810.290500164 -286.782340 -68.058305 12.386307 -0.020048439 -0.051652489 0.519923323 -0.852414112
1561000810.391826630 -286.909990 -67.308370 12.405718 -0.020667024 -0.052380009 0.520644589 -0.851914562
1561000810.491823912 -287.043258 -66.576758 12.426325 -0.020128436 -0.053596999 0.520921899 -0.851682208
1561000810.590647221 -287.171726 -65.855772 12.446979 -0.019066248 -0.055216384 0.521261633 -0.851395290
1561000810.695111990 -287.286530 -65.060132 12.474993 -0.016965805 -0.055365665 0.520351267 -0.851986716
1561000810.794178963 -287.410616 -64.299673 12.507117 -0.015433149 -0.054870863 0.521268831 -0.851486824
1561000810.894988060 -287.528323 -63.519410 12.526932 -0.015053977 -0.055045123 0.520822387 -0.851755513
1561000810.994960546 -287.664718 -62.742480 12.546562 -0.014567642 -0.056228097 0.519543930 -0.852467178
1561000811.093626499 -287.785656 -61.991037 12.565150 -0.014894079 -0.057895156 0.518968994 -0.852700123
1561000811.194816113 -287.896913 -61.192054 12.593288 -0.014949897 -0.057424741 0.519095600 -0.852653891
1561000811.293950319 -288.027014 -60.402524 12.618214 -0.014031311 -0.057102389 0.518805485 -0.852867697
1561000811.387000561 -288.177520 -59.651629 12.641728 -0.014178845 -0.056520216 0.517719880 -0.853563443
1561000811.486945152 -288.314252 -58.827191 12.667351 -0.014403385 -0.056771513 0.515805767 -0.854701087
1561000811.586979389 -288.472612 -57.983546 12.693159 -0.015406099 -0.058209658 0.515304802 -0.854889027
1561000811.687019587 -288.609314 -57.132337 12.727443 -0.016312002 -0.058992311 0.514373526 -0.855379274
1561000811.785948992 -288.763269 -56.301471 12.758282 -0.017152319 -0.060214290 0.512952852 -0.856130486
1561000811.885999441 -288.920067 -55.460759 12.789173 -0.016914100 -0.060620865 0.512194330 -0.856560559
1561000811.986989737 -289.068087 -54.616674 12.821092 -0.016473944 -0.061695370 0.510324687 -0.857607722
1561000812.085958958 -289.235927 -53.789672 12.855595 -0.016087741 -0.062188268 0.509199697 -0.858247908
1561000812.186838865 -289.389499 -52.924178 12.893469 -0.016069769 -0.062590677 0.507659521 -0.859130945
1561000812.285804749 -289.561671 -52.073076 12.928559 -0.015413265 -0.063194845 0.507040875 -0.859464016
1561000812.387062073 -289.730768 -51.196377 12.962887 -0.014682305 -0.064054165 0.506222322 -0.859895607
1561000812.486100674 -289.913166 -50.350060 12.999822 -0.014649032 -0.064378270 0.505764643 -0.860141250
1561000812.587155819 -290.095152 -49.488563 13.036026 -0.014693895 -0.064893341 0.504245097 -0.860993511
1561000812.687018394 -290.280499 -48.603068 13.075010 -0.013872016 -0.065367107 0.504279133 -0.860951372
1561000812.785849333 -290.468205 -47.721148 13.111114 -0.012642447 -0.066007511 0.503387471 -0.861443110
1561000812.886841774 -290.653429 -46.820268 13.143603 -0.011482681 -0.066553759 0.503065814 -0.861605206
1561000812.986928225 -290.834694 -45.907210 13.175735 -0.009332688 -0.067611349 0.502941247 -0.861621557
1561000813.086496830 -291.006402 -45.014897 13.208874 -0.007481039 -0.068699657 0.501763475 -0.862239993
1561000813.187953949 -291.191864 -44.080471 13.249411 -0.006434632 -0.069579977 0.502516512 -0.861739158
1561000813.286146402 -291.364810 -43.170721 13.284877 -0.005834728 -0.070386153 0.502396913 -0.861747694
1561000813.388017654 -291.551113 -42.250114 13.325853 -0.004929527 -0.071098827 0.501755644 -0.862068402
1561000813.487670183 -291.749647 -41.345690 13.368087 -0.004926792 -0.071103544 0.501791061 -0.862047414
1561000813.586129665 -291.948667 -40.443943 13.401976 -0.005717983 -0.070576444 0.502311906 -0.861782467
1561000813.687690258 -292.154091 -39.527151 13.449132 -0.007341103 -0.070286727 0.501601723 -0.862207397
1561000813.786014557 -292.347963 -38.627041 13.495348 -0.009081757 -0.069252152 0.502945435 -0.861491469
1561000813.887809753 -292.539984 -37.689156 13.534992 -0.011229967 -0.068485961 0.502898920 -0.861554547
1561000813.986869812 -292.727328 -36.779191 13.569662 -0.010749472 -0.065739481 0.502020029 -0.862286878
1561000814.086182117 -292.920122 -35.855483 13.611826 -0.009456256 -0.062837240 0.501995324 -0.862532756
1561000814.189367056 -293.132072 -34.922903 13.645013 -0.009587594 -0.060918400 0.501914006 -0.862716267
1561000814.286027431 -293.321682 -34.028587 13.668802 -0.009665317 -0.060485703 0.503222727 -0.861983149
1561000814.387857437 -293.520987 -33.090655 13.703305 -0.010662345 -0.060317786 0.502217401 -0.862569279
1561000814.487957716 -293.705568 -32.181215 13.728577 -0.010838873 -0.060205295 0.503591151 -0.861773632
1561000814.587558031 -293.910449 -31.287505 13.763303 -0.010369832 -0.060315829 0.502663374 -0.862313168
1561000814.688019991 -294.101789 -30.378740 13.803198 -0.010465331 -0.059485924 0.503808246 -0.861701313
1561000814.786435843 -294.286261 -29.483098 13.837322 -0.011157642 -0.058839638 0.503676726 -0.861813878
1561000814.887263536 -294.468511 -28.575707 13.867312 -0.011401499 -0.058198197 0.503744051 -0.861814891
1561000814.986734390 -294.656942 -27.673069 13.895807 -0.010212448 -0.057711573 0.503318271 -0.862111245
1561000815.089123249 -294.848395 -26.799545 13.916169 -0.008651794 -0.058810771 0.503830826 -0.861754570
1561000815.188195944 -295.018968 -25.936713 13.951089 -0.007254266 -0.060124713 0.503480254 -0.861881679
1561000815.286021948 -295.201080 -25.101098 13.985298 -0.008313861 -0.061892274 0.502843316 -0.862118800
1561000815.387909412 -295.370737 -24.240598 14.023575 -0.009254095 -0.063618720 0.502258105 -0.862324658
1561000815.487561941 -295.527331 -23.413671 14.053577 -0.009515831 -0.064597552 0.502556169 -0.862075346
1561000815.587934494 -295.686822 -22.602972 14.090679 -0.009664198 -0.064667225 0.501882784 -0.862460680
1561000815.687889814 -295.851745 -21.798634 14.117587 -0.008590803 -0.064273375 0.500797800 -0.863131911
1561000815.786006451 -296.001924 -20.997636 14.155491 -0.006764225 -0.062077775 0.500304395 -0.863594874
1561000815.887951374 -296.185392 -20.178640 14.200594 -0.007576887 -0.060071086 0.500448486 -0.863646553
1561000815.987571955 -296.344689 -19.426739 14.247588 -0.014152611 -0.060073257 0.500458913 -0.863557632
1561000816.086070776 -296.513337 -18.656274 14.274494 -0.019234327 -0.062329211 0.500961462 -0.863007951
1561000816.187839985 -296.698386 -17.889303 14.298145 -0.021576796 -0.064193781 0.501100540 -0.862735098
1561000816.285806656 -296.857095 -17.197494 14.335190 -0.018686067 -0.063284236 0.501654859 -0.862547586
1561000816.387718201 -297.009163 -16.450594 14.381331 -0.016945547 -0.060003054 0.500824826 -0.863300050
1561000816.486180544 -297.142189 -15.724682 14.419112 -0.017690887 -0.056212463 0.501551564 -0.863118312
1561000816.588178635 -297.314766 -14.974265 14.445484 -0.019020574 -0.055868112 0.501553093 -0.863111503
1561000816.688065290 -297.498424 -14.251418 14.465505 -0.020285263 -0.058836616 0.501578128 -0.862870872
1561000816.786192656 -297.636149 -13.522859 14.504706 -0.020462368 -0.060228124 0.501516868 -0.862806291
1561000816.887936354 -297.779307 -12.781966 14.542851 -0.020695011 -0.060430440 0.501004429 -0.863084260
1561000816.988154650 -297.918634 -12.052947 14.582446 -0.020792047 -0.059350682 0.500291104 -0.863570494
1561000817.087092161 -298.089089 -11.332486 14.627363 -0.023315274 -0.062444209 0.500614705 -0.863100247
1561000817.188063145 -298.253138 -10.623691 14.671338 -0.027671209 -0.068976813 0.500153814 -0.862741366
1561000817.286113501 -298.400193 -9.946609 14.713231 -0.028690752 -0.072244751 0.500935514 -0.861986745
1561000817.387977839 -298.522970 -9.250135 14.743124 -0.025381529 -0.070978010 0.500282649 -0.862574734
1561000817.487856388 -298.663241 -8.568267 14.738294 -0.016617453 -0.063752200 0.499806761 -0.863627651
1561000817.585860491 -298.819098 -7.871843 14.725374 -0.005323685 -0.055552290 0.500942673 -0.863679361
1561000817.687667847 -298.980076 -7.113526 14.767854 0.000895355 -0.048607901 0.500878651 -0.864151056
1561000817.785629988 -299.140613 -6.394506 14.821436 -0.005124086 -0.054266898 0.500239099 -0.864169944
1561000817.888968468 -299.283278 -5.648486 14.863831 -0.010848392 -0.057072732 0.500778954 -0.863623445
1561000817.987394571 -299.426275 -4.945381 14.893792 -0.023367925 -0.070540254 0.501799666 -0.861785999
1561000818.087643147 -299.591575 -4.224437 14.922360 -0.023547931 -0.072102538 0.501702074 -0.861708621
1561000818.189069033 -299.744795 -3.498669 14.946903 -0.018695384 -0.067924289 0.500746377 -0.862722342
1561000818.288925886 -299.897027 -2.778875 14.979952 -0.014390371 -0.061883257 0.501353562 -0.862906707
1561000818.390826464 -300.052524 -2.025222 15.011410 -0.014579873 -0.061035376 0.501393275 -0.862940841
1561000818.490383148 -300.215918 -1.274110 15.039069 -0.016838108 -0.063645828 0.501178865 -0.862835692
1561000818.588953733 -300.382922 -0.541115 15.067167 -0.018788098 -0.066731722 0.502528896 -0.861776417
1561000818.690190315 -300.529508 0.193795 15.093089 -0.019077960 -0.069134892 0.502127767 -0.861814425
1561000818.788452387 -300.698919 0.939804 15.138095 -0.019142383 -0.067457215 0.502314309 -0.861837240
1561000818.888694525 -300.872438 1.692943 15.178705 -0.019161204 -0.065562863 0.501821816 -0.862269809
1561000818.988563061 -301.032864 2.453643 15.217378 -0.019670605 -0.064133499 0.501385957 -0.862619316
1561000819.090265751 -301.205256 3.232992 15.255070 -0.020669982 -0.063936827 0.501688362 -0.862434705
1561000819.190606117 -301.347047 3.993539 15.285988 -0.022008122 -0.063689363 0.501617752 -0.862460978
1561000819.289763689 -301.510714 4.740866 15.310781 -0.022237114 -0.064607233 0.501243926 -0.862604164
1561000819.389556885 -301.664453 5.473919 15.342749 -0.021669851 -0.064648685 0.501080537 -0.862710415
1561000819.490195274 -301.825124 6.211607 15.374248 -0.020707742 -0.064293150 0.500943079 -0.862840432
1561000819.589608192 -301.994515 6.977209 15.417481 -0.020073567 -0.063632432 0.501091122 -0.862818436
1561000819.690580606 -302.176052 7.741505 15.450371 -0.019793669 -0.064174632 0.500870963 -0.862912571
1561000819.788935661 -302.338963 8.507551 15.481389 -0.018793642 -0.065467647 0.500402895 -0.863109338
1561000819.890805960 -302.501569 9.298764 15.525051 -0.018099155 -0.066007808 0.500941937 -0.862770286
1561000819.989592075 -302.661235 10.072832 15.560389 -0.018096291 -0.065927467 0.500751611 -0.862886967
1561000820.088890076 -302.836479 10.835739 15.594239 -0.017665576 -0.065444450 0.500854263 -0.862873084
1561000820.190764427 -302.999195 11.633953 15.625662 -0.018682324 -0.065212744 0.500894056 -0.862846112
1561000820.288868427 -303.155261 12.416255 15.661611 -0.019577227 -0.064528228 0.501439687 -0.862560769
1561000820.390554190 -303.315083 13.208597 15.701058 -0.020359159 -0.063120332 0.501329830 -0.862710687
1561000820.488959789 -303.489382 13.995367 15.726913 -0.020695124 -0.062211717 0.499934613 -0.863577904
1561000820.590596437 -303.670791 14.791977 15.759060 -0.020938490 -0.062090706 0.500300031 -0.863369100
1561000820.691211224 -303.849429 15.594684 15.796676 -0.021625686 -0.061990495 0.500244788 -0.863391372
1561000820.788920641 -304.025700 16.397419 15.836684 -0.024629830 -0.063924987 0.500396092 -0.863082104
1561000820.890393972 -304.197910 17.193033 15.894611 -0.030103411 -0.071096955 0.500190987 -0.862466222
1561000820.989035606 -304.347884 17.975935 15.950614 -0.034164348 -0.078811476 0.501144677 -0.861089752
1561000821.091555595 -304.480813 18.765239 16.032362 -0.034416317 -0.076419497 0.501516180 -0.861079032
1561000821.190177917 -304.656299 19.564215 16.085568 -0.034451716 -0.077080302 0.501220526 -0.861190856
1561000821.289836407 -304.853153 20.367120 16.127300 -0.031554179 -0.077959505 0.498992819 -0.862515401
1561000821.390783310 -305.039302 21.216061 16.169670 -0.019327229 -0.063126444 0.499038221 -0.864061551
1561000821.489368677 -305.246995 22.066159 16.173062 -0.016543049 -0.050321356 0.501169222 -0.863726519
1561000821.589391470 -305.433127 22.873817 16.190098 -0.026406861 -0.054876460 0.501652802 -0.862922777
1561000821.690743685 -305.612922 23.674930 16.219081 -0.039307760 -0.068728234 0.501318550 -0.861632776
1561000821.789344549 -305.769798 24.439928 16.264631 -0.036252097 -0.068597105 0.501260710 -0.861810839
1561000821.890552044 -305.950602 25.248543 16.314113 -0.029499889 -0.064950903 0.500984227 -0.862511415
1561000821.989505291 -306.127835 26.068575 16.353058 -0.023452737 -0.058987842 0.500895997 -0.863176461
1561000822.089264631 -306.302445 26.921953 16.375930 -0.022985258 -0.061123405 0.501347238 -0.862778392
1561000822.190466404 -306.468639 27.732571 16.406568 -0.023462268 -0.065334590 0.501357559 -0.862450875
1561000822.291322947 -306.638513 28.548078 16.450193 -0.023025590 -0.069902227 0.501160661 -0.862218935
1561000822.392235756 -306.785874 29.343329 16.490985 -0.020142023 -0.072155008 0.500811717 -0.862308284
1561000822.490828037 -306.937009 30.132376 16.545781 -0.016953998 -0.071308965 0.500834093 -0.862434232
1561000822.592011213 -307.104274 30.937946 16.593752 -0.015208659 -0.070269430 0.500616183 -0.862678585
1561000822.691948175 -307.263088 31.738182 16.630376 -0.014275786 -0.070403210 0.500323117 -0.862853620
1561000822.790089846 -307.423079 32.502214 16.663129 -0.014468832 -0.071046577 0.499464571 -0.863294955
1561000822.891498089 -307.591462 33.284141 16.705533 -0.013990238 -0.070855539 0.499858259 -0.863090660
1561000822.990649939 -307.750867 34.022990 16.746732 -0.014091063 -0.070830862 0.499746046 -0.863156023
1561000823.090407848 -307.920125 34.756033 16.791353 -0.015929698 -0.070283953 0.500236706 -0.862884493
1561000823.191536665 -308.084367 35.472259 16.831674 -0.020055116 -0.074551496 0.499828749 -0.862676700
1561000823.290152550 -308.231369 36.140504 16.876162 -0.021313724 -0.077101043 0.499541216 -0.862588968
1561000823.391601086 -308.363734 36.833645 16.904987 -0.018356020 -0.074335930 0.499763448 -0.862770956
1561000823.490804195 -308.500423 37.491309 16.921219 -0.013318684 -0.068913127 0.499579996 -0.863419609
1561000823.592012167 -308.644448 38.161100 16.939603 -0.006826355 -0.064174175 0.498607057 -0.864422396
1561000823.693023682 -308.796598 38.839891 16.966979 -0.004120937 -0.063037263 0.498006561 -0.864869231
1561000823.792122602 -308.945976 39.493803 16.989218 -0.007779632 -0.068547553 0.497398712 -0.864774671
1561000823.892756462 -309.090269 40.151901 17.016859 -0.011585300 -0.073339190 0.497802684 -0.864106262
1561000823.991877556 -309.210788 40.796379 17.040179 -0.012506015 -0.076452468 0.498246605 -0.863567566
1561000824.093096018 -309.330710 41.441269 17.067649 -0.010893255 -0.076885916 0.498170326 -0.863594940
1561000824.193464279 -309.473752 42.078617 17.093912 -0.008056055 -0.076369193 0.499051861 -0.863162839
1561000824.292559862 -309.619339 42.711499 17.122411 -0.006190200 -0.077009383 0.499501715 -0.862861097
1561000824.393345356 -309.741329 43.359281 17.145118 -0.006041824 -0.078393905 0.501178586 -0.861764421
1561000824.491913557 -309.875759 44.012714 17.178314 -0.006054324 -0.080391824 0.501565488 -0.861355072
1561000824.591590405 -310.009514 44.677184 17.207768 -0.006850283 -0.082658679 0.502332847 -0.860687125
1561000824.693046331 -310.133312 45.341700 17.240247 -0.006635371 -0.083912295 0.503488123 -0.859892091
1561000824.791760206 -310.263968 45.999757 17.263804 -0.006506328 -0.084450010 0.505213372 -0.858827871
1561000824.894789696 -310.388170 46.658425 17.301714 -0.005473124 -0.083736848 0.507276881 -0.857687794
1561000824.993704319 -310.511029 47.296472 17.340377 -0.006356622 -0.085194266 0.510031980 -0.855902395
1561000825.093672514 -310.625398 47.947545 17.382141 -0.009096886 -0.085622557 0.513379436 -0.853831119
1561000825.195180178 -310.736513 48.604798 17.410634 -0.010170098 -0.086935255 0.517071670 -0.851455060
1561000825.294594526 -310.835313 49.274215 17.433491 -0.009259830 -0.087990925 0.521348918 -0.848744460
1561000825.394502163 -310.927376 49.926464 17.462949 -0.005503891 -0.087595870 0.524649278 -0.846782030
1561000825.493384838 -310.998652 50.575167 17.492205 -0.003424594 -0.084999200 0.528974104 -0.844363550
1561000825.595749617 -311.072931 51.233007 17.528816 -0.002244266 -0.082333644 0.533761128 -0.841614634
1561000825.686508179 -311.139665 51.857033 17.556119 -0.004272289 -0.080279312 0.539638683 -0.838049564
1561000825.785567760 -311.221128 52.535790 17.575944 -0.006354087 -0.080675055 0.547016533 -0.833201100
1561000825.888186216 -311.291041 53.212380 17.596039 -0.007008084 -0.081826555 0.555253680 -0.827616247
1561000825.986328125 -311.309386 53.865342 17.613600 -0.007535993 -0.082244351 0.564046431 -0.821602519
1561000826.085518599 -311.311698 54.512407 17.637275 -0.007931273 -0.081485546 0.574070860 -0.814702307
1561000826.186709404 -311.301456 55.173397 17.660487 -0.008510653 -0.080434772 0.583881029 -0.807799951
1561000826.285252333 -311.284905 55.829137 17.682399 -0.008213967 -0.077883973 0.594050472 -0.800606429
1561000826.386532545 -311.247401 56.490143 17.692087 -0.007658273 -0.076732544 0.604486753 -0.792874033
1561000826.485412836 -311.183353 57.135495 17.698608 -0.008723497 -0.076900107 0.615326142 -0.784464157
1561000826.586493731 -311.108237 57.784881 17.719743 -0.010212057 -0.078781361 0.626284712 -0.775536376
1561000826.686601877 -311.000696 58.422889 17.762801 -0.013665288 -0.077700747 0.637600417 -0.766316881
1561000826.785202026 -310.889875 59.054206 17.792196 -0.018640260 -0.074690718 0.648693528 -0.757146316
1561000826.886615515 -310.761492 59.681579 17.793327 -0.021198016 -0.071877251 0.659498364 -0.747961371
1561000826.986154795 -310.625673 60.326861 17.788216 -0.019765035 -0.072584110 0.670789616 -0.737822595
1561000827.087714434 -310.455284 60.959517 17.796264 -0.016443405 -0.073340977 0.681378994 -0.728061386
1561000827.187766790 -310.235876 61.565423 17.810838 -0.014711518 -0.073039322 0.692572915 -0.717489781
1561000827.285459280 -310.001362 62.173121 17.827342 -0.013545596 -0.071111888 0.703612760 -0.706886625
1561000827.387251377 -309.755079 62.809601 17.829003 -0.013297293 -0.069685180 0.714268805 -0.696266638
1561000827.486197948 -309.499954 63.411460 17.816092 -0.012072422 -0.069752551 0.723546038 -0.686636708
1561000827.586244583 -309.221443 64.004199 17.801937 -0.009703539 -0.070982051 0.732787608 -0.676675484
1561000827.687388420 -308.918472 64.607004 17.789773 -0.007318867 -0.072830559 0.741807170 -0.666606530
1561000827.785573483 -308.609890 65.209035 17.807915 -0.006848511 -0.072624312 0.750888307 -0.656388267
1561000827.887412071 -308.270242 65.808321 17.823050 -0.010407917 -0.070347573 0.759156496 -0.647011830
1561000827.985741377 -307.947631 66.392852 17.822506 -0.014675131 -0.067879959 0.767232889 -0.637597558
1561000828.087577820 -307.605779 66.975626 17.796022 -0.016828136 -0.067888756 0.774584928 -0.628590582
1561000828.187642336 -307.238874 67.529432 17.783551 -0.015482006 -0.068400961 0.781515320 -0.619931788
1561000828.286399364 -306.865233 68.091239 17.780043 -0.012083083 -0.066718791 0.789007780 -0.610630269
1561000828.386983395 -306.457748 68.666644 17.777203 -0.009617987 -0.063430340 0.796039664 -0.601834644
1561000828.487590551 -306.039378 69.238396 17.764810 -0.009206977 -0.061052338 0.803142050 -0.592579692
1561000828.588442564 -305.611216 69.807490 17.735427 -0.010738355 -0.061501696 0.809736260 -0.583463296
1561000828.688324928 -305.186219 70.347340 17.714030 -0.012067149 -0.063204335 0.816017349 -0.574434750
1561000828.788495302 -304.712386 70.884990 17.696205 -0.012692489 -0.064017893 0.821983369 -0.565759624
1561000828.888773203 -304.242452 71.407602 17.686765 -0.012614672 -0.064098740 0.827293654 -0.557958270
1561000828.987618923 -303.751249 71.926755 17.674366 -0.011656494 -0.062755705 0.832732347 -0.549984259
1561000829.087201834 -303.252050 72.447339 17.660188 -0.010935326 -0.060385426 0.837654158 -0.542742601
1561000829.188781023 -302.735667 72.980064 17.634917 -0.010904004 -0.058926331 0.842402141 -0.535506697
1561000829.287126064 -302.217571 73.481682 17.612174 -0.010667577 -0.057954399 0.847115175 -0.528131963
1561000829.388790607 -301.687897 73.994936 17.586498 -0.011322611 -0.057222508 0.851705481 -0.520764012
1561000829.487273932 -301.149869 74.494433 17.568093 -0.011703978 -0.055712309 0.856413380 -0.513142552
1561000829.588912249 -300.595025 74.989740 17.547771 -0.011940314 -0.052561407 0.860952524 -0.505821589
1561000829.688636065 -300.029253 75.472414 17.515584 -0.011375231 -0.049912068 0.865664243 -0.498000812
1561000829.788132906 -299.467738 75.956396 17.476135 -0.009611970 -0.048991994 0.870094325 -0.490350141
1561000829.888679981 -298.881292 76.425791 17.425446 -0.006560066 -0.048617687 0.874714195 -0.482149730
1561000829.988819361 -298.266606 76.893963 17.390490 -0.002835436 -0.048523580 0.879243197 -0.473886930
1561000830.090179920 -297.647613 77.363045 17.354704 -0.002131472 -0.047974048 0.883838543 -0.465320725
1561000830.190334082 -297.023692 77.797995 17.323677 -0.003205723 -0.046886275 0.888388577 -0.456680564
1561000830.288638115 -296.405653 78.219098 17.283613 -0.005685951 -0.046082864 0.892730740 -0.448191773
1561000830.390127182 -295.772060 78.636672 17.240200 -0.006585748 -0.045575519 0.896844222 -0.439943112
1561000830.488903999 -295.139770 79.036422 17.194986 -0.005036716 -0.045182200 0.900782370 -0.431884617
1561000830.590136528 -294.494932 79.420032 17.149971 -0.002738776 -0.045713721 0.904494084 -0.424020290
1561000830.690100670 -293.852695 79.789839 17.111498 -0.001171592 -0.044942035 0.907766972 -0.417058707
1561000830.788655758 -293.209624 80.149378 17.072699 -0.000766383 -0.044151473 0.910367920 -0.411436885
1561000830.890167236 -292.558826 80.505864 17.028252 -0.001475176 -0.042589572 0.912411381 -0.407049659
1561000830.989118338 -291.937742 80.841829 16.987009 -0.001909794 -0.041725463 0.913929081 -0.403718929
1561000831.089901924 -291.319858 81.176914 16.944120 -0.003897080 -0.040584497 0.915388067 -0.400502682
1561000831.190384865 -290.712062 81.503548 16.913422 -0.004998555 -0.038110798 0.916576179 -0.398008404
1561000831.288642406 -290.120429 81.822864 16.878862 -0.006640541 -0.035131659 0.917301715 -0.396584459
1561000831.390307188 -289.523948 82.160825 16.836883 -0.009056538 -0.033277104 0.918419538 -0.394101719
1561000831.488785028 -288.950637 82.489582 16.802762 -0.014696770 -0.035691126 0.919266463 -0.391738840
1561000831.590497255 -288.353337 82.796404 16.773984 -0.018827621 -0.037817213 0.919953556 -0.389744576
1561000831.692173958 -287.755061 83.089435 16.752066 -0.016222904 -0.037824516 0.920654042 -0.388203887
1561000831.789857149 -287.153659 83.384994 16.698157 -0.007810526 -0.034250971 0.920657827 -0.388786615
1561000831.891499758 -286.522627 83.716970 16.637691 0.004648646 -0.030043243 0.920933383 -0.388532492
1561000831.991911650 -285.904377 84.061922 16.586353 0.010604647 -0.028313529 0.921372158 -0.387503848
1561000832.091650486 -285.274432 84.403250 16.544768 0.004192150 -0.029598312 0.922043694 -0.385929775
1561000832.193967581 -284.657450 84.719075 16.498679 -0.007601488 -0.031063300 0.922561606 -0.384522265
1561000832.292498350 -284.068832 85.008438 16.460570 -0.017209348 -0.031263071 0.922848895 -0.383505380
1561000832.392775536 -283.468948 85.309241 16.438304 -0.015146581 -0.031121282 0.922975930 -0.383298160
1561000832.491383791 -282.866794 85.613495 16.408777 -0.008809999 -0.029704839 0.923114975 -0.383273727
1561000832.592447758 -282.231462 85.937910 16.363767 -0.004723179 -0.029295683 0.922939201 -0.383800320
1561000832.692503452 -281.585045 86.283278 16.307210 -0.005227757 -0.030746549 0.922722451 -0.384201249
1561000832.792610884 -280.944333 86.623040 16.261132 -0.008764784 -0.032243468 0.922622566 -0.384254002
1561000832.892368793 -280.297298 86.947577 16.225210 -0.011634902 -0.032822446 0.922486638 -0.384455092
1561000832.991276503 -279.649981 87.275877 16.199146 -0.012415868 -0.032385833 0.922286865 -0.384946674
1561000833.092592001 -279.009841 87.614494 16.167477 -0.012066952 -0.032191957 0.922088113 -0.385449839
1561000833.193443060 -278.352619 87.956939 16.119325 -0.011474863 -0.032550053 0.921840223 -0.386030342
1561000833.292400122 -277.678790 88.297763 16.074673 -0.011658576 -0.031603717 0.921714433 -0.386403657
1561000833.392920256 -277.007585 88.650173 16.040704 -0.009663625 -0.032905918 0.921368856 -0.387173405
1561000833.491556406 -276.340578 89.014158 16.004187 -0.010077920 -0.032241092 0.921289566 -0.387407387
1561000833.591448069 -275.654618 89.378267 15.962012 -0.010085439 -0.031631868 0.921278380 -0.387484006
1561000833.693367958 -274.962075 89.741024 15.915905 -0.011153645 -0.031327306 0.921132887 -0.387825219
1561000833.792688608 -274.273291 90.103774 15.874010 -0.010717290 -0.031966632 0.920782590 -0.388616387
1561000833.891629457 -273.592226 90.467212 15.838403 -0.010345056 -0.031655766 0.920766747 -0.388689452
1561000833.991494656 -272.899316 90.843024 15.798597 -0.012149021 -0.031420748 0.920693977 -0.388828676
1561000834.092988253 -272.175222 91.224153 15.764991 -0.011508903 -0.030818069 0.920533444 -0.389276213
1561000834.193300486 -271.474399 91.595092 15.721455 -0.012898457 -0.031548555 0.920447761 -0.389376730
1561000834.291816473 -270.764015 91.973129 15.683611 -0.012269699 -0.031740434 0.920362797 -0.389582240
1561000834.393325567 -270.017463 92.370015 15.637426 -0.012556646 -0.031603147 0.920127013 -0.390140811
1561000834.492221117 -269.271394 92.760467 15.588601 -0.012477629 -0.031577424 0.919902569 -0.390674338
1561000834.593198061 -268.538568 93.153951 15.549457 -0.011430877 -0.030720684 0.919848413 -0.390902126
1561000834.693250418 -267.802822 93.551347 15.506036 -0.010951907 -0.030562709 0.919751103 -0.391157110
1561000834.791532040 -267.064267 93.950557 15.461294 -0.010087474 -0.031064070 0.919730781 -0.391188647
1561000834.892814159 -266.303996 94.351409 15.417790 -0.009542904 -0.031087462 0.919565059 -0.391589843
1561000834.991868973 -265.547055 94.762519 15.366232 -0.009210427 -0.032385030 0.919576743 -0.391465185
1561000835.092648506 -264.768373 95.179192 15.317779 -0.008414439 -0.033398592 0.919455388 -0.391682933
1561000835.192899466 -263.993783 95.592418 15.271694 -0.008728689 -0.033661560 0.919310773 -0.391992872
1561000835.292479515 -263.201928 96.017537 15.222146 -0.009222995 -0.033612642 0.919168389 -0.392319513
1561000835.392987490 -262.410174 96.435035 15.178671 -0.009947335 -0.033605291 0.919067491 -0.392538765
1561000835.491538763 -261.627699 96.854374 15.132582 -0.010732887 -0.033442944 0.918933753 -0.392844922
1561000835.591408014 -260.829628 97.292461 15.081508 -0.010728642 -0.033601935 0.918891876 -0.392929416
1561000835.692740917 -260.016643 97.734018 15.040937 -0.010224213 -0.031900088 0.918751915 -0.393411703
1561000835.792996168 -259.210500 98.174313 14.987385 -0.011012370 -0.031377229 0.918738203 -0.393464498
1561000835.892753601 -258.402717 98.603531 14.945869 -0.010284059 -0.030994417 0.918644630 -0.393732940
1561000835.993056536 -257.581592 99.056677 14.894085 -0.010394832 -0.032625051 0.918518204 -0.393893213
1561000836.092686176 -256.755469 99.501872 14.841133 -0.009883691 -0.032832942 0.918570817 -0.393766383
1561000836.192760706 -255.922237 99.950615 14.786672 -0.010228807 -0.032862194 0.918405622 -0.394140282
1561000836.291316032 -255.093908 100.407462 14.738925 -0.010069121 -0.033255574 0.918366863 -0.394201706
1561000836.392768860 -254.233981 100.870744 14.693616 -0.010291844 -0.032365538 0.918139652 -0.394798847
1561000836.491778135 -253.387389 101.325916 14.646511 -0.010883093 -0.032551044 0.917984111 -0.395129296
1561000836.593041658 -252.519062 101.798712 14.592085 -0.010935943 -0.032447687 0.917757523 -0.395662332
1561000836.693138599 -251.659547 102.272809 14.540831 -0.010217614 -0.032404253 0.917736199 -0.395734550
1561000836.791980505 -250.802848 102.746275 14.491330 -0.010083284 -0.033394324 0.917743014 -0.395639870
1561000836.893064737 -249.906331 103.230309 14.419241 -0.011466860 -0.034070866 0.917430595 -0.396268583
1561000836.991664410 -249.050172 103.706262 14.376346 -0.010391576 -0.036705969 0.916872068 -0.397354121
1561000837.092963457 -248.169979 104.183346 14.331969 -0.009247530 -0.036782860 0.916370260 -0.398531117
1561000837.193096161 -247.295920 104.672036 14.281756 -0.009307314 -0.036800216 0.915664318 -0.400147442
1561000837.293230772 -246.424782 105.171961 14.235640 -0.010031611 -0.036212265 0.914973354 -0.401760874
1561000837.394561291 -245.541317 105.676337 14.184558 -0.012882455 -0.036522476 0.914494237 -0.402741159
1561000837.493377924 -244.686950 106.171803 14.138667 -0.015343772 -0.036648018 0.913796968 -0.404223445
1561000837.594395638 -243.816811 106.675892 14.096604 -0.015034889 -0.038543203 0.912977591 -0.405906752
1561000837.694365978 -242.944745 107.180417 14.056922 -0.013286668 -0.040521478 0.912009493 -0.407946270
1561000837.794381142 -242.066829 107.687717 14.013779 -0.012860093 -0.040989407 0.911188557 -0.409743700
1561000837.894370556 -241.194815 108.206804 13.973707 -0.013883122 -0.042407785 0.909791763 -0.412659407
1561000837.993215799 -240.334996 108.725286 13.936349 -0.015687570 -0.042336825 0.908727455 -0.414940847
1561000838.086469650 -239.510203 109.238731 13.908592 -0.016829908 -0.042759167 0.907662361 -0.417177954
1561000838.186661005 -238.648214 109.775204 13.881874 -0.017484967 -0.042333884 0.906408379 -0.419911857
1561000838.285469532 -237.789737 110.310419 13.849705 -0.017164260 -0.041514637 0.905291878 -0.422408024
1561000838.386559248 -236.942485 110.849501 13.817430 -0.016157408 -0.040568977 0.904212082 -0.424845391
1561000838.485285759 -236.112019 111.383962 13.776517 -0.015277279 -0.040107896 0.903220506 -0.427025385
1561000838.586182117 -235.265804 111.937946 13.745090 -0.015252938 -0.039005279 0.901975194 -0.429751889
1561000838.686518908 -234.446249 112.480903 13.709083 -0.016841937 -0.038087331 0.901159706 -0.431482200
1561000838.785186768 -233.641354 113.021913 13.676843 -0.018048147 -0.037397773 0.900276787 -0.433332872
1561000838.886443853 -232.815649 113.584809 13.645264 -0.018862301 -0.037915609 0.899693883 -0.434462354
1561000838.985164881 -232.008052 114.134627 13.621936 -0.018092267 -0.038122837 0.898613170 -0.436707785
1561000839.085342646 -231.185198 114.697262 13.592460 -0.017429706 -0.038628734 0.897653668 -0.438659228
1561000839.187211990 -230.354358 115.268121 13.559280 -0.017875227 -0.038758518 0.896454253 -0.441075986
1561000839.285322666 -229.547238 115.828220 13.530302 -0.017692064 -0.039067328 0.895406403 -0.443179544
1561000839.387268066 -228.720573 116.411505 13.502730 -0.018474469 -0.038601540 0.894242682 -0.445531862
1561000839.485879421 -227.917322 116.986203 13.471488 -0.019248079 -0.038399756 0.892921794 -0.448158052
1561000839.587642431 -227.107702 117.576463 13.442012 -0.019942032 -0.038970402 0.891625601 -0.450652206
1561000839.687445164 -226.312572 118.161964 13.418322 -0.020425490 -0.039406655 0.890306412 -0.453193566
1561000839.786344767 -225.511193 118.750505 13.394490 -0.020162648 -0.039667245 0.889024766 -0.455691720
1561000839.887463808 -224.700047 119.357922 13.364958 -0.019058638 -0.039140668 0.887665927 -0.458425542
1561000839.985878944 -223.907370 119.968963 13.337816 -0.018219707 -0.039375522 0.886565016 -0.460564960
1561000840.085933208 -223.113189 120.583451 13.310486 -0.020777128 -0.038813520 0.885322341 -0.462888944
1561000840.187575340 -222.314903 121.205601 13.288174 -0.022103610 -0.039076441 0.884068880 -0.465195311
1561000840.287132025 -221.528280 121.811983 13.270127 -0.022137132 -0.039576300 0.882862213 -0.467437671
1561000840.387670755 -220.752649 122.416038 13.253177 -0.020984002 -0.039357831 0.881668221 -0.469757152
1561000840.485368013 -219.967765 123.042320 13.228655 -0.020599783 -0.040078409 0.880525439 -0.471852012
1561000840.587256193 -219.167081 123.693013 13.197206 -0.021167695 -0.039682711 0.879159336 -0.474400752
1561000840.687569618 -218.391830 124.325603 13.177317 -0.022136120 -0.040504307 0.878155290 -0.476143550
1561000840.785385132 -217.613435 124.966228 13.159088 -0.024040011 -0.041173665 0.876806765 -0.478473305
1561000840.887180090 -216.822124 125.621584 13.145412 -0.025666507 -0.041719239 0.875626835 -0.480498055
1561000840.985626459 -216.063515 126.259022 13.141046 -0.024778675 -0.040617844 0.874392444 -0.482881003
1561000841.087421656 -215.282985 126.917043 13.131433 -0.023964761 -0.040398146 0.873059805 -0.485345502
1561000841.187939882 -214.516188 127.577719 13.118226 -0.022448100 -0.039961363 0.871802273 -0.487708898
1561000841.285546064 -213.763832 128.235895 13.103301 -0.022110993 -0.040721855 0.870443449 -0.490082683
1561000841.388639450 -212.979896 128.922094 13.083364 -0.024068542 -0.040630965 0.869085791 -0.492401988
1561000841.487005711 -212.215736 129.608213 13.069558 -0.025523843 -0.040145924 0.867681055 -0.494839798
1561000841.588546753 -211.445799 130.298180 13.057631 -0.026770890 -0.039923039 0.866159363 -0.497450930
1561000841.688662291 -210.689817 130.982663 13.050172 -0.025407492 -0.039552152 0.865010171 -0.499547285
1561000841.788681030 -209.936567 131.675398 13.037043 -0.024556744 -0.039132184 0.863848779 -0.501628274
1561000841.888758421 -209.187904 132.375044 13.018099 -0.023887928 -0.040067708 0.862467679 -0.503957785
1561000841.987066507 -208.442180 133.073674 12.998610 -0.023455646 -0.041820211 0.861323964 -0.505788426
1561000842.090217590 -207.677950 133.782290 12.989343 -0.023997156 -0.043165581 0.860204432 -0.507552169
1561000842.190325975 -206.935249 134.477449 12.983461 -0.024669804 -0.043860398 0.859487682 -0.508673363
1561000842.288832426 -206.188324 135.179347 12.978150 -0.026068606 -0.045210931 0.858744512 -0.509739406
1561000842.390503407 -205.443101 135.891420 12.969850 -0.026916169 -0.046152825 0.858129472 -0.510645911
1561000842.489136219 -204.711902 136.587079 12.967465 -0.026344434 -0.046808136 0.857405429 -0.511830929
1561000842.590653419 -203.966198 137.310211 12.958243 -0.025801107 -0.047235541 0.856360562 -0.513565667
1561000842.691926718 -203.231858 138.024392 12.954412 -0.025026116 -0.047894482 0.855526979 -0.514930482
1561000842.791890860 -202.507880 138.726924 12.950343 -0.025329858 -0.048273254 0.854266127 -0.516969511
1561000842.893207073 -201.774451 139.450683 12.938804 -0.028638879 -0.048304121 0.852809391 -0.519194250
1561000842.991773367 -201.063550 140.159546 12.940822 -0.029035461 -0.047809583 0.851756595 -0.520943268
1561000843.093192816 -200.351633 140.886078 12.942492 -0.029277614 -0.047124424 0.850339352 -0.523302108
1561000843.192864656 -199.658424 141.601934 12.953529 -0.029004995 -0.046869303 0.849064088 -0.525406655
1561000843.292390108 -198.965092 142.335449 12.960153 -0.029390094 -0.046059591 0.847344149 -0.528225927
1561000843.393048286 -198.255280 143.076675 12.963074 -0.029261481 -0.045723973 0.846267175 -0.529985803
1561000843.491571903 -197.572243 143.799517 12.972966 -0.027935107 -0.044398010 0.844823338 -0.532467816
1561000843.593184471 -196.864668 144.550850 12.966784 -0.028801819 -0.042009564 0.843754626 -0.534306825
1561000843.692949533 -196.178020 145.290130 12.960958 -0.028418604 -0.040105471 0.842701270 -0.536132917
1561000843.793305635 -195.492689 146.046559 12.960036 -0.028113163 -0.039393027 0.841644919 -0.537858411
1561000843.894703150 -194.821816 146.794406 12.963836 -0.027900042 -0.038257820 0.840699916 -0.539427083
1561000843.993549585 -194.151901 147.534895 12.961873 -0.028732634 -0.038131367 0.839904138 -0.540630626
1561000844.094722509 -193.468513 148.291624 12.955866 -0.029326406 -0.037871651 0.839096156 -0.541870226
1561000844.193531752 -192.811202 149.032410 12.952435 -0.029203727 -0.038786326 0.837861939 -0.543718802
1561000844.294256687 -192.122260 149.799602 12.955824 -0.029240647 -0.039062567 0.837333274 -0.544510872
1561000844.386662722 -191.476365 150.523504 12.956951 -0.028491938 -0.038188311 0.836157998 -0.546415286
1561000844.485429287 -190.799329 151.290996 12.952886 -0.029813532 -0.038879510 0.835022003 -0.548030831
1561000844.586642742 -190.129850 152.064275 12.956105 -0.030404009 -0.039359403 0.833841130 -0.549759405
1561000844.686491489 -189.472335 152.821994 12.963340 -0.031277084 -0.040009162 0.832860043 -0.551148945
1561000844.786851406 -188.824398 153.576765 12.978447 -0.031571255 -0.040219351 0.831664734 -0.552919009
1561000844.886647463 -188.186713 154.327066 12.983483 -0.032179564 -0.040012692 0.830330106 -0.554901230
1561000844.986431360 -187.556770 155.074529 12.989183 -0.031731664 -0.039655626 0.829056315 -0.556853805
1561000845.086161613 -186.931878 155.827900 12.993354 -0.031080548 -0.039432167 0.828080820 -0.558355853
1561000845.186197519 -186.305183 156.586905 12.991375 -0.029852445 -0.038553914 0.826858473 -0.560292328
1561000845.286257982 -185.677330 157.354607 12.993103 -0.027951289 -0.039791542 0.825487995 -0.562321019
1561000845.386321068 -185.047138 158.116138 12.997021 -0.027553629 -0.040212902 0.823539014 -0.565161227
1561000845.485473633 -184.442389 158.892921 12.993213 -0.028559136 -0.038915040 0.821388509 -0.568322894
1561000845.586239100 -183.835166 159.672502 12.997298 -0.029162142 -0.039333530 0.819418153 -0.571100983
1561000845.686750650 -183.232213 160.449419 13.002643 -0.029300060 -0.039492106 0.817318877 -0.574083385
1561000845.786469936 -182.643328 161.235762 12.997221 -0.029827179 -0.040824369 0.815444831 -0.576622439
1561000845.886382103 -182.067724 162.013201 12.991170 -0.028490355 -0.043200207 0.813071126 -0.579859798
1561000845.985085249 -181.491707 162.794093 12.991323 -0.027545753 -0.047248810 0.810552968 -0.583106052
1561000846.086343288 -180.911851 163.584406 13.002020 -0.026229497 -0.050899289 0.808274135 -0.586015527
1561000846.186354637 -180.347207 164.362442 13.025963 -0.027235139 -0.048518883 0.806183663 -0.589043349
1561000846.286644936 -179.796568 165.154239 13.037374 -0.029464824 -0.047612668 0.804376931 -0.591474946
1561000846.386486292 -179.268504 165.927892 13.045150 -0.030910046 -0.047571061 0.801480797 -0.595323521
1561000846.485333681 -178.751580 166.692540 13.054500 -0.029998877 -0.047366682 0.799863074 -0.597557969
1561000846.586628914 -178.240251 167.473176 13.072867 -0.029196039 -0.045572082 0.797848161 -0.600424090
1561000846.685421944 -177.759354 168.220220 13.088882 -0.029688126 -0.045197086 0.795376888 -0.603698140
1561000846.786287785 -177.275267 168.971970 13.107665 -0.031145973 -0.044891714 0.793742775 -0.605794577
1561000846.886970758 -176.802843 169.703162 13.120107 -0.033087769 -0.044206861 0.791592241 -0.608549651
1561000846.986022472 -176.349727 170.431476 13.132104 -0.034339282 -0.044228368 0.789937378 -0.610625584
1561000847.087301016 -175.915761 171.149259 13.146690 -0.034473313 -0.043704430 0.788048574 -0.613091313
1561000847.186552286 -175.488890 171.859953 13.161885 -0.033163270 -0.043408553 0.786524138 -0.615138745
1561000847.286611795 -175.054269 172.562935 13.179804 -0.031012078 -0.040816278 0.785540600 -0.616683265
1561000847.386558533 -174.632388 173.252198 13.192812 -0.029621607 -0.040643426 0.784476631 -0.618115756
1561000847.485561371 -174.229266 173.920676 13.205068 -0.028827509 -0.040495041 0.783725051 -0.619115636
1561000847.586763144 -173.832050 174.592281 13.218359 -0.028792364 -0.041035806 0.782928208 -0.620089093
1561000847.686522007 -173.443680 175.236926 13.228387 -0.028762178 -0.042381154 0.782168486 -0.620958159
1561000847.785466909 -173.072023 175.866369 13.236280 -0.028960473 -0.042063297 0.781169541 -0.622226741
1561000847.886470556 -172.699924 176.481627 13.242800 -0.028612845 -0.042265331 0.780278608 -0.623346004
1561000847.985365152 -172.351218 177.074624 13.256576 -0.027544815 -0.042721515 0.779562102 -0.624258828
1561000848.087844372 -171.993477 177.694152 13.268027 -0.028597919 -0.042695518 0.778887068 -0.625055347
1561000848.185707569 -171.656647 178.265761 13.273840 -0.030899980 -0.043714005 0.778063769 -0.625900191
1561000848.286689043 -171.317126 178.850221 13.285448 -0.033173844 -0.045463302 0.777139933 -0.626806277
1561000848.386699438 -170.985030 179.424133 13.288719 -0.033927732 -0.046561009 0.776256806 -0.627778904
1561000848.485829353 -170.654042 179.988796 13.301186 -0.033396797 -0.046221396 0.774971027 -0.629418894
1561000848.586648226 -170.332135 180.581606 13.334002 -0.032374304 -0.043260178 0.774525060 -0.630231222
1561000848.686365366 -170.009313 181.160454 13.366679 -0.037031266 -0.038903074 0.773952675 -0.630961562
1561000848.786637068 -169.707256 181.718424 13.392153 -0.043189339 -0.038338318 0.773566492 -0.631078233
1561000848.886544466 -169.403732 182.295613 13.400959 -0.049977960 -0.043169820 0.772329140 -0.631780238
1561000848.985340834 -169.093642 182.859064 13.415696 -0.050849649 -0.048066351 0.770791874 -0.633232838
1561000849.086174250 -168.767775 183.452494 13.444855 -0.044530720 -0.045135863 0.769724031 -0.635220186
1561000849.186260223 -168.492504 184.073798 13.489904 -0.045333852 -0.050363098 0.766061878 -0.639185105
1561000849.287266016 -168.212822 184.719996 13.511495 -0.039715320 -0.048155376 0.764157257 -0.642002678
1561000849.387339830 -167.919120 185.340847 13.501283 -0.029121963 -0.044808236 0.763779110 -0.643261692
1561000849.485710859 -167.577086 185.907813 13.434958 -0.015254712 -0.038705698 0.764735772 -0.642999503
1561000849.587636471 -167.225123 186.429919 13.383413 -0.009039881 -0.032376798 0.765697156 -0.642322262
1561000849.687655449 -166.924641 186.948995 13.325825 -0.005025227 -0.029083572 0.765868260 -0.642319781
1561000849.787428617 -166.621689 187.501429 13.298871 -0.012687018 -0.029456311 0.764042089 -0.644368724
1561000849.887493134 -166.306335 188.067007 13.263117 -0.015825510 -0.033605028 0.760837609 -0.647878375
1561000849.986191750 -165.967489 188.695555 13.219917 -0.019098084 -0.037508944 0.757952356 -0.650950512
1561000850.086839914 -165.618355 189.342320 13.186620 -0.015621158 -0.036919930 0.756087455 -0.653241653
1561000850.187325001 -165.279465 190.017293 13.147783 -0.015716006 -0.036464841 0.754550231 -0.655039901
1561000850.287441969 -164.956141 190.677527 13.130243 -0.015557798 -0.037320747 0.752773261 -0.657036935
1561000850.387491226 -164.620334 191.354482 13.113446 -0.016530382 -0.037722349 0.750666474 -0.659396402
1561000850.487513304 -164.315510 192.001139 13.104139 -0.019035604 -0.037756484 0.748620339 -0.661649214
1561000850.587591648 -164.029429 192.674461 13.099161 -0.018751543 -0.038107510 0.746307708 -0.664244685
1561000850.686909199 -163.736783 193.349406 13.089348 -0.018735948 -0.038035560 0.744682758 -0.666070455
1561000850.785684586 -163.441201 194.040859 13.095958 -0.021299087 -0.038578888 0.743288836 -0.667517584
1561000850.888916492 -163.133008 194.728723 13.103148 -0.022981447 -0.036576891 0.740946553 -0.670173253
1561000850.987337589 -162.860430 195.407227 13.116551 -0.026666699 -0.035307426 0.740352613 -0.670760972
1561000851.089100122 -162.575202 196.106800 13.122353 -0.029299175 -0.033253754 0.739848356 -0.671312265
1561000851.189006805 -162.274765 196.811280 13.116660 -0.029457448 -0.031247703 0.739318352 -0.671985278
1561000851.287812471 -161.990977 197.521711 13.116228 -0.026236817 -0.029264088 0.738739201 -0.672844436
1561000851.390153170 -161.675923 198.260474 13.106546 -0.026763644 -0.028027317 0.739139426 -0.672436678
1561000851.488779783 -161.383434 198.980047 13.094890 -0.027588216 -0.027732631 0.739291562 -0.672248301
1561000851.589922667 -161.076496 199.701216 13.085074 -0.027235729 -0.027822044 0.740323904 -0.671121945
1561000851.688266039 -160.769971 200.418848 13.071268 -0.027592422 -0.028739252 0.740577302 -0.670789068
1561000851.788380384 -160.434849 201.170355 13.067678 -0.029935536 -0.030455712 0.740704083 -0.670472799
1561000851.890148878 -160.079941 201.923338 13.063400 -0.029540477 -0.030088026 0.740877075 -0.670315769
1561000851.990006208 -159.776493 202.655687 13.056633 -0.027872397 -0.029779011 0.741607166 -0.669593273
1561000852.091747522 -159.449403 203.407766 13.061046 -0.028706595 -0.030482344 0.741400706 -0.669754994
1561000852.192333221 -159.116324 204.171818 13.057876 -0.028221341 -0.030953002 0.741924647 -0.669173585
1561000852.292422771 -158.779072 204.921321 13.071709 -0.027544085 -0.030705202 0.742699128 -0.668353589
1561000852.393270493 -158.424931 205.695327 13.054427 -0.026460796 -0.030670884 0.742714382 -0.668381979
1561000852.491785049 -158.085700 206.453013 13.039333 -0.026750760 -0.032722629 0.743070302 -0.667877349
1561000852.592874765 -157.732916 207.235391 13.037827 -0.026506951 -0.033743237 0.743502927 -0.667354608
1561000852.691473961 -157.376853 208.002011 13.033801 -0.026170805 -0.033259294 0.743066613 -0.667877921
1561000852.792524576 -157.007931 208.777301 13.038254 -0.026114678 -0.035075984 0.742478179 -0.668441360
1561000852.892347336 -156.655746 209.577633 13.033505 -0.027511510 -0.035869256 0.742116231 -0.668745103
1561000852.991105556 -156.321843 210.359480 13.027273 -0.026381268 -0.035110487 0.741035659 -0.670027935
1561000853.093926191 -155.968794 211.154409 13.039508 -0.023780903 -0.032271212 0.739468734 -0.671996302
1561000853.192949533 -155.623634 211.945385 13.038973 -0.022360112 -0.030180270 0.738004501 -0.673749607
1561000853.295572519 -155.286344 212.781827 13.041831 -0.025786088 -0.030390164 0.736828431 -0.674903977
1561000853.394320726 -154.944246 213.611252 13.049504 -0.027654116 -0.030738059 0.735322269 -0.676455160
1561000853.493263721 -154.604289 214.453913 13.043735 -0.028862348 -0.032246607 0.733981952 -0.677788769
1561000853.594480753 -154.254150 215.306243 13.031692 -0.027019127 -0.032162321 0.732713384 -0.679239758
1561000853.693339825 -153.903396 216.147286 13.013185 -0.026386904 -0.031401215 0.731798340 -0.680285884
1561000853.794536829 -153.553256 217.010439 13.011642 -0.025328718 -0.033362351 0.730374755 -0.681761048
1561000853.894427299 -153.193234 217.892330 13.008666 -0.028071019 -0.036615681 0.728958584 -0.683001239
1561000853.993172884 -152.856055 218.731492 13.028274 -0.025640241 -0.035955488 0.727388437 -0.684803506
1561000854.094300508 -152.513996 219.597787 13.041311 -0.027272954 -0.039012760 0.725847198 -0.686206992
1561000854.193076372 -152.190400 220.457890 13.044205 -0.026757923 -0.039942852 0.724361762 -0.687741681
1561000854.293308020 -151.838112 221.345016 13.063627 -0.027544937 -0.041802799 0.722345065 -0.689718355
1561000854.394095659 -151.482935 222.239119 13.054569 -0.027923180 -0.043037794 0.720609252 -0.691440778
1561000854.493500471 -151.159246 223.122564 13.071984 -0.024314065 -0.042251057 0.719812529 -0.692454763
1561000854.594176769 -150.828434 224.031255 13.093917 -0.025241030 -0.042497061 0.718373827 -0.693899081
1561000854.694304466 -150.510713 224.941946 13.106958 -0.027313559 -0.044173822 0.716610044 -0.695537696
1561000854.794322968 -150.194167 225.854254 13.129384 -0.026987323 -0.043688650 0.715305824 -0.696922209
1561000854.894335985 -149.866716 226.778287 13.141558 -0.027045780 -0.043964602 0.713680423 -0.698567029
1561000854.993099213 -149.550496 227.704984 13.170583 -0.026379699 -0.043207029 0.711695156 -0.700662022
1561000855.094101906 -149.224480 228.665315 13.189924 -0.025797062 -0.042236269 0.710289854 -0.702167311
1561000855.193452120 -148.911235 229.610827 13.214601 -0.025718206 -0.040337340 0.708609074 -0.703977736
1561000855.294242620 -148.621587 230.578856 13.231283 -0.026802510 -0.038892984 0.707068728 -0.705565571
1561000855.394229650 -148.332811 231.519611 13.250530 -0.028633814 -0.037905980 0.705008506 -0.707605998
1561000855.493093967 -148.055654 232.470979 13.269242 -0.032323072 -0.036749319 0.703095181 -0.709409525
1561000855.594136477 -147.769458 233.435115 13.297422 -0.033953571 -0.035558144 0.701067794 -0.711397724
1561000855.693435192 -147.486407 234.411965 13.328530 -0.035585303 -0.036646662 0.699093726 -0.713203106
1561000855.794282913 -147.186265 235.403470 13.349391 -0.036024311 -0.035758256 0.697197957 -0.715079440
1561000855.894136429 -146.889899 236.389005 13.363224 -0.035162482 -0.035202202 0.695401980 -0.716896430
1561000855.985062599 -146.630182 237.324105 13.385775 -0.033442070 -0.035531653 0.693261392 -0.719032525
1561000856.086218834 -146.331443 238.361072 13.401830 -0.033200094 -0.035624319 0.691378287 -0.720850002
1561000856.185391903 -146.050116 239.368802 13.420513 -0.032726935 -0.036497803 0.689235517 -0.722877072
1561000856.286617041 -145.786883 240.376643 13.445943 -0.033005711 -0.036319211 0.687194063 -0.724814361
1561000856.386654139 -145.529695 241.362726 13.473816 -0.033320943 -0.037902271 0.684778053 -0.727002167
1561000856.486753702 -145.279530 242.357896 13.496817 -0.033415480 -0.039352567 0.682917691 -0.728668792
1561000856.585811853 -145.024380 243.345161 13.516372 -0.030492579 -0.039666926 0.680642598 -0.730905187
1561000856.686347961 -144.769337 244.352484 13.532025 -0.028752917 -0.041434997 0.678257432 -0.733091581
1561000856.785465002 -144.527345 245.331410 13.566740 -0.026771271 -0.042962022 0.675965717 -0.735192432
1561000856.886777878 -144.298169 246.322613 13.599327 -0.026147583 -0.044521580 0.673688148 -0.737209883
1561000856.985339403 -144.071481 247.296379 13.611384 -0.027361522 -0.044979244 0.671478641 -0.739151303
1561000857.086637735 -143.856299 248.293120 13.649837 -0.027610733 -0.046187550 0.669686260 -0.740692022
1561000857.186964273 -143.660141 249.278219 13.695888 -0.030514740 -0.044503163 0.667739594 -0.742436633
1561000857.287304640 -143.476214 250.270828 13.730893 -0.033913806 -0.044202846 0.665930243 -0.743930691
1561000857.387345552 -143.283832 251.270520 13.766285 -0.035939410 -0.042558226 0.664209817 -0.745467957
1561000857.485401869 -143.086447 252.236223 13.801297 -0.036141814 -0.040849158 0.662150648 -0.747383191
1561000857.587270737 -142.909545 253.240717 13.831810 -0.036453392 -0.040179539 0.660832889 -0.748569735
1561000857.686910629 -142.732051 254.233395 13.864374 -0.037634705 -0.040448315 0.658711742 -0.750364181
1561000857.786237001 -142.549877 255.239705 13.899396 -0.038765178 -0.042156578 0.656637152 -0.752029078
1561000857.886560440 -142.379085 256.233748 13.942929 -0.040471991 -0.045064709 0.654328586 -0.753780666
1561000857.985302687 -142.202359 257.221235 13.987383 -0.038151971 -0.045254887 0.652076606 -0.755838953
1561000858.086393833 -142.027886 258.225539 14.022436 -0.037337930 -0.044697668 0.649895260 -0.757788987
1561000858.185769081 -141.858363 259.233079 14.055027 -0.033423605 -0.045676472 0.647713807 -0.759778486
1561000858.286380291 -141.698554 260.241650 14.093764 -0.031738866 -0.046170780 0.645687494 -0.761543540
1561000858.386300564 -141.558872 261.239301 14.134176 -0.032806076 -0.045181264 0.644378322 -0.762665715
1561000858.485055923 -141.444282 262.224966 14.171732 -0.035457783 -0.046093402 0.642531809 -0.764049094
1561000858.587024689 -141.321467 263.225957 14.216160 -0.035650104 -0.046377913 0.640289316 -0.765903225
1561000858.685417652 -141.166669 264.218902 14.243740 -0.034383512 -0.044918569 0.638154987 -0.767827005
1561000858.786185980 -141.030319 265.238425 14.268450 -0.031916882 -0.043163983 0.635678839 -0.770084799
1561000858.886291265 -140.906034 266.265816 14.298451 -0.030736500 -0.040652041 0.633119664 -0.772374372
1561000858.985234737 -140.815938 267.269076 14.336877 -0.032482763 -0.041233749 0.630988576 -0.774014253
1561000859.086422920 -140.717568 268.268801 14.381310 -0.037034601 -0.043461871 0.629086405 -0.775235319
1561000859.186197042 -140.619154 269.255087 14.428569 -0.041362183 -0.047948814 0.627783983 -0.775807548
1561000859.286254644 -140.509413 270.262032 14.471440 -0.043501386 -0.048581397 0.626210983 -0.776921670
1561000859.386331558 -140.404271 271.281533 14.519599 -0.040671077 -0.048023562 0.624891559 -0.778171022
1561000859.485122442 -140.310066 272.286216 14.574733 -0.037558995 -0.046959379 0.623840794 -0.779234754
1561000859.586440086 -140.207401 273.316441 14.615278 -0.036881718 -0.046901806 0.622650566 -0.780221912
1561000859.685040951 -140.124147 274.318541 14.659916 -0.037508188 -0.048945482 0.621773330 -0.780765907
1561000859.786092520 -140.032579 275.345035 14.706304 -0.037964594 -0.051008155 0.619930884 -0.782075800
1561000859.885986090 -139.935521 276.355975 14.755328 -0.038314082 -0.052169135 0.618481135 -0.783129299
1561000859.986210823 -139.850049 277.365729 14.805937 -0.039169340 -0.052269825 0.617060040 -0.784200571
1561000860.086920500 -139.776813 278.380394 14.861288 -0.039644939 -0.052102318 0.615543678 -0.785378639
1561000860.186558723 -139.713733 279.395744 14.922769 -0.037777696 -0.051771864 0.613766282 -0.786882120
1561000860.286000252 -139.647619 280.428215 14.974288 -0.037212587 -0.050515053 0.612033518 -0.788339030
1561000860.387226105 -139.583236 281.456838 15.017512 -0.036301211 -0.050588506 0.610173601 -0.789817195
1561000860.485242605 -139.526110 282.474701 15.071458 -0.036833612 -0.051780614 0.608013031 -0.791379938
1561000860.587164402 -139.473463 283.496634 15.122909 -0.038937924 -0.052348198 0.605599977 -0.793090267
1561000860.686569214 -139.429559 284.506390 15.178214 -0.040898175 -0.053553219 0.603436595 -0.794558788
1561000860.786372662 -139.390210 285.512650 15.237869 -0.041321540 -0.053443446 0.601147059 -0.796277930
1561000860.886844635 -139.348245 286.546088 15.273516 -0.039459963 -0.054309466 0.598791876 -0.798086263
1561000860.985849142 -139.311512 287.570895 15.320768 -0.034761307 -0.055294956 0.596525650 -0.799932040
1561000861.087421417 -139.285950 288.599707 15.391872 -0.032935775 -0.051743113 0.593558994 -0.802449753
1561000861.187074900 -139.291939 289.634964 15.448691 -0.035097237 -0.050586305 0.590831691 -0.804442119
1561000861.288581610 -139.296993 290.660341 15.496569 -0.037434126 -0.050194987 0.587473019 -0.806817576
1561000861.388399601 -139.303560 291.674453 15.537247 -0.038938804 -0.051098580 0.584849373 -0.808593789
1561000861.486948013 -139.319416 292.692348 15.594332 -0.039272291 -0.053137762 0.581741166 -0.810685686
1561000861.588628292 -139.341601 293.732916 15.656080 -0.039625878 -0.052683006 0.577302203 -0.813865135
1561000861.687599421 -139.371365 294.754242 15.711724 -0.040205776 -0.051568547 0.572811293 -0.817074907
1561000861.787151575 -139.417108 295.785979 15.767515 -0.041277596 -0.052304413 0.568012506 -0.820318354
1561000861.888569117 -139.476491 296.821004 15.822700 -0.040890727 -0.051358258 0.563688587 -0.823374432
1561000861.986772060 -139.552477 297.841841 15.880643 -0.039862591 -0.048655963 0.559326053 -0.826557885
1561000862.088396072 -139.639757 298.888199 15.917162 -0.038684371 -0.046034944 0.555114189 -0.829597818
1561000862.186939478 -139.732251 299.909032 15.956321 -0.038097870 -0.046631982 0.551270883 -0.832150481
1561000862.288359165 -139.835151 300.948679 15.990057 -0.037717148 -0.051080521 0.547407161 -0.834454071
1561000862.388269663 -139.936117 301.970731 16.049525 -0.036612498 -0.052129008 0.543357862 -0.837080835
1561000862.488193274 -140.049748 303.007826 16.107142 -0.035525193 -0.053988260 0.538940944 -0.839860636
1561000862.588199615 -140.170391 304.040678 16.174940 -0.037892103 -0.053403912 0.534463787 -0.842650978
1561000862.687339067 -140.313076 305.047721 16.258728 -0.040440309 -0.053982010 0.530080444 -0.845260461
1561000862.786695004 -140.472472 306.057974 16.345160 -0.046757981 -0.055050824 0.525661640 -0.847621931
1561000862.888214350 -140.634347 307.080198 16.413605 -0.050381665 -0.056218453 0.521701848 -0.849781357
1561000862.986775875 -140.802997 308.100005 16.482759 -0.050249939 -0.057718340 0.518035386 -0.851928915
1561000863.087428093 -140.985717 309.146513 16.555829 -0.046949423 -0.056679281 0.514655462 -0.854232384
1561000863.188323975 -141.173705 310.180390 16.615646 -0.045640484 -0.055096549 0.510675469 -0.856791621
1561000863.288430691 -141.375283 311.211701 16.678704 -0.042951283 -0.052287587 0.508177101 -0.858590257
1561000863.389791489 -141.583264 312.250754 16.742543 -0.041628887 -0.052286666 0.506050803 -0.859910301
1561000863.488247156 -141.792758 313.272319 16.809978 -0.042658535 -0.051898142 0.503543949 -0.861353774
1561000863.589865208 -142.011714 314.307949 16.873422 -0.046391550 -0.050069959 0.502160450 -0.862076392
1561000863.688482523 -142.227637 315.317773 16.943566 -0.049655149 -0.049195818 0.500489036 -0.862916486
1561000863.789609194 -142.445276 316.343497 17.019399 -0.051050253 -0.048520243 0.499527129 -0.863430545
1561000863.889846802 -142.663497 317.363154 17.077425 -0.051400202 -0.049154724 0.497613943 -0.864477990
1561000863.988219261 -142.887425 318.386504 17.156828 -0.050996738 -0.047347842 0.496905801 -0.865009907
1561000864.089657545 -143.111835 319.410580 17.229568 -0.048983165 -0.046359649 0.496235415 -0.865564467
1561000864.188581228 -143.336347 320.430326 17.302003 -0.048810426 -0.045493311 0.495370564 -0.866115411
1561000864.287930727 -143.561675 321.439170 17.370073 -0.049181142 -0.045080369 0.495564330 -0.866005179
1561000864.389504194 -143.786970 322.446492 17.451231 -0.049775925 -0.045108708 0.495638364 -0.865927349
1561000864.487970829 -144.014776 323.422891 17.494515 -0.049552665 -0.046552364 0.495459908 -0.865965871
1561000864.589492321 -144.240985 324.436685 17.537386 -0.050492955 -0.048881273 0.496312597 -0.865294683
1561000864.688722610 -144.449430 325.425952 17.606609 -0.051484555 -0.048871873 0.496456695 -0.865154108
1561000864.789917231 -144.659500 326.417529 17.655236 -0.050233927 -0.049088758 0.497422342 -0.864660546
1561000864.891318083 -144.884744 327.426403 17.706709 -0.048551347 -0.051430529 0.497609620 -0.864512772
1561000864.990149260 -145.085814 328.381750 17.781426 -0.049142216 -0.050764374 0.498460412 -0.864028494
1561000865.091492414 -145.303845 329.369945 17.852025 -0.048134939 -0.052752554 0.499270972 -0.863497940
1561000865.189548254 -145.504209 330.339350 17.922082 -0.047729006 -0.056911706 0.500988526 -0.862260689
1561000865.290952206 -145.702603 331.327965 17.999722 -0.049274497 -0.059855477 0.502500782 -0.861093671
1561000865.390984297 -145.883334 332.305160 18.066464 -0.051859452 -0.062009956 0.503698560 -0.860089021
1561000865.490374327 -146.064126 333.278710 18.149568 -0.051471053 -0.060386586 0.504543582 -0.859732496
1561000865.591106892 -146.246953 334.270939 18.234572 -0.049638546 -0.057823949 0.505842979 -0.859252749
1561000865.689819098 -146.439148 335.224793 18.307065 -0.047027316 -0.057266605 0.506819337 -0.858861530
1561000865.789503336 -146.629056 336.201128 18.368132 -0.046050554 -0.056281078 0.508414236 -0.858036568
1561000865.890933275 -146.816004 337.161315 18.424299 -0.045777389 -0.055929982 0.509813529 -0.857243509
1561000865.989778280 -146.983639 338.102448 18.494569 -0.046366168 -0.057130111 0.511168786 -0.856325173
1561000866.091110468 -147.144217 339.043115 18.565798 -0.048304803 -0.056255317 0.512971475 -0.855197200
1561000866.190095901 -147.300120 339.961303 18.646218 -0.050740003 -0.055579347 0.515576316 -0.853532337
1561000866.291534424 -147.453749 340.889695 18.710612 -0.053725131 -0.056386185 0.518387985 -0.851591513
1561000866.392870188 -147.599013 341.798024 18.781851 -0.056762029 -0.056641792 0.521920077 -0.849216823
1561000866.491155386 -147.737022 342.688809 18.846379 -0.057805795 -0.057616176 0.525175310 -0.847071284
1561000866.591423512 -147.865023 343.591737 18.908095 -0.058780820 -0.057556219 0.529536468 -0.844288592
1561000866.691462278 -147.986879 344.489205 18.983397 -0.056395342 -0.057281378 0.533156854 -0.842188921
1561000866.792206287 -148.084163 345.406888 19.062475 -0.053837653 -0.057157984 0.537457143 -0.839627472
1561000866.892293453 -148.168038 346.315073 19.137068 -0.051924404 -0.055665636 0.541227208 -0.837423610
1561000866.991171598 -148.250164 347.217462 19.206484 -0.050261504 -0.054523012 0.544921818 -0.835201314
1561000867.092915058 -148.324683 348.143377 19.266408 -0.050276301 -0.053867965 0.549035646 -0.832544531
1561000867.191556215 -148.397430 349.039228 19.329823 -0.047478061 -0.054737486 0.553391362 -0.829763606
1561000867.291521072 -148.448625 349.939333 19.391312 -0.047580804 -0.057048490 0.556978496 -0.827197976
1561000867.393126249 -148.492577 350.847991 19.449074 -0.048857875 -0.059544536 0.560430503 -0.824612035
1561000867.492095947 -148.526838 351.734702 19.526831 -0.050916050 -0.060827385 0.564795643 -0.821409439
1561000867.592366695 -148.549343 352.624097 19.597434 -0.051507208 -0.059790351 0.568969568 -0.818563224
1561000867.691293955 -148.578803 353.507029 19.663462 -0.048943622 -0.059146565 0.573666706 -0.815483118
1561000867.791201591 -148.586510 354.381798 19.738689 -0.047448309 -0.056392436 0.578880050 -0.812075390
1561000867.892363310 -148.579208 355.267991 19.810154 -0.046845763 -0.055954011 0.583804660 -0.808607904
1561000867.991159678 -148.563454 356.133720 19.867534 -0.047891720 -0.058623602 0.589876275 -0.803937583
1561000868.092520952 -148.535863 357.010515 19.922693 -0.048627579 -0.061099227 0.596683748 -0.798668109
1561000868.191257238 -148.477519 357.866502 19.991513 -0.048116400 -0.060680422 0.603894892 -0.793292920
1561000868.292544365 -148.408766 358.737955 20.048943 -0.045385728 -0.060392794 0.610133401 -0.788688836
1561000868.392773867 -148.326605 359.607187 20.106643 -0.043081822 -0.060267845 0.618434399 -0.782336653
1561000868.491302013 -148.216770 360.457263 20.164440 -0.041504111 -0.059070492 0.625721033 -0.776698960
1561000868.592655659 -148.101966 361.316875 20.223535 -0.040807457 -0.057878042 0.634202922 -0.769916578
1561000868.691373587 -147.963484 362.157203 20.271355 -0.041268185 -0.058155615 0.641971931 -0.763404808
1561000868.792408228 -147.819253 362.992888 20.320056 -0.042528414 -0.059977631 0.649631166 -0.756685778
1561000868.892355442 -147.644208 363.823119 20.380742 -0.044148531 -0.060349746 0.656901431 -0.750259505
1561000868.992595911 -147.468073 364.645190 20.443109 -0.045368470 -0.060408874 0.664489340 -0.743469156
1561000869.092417955 -147.266614 365.449105 20.494093 -0.044204841 -0.058070213 0.671507466 -0.737395081
1561000869.191066980 -147.055726 366.253514 20.526469 -0.039796697 -0.057935230 0.677875444 -0.731809138
1561000869.292294502 -146.821582 367.065194 20.574412 -0.037625807 -0.058585112 0.684873745 -0.725327538
1561000869.392442942 -146.585798 367.849389 20.633990 -0.040713894 -0.057875807 0.692601616 -0.717841049
1561000869.492010117 -146.319576 368.602190 20.684431 -0.044739358 -0.058347588 0.699383549 -0.710954710
1561000869.592391968 -146.058769 369.338241 20.708765 -0.045556730 -0.058144299 0.705370587 -0.704979545
1561000869.691181421 -145.793032 370.054292 20.729704 -0.040994226 -0.059099931 0.711458961 -0.699037066
1561000869.792562962 -145.516755 370.750393 20.769650 -0.035043580 -0.056352543 0.718123285 -0.692744748
1561000869.892659187 -145.211836 371.407398 20.814893 -0.031812051 -0.054197651 0.724899114 -0.685982421
1561000869.991239309 -144.924384 372.046520 20.854996 -0.032888733 -0.055030650 0.731538907 -0.678778894
1561000870.092490673 -144.617555 372.677561 20.883486 -0.034651986 -0.056059202 0.738127992 -0.671434042
1561000870.191358328 -144.295265 373.278035 20.912466 -0.036285449 -0.057056246 0.745183410 -0.663422668
1561000870.292388201 -143.962988 373.890990 20.944600 -0.037403129 -0.056595033 0.751887304 -0.655792261
1561000870.392344236 -143.641749 374.470306 20.974849 -0.036774315 -0.056413445 0.758873716 -0.647746753
1561000870.492326736 -143.297531 375.060687 20.998173 -0.038766601 -0.055408188 0.765517951 -0.639851037
1561000870.592434645 -142.939343 375.622616 21.021146 -0.038446751 -0.054950886 0.773054387 -0.630784561
1561000870.691090345 -142.570274 376.179826 21.044642 -0.038829385 -0.053823180 0.780291201 -0.621885027
1561000870.792562723 -142.191521 376.729123 21.067833 -0.037334017 -0.052420295 0.787438980 -0.613023764
1561000870.892611265 -141.806426 377.269485 21.089079 -0.037308762 -0.050834913 0.794878816 -0.603482838
1561000870.991383791 -141.403980 377.802798 21.113278 -0.035571985 -0.047582617 0.801800600 -0.594631253
1561000871.092788696 -140.996325 378.321530 21.146426 -0.035962350 -0.042933150 0.809580279 -0.584331434
1561000871.191549540 -140.579704 378.834299 21.158825 -0.041046794 -0.042194154 0.816149528 -0.574834552
1561000871.293057442 -140.151511 379.317281 21.167823 -0.045605411 -0.046134091 0.822935208 -0.564419556
1561000871.393258810 -139.692650 379.761327 21.173098 -0.046999974 -0.050470128 0.829633669 -0.554032259
1561000871.491327524 -139.240305 380.186036 21.181104 -0.042848015 -0.050116306 0.837144327 -0.542993351
1561000871.592415810 -138.760788 380.654743 21.216806 -0.039785503 -0.049886929 0.845132389 -0.530735013
1561000871.691081524 -138.274903 381.133855 21.274239 -0.034351137 -0.047574225 0.851272441 -0.521432569
1561000871.792042255 -137.749975 381.612481 21.298397 -0.024889785 -0.044845655 0.857857813 -0.511321170
1561000871.892248631 -137.243815 382.015745 21.226812 -0.015611952 -0.037873307 0.864490615 -0.500976902
1561000871.990837574 -136.802369 382.336206 21.156648 -0.009227600 -0.033211885 0.871557699 -0.489079748
1561000872.091921568 -136.329555 382.659776 21.124641 -0.012522468 -0.030954674 0.879021818 -0.475610806
1561000872.191268921 -135.821700 382.985050 21.098491 -0.021089054 -0.034158454 0.886580591 -0.460828934
1561000872.292386293 -135.243282 383.320119 21.128607 -0.026431753 -0.038846617 0.893101640 -0.447394416
1561000872.392513037 -134.633629 383.654225 21.122470 -0.022161385 -0.037296535 0.900041580 -0.433639247
1561000872.491271257 -134.023774 383.998128 21.116434 -0.019555005 -0.035558944 0.906311383 -0.420657628
1561000872.593823195 -133.396354 384.341183 21.095660 -0.018631274 -0.033176701 0.912653353 -0.406959505
1561000872.692731619 -132.782859 384.650519 21.068343 -0.022634600 -0.032505751 0.918809804 -0.392708028
1561000872.792932510 -132.157389 384.920839 21.060202 -0.021876102 -0.032452399 0.924382783 -0.379453223
1561000872.894023895 -131.519702 385.175812 21.041454 -0.019176683 -0.033614694 0.929213141 -0.367512239
1561000872.992580891 -130.867081 385.417920 21.023259 -0.016790109 -0.035279457 0.933479350 -0.356496500
1561000873.093592405 -130.189453 385.650376 21.000401 -0.016142006 -0.035530704 0.937443802 -0.345942368
1561000873.192583799 -129.510712 385.869944 20.970297 -0.016349783 -0.034681729 0.940694263 -0.337081838
1561000873.293694973 -128.801908 386.084765 20.940188 -0.016672013 -0.035225386 0.943671203 -0.328581613
1561000873.393817663 -128.106278 386.284665 20.908447 -0.016612388 -0.033299041 0.946566414 -0.320354844
1561000873.492455006 -127.410989 386.492599 20.873574 -0.016427735 -0.034172835 0.948975703 -0.313061436
1561000873.593667269 -126.691319 386.684792 20.852265 -0.014366748 -0.035553699 0.951141165 -0.306365819
1561000873.692740202 -125.957329 386.867465 20.804512 -0.016066024 -0.036045223 0.952879774 -0.300770280
1561000873.793896437 -125.219624 387.035305 20.789271 -0.012995801 -0.035224563 0.954173981 -0.296887780
1561000873.893952608 -124.480132 387.205589 20.747412 -0.013586719 -0.035208634 0.955299523 -0.293221034
1561000873.992596388 -123.731748 387.383232 20.721571 -0.012363183 -0.034096657 0.955919609 -0.291379943
1561000874.093741179 -122.975156 387.562583 20.683965 -0.013345877 -0.034603029 0.956433036 -0.289586542
1561000874.192820072 -122.220288 387.746392 20.648808 -0.013881846 -0.032444681 0.956947976 -0.288106245
1561000874.293826580 -121.452533 387.937701 20.617934 -0.013261316 -0.032689065 0.957297508 -0.286944321
1561000874.394186258 -120.666807 388.138010 20.579175 -0.012998937 -0.032166806 0.957306456 -0.286985492
1561000874.493761063 -119.890204 388.325572 20.539882 -0.012138027 -0.032161079 0.957496630 -0.286388788
1561000874.594103098 -119.109099 388.504260 20.499914 -0.012313011 -0.033045857 0.957613650 -0.285888893
1561000874.692945242 -118.329199 388.691462 20.470073 -0.011481613 -0.033425749 0.957710819 -0.285553635
1561000874.792963266 -117.514478 388.881343 20.418034 -0.011850127 -0.034876046 0.957667155 -0.285511570
1561000874.893836021 -116.700348 389.062391 20.373698 -0.012216404 -0.036535925 0.957635475 -0.285394785
1561000874.993784428 -115.884127 389.241094 20.337209 -0.011071731 -0.036271736 0.957715774 -0.285205671
1561000875.093783617 -115.054698 389.433312 20.288425 -0.013037335 -0.038727774 0.957520589 -0.285454916
1561000875.192910433 -114.213815 389.637087 20.252977 -0.013998047 -0.041168425 0.957426319 -0.285384055
1561000875.293983698 -113.374840 389.827927 20.220527 -0.013828257 -0.040607099 0.957291538 -0.285924385
1561000875.394278526 -112.523066 390.037149 20.179090 -0.015715360 -0.039152370 0.957341096 -0.285863856
1561000875.493526220 -111.673167 390.221396 20.138739 -0.016593979 -0.039550883 0.957225447 -0.286146485
1561000875.593987465 -110.800620 390.416334 20.099921 -0.018142567 -0.039413402 0.957309744 -0.285789230
1561000875.692781210 -109.932327 390.623748 20.061064 -0.018859160 -0.039152319 0.957396471 -0.285488049
1561000875.794225931 -109.039827 390.839115 20.020765 -0.019404879 -0.040838587 0.957510477 -0.284832137
1561000875.893841982 -108.162670 391.046881 19.981712 -0.019930527 -0.041229923 0.957467744 -0.284883111
1561000875.993114948 -107.278458 391.271053 19.940073 -0.019674102 -0.043952731 0.957437557 -0.284595170
1561000876.093847752 -106.375994 391.487233 19.912812 -0.018511343 -0.041565921 0.957693004 -0.284171979
1561000876.192640543 -105.471808 391.706908 19.872816 -0.018804280 -0.044508365 0.957684261 -0.283736252
1561000876.293836117 -104.542994 391.927363 19.846389 -0.017733181 -0.045476841 0.957502219 -0.284265530
1561000876.394009590 -103.618525 392.156021 19.816184 -0.016640889 -0.042393131 0.957601521 -0.284473602
1561000876.492722273 -102.701511 392.407989 19.782388 -0.016254359 -0.039860156 0.957333569 -0.285761090
1561000876.594220638 -101.762035 392.652268 19.733486 -0.018519390 -0.039866938 0.957230961 -0.285965988
1561000876.692855597 -100.840166 392.890126 19.700772 -0.019354240 -0.038354155 0.957459075 -0.285353274
1561000876.794193506 -99.882290 393.123674 19.671179 -0.020845955 -0.037841883 0.957457244 -0.285322736
1561000876.894265652 -98.931238 393.359672 19.641293 -0.023060225 -0.039031568 0.957289638 -0.285554395
1561000876.992853642 -97.987904 393.591175 19.610854 -0.022344373 -0.039497324 0.957133641 -0.286069719
1561000877.094144344 -97.008689 393.842496 19.571418 -0.023163361 -0.039828067 0.957196304 -0.285748875
1561000877.193130970 -96.044417 394.092586 19.534164 -0.023894789 -0.039434223 0.957105318 -0.286047883
1561000877.294479609 -95.051022 394.323974 19.512650 -0.022641687 -0.037760952 0.957339644 -0.285591088
1561000877.394570589 -94.068800 394.560313 19.470395 -0.025601480 -0.037514628 0.957179116 -0.285911449
1561000877.492926836 -93.099456 394.790910 19.454801 -0.023836968 -0.037050720 0.957256071 -0.285866852
1561000877.593836308 -92.110668 395.034038 19.433114 -0.024163830 -0.038410807 0.957249134 -0.285683068
1561000877.692679882 -91.111224 395.267176 19.402724 -0.024435364 -0.039228020 0.957135868 -0.285928321
1561000877.793764114 -90.105289 395.500821 19.370046 -0.025498203 -0.040905363 0.956944442 -0.286241030
1561000877.893823385 -89.111289 395.739318 19.351829 -0.023849889 -0.041724475 0.956797540 -0.286755502
1561000877.992426395 -88.105136 395.975134 19.323342 -0.025053139 -0.043041567 0.956527929 -0.287357070
1561000878.093654156 -87.083540 396.206898 19.303333 -0.024206202 -0.042922438 0.956364454 -0.287990896
1561000878.185017347 -86.128755 396.438913 19.284788 -0.023585248 -0.043019345 0.956256999 -0.288384508
1561000878.285387754 -85.069367 396.701568 19.255369 -0.025749677 -0.042679130 0.956192538 -0.288463648
1561000878.386007071 -84.022425 396.959059 19.231439 -0.025138343 -0.042502223 0.956195139 -0.288535061
1561000878.484843969 -82.986236 397.214024 19.213134 -0.024684609 -0.041288698 0.956169995 -0.288833611
1561000878.586118460 -81.934476 397.483294 19.182873 -0.025606420 -0.040606257 0.956296669 -0.288430451
1561000878.685236216 -80.903576 397.727861 19.160693 -0.025461533 -0.040432992 0.956345055 -0.288307160
1561000878.785998583 -79.856491 397.985541 19.139577 -0.026052025 -0.040820545 0.956221857 -0.288608274
1561000878.886228323 -78.813997 398.239626 19.117069 -0.025190883 -0.040453708 0.956322955 -0.288401323
1561000878.985020638 -77.752840 398.495058 19.093170 -0.025247456 -0.041393835 0.956193325 -0.288692642
1561000879.086344004 -76.677294 398.764185 19.069380 -0.025270304 -0.040815309 0.956232838 -0.288642133
1561000879.185192347 -75.632646 399.004887 19.044888 -0.025473497 -0.040485849 0.956396011 -0.288129601
1561000879.286033392 -74.562496 399.263170 19.022947 -0.024424904 -0.039458209 0.956530104 -0.287917754
1561000879.386126280 -73.468209 399.526638 18.993554 -0.024168147 -0.039682263 0.956856692 -0.286821354
1561000879.486286163 -72.421724 399.783881 18.967093 -0.023614417 -0.039981201 0.956840928 -0.286878547
1561000879.586157322 -71.377704 400.040239 18.945222 -0.024039097 -0.040290165 0.956907752 -0.286577002
1561000879.685005665 -70.321653 400.297484 18.928426 -0.024781343 -0.040652184 0.956899087 -0.286491574
1561000879.785212994 -69.252124 400.536149 18.906282 -0.024993802 -0.041334391 0.957037406 -0.285912891
1561000879.886291981 -68.194772 400.785841 18.882166 -0.026100491 -0.040841112 0.957147327 -0.285516657
1561000879.985234022 -67.138684 401.030692 18.863398 -0.025669729 -0.039674116 0.957134144 -0.285764345
1561000880.086106062 -66.079244 401.283142 18.845790 -0.026208896 -0.040390854 0.956990179 -0.286096961
1561000880.184831142 -65.023302 401.534184 18.839081 -0.025890729 -0.040117526 0.957213104 -0.285417812
1561000880.285908937 -63.970562 401.796655 18.820163 -0.027432518 -0.040434855 0.956785005 -0.286661705
1561000880.386026859 -62.928144 402.034333 18.811764 -0.026063358 -0.040628592 0.957258074 -0.285178888
1561000880.484945297 -61.887461 402.272410 18.785481 -0.027156653 -0.041876056 0.957067728 -0.285535070
1561000880.585868597 -60.833076 402.522405 18.774510 -0.025551646 -0.044114107 0.956969764 -0.285674519
1561000880.684758425 -59.788289 402.765073 18.760068 -0.023956991 -0.043683026 0.957005123 -0.285760479
1561000880.785991907 -58.739574 403.019334 18.731968 -0.025929204 -0.044886635 0.957321619 -0.284338153
1561000880.886410475 -57.728163 403.260764 18.726559 -0.027753633 -0.044871748 0.957109667 -0.284881286
1561000880.985992670 -56.708488 403.496535 18.715154 -0.029546141 -0.046134856 0.956787474 -0.285580689
1561000881.084818125 -55.694653 403.734918 18.701519 -0.030924466 -0.046909127 0.956622418 -0.285861435
1561000881.184985161 -54.662290 403.975359 18.690265 -0.030232825 -0.048419983 0.957001454 -0.284411144
1561000881.285832882 -53.625989 404.214053 18.675845 -0.029438498 -0.048714917 0.957139534 -0.283979125
1561000881.386384964 -52.612620 404.464323 18.668818 -0.028860124 -0.048765965 0.956306410 -0.286822288
1561000881.485006332 -51.616764 404.688668 18.660534 -0.028761737 -0.047805689 0.956154043 -0.287500999
1561000881.586257696 -50.636749 404.946266 18.646166 -0.028895625 -0.046795158 0.956232404 -0.287393191
1561000881.685531139 -49.622363 405.185032 18.632315 -0.030707543 -0.045884477 0.956028807 -0.288028786
1561000881.786078215 -48.619839 405.435487 18.623084 -0.030056748 -0.046706512 0.956061379 -0.287857142
1561000881.886461020 -47.629729 405.683114 18.605135 -0.028399684 -0.046257793 0.956211733 -0.287598326
1561000881.984720707 -46.630841 405.929512 18.584534 -0.024052946 -0.046184116 0.956403278 -0.287369542
1561000882.085684776 -45.612061 406.180918 18.557988 -0.025595935 -0.046538431 0.956462110 -0.286983022
1561000882.184692621 -44.585366 406.422630 18.544278 -0.026668696 -0.046500919 0.956699559 -0.286098582
1561000882.285884857 -43.591970 406.665012 18.539228 -0.028939468 -0.047391219 0.956591988 -0.286091502
1561000882.387290001 -42.582775 406.907711 18.527752 -0.031428008 -0.047452904 0.956330213 -0.286693262
1561000882.485165119 -41.602619 407.140046 18.519597 -0.030553747 -0.047363647 0.956198070 -0.287242763
1561000882.585596323 -40.614369 407.373435 18.511727 -0.029548468 -0.047418968 0.956095026 -0.287681475
1561000882.685368776 -39.602335 407.612391 18.502249 -0.028965717 -0.047306675 0.956038682 -0.287946355
1561000882.786082029 -38.615385 407.865529 18.497155 -0.029007444 -0.047595300 0.956002354 -0.288015198
1561000882.885799170 -37.623123 408.104632 18.486129 -0.029822128 -0.047580899 0.955925131 -0.288190634
1561000882.985943556 -36.640639 408.338541 18.477266 -0.030652739 -0.048544943 0.955884865 -0.288076245
1561000883.086923838 -35.669841 408.562523 18.463447 -0.030120952 -0.048724688 0.955759792 -0.288516644
1561000883.185138702 -34.723016 408.796669 18.468228 -0.028485265 -0.049028400 0.955913401 -0.288122153
1561000883.287143946 -33.751827 409.034955 18.467595 -0.027338468 -0.048612778 0.956130423 -0.287583067
1561000883.387141943 -32.820349 409.268865 18.458449 -0.027200601 -0.048175535 0.956406819 -0.286749439
1561000883.487781048 -31.885164 409.501061 18.446474 -0.027923907 -0.046985404 0.956559153 -0.286369018
1561000883.586731195 -31.009654 409.731370 18.436100 -0.028330662 -0.046300368 0.956551746 -0.286465369
1561000883.685122967 -30.116482 409.931745 18.428364 -0.029986853 -0.045315823 0.956700813 -0.285955975
1561000883.785098553 -29.225276 410.140056 18.426511 -0.027779241 -0.044199543 0.956932017 -0.285579813
1561000883.886617184 -28.341390 410.347740 18.422745 -0.028480526 -0.042883812 0.957090327 -0.285180546
1561000883.984773397 -27.493817 410.561863 18.412746 -0.027794835 -0.042385676 0.957219449 -0.284889150
1561000884.086572647 -26.620390 410.768375 18.408047 -0.027318084 -0.042109405 0.957261838 -0.284833802
1561000884.185285807 -25.795155 410.962369 18.402095 -0.028210757 -0.041548366 0.957125830 -0.285285876
1561000884.286631823 -24.972400 411.159030 18.394676 -0.028531335 -0.041084007 0.957027474 -0.285650980
1561000884.386806011 -24.159856 411.368517 18.392907 -0.029078560 -0.041580901 0.957315079 -0.284558088
1561000884.484713554 -23.398779 411.540813 18.392498 -0.029836892 -0.041071220 0.957299743 -0.284605196
1561000884.586769342 -22.620699 411.733853 18.390087 -0.032986430 -0.041942533 0.957282557 -0.284188012
1561000884.685124874 -21.867111 411.903359 18.383162 -0.036042326 -0.042535395 0.957359072 -0.283470102
1561000884.785817146 -21.111535 412.076152 18.383303 -0.036363857 -0.043233929 0.957385354 -0.283234499
1561000884.887610435 -20.396485 412.222982 18.373814 -0.035693243 -0.045065556 0.957322567 -0.283246518
1561000884.985341787 -19.691913 412.375850 18.370021 -0.033223293 -0.044170363 0.957506418 -0.283066514
1561000885.086368084 -18.954497 412.550831 18.361136 -0.032705783 -0.045879476 0.957589891 -0.282572124
1561000885.184229612 -18.241766 412.707956 18.374148 -0.036163792 -0.046845621 0.957247003 -0.283153392
1561000885.286230803 -17.502939 412.866736 18.389039 -0.039305048 -0.046632138 0.957263705 -0.282713204
1561000885.386425257 -16.787064 413.019997 18.370035 -0.039211912 -0.046822032 0.956845071 -0.284108489
1561000885.486494303 -16.024266 413.201593 18.350027 -0.034471164 -0.047700419 0.956562585 -0.285524831
1561000885.586682081 -15.291792 413.378428 18.345923 -0.027486936 -0.046258820 0.956764646 -0.285842618
1561000885.685230255 -14.610619 413.566083 18.357802 -0.024420834 -0.042826867 0.957328865 -0.284764686
1561000885.786813736 -13.883165 413.723833 18.390405 -0.026878079 -0.038899471 0.957952912 -0.283002860
1561000885.888082027 -13.158078 413.887159 18.404224 -0.032457893 -0.038190859 0.957870363 -0.282793762
1561000885.986366749 -12.430304 414.061900 18.400994 -0.040316562 -0.037434542 0.957456440 -0.283285008
1561000886.087970495 -11.696977 414.227423 18.391892 -0.040394618 -0.038257325 0.957294313 -0.283711562
1561000886.186318159 -10.979927 414.417833 18.391969 -0.038960680 -0.037754026 0.957046664 -0.284812889
1561000886.286524773 -10.247724 414.608421 18.382793 -0.037004875 -0.035191753 0.956870506 -0.285991285
1561000886.387984037 -9.504526 414.779253 18.381608 -0.035224074 -0.034514112 0.957230833 -0.285091515
1561000886.486156940 -8.801764 414.955797 18.377380 -0.035935219 -0.034243290 0.957383674 -0.284521628
1561000886.587652445 -8.055908 415.118266 18.380693 -0.036031870 -0.035074528 0.957333129 -0.284578217
1561000886.686399221 -7.351109 415.279783 18.377139 -0.037916382 -0.034825028 0.957043037 -0.285338731
1561000886.788049221 -6.625716 415.460629 18.381806 -0.039322052 -0.035577249 0.956945019 -0.285384420
1561000886.887800455 -5.904963 415.627712 18.381799 -0.039086334 -0.036787414 0.957021237 -0.285007539
1561000886.987319231 -5.187987 415.800535 18.393866 -0.038372575 -0.038253237 0.957111530 -0.284608073
1561000887.087967873 -4.451974 415.972517 18.391530 -0.038679538 -0.039461392 0.956961858 -0.284904711
1561000887.186514139 -3.715233 416.142349 18.398769 -0.037823457 -0.040885447 0.957169332 -0.284120813
1561000887.289673328 -2.946199 416.326185 18.409187 -0.036020344 -0.042278660 0.957249985 -0.283879404
1561000887.390467644 -2.189721 416.486560 18.407587 -0.035489843 -0.042798888 0.957329624 -0.283599570
1561000887.489010096 -1.456974 416.646130 18.409257 -0.035450335 -0.043677880 0.957413055 -0.283188556
1561000887.589905500 -0.692089 416.806599 18.415040 -0.035607517 -0.044791720 0.957720916 -0.281951155
1561000887.688088417 0.060602 416.996724 18.408003 -0.037718200 -0.045380713 0.957479467 -0.282402193
1561000887.789899826 0.823561 417.153365 18.410451 -0.036647707 -0.044321938 0.957713251 -0.281918144
1561000887.889780760 1.581045 417.313210 18.413401 -0.037633816 -0.044539873 0.957851987 -0.281281827
1561000887.989644527 2.333934 417.487815 18.413198 -0.037521897 -0.043269433 0.957982412 -0.281050817
1561000888.089497089 3.097392 417.666161 18.412061 -0.037636428 -0.043474825 0.958020249 -0.280874777
1561000888.187629461 3.860292 417.826444 18.407201 -0.038198503 -0.043533327 0.957927155 -0.281107255
1561000888.289185524 4.620507 418.000316 18.404531 -0.040677158 -0.045541817 0.957762050 -0.281003858
1561000888.390936136 5.421585 418.181433 18.405139 -0.041326112 -0.046410985 0.957821391 -0.280564353
1561000888.490591764 6.194326 418.349747 18.427900 -0.040895423 -0.046470321 0.957832560 -0.280579510
1561000888.590508938 6.962450 418.520932 18.437373 -0.040281368 -0.045121103 0.957675068 -0.281424878
1561000888.689139605 7.736108 418.702965 18.444531 -0.038134254 -0.043790750 0.957897302 -0.281177714
1561000888.791999340 8.546523 418.881355 18.445920 -0.039038094 -0.041949979 0.957852279 -0.281487544
1561000888.893402576 9.341381 419.058420 18.435878 -0.040286119 -0.040069945 0.957790014 -0.281797298
1561000888.992777824 10.111062 419.241493 18.449216 -0.040451530 -0.040162927 0.957765981 -0.281842044
1561000889.093769550 10.890832 419.428421 18.464104 -0.039787114 -0.040399248 0.957612229 -0.282424689
1561000889.192601681 11.671591 419.619011 18.473285 -0.038536966 -0.041043015 0.957263857 -0.283683416
1561000889.285876989 12.425482 419.785187 18.466464 -0.037795548 -0.041949778 0.957218962 -0.283801992
1561000889.385849237 13.218925 419.977275 18.463117 -0.039024804 -0.042536787 0.957071598 -0.284045141
1561000889.484553814 14.005405 420.161963 18.474688 -0.038955648 -0.043149473 0.956906815 -0.284517007
1561000889.585926294 14.806086 420.345850 18.483184 -0.039147582 -0.042623212 0.956777504 -0.285004451
1561000889.684666634 15.590623 420.537454 18.493425 -0.038955640 -0.042672349 0.956396231 -0.286300154
1561000889.784691334 16.355631 420.734428 18.492697 -0.038553191 -0.042156500 0.956539126 -0.285953461
1561000889.884907007 17.142526 420.918292 18.497003 -0.039333778 -0.042597231 0.956374584 -0.286331948
1561000889.985823631 17.918906 421.099585 18.496070 -0.039292525 -0.042280801 0.956181274 -0.287029270
1561000890.085839510 18.687358 421.283577 18.497969 -0.039032469 -0.041976619 0.956165839 -0.287160789
1561000890.184747219 19.467277 421.482903 18.512429 -0.038790641 -0.042602426 0.955976010 -0.287732840
1561000890.286105394 20.252539 421.671664 18.527996 -0.038378304 -0.041876365 0.956014868 -0.287765614
1561000890.386276245 21.018724 421.837308 18.531224 -0.039489502 -0.041426222 0.955705154 -0.288707649
1561000890.485972166 21.782909 422.009966 18.541430 -0.040258678 -0.041979596 0.955612781 -0.288827225
1561000890.586155176 22.552157 422.193082 18.551830 -0.042138472 -0.040994253 0.955369343 -0.289505162
1561000890.684797049 23.301092 422.383072 18.562401 -0.042944258 -0.040779872 0.955326754 -0.289557569
1561000890.785772085 24.056953 422.589054 18.572935 -0.042901747 -0.039626708 0.955470853 -0.289248360
1561000890.886117697 24.818977 422.773618 18.571871 -0.042142869 -0.039680286 0.955280855 -0.289979210
1561000890.984572887 25.579017 422.961730 18.575112 -0.043120505 -0.038977890 0.955152980 -0.290351736
1561000891.085814714 26.331521 423.129513 18.637835 -0.047633214 -0.037443199 0.955223519 -0.289615455
1561000891.184544563 27.064592 423.279098 18.729640 -0.052476800 -0.035620632 0.955244963 -0.288936701
1561000891.285807610 27.797349 423.424049 18.780475 -0.057979152 -0.037987182 0.954678817 -0.289454223
1561000891.386046648 28.554006 423.609303 18.774013 -0.056835977 -0.044341252 0.954025064 -0.290929032
1561000891.485222578 29.304949 423.795372 18.777515 -0.048942632 -0.045000316 0.954216145 -0.291635286
1561000891.585948944 30.114651 424.044990 18.757447 -0.046252032 -0.046517790 0.953975898 -0.292620626
1561000891.684765577 30.916639 424.289272 18.696990 -0.038820609 -0.047021691 0.954030195 -0.293442172
1561000891.785688639 31.727550 424.484588 18.632817 -0.024785312 -0.044053451 0.954343659 -0.294403062
1561000891.885642529 32.497098 424.667451 18.602612 -0.024385124 -0.041853994 0.954720796 -0.293533320
1561000891.984293222 33.231648 424.856177 18.583402 -0.019114988 -0.039505315 0.955454269 -0.291857990
1561000892.085436821 33.974568 425.014013 18.550439 -0.032861779 -0.040142599 0.954423812 -0.293911318
1561000892.184521198 34.737539 425.187237 18.623362 -0.046002586 -0.041348421 0.953566209 -0.294763557
1561000892.286116362 35.516867 425.381675 18.697318 -0.043719172 -0.039842359 0.953552638 -0.295361790
1561000892.386086464 36.305913 425.578009 18.732726 -0.037396561 -0.036972022 0.953750937 -0.295962358
1561000892.486127615 37.110806 425.785042 18.760060 -0.035669236 -0.035898226 0.953906943 -0.295804947
1561000892.585577250 37.921280 426.004291 18.769381 -0.039452110 -0.036135726 0.953738384 -0.295839205
1561000892.684579134 38.728919 426.211843 18.791437 -0.041667055 -0.035206131 0.953787228 -0.295489947
1561000892.784644604 39.541209 426.428306 18.811151 -0.042559492 -0.035887349 0.953960628 -0.294720050
1561000892.885777235 40.367711 426.643971 18.819364 -0.041617206 -0.036669129 0.953528587 -0.296153030
1561000892.984470606 41.185131 426.855292 18.822063 -0.040045497 -0.035974456 0.953648786 -0.296067879
1561000893.085635662 42.024936 427.065243 18.811281 -0.039671636 -0.035809975 0.953654713 -0.296119055
1561000893.184586525 42.848579 427.269692 18.817767 -0.039500899 -0.035274092 0.953527280 -0.296616154
1561000893.285803080 43.683369 427.487341 18.825857 -0.040960736 -0.035943406 0.953569575 -0.296201544
1561000893.386007309 44.516981 427.700812 18.827141 -0.041132427 -0.035791578 0.953416253 -0.296689290
1561000893.484740496 45.341021 427.907732 18.834168 -0.039898730 -0.035082452 0.953385003 -0.297042673
1561000893.585797071 46.191303 428.127473 18.853782 -0.039779401 -0.036290082 0.953530750 -0.296445169
1561000893.685594320 47.045352 428.344170 18.865310 -0.040846440 -0.035540315 0.953490282 -0.296521057
1561000893.785679817 47.917946 428.570234 18.880762 -0.042423820 -0.035879859 0.953705394 -0.295565352
1561000893.885564804 48.773966 428.786973 18.897642 -0.042127086 -0.035600234 0.953831450 -0.295234647
1561000893.984485149 49.641920 429.002377 18.912875 -0.041752119 -0.034323750 0.953948191 -0.295061841
1561000894.085658550 50.529687 429.226005 18.931146 -0.040695380 -0.032820780 0.954184060 -0.294617484
1561000894.184957027 51.413334 429.452996 18.918937 -0.039851395 -0.031700727 0.954355439 -0.294300233
1561000894.285581350 52.320949 429.685405 18.918569 -0.038759805 -0.032109672 0.954676715 -0.293358170
1561000894.385798454 53.212696 429.913922 18.933074 -0.038359441 -0.033710858 0.955020972 -0.292107983
1561000894.484266520 54.088622 430.130587 18.941732 -0.039565051 -0.033183028 0.954825235 -0.292646995
1561000894.585440636 54.982249 430.346863 18.947567 -0.040638826 -0.033523908 0.955042316 -0.291751277
1561000894.684199810 55.893396 430.564692 18.955828 -0.041309236 -0.033832750 0.955190594 -0.291135399
1561000894.785492659 56.813764 430.784789 18.960880 -0.041197119 -0.035606384 0.955094956 -0.291253512
1561000894.885425091 57.713371 431.009724 18.971781 -0.039508113 -0.035963305 0.955227483 -0.291008945
1561000894.984629631 58.625314 431.226983 18.981337 -0.038962217 -0.035749753 0.955055708 -0.291671896
1561000895.085480452 59.550838 431.458250 18.988480 -0.039681042 -0.035424204 0.954979684 -0.291863569
1561000895.184426308 60.476094 431.685719 18.994067 -0.040897924 -0.036450096 0.954989449 -0.291537137
1561000895.284456730 61.405500 431.909089 19.005268 -0.041035044 -0.035831236 0.954493000 -0.293215553
1561000895.386032104 62.339015 432.144530 19.022054 -0.040996884 -0.035697326 0.954958820 -0.291716657
1561000895.484447956 63.260310 432.373406 19.035606 -0.040964317 -0.035096144 0.954724923 -0.292558552
1561000895.585673809 64.214220 432.612871 19.044915 -0.040853661 -0.034639333 0.954829460 -0.292287184
1561000895.684838533 65.162843 432.845412 19.056561 -0.040796623 -0.035260273 0.954603215 -0.292959128
1561000895.785743237 66.109962 433.084291 19.062093 -0.041190868 -0.035433816 0.954245593 -0.294046093
1561000895.886014223 67.061688 433.322863 19.069668 -0.041787505 -0.034957149 0.954398418 -0.293522508
1561000895.984343529 68.009188 433.550894 19.085945 -0.041263030 -0.034703830 0.954252136 -0.294101797
1561000896.086428404 68.996500 433.797352 19.096579 -0.040629090 -0.035302812 0.954351971 -0.293794662
1561000896.185839653 69.956290 434.039233 19.103296 -0.039338164 -0.035282648 0.954138822 -0.294663796
1561000896.284812212 70.931595 434.286213 19.111463 -0.038628167 -0.035333197 0.954260453 -0.294357637
1561000896.386693954 71.917357 434.534370 19.116296 -0.039028654 -0.034689573 0.954181877 -0.294635950
1561000896.486507416 72.882565 434.779944 19.122313 -0.039781064 -0.034735656 0.954013337 -0.295075337
1561000896.586625099 73.867506 435.035648 19.138871 -0.039765438 -0.034516416 0.954091653 -0.294849868
1561000896.684798717 74.846583 435.289288 19.147048 -0.040107877 -0.033930553 0.953960626 -0.295295108
1561000896.786543369 75.843612 435.548625 19.150920 -0.040160777 -0.033991664 0.953888097 -0.295515106
1561000896.886681080 76.865920 435.808953 19.159527 -0.039977154 -0.033474807 0.954018353 -0.295178330
1561000896.986722708 77.850144 436.060067 19.166345 -0.039984094 -0.033213838 0.953960998 -0.295392160
1561000897.086859941 78.865220 436.315294 19.179599 -0.039604029 -0.033434874 0.953855511 -0.295758844
1561000897.185007811 79.864416 436.570982 19.189396 -0.039428465 -0.033912124 0.953951206 -0.295419127
1561000897.287002802 80.889134 436.826016 19.197206 -0.039700243 -0.033912345 0.954252446 -0.294408071
1561000897.386970758 81.904932 437.078861 19.200422 -0.040429419 -0.035038576 0.954402146 -0.293690830
1561000897.485083580 82.919142 437.329032 19.212194 -0.040177741 -0.035526451 0.954555189 -0.293168913
1561000897.587006569 83.943090 437.579700 19.220469 -0.040383888 -0.036927497 0.954746959 -0.292341830
1561000897.685225964 84.974090 437.833105 19.227101 -0.040077082 -0.037341822 0.954881365 -0.291892093
1561000897.786703587 85.996407 438.079468 19.237718 -0.040335968 -0.037375569 0.955001627 -0.291458348
1561000897.886694670 87.016485 438.330993 19.247565 -0.041861212 -0.037436683 0.955097412 -0.290921066
1561000897.986601830 88.026185 438.571667 19.270198 -0.041671566 -0.038022254 0.954982925 -0.291248007
1561000898.087669849 89.066888 438.826204 19.287079 -0.041977374 -0.038023358 0.954868458 -0.291579068
1561000898.184745789 90.082236 439.072113 19.304628 -0.040880874 -0.037384760 0.954766377 -0.292151159
1561000898.286653996 91.136621 439.336703 19.307090 -0.041562750 -0.035960449 0.954715863 -0.292398708
1561000898.386683941 92.179017 439.601904 19.321302 -0.040987101 -0.035197566 0.954761344 -0.292424290
1561000898.485781908 93.221346 439.864528 19.329251 -0.042680221 -0.035316834 0.954533212 -0.292912047
1561000898.586962938 94.271335 440.126546 19.345812 -0.043389032 -0.035936332 0.954435012 -0.293052521
1561000898.685339689 95.301530 440.378573 19.361815 -0.043649338 -0.036304269 0.954256162 -0.293550529
1561000898.785719633 96.345952 440.638622 19.376817 -0.042955874 -0.036429605 0.954203261 -0.293809145
1561000898.887355089 97.400447 440.906942 19.391988 -0.041972532 -0.036476980 0.954201432 -0.293951296
1561000898.985947847 98.424223 441.154649 19.412533 -0.040584366 -0.035236782 0.954051437 -0.294783199
1561000899.086993694 99.487832 441.429392 19.416563 -0.039356613 -0.034198573 0.954084920 -0.294963522
1561000899.186940432 100.527129 441.699520 19.424751 -0.038081287 -0.036834217 0.953901360 -0.295406925
1561000899.286822319 101.589438 441.969443 19.428294 -0.040285040 -0.031692187 0.953853495 -0.295865223
1561000899.387273550 102.655668 442.255000 19.431635 -0.043460616 -0.034066051 0.953846867 -0.295172547
1561000899.486770868 103.697919 442.519933 19.449693 -0.045445945 -0.037432110 0.953515410 -0.295536573
1561000899.586809874 104.754203 442.778310 19.477889 -0.045929780 -0.039239480 0.953579526 -0.295020011
1561000899.684721470 105.803526 443.039859 19.496416 -0.043808900 -0.039501874 0.953351319 -0.296043315
1561000899.786564827 106.868516 443.313931 19.514365 -0.041417504 -0.040248374 0.953676126 -0.295239742
1561000899.887702942 107.930084 443.584380 19.527511 -0.041358382 -0.039311968 0.953679913 -0.295361942
1561000899.987822056 108.985526 443.850563 19.538714 -0.041403124 -0.036944830 0.953758768 -0.295406623
1561000900.087816477 110.033775 444.127208 19.554068 -0.041003911 -0.035620619 0.953740918 -0.295682453
1561000900.187907219 111.088802 444.403453 19.572628 -0.039510735 -0.034904274 0.953830506 -0.295682194
1561000900.287814617 112.134212 444.678618 19.597081 -0.038504697 -0.034825176 0.954141855 -0.294818447
1561000900.387785673 113.189440 444.947413 19.597506 -0.040492823 -0.033440222 0.953984223 -0.295222265
1561000900.486164570 114.231807 445.213571 19.611674 -0.041028716 -0.033997386 0.954120214 -0.294644599
1561000900.587921858 115.303824 445.481826 19.623778 -0.042131307 -0.033344020 0.954251999 -0.294136452
1561000900.686345816 116.339474 445.742709 19.639821 -0.043222684 -0.033059792 0.954131744 -0.294400178
1561000900.786806583 117.370909 446.001962 19.660487 -0.043076927 -0.033112989 0.954158094 -0.294330156
1561000900.888228655 118.403136 446.261336 19.679236 -0.042794171 -0.032809579 0.954259226 -0.294077404
1561000900.988233089 119.425948 446.520181 19.699150 -0.041350842 -0.033518982 0.954356036 -0.293889677
1561000901.087932348 120.438391 446.775441 19.719718 -0.040159982 -0.034587889 0.954442104 -0.293651365
1561000901.186151743 121.437899 447.027526 19.732096 -0.039758936 -0.035491642 0.954377512 -0.293807989
1561000901.287804127 122.438813 447.276789 19.744976 -0.039237176 -0.036766026 0.954515540 -0.293272547
1561000901.387746572 123.423611 447.523555 19.759164 -0.039476037 -0.037049237 0.954575765 -0.293008711
1561000901.487755775 124.389794 447.765525 19.775699 -0.039493362 -0.037771729 0.954668878 -0.292610498
1561000901.587847233 125.335069 447.997086 19.789914 -0.040123835 -0.037611033 0.954812603 -0.292075984
1561000901.686299801 126.241199 448.223935 19.805489 -0.040195739 -0.037120369 0.954764058 -0.292287484
1561000901.788129330 127.151187 448.455300 19.821412 -0.040942799 -0.037067003 0.954670694 -0.292495454
1561000901.888189793 128.037980 448.680097 19.838633 -0.041602978 -0.037226342 0.954714342 -0.292239487
1561000901.986554861 128.910982 448.898770 19.862925 -0.040564082 -0.036674323 0.955028606 -0.291427370
1561000902.088332891 129.781191 449.114841 19.878353 -0.041645973 -0.035983323 0.954960347 -0.291584548
1561000902.186386347 130.618136 449.322723 19.893362 -0.042460810 -0.035643224 0.954877047 -0.291781537
1561000902.287969112 131.443679 449.526910 19.913586 -0.043482060 -0.035251390 0.955014811 -0.291227335
1561000902.389261961 132.239027 449.723290 19.940874 -0.042854759 -0.034853004 0.954857457 -0.291883494
1561000902.488210440 133.010848 449.913079 19.943901 -0.044527903 -0.033646912 0.954911141 -0.291598806
1561000902.589056015 133.806684 450.105089 19.964633 -0.043754765 -0.033379822 0.955274692 -0.290553902
1561000902.689269304 134.603606 450.296661 19.981167 -0.043808291 -0.031833081 0.955289792 -0.290669746
1561000902.789036274 135.349291 450.481810 19.998376 -0.044197223 -0.032368402 0.955157637 -0.290985878
1561000902.889103174 136.108592 450.670109 20.020878 -0.044151401 -0.032058060 0.955080305 -0.291280871
1561000902.990293503 136.873560 450.853266 20.041835 -0.043671746 -0.031234391 0.955240011 -0.290918740
1561000903.089672327 137.603059 451.032305 20.054467 -0.043408065 -0.029782847 0.955259463 -0.291046526
1561000903.188215733 138.316397 451.208444 20.074277 -0.042003780 -0.029950150 0.955277080 -0.291177561
1561000903.289740086 139.026524 451.387348 20.087602 -0.041593134 -0.029502061 0.955071268 -0.291956353
1561000903.389268875 139.720462 451.561058 20.096636 -0.041274706 -0.029811910 0.955187798 -0.291588612
1561000903.489741564 140.450763 451.729558 20.098439 -0.042376593 -0.032135975 0.955317653 -0.290757089
1561000903.589531422 141.146184 451.895216 20.114041 -0.043302020 -0.034429387 0.955114849 -0.291024359
1561000903.687847614 141.837414 452.056658 20.128568 -0.044116450 -0.032991906 0.955107629 -0.291092237
1561000903.789364100 142.548566 452.233733 20.140477 -0.044064032 -0.030716662 0.955141462 -0.291238106
1561000903.889312983 143.233176 452.409463 20.144675 -0.044458673 -0.031954512 0.954863598 -0.291955210
1561000903.989522457 143.914661 452.566856 20.162823 -0.043996152 -0.034984780 0.954710680 -0.292177892
1561000904.089727640 144.599476 452.729719 20.193267 -0.046196195 -0.034477793 0.954689547 -0.291967570
1561000904.188215494 145.275022 452.891881 20.218238 -0.055214887 -0.031467578 0.954570373 -0.291129715
1561000904.289574385 145.944277 453.060043 20.251145 -0.063035730 -0.030538330 0.954116326 -0.291128742
1561000904.389517784 146.598809 453.220822 20.284511 -0.064517561 -0.033431238 0.953790031 -0.291555163
1561000904.489326954 147.263702 453.377368 20.321318 -0.057969383 -0.036971772 0.953859754 -0.292274200
1561000904.589414597 147.947679 453.545607 20.306031 -0.049375071 -0.037173695 0.953735946 -0.294224344
1561000904.687790632 148.646392 453.719251 20.322525 -0.036380449 -0.035033900 0.954105555 -0.295180756
1561000904.789264917 149.358800 453.904367 20.325740 -0.034996221 -0.034486641 0.954424610 -0.294380025
1561000904.889287472 150.043812 454.082445 20.326626 -0.043279189 -0.035459763 0.954306931 -0.293543520
1561000904.989381075 150.718338 454.246650 20.344209 -0.051288775 -0.037868382 0.954122794 -0.292549383
1561000905.087978840 151.389053 454.399129 20.366745 -0.055667789 -0.039522567 0.953690822 -0.292938355
1561000905.189596176 152.087491 454.556768 20.399268 -0.053149468 -0.040265429 0.953762336 -0.293072067
1561000905.289760351 152.792728 454.732322 20.421594 -0.048924313 -0.040610249 0.953841122 -0.293503548
1561000905.389706612 153.489577 454.909103 20.441488 -0.046138774 -0.040842065 0.953962603 -0.293527666
1561000905.488651991 154.196113 455.084128 20.456706 -0.046822658 -0.041025367 0.953813304 -0.293878782
1561000905.589407444 154.899995 455.258560 20.470398 -0.049237106 -0.040753687 0.953902587 -0.293231476
1561000905.688067436 155.595682 455.431370 20.488315 -0.051464217 -0.040556300 0.953724487 -0.293455658
1561000905.789299965 156.315999 455.608006 20.508685 -0.052570774 -0.039772477 0.953693173 -0.293468560
1561000905.888861418 157.020036 455.786283 20.535375 -0.051486233 -0.038956772 0.953683537 -0.293801375
1561000905.989447355 157.740202 455.964117 20.562719 -0.048987857 -0.038029462 0.953710030 -0.294263704
1561000906.090049744 158.472545 456.147321 20.576007 -0.048809438 -0.037782610 0.953581483 -0.294741357
1561000906.187967777 159.184395 456.331044 20.592178 -0.046859152 -0.038436418 0.953707511 -0.294565518
1561000906.289604902 159.917277 456.513095 20.607897 -0.046591745 -0.038644963 0.953735409 -0.294490314
1561000906.389497042 160.637888 456.686775 20.620452 -0.047107861 -0.039450808 0.953794748 -0.294108928
1561000906.489364862 161.349340 456.862027 20.631231 -0.046899513 -0.040236347 0.953826281 -0.293933491
1561000906.589335918 162.065306 457.038430 20.638929 -0.044412512 -0.042121812 0.954032683 -0.293385279
1561000906.688828707 162.788451 457.214381 20.652990 -0.042696481 -0.043198338 0.954155864 -0.293082756
1561000906.789369106 163.512138 457.395181 20.679484 -0.044244395 -0.041227591 0.954426879 -0.292253404
1561000906.889418840 164.229441 457.583003 20.703412 -0.051477343 -0.040238733 0.954416771 -0.291237970
1561000906.990430355 164.949044 457.756852 20.724162 -0.056735297 -0.039937397 0.954480076 -0.290092909
1561000907.089391708 165.655382 457.908834 20.750254 -0.057595138 -0.041031775 0.954412175 -0.289994128
1561000907.187846422 166.386311 458.066429 20.772743 -0.051462452 -0.041075008 0.954821659 -0.289793133
1561000907.289130449 167.132357 458.248167 20.793880 -0.044390256 -0.041146498 0.955220180 -0.289639221
1561000907.389406919 167.872149 458.423938 20.809538 -0.043919386 -0.040962832 0.955420139 -0.289076964
1561000907.489480972 168.602332 458.599537 20.829878 -0.047091130 -0.041573340 0.955693306 -0.287583706
1561000907.589342117 169.321910 458.771174 20.849104 -0.051048604 -0.041831868 0.955851893 -0.286341217
1561000907.687901735 170.048133 458.930161 20.874657 -0.052258875 -0.041251486 0.955840407 -0.286245422
1561000907.789552689 170.796756 459.105682 20.901996 -0.052882746 -0.041678512 0.956314640 -0.284479572
1561000907.889643908 171.525784 459.259291 20.940058 -0.057689732 -0.041233677 0.956493068 -0.283006518
1561000907.987939119 172.225771 459.406098 20.975266 -0.061380871 -0.041431584 0.956842392 -0.281013255
1561000908.089422703 172.949299 459.554506 20.998086 -0.060217847 -0.039991703 0.957306116 -0.279891898
1561000908.187925577 173.641301 459.713488 20.981867 -0.056681179 -0.040951263 0.958354142 -0.276889104
1561000908.289545059 174.347940 459.865159 20.973646 -0.047211265 -0.042734589 0.959365806 -0.274885616
1561000908.389443398 175.134988 460.034529 20.993182 -0.031537939 -0.042348062 0.959825614 -0.275584455
1561000908.489332199 175.887911 460.179136 21.026574 -0.031670977 -0.040672517 0.960611987 -0.273070150
1561000908.589207411 176.590200 460.311634 21.050997 -0.024881018 -0.035304828 0.961700100 -0.270679554
1561000908.687993765 177.275894 460.422439 21.078360 -0.027899301 -0.031453564 0.962660304 -0.267427449
1561000908.789226055 177.981811 460.520796 21.089142 -0.038214404 -0.032021765 0.963439833 -0.263245047
1561000908.889474630 178.784968 460.663221 21.113160 -0.046395672 -0.037845002 0.964264234 -0.258088521
1561000908.989305496 179.583710 460.805940 21.126873 -0.043242769 -0.038251059 0.965310682 -0.254641331
1561000909.089236021 180.385832 460.939553 21.128511 -0.041055711 -0.037991040 0.966421218 -0.250800993
1561000909.187848330 181.170240 461.058983 21.126823 -0.044158337 -0.038116762 0.967360499 -0.246598498
1561000909.289321899 181.977067 461.164869 21.129846 -0.045220571 -0.039123634 0.968229023 -0.242810628
1561000909.389849663 182.764588 461.262777 21.137099 -0.045168014 -0.039312590 0.969403834 -0.238055830
1561000909.487838030 183.527007 461.342433 21.141722 -0.044773301 -0.040324398 0.970396325 -0.233880884
1561000909.589385033 184.355210 461.418810 21.150046 -0.042289749 -0.042325519 0.971223008 -0.230534153
1561000909.688089371 185.137175 461.489951 21.142970 -0.042342611 -0.043361340 0.972334022 -0.225595762
1561000909.789591789 185.943227 461.548236 21.140406 -0.042556582 -0.043276796 0.973230110 -0.221673656
1561000909.889715910 186.752917 461.611060 21.137529 -0.043860143 -0.044290925 0.974139725 -0.217178264
1561000909.989523172 187.564380 461.664562 21.143177 -0.043141817 -0.045263959 0.975215960 -0.212235220
1561000910.089343309 188.381189 461.701645 21.137307 -0.043340923 -0.047277495 0.975981337 -0.208199023
1561000910.187537670 189.194952 461.739462 21.147455 -0.042002735 -0.049441373 0.977117500 -0.202565327
1561000910.287709236 190.005015 461.764888 21.158009 -0.041680664 -0.045692286 0.978296003 -0.197767205
1561000910.387338400 190.837873 461.791579 21.156750 -0.041936324 -0.044406453 0.979022494 -0.194382015
1561000910.490407228 191.674709 461.809607 21.152907 -0.041726038 -0.044214013 0.980046621 -0.189242383
1561000910.590402126 192.520891 461.818257 21.151225 -0.041316988 -0.045747164 0.980970214 -0.184112855
1561000910.689021826 193.372680 461.820351 21.149267 -0.040210825 -0.043281837 0.981809932 -0.180441211
1561000910.789587259 194.238680 461.823123 21.142413 -0.041551050 -0.040405763 0.982720421 -0.175788107
1561000910.890298128 195.105142 461.816429 21.137195 -0.041424667 -0.040692664 0.983321835 -0.172355078
1561000910.988979101 195.955399 461.795734 21.132956 -0.040916384 -0.040678712 0.984333976 -0.166606472
1561000911.090563297 196.828071 461.764305 21.136986 -0.039379840 -0.040663572 0.985096183 -0.162422941
1561000911.189390182 197.702552 461.727601 21.130522 -0.038915011 -0.039781689 0.986016334 -0.157082235
1561000911.290751696 198.595917 461.684335 21.112724 -0.039814665 -0.038800846 0.986966947 -0.151015009
1561000911.389676332 199.468925 461.623014 21.096909 -0.040230713 -0.038823973 0.987925215 -0.144492071
1561000911.491091013 200.347486 461.542396 21.087976 -0.040648485 -0.038286465 0.988816771 -0.138286803
1561000911.590926409 201.227379 461.462107 21.078384 -0.041768855 -0.037669612 0.989621094 -0.132236356
1561000911.689503193 202.103107 461.366115 21.076854 -0.041534944 -0.036471449 0.990449543 -0.126310668
1561000911.789690971 202.995880 461.257201 21.072901 -0.040849855 -0.035807435 0.991217269 -0.120571319
1561000911.889990807 203.881135 461.140218 21.060963 -0.040865861 -0.035567791 0.991952275 -0.114436000
1561000911.992139101 204.782729 461.007203 21.053849 -0.040911047 -0.034133280 0.992733829 -0.107892310
1561000912.091301441 205.667866 460.863632 21.046843 -0.040515735 -0.032651020 0.993383681 -0.102377971
1561000912.191133499 206.559225 460.703424 21.040840 -0.039229328 -0.031934882 0.993995770 -0.097023879
1561000912.292020798 207.464803 460.545915 21.032801 -0.038071050 -0.032283455 0.994504837 -0.092024465
1561000912.392069101 208.358484 460.376311 21.012632 -0.037314189 -0.032070553 0.994944911 -0.087542876
1561000912.490847111 209.257368 460.196445 21.002853 -0.035885432 -0.031408103 0.995378421 -0.083352058
1561000912.592536449 210.183062 460.014396 20.979061 -0.035920259 -0.031320187 0.995792255 -0.078272386
1561000912.691112518 211.079422 459.820437 20.958255 -0.035233859 -0.030892174 0.996190386 -0.073545652
1561000912.792565107 211.999310 459.612936 20.934469 -0.035359535 -0.030116865 0.996624654 -0.067690302
1561000912.891014814 212.892736 459.406434 20.910062 -0.034865550 -0.030792000 0.996974063 -0.062281324
1561000912.992203712 213.804505 459.173777 20.880015 -0.034823619 -0.030987947 0.997317203 -0.056439875
1561000913.092192411 214.709390 458.938571 20.861371 -0.033147599 -0.032539332 0.997639402 -0.050577198
1561000913.190974236 215.605316 458.690035 20.838399 -0.032237557 -0.032070480 0.997962461 -0.044756570
1561000913.291935444 216.521923 458.424109 20.811400 -0.033172943 -0.032074934 0.998185280 -0.038689817
1561000913.392442465 217.429251 458.154811 20.781085 -0.033554084 -0.031790995 0.998378808 -0.033214647
1561000913.491456747 218.325092 457.878983 20.760354 -0.032993232 -0.031459998 0.998568671 -0.027970065
1561000913.592390537 219.242853 457.581178 20.733973 -0.032906683 -0.031088994 0.998714833 -0.022788324
1561000913.691859007 220.148059 457.276708 20.705880 -0.031982351 -0.030910941 0.998854306 -0.017655563
1561000913.792098761 221.061615 456.967508 20.675319 -0.031535347 -0.029966117 0.998977105 -0.012340854
1561000913.890947104 221.959964 456.655302 20.643399 -0.030753830 -0.029725006 0.999061363 -0.006857037
1561000913.992276192 222.874579 456.314670 20.605454 -0.030966634 -0.029761185 0.999076434 -0.001272128
1561000914.092219830 223.784104 455.972980 20.571853 -0.031119484 -0.030207046 0.999048730 0.004554831
1561000914.190647840 224.676009 455.621742 20.537689 -0.030177682 -0.030575364 0.999031006 0.009565711
1561000914.291926146 225.587343 455.250749 20.495934 -0.028944668 -0.030613797 0.998996645 0.015188968
1561000914.393311977 226.489609 454.869275 20.455526 -0.027548903 -0.031876115 0.998890507 0.021041044
1561000914.492056370 227.369655 454.493454 20.405467 -0.026953053 -0.033834836 0.998706456 0.026723627
1561000914.593222618 228.282087 454.086058 20.356935 -0.025065957 -0.036529991 0.998493334 0.032377776
1561000914.692891836 229.172247 453.669917 20.310488 -0.024184024 -0.037635805 0.998247313 0.038742495
1561000914.793418169 230.064070 453.236375 20.255551 -0.024166000 -0.035538071 0.998072958 0.044759590
1561000914.893198252 230.943358 452.792274 20.205193 -0.026473810 -0.030799378 0.997897098 0.050516513
1561000914.993697166 231.838062 452.343363 20.177907 -0.026873179 -0.024723123 0.997752678 0.056179998
1561000915.093740463 232.720612 451.898054 20.164472 -0.025762703 -0.016317939 0.997612242 0.061966306
1561000915.192480564 233.606735 451.454089 20.128311 -0.024806460 -0.009104733 0.997348010 0.067813647
1561000915.293651581 234.488306 450.987440 20.071562 -0.027321529 -0.009797696 0.996836180 0.073994392
1561000915.393397331 235.350560 450.502030 20.030698 -0.025285080 -0.011418082 0.996413318 0.079942429
1561000915.493034124 236.216354 449.998691 19.988003 -0.021100245 -0.013281311 0.995903621 0.086915840
1561000915.593575954 237.090481 449.482856 19.931270 -0.017200101 -0.016224441 0.995437603 0.092438641
1561000915.693239212 237.940741 448.949300 19.873142 -0.015627711 -0.020286426 0.994808142 0.098493635
1561000915.793272257 238.810158 448.378693 19.807793 -0.015526122 -0.022372568 0.994158331 0.104439554
1561000915.892035007 239.662951 447.825728 19.742565 -0.016542546 -0.022888664 0.993591690 0.109444085
1561000915.991886616 240.522633 447.258032 19.678743 -0.016503364 -0.024097928 0.993152116 0.113118539
1561000916.093582392 241.374929 446.677350 19.617667 -0.016318516 -0.023882775 0.992695015 0.117132086
1561000916.193789005 242.193572 446.109471 19.563050 -0.017359999 -0.023281111 0.992191418 0.121296370
1561000916.293759584 243.024843 445.525539 19.505283 -0.018880824 -0.022150960 0.991691439 0.125303390
1561000916.393654346 243.849059 444.951980 19.447635 -0.018584926 -0.021670729 0.991236546 0.128977092
1561000916.493237495 244.656177 444.368406 19.389818 -0.018005880 -0.021411109 0.990742853 0.132838069
1561000916.593130112 245.461988 443.775261 19.334012 -0.016796766 -0.021921130 0.990142887 0.137311314
1561000916.692080498 246.259621 443.180058 19.275193 -0.016018426 -0.021342080 0.989605353 0.141312320
1561000916.793358326 247.056471 442.581275 19.212358 -0.016265795 -0.020894673 0.988973332 0.145707192
1561000916.893529892 247.845146 441.977664 19.153947 -0.017077642 -0.021186629 0.988186566 0.150820395
1561000916.994106054 248.621813 441.360235 19.098574 -0.016714727 -0.021135606 0.987581601 0.154778825
1561000917.093571186 249.381415 440.746207 19.035697 -0.017895938 -0.021280565 0.986827935 0.159365932
1561000917.192413568 250.140933 440.116561 18.979310 -0.016942736 -0.021409359 0.986128681 0.163721736
1561000917.292639494 250.901006 439.487150 18.923510 -0.015878450 -0.021799053 0.985469761 0.167696231
1561000917.393439770 251.649794 438.847851 18.861212 -0.015335779 -0.022122266 0.984584964 0.172823230
1561000917.492129803 252.386303 438.214426 18.803088 -0.014939502 -0.022056007 0.983752594 0.177542044
1561000917.593234539 253.126310 437.568496 18.745236 -0.014968444 -0.019821884 0.982902781 0.182442215
1561000917.691972971 253.835622 436.924271 18.679735 -0.015055567 -0.018359876 0.981963558 0.187573493
1561000917.793150425 254.555670 436.268598 18.615756 -0.013977737 -0.018184357 0.980884797 0.193232934
1561000917.891916990 255.250894 435.612602 18.556493 -0.011046529 -0.018851340 0.979911203 0.198233790
1561000917.992984772 255.964932 434.921176 18.489461 -0.008798682 -0.018750700 0.978880556 0.203381049
1561000918.093030691 256.647322 434.256745 18.417813 -0.007462353 -0.017643703 0.977815487 0.208590235
1561000918.191971064 257.312292 433.586880 18.351960 -0.006901425 -0.017337438 0.976622137 0.214151780
1561000918.293709040 257.982882 432.897009 18.276523 -0.006415634 -0.015511555 0.975424078 0.219695469
1561000918.393529415 258.632583 432.205520 18.206088 -0.006608503 -0.014742590 0.974238489 0.224940771
1561000918.493708611 259.282646 431.502423 18.134163 -0.007557271 -0.013869399 0.972805750 0.231083319
1561000918.593586206 259.910595 430.799088 18.063592 -0.007258526 -0.013007904 0.971515261 0.236508363
1561000918.693655729 260.544258 430.092142 18.000219 -0.007944755 -0.012535694 0.970074057 0.242355237
1561000918.785832405 261.134195 429.392096 17.940703 -0.008539318 -0.012323539 0.968228799 0.249616112
1561000918.886433125 261.755317 428.643827 17.873939 -0.009302852 -0.012571287 0.966523410 0.256101381
1561000918.985827208 262.357684 427.899653 17.801846 -0.009554449 -0.013558905 0.964956353 0.261885671
1561000919.085566759 262.937316 427.149299 17.734419 -0.009065135 -0.014623046 0.963400245 0.267514408
1561000919.184438944 263.520149 426.398389 17.665648 -0.008665639 -0.015561170 0.961595538 0.273891909
1561000919.285326958 264.087029 425.642883 17.591854 -0.009201706 -0.015485386 0.959832304 0.279995501
1561000919.384761810 264.634612 424.882009 17.520500 -0.008890801 -0.015724200 0.958148389 0.285701536
1561000919.483713388 265.187728 424.104246 17.452765 -0.009047549 -0.015826819 0.956271792 0.291910796
1561000919.585086823 265.731330 423.310111 17.382674 -0.009443326 -0.015245926 0.954589542 0.297383913
1561000919.684074402 266.255580 422.538334 17.310965 -0.010625550 -0.015541908 0.952708310 0.303302526
1561000919.785260916 266.767793 421.736956 17.236558 -0.012138209 -0.016040186 0.950805082 0.309136008
1561000919.885438204 267.274725 420.932846 17.172821 -0.012255052 -0.017062801 0.948873021 0.314958195
1561000919.985725641 267.788171 420.111200 17.101667 -0.011924511 -0.017477729 0.947086905 0.320279144
1561000920.085817337 268.282679 419.300654 17.032845 -0.011432340 -0.017451412 0.945098446 0.326119115
1561000920.184380293 268.758898 418.491473 16.961257 -0.010718680 -0.017315162 0.943301996 0.331310487
1561000920.285293818 269.248546 417.649641 16.891864 -0.009273299 -0.017488849 0.941489828 0.336459582
1561000920.385980129 269.718284 416.815841 16.809674 -0.008095893 -0.016748278 0.938904714 0.343674103
1561000920.484246969 270.172124 415.985999 16.735148 -0.006889158 -0.016852873 0.937070983 0.348663867
1561000920.585358381 270.619527 415.119260 16.655671 -0.005691444 -0.016410938 0.935066924 0.354045387
1561000920.684397221 271.056548 414.262624 16.569857 -0.005761773 -0.015095044 0.932952051 0.359637889
1561000920.785903931 271.498162 413.381830 16.491476 -0.005300822 -0.014539330 0.930984622 0.364730233
1561000920.885272980 271.920001 412.524334 16.416087 -0.004494212 -0.013752491 0.929030747 0.369719545
1561000920.984333277 272.325402 411.661156 16.337932 -0.003199804 -0.012951604 0.926692039 0.375584721
1561000921.085540533 272.730847 410.769854 16.254536 -0.002272089 -0.011781543 0.924964256 0.379864658
1561000921.184553862 273.130155 409.886581 16.171323 -0.001730860 -0.010846255 0.922570028 0.385673317
1561000921.285598755 273.509061 408.985164 16.087792 -0.001195678 -0.009847729 0.920748619 0.390030221
1561000921.385827541 273.895582 408.081000 16.006659 -0.000849016 -0.009657278 0.918602587 0.395063671
1561000921.484507322 274.257330 407.180065 15.923691 -0.000643077 -0.008618427 0.916342665 0.400301672
1561000921.585769653 274.616187 406.256964 15.840769 -0.000319007 -0.008151719 0.913960821 0.405720428
1561000921.684574366 274.961523 405.341639 15.759912 0.001310528 -0.008514070 0.911640585 0.410898085
1561000921.785516024 275.302823 404.416522 15.679499 0.002478236 -0.007596007 0.909382301 0.415884586
1561000921.885293722 275.645970 403.476944 15.585113 0.003620527 -0.007546245 0.907238093 0.420534171
1561000921.985338449 275.969111 402.529828 15.497425 0.004355259 -0.007849194 0.905088232 0.425129056
1561000922.085092306 276.290022 401.577256 15.403293 0.003352707 -0.008267493 0.903108562 0.429319616
1561000922.184063196 276.598988 400.608072 15.307037 0.002337891 -0.008398825 0.900962855 0.433808630
1561000922.285270214 276.897639 399.626240 15.214105 0.001301704 -0.009117698 0.899217264 0.437405402
1561000922.384356737 277.189871 398.660729 15.125644 0.000545934 -0.009805233 0.897447406 0.441012146
1561000922.485334158 277.474554 397.682172 15.039222 0.000166220 -0.010979469 0.896371720 0.443167196
1561000922.585457087 277.755480 396.703124 14.947869 -0.000248797 -0.012097199 0.895185682 0.445529114
1561000922.684256077 278.039662 395.732269 14.854794 -0.000327837 -0.011840658 0.894243963 0.447423094
1561000922.785349846 278.331538 394.723929 14.765956 -0.001062363 -0.011661524 0.893191005 0.449524982
1561000922.884174585 278.611903 393.733882 14.680134 -0.001436793 -0.010509397 0.892702548 0.450521530
1561000922.985204220 278.875906 392.740892 14.594062 -0.002244802 -0.010304952 0.891722447 0.452459774
1561000923.085228682 279.157579 391.751573 14.507211 -0.002894784 -0.011181437 0.891695739 0.452487906
1561000923.184615612 279.433533 390.768271 14.421787 -0.002815623 -0.011666890 0.891459342 0.452941715
1561000923.286307096 279.706294 389.741493 14.336633 -0.002383697 -0.010194653 0.891574581 0.452752860
1561000923.384108782 279.977948 388.742622 14.256356 -0.001873291 -0.009407873 0.891051956 0.453799950
1561000923.485481024 280.259020 387.722655 14.169696 -0.001568956 -0.008447771 0.890964096 0.453992460
1561000923.585230827 280.530879 386.739240 14.088327 -0.000660568 -0.008307673 0.891014349 0.453898640
1561000923.684169054 280.801797 385.731201 14.001331 0.000501397 -0.008250490 0.890636964 0.454639941
1561000923.785403252 281.084329 384.710201 13.907555 0.000711956 -0.008691751 0.890210483 0.455465961
1561000923.885421515 281.366198 383.691155 13.819214 0.001775637 -0.007482409 0.890020083 0.455856461
1561000923.985373735 281.642302 382.681389 13.737698 0.002710480 -0.006945805 0.889863756 0.456165436
1561000924.085409880 281.914894 381.661108 13.649858 0.001842456 -0.006189363 0.889735018 0.456431697
1561000924.184207201 282.185610 380.652050 13.561582 0.001994068 -0.005273483 0.889432940 0.457030917
1561000924.285397768 282.463618 379.614687 13.470673 0.002655273 -0.004983182 0.889587143 0.456730590
1561000924.385472298 282.753433 378.580535 13.378674 0.003114741 -0.005111991 0.889612211 0.456677435
1561000924.484362841 283.022100 377.551243 13.293278 0.003137291 -0.005617023 0.889637326 0.456622420
1561000924.585291624 283.283051 376.505528 13.200630 0.003231994 -0.004756487 0.889596268 0.456711517
1561000924.685387850 283.574754 375.470899 13.113717 0.004405359 -0.004826598 0.889495025 0.456898127
1561000924.785449266 283.873157 374.404914 13.023074 0.005711461 -0.005086719 0.889484641 0.456901060
1561000924.886317968 284.163081 373.348324 12.922341 0.007582684 -0.005889748 0.889560582 0.456716307
1561000924.985493660 284.452525 372.298034 12.820237 0.008311372 -0.006483371 0.889716506 0.456391745
1561000925.085477352 284.756570 371.230920 12.710886 0.007046492 -0.006395137 0.889659176 0.456526012
1561000925.185674667 285.029570 370.167310 12.610790 0.005890078 -0.006687529 0.889544140 0.456762309
1561000925.285821676 285.311363 369.112954 12.507368 0.006128761 -0.007541641 0.889721247 0.456400772
1561000925.385540962 285.600213 368.046242 12.407413 0.006125301 -0.008163819 0.889710699 0.456410675
1561000925.486171246 285.877523 366.973269 12.315181 0.004704273 -0.006973445 0.889416904 0.457019488
1561000925.585744619 286.159401 365.894005 12.225660 0.003270696 -0.004369098 0.889548406 0.456808327
1561000925.686099052 286.457831 364.833296 12.138668 0.002307356 -0.003235779 0.889638544 0.456648077
1561000925.785203457 286.741889 363.762185 12.049350 0.003465053 -0.003288454 0.889646169 0.456625529
1561000925.885359287 287.036628 362.676553 11.955004 0.003635521 -0.003642389 0.890184001 0.455572124
1561000925.985474825 287.333569 361.588144 11.864265 0.004677877 -0.003829063 0.890378121 0.455181566
1561000926.085676670 287.630135 360.500182 11.775461 0.004512318 -0.003340807 0.890371894 0.455199262
1561000926.184487820 287.922566 359.416193 11.684768 0.004706099 -0.002966177 0.890404632 0.455135854
1561000926.286433220 288.217669 358.292477 11.592843 0.004897241 -0.002866360 0.889888775 0.456142268
1561000926.384468555 288.526560 357.214297 11.503847 0.004896206 -0.002501351 0.889786588 0.456343729
1561000926.486221075 288.821802 356.116292 11.411301 0.005347651 -0.002197370 0.889850393 0.456215796
1561000926.586228371 289.121744 355.022471 11.323593 0.005081335 -0.002103817 0.889783379 0.456349968
1561000926.684327126 289.412004 353.979648 11.241638 0.004736197 -0.002028271 0.889400062 0.457100628
1561000926.786428690 289.710168 352.891280 11.151479 0.004359858 -0.002607870 0.889198304 0.457493788
1561000926.886185408 289.989725 351.829040 11.063912 0.003846889 -0.003425363 0.889135135 0.457615756
1561000926.984449148 290.251253 350.772882 10.969059 0.004011683 -0.003893144 0.888803138 0.458255094
1561000927.086405754 290.542574 349.702465 10.875562 0.003308002 -0.004803467 0.888429723 0.458975611
1561000927.184647322 290.818676 348.654468 10.787355 0.002742898 -0.004719179 0.888573011 0.458702747
1561000927.286462307 291.107507 347.574639 10.697359 0.002150642 -0.004358780 0.888410183 0.459024751
1561000927.386510134 291.379152 346.525697 10.617116 0.001326047 -0.004702960 0.888019545 0.459779741
1561000927.486778021 291.661804 345.458852 10.528992 0.000619916 -0.004963105 0.888093622 0.459635401
1561000927.586479664 291.928385 344.435455 10.447645 0.000581301 -0.006260749 0.888343612 0.459136247
1561000927.685832977 292.199665 343.399751 10.367873 0.000729744 -0.007874380 0.887820881 0.460121229
1561000927.786541462 292.459317 342.338457 10.283986 0.000122369 -0.008270707 0.888011292 0.459747240
1561000927.886477232 292.734396 341.284167 10.196439 -0.000365030 -0.007815052 0.888407519 0.458988967
1561000927.986595631 293.015410 340.257700 10.108352 -0.000775583 -0.007151846 0.888230842 0.459341072
1561000928.086682796 293.298778 339.218144 10.022199 -0.001195824 -0.005927010 0.888803858 0.458247905
1561000928.184911966 293.565269 338.189675 9.940562 -0.001017307 -0.005439291 0.889076636 0.457724933
1561000928.286562204 293.832864 337.133606 9.862732 -0.000761223 -0.004752180 0.888955790 0.457967729
1561000928.386596680 294.121869 336.115565 9.787264 -0.000773867 -0.004729548 0.889411515 0.457082257
1561000928.486389399 294.399038 335.085634 9.707963 -0.000602529 -0.005285698 0.889554080 0.456798903
1561000928.586325407 294.685079 334.070270 9.624823 -0.000087622 -0.005535518 0.889857692 0.456204602
1561000928.684667587 294.960924 333.055158 9.546431 -0.000452864 -0.006136233 0.889613002 0.456673677
1561000928.786396027 295.230079 332.015198 9.461250 -0.001235310 -0.006235688 0.889329928 0.457221904
1561000928.884821177 295.483477 331.031374 9.382841 -0.002090708 -0.006673667 0.889110466 0.457639236
1561000928.986545563 295.750929 330.022538 9.294558 -0.002975901 -0.006926569 0.889297112 0.457267770
1561000929.086470127 296.025717 329.010541 9.218847 -0.002801702 -0.007226417 0.889455680 0.456955712
1561000929.185882330 296.300188 328.021533 9.143596 -0.003049824 -0.007341790 0.889356764 0.457144772
1561000929.286429644 296.554977 327.027876 9.070329 -0.002854636 -0.007325445 0.889131711 0.457583861
1561000929.386607885 296.816689 326.027274 9.003399 -0.001381553 -0.007047933 0.889178177 0.457504741
1561000929.484867334 297.085364 325.041032 8.917452 -0.001230499 -0.005182137 0.889357234 0.457181956
1561000929.586496830 297.372800 324.043756 8.844412 -0.000544427 -0.004667532 0.889433117 0.457041190
1561000929.687164307 297.644153 323.053744 8.774506 -0.000023273 -0.003153648 0.889696237 0.456542067
1561000929.787766218 297.912123 322.075508 8.697956 0.000734852 -0.001519386 0.889547428 0.456839715
1561000929.889336348 298.173593 321.088603 8.622865 0.000945881 -0.000539115 0.889460972 0.457009840
1561000929.990787268 298.433468 320.106502 8.552448 0.002076250 -0.000907370 0.889864711 0.456218875
1561000930.090755701 298.698844 319.143692 8.468613 0.002453067 -0.001368779 0.889413593 0.457094704
1561000930.189323187 298.967049 318.188831 8.392012 0.002497149 -0.001885444 0.889530805 0.456864483
1561000930.290858030 299.224788 317.201264 8.314397 0.001663495 -0.002718330 0.889436220 0.457048197
1561000930.389357090 299.487019 316.245015 8.239071 0.001157405 -0.002936389 0.889017570 0.457862205
1561000930.490676165 299.753926 315.279107 8.169824 -0.000296294 -0.003505196 0.888934135 0.458021537
1561000930.590530634 300.012107 314.309909 8.102960 -0.000259928 -0.003869760 0.888932329 0.458022130
1561000930.689038277 300.255023 313.358064 8.029452 -0.000998682 -0.004004473 0.888585485 0.458692493
1561000930.789439917 300.506182 312.424138 7.957552 -0.000427052 -0.003405363 0.888712537 0.458452013
1561000930.890075684 300.754436 311.460726 7.887458 -0.000999864 -0.004072832 0.888384975 0.459080112
1561000930.990764618 301.005002 310.524662 7.818419 -0.001822225 -0.004305951 0.888510241 0.458832966
1561000931.090853214 301.246128 309.569524 7.743887 -0.002713799 -0.003774200 0.888531439 0.458792189
1561000931.189340115 301.489961 308.629885 7.676317 -0.002740250 -0.004192136 0.888659379 0.458540538
1561000931.290950537 301.757188 307.663906 7.606108 -0.003373345 -0.003907588 0.888378041 0.459083660
1561000931.390582085 302.027557 306.713202 7.542943 -0.003481389 -0.003880734 0.888613768 0.458626636
1561000931.489795208 302.274968 305.787866 7.475363 -0.002765911 -0.002891752 0.888566486 0.458730407
1561000931.590565205 302.518801 304.853503 7.409979 -0.002810890 -0.002379632 0.888691903 0.458490063
1561000931.688845873 302.750161 303.952260 7.348560 -0.002254477 -0.002231174 0.888779017 0.458324992
1561000931.790276289 302.997121 303.029638 7.279460 -0.001743200 -0.001238912 0.888551241 0.458772403
1561000931.888597488 303.237874 302.114075 7.213358 -0.001146730 -0.000826831 0.888369880 0.459126299
1561000931.988764286 303.492440 301.196329 7.150373 -0.000414433 -0.000861917 0.888335561 0.459193878
1561000932.090059042 303.733704 300.284243 7.089435 -0.000065939 -0.000948105 0.888461302 0.458950554
1561000932.190312147 303.969772 299.377831 7.026338 -0.000137634 -0.000589857 0.888190424 0.459475140
1561000932.290495634 304.206381 298.469017 6.958855 0.000212642 -0.000328366 0.888322600 0.459219779
1561000932.390627384 304.444797 297.565200 6.897505 0.000635985 -0.000986449 0.888465943 0.458941053
1561000932.490739584 304.689396 296.653079 6.825383 0.001914191 -0.001165804 0.889008025 0.457886131
1561000932.590719700 304.942935 295.760593 6.762080 0.001754495 -0.000901533 0.889031905 0.457840999
1561000932.689585924 305.177868 294.861500 6.698090 0.000760736 0.000017003 0.888629424 0.458625301
1561000932.790583134 305.416429 293.984765 6.630740 0.000278286 0.000186400 0.889145464 0.457624554
1561000932.890591383 305.653605 293.126855 6.572162 0.000546210 -0.000809262 0.888837200 0.458222084
1561000932.990682602 305.885339 292.269824 6.513344 0.000318897 -0.001497406 0.889066421 0.457775659
1561000933.090950012 306.106895 291.418077 6.457798 0.000920335 -0.002137868 0.888811833 0.458266417
1561000933.189150810 306.334239 290.585416 6.393359 0.000321002 -0.001527532 0.888985155 0.457933355
1561000933.290521383 306.557316 289.744672 6.330981 0.000775568 -0.002261544 0.889582266 0.456768734
1561000933.389219999 306.765979 288.951032 6.280152 0.000027278 -0.002779019 0.889338563 0.457240851
1561000933.490780592 306.982097 288.152540 6.222234 -0.000214582 -0.002127949 0.889469134 0.456990246
1561000933.590929270 307.190712 287.359964 6.167760 -0.000550673 -0.001909978 0.889595077 0.456745714
1561000933.690631628 307.416050 286.579966 6.122332 -0.001307072 -0.001873621 0.889323810 0.457272285
1561000933.790601969 307.622928 285.812747 6.067316 -0.001791851 -0.001264504 0.889216434 0.457481502
1561000933.889114618 307.824384 285.071730 6.014866 -0.001655795 -0.001305956 0.889613679 0.456708939
1561000933.990475893 308.029051 284.335591 5.973808 -0.001625605 -0.002340657 0.889810794 0.456320754
1561000934.090357304 308.215346 283.636020 5.924747 -0.001565742 -0.002503188 0.890223913 0.455513629
1561000934.189001560 308.413925 282.946279 5.872961 -0.001132725 -0.002697163 0.890208877 0.455543190
1561000934.290639400 308.610592 282.277330 5.831687 -0.001369722 -0.002479008 0.890444319 0.455083391
1561000934.390070677 308.782664 281.606649 5.791578 -0.001644750 -0.003116521 0.890039145 0.455870488
1561000934.490214348 308.954367 280.967234 5.747488 -0.001935046 -0.003078917 0.890123577 0.455704723
1561000934.590579033 309.114821 280.367566 5.715468 -0.001764414 -0.002472758 0.889835141 0.456272061
1561000934.688956261 309.292721 279.763116 5.680500 -0.004443089 0.001699951 0.889845178 0.456237799
1561000934.790589809 309.459873 279.154134 5.658254 -0.011264053 0.008375292 0.889191488 0.457319881
1561000934.890115023 309.609774 278.615563 5.643331 -0.017453554 0.011715721 0.889201121 0.457033349
1561000934.988935232 309.717516 278.114640 5.620562 -0.018568430 0.011897500 0.888884221 0.457600814
1561000935.090340137 309.844725 277.587399 5.589156 -0.013800949 0.007455883 0.888968251 0.457700111
1561000935.189188242 309.960879 277.101899 5.551794 -0.013437548 0.007003219 0.889405069 0.456868701
1561000935.290330410 310.070943 276.601021 5.521041 -0.017346319 0.007952233 0.888159974 0.459138026
1561000935.389291048 310.219001 276.045464 5.472273 -0.007146178 0.002062129 0.889316162 0.457232374
1561000935.490899563 310.377788 275.495554 5.414504 0.007696064 -0.009809298 0.888908387 0.457915306
1561000935.592148542 310.537208 274.944204 5.374190 0.003286853 -0.007629477 0.889054773 0.457725463
1561000935.691635370 310.684116 274.414494 5.339924 -0.002886814 -0.001968137 0.888779801 0.458321130
1561000935.792062283 310.822874 273.908835 5.297481 -0.007158040 0.005486800 0.888457654 0.458869975
1561000935.891679287 310.955145 273.416295 5.261797 -0.007446966 0.007384768 0.888394358 0.458961298
1561000935.990610838 311.094877 272.901910 5.229389 -0.005777019 0.004964448 0.888297375 0.459205569
1561000936.091818094 311.226172 272.389393 5.196090 -0.000889033 0.001881132 0.888040837 0.459759876
1561000936.191116095 311.365180 271.878736 5.161527 0.000008853 0.000789670 0.887294754 0.461202120
1561000936.291649580 311.492132 271.356772 5.127714 0.000452254 0.001792581 0.886537982 0.462652125
1561000936.391624928 311.620839 270.840600 5.096374 -0.000316149 0.003997203 0.884873174 0.465814758
1561000936.492001772 311.736516 270.345315 5.054952 -0.001424315 0.004862800 0.882732795 0.469847993
1561000936.592185020 311.848841 269.849792 5.015720 -0.001164403 0.004715388 0.879843163 0.475239326
1561000936.692083359 311.917308 269.355749 4.979193 -0.000427747 0.004627867 0.877015958 0.480438768
1561000936.791993380 311.994576 268.843844 4.951824 0.000480528 0.003821771 0.872833131 0.488003575
1561000936.890595198 312.066482 268.333730 4.920940 0.001214807 0.004363879 0.868797541 0.495146760
1561000936.993040800 312.143443 267.818604 4.876714 0.001186823 0.004047193 0.864303198 0.502953471
1561000937.092852831 312.206241 267.309519 4.833225 0.000524165 0.003488808 0.859439518 0.511225261
1561000937.191867113 312.246665 266.774945 4.792752 -0.000371983 0.004605422 0.854044562 0.520179333
1561000937.293199539 312.286670 266.248010 4.771071 0.001220222 0.004697364 0.848496997 0.529177940
1561000937.392804623 312.299557 265.735807 4.741390 0.002452338 0.005256697 0.843153976 0.537640889
1561000937.493496656 312.297409 265.209721 4.699140 0.004003727 0.004764801 0.837246065 0.546790905
1561000937.593643188 312.303302 264.683212 4.677462 0.004875953 0.005556623 0.831489155 0.555491795
1561000937.692940712 312.276422 264.180640 4.659689 0.007819093 0.008106902 0.825138775 0.564817795
1561000937.793377399 312.250397 263.670732 4.626676 0.010773276 0.011324226 0.818548857 0.574224231
1561000937.892723322 312.212404 263.163578 4.580594 0.013076677 0.012824836 0.812039097 0.583315548
1561000937.992430925 312.152709 262.660018 4.532850 0.013793794 0.012725055 0.805173324 0.592742543
1561000938.094595432 312.104764 262.143644 4.497227 0.015313516 0.011677064 0.797506803 0.603002522
1561000938.192024231 312.021924 261.646996 4.474084 0.019410300 0.011157662 0.790695115 0.611800607
1561000938.292981863 311.938272 261.133724 4.453012 0.024597400 0.011587648 0.782759881 0.621729574
1561000938.391936302 311.861690 260.627130 4.389793 0.024893785 0.013621792 0.774054968 0.632482136
1561000938.493001699 311.782279 260.133232 4.348625 0.019669249 0.014420332 0.765815459 0.642597742
1561000938.593028784 311.632070 259.660959 4.321285 0.015754080 0.016321835 0.756995241 0.653026502
1561000938.692007065 311.475973 259.193613 4.318247 0.016635496 0.017968087 0.748083499 0.663152687
1561000938.792706728 311.309045 258.761932 4.315866 0.022169523 0.019734597 0.738266386 0.673855921
1561000938.892095804 311.155522 258.306922 4.281173 0.028087691 0.022155517 0.728305390 0.684318255
1561000938.993275404 310.987056 257.878116 4.222780 0.029266023 0.021479200 0.717585870 0.695523301
1561000939.093665838 310.801450 257.444749 4.181939 0.027253657 0.019390782 0.705633992 0.707786624
1561000939.192321777 310.565829 257.036477 4.163907 0.026530724 0.018733119 0.692627420 0.720563979
1561000939.293448925 310.318066 256.623719 4.148343 0.027462613 0.020616067 0.678587102 0.733716790
1561000939.392318726 310.080612 256.238452 4.140941 0.030453759 0.020703725 0.665622693 0.745379336
1561000939.493490458 309.811368 255.858251 4.108175 0.033956823 0.021076837 0.651813779 0.757325226
1561000939.593824625 309.544705 255.484438 4.066040 0.036008867 0.020536486 0.637451875 0.769374240
1561000939.692406416 309.264965 255.117593 4.031691 0.037917081 0.018230750 0.623171079 0.780953098
1561000939.793422937 308.973130 254.753798 4.007105 0.038610282 0.015927990 0.607366277 0.793323232
1561000939.892936945 308.647427 254.421320 3.980001 0.039122601 0.015039959 0.591330699 0.805339200
1561000939.985515356 308.341858 254.123245 3.970891 0.040410188 0.012965265 0.574100198 0.817684463
1561000940.085199356 307.996294 253.802157 3.939037 0.040580687 0.014523498 0.557053060 0.829357682
1561000940.185336590 307.613394 253.514556 3.909680 0.042285382 0.014635704 0.538964481 0.841139127
1561000940.285458326 307.222827 253.236845 3.879304 0.042684876 0.014429799 0.521568790 0.852018650
1561000940.384671450 306.836580 252.969959 3.838150 0.040394192 0.015395798 0.503750667 0.862766796
1561000940.485157967 306.437002 252.736872 3.815496 0.039262594 0.015809197 0.486454563 0.872680054
1561000940.585116148 305.998458 252.516462 3.804340 0.038871293 0.016670368 0.468938516 0.882217541
1561000940.683906555 305.561191 252.307626 3.801586 0.039983904 0.017136284 0.453411057 0.890239321
1561000940.785336971 305.123331 252.094923 3.784223 0.042140645 0.019243550 0.437826542 0.897865118
1561000940.885416746 304.668068 251.894231 3.752272 0.041460124 0.020634639 0.424088248 0.904435972
1561000940.985521317 304.213397 251.687564 3.726066 0.038608944 0.021986817 0.411634808 0.910265189
1561000941.085351467 303.739539 251.519544 3.716860 0.036031035 0.021895097 0.400842979 0.915176090
1561000941.184454441 303.257945 251.352914 3.715738 0.036179166 0.022082943 0.391801124 0.919073061
1561000941.285443783 302.766827 251.178426 3.710966 0.039245663 0.021828390 0.383259679 0.922548274
1561000941.385291100 302.269655 251.003829 3.698810 0.042142449 0.021375268 0.375349120 0.925678211
1561000941.484291553 301.784499 250.815091 3.668671 0.043880001 0.021988466 0.366953449 0.928943604
1561000941.585270882 301.270052 250.634396 3.653666 0.044425118 0.023184215 0.358956525 0.932008108
1561000941.683974504 300.766782 250.468886 3.642394 0.043458690 0.030561281 0.352131346 0.934441473
1561000941.785223484 300.270923 250.325414 3.638351 0.039754504 0.038365817 0.346278427 0.936503547
1561000941.885318756 299.774896 250.197600 3.638859 0.034249897 0.042783254 0.339780098 0.938906823
1561000941.984332800 299.262492 250.074340 3.665107 0.032335259 0.042589759 0.336417945 0.940193336
1561000942.085453749 298.741970 249.950845 3.683443 0.036885792 0.038357880 0.333184973 0.941358532
1561000942.184547901 298.233709 249.815440 3.651345 0.041050973 0.032407799 0.328182492 0.943165311
1561000942.285739899 297.689159 249.643499 3.592962 0.043465307 0.021920217 0.326926701 0.943795107
1561000942.385679722 297.125813 249.492294 3.530058 0.039332427 0.009761165 0.323465214 0.945371850
1561000942.485630989 296.521285 249.340845 3.520459 0.033821643 0.006663155 0.322507123 0.945939139
1561000942.585217714 295.911548 249.194131 3.551967 0.034643856 0.011682800 0.321123774 0.946331251
1561000942.683999300 295.339423 249.052758 3.571006 0.040220677 0.020233236 0.318874673 0.946726918
1561000942.785313606 294.753460 248.894549 3.558033 0.045009936 0.028169179 0.319029589 0.946256162
1561000942.885285854 294.182604 248.742603 3.510506 0.045420868 0.035998591 0.318043292 0.946303075
1561000942.985298872 293.612681 248.579431 3.488812 0.042186396 0.033956335 0.317575161 0.946685424
1561000943.085136175 293.026604 248.425563 3.481795 0.040594677 0.028639939 0.317031492 0.947112907
1561000943.185180664 292.404843 248.275655 3.481703 0.041239886 0.025467158 0.317103525 0.947151546
1561000943.285407305 291.749884 248.107740 3.470260 0.042844013 0.025352779 0.317889204 0.946819984
1561000943.384799480 291.121079 247.938155 3.455761 0.044394946 0.027050631 0.316549678 0.947150280
1561000943.485556602 290.472442 247.771866 3.436855 0.044012037 0.027635131 0.316395268 0.947202869
1561000943.585467815 289.831395 247.611481 3.424688 0.044215316 0.026812208 0.316236165 0.947270183
1561000943.685554981 289.195591 247.443684 3.407632 0.043175946 0.025992527 0.315946817 0.947437510
1561000943.785513163 288.529739 247.275880 3.393949 0.043495550 0.025771533 0.315896714 0.947445635
1561000943.885021925 287.869812 247.105900 3.383034 0.044181245 0.025991616 0.315687356 0.947477676
1561000943.985436916 287.190251 246.928137 3.363452 0.044242425 0.026395267 0.315289092 0.947596267
1561000944.085392952 286.497184 246.753094 3.352338 0.044158793 0.026666554 0.315804599 0.947420894
1561000944.184352875 285.826543 246.579809 3.336531 0.043549643 0.027622273 0.314928026 0.947713447
1561000944.285671473 285.130586 246.400111 3.326423 0.043992519 0.028319172 0.314954530 0.947663615
1561000944.385811567 284.430610 246.219485 3.310703 0.043331257 0.028631818 0.313959662 0.948014742
1561000944.485756397 283.729036 246.040896 3.297018 0.043243152 0.028189604 0.314231702 0.947941883
1561000944.585425615 283.030872 245.859174 3.297437 0.044309992 0.027716819 0.314332347 0.947873187
1561000944.684311628 282.292731 245.662247 3.280915 0.042937642 0.027585188 0.314780287 0.947791532
1561000944.785470963 281.542612 245.469946 3.253701 0.043350783 0.027655324 0.314529701 0.947853870
1561000944.885225534 280.835171 245.263315 3.239076 0.043067331 0.027087024 0.315496645 0.947561800
1561000944.985531569 280.083309 245.064228 3.225741 0.042132890 0.027374931 0.314754096 0.947842440
1561000945.084633112 279.323953 244.882331 3.216169 0.042636258 0.027642520 0.315471925 0.947573483
1561000945.183940411 278.576129 244.686833 3.193261 0.042208879 0.028407615 0.315672445 0.947503206
1561000945.285072088 277.804869 244.487615 3.178468 0.042513619 0.027299897 0.315942920 0.947431992
1561000945.384062290 277.049447 244.276080 3.159170 0.042731507 0.025511480 0.315705026 0.947551328
1561000945.484208822 276.271512 244.077566 3.136554 0.042357578 0.024675171 0.315569608 0.947635370
1561000945.585441351 275.466693 243.878957 3.121702 0.042667354 0.023667250 0.316216181 0.947431625
1561000945.684372187 274.678452 243.669697 3.102069 0.042778338 0.024651148 0.316124171 0.947432237
1561000945.785652399 273.863150 243.458005 3.085995 0.043485545 0.026885562 0.316588382 0.947184233
1561000945.885263205 273.066843 243.230138 3.063786 0.043947314 0.029720675 0.316326491 0.947165702
1561000945.984427214 272.269021 243.018532 3.053183 0.044800364 0.030342248 0.316310279 0.947111442
1561000946.085475206 271.432096 242.803443 3.032830 0.045261576 0.029561493 0.317477901 0.946723450
1561000946.185406208 270.610339 242.579130 3.018923 0.045186407 0.027851610 0.317582765 0.946743716
1561000946.285379171 269.774222 242.348386 3.002394 0.046118069 0.026956274 0.318347167 0.946467942
1561000946.384283066 268.969494 242.109702 2.982268 0.046228529 0.027450013 0.318440127 0.946417089
1561000946.485341549 268.103705 241.874771 2.964533 0.046096161 0.028635472 0.319343559 0.946083952
1561000946.585278749 267.247006 241.645097 2.942814 0.045632433 0.029426381 0.319668260 0.945972501
1561000946.685132027 266.402293 241.422306 2.928771 0.045090779 0.028469947 0.320540890 0.945732426
1561000946.785168409 265.532604 241.192589 2.912729 0.045593381 0.027578875 0.320952914 0.945594985
1561000946.885191917 264.666559 240.953358 2.896768 0.046185631 0.027710004 0.321260785 0.945457853
1561000946.985146761 263.782177 240.720720 2.879422 0.046294804 0.029003915 0.321559700 0.945312077
1561000947.085332155 262.877080 240.469112 2.867817 0.046445572 0.029579571 0.322264442 0.945046818
1561000947.185409069 261.993741 240.224233 2.843958 0.046802052 0.030085063 0.322134520 0.945057569
1561000947.285435200 261.103686 239.977047 2.823589 0.046483116 0.027609951 0.321919512 0.945222110
1561000947.385713816 260.205168 239.723848 2.800092 0.046083215 0.026216938 0.322439653 0.945104058
1561000947.485692024 259.278821 239.475994 2.777742 0.045062159 0.026731232 0.322425524 0.945143706
1561000947.585533142 258.364305 239.221191 2.758826 0.044619293 0.029750908 0.322812618 0.944942335
1561000947.685474157 257.445981 238.954903 2.751249 0.044773808 0.032584065 0.322675247 0.944888496
1561000947.785414696 256.527682 238.703415 2.740537 0.045494541 0.033109946 0.322940819 0.944745048
1561000947.885055780 255.607862 238.454903 2.724813 0.045080828 0.030999344 0.322864778 0.944862474
1561000947.986113071 254.662010 238.202531 2.708896 0.044966726 0.027636570 0.323471396 0.944764770
1561000948.085165501 253.724322 237.935804 2.684770 0.045165503 0.026585742 0.323262388 0.944856976
1561000948.184691668 252.758575 237.667980 2.664901 0.045446223 0.027690050 0.323812336 0.944623456
1561000948.285302401 251.801926 237.406055 2.645273 0.045379074 0.029593213 0.323983961 0.944510124
1561000948.384161472 250.852573 237.153435 2.630430 0.045393592 0.030837468 0.324309458 0.944357902
1561000948.485171080 249.878068 236.885539 2.617438 0.046068209 0.030877884 0.323799191 0.944499000
1561000948.585386515 248.913609 236.609880 2.604021 0.047076121 0.028866712 0.323746821 0.944530861
1561000948.685260296 247.952353 236.338808 2.582936 0.047679839 0.025824088 0.323472300 0.944682709
1561000948.785410404 246.980089 236.059649 2.561201 0.048663800 0.024202995 0.323682474 0.944603465
1561000948.884781599 246.004378 235.783230 2.534449 0.049330627 0.024370931 0.323600004 0.944592814
1561000948.984304905 245.025750 235.508488 2.513688 0.049026145 0.025751535 0.322912327 0.944807348
1561000949.085188627 244.044032 235.230054 2.494598 0.048666269 0.027556355 0.322542917 0.944901216
1561000949.184095621 243.079938 234.966616 2.483386 0.049439793 0.029599205 0.322020871 0.944977329
1561000949.284937620 242.105471 234.695902 2.470078 0.050225493 0.030651768 0.321422433 0.945106073
1561000949.384917021 241.143237 234.425700 2.458675 0.050818665 0.029962692 0.321158673 0.945186123
1561000949.484980345 240.199334 234.161462 2.446193 0.050953174 0.027500315 0.320976357 0.945315654
1561000949.585278988 239.234439 233.892344 2.423406 0.050442749 0.025964375 0.320805449 0.945444469
1561000949.684110165 238.271112 233.623444 2.402722 0.049815189 0.025736750 0.320639219 0.945540352
1561000949.785906553 237.293243 233.356250 2.378326 0.049794892 0.027711482 0.320038590 0.945689084
1561000949.884867191 236.353492 233.097535 2.362837 0.049243308 0.029902895 0.319653282 0.945781525
1561000949.985026836 235.395673 232.843433 2.354737 0.048108987 0.031309584 0.319568789 0.945822935
1561000950.084852219 234.449578 232.586182 2.350842 0.048584908 0.030679186 0.319367066 0.945887399
1561000950.183718443 233.496939 232.327924 2.343452 0.048620068 0.029879566 0.318666370 0.946147475
1561000950.284357786 232.549260 232.067871 2.331533 0.048867908 0.028704294 0.319078044 0.946032342
1561000950.384089947 231.592876 231.803471 2.315885 0.049006190 0.029213239 0.318849554 0.946086646
1561000950.485162020 230.638546 231.540323 2.294740 0.049203398 0.030726910 0.318772310 0.946054489
1561000950.585227728 229.668671 231.287149 2.280771 0.048892656 0.031377116 0.318681271 0.946079929
1561000950.684036016 228.704430 231.030484 2.272027 0.048287108 0.030763889 0.318542997 0.946177730
1561000950.785015583 227.745187 230.772287 2.262353 0.048111668 0.029486420 0.318557266 0.946222536
1561000950.885850191 226.770056 230.507577 2.247051 0.047765201 0.029451537 0.318170953 0.946371141
1561000950.984353065 225.813125 230.252983 2.230186 0.047830007 0.029254057 0.318152296 0.946380266
1561000951.084622860 224.831082 229.991527 2.211315 0.047594701 0.030345602 0.318011709 0.946405009
1561000951.183506489 223.852368 229.726602 2.200272 0.047154211 0.031250582 0.317711901 0.946498299
1561000951.284728765 222.864446 229.452144 2.187134 0.047564316 0.032053620 0.317908877 0.946384778
1561000951.384571314 221.886073 229.194172 2.174651 0.046725639 0.032429442 0.317601307 0.946517013
1561000951.485527039 220.895655 228.936787 2.163829 0.046248568 0.032193941 0.317762223 0.946494474
1561000951.585792303 219.896469 228.673786 2.150783 0.045524955 0.031737226 0.317722571 0.946558289
1561000951.683954239 218.920680 228.397762 2.139498 0.045078875 0.030803847 0.317679544 0.946624913
1561000951.785044670 217.915452 228.128286 2.128782 0.044811015 0.029620178 0.317875748 0.946609543
1561000951.883976698 216.913620 227.851679 2.110169 0.044896218 0.030834705 0.317866982 0.946569666
1561000951.984986067 215.891247 227.585878 2.098217 0.044827950 0.032574410 0.318343970 0.946354310
1561000952.084914684 214.896238 227.319960 2.095079 0.045402654 0.034192359 0.318236950 0.946305831
1561000952.183744192 213.894253 227.055001 2.086952 0.046354452 0.033029254 0.318683805 0.946150604
1561000952.284785032 212.870005 226.779028 2.076088 0.046596406 0.031027071 0.319064171 0.946078301
1561000952.385110378 211.839605 226.500174 2.064650 0.047077333 0.030014231 0.319216601 0.946035746
1561000952.484282970 210.814446 226.211705 2.048657 0.048335921 0.031618364 0.319248938 0.945909104
1561000952.584971666 209.781688 225.922176 2.030573 0.049579841 0.033768800 0.319863055 0.945562866
1561000952.683932304 208.769855 225.647127 2.019182 0.049456959 0.033599953 0.319916555 0.945557217
1561000952.785142183 207.731608 225.367210 2.006349 0.049625936 0.031466905 0.319975701 0.945601740
1561000952.885421753 206.711779 225.088424 1.987139 0.049283728 0.029672292 0.320137883 0.945622761
1561000952.984917641 205.677859 224.807767 1.971086 0.049179676 0.029328269 0.320145713 0.945636259
1561000953.085067034 204.638241 224.523369 1.957082 0.048854053 0.030950342 0.320452909 0.945497378
1561000953.183916330 203.606507 224.239926 1.950792 0.048933882 0.032663205 0.320610932 0.945382050
1561000953.285813093 202.550979 223.952478 1.941128 0.048687706 0.032604868 0.320985695 0.945269598
1561000953.383930683 201.515620 223.674013 1.928163 0.048714291 0.031068988 0.321258369 0.945227325
1561000953.485931873 200.446160 223.380052 1.916574 0.048343343 0.029330045 0.321468547 0.945230471
1561000953.586206436 199.382682 223.077580 1.902726 0.047957312 0.030314850 0.321561743 0.945187363
1561000953.684051275 198.340754 222.791370 1.890979 0.048496243 0.032545970 0.321312467 0.945170446
1561000953.785928488 197.262293 222.492381 1.876566 0.048027547 0.033368069 0.322191464 0.944866439
1561000953.885986567 196.204779 222.198745 1.862219 0.048083868 0.031280149 0.322218130 0.944925908
1561000953.985918999 195.136953 221.899208 1.845596 0.047018625 0.028834567 0.322423527 0.944987241
1561000954.085774899 194.073446 221.610273 1.827878 0.047060313 0.029015991 0.322130403 0.945079575
1561000954.183897734 193.001962 221.305472 1.807884 0.046350767 0.030888144 0.322196468 0.945032785
1561000954.285753012 191.908715 220.999357 1.795358 0.045677560 0.033297806 0.322314765 0.944943389
1561000954.385541916 190.846919 220.710569 1.782138 0.045496227 0.034640024 0.322787367 0.944742546
1561000954.485032558 189.786702 220.416390 1.777683 0.045143341 0.034055674 0.322370461 0.944923053
1561000954.585534334 188.709027 220.122554 1.770906 0.045088989 0.033604587 0.322529598 0.944887492
1561000954.683674097 187.643166 219.828913 1.768579 0.044423771 0.033465332 0.322262338 0.945015125
1561000954.785400391 186.540886 219.529305 1.756539 0.044277145 0.033971443 0.322741068 0.944840557
1561000954.883682489 185.475181 219.221836 1.752746 0.043953470 0.033531273 0.322853111 0.944833115
1561000954.985439539 184.377697 218.914191 1.744836 0.044058739 0.033186167 0.323070163 0.944766202
1561000955.086703777 183.284398 218.593699 1.736792 0.044361977 0.031657740 0.322964453 0.944840603
1561000955.185409784 182.204135 218.282826 1.720359 0.045989077 0.031851556 0.323087058 0.944714367
1561000955.286662579 181.091483 217.961564 1.702095 0.046995122 0.032020348 0.323933336 0.944369287
1561000955.386850834 179.996437 217.647726 1.691538 0.047573329 0.032990834 0.323867265 0.944329592
1561000955.485283613 178.900634 217.331551 1.676923 0.048047931 0.033671547 0.323878236 0.944277772
1561000955.587283850 177.784020 217.015318 1.660903 0.048145929 0.033209842 0.324063464 0.944225580
1561000955.685685873 176.686428 216.697757 1.651665 0.047507422 0.032499955 0.324098276 0.944270674
1561000955.787601233 175.553159 216.375807 1.644321 0.047611276 0.031608060 0.324496153 0.944159067
1561000955.888366222 174.440218 216.062562 1.624064 0.047896643 0.030993348 0.324409424 0.944194815
1561000955.988884687 173.321114 215.748300 1.610413 0.047292743 0.030616183 0.324530045 0.944196111
1561000956.088726044 172.199523 215.437635 1.596695 0.047681376 0.032515908 0.324456987 0.944138160
1561000956.188635349 171.076708 215.123065 1.583669 0.047848739 0.034685841 0.324465060 0.944049689
1561000956.288421392 169.965910 214.798816 1.578689 0.047699199 0.034320524 0.324779556 0.943962461
1561000956.388401508 168.841840 214.482213 1.571624 0.047988455 0.033008927 0.324878841 0.943960411
1561000956.486763477 167.717114 214.168557 1.560039 0.047893868 0.031127999 0.324669783 0.944101031
1561000956.588392258 166.574503 213.849330 1.549201 0.048051628 0.031300651 0.325186518 0.943909444
1561000956.687091112 165.445940 213.528776 1.532096 0.048645621 0.032213664 0.325088045 0.943882221
1561000956.788536072 164.299849 213.205413 1.520524 0.048517891 0.032903578 0.325300700 0.943791727
1561000956.887017727 163.184875 212.883173 1.513831 0.048572746 0.033249383 0.325676326 0.943647231
1561000956.988505363 162.052207 212.559542 1.506518 0.048856206 0.033289717 0.325916571 0.943548226
1561000957.088414669 160.938439 212.231517 1.497929 0.049023902 0.031684079 0.326169799 0.943507307
1561000957.187021732 159.833218 211.915500 1.484086 0.048478676 0.030289901 0.326499660 0.943467176
1561000957.288455248 158.700294 211.592073 1.472864 0.047956327 0.030037577 0.326833625 0.943386303
1561000957.388379097 157.586757 211.270049 1.457183 0.047744739 0.032037113 0.327374020 0.943143846
1561000957.488420963 156.474717 210.949120 1.447072 0.047473726 0.034065162 0.327764920 0.942950671
1561000957.588378429 155.382340 210.627852 1.445946 0.047297648 0.033109785 0.328127874 0.942867315
1561000957.687039614 154.298937 210.311495 1.438546 0.047451042 0.032209444 0.328325452 0.942822013
1561000957.788133144 153.197584 209.985437 1.430920 0.047344313 0.031168113 0.328632976 0.942755234
1561000957.889079094 152.094844 209.658490 1.422174 0.047738963 0.032200929 0.328766226 0.942654157
1561000957.988786459 151.022059 209.344353 1.417268 0.048040324 0.032934797 0.329065071 0.942509207
1561000958.090153933 149.940895 209.026544 1.407386 0.048363684 0.032764701 0.329841845 0.942227035
1561000958.188767672 148.867317 208.705694 1.404074 0.048341835 0.031980688 0.329785303 0.942274884
1561000958.290233135 147.778827 208.377034 1.396864 0.049164174 0.031810713 0.330357598 0.942037590
1561000958.389962673 146.720190 208.062162 1.383930 0.049615265 0.031523907 0.330566468 0.941950306
1561000958.489778042 145.667946 207.743376 1.371847 0.049742578 0.030407927 0.329933140 0.942202291
1561000958.591312885 144.604037 207.429400 1.364500 0.049049927 0.029011863 0.330033721 0.942247398
1561000958.689979792 143.573573 207.125186 1.352132 0.049603144 0.030526599 0.330045388 0.942166491
1561000958.791182995 142.547010 206.821440 1.338154 0.049596918 0.032182257 0.329793772 0.942199828
1561000958.891231060 141.540215 206.524062 1.333880 0.049104543 0.032825158 0.329880699 0.942173008
1561000958.991314650 140.533694 206.221915 1.324044 0.048946347 0.033393672 0.329152631 0.942415865
1561000959.091128826 139.549615 205.925761 1.324488 0.047831902 0.034787819 0.328969819 0.942486485
1561000959.189853430 138.564669 205.630477 1.338240 0.047352100 0.038221632 0.328906444 0.942399828
1561000959.292696953 137.569301 205.336559 1.351614 0.048930022 0.039289448 0.328435341 0.942439610
1561000959.391457558 136.639811 205.072922 1.351518 0.048619816 0.035311886 0.329644207 0.942191000
1561000959.491301537 135.694321 204.788241 1.348475 0.047504957 0.031441931 0.329362322 0.942483498
1561000959.591312647 134.750903 204.508734 1.345903 0.046535956 0.031105199 0.328615472 0.942803661
1561000959.689921856 133.810086 204.227637 1.332689 0.046313991 0.033308919 0.328347793 0.942832571
1561000959.791233540 132.903721 203.961353 1.324100 0.044853633 0.033571457 0.328626539 0.942796747
1561000959.891107559 131.997681 203.702944 1.320479 0.043532937 0.032576849 0.328433383 0.942960840
1561000959.989674091 131.102931 203.451008 1.315624 0.043062121 0.032799865 0.328498640 0.942951995
1561000960.090940475 130.224971 203.197005 1.305062 0.043849312 0.034468188 0.328071130 0.943005045
1561000960.189781189 129.370249 202.947493 1.302505 0.043987511 0.035572970 0.327588533 0.943125344
1561000960.291163206 128.500770 202.697413 1.299843 0.044225017 0.035479331 0.327723811 0.943070765
1561000960.391526222 127.635884 202.449653 1.290346 0.043877031 0.035162004 0.326769329 0.943430043
1561000960.491475821 126.771317 202.200972 1.293090 0.043714219 0.034064704 0.326427741 0.943596096
1561000960.591658831 125.917621 201.954613 1.297910 0.044125274 0.033165339 0.325118826 0.944060787
1561000960.690536022 125.074688 201.712157 1.300489 0.045954721 0.033150972 0.325185723 0.943950964
1561000960.791438580 124.235402 201.466896 1.299927 0.046830175 0.033456898 0.324778763 0.944037248
1561000960.891407728 123.397170 201.222164 1.289949 0.047394630 0.034868719 0.324090525 0.944194500
1561000960.990225315 122.591507 200.995247 1.286303 0.047906995 0.035499908 0.324042011 0.944161772
1561000961.090926886 121.774127 200.770782 1.281983 0.048078749 0.035267021 0.322847867 0.944570763
1561000961.189651489 120.970553 200.545682 1.279458 0.048123501 0.034920008 0.323592085 0.944326683
1561000961.291135073 120.152876 200.310161 1.284868 0.047597520 0.035204561 0.323656562 0.944320679
1561000961.392426968 119.357760 200.083296 1.283427 0.048609535 0.036152877 0.324214374 0.944041907
1561000961.492033958 118.562157 199.853107 1.278510 0.048909804 0.037089822 0.325047669 0.943703444
1561000961.592827797 117.783933 199.625972 1.274158 0.048419372 0.037232664 0.325117863 0.943698929
1561000961.692653179 117.003495 199.410814 1.274269 0.047861645 0.037154152 0.325133373 0.943725130
1561000961.791678667 116.214258 199.192722 1.281359 0.048346385 0.036530507 0.325047638 0.943754302
1561000961.891368389 115.405190 198.962012 1.282797 0.048939599 0.036878425 0.325299198 0.943623510
1561000961.992475271 114.604264 198.722819 1.274992 0.048955944 0.037866576 0.325291657 0.943586125
1561000962.092440605 113.812296 198.500215 1.278262 0.047564355 0.037162156 0.324457344 0.943972478
1561000962.191398144 113.052585 198.284609 1.283047 0.046784543 0.036633184 0.323737936 0.944279071
1561000962.284523726 112.321529 198.083606 1.292045 0.046839314 0.036239831 0.321907426 0.944917119
1561000962.384649754 111.547757 197.869975 1.291982 0.046854828 0.038231298 0.319918167 0.945513278
1561000962.483613014 110.783944 197.676890 1.293743 0.046804030 0.040005313 0.317540808 0.946243517
1561000962.584870100 110.038603 197.479559 1.310429 0.046811497 0.040276458 0.314187343 0.947350413
1561000962.683688641 109.296194 197.298462 1.318407 0.048685638 0.040689393 0.309128488 0.948901291
1561000962.784689188 108.572182 197.133966 1.333451 0.050599579 0.038834829 0.303555280 0.950676460
1561000962.884744883 107.863290 196.978559 1.341936 0.053463547 0.037499610 0.296506746 0.952795454
1561000962.984386444 107.155683 196.833869 1.341659 0.054737119 0.036097590 0.288214629 0.955318345
1561000963.084700346 106.462530 196.706516 1.347807 0.055555922 0.035054851 0.278548810 0.958172874
1561000963.183694601 105.773233 196.610271 1.359372 0.057460556 0.033382367 0.268047941 0.961110922
1561000963.284952402 105.089192 196.537434 1.361445 0.060380144 0.032850853 0.256463988 0.964106468
1561000963.384372950 104.418271 196.478490 1.362841 0.062218337 0.034234614 0.244246921 0.967109255
1561000963.485167742 103.761024 196.447706 1.377164 0.064224025 0.035677070 0.230133183 0.970381955
1561000963.585233450 103.139626 196.434602 1.390373 0.066981967 0.037039029 0.214389854 0.973744585
1561000963.683647394 102.516957 196.436901 1.403564 0.068266123 0.037030953 0.198719995 0.976974313
1561000963.784937859 101.870104 196.468792 1.419146 0.069274813 0.037584305 0.183068894 0.979935814
1561000963.884650707 101.229256 196.530144 1.429234 0.069918742 0.038760529 0.165748888 0.982922325
1561000963.983434916 100.596690 196.616805 1.452805 0.070225075 0.039452023 0.148074187 0.985690627
1561000964.084925890 99.962513 196.719885 1.477840 0.070924345 0.040196717 0.130639890 0.988072457
1561000964.183969259 99.353383 196.854253 1.506914 0.072538909 0.040561802 0.112494659 0.990170591
1561000964.285007715 98.740349 197.015563 1.530439 0.073041581 0.041093585 0.094289797 0.992010927
1561000964.385648012 98.131791 197.196768 1.558086 0.072454380 0.041383399 0.076051172 0.993606560
1561000964.484849691 97.512925 197.411791 1.586426 0.071666050 0.041261750 0.057501059 0.994914606
1561000964.584822893 96.915749 197.640162 1.618529 0.070786367 0.041044176 0.040168117 0.995836929
1561000964.683777809 96.355687 197.878981 1.658745 0.070619755 0.040539746 0.021555669 0.996446051
1561000964.783824682 95.795242 198.149202 1.702759 0.071125503 0.040847994 0.002783046 0.996626740
1561000964.884946346 95.243736 198.435411 1.735062 0.072436333 0.041828753 -0.015966484 0.996367605
1561000964.984812975 94.724513 198.719507 1.765562 0.072645955 0.042878280 -0.035952685 0.995786836
1561000965.085591793 94.202219 199.037991 1.803689 0.071854552 0.044968228 -0.054613442 0.994903088
1561000965.183646679 93.709177 199.377479 1.855546 0.072093114 0.044639367 -0.073734591 0.993666503
1561000965.284957170 93.215223 199.759878 1.903310 0.073355077 0.044040028 -0.092875375 0.991994795
1561000965.384976149 92.749962 200.146465 1.945874 0.074736849 0.042684240 -0.110918548 0.990095720
1561000965.483543396 92.293766 200.535725 1.979879 0.074043798 0.042209228 -0.129430184 0.987918886
1561000965.584986448 91.834282 200.951934 2.021330 0.071850086 0.044788629 -0.148472636 0.985285451
1561000965.684486866 91.419890 201.384580 2.078433 0.071761876 0.045783349 -0.166680993 0.982329662
1561000965.785499334 91.018139 201.831655 2.138700 0.074198571 0.043302485 -0.186363604 0.978717566
1561000965.884537458 90.613273 202.279439 2.189077 0.078461784 0.038554512 -0.204711127 0.974910587
1561000965.983076572 90.227395 202.747494 2.223916 0.078222164 0.033879799 -0.222105298 0.971289189
1561000966.084619522 89.855616 203.257606 2.251134 0.075664491 0.033009146 -0.238786104 0.967556964
1561000966.183230400 89.510602 203.760155 2.296212 0.074693110 0.035466505 -0.257634390 0.962698077
1561000966.284712315 89.186704 204.292850 2.351068 0.078077642 0.037216616 -0.275764695 0.957325774
1561000966.384607792 88.881016 204.821320 2.394187 0.082066408 0.036696471 -0.292580172 0.952005944
1561000966.483518124 88.594995 205.355631 2.435150 0.079255998 0.036257993 -0.308960050 0.947073140
1561000966.585576057 88.288009 205.933222 2.462343 0.073272087 0.036641477 -0.324312530 0.942395876
1561000966.683497667 88.053160 206.494418 2.507929 0.067028633 0.036839595 -0.339325395 0.937554416
1561000966.784542799 87.829882 207.096947 2.564156 0.064527367 0.036698033 -0.353882043 0.932339516
1561000966.884462595 87.610463 207.681350 2.611151 0.066682231 0.037281602 -0.367199427 0.926999538
1561000966.983263731 87.394075 208.287270 2.655588 0.068497003 0.038668171 -0.378442409 0.922276681
1561000967.084389925 87.190107 208.905448 2.686965 0.067142761 0.040830994 -0.387722172 0.918420490
1561000967.183247328 86.998996 209.516738 2.729145 0.063137128 0.041453938 -0.395133598 0.915513361
1561000967.284685612 86.819199 210.159218 2.777486 0.059717898 0.040780026 -0.399844149 0.913726118
1561000967.384592533 86.621373 210.795122 2.834610 0.058134960 0.039898456 -0.405689946 0.911287061
1561000967.483224154 86.409934 211.442292 2.889786 0.061297469 0.038333743 -0.410129263 0.909157375
1561000967.584946394 86.215916 212.090459 2.924942 0.065898136 0.039545687 -0.413353503 0.907321584
1561000967.683718204 86.014791 212.726151 2.958946 0.067299165 0.041182800 -0.416313097 0.905791479
1561000967.784705877 85.809753 213.362422 2.983047 0.064102952 0.043351859 -0.419655459 0.904378639
1561000967.884687185 85.638656 214.005487 3.034264 0.057843438 0.043918756 -0.421746494 0.903800406
1561000967.984691620 85.472984 214.672644 3.093365 0.056489494 0.040950455 -0.423035327 0.903422996
1561000968.084750652 85.283122 215.353907 3.158459 0.058661027 0.035822252 -0.424681155 0.902730063
1561000968.183260441 85.081891 216.026992 3.187229 0.062729171 0.035031517 -0.425747042 0.901985199
1561000968.284327745 84.885977 216.695321 3.211509 0.062929131 0.038245013 -0.427496072 0.901012959
1561000968.383413315 84.716674 217.359067 3.258151 0.061239355 0.042043186 -0.429302939 0.900100605
1561000968.483355999 84.537580 218.052037 3.316379 0.060961570 0.042605932 -0.429852604 0.899830628
1561000968.584438324 84.358086 218.750652 3.369647 0.062213191 0.041220333 -0.431110442 0.899207534
1561000968.683402777 84.161234 219.431850 3.424710 0.062771434 0.039977185 -0.431007794 0.899274070
1561000968.784822464 83.951107 220.122072 3.470676 0.064079144 0.039656431 -0.431686331 0.898870481
1561000968.885429621 83.758289 220.827948 3.517495 0.062845451 0.039817036 -0.431754030 0.898917966
1561000968.983834982 83.576783 221.509728 3.561297 0.060789607 0.040914503 -0.431577718 0.899094711
1561000969.084949970 83.390771 222.226527 3.607647 0.060037482 0.041192766 -0.431919178 0.898968565
1561000969.183634043 83.197048 222.928195 3.658819 0.060140205 0.040043455 -0.432019044 0.898965641
1561000969.283847332 83.003840 223.660327 3.715556 0.061456247 0.038745869 -0.431190263 0.899331332
1561000969.383179426 82.800556 224.379733 3.759069 0.062295721 0.039633596 -0.431651969 0.899013348
1561000969.484140873 82.595998 225.131201 3.813933 0.062420618 0.039528466 -0.431730611 0.898971549
1561000969.584017515 82.398923 225.847106 3.864557 0.063349203 0.039656864 -0.431072131 0.899216898
1561000969.683040142 82.197882 226.584456 3.912730 0.063274006 0.039483935 -0.430915354 0.899304941
1561000969.784004211 81.998577 227.336627 3.959809 0.062567925 0.039329198 -0.430862425 0.899386480
1561000969.883886576 81.793233 228.084452 4.003993 0.062004562 0.039423727 -0.430873704 0.899415952
1561000969.984343052 81.592571 228.846486 4.060852 0.061779061 0.039073237 -0.431178225 0.899300822
1561000970.084389687 81.383254 229.600343 4.113446 0.062683819 0.039411467 -0.430871177 0.899370615
1561000970.183631182 81.166931 230.355801 4.168322 0.064430107 0.039892432 -0.431421447 0.898962119
1561000970.284636497 80.953812 231.129120 4.222360 0.064711462 0.040552148 -0.431129552 0.899052423
1561000970.384439945 80.746129 231.881667 4.269647 0.063423306 0.041211688 -0.430428896 0.899449858
1561000970.485275269 80.535675 232.652983 4.330714 0.062290547 0.038963739 -0.430781418 0.899460441
1561000970.584341288 80.325470 233.421225 4.391966 0.061899610 0.038055376 -0.430364780 0.899725727
1561000970.684443235 80.109780 234.180837 4.449203 0.062640848 0.038179464 -0.430417721 0.899643839
1561000970.784308672 79.898634 234.929217 4.505832 0.063806063 0.039417107 -0.429891212 0.899760314
1561000970.883879185 79.695630 235.684382 4.559771 0.064291209 0.039491477 -0.429166319 0.900068517
1561000970.983227730 79.486316 236.422003 4.613350 0.063214201 0.038401170 -0.427916614 0.900786704
1561000971.084427357 79.271205 237.175465 4.668213 0.061996904 0.036176007 -0.427334200 0.901239792
1561000971.183258295 79.051499 237.910751 4.721404 0.062937650 0.035249631 -0.425874184 0.901902154
1561000971.284656525 78.834536 238.660281 4.769484 0.064890460 0.036101743 -0.424393030 0.902428085
1561000971.383232355 78.615539 239.390783 4.815838 0.065397150 0.038821989 -0.423085511 0.902892417
1561000971.483886957 78.397212 240.124390 4.871706 0.066188382 0.039361519 -0.421579326 0.903515711
1561000971.585474491 78.173060 240.854631 4.930686 0.066602961 0.037331281 -0.419934099 0.904337201
1561000971.684720755 77.944046 241.568933 4.984680 0.066067648 0.034727487 -0.417953162 0.905397273
1561000971.785248280 77.707229 242.291918 5.027377 0.064621363 0.033941494 -0.416079460 0.906393919
1561000971.884037495 77.476394 243.005582 5.085626 0.064651626 0.033107674 -0.413443926 0.907627770
1561000971.985054255 77.240269 243.716691 5.143780 0.066215973 0.031892067 -0.410345692 0.908963560
1561000972.085093737 76.993222 244.412693 5.191193 0.068246429 0.031928179 -0.406989313 0.910320117
1561000972.183376312 76.757785 245.070616 5.244014 0.070285041 0.032010742 -0.402602785 0.912110916
1561000972.285013199 76.514828 245.732724 5.285248 0.070666462 0.033738277 -0.397680535 0.914176226
1561000972.383723259 76.259053 246.380313 5.329679 0.069587797 0.034758678 -0.392823845 0.916318067
1561000972.485286236 76.005459 247.023305 5.374723 0.067418321 0.035725065 -0.386154027 0.919273385
1561000972.585299015 75.751756 247.644841 5.423351 0.064721669 0.036213251 -0.379449492 0.922235213
1561000972.685008764 75.483186 248.254285 5.473203 0.062592355 0.036209284 -0.371758621 0.925508840
1561000972.785479307 75.189714 248.865772 5.522821 0.063928333 0.035754440 -0.362693193 0.929025530
1561000972.884397268 74.892779 249.445314 5.577789 0.065500515 0.036192630 -0.352679628 0.932746941
1561000972.985361814 74.588515 250.006328 5.621483 0.067008100 0.038432289 -0.342193052 0.936449031
1561000973.085532427 74.289179 250.544737 5.664145 0.066561974 0.040949779 -0.329526144 0.940906552
1561000973.183577061 73.973075 251.058183 5.701373 0.065761628 0.042545210 -0.316698507 0.945286924
1561000973.283831596 73.636212 251.581027 5.748243 0.064628995 0.041043602 -0.302125443 0.950188788
1561000973.383857250 73.289465 252.061161 5.788229 0.064162516 0.039370022 -0.286981526 0.954973705
1561000973.483830929 72.922094 252.519443 5.825228 0.064457533 0.037498247 -0.270472928 0.959835144
1561000973.584774017 72.541379 252.962477 5.857742 0.064548358 0.037327603 -0.253377190 0.964489585
1561000973.683710814 72.159664 253.381219 5.890240 0.064375892 0.038136484 -0.234152747 0.969316173
1561000973.785025597 71.760652 253.795244 5.926962 0.064437366 0.038982603 -0.213634915 0.974006317
1561000973.883437157 71.369665 254.154844 5.959269 0.064122197 0.040212174 -0.193298219 0.978216297
1561000973.985337496 70.952204 254.510726 5.991360 0.064506738 0.040580958 -0.173216243 0.981930853
1561000974.085320950 70.538904 254.820706 6.029990 0.065448451 0.040297104 -0.151137239 0.985520258
1561000974.183490753 70.111907 255.100342 6.059538 0.065622845 0.040437552 -0.129813061 0.988537817
1561000974.285704136 69.665140 255.378852 6.072186 0.064197835 0.041028760 -0.106766966 0.991360728
1561000974.384006262 69.235053 255.604237 6.082703 0.060557092 0.039837355 -0.083946702 0.993830355
1561000974.485372782 68.779852 255.823127 6.090336 0.056561660 0.041268545 -0.059809671 0.995751219
1561000974.586887360 68.340220 256.007810 6.126975 0.054504719 0.040562093 -0.034074903 0.997107243
1561000974.685586214 67.902845 256.184206 6.179455 0.057230918 0.039284020 -0.008811557 0.997548868
1561000974.786907196 67.444058 256.331670 6.218240 0.062415418 0.039550166 0.018372535 0.997097061
1561000974.885524750 66.982992 256.445507 6.225084 0.064918253 0.041196949 0.045359576 0.996007500
1561000974.985458374 66.504216 256.522610 6.209683 0.063410493 0.043430600 0.073436300 0.994333949
1561000975.087263584 66.038920 256.572661 6.197925 0.057957949 0.044850909 0.101484562 0.992134142
1561000975.186519623 65.576240 256.630518 6.219720 0.055884573 0.042736959 0.129070215 0.989136667
1561000975.287033558 65.088103 256.627017 6.246423 0.057799939 0.039385785 0.156720975 0.985163166
1561000975.385408640 64.626264 256.618205 6.278794 0.062015717 0.033517988 0.184384715 0.980322841
1561000975.487001896 64.154127 256.598758 6.279585 0.064308323 0.031560553 0.212210255 0.974594879
1561000975.587198019 63.703491 256.519428 6.282098 0.067795081 0.030971575 0.239887918 0.967935109
1561000975.685003996 63.268413 256.407845 6.264242 0.069932628 0.034529074 0.266927559 0.960555490
1561000975.786659002 62.823620 256.245455 6.242542 0.067444387 0.038849932 0.293799299 0.952692977
1561000975.885049582 62.389790 256.083156 6.236889 0.064118292 0.041957658 0.319901675 0.944347033
1561000975.985083580 61.962586 255.902151 6.241482 0.060101891 0.043094099 0.345846585 0.935372012
1561000976.086943388 61.542021 255.717362 6.250865 0.056165981 0.042562950 0.370895317 0.925996999
1561000976.187207937 61.142999 255.527132 6.257717 0.058778250 0.041988967 0.395606337 0.915575049
1561000976.287299633 60.748514 255.268259 6.258915 0.063841823 0.040370103 0.418656574 0.904997873
1561000976.385954142 60.380675 254.994057 6.245764 0.068473783 0.040558624 0.440926465 0.894007937
1561000976.485713482 60.005636 254.669948 6.208252 0.068181620 0.041396956 0.463636577 0.882427721
1561000976.587063551 59.653005 254.366027 6.182295 0.063765784 0.040731703 0.483006730 0.872341305
1561000976.685241222 59.321295 254.049430 6.159865 0.058427911 0.039290487 0.500055620 0.863126186
1561000976.787432194 58.945649 253.734659 6.158494 0.054747555 0.037795184 0.518668136 0.852383478
1561000976.885406971 58.605510 253.401778 6.154133 0.055105152 0.038089015 0.534075639 0.842778655
1561000976.988823652 58.270334 253.029684 6.139904 0.056375395 0.038657134 0.548455051 0.833381364
1561000977.088373184 57.957894 252.654526 6.118661 0.056967718 0.038883352 0.562799525 0.823710786
1561000977.188319206 57.649909 252.297955 6.095335 0.055318248 0.038015382 0.577406865 0.813692838
1561000977.288352728 57.335698 251.906711 6.083230 0.054516856 0.037862498 0.590289781 0.804457779
1561000977.387111187 57.044220 251.500111 6.063968 0.054481260 0.038964914 0.600163243 0.797068134
1561000977.488684177 56.762031 251.082422 6.054146 0.057422704 0.039873144 0.608509147 0.790461500
1561000977.589176416 56.466071 250.657867 6.022681 0.058053643 0.041995269 0.616132277 0.784376943
1561000977.688554764 56.173152 250.229145 5.989933 0.057908316 0.043317324 0.622088535 0.779599956
1561000977.788650036 55.884326 249.789202 5.958699 0.055503273 0.043401737 0.627128615 0.775722487
1561000977.886802435 55.575894 249.326863 5.937670 0.055550628 0.041787022 0.631365214 0.772363864
1561000977.988249302 55.256211 248.868197 5.915973 0.056133012 0.040858728 0.635017580 0.769371381
1561000978.088636637 54.945229 248.391034 5.896043 0.057426661 0.039509465 0.639296194 0.765794723
1561000978.187677383 54.640947 247.899280 5.869764 0.058912571 0.039037502 0.641767320 0.763636098
1561000978.288118839 54.339225 247.388828 5.837639 0.059501995 0.039222062 0.644602724 0.761188853
1561000978.386617661 54.031195 246.896906 5.808379 0.058650068 0.039787824 0.647347795 0.758892569
1561000978.487805843 53.733763 246.405806 5.775296 0.058070984 0.039817663 0.649918689 0.756735101
1561000978.587914228 53.444435 245.897710 5.747463 0.056450181 0.039591245 0.652252597 0.754859232
1561000978.687939882 53.140140 245.411646 5.718550 0.055156920 0.039856412 0.655099178 0.752472091
1561000978.788264513 52.849510 244.923136 5.694211 0.055228968 0.038992048 0.657459570 0.750450728
1561000978.886841297 52.534471 244.409904 5.663088 0.056043107 0.038810313 0.659116065 0.748945220
1561000978.988387108 52.233813 243.883973 5.632770 0.056961875 0.038898068 0.660480057 0.747668629
1561000979.086934328 51.932982 243.351308 5.596811 0.056165212 0.038635078 0.662097778 0.746310480
1561000979.187030792 51.621180 242.794789 5.559710 0.054107906 0.039231338 0.664070083 0.744677220
1561000979.287875175 51.307948 242.253075 5.532681 0.053009227 0.038831863 0.665817158 0.743215729
1561000979.386244774 50.990934 241.691669 5.501770 0.053069529 0.038135557 0.667200938 0.742005534
1561000979.487649918 50.669439 241.126955 5.471374 0.054262935 0.037296938 0.668870487 0.740457119
1561000979.588452578 50.359138 240.550776 5.436389 0.054180465 0.036377498 0.670617377 0.738927255
1561000979.686301947 50.038250 239.976061 5.398561 0.052931096 0.036451812 0.672307051 0.737477318
1561000979.789393663 49.695372 239.360767 5.359832 0.051777880 0.036967003 0.673861567 0.736113496
1561000979.888055325 49.398242 238.757702 5.319584 0.051288594 0.037427115 0.674580837 0.735465421
1561000979.989781141 49.080491 238.139889 5.294454 0.051458698 0.040125769 0.676542104 0.733507127
1561000980.088529825 48.760663 237.524052 5.292496 0.051415957 0.047552350 0.676968052 0.732672798
1561000980.190017700 48.456480 236.921458 5.279912 0.050699850 0.055299609 0.678458614 0.730797775
1561000980.290025949 48.145772 236.342230 5.254161 0.050412701 0.057025877 0.680141621 0.729118635
1561000980.388288260 47.835401 235.770153 5.191884 0.050507609 0.051247291 0.681423976 0.728343368
1561000980.489541292 47.500607 235.195148 5.121119 0.047694201 0.046149319 0.682419161 0.727942026
1561000980.589478970 47.171351 234.581808 5.045448 0.050096962 0.030622337 0.683095404 0.727965133
1561000980.688309193 46.829552 233.910915 5.028853 0.057298690 0.020241377 0.683509944 0.727407247
1561000980.789653301 46.489294 233.200411 5.004697 0.059225915 0.026124316 0.683282141 0.727279401
1561000980.888385773 46.168113 232.521624 4.985313 0.057230226 0.034851952 0.684357942 0.726060776
1561000980.989814758 45.835608 231.866876 4.938456 0.049420443 0.042512581 0.685098947 0.725527210
1561000981.088310719 45.504663 231.257636 4.910995 0.048660775 0.042361797 0.685948512 0.724784275
1561000981.188538790 45.175222 230.631712 4.871923 0.050888309 0.040341892 0.686547788 0.724178878
1561000981.289541245 44.847850 229.962108 4.818389 0.054563453 0.037877471 0.686809813 0.723795833
1561000981.388079643 44.517466 229.315732 4.758304 0.054047072 0.038760238 0.687263965 0.723356621
1561000981.489538670 44.172851 228.616870 4.702962 0.051417522 0.039617363 0.687012248 0.723740888
1561000981.590112925 43.836983 227.946679 4.661096 0.048926121 0.040397604 0.687200263 0.723691970
1561000981.690110922 43.495743 227.275093 4.626001 0.047750086 0.040564070 0.686926245 0.724021284
1561000981.791241646 43.148602 226.586325 4.590728 0.047723873 0.039370114 0.686313078 0.724670121
1561000981.890524149 42.794496 225.899504 4.554784 0.048940842 0.038328037 0.686219389 0.724733541
1561000981.991343975 42.443353 225.202703 4.514480 0.048959653 0.037264308 0.685912220 0.725078444
1561000982.089827299 42.082798 224.519002 4.468810 0.048986462 0.037500252 0.685204424 0.725733392
1561000982.190962315 41.710375 223.819363 4.417084 0.048022773 0.037424139 0.683634295 0.727280825
1561000982.290940762 41.355002 223.128092 4.382835 0.046956871 0.036432305 0.682864816 0.728123191
1561000982.389489651 40.992785 222.460653 4.351785 0.048514483 0.036541058 0.681221297 0.729553727
1561000982.491021633 40.641071 221.773126 4.312996 0.049808018 0.035769557 0.681358218 0.729376911
1561000982.591684818 40.278245 221.103892 4.270149 0.051883582 0.035044269 0.679479242 0.731018435
1561000982.692216396 39.927520 220.434564 4.218724 0.052975901 0.034613787 0.677608455 0.732695176
1561000982.792111158 39.567245 219.755782 4.173677 0.053270042 0.034434038 0.674560055 0.735489859
1561000982.891155481 39.205302 219.097678 4.125370 0.052669535 0.035311097 0.672964188 0.736951999
1561000982.992078066 38.825764 218.450765 4.087663 0.053274219 0.035893100 0.670059326 0.739522848
1561000983.091119051 38.461547 217.805695 4.052080 0.054552792 0.035426507 0.666689178 0.742492084
1561000983.192522049 38.068571 217.154099 4.006380 0.056236193 0.035138481 0.662958134 0.745713947
1561000983.292391062 37.675674 216.510103 3.966080 0.057567447 0.033957563 0.658940908 0.749219429
1561000983.391312599 37.288775 215.880467 3.922862 0.060016893 0.034659198 0.653990861 0.753321091
1561000983.492416382 36.874215 215.247359 3.879504 0.061258824 0.035123233 0.648710662 0.757752065
1561000983.591967583 36.460315 214.641293 3.834992 0.061355650 0.036720655 0.642811082 0.762680136
1561000983.691625118 36.029964 214.043563 3.796436 0.061452226 0.037891561 0.637573630 0.766999165
1561000983.792779207 35.594458 213.452840 3.760787 0.062044390 0.038023562 0.630984672 0.772374939
1561000983.892564774 35.151770 212.871583 3.727710 0.062684066 0.039028883 0.624648152 0.777407320
1561000983.992566824 34.708617 212.285610 3.694808 0.064418182 0.040327252 0.617220838 0.783110751
1561000984.091455460 34.249457 211.729924 3.666967 0.063464073 0.042964965 0.611174630 0.787776551
1561000984.192534924 33.775162 211.177136 3.645012 0.062511924 0.044905759 0.604100401 0.793182474
1561000984.292322159 33.293035 210.646871 3.615630 0.062125702 0.044454947 0.596816394 0.798732963
1561000984.390987635 32.808744 210.119377 3.587143 0.062048101 0.041883006 0.589464615 0.804317919
1561000984.492233753 32.297453 209.594298 3.547581 0.059561590 0.040261257 0.582026171 0.809985793
1561000984.591433525 31.793774 209.078327 3.541287 0.053665111 0.045425699 0.575626505 0.814684410
1561000984.692344427 31.272774 208.583969 3.548829 0.049818584 0.054517848 0.567828219 0.819827437
1561000984.792350292 30.764135 208.116692 3.551986 0.048271153 0.058572405 0.560269844 0.824825358
1561000984.891396523 30.246797 207.679770 3.522167 0.047487515 0.053895802 0.553546318 0.829714802
1561000984.992465496 29.703435 207.227051 3.466913 0.045313959 0.042194566 0.544672949 0.836359756
1561000985.084165573 29.164988 206.795705 3.423537 0.044602912 0.022299704 0.537631808 0.841703833
1561000985.183871031 28.579994 206.307433 3.414134 0.042818685 0.020304499 0.529486393 0.846993770
1561000985.284285784 28.017367 205.854944 3.421583 0.045561294 0.028851307 0.521994347 0.851242428
1561000985.382882357 27.490364 205.443324 3.405962 0.046552387 0.039634575 0.514657862 0.855212992
1561000985.484081984 26.914953 205.043715 3.384970 0.043678156 0.057004750 0.505714874 0.859706428
1561000985.582893133 26.351195 204.685249 3.391915 0.040524598 0.055109331 0.496442357 0.865370270
1561000985.683883667 25.759734 204.322883 3.396302 0.042983842 0.046898227 0.487523095 0.870789399
1561000985.784226894 25.143303 203.948334 3.394024 0.046947553 0.040865940 0.478831465 0.875697625
1561000985.883246899 24.538379 203.568320 3.394751 0.051277703 0.043098962 0.470129893 0.880051680
1561000985.985223293 23.912805 203.187427 3.381871 0.054020481 0.047180453 0.461676835 0.884143819
1561000986.083473206 23.295917 202.831683 3.362346 0.054577247 0.049713342 0.453872098 0.888003393
1561000986.184447289 22.662976 202.488278 3.352713 0.053758218 0.049918895 0.444890745 0.892575141
1561000986.284831047 22.014011 202.170427 3.360006 0.055477817 0.048248144 0.435963002 0.896956292
1561000986.383036375 21.345623 201.863252 3.368634 0.059191204 0.046549245 0.427145813 0.901041632
1561000986.484928131 20.669718 201.541654 3.373016 0.061950795 0.046728236 0.418825166 0.904745296
1561000986.583189249 19.999632 201.238871 3.367199 0.063995220 0.048275040 0.409916539 0.908593729
1561000986.684993267 19.299060 200.941961 3.361950 0.064666506 0.051325440 0.401929774 0.911941006
1561000986.785318375 18.604071 200.664055 3.363028 0.063144250 0.051485381 0.394263789 0.915378678
1561000986.883500099 17.906572 200.411465 3.375131 0.061407273 0.050854342 0.387910729 0.918241934
1561000986.985196352 17.159014 200.147873 3.389983 0.059834744 0.048165299 0.383051414 0.920527850
1561000987.083924770 16.432740 199.896235 3.395817 0.059717941 0.046170641 0.378321313 0.922591472
1561000987.185717106 15.689095 199.636098 3.397395 0.060497457 0.045564997 0.374552424 0.924107337
1561000987.285920620 14.951078 199.390708 3.405609 0.061512999 0.046272275 0.370879502 0.925485506
1561000987.385387421 14.221352 199.159887 3.415619 0.062006770 0.049027021 0.368855145 0.926119535
1561000987.485305071 13.472907 198.908251 3.422848 0.063063649 0.052002791 0.366719465 0.926733791
1561000987.583402872 12.722570 198.657387 3.428620 0.064070839 0.054082828 0.364989043 0.927228652
1561000987.685040474 11.961824 198.407940 3.437908 0.063812856 0.053526681 0.363165639 0.927994360
1561000987.785009384 11.194769 198.149044 3.450144 0.063043752 0.051816264 0.361310796 0.928867627
1561000987.884857893 10.435019 197.893865 3.461745 0.063561489 0.049202609 0.359531695 0.929664456
1561000987.984787703 9.663166 197.639956 3.462395 0.063704150 0.049364984 0.358346470 0.930103590
1561000988.083253622 8.876084 197.388744 3.472011 0.063012514 0.050613794 0.357225152 0.930514835
1561000988.185073614 8.091903 197.145885 3.484482 0.062907028 0.053160028 0.355927284 0.930877267
1561000988.285442114 7.311961 196.896671 3.505170 0.063215845 0.054254421 0.354577221 0.931308332
1561000988.383557320 6.532724 196.648183 3.527498 0.064872305 0.053640402 0.353092571 0.931793930
1561000988.485218763 5.726264 196.397205 3.544510 0.065676442 0.053167939 0.352153896 0.932119847
1561000988.583676338 4.938529 196.147975 3.559013 0.066194118 0.052131880 0.351347926 0.932445838
1561000988.683475494 4.133080 195.892641 3.569423 0.064605759 0.052272032 0.351279759 0.932575070
1561000988.785039425 3.307707 195.632463 3.579044 0.062985978 0.052816647 0.351640925 0.932519077
1561000988.883289576 2.506400 195.389534 3.597555 0.061964055 0.052835464 0.352675302 0.932195795
1561000988.985238075 1.674764 195.133639 3.616508 0.061573305 0.053696625 0.353277469 0.931944435
1561000989.083656311 0.857358 194.880072 3.634303 0.061482483 0.053696985 0.354564609 0.931461473
1561000989.185331106 0.020857 194.608014 3.656699 0.061884547 0.053648916 0.355468120 0.931093181
1561000989.286571503 -0.805205 194.339422 3.673458 0.062344949 0.053567093 0.356369208 0.930722655
1561000989.385462523 -1.626354 194.072568 3.681447 0.061546807 0.053229610 0.357463491 0.930375436
1561000989.486038208 -2.466293 193.803062 3.691801 0.061395672 0.051672794 0.358388008 0.930117482
1561000989.584698200 -3.299538 193.532662 3.701035 0.060431903 0.049658371 0.358945816 0.930075229
1561000989.686309338 -4.160030 193.256288 3.706201 0.059665352 0.048902008 0.359653458 0.929891408
1561000989.786310673 -5.013354 192.981087 3.710651 0.058676426 0.048824338 0.360268093 0.929720476
1561000989.889426708 -5.871910 192.683488 3.715715 0.056821159 0.049353725 0.361067198 0.929497738
1561000989.987965345 -6.715219 192.410894 3.728697 0.056535849 0.050687564 0.361752087 0.929176999
1561000990.086600065 -7.572996 192.123848 3.739399 0.056006467 0.051933928 0.362632725 0.928796883
1561000990.188046932 -8.449546 191.838121 3.747632 0.055484638 0.053555687 0.362315883 0.928859755
1561000990.287778616 -9.306928 191.561186 3.763128 0.055113777 0.054967120 0.362790566 0.928614071
1561000990.386688471 -10.165559 191.271679 3.785655 0.054952032 0.055874511 0.363112935 0.928443487
1561000990.487400770 -11.045872 190.975568 3.810055 0.055573133 0.056255131 0.363298143 0.928311072
1561000990.587490559 -11.911406 190.673469 3.834056 0.056744209 0.056455884 0.363493949 0.928151376
1561000990.687641859 -12.784758 190.378572 3.856313 0.058079654 0.056639628 0.363639899 0.928000394
1561000990.787621737 -13.658319 190.083909 3.883308 0.060468987 0.057105495 0.363631405 0.927822540
1561000990.889230490 -14.545948 189.775042 3.887462 0.059402349 0.057006557 0.363817344 0.927824635
1561000990.989285946 -15.426655 189.482249 3.918755 0.060745935 0.055212777 0.363847634 0.927834242
1561000991.087842226 -16.311743 189.184263 3.941626 0.063131261 0.055130189 0.363704499 0.927736031
1561000991.188971281 -17.204300 188.873966 3.952389 0.063756342 0.056416150 0.363727175 0.927607077
1561000991.287661314 -18.091594 188.575793 3.963883 0.063482738 0.057185902 0.364089783 0.927436437
1561000991.389013767 -18.988146 188.282668 3.989069 0.063806726 0.054919539 0.363890493 0.927629374
1561000991.489376545 -19.874476 187.982099 4.005002 0.064020710 0.052179199 0.364126808 0.927680089
1561000991.587658882 -20.769390 187.680084 4.013964 0.063614390 0.050319036 0.364324832 0.927733055
1561000991.688919544 -21.683856 187.366923 4.022048 0.063439551 0.050180317 0.364145786 0.927822831
1561000991.789043665 -22.590344 187.055888 4.035118 0.063249559 0.050202446 0.364141499 0.927836287
1561000991.888275623 -23.487478 186.757471 4.045162 0.063012955 0.050860366 0.363963717 0.927886310
1561000991.989172459 -24.395329 186.452445 4.055949 0.062260636 0.050947108 0.363825591 0.927986500
1561000992.087741375 -25.285977 186.159565 4.065429 0.061146226 0.051010131 0.363557962 0.928162008
1561000992.188979387 -26.206871 185.847787 4.077431 0.060951264 0.051030987 0.363635409 0.928143346
1561000992.288805962 -27.104380 185.541626 4.095376 0.061992376 0.051287887 0.363698788 0.928035392
1561000992.387846947 -27.998818 185.242898 4.111344 0.063056071 0.051792362 0.363877611 0.927865598
1561000992.488774538 -28.913492 184.934909 4.130416 0.064488796 0.053059880 0.363553787 0.927822445
1561000992.589710236 -29.817791 184.626124 4.146486 0.065598688 0.054445112 0.363608501 0.927642927
1561000992.688680887 -30.713139 184.321248 4.165603 0.066005716 0.055201216 0.363589344 0.927576876
1561000992.788914442 -31.602389 184.016893 4.183714 0.066270167 0.055274831 0.363694062 0.927512581
1561000992.887718201 -32.487262 183.712688 4.206834 0.065327900 0.055166582 0.363532593 0.927649162
1561000992.989260674 -33.393713 183.413874 4.224827 0.064873419 0.055344814 0.363309469 0.927757846
1561000993.089370012 -34.271192 183.117088 4.247722 0.064373897 0.055189802 0.362701201 0.928039830
1561000993.189116478 -35.143501 182.831688 4.261948 0.064895736 0.056261521 0.363139975 0.927767505
1561000993.288225889 -36.016041 182.533280 4.287293 0.064255777 0.055304664 0.362221119 0.928228663
1561000993.387355804 -36.887399 182.250109 4.311554 0.064378666 0.055270248 0.362272908 0.928201986
1561000993.488828182 -37.769246 181.957135 4.331016 0.065234420 0.055386532 0.361737335 0.928344173
1561000993.587410450 -38.620383 181.670151 4.352809 0.064286678 0.056332005 0.361550381 0.928426222
1561000993.688840628 -39.497888 181.371235 4.378242 0.063835072 0.057190755 0.360869705 0.928669671
1561000993.788255453 -40.341799 181.088858 4.404905 0.065297572 0.058003774 0.360910336 0.928501760
1561000993.887538671 -41.202536 180.806003 4.433715 0.066238959 0.056919259 0.360295187 0.928741071
1561000993.988674641 -42.058861 180.522032 4.451117 0.065862137 0.055354831 0.360563164 0.928758433
1561000994.087204456 -42.910078 180.244090 4.465759 0.065387532 0.054126993 0.359570240 0.929249150
1561000994.188621759 -43.773776 179.953482 4.481426 0.064046679 0.055046112 0.359283567 0.929399412
1561000994.288608789 -44.628778 179.678423 4.512358 0.064306437 0.056195067 0.359689008 0.929155861
1561000994.387563944 -45.467329 179.398427 4.541309 0.065734282 0.059009570 0.360054506 0.928739806
1561000994.488898277 -46.313578 179.114465 4.568646 0.066295247 0.062479776 0.360315443 0.928371693
1561000994.590086699 -47.156450 178.836125 4.597099 0.066083240 0.064273349 0.360983289 0.928004853
1561000994.688959599 -47.972940 178.558581 4.633578 0.065142034 0.062130477 0.361506018 0.928013856
1561000994.788121223 -48.806399 178.284273 4.657203 0.064072774 0.057923660 0.362142664 0.928112181
1561000994.887884140 -49.649981 178.002470 4.677401 0.062973641 0.054441885 0.362410566 0.928293587
1561000994.989195108 -50.486745 177.722583 4.697106 0.062761280 0.052027740 0.362899742 0.928255306
1561000995.088314056 -51.323668 177.441405 4.700636 0.062682377 0.052865868 0.363382535 0.928024382
1561000995.189236164 -52.155253 177.151193 4.713434 0.061521875 0.054307436 0.363701092 0.927894001
1561000995.287747622 -52.973002 176.884465 4.748534 0.061241350 0.058817108 0.363904639 0.927557792
1561000995.390610695 -53.789039 176.612415 4.780371 0.061023922 0.065500708 0.363816912 0.927158559
1561000995.492012739 -54.586488 176.338383 4.809807 0.059857095 0.067045906 0.364212565 0.926968814
1561000995.591069937 -55.399385 176.054784 4.838386 0.060752161 0.059184948 0.364551097 0.927312684
1561000995.691839933 -56.222208 175.764115 4.854547 0.063226053 0.047099383 0.364372890 0.927909754
1561000995.791187286 -57.053101 175.483021 4.846659 0.065990269 0.041078212 0.364261187 0.928047226
1561000995.891802073 -57.871815 175.192639 4.846179 0.067499137 0.046256280 0.363676981 0.927924176
1561000995.991812706 -58.677905 174.911227 4.861427 0.069207601 0.057155731 0.363273022 0.927349040
1561000996.091159344 -59.478571 174.633459 4.885279 0.069948182 0.064879170 0.363262516 0.926789237
1561000996.191781759 -60.297947 174.363126 4.926984 0.068989700 0.064417070 0.363143932 0.926939775
1561000996.291173220 -61.111204 174.103512 4.970801 0.067781030 0.059705848 0.363017933 0.927393619
1561000996.392056227 -61.940900 173.825209 4.993881 0.068514672 0.058138746 0.362574697 0.927612643
1561000996.492157698 -62.765593 173.547244 5.015524 0.069156630 0.057358487 0.362066739 0.927811964
1561000996.591148376 -63.586173 173.265121 5.032670 0.067800107 0.059693735 0.361693536 0.927910335
1561000996.692040920 -64.419642 172.991704 5.059505 0.066809264 0.062085667 0.361634210 0.927848366
1561000996.790927887 -65.235053 172.724808 5.097023 0.065907555 0.063127314 0.362008692 0.927696526
1561000996.891875267 -66.038592 172.451351 5.134090 0.065472612 0.063202392 0.362504809 0.927528468
1561000996.991891623 -66.856099 172.177637 5.168434 0.065340601 0.062905609 0.362802755 0.927441454
1561000997.091728926 -67.672233 171.904037 5.206005 0.067057340 0.061339698 0.362957499 0.927363256
1561000997.191762447 -68.487998 171.622936 5.223688 0.067455587 0.062225737 0.362641191 0.927399088
1561000997.290721178 -69.286861 171.349253 5.261680 0.067471864 0.060977815 0.363391317 0.927187146
1561000997.390743256 -70.108038 171.078863 5.285730 0.066868081 0.062150872 0.363727425 0.927021191
1561000997.491983891 -70.926012 170.795851 5.320498 0.066576972 0.061918647 0.363937282 0.926975319
1561000997.590656757 -71.734671 170.519966 5.347873 0.066509165 0.062347130 0.364069101 0.926899701
1561000997.691978931 -72.535764 170.239695 5.392580 0.066950387 0.061881500 0.364307710 0.926805383
1561000997.791004419 -73.335043 169.960490 5.425623 0.067764307 0.062475706 0.364526731 0.926620228
1561000997.892395496 -74.156303 169.683489 5.450971 0.067951195 0.063619804 0.364645411 0.926481991
1561000997.984559536 -74.928192 169.420936 5.477056 0.067691362 0.063507120 0.365477712 0.926180742
1561000998.084117413 -75.770399 169.143310 5.508987 0.068145522 0.063901382 0.365035183 0.926294832
1561000998.184180021 -76.593024 168.856727 5.538115 0.067865334 0.064062132 0.365058543 0.926295093
1561000998.283261538 -77.381905 168.583574 5.574850 0.068290752 0.064520374 0.365654231 0.925997018
1561000998.384133339 -78.173352 168.299293 5.613030 0.068505005 0.064052325 0.365837055 0.925941474
1561000998.484097004 -78.960766 168.026436 5.651101 0.067788187 0.062803750 0.365521013 0.926204534
1561000998.583892584 -79.758139 167.752115 5.680959 0.067476638 0.062375800 0.366026673 0.926056498
1561000998.682859421 -80.553023 167.470456 5.708157 0.067593386 0.061557752 0.366243246 0.926017096
1561000998.782958746 -81.352952 167.199253 5.732705 0.067029101 0.061618880 0.366279443 0.926039731
1561000998.882682323 -82.153027 166.924301 5.755326 0.066993340 0.062512439 0.366814828 0.925770473
1561000998.984086990 -82.937981 166.657694 5.793075 0.065946597 0.061538042 0.366260730 0.926130225
1561000999.082993269 -83.708587 166.388415 5.833369 0.065841024 0.060835829 0.366821649 0.925962116
1561000999.184105873 -84.493820 166.113995 5.856090 0.066185493 0.062768921 0.367074092 0.925708461
1561000999.283425093 -85.268549 165.839065 5.890377 0.066225491 0.062384268 0.366968907 0.925773303
1561000999.384214640 -86.039014 165.564675 5.920099 0.066447660 0.062971231 0.366906747 0.925742282
1561000999.484326124 -86.802381 165.302360 5.952440 0.066059580 0.062979053 0.366806826 0.925809118
1561000999.584913254 -87.568907 165.038983 5.982230 0.065899879 0.062884364 0.366639740 0.925893117
1561000999.684185505 -88.324033 164.772728 6.015191 0.066526817 0.062360955 0.366447753 0.925959685
1561000999.782849789 -89.077021 164.518300 6.034873 0.067197627 0.063560247 0.366621068 0.925761074
1561000999.884289503 -89.838458 164.258919 6.063871 0.067675620 0.063008182 0.366379449 0.925859643
1561000999.984319210 -90.574966 163.999584 6.092990 0.068561891 0.063984776 0.366136367 0.925823620
1561001000.084141016 -91.319857 163.740377 6.121417 0.068839356 0.063916862 0.365701487 0.925979589
1561001000.184458494 -92.056333 163.484237 6.153638 0.068668090 0.064277673 0.364232954 0.926545967
1561001000.283620596 -92.783549 163.240347 6.186326 0.068994869 0.064591230 0.363375645 0.926836459
1561001000.384507418 -93.497839 163.004003 6.225741 0.069007566 0.065037491 0.361675953 0.927468913
1561001000.485103369 -94.215945 162.770014 6.266422 0.069354884 0.064716895 0.359968550 0.928129445
1561001000.584955454 -94.925472 162.528456 6.306470 0.069437340 0.064459499 0.357107602 0.929245710
1561001000.686173439 -95.652999 162.298421 6.325499 0.070145784 0.065544459 0.353821271 0.930373044
1561001000.784478664 -96.360075 162.097707 6.351073 0.069736307 0.065346051 0.350510950 0.931669907
1561001000.884636641 -97.077136 161.891187 6.391902 0.069066840 0.064565734 0.346256952 0.933363359
1561001000.986142159 -97.787561 161.689275 6.434208 0.069469184 0.064560790 0.341027371 0.935257328
1561001001.084548950 -98.483040 161.508601 6.472516 0.069739220 0.064626022 0.335633164 0.937182105
1561001001.186443329 -99.186190 161.334437 6.502779 0.069722578 0.065378972 0.328695266 0.939587023
1561001001.284759998 -99.878902 161.177220 6.529288 0.069428859 0.066002974 0.321930269 0.941904530
1561001001.386330366 -100.600658 161.037610 6.549834 0.068459122 0.066206608 0.313921527 0.944660420
1561001001.486531258 -101.312011 160.908609 6.589182 0.066619503 0.065063572 0.305729074 0.947553854
1561001001.586014509 -102.007183 160.787759 6.630578 0.064906161 0.063513611 0.298017235 0.950230992
1561001001.686326981 -102.708561 160.683467 6.679293 0.064397839 0.063181563 0.289991723 0.952767448
1561001001.786206245 -103.411957 160.596964 6.714963 0.064208483 0.063587990 0.281334278 0.955345415
1561001001.886059999 -104.107192 160.520116 6.758179 0.063508068 0.062961523 0.272329110 0.958039366
1561001001.986108780 -104.790189 160.456767 6.787544 0.062570812 0.063388303 0.262319723 0.960861686
1561001002.085974216 -105.487634 160.409162 6.821371 0.061802703 0.062730522 0.252545230 0.963569517
1561001002.186273813 -106.183297 160.385313 6.859276 0.060804763 0.061392253 0.242556759 0.966281528
1561001002.284575462 -106.863368 160.365898 6.891279 0.059279876 0.060990939 0.233357379 0.968664201
1561001002.386271238 -107.571245 160.359199 6.924007 0.058385569 0.060421765 0.223942017 0.970973897
1561001002.486663103 -108.278157 160.361034 6.964316 0.057628850 0.061183486 0.213724672 0.973271422
1561001002.584576368 -108.984663 160.391385 7.008242 0.058785088 0.062419351 0.205136053 0.974970429
1561001002.686505795 -109.695753 160.419846 7.059465 0.060679598 0.062955882 0.197409980 0.976413766
1561001002.786335945 -110.390593 160.462084 7.104627 0.063109542 0.063265767 0.189173600 0.977869100
1561001002.886293411 -111.071597 160.493719 7.142383 0.063442336 0.063136139 0.182232123 0.979173300
1561001002.986269951 -111.761673 160.559550 7.173205 0.064877388 0.062607695 0.175026853 0.980426847
1561001003.086553335 -112.440922 160.617936 7.214992 0.063484118 0.059645480 0.167940524 0.981941019
1561001003.186441898 -113.150267 160.695241 7.251394 0.064376597 0.058469074 0.162135917 0.982928769
1561001003.284529686 -113.845146 160.773208 7.297280 0.064643076 0.057311878 0.156998030 0.983813112
1561001003.386185408 -114.550866 160.864614 7.334978 0.065886889 0.059532384 0.152276848 0.984340680
1561001003.485207558 -115.241166 160.950997 7.377409 0.066790722 0.061812923 0.148615386 0.984698750
1561001003.584503174 -115.913617 161.039246 7.417458 0.066634238 0.064009774 0.145503572 0.985033673
1561001003.686105967 -116.604535 161.137733 7.467920 0.066908254 0.063476378 0.143030687 0.985411720
1561001003.785104275 -117.273970 161.234303 7.516284 0.067729918 0.061437125 0.140099203 0.985905853
1561001003.887629747 -117.970902 161.330323 7.559816 0.067446760 0.059361285 0.139242416 0.986173779
1561001003.984642029 -118.655934 161.426595 7.596425 0.067462650 0.057520428 0.137907360 0.986469336
1561001004.084979057 -119.352276 161.529215 7.629046 0.068869128 0.057454099 0.136797460 0.986530549
1561001004.186522007 -120.022947 161.620207 7.672827 0.067537386 0.056895700 0.136243930 0.986731560
1561001004.285167694 -120.680971 161.718251 7.704259 0.067593154 0.057994920 0.135713823 0.986736800
1561001004.386288166 -121.347569 161.823742 7.743328 0.067105030 0.059079426 0.136301207 0.986624811
1561001004.485669851 -121.994991 161.919523 7.795014 0.067023513 0.060285773 0.136230112 0.986567195
1561001004.586616039 -122.656622 162.016629 7.848349 0.068847178 0.062268727 0.137130995 0.986193572
1561001004.686793089 -123.302398 162.104112 7.884564 0.068954120 0.064657878 0.137797479 0.985939422
1561001004.785786629 -123.930180 162.188032 7.923093 0.068871662 0.065301951 0.137290333 0.985973485
1561001004.886181116 -124.570943 162.283889 7.967530 0.067662943 0.065440681 0.138001099 0.985948751
1561001004.984526634 -125.178924 162.375434 8.017248 0.066503179 0.064536862 0.138263339 0.986050490
1561001005.086465597 -125.795285 162.462533 8.065918 0.066203982 0.063711204 0.138265116 0.986124066
1561001005.186216593 -126.391023 162.547193 8.108901 0.067108191 0.063334896 0.137773615 0.986155978
1561001005.284398317 -126.963730 162.622066 8.154220 0.068038363 0.062471865 0.136684899 0.986298781
1561001005.386128187 -127.550454 162.710568 8.189419 0.068597735 0.062959562 0.137466522 0.986120378
1561001005.485214233 -128.101886 162.786483 8.227874 0.068203444 0.062422900 0.136852784 0.986267199
1561001005.586306572 -128.638388 162.864322 8.266432 0.067631562 0.061819511 0.136751273 0.986358662
1561001005.686416626 -129.170101 162.950587 8.300616 0.067333607 0.062504891 0.136496855 0.986371093
1561001005.784831524 -129.684880 163.027540 8.340607 0.066961527 0.061341882 0.135777806 0.986568657
1561001005.886323929 -130.207675 163.100063 8.382694 0.068056849 0.060696029 0.135313286 0.986597472
1561001005.984700203 -130.705209 163.177604 8.410825 0.068486618 0.060749783 0.135693549 0.986512193
1561001006.086145401 -131.198758 163.249271 8.438208 0.068312760 0.060662491 0.135425993 0.986566384
1561001006.186124802 -131.664529 163.319917 8.464022 0.066801325 0.060357305 0.134805054 0.986773620
1561001006.284197569 -132.095081 163.386104 8.499872 0.066148159 0.060040472 0.133980365 0.986949251
1561001006.386202574 -132.550985 163.456459 8.537508 0.066759643 0.060818666 0.133958124 0.986863446
1561001006.485046625 -132.980898 163.523287 8.576203 0.067953710 0.060872084 0.133900634 0.986786453
1561001006.586048841 -133.388889 163.585775 8.599708 0.068882837 0.060529737 0.132980241 0.986867550
1561001006.686694145 -133.770672 163.648576 8.613997 0.068732059 0.061870710 0.131828510 0.986949423
1561001006.786047935 -134.128661 163.711548 8.635297 0.067998302 0.064078100 0.130397424 0.987049512
1561001006.887555599 -134.496839 163.777937 8.661093 0.066250336 0.065255484 0.128659834 0.987319230
1561001006.985695839 -134.847580 163.849272 8.685343 0.065236342 0.063976818 0.126020730 0.987810691
1561001007.086557388 -135.234925 163.919255 8.725108 0.066948750 0.062241523 0.123641703 0.988107579
1561001007.187033415 -135.602945 163.976605 8.764292 0.069231157 0.064607838 0.120729388 0.988158534
1561001007.284661293 -135.953922 164.045527 8.810611 0.071627048 0.070819851 0.116842836 0.988029284
1561001007.386380672 -136.292398 164.119631 8.846042 0.072533674 0.078172772 0.112614963 0.987899668
1561001007.485439539 -136.627400 164.199870 8.875073 0.070322334 0.081931672 0.108497755 0.988215669
1561001007.585498571 -136.956850 164.288397 8.901953 0.068724130 0.083261096 0.104611015 0.988635989
1561001007.686360836 -137.290985 164.384461 8.926936 0.069382735 0.084518825 0.099521137 0.989008669
1561001007.785144091 -137.615048 164.469693 8.952005 0.070221770 0.083584233 0.095260422 0.989448347
1561001007.885955811 -137.960795 164.554904 8.973883 0.069963413 0.081147024 0.092093336 0.989969241
1561001007.984122753 -138.297847 164.643079 8.995585 0.066924900 0.076225116 0.088180065 0.990926367
1561001008.085806370 -138.658732 164.762841 9.018029 0.064112267 0.072058086 0.082847187 0.991883861
1561001008.185726166 -139.011965 164.866369 9.049690 0.061128017 0.062551635 0.079168062 0.993017158
1561001008.285509348 -139.356939 164.962498 9.074118 0.059951644 0.054308457 0.075854002 0.993832261
1561001008.386263609 -139.708350 165.057391 9.083073 0.056018687 0.050274367 0.072342850 0.994535523
1561001008.484771729 -140.035591 165.165253 9.097763 0.052444593 0.050731853 0.068583108 0.994973468
1561001008.586199284 -140.356665 165.279613 9.131588 0.050559475 0.055164144 0.064181068 0.995128860
1561001008.686268806 -140.650089 165.389676 9.181883 0.051030292 0.058306924 0.059384422 0.995223443
1561001008.785772085 -140.947572 165.496142 9.223354 0.054138089 0.059191965 0.056290345 0.995186804
1561001008.886486530 -141.215602 165.598122 9.245699 0.056181845 0.059738418 0.052750632 0.995234793
1561001008.984809399 -141.492596 165.695362 9.247625 0.057812172 0.061247139 0.050071888 0.995188096
1561001009.087753057 -141.777953 165.794522 9.244215 0.058926751 0.064036518 0.048662987 0.995017023
1561001009.187955141 -142.023024 165.892849 9.237985 0.057955637 0.068864719 0.047421701 0.994811528
1561001009.286217213 -142.270109 165.996192 9.246204 0.055199735 0.073013395 0.047482891 0.994669497
1561001009.387725353 -142.510186 166.094987 9.279029 0.051994152 0.073622574 0.047568445 0.994793229
1561001009.486407995 -142.754246 166.189161 9.323875 0.052267847 0.070981459 0.048456372 0.994927980
1561001009.587465048 -142.992947 166.260782 9.362032 0.053669218 0.067721863 0.050531710 0.994977342
1561001009.687361002 -143.235867 166.314563 9.382433 0.056945923 0.065114366 0.052882065 0.994847108
1561001009.787178755 -143.457630 166.373826 9.387088 0.058821213 0.065494474 0.055010484 0.994597600
1561001009.887289286 -143.662999 166.420035 9.397964 0.059223625 0.066455720 0.058576120 0.994306310
1561001009.986159563 -143.828849 166.465994 9.406255 0.059966066 0.068466496 0.060043531 0.994037818
1561001010.086577654 -143.983433 166.506065 9.423151 0.060495799 0.069757962 0.062830041 0.993743665
1561001010.188104868 -144.136149 166.537863 9.436374 0.061301290 0.070001540 0.066404674 0.993444692
1561001010.286673069 -144.235821 166.563022 9.445922 0.061414421 0.069105738 0.068269225 0.993374038
1561001010.388260841 -144.328655 166.572396 9.451278 0.060663224 0.069250850 0.070710444 0.993239310
1561001010.486746311 -144.413713 166.594652 9.454255 0.061137157 0.070049258 0.072954543 0.992991936
1561001010.588370800 -144.492709 166.605233 9.456340 0.061524926 0.071073870 0.075068885 0.992737554
1561001010.689369678 -144.546611 166.617354 9.461639 0.061305368 0.071279509 0.077039969 0.992585375
1561001010.789109945 -144.606060 166.637131 9.470173 0.060907576 0.071009662 0.078590420 0.992507653
1561001010.888892889 -144.645863 166.647689 9.478354 0.060458981 0.070839575 0.079775498 0.992452687
1561001010.988343000 -144.682911 166.654611 9.483625 0.060806657 0.070803286 0.080661420 0.992362424
1561001011.088702917 -144.715040 166.665931 9.480418 0.061270477 0.070937413 0.081515263 0.992254541
1561001011.188750744 -144.741798 166.669505 9.479680 0.061047656 0.071225488 0.082224533 0.992189115
1561001011.287417412 -144.748098 166.671910 9.485395 0.061225536 0.070743989 0.082382040 0.992199537
1561001011.388892174 -144.746995 166.676757 9.484770 0.061450740 0.071304780 0.082686888 0.992120110
1561001011.488420486 -144.753462 166.669907 9.486385 0.060999847 0.071650398 0.082381875 0.992148409
1561001011.588775158 -144.736327 166.664925 9.486243 0.060774179 0.071530824 0.082448920 0.992165317
1561001011.689348459 -144.723638 166.669623 9.486129 0.061258144 0.073062257 0.082429981 0.992025526
1561001011.788794518 -144.709233 166.667854 9.486934 0.061422584 0.073337713 0.082206852 0.992013548
1561001011.889159441 -144.710756 166.667655 9.489546 0.061451063 0.073303842 0.082853680 0.991960474
1561001011.989153385 -144.700931 166.673908 9.488538 0.061624138 0.072982064 0.082298645 0.992019666
1561001012.088875771 -144.704453 166.674700 9.485696 0.061666217 0.072913262 0.082397200 0.992013929
1561001012.187576056 -144.702035 166.678426 9.484372 0.061623612 0.072904510 0.083083922 0.991959941
1561001012.287864685 -144.709057 166.678895 9.485067 0.061640556 0.073152387 0.082710101 0.991971879
1561001012.388856411 -144.718874 166.677817 9.487330 0.061575500 0.072653839 0.082989123 0.991989255
1561001012.487510920 -144.722951 166.683372 9.488715 0.061685522 0.072972407 0.083339764 0.991929639
1561001012.589137793 -144.719890 166.680564 9.488322 0.061559170 0.072490153 0.083356973 0.991971401
1561001012.689310074 -144.725475 166.682418 9.487881 0.061605842 0.072927930 0.083485731 0.991925587
1561001012.789607286 -144.713262 166.681808 9.488451 0.061546225 0.072566052 0.083135538 0.991985238
1561001012.889276743 -144.727988 166.680291 9.487927 0.061704597 0.072835110 0.083321056 0.991940115
1561001012.988078833 -144.733422 166.681871 9.489488 0.061632993 0.072805968 0.083362387 0.991943233
1561001013.089468002 -144.739671 166.676469 9.490656 0.061565646 0.072797563 0.083426500 0.991942642
1561001013.189131260 -144.736489 166.675644 9.488155 0.061668917 0.073026850 0.083481957 0.991914707
1561001013.289026499 -144.731748 166.675233 9.488032 0.061732608 0.072871379 0.083552632 0.991916229
1561001013.388990879 -144.730300 166.678634 9.489848 0.061348547 0.072538402 0.083458201 0.991972411
1561001013.487493753 -144.740622 166.675470 9.490569 0.061621100 0.072691531 0.083682976 0.991925371
1561001013.588990927 -144.737491 166.671050 9.491156 0.061451644 0.072888665 0.083563758 0.991931468
1561001013.690579414 -144.723066 166.676661 9.489317 0.061556571 0.073051842 0.083320381 0.991933431
1561001013.790483952 -144.725624 166.681798 9.488615 0.061664390 0.072969864 0.083545150 0.991913862
1561001013.890450239 -144.731480 166.678426 9.489450 0.061597241 0.072775480 0.083686772 0.991920377
1561001013.989123821 -144.724235 166.682745 9.489526 0.061733526 0.072567437 0.083104120 0.991976131
1561001014.091803074 -144.724524 166.684887 9.488497 0.061741612 0.072801760 0.083602441 0.991916584
1561001014.191874743 -144.729149 166.683732 9.486645 0.061603108 0.072862720 0.083557411 0.991924513
1561001014.290810585 -144.726242 166.687240 9.487310 0.061613674 0.072572995 0.083476674 0.991951894
1561001014.391991377 -144.717852 166.686840 9.486532 0.061547671 0.072884329 0.083549349 0.991927046
1561001014.490945578 -144.710390 166.686453 9.486952 0.061592308 0.072752706 0.083600219 0.991929652
1561001014.592012167 -144.713499 166.681695 9.487515 0.061597646 0.072705516 0.083627092 0.991930515
1561001014.692126036 -144.712002 166.684115 9.486836 0.061659498 0.072588299 0.083729733 0.991926599
1561001014.791890860 -144.714385 166.683871 9.488368 0.061521614 0.072470247 0.083546894 0.991959208
1561001014.891716003 -144.722694 166.679900 9.489337 0.061506976 0.072627685 0.083682051 0.991937208
1561001014.990618706 -144.732633 166.682290 9.488440 0.061584570 0.072751041 0.083515675 0.991937376
1561001015.091563225 -144.738393 166.676830 9.489227 0.061700129 0.072832595 0.083596658 0.991917389
1561001015.191788197 -144.738831 166.674560 9.490035 0.061767428 0.072652366 0.083722906 0.991915769
1561001015.290960550 -144.730356 166.676478 9.487411 0.061599107 0.072650927 0.083659043 0.991931730
1561001015.392151356 -144.733110 166.675529 9.486631 0.061420093 0.072602456 0.083704588 0.991942537
1561001015.492509127 -144.724158 166.679575 9.487306 0.061744074 0.072709593 0.083459774 0.991935205
1561001015.592401981 -144.718291 166.685210 9.488954 0.061839267 0.072508629 0.083423291 0.991947054
1561001015.691495180 -144.708812 166.683158 9.486305 0.061601475 0.072712879 0.083515098 0.991939174
1561001015.790975332 -144.706869 166.683545 9.486989 0.061795979 0.072617954 0.083494240 0.991935785
1561001015.891897917 -144.704922 166.691113 9.487970 0.061859742 0.072666307 0.083563628 0.991922426
1561001015.990660667 -144.712948 166.689305 9.488125 0.061601407 0.072679520 0.083516666 0.991941491
1561001016.092030048 -144.711291 166.689327 9.488284 0.061724071 0.072776452 0.083751105 0.991906991
1561001016.190917730 -144.720849 166.687806 9.488978 0.061739405 0.072423396 0.083834218 0.991924857
1561001016.292119503 -144.723490 166.687262 9.488411 0.061591354 0.072771513 0.083947831 0.991898974
1561001016.392023563 -144.719067 166.687822 9.486911 0.061819626 0.072716959 0.083706889 0.991909136
1561001016.490915298 -144.723343 166.688498 9.488462 0.061705100 0.072662881 0.083753082 0.991916331
1561001016.592010736 -144.723343 166.684380 9.488255 0.061886941 0.072963733 0.083553988 0.991899708
1561001016.690917730 -144.718102 166.686795 9.487399 0.061803338 0.072659689 0.083767262 0.991909251
1561001016.792147160 -144.722503 166.682903 9.487897 0.061692438 0.072692587 0.083905388 0.991902070
1561001016.891812325 -144.721817 166.680046 9.488176 0.061577268 0.072583626 0.083789389 0.991927011
1561001016.990856171 -144.724686 166.681962 9.489683 0.061725592 0.072510883 0.083621819 0.991937253
1561001017.091044426 -144.725941 166.685041 9.489739 0.061704008 0.072875362 0.083916026 0.991887039
1561001017.190616369 -144.723699 166.683524 9.488227 0.061684315 0.073000265 0.083754069 0.991892768
1561001017.291862249 -144.717884 166.688644 9.488450 0.061901221 0.072986826 0.084017198 0.991857990
1561001017.391887426 -144.719378 166.693348 9.489959 0.061761808 0.073045994 0.084060001 0.991858699
1561001017.490731001 -144.724020 166.693271 9.490492 0.061876761 0.073103134 0.084223853 0.991833424
1561001017.591810465 -144.734279 166.686618 9.490855 0.061804045 0.072886578 0.084666733 0.991816188
1561001017.691565514 -144.750369 166.694308 9.491498 0.061809665 0.073102630 0.084908829 0.991779240
1561001017.790792227 -144.758831 166.699901 9.492788 0.061887374 0.073759417 0.085930253 0.991637783
1561001017.892034292 -144.780446 166.705861 9.495052 0.062239374 0.073915083 0.086452915 0.991558730
1561001017.990814686 -144.814736 166.710770 9.497732 0.062084135 0.074154974 0.087306768 0.991475733
1561001018.092070818 -144.853828 166.726030 9.500047 0.062187122 0.074000931 0.088426951 0.991381510
1561001018.191148043 -144.909428 166.727638 9.504630 0.061904427 0.074277104 0.089675072 0.991266430
1561001018.291330338 -144.962144 166.732420 9.510058 0.062138994 0.074450229 0.090712140 0.991144397
1561001018.392001390 -145.012400 166.740877 9.515202 0.062191421 0.074433878 0.092343170 0.990991707
1561001018.491668701 -145.077846 166.749049 9.518686 0.062306841 0.074687209 0.093906701 0.990818455
1561001018.591997862 -145.142659 166.765685 9.525314 0.062412015 0.074802808 0.095319490 0.990668196
1561001018.691225290 -145.222594 166.772218 9.533457 0.062460064 0.074764813 0.097194220 0.990485864
1561001018.791846275 -145.291885 166.789879 9.539824 0.062349648 0.074805732 0.098786499 0.990332192
1561001018.891655207 -145.380591 166.804593 9.542690 0.062564089 0.075381633 0.100709997 0.990081229
1561001018.990707874 -145.470884 166.822356 9.549433 0.062183124 0.075746895 0.102622938 0.989880902
1561001019.091928482 -145.585217 166.841465 9.558935 0.062449303 0.076512537 0.104827651 0.989574191
1561001019.191161871 -145.697227 166.858608 9.573937 0.063121142 0.075786710 0.107744438 0.989274093
1561001019.291254997 -145.817997 166.867816 9.580203 0.063328301 0.075560063 0.110683787 0.988953640
1561001019.391832352 -145.950689 166.882573 9.590345 0.063525818 0.075078519 0.114203328 0.988577405
1561001019.490834713 -146.085991 166.894094 9.598358 0.063494099 0.075661573 0.117809483 0.988111710
1561001019.591900826 -146.231109 166.906644 9.611147 0.063216787 0.075923962 0.122594186 0.987527142
1561001019.690919399 -146.384287 166.916906 9.629891 0.063789853 0.075117367 0.128444122 0.986808159
1561001019.792137384 -146.543825 166.928088 9.637372 0.063352372 0.075561488 0.133859302 0.986082464
1561001019.891392469 -146.700584 166.929349 9.644704 0.062632703 0.075960671 0.141598168 0.985016284
1561001019.991666555 -146.867045 166.931993 9.658781 0.061467268 0.076809385 0.149931900 0.983789875
1561001020.091975451 -147.051246 166.932362 9.679524 0.061048149 0.077830987 0.159810574 0.982179231
1561001020.191069603 -147.240701 166.920233 9.700969 0.061563868 0.078119676 0.169171050 0.980555130
1561001020.291010857 -147.439458 166.890417 9.718336 0.062382138 0.078618185 0.179804875 0.978569291
1561001020.391906977 -147.626232 166.865174 9.731596 0.062792505 0.078731329 0.190185065 0.976569567
1561001020.490751505 -147.833795 166.835537 9.744640 0.062095448 0.079588779 0.202002528 0.974168754
1561001020.591746330 -148.049290 166.795173 9.754897 0.060862277 0.080543497 0.213831009 0.971640277
1561001020.691078186 -148.277007 166.755325 9.764433 0.059128934 0.081404709 0.227144791 0.968649723
1561001020.791775703 -148.498466 166.706336 9.773024 0.055575189 0.081993699 0.241096437 0.965433032
1561001020.891840219 -148.730886 166.648860 9.790640 0.053763930 0.082249981 0.254242266 0.962135776
1561001020.990699530 -148.962596 166.597533 9.818427 0.052799755 0.082108418 0.268849783 0.958222410
1561001021.091811180 -149.195587 166.526464 9.845835 0.054201722 0.082085398 0.283604155 0.953883035
1561001021.191092253 -149.438621 166.434699 9.867914 0.056336945 0.081285631 0.298581484 0.949245960
1561001021.291859627 -149.670794 166.325005 9.878889 0.057717710 0.079067801 0.314180284 0.944302758
1561001021.391914129 -149.914476 166.200183 9.878759 0.058376088 0.078628863 0.329285405 0.939138358
1561001021.490903616 -150.145998 166.076428 9.874678 0.057520007 0.078581703 0.346014183 0.933161588
1561001021.592318058 -150.402748 165.938458 9.884297 0.055505773 0.078190507 0.361946033 0.927254239
1561001021.691451311 -150.660270 165.807998 9.909874 0.054950819 0.076947136 0.377475089 0.921179734
1561001021.791908741 -150.922400 165.667659 9.934767 0.055775196 0.076363816 0.394777408 0.913897419
1561001021.892222881 -151.160513 165.511508 9.939244 0.055353300 0.076573537 0.411542366 0.906479667
1561001021.992000341 -151.397517 165.345115 9.945520 0.052958389 0.077904414 0.427287381 0.899195087
1561001022.091892242 -151.628657 165.167463 9.951703 0.050589122 0.078421336 0.443845066 0.891230830
1561001022.190582752 -151.845047 164.979416 9.972897 0.049248296 0.076561259 0.459695120 0.883398764
1561001022.291969538 -152.083119 164.779335 9.992137 0.049731526 0.074773876 0.476280174 0.874695855
1561001022.391752481 -152.314685 164.562223 10.006099 0.050865313 0.073902454 0.492005426 0.865957163
1561001022.491465092 -152.533912 164.342472 10.010741 0.051302989 0.074519986 0.507639879 0.856806004
1561001022.592014551 -152.760261 164.099631 10.007823 0.050161298 0.076106488 0.522706146 0.847626057
1561001022.691372156 -153.003715 163.852550 9.996158 0.047740163 0.077572201 0.536664977 0.838864788
1561001022.791198730 -153.234857 163.585401 9.995412 0.043250739 0.076908353 0.550558834 0.830120142
1561001022.892334223 -153.461081 163.324602 10.018138 0.040499591 0.076954796 0.564108888 0.821108339
1561001022.990995884 -153.681991 163.052350 10.058366 0.039550815 0.077356606 0.576981815 0.812122942
1561001023.092298985 -153.897216 162.765781 10.087379 0.040924905 0.078990929 0.589015921 0.803209705
1561001023.190953255 -154.098214 162.476838 10.098217 0.043200694 0.081637484 0.599811486 0.794792553
1561001023.291858673 -154.286333 162.173850 10.103586 0.042758818 0.084503769 0.610391038 0.786418195
1561001023.392302036 -154.448052 161.870034 10.098030 0.040188434 0.087028627 0.618799651 0.779678075
1561001023.491256237 -154.633160 161.560652 10.093952 0.036112749 0.088668227 0.627539688 0.772675711
1561001023.592007160 -154.841767 161.247503 10.110557 0.035052420 0.084422060 0.636368912 0.765949640
1561001023.691043377 -155.056190 160.920948 10.135757 0.036353390 0.079677452 0.644138008 0.759879044
1561001023.792043447 -155.251222 160.580780 10.140981 0.039339300 0.075469192 0.650290947 0.754902977
1561001023.892089367 -155.440316 160.229421 10.121612 0.043156706 0.070737114 0.655673712 0.750483673
1561001023.991906404 -155.628052 159.876486 10.109818 0.047342185 0.064858151 0.659398817 0.747492701
1561001024.091767550 -155.831059 159.503054 10.095546 0.048762543 0.058014024 0.663616030 0.744224665
1561001024.190478563 -156.020859 159.130756 10.079161 0.046762212 0.053098571 0.666323205 0.742298608
1561001024.291796446 -156.233389 158.742573 10.076821 0.043430148 0.053044304 0.669135173 0.739971786
1561001024.392264605 -156.463835 158.361395 10.090313 0.041221370 0.056124237 0.672059366 0.737215761
1561001024.490728378 -156.678257 157.974221 10.109192 0.040349433 0.061042475 0.674513491 0.734627314
1561001024.593524456 -156.893794 157.571940 10.120860 0.042008754 0.065979487 0.676590591 0.732193379
1561001024.683430195 -157.093124 157.186804 10.113553 0.043494537 0.069537807 0.678278105 0.730213346
1561001024.784059286 -157.330488 156.757890 10.089392 0.043632081 0.071631640 0.679657758 0.728718383
1561001024.884156942 -157.551125 156.334860 10.073500 0.042166697 0.070080867 0.681124312 0.727585262
1561001024.984085083 -157.783403 155.905919 10.072628 0.039873626 0.066451651 0.682119581 0.727122513
1561001025.083487511 -158.014424 155.472457 10.084346 0.038742364 0.064059033 0.683237406 0.726348481
1561001025.182974815 -158.267593 155.016298 10.098162 0.040495507 0.064528138 0.684523517 0.724999164
1561001025.282843590 -158.502395 154.554507 10.093812 0.042448295 0.066041051 0.685480855 0.723845784
1561001025.383862734 -158.735484 154.092980 10.077663 0.042869479 0.067775546 0.685744642 0.723410650
1561001025.482723713 -158.968047 153.631524 10.070449 0.042044537 0.067011261 0.686489276 0.722823783
1561001025.583863735 -159.224748 153.164051 10.066223 0.040029283 0.066342651 0.687140899 0.722380574
1561001025.683580160 -159.472410 152.693356 10.070495 0.039626162 0.065029261 0.687607259 0.722078403
1561001025.783916235 -159.733201 152.204008 10.065358 0.039744686 0.065329548 0.687699642 0.721956794
1561001025.884295464 -159.985971 151.716607 10.072902 0.042660947 0.064973859 0.686941708 0.722543791
1561001025.984165907 -160.249231 151.226785 10.066577 0.042659536 0.064818137 0.686147081 0.723312488
1561001026.084345579 -160.503361 150.725745 10.054255 0.041255610 0.064478918 0.685138348 0.724379657
1561001026.182954311 -160.772188 150.219984 10.049313 0.039901815 0.063640671 0.684349243 0.725274999
1561001026.283938646 -161.056450 149.708901 10.047268 0.039870773 0.063423539 0.683096485 0.726475717
1561001026.383793831 -161.331303 149.197660 10.040746 0.040504687 0.063806329 0.682032963 0.727405774
1561001026.483632088 -161.624248 148.677323 10.035586 0.040831543 0.063730493 0.681746052 0.727663061
1561001026.583564520 -161.910194 148.150997 10.033595 0.041550763 0.063882919 0.680609022 0.728672674
1561001026.682362556 -162.196483 147.628200 10.027430 0.041036877 0.064051083 0.680025345 0.729231763
1561001026.783733606 -162.503041 147.088178 10.026527 0.040488408 0.064042203 0.678728195 0.730470617
1561001026.883764982 -162.806027 146.545174 10.022738 0.039951621 0.064237214 0.678030229 0.731130943
1561001026.983581543 -163.119782 146.000013 10.021991 0.040746435 0.064074507 0.676772752 0.732265545
1561001027.083493233 -163.436029 145.448829 10.015646 0.040730385 0.063673892 0.675890781 0.733115491
1561001027.182608604 -163.750162 144.892729 10.008469 0.041209898 0.062973692 0.675235286 0.733752933
1561001027.283847570 -164.097137 144.318659 10.007078 0.041399374 0.062360762 0.674435552 0.734529723
1561001027.384040833 -164.428583 143.743872 9.996649 0.040592329 0.062258679 0.673507169 0.735434710
1561001027.483074427 -164.761408 143.174596 9.992471 0.040507863 0.062188124 0.672399203 0.736458460
1561001027.584723234 -165.098735 142.596809 9.991243 0.040540436 0.062486448 0.671604667 0.737156082
1561001027.682981491 -165.429454 142.026907 9.988717 0.040336286 0.062590585 0.671006950 0.737702566
1561001027.784042597 -165.783314 141.438212 9.986694 0.039772949 0.062547435 0.669944740 0.738701548
1561001027.883742809 -166.123045 140.854874 9.976502 0.038561437 0.063279314 0.669099342 0.739469279
1561001027.982734203 -166.466847 140.267131 9.969136 0.038438956 0.062924320 0.668197946 0.740320526
1561001028.083581209 -166.838307 139.665692 9.968425 0.038841073 0.062993414 0.667220041 0.741175160
1561001028.182401419 -167.194180 139.064934 9.961748 0.038146986 0.063455165 0.666085192 0.742191866
1561001028.283248901 -167.566011 138.454368 9.964764 0.037856899 0.062638510 0.665756652 0.742570772
1561001028.383744240 -167.944679 137.838819 9.969301 0.038075162 0.062470798 0.664791329 0.743438075
1561001028.482474804 -168.319032 137.231780 9.959957 0.037877768 0.063825444 0.663690213 0.744316390
1561001028.583679914 -168.704432 136.610737 9.962610 0.037566042 0.062898546 0.663048032 0.744983136
1561001028.682441473 -169.079935 135.995007 9.967562 0.038075863 0.063843978 0.662207772 0.745623928
1561001028.783564568 -169.459380 135.375076 9.960271 0.037814523 0.065315042 0.661194300 0.746408806
1561001028.883728266 -169.846660 134.744884 9.961850 0.037706250 0.066094621 0.659977264 0.747422070
1561001028.983829975 -170.227452 134.129665 9.960195 0.037613785 0.065140996 0.659319974 0.748090252
1561001029.083940744 -170.627743 133.502662 9.955810 0.036664784 0.065456388 0.658373432 0.748942975
1561001029.183998823 -171.029123 132.875202 9.961615 0.036965469 0.063823560 0.657423956 0.749902560
1561001029.283761024 -171.428385 132.250146 9.965669 0.039665027 0.063496014 0.656921831 0.750232397
1561001029.383507729 -171.828617 131.616498 9.977034 0.044057332 0.062737375 0.656602107 0.750331024
1561001029.482422590 -172.202590 130.999579 9.970333 0.050001154 0.062115571 0.656282629 0.750289712
1561001029.583455324 -172.585540 130.378711 9.942956 0.050491643 0.062078738 0.655372635 0.751054947
1561001029.682471037 -172.980502 129.759681 9.922643 0.045767390 0.063881876 0.654393128 0.752059895
1561001029.783788204 -173.384382 129.134041 9.924953 0.041782379 0.067516495 0.653652526 0.752618184
1561001029.883648634 -173.783131 128.540199 9.946329 0.041737359 0.071099875 0.652588595 0.753213732
1561001029.982813120 -174.166797 127.932890 9.962150 0.044006736 0.072528275 0.651908888 0.753536899
1561001030.083766460 -174.565116 127.307557 9.969881 0.046824339 0.069389416 0.651939349 0.753636302
1561001030.182829857 -174.951134 126.692411 9.966439 0.050438733 0.064689177 0.651363890 0.754318452
1561001030.283693790 -175.345421 126.070778 9.955092 0.050828402 0.062457917 0.650273748 0.755420105
1561001030.383532047 -175.756618 125.446652 9.936567 0.048607553 0.062273712 0.649771052 0.756013803
1561001030.484431028 -176.170424 124.828195 9.939911 0.048359491 0.064212750 0.648672495 0.756810463
1561001030.583477974 -176.570150 124.214845 9.939586 0.049252767 0.067557565 0.647388820 0.757560463
1561001030.682173967 -176.968637 123.619948 9.930767 0.047853516 0.067485582 0.646429166 0.758475491
1561001030.784224749 -177.388888 122.995481 9.929716 0.045886277 0.066139878 0.645422017 0.759572503
1561001030.884786606 -177.810506 122.381225 9.944132 0.044700357 0.063806866 0.644493647 0.760630332
1561001030.984553576 -178.235385 121.769227 9.948754 0.045280221 0.064436724 0.643420681 0.761450876
1561001031.084239006 -178.661584 121.155597 9.949269 0.044191290 0.064968241 0.642679217 0.762095585
1561001031.182499409 -179.083091 120.550301 9.947931 0.043511842 0.064709002 0.641953287 0.762768276
1561001031.282992601 -179.516432 119.923955 9.945008 0.042783878 0.062851734 0.640954460 0.763804019
1561001031.384526730 -179.957236 119.296485 9.939599 0.042638447 0.062159645 0.639629363 0.764978705
1561001031.484557390 -180.397952 118.667251 9.934794 0.041893699 0.061746582 0.638934607 0.765633623
1561001031.584525108 -180.833051 118.052083 9.944457 0.042917990 0.062456383 0.637362522 0.766828704
1561001031.682759285 -181.265451 117.446639 9.938352 0.042717124 0.063738912 0.635723343 0.768094024
1561001031.784438610 -181.716087 116.827045 9.942847 0.042241678 0.064134279 0.634374749 0.769201607
1561001031.884510040 -182.163437 116.213675 9.947671 0.042224555 0.064448721 0.632526838 0.770696599
1561001031.982612133 -182.609162 115.607416 9.958676 0.043660415 0.064051609 0.630793507 0.772069111
1561001032.084543467 -183.067482 114.982425 9.959845 0.044704363 0.064340658 0.628966605 0.773474505
1561001032.184772015 -183.520505 114.375917 9.953533 0.045106954 0.065775594 0.626699991 0.775168404
1561001032.284749508 -183.984521 113.767382 9.956524 0.045347271 0.064842872 0.624875174 0.776704606
1561001032.383053064 -184.450342 113.160105 9.959668 0.045642007 0.065129524 0.622666418 0.778435279
1561001032.484600067 -184.941159 112.535542 9.961402 0.045490264 0.065745374 0.620837644 0.779851782
1561001032.584528208 -185.422738 111.923969 9.965168 0.045611491 0.066218812 0.618714773 0.781490045
1561001032.684642315 -185.898202 111.321623 9.966658 0.045063026 0.065545346 0.616657054 0.783203172
1561001032.784624338 -186.391543 110.713153 9.974664 0.045632568 0.064879167 0.614413717 0.784986717
1561001032.884482861 -186.890978 110.097198 9.983642 0.046520241 0.064710174 0.612615584 0.786352724
1561001032.984437704 -187.384687 109.492042 9.989949 0.046862759 0.065422133 0.610510178 0.787909353
1561001033.084437132 -187.877914 108.898607 9.998822 0.046864642 0.065254328 0.608413042 0.789543633
1561001033.182887554 -188.379123 108.296885 10.011123 0.046883226 0.066176503 0.606380804 0.791027784
1561001033.284401655 -188.896698 107.686723 10.020379 0.046259857 0.067741714 0.604289934 0.792530606
1561001033.384232521 -189.405231 107.088750 10.034078 0.046124247 0.067762863 0.602661193 0.793775935
1561001033.484555006 -189.924719 106.490209 10.042522 0.045791328 0.068154246 0.601075618 0.794963052
1561001033.586239815 -190.444182 105.901143 10.054217 0.046222393 0.068480704 0.599316051 0.796237499
1561001033.685162067 -190.964897 105.303351 10.070870 0.046700378 0.068698388 0.597749968 0.797367282
1561001033.786155939 -191.498319 104.694115 10.075847 0.045935185 0.069416647 0.596022039 0.798641983
1561001033.884553194 -192.027260 104.095467 10.088276 0.046118305 0.069271288 0.594567251 0.799727688
1561001033.986463070 -192.562079 103.497668 10.103822 0.046542350 0.068596433 0.593158292 0.800806830
1561001034.086306572 -193.097771 102.895901 10.117359 0.046872969 0.068474404 0.591567659 0.801973744
1561001034.184576511 -193.633303 102.301888 10.124075 0.047142469 0.068472459 0.589793210 0.803264016
1561001034.286199570 -194.182481 101.698015 10.137167 0.046901837 0.068864432 0.588031770 0.804534987
1561001034.385314703 -194.730286 101.105087 10.153267 0.047364541 0.069808820 0.586241199 0.805732329
1561001034.485735893 -195.287774 100.511411 10.167547 0.047732431 0.069721273 0.584675870 0.806854811
1561001034.585570812 -195.837622 99.924672 10.180854 0.047957483 0.070037139 0.582973922 0.808044730
1561001034.685150146 -196.395383 99.332567 10.195301 0.048529745 0.069687500 0.581547641 0.809067894
1561001034.785887003 -196.959828 98.733881 10.214890 0.049436448 0.069753131 0.579808169 0.810254914
1561001034.885006905 -197.532073 98.131720 10.229870 0.050298823 0.070235690 0.578373768 0.811184789
1561001034.985762119 -198.110431 97.534663 10.250383 0.051404104 0.071097100 0.576559205 0.812331400
1561001035.085786581 -198.681945 96.938495 10.260934 0.050858773 0.072625861 0.574973084 0.813354057
1561001035.184232473 -199.256787 96.352728 10.278564 0.050691316 0.073181204 0.573013461 0.814696554
1561001035.285921812 -199.849180 95.758247 10.297443 0.051156733 0.073518699 0.571355990 0.815800418
1561001035.384994984 -200.420059 95.173909 10.323375 0.052081295 0.072204946 0.569589511 0.817093491
1561001035.485539913 -201.011475 94.576168 10.341680 0.052162230 0.072291573 0.567497428 0.818535094
1561001035.586358786 -201.615304 93.989986 10.354501 0.051473361 0.072906691 0.565547752 0.819872458
1561001035.684487343 -202.206994 93.425803 10.372421 0.049212692 0.071578569 0.563434263 0.821581676
1561001035.786295891 -202.828066 92.834111 10.406923 0.049497272 0.071629990 0.560922890 0.823276792
1561001035.885354519 -203.436564 92.259446 10.433624 0.051049238 0.073819296 0.558217207 0.824826186
1561001035.986364841 -204.054625 91.673018 10.453847 0.051469483 0.075797747 0.555691993 0.826324393
1561001036.086345434 -204.673312 91.101041 10.477814 0.050784117 0.076425893 0.553409880 0.827839092
1561001036.184529781 -205.291132 90.543090 10.513104 0.052138398 0.074355164 0.550846508 0.829651145
1561001036.286452055 -205.923300 89.961091 10.538782 0.054082052 0.072734079 0.548424426 0.831273441
1561001036.384920597 -206.541900 89.401850 10.560101 0.055567645 0.070963937 0.546038065 0.832897826
1561001036.484282732 -207.179527 88.832094 10.575665 0.055649666 0.071810681 0.543481120 0.834490631
1561001036.585771322 -207.833462 88.257258 10.592874 0.054728945 0.073383197 0.540951133 0.836057127
1561001036.684869051 -208.488751 87.696170 10.615399 0.052975536 0.074868445 0.538124143 0.837860797
1561001036.784768581 -209.141153 87.143858 10.643269 0.052953200 0.075913690 0.535269310 0.839595043
1561001036.884650469 -209.797912 86.598089 10.673616 0.052393168 0.075807873 0.533061826 0.841042931
1561001036.986030817 -210.457762 86.050578 10.704158 0.052463977 0.074535860 0.530608669 0.842701832
1561001037.087554216 -211.135171 85.489768 10.732924 0.052623740 0.074151102 0.527918686 0.844413535
1561001037.187634706 -211.809612 84.941946 10.765829 0.051900406 0.074080403 0.525436833 0.846010979
1561001037.288882256 -212.497910 84.388895 10.798362 0.051454027 0.074954095 0.523675473 0.847052753
1561001037.387960434 -213.176037 83.847169 10.832652 0.051406286 0.075694735 0.522023677 0.848008833
1561001037.488841534 -213.865795 83.310975 10.866028 0.050533935 0.076877505 0.519997498 0.849198901
1561001037.588985920 -214.541758 82.778249 10.901373 0.050476063 0.076111623 0.518818687 0.849991975
1561001037.688245535 -215.232439 82.249446 10.941642 0.049962192 0.075183490 0.517259238 0.851054700
1561001037.788607359 -215.926912 81.711491 10.978178 0.049540600 0.074054962 0.515503433 0.852242807
1561001037.887475252 -216.627354 81.165712 11.010802 0.048857879 0.074460207 0.513946756 0.853186566
1561001037.987691879 -217.340792 80.614063 11.034900 0.048663799 0.074392555 0.512268221 0.854212416
1561001038.088774920 -218.061506 80.064864 11.071536 0.048726859 0.073962207 0.511098986 0.854946262
1561001038.187298059 -218.764153 79.526046 11.085895 0.048958722 0.074324764 0.510239290 0.855414952
1561001038.288718700 -219.473820 78.982923 11.132768 0.053279298 0.073968875 0.509275910 0.855761631
1561001038.387589455 -220.180914 78.445473 11.171831 0.054966722 0.074521802 0.508512800 0.856060683
1561001038.488727570 -220.905039 77.907899 11.209932 0.056394745 0.075231314 0.507508871 0.856501388
1561001038.588848114 -221.626151 77.360572 11.240810 0.056154565 0.076856495 0.506375200 0.857043698
1561001038.687446833 -222.345450 76.828845 11.261055 0.054786090 0.078513704 0.505506184 0.857494945
1561001038.789086580 -223.084887 76.283181 11.302527 0.054626853 0.078269685 0.504419213 0.858167246
1561001038.888062239 -223.804689 75.757062 11.344840 0.051895187 0.078032259 0.503190162 0.859079459
1561001038.989351034 -224.531508 75.240717 11.392526 0.049724728 0.078680078 0.501541356 0.860112298
1561001039.090661526 -225.246267 74.720232 11.451765 0.048686223 0.079001958 0.500565819 0.860710290
1561001039.189191818 -225.948268 74.222049 11.501211 0.048205227 0.078506738 0.499148263 0.861605455
1561001039.290376425 -226.670766 73.699249 11.543017 0.046734187 0.077536920 0.497986834 0.862445972
1561001039.389317751 -227.374720 73.194872 11.591413 0.049083866 0.076543326 0.496459643 0.863284261
1561001039.489052057 -228.093330 72.687091 11.639112 0.050444346 0.077333238 0.494862538 0.864052086
1561001039.590386152 -228.800386 72.183663 11.688984 0.051958086 0.079096930 0.493647944 0.864497392
1561001039.688780069 -229.496923 71.688208 11.728752 0.052116765 0.080435558 0.492406464 0.865072158
1561001039.790158749 -230.215637 71.193150 11.777471 0.053476720 0.080489377 0.490901750 0.865838999
1561001039.889310122 -230.912137 70.705988 11.811345 0.053797869 0.079826594 0.489856298 0.866472337
1561001039.990466356 -231.599787 70.232803 11.855972 0.055275777 0.078829766 0.489101068 0.866897111
1561001040.090459347 -232.282408 69.770170 11.901006 0.055861492 0.078132436 0.488820433 0.867080965
1561001040.190517902 -232.972984 69.292710 11.943815 0.054870697 0.079481315 0.487184093 0.867942156
1561001040.290470362 -233.646193 68.829535 11.988018 0.055236736 0.079618701 0.486475770 0.868303570
1561001040.389506817 -234.316078 68.363868 12.032897 0.057441012 0.080271549 0.485979294 0.868378451
1561001040.489447594 -234.986000 67.902588 12.076044 0.060399142 0.080574120 0.485350957 0.868501124
1561001040.590554714 -235.660184 67.443935 12.116334 0.059883192 0.082203505 0.484942019 0.868612586
1561001040.690619946 -236.341492 66.998495 12.157260 0.058303126 0.082304742 0.484737525 0.868824612
1561001040.790631771 -237.012871 66.557723 12.205125 0.057308541 0.081136679 0.484549179 0.869105669
1561001040.889661074 -237.673216 66.109191 12.255313 0.058544562 0.079762232 0.483996760 0.869458255
1561001040.990201235 -238.327092 65.666785 12.297592 0.058701224 0.079465491 0.484044929 0.869448048
1561001041.090152502 -238.975305 65.217099 12.340126 0.058527015 0.080534512 0.483937166 0.869421417
1561001041.188931227 -239.611065 64.786369 12.378367 0.057790763 0.081077003 0.484095643 0.869332017
1561001041.289863348 -240.271353 64.348189 12.417546 0.057067861 0.081685487 0.483592815 0.869602627
1561001041.388670206 -240.906652 63.919202 12.460734 0.057238239 0.080941336 0.483504439 0.869710148
1561001041.490232468 -241.554455 63.484622 12.505900 0.058864722 0.079929850 0.483366838 0.869771616
1561001041.590464115 -242.186705 63.051829 12.550347 0.060766173 0.078887351 0.483537794 0.869640995
1561001041.689182997 -242.793787 62.635866 12.586343 0.060041061 0.078994458 0.483513228 0.869695294
1561001041.790416241 -243.425735 62.212990 12.625727 0.060868961 0.079922888 0.483503352 0.869558400
1561001041.889254332 -244.036839 61.793814 12.663175 0.060462929 0.081382204 0.483924012 0.869217304
1561001041.990231752 -244.665582 61.370882 12.701980 0.060888535 0.082686294 0.484347061 0.868828802
1561001042.090037346 -245.272519 60.957173 12.742642 0.062059566 0.082634774 0.484756757 0.868522303
1561001042.189151049 -245.881942 60.540031 12.784330 0.061972909 0.081045483 0.484966026 0.868561421
1561001042.289156914 -246.483877 60.127266 12.822788 0.061225512 0.079874968 0.485558632 0.868391756
1561001042.390456438 -247.075721 59.717443 12.861357 0.062201624 0.079359448 0.485799499 0.868234924
1561001042.491461039 -247.664285 59.302404 12.902260 0.063004975 0.078919535 0.486399461 0.867881123
1561001042.591639280 -248.258171 58.894485 12.938665 0.064459202 0.079538311 0.486888434 0.867443555
1561001042.690447569 -248.830026 58.489752 12.979194 0.065923926 0.079283701 0.487609986 0.866951344
1561001042.791530371 -249.426146 58.078224 13.008619 0.065382964 0.080451871 0.487448176 0.866975686
1561001042.891321659 -250.010821 57.683900 13.042513 0.065871741 0.080351830 0.488038869 0.866615578
1561001042.991852760 -250.592292 57.284330 13.079224 0.065490664 0.080593298 0.488260118 0.866497404
1561001043.092053413 -251.147286 56.889592 13.113562 0.065752906 0.080862980 0.488798301 0.866148922
1561001043.191898346 -251.711747 56.493916 13.152374 0.065988549 0.080709265 0.489132997 0.865956371
1561001043.291934252 -252.273966 56.106851 13.188147 0.065890686 0.080671882 0.489848124 0.865562985
1561001043.391823769 -252.832009 55.720426 13.224542 0.066219858 0.079674037 0.490006641 0.865540565
1561001043.491522074 -253.375520 55.333803 13.256789 0.065983974 0.078921149 0.490257626 0.865485429
1561001043.591304779 -253.925323 54.957131 13.287039 0.065839608 0.078155596 0.490544001 0.865403623
1561001043.690228939 -254.458453 54.579512 13.316568 0.065593774 0.077813650 0.490333598 0.865572328
1561001043.791324615 -254.989206 54.194447 13.350112 0.064117156 0.077408175 0.490587050 0.865575711
1561001043.891613722 -255.514209 53.831190 13.388418 0.065370382 0.077247514 0.490737474 0.865411039
1561001043.991505146 -256.019981 53.476566 13.422977 0.066504169 0.077778718 0.490378442 0.865480589
1561001044.083869457 -256.481846 53.141208 13.447314 0.066445819 0.078493583 0.491489313 0.864790128
1561001044.183942556 -256.976998 52.790836 13.475015 0.065681030 0.079128652 0.491005292 0.865065582
1561001044.283908844 -257.447385 52.467593 13.504592 0.067043847 0.080103009 0.490947728 0.864904017
1561001044.382914782 -257.916498 52.147456 13.535946 0.067361875 0.081948356 0.491022287 0.864664072
1561001044.483796358 -258.379647 51.822188 13.567056 0.067780304 0.082995812 0.490449856 0.864856326
1561001044.583940029 -258.828541 51.511385 13.601772 0.068197093 0.083266012 0.490632238 0.864694128
1561001044.683817148 -259.275484 51.197387 13.630758 0.068052749 0.084219887 0.490661169 0.864596698
1561001044.783472300 -259.716930 50.869824 13.674086 0.068115462 0.086405647 0.490250226 0.864609197
1561001044.882616043 -260.155182 50.566819 13.723891 0.068805545 0.093739773 0.490162572 0.863839861
1561001044.983585119 -260.588773 50.254202 13.767720 0.068667835 0.099059575 0.490158240 0.863259422
1561001045.082805872 -261.008994 49.959326 13.806414 0.068977249 0.098861331 0.490297727 0.863178264
1561001045.183072805 -261.443746 49.664491 13.827974 0.068462203 0.094158814 0.490545838 0.863603975
1561001045.283780098 -261.886521 49.358327 13.821846 0.069719863 0.087040817 0.490498187 0.864276903
1561001045.382571697 -262.330421 49.048000 13.841913 0.072242375 0.073328792 0.490472966 0.865355532
1561001045.483532429 -262.765540 48.735257 13.887844 0.074147795 0.067839685 0.490530620 0.865609376
1561001045.583571672 -263.175743 48.437887 13.928881 0.073797669 0.074160376 0.490479346 0.865149787
1561001045.683448315 -263.588601 48.153451 13.969569 0.072764719 0.081248749 0.490214547 0.864750620
1561001045.783589602 -263.984080 47.872482 13.984514 0.071184400 0.089405644 0.490403569 0.863969763
1561001045.883589029 -264.368924 47.607463 13.998912 0.069745184 0.095597817 0.489999568 0.863653339
1561001045.983900785 -264.757044 47.331246 14.037448 0.070671089 0.095374731 0.490425465 0.863360945
1561001046.083928108 -265.144360 47.058574 14.078663 0.073027959 0.090733347 0.490390123 0.863685073
1561001046.183792830 -265.539159 46.776907 14.112902 0.073974184 0.086513416 0.490521927 0.863962666
1561001046.283720970 -265.932857 46.496912 14.141020 0.074150121 0.085840222 0.490488730 0.864033577
1561001046.382549763 -266.304225 46.221368 14.170141 0.073940668 0.087283650 0.490587434 0.863850862
1561001046.483197927 -266.694313 45.947452 14.206963 0.073745266 0.089297226 0.490638952 0.863632479
1561001046.582651854 -267.074092 45.681815 14.238852 0.074529366 0.090434838 0.490248908 0.863668294
1561001046.682537794 -267.439565 45.420758 14.269278 0.075945213 0.090529788 0.490760798 0.863244184
1561001046.784588814 -267.805988 45.157234 14.299144 0.077206711 0.090129984 0.490821577 0.863139554
1561001046.882744789 -268.162644 44.897611 14.325084 0.078283007 0.089227407 0.490923836 0.863078228
1561001046.984536171 -268.527408 44.642497 14.353193 0.078741081 0.088782920 0.491176993 0.862938351
1561001047.084312201 -268.880611 44.386832 14.377633 0.078368537 0.087530086 0.491230250 0.863069927
1561001047.182418346 -269.229168 44.143182 14.406410 0.078487649 0.086967694 0.491483752 0.862971628
1561001047.284220219 -269.579471 43.893339 14.434022 0.078193127 0.087472907 0.491526823 0.862922771
1561001047.384638309 -269.926853 43.649144 14.467407 0.079199937 0.088346325 0.491228739 0.862911712
1561001047.483953476 -270.267442 43.400744 14.493785 0.079285654 0.088833544 0.491585675 0.862650515
1561001047.582661629 -270.604476 43.168028 14.518258 0.080257004 0.089092714 0.491455334 0.862608229
1561001047.684323549 -270.943507 42.926394 14.541778 0.080303970 0.088933108 0.491720466 0.862469221
1561001047.784392118 -271.273959 42.679612 14.562967 0.080162054 0.090294119 0.492090095 0.862130127
1561001047.884647369 -271.606707 42.452084 14.593117 0.080369488 0.089613948 0.491847987 0.862319919
1561001047.984635353 -271.930980 42.231532 14.623883 0.080546318 0.089154214 0.492092740 0.862211431
1561001048.082846642 -272.240454 42.000721 14.649700 0.080147828 0.089102617 0.492649669 0.861935817
1561001048.184401035 -272.566119 41.769832 14.674643 0.080825343 0.089738072 0.493055660 0.861574407
1561001048.284323692 -272.883289 41.540235 14.702692 0.081501287 0.090320640 0.493566629 0.861157189
1561001048.382706404 -273.190948 41.315802 14.728436 0.081609364 0.091210613 0.493934113 0.860842395
1561001048.482937098 -273.505285 41.086173 14.750733 0.081519032 0.092013807 0.494343602 0.860530365
1561001048.584648371 -273.812224 40.868234 14.772614 0.081577364 0.092420024 0.495129216 0.860029495
1561001048.685214043 -274.125400 40.644928 14.802733 0.081908376 0.091677917 0.496264908 0.859422666
1561001048.784650564 -274.419640 40.413448 14.823597 0.081697862 0.091127429 0.497488251 0.858793742
1561001048.882723331 -274.737144 40.178653 14.853996 0.082031486 0.090608644 0.498769151 0.858073565
1561001048.985802650 -275.051756 39.939207 14.879393 0.082400668 0.090721261 0.500114537 0.857242809
1561001049.085938215 -275.359109 39.705593 14.899773 0.082289930 0.090999003 0.502599229 0.855769574
1561001049.184611797 -275.677117 39.454116 14.921305 0.082007660 0.090797886 0.504836705 0.854500081
1561001049.285605431 -275.990614 39.215164 14.943995 0.081948006 0.090649501 0.507123885 0.853166196
1561001049.383944273 -276.300081 38.972150 14.967361 0.082072510 0.089878361 0.510209543 0.851394272
1561001049.485827684 -276.610607 38.717640 14.990514 0.082652308 0.089694801 0.512554968 0.849947553
1561001049.584794760 -276.908371 38.459127 15.010744 0.082829968 0.089826914 0.516025564 0.847813623
1561001049.685948610 -277.221367 38.186137 15.029236 0.082891346 0.089798179 0.518824969 0.846100445
1561001049.785964012 -277.541821 37.921717 15.049761 0.081985305 0.089808767 0.521984828 0.844242048
1561001049.884330034 -277.857821 37.654629 15.077259 0.081395859 0.089998253 0.525160827 0.842307031
1561001049.985788584 -278.181528 37.367616 15.103504 0.081577958 0.090146651 0.528038503 0.840472461
1561001050.084744692 -278.488324 37.104768 15.127139 0.082731353 0.090944073 0.531029771 0.838386594
1561001050.184565067 -278.802438 36.818914 15.144827 0.083110678 0.091355794 0.534562614 0.836055946
1561001050.285571337 -279.117234 36.531526 15.160737 0.082744305 0.091327922 0.537836448 0.833993133
1561001050.385581255 -279.444567 36.226672 15.176242 0.081386990 0.090934147 0.541537603 0.831771701
1561001050.485752821 -279.765873 35.911639 15.198535 0.079786600 0.089637034 0.545152781 0.829703408
1561001050.586269379 -280.086465 35.613651 15.222777 0.078636874 0.089234190 0.549898488 0.826719514
1561001050.686586857 -280.404899 35.306302 15.249416 0.078223223 0.089190289 0.553756780 0.824184232
1561001050.787702084 -280.719026 34.982956 15.273655 0.077911107 0.089629181 0.558507198 0.820954432
1561001050.885810852 -281.028538 34.650704 15.292801 0.077758032 0.090346881 0.563918790 0.817182188
1561001050.987944365 -281.339648 34.307760 15.307826 0.076713354 0.090696149 0.569332724 0.813479882
1561001051.086416483 -281.642228 33.973014 15.322599 0.074829371 0.090456755 0.575403525 0.809400349
1561001051.187693119 -281.967235 33.625228 15.342758 0.072684739 0.090036581 0.582170510 0.804790557
1561001051.287593842 -282.269492 33.262640 15.368449 0.072996461 0.089095416 0.589237869 0.799707607
1561001051.386906385 -282.561516 32.905273 15.384270 0.073314954 0.088518299 0.596788395 0.794124071
1561001051.486081123 -282.858702 32.504288 15.393438 0.073141838 0.087118835 0.604544474 0.788407610
1561001051.585965633 -283.147051 32.113717 15.392316 0.070877640 0.086019759 0.613272198 0.781968140
1561001051.685472012 -283.414369 31.717452 15.402687 0.067838026 0.084192415 0.622924709 0.774773803
1561001051.787038803 -283.682135 31.282026 15.417991 0.065559134 0.083401808 0.631880016 0.767771961
1561001051.885551691 -283.940567 30.856180 15.446000 0.066439982 0.084140867 0.641888483 0.759266237
1561001051.987123013 -284.182920 30.420728 15.458020 0.067483527 0.085847651 0.651266116 0.750951797
1561001052.087395191 -284.426766 29.990862 15.456388 0.066718579 0.087141623 0.661142725 0.742189508
1561001052.188537359 -284.643304 29.563936 15.439890 0.063248679 0.087122594 0.670464537 0.734088934
1561001052.288499594 -284.864889 29.092156 15.444566 0.060071289 0.084020085 0.680159731 0.725751201
1561001052.387208223 -285.080552 28.630787 15.481012 0.061633498 0.081558641 0.689558123 0.716979146
1561001052.488564968 -285.292688 28.140621 15.500194 0.067323107 0.080705042 0.699033722 0.707323229
1561001052.587393999 -285.456561 27.646836 15.491660 0.069838938 0.081420364 0.708165091 0.697850594
1561001052.688647270 -285.606733 27.135959 15.457911 0.067496830 0.083039424 0.718995150 0.686727462
1561001052.788615704 -285.763928 26.626114 15.433959 0.061733287 0.084189501 0.729192730 0.676298079
1561001052.887225151 -285.909736 26.129065 15.450641 0.059439275 0.084340201 0.738947993 0.665814964
1561001052.988583565 -286.043832 25.625830 15.478104 0.061396379 0.085146257 0.748702070 0.654542443
1561001053.088000536 -286.156759 25.121098 15.473466 0.062979919 0.086570384 0.757598195 0.643882034
1561001053.187639475 -286.239393 24.584224 15.444543 0.062004098 0.086167953 0.767894734 0.631718492
1561001053.288678408 -286.313504 24.043649 15.430595 0.059785930 0.084958301 0.777609210 0.620106157
1561001053.387157440 -286.381076 23.514037 15.435557 0.060551116 0.084637345 0.786239405 0.609095789
1561001053.488769293 -286.431504 22.975796 15.430768 0.061681084 0.085470477 0.795315983 0.596961245
1561001053.587111712 -286.459608 22.400682 15.400858 0.061658710 0.085021832 0.803885848 0.585437472
1561001053.688352585 -286.480964 21.834454 15.367799 0.059329613 0.082049375 0.812964731 0.573442449
1561001053.788466215 -286.502104 21.271415 15.351392 0.057798941 0.077546040 0.821115393 0.562508138
1561001053.887021542 -286.499477 20.715947 15.342997 0.058492845 0.075295352 0.829273243 0.550649694
1561001053.987121582 -286.470725 20.135953 15.322278 0.059138026 0.074292682 0.837353664 0.538351310
1561001054.087251425 -286.419872 19.536840 15.293466 0.058244627 0.074161517 0.843978618 0.528022466
1561001054.188841343 -286.362352 18.948927 15.254215 0.055783494 0.074803903 0.851337372 0.516253094
1561001054.289001703 -286.289521 18.366178 15.226760 0.054323322 0.074656296 0.857869884 0.505504378
1561001054.389043093 -286.208365 17.790253 15.197800 0.054695617 0.073532684 0.863579992 0.495813404
1561001054.489046097 -286.118349 17.223049 15.159533 0.054256957 0.072412324 0.868377675 0.487578560
1561001054.588755369 -286.019777 16.633917 15.126749 0.053207555 0.071287167 0.872827179 0.479853948
1561001054.689153194 -285.899577 16.046883 15.098991 0.052298292 0.070325245 0.876747583 0.472898430
1561001054.789282084 -285.791110 15.458452 15.066340 0.051699968 0.071659123 0.880117413 0.466460527
1561001054.887433290 -285.663220 14.859095 15.026310 0.050932064 0.071790512 0.883700215 0.459702053
1561001054.988718748 -285.543795 14.248411 14.992358 0.050375054 0.070534812 0.887370540 0.452836306
1561001055.088760853 -285.399129 13.646097 14.958869 0.051207463 0.068335045 0.890142897 0.447608915
1561001055.188452959 -285.250716 13.035551 14.923180 0.052116611 0.066787847 0.893166456 0.441675135
1561001055.288682222 -285.101176 12.436448 14.880167 0.052326828 0.066515708 0.895904769 0.436110316
1561001055.388660669 -284.936114 11.848663 14.839454 0.051739278 0.066095711 0.898845777 0.430151919
1561001055.489235640 -284.760032 11.256796 14.796316 0.050469964 0.066022839 0.901107545 0.425557235
1561001055.587567329 -284.607972 10.675046 14.757631 0.050553575 0.066204883 0.903617906 0.420161790
1561001055.688968658 -284.420099 10.058844 14.712560 0.050794188 0.066025567 0.905978207 0.415047063
1561001055.788998604 -284.226437 9.453806 14.665362 0.050739785 0.064886585 0.908372147 0.409969813
1561001055.887397051 -284.010395 8.843250 14.613745 0.049613346 0.063298731 0.910339569 0.405972481
1561001055.988837242 -283.813461 8.250201 14.565153 0.047746600 0.062269909 0.912130488 0.402319145
1561001056.087354183 -283.619846 7.655494 14.526290 0.047620273 0.060778530 0.914267793 0.397684148
1561001056.188796043 -283.414210 7.059043 14.482076 0.049306849 0.059440947 0.915752922 0.394248900
1561001056.289220572 -283.204459 6.485976 14.431233 0.050151456 0.058305333 0.917425797 0.390403927
1561001056.388934612 -282.989253 5.904431 14.385105 0.049111629 0.059122175 0.917985316 0.389095843
1561001056.489039183 -282.793572 5.343938 14.343240 0.047253020 0.060311483 0.917981429 0.389152636
1561001056.589157343 -282.582680 4.777667 14.298824 0.044242621 0.062403117 0.918139990 0.388802521
1561001056.690208673 -282.384359 4.191551 14.259004 0.041913891 0.063968931 0.917644168 0.389974848
1561001056.790133476 -282.203980 3.635596 14.216318 0.040616810 0.062493012 0.917463293 0.390776156
1561001056.889648676 -282.010874 3.066646 14.179777 0.040622841 0.059641983 0.917313550 0.391571793
1561001056.989887476 -281.817156 2.512975 14.142720 0.040693019 0.057592892 0.917478163 0.391485578
1561001057.088593960 -281.639904 1.969011 14.116896 0.041690505 0.057104686 0.917636733 0.391080277
1561001057.189893723 -281.439299 1.407698 14.074844 0.041929910 0.057028621 0.917847070 0.390571857
1561001057.289996862 -281.254237 0.910376 14.026858 0.040974417 0.056830963 0.917725221 0.390988181
1561001057.388690948 -281.079890 0.389221 13.995847 0.039735362 0.055777113 0.918069448 0.390459349
1561001057.490047455 -280.913161 -0.133489 13.965205 0.037993246 0.055852636 0.918507039 0.389591857
1561001057.590004206 -280.741042 -0.647774 13.935135 0.036787243 0.056136988 0.918774271 0.389036213
1561001057.689964771 -280.558630 -1.156796 13.902473 0.036089206 0.056347457 0.918718971 0.389201729
1561001057.790200949 -280.390840 -1.631562 13.870699 0.035507879 0.056828837 0.919330928 0.387737435
1561001057.890137911 -280.226434 -2.097273 13.832730 0.034943724 0.056771226 0.919493338 0.387411881
1561001057.990380526 -280.048804 -2.602728 13.809470 0.032733468 0.057085868 0.919777889 0.386882874
1561001058.088928223 -279.872150 -3.090270 13.793168 0.027197157 0.061284837 0.919956763 0.386243495
1561001058.190022469 -279.712501 -3.566125 13.778371 0.023397733 0.064041397 0.920153721 0.385575382
1561001058.291175842 -279.545692 -4.050866 13.744333 0.023414789 0.062241181 0.920413743 0.385248393
1561001058.391206264 -279.402275 -4.509149 13.691586 0.029276555 0.055608107 0.920813772 0.384905987
1561001058.491060495 -279.228446 -4.992018 13.643123 0.035412776 0.048988739 0.920800885 0.385320346
1561001058.590013981 -279.044920 -5.481179 13.614694 0.039827522 0.043405630 0.921327628 0.384298221
1561001058.691048622 -278.850480 -6.002895 13.594846 0.039947165 0.043630622 0.921135370 0.384720967
1561001058.791085720 -278.660788 -6.491801 13.572665 0.037224143 0.046375775 0.920899196 0.385238006
1561001058.883384228 -278.498408 -6.943081 13.533672 0.030500938 0.051927298 0.920942880 0.385016181
1561001058.983612299 -278.329657 -7.430112 13.491136 0.024915773 0.056347846 0.921103325 0.384412264
1561001059.082769156 -278.180578 -7.875327 13.449183 0.022394367 0.058061624 0.920172391 0.386536040
1561001059.183719873 -278.020170 -8.338023 13.425223 0.025668332 0.054127897 0.919883324 0.387589960
1561001059.283688068 -277.851069 -8.817548 13.396222 0.028462080 0.050216414 0.919869778 0.387953366
1561001059.384047747 -277.679668 -9.313079 13.365982 0.029472319 0.048563776 0.919837637 0.388164481
1561001059.483585358 -277.506735 -9.803587 13.332695 0.028218373 0.048369064 0.919974906 0.387956607
1561001059.582391024 -277.349761 -10.294111 13.303812 0.027464058 0.049681314 0.919673830 0.388558283
1561001059.682520390 -277.183586 -10.768554 13.271895 0.025542689 0.049806936 0.919222101 0.389740387
1561001059.782324314 -277.027387 -11.241746 13.246241 0.026306102 0.049597412 0.918979879 0.390287161
1561001059.883408785 -276.879477 -11.707305 13.210713 0.026986129 0.049303491 0.918430932 0.391568051
1561001059.983484745 -276.727985 -12.161615 13.182283 0.027300659 0.047822919 0.918129385 0.392436078
1561001060.082146168 -276.567364 -12.643962 13.152056 0.026722195 0.046516644 0.917685872 0.393668345
1561001060.183033705 -276.391956 -13.115143 13.120309 0.026351679 0.046173139 0.916928623 0.395494034
1561001060.283139467 -276.231061 -13.569420 13.091541 0.026994376 0.046198398 0.916849914 0.395630189
1561001060.382140636 -276.075233 -14.008990 13.055578 0.026191277 0.046493912 0.916124258 0.397326915
1561001060.483460426 -275.932740 -14.459775 13.022575 0.025641747 0.045606340 0.915996148 0.397760756
1561001060.582479239 -275.789158 -14.895173 12.995692 0.025138227 0.045561096 0.915960742 0.397879598
1561001060.683787346 -275.654696 -15.337446 12.968537 0.025189026 0.045695256 0.915221466 0.399558663
1561001060.784933805 -275.514916 -15.749906 12.944442 0.024394449 0.046369197 0.915158912 0.399673584
1561001060.884977102 -275.394162 -16.157069 12.918774 0.024055241 0.048176677 0.914798090 0.400305892
1561001060.983646870 -275.282976 -16.548764 12.895034 0.022686170 0.048608208 0.914973647 0.399932251
1561001061.082944870 -275.158924 -16.964772 12.873156 0.022058591 0.047980318 0.914798098 0.400444438
1561001061.185359716 -275.021894 -17.371144 12.849758 0.021644929 0.047837434 0.915359014 0.399200393
1561001061.284133673 -274.895699 -17.757874 12.832893 0.022944273 0.048549748 0.914915535 0.400057554
1561001061.384082556 -274.765706 -18.152806 12.809400 0.022867199 0.049917727 0.915169313 0.399312460
1561001061.484185696 -274.620958 -18.555576 12.781584 0.023619745 0.050131277 0.915076966 0.399453513
1561001061.582356691 -274.480905 -18.938351 12.751895 0.018822764 0.052081200 0.915551974 0.398368970
1561001061.684498310 -274.360683 -19.345193 12.747904 0.012415777 0.056251794 0.915494231 0.398185758
1561001061.784070730 -274.234850 -19.726831 12.757984 0.006918938 0.059836207 0.915511733 0.397756235
1561001061.882775545 -274.119892 -20.109668 12.761948 0.008527049 0.062333415 0.915785228 0.396710539
1561001061.984380245 -273.999199 -20.483167 12.747889 0.013143894 0.062379933 0.915740161 0.396681157
1561001062.082633257 -273.858355 -20.851597 12.695090 0.015615802 0.061639065 0.915871597 0.396403822
1561001062.183088303 -273.737977 -21.231851 12.632562 0.015761151 0.057384614 0.916009031 0.396719104
1561001062.283927917 -273.618264 -21.623998 12.601234 0.018582095 0.047235585 0.916613580 0.396538839
1561001062.384415865 -273.499316 -22.033609 12.574046 0.026575720 0.036769899 0.916847630 0.396651144
1561001062.484482050 -273.356533 -22.447406 12.572733 0.037155446 0.031662032 0.917054759 0.395761997
1561001062.582787037 -273.195805 -22.880670 12.550064 0.040583408 0.035027721 0.917302798 0.394565106
1561001062.684537411 -273.028942 -23.301477 12.521904 0.039066434 0.040063840 0.917247272 0.394368031
1561001062.783223391 -272.876284 -23.721124 12.477161 0.032416587 0.044064475 0.917500980 0.393953599
1561001062.884403229 -272.731586 -24.145014 12.434491 0.026205063 0.045656086 0.917586377 0.394035605
1561001062.984252930 -272.604775 -24.555207 12.412223 0.021489420 0.047919958 0.917852562 0.393431769
1561001063.082421780 -272.477361 -24.961532 12.388071 0.019365067 0.053554969 0.917598656 0.393407634
1561001063.184089899 -272.330852 -25.365600 12.365950 0.019886130 0.056767740 0.917820063 0.392413426
1561001063.282417297 -272.180345 -25.770997 12.334406 0.021208449 0.056397217 0.917949861 0.392093876
1561001063.385558367 -272.028207 -26.202899 12.307591 0.023125817 0.054046264 0.918178860 0.391780269
1561001063.485841036 -271.870725 -26.628409 12.279963 0.022865821 0.052522884 0.918276966 0.391772784
1561001063.583967686 -271.740488 -27.058228 12.252599 0.022571668 0.053337986 0.917998571 0.392331752
1561001063.685844183 -271.573979 -27.505033 12.231336 0.021680501 0.053083468 0.918276891 0.391764792
1561001063.784738302 -271.431053 -27.934685 12.213266 0.022774573 0.054478876 0.918517985 0.390945113
1561001063.884446383 -271.271770 -28.370998 12.188434 0.023354728 0.055442409 0.918848836 0.389996812
1561001063.985860348 -271.126132 -28.831487 12.156424 0.023618706 0.055750670 0.918855005 0.389922427
1561001064.084208965 -270.972547 -29.273507 12.135071 0.024114608 0.054913531 0.918890292 0.389927712
1561001064.185669899 -270.804060 -29.727106 12.103385 0.023958035 0.054724984 0.918917110 0.389900671
1561001064.284376144 -270.637845 -30.195522 12.081444 0.023534570 0.055304206 0.918899924 0.389885237
1561001064.385807276 -270.473345 -30.671553 12.055651 0.023225256 0.056179619 0.919210195 0.389046342
1561001064.485794783 -270.304240 -31.133092 12.031760 0.023632525 0.056603074 0.919156001 0.389088475
1561001064.584135056 -270.138066 -31.581736 12.003034 0.023748543 0.057079194 0.919123472 0.389088698
1561001064.685810089 -269.955281 -32.058716 11.968285 0.024065020 0.057645065 0.919278088 0.388620274
1561001064.784161806 -269.803239 -32.542396 11.937345 0.024073966 0.056953640 0.919539489 0.388102892
1561001064.885569811 -269.625816 -33.020328 11.912316 0.023089742 0.056025961 0.920142868 0.386865684
1561001064.985643148 -269.456076 -33.508803 11.893609 0.023229455 0.056576690 0.919905970 0.387340259
1561001065.085786581 -269.279379 -33.988841 11.875078 0.023403866 0.057096328 0.920315561 0.386279092
1561001065.186112881 -269.112769 -34.453257 11.854075 0.024306582 0.056973893 0.920378337 0.386091806
1561001065.284489393 -268.941026 -34.933553 11.820940 0.023665469 0.056824620 0.920624960 0.385565288
1561001065.385910034 -268.750067 -35.418293 11.790012 0.024545729 0.056802356 0.920771046 0.385164484
1561001065.485925913 -268.567013 -35.922494 11.765995 0.025416987 0.056620652 0.920716877 0.385264209
1561001065.584256887 -268.387051 -36.398828 11.735242 0.024861880 0.056415231 0.920535750 0.385763063
1561001065.686115265 -268.229186 -36.861855 11.711084 0.025185832 0.056336861 0.920598357 0.385604069
1561001065.784687757 -268.068253 -37.328339 11.685534 0.025027747 0.056638423 0.920413881 0.386010347
1561001065.886231422 -267.887049 -37.798150 11.653008 0.023834420 0.056713247 0.920143217 0.386719523
1561001065.985972166 -267.720493 -38.266544 11.624350 0.024408851 0.056724330 0.919691060 0.387756253
1561001066.084078074 -267.558265 -38.733398 11.605841 0.025042483 0.056150193 0.919939922 0.387208690
1561001066.185680389 -267.398820 -39.204373 11.579945 0.025337690 0.055785939 0.919758421 0.387673030
1561001066.284209013 -267.248485 -39.667140 11.550772 0.024529597 0.055287728 0.919980724 0.387268685
1561001066.385867834 -267.090874 -40.127630 11.529287 0.025015620 0.054742789 0.919646804 0.388107203
1561001066.487525940 -266.935152 -40.603663 11.505828 0.025149958 0.054546399 0.919393762 0.388725199
1561001066.587247372 -266.765827 -41.052476 11.470703 0.024624853 0.054229702 0.919478059 0.388603724
1561001066.688665390 -266.598025 -41.515677 11.440044 0.023771172 0.053738956 0.919389408 0.388934664
1561001066.787299633 -266.450969 -41.957537 11.416105 0.024756462 0.053574386 0.919050987 0.389694992
1561001066.888620138 -266.299855 -42.416914 11.395314 0.024420165 0.052688298 0.919331156 0.389175827
1561001066.988610029 -266.142771 -42.853704 11.366498 0.023186931 0.052189985 0.919318642 0.389347924
1561001067.087073803 -265.993882 -43.314607 11.344455 0.024265143 0.051459414 0.919365987 0.389267664
1561001067.188369751 -265.835721 -43.776278 11.306796 0.023405921 0.050602190 0.919384725 0.389388377
1561001067.286655903 -265.661530 -44.223759 11.274749 0.022308317 0.050058746 0.919391405 0.389507259
1561001067.388001680 -265.507977 -44.688099 11.258392 0.021315715 0.050018584 0.919661231 0.388930588
1561001067.488376617 -265.348260 -45.139939 11.239962 0.021153675 0.050367828 0.920117646 0.387813257
1561001067.586827517 -265.196479 -45.579337 11.205670 0.021400618 0.051192061 0.920072447 0.387799019
1561001067.688380718 -265.031568 -46.019945 11.171388 0.018776606 0.051729694 0.920147137 0.387686373
1561001067.787022114 -264.874659 -46.410573 11.160883 0.012999595 0.053993902 0.920859455 0.385919075
1561001067.888447046 -264.732437 -46.840486 11.156483 0.006320330 0.058767156 0.920529602 0.386175771
1561001067.988378763 -264.572466 -47.260839 11.160846 0.003618712 0.060784319 0.920147290 0.386808913
1561001068.088319778 -264.435984 -47.682692 11.151133 0.004601307 0.060691027 0.920611785 0.385706324
1561001068.188484192 -264.295558 -48.098297 11.114768 0.006592680 0.058793101 0.920591387 0.386019955
1561001068.287070751 -264.144481 -48.511729 11.071136 0.011436693 0.054741492 0.920728241 0.386176225
1561001068.389976263 -263.966336 -48.949815 11.032445 0.016075590 0.045552200 0.920930856 0.386720740
1561001068.489779949 -263.817489 -49.389644 11.005278 0.025756189 0.034849864 0.921524829 0.385893891
1561001068.588541746 -263.653845 -49.853377 10.981456 0.031084026 0.030304909 0.921500057 0.385944350
1561001068.689914227 -263.479728 -50.344120 10.942134 0.028741103 0.033283050 0.921892061 0.384943133
1561001068.788717270 -263.328531 -50.788197 10.910448 0.023971804 0.038869527 0.921935617 0.384641691
1561001068.890141726 -263.165121 -51.220797 10.883226 0.018252401 0.043410640 0.921574091 0.385335648
1561001068.988807440 -263.013452 -51.666764 10.858004 0.013397538 0.047793784 0.921646145 0.384843661
1561001069.089428186 -262.841085 -52.142690 10.821703 0.009359580 0.051917642 0.921125711 0.385673931
1561001069.190011501 -262.687367 -52.582373 10.794018 0.008191326 0.052422560 0.921032320 0.385855209
1561001069.288758755 -262.533919 -53.013695 10.775848 0.010926078 0.049919255 0.920943753 0.386330548
1561001069.390188932 -262.363557 -53.462348 10.758996 0.012884205 0.047440391 0.920754326 0.387033432
1561001069.491412163 -262.201295 -53.924144 10.733283 0.013011267 0.046535280 0.920953453 0.386665116
1561001069.590254784 -262.031027 -54.413688 10.700325 0.012190110 0.047126148 0.920811829 0.386957496
1561001069.691448450 -261.873651 -54.905514 10.673682 0.011519306 0.047584623 0.921242455 0.385895515
1561001069.790375471 -261.701393 -55.370313 10.650898 0.010473605 0.047682358 0.920731697 0.387130261
1561001069.891555548 -261.531320 -55.853787 10.628396 0.010825186 0.047565827 0.920755952 0.387077233
1561001069.991385698 -261.353050 -56.341907 10.605974 0.010530379 0.046997679 0.920476893 0.387817766
1561001070.091350317 -261.178093 -56.847145 10.580926 0.009918637 0.046927362 0.920884377 0.386873890
1561001070.191238165 -260.999243 -57.341693 10.548776 0.010672840 0.046755903 0.920519538 0.387741867
1561001070.289928913 -260.834703 -57.834442 10.525676 0.010113552 0.047044525 0.920662065 0.387383390
1561001070.392473221 -260.656587 -58.347873 10.496704 0.010313089 0.047580634 0.920557997 0.387559928
1561001070.481939077 -260.491919 -58.821265 10.476492 0.009837970 0.048180233 0.920869373 0.386757648
1561001070.583059311 -260.307653 -59.335602 10.449003 0.010030274 0.048833525 0.920775697 0.386893778
1561001070.683089256 -260.117769 -59.826693 10.421474 0.009311699 0.049142969 0.920626137 0.387228326
1561001070.782217503 -259.934974 -60.323734 10.395015 0.009122067 0.048978217 0.920573905 0.387377861
1561001070.883188009 -259.751551 -60.845079 10.362694 0.009292718 0.049934862 0.920984295 0.386274622
1561001070.983183146 -259.568477 -61.346193 10.347793 0.009779098 0.049213509 0.920824581 0.386735686
1561001071.082998991 -259.388688 -61.862502 10.320957 0.009547041 0.049587763 0.920920391 0.386465447
1561001071.183083773 -259.193872 -62.390132 10.299534 0.009745672 0.049062936 0.920978441 0.386389132
1561001071.282132864 -259.003224 -62.925302 10.276407 0.009823237 0.049667153 0.921138329 0.385928565
1561001071.383422852 -258.822177 -63.438986 10.254805 0.009508105 0.050274516 0.920838918 0.386571800
1561001071.483483076 -258.643102 -63.958519 10.228400 0.009180171 0.051606912 0.920486666 0.387242494
1561001071.583646774 -258.436490 -64.485299 10.206627 0.008904401 0.051635468 0.920347798 0.387575053
1561001071.683470726 -258.253504 -65.010511 10.182512 0.008413647 0.052280885 0.920083382 0.388126898
1561001071.782249451 -258.056608 -65.531502 10.165695 0.008231851 0.051751349 0.920186491 0.387957287
1561001071.883247137 -257.864688 -66.083489 10.139984 0.009676881 0.052007215 0.920146414 0.387984773
1561001071.983281374 -257.671211 -66.603843 10.123391 0.009640294 0.051676218 0.919587655 0.389352255
1561001072.083230257 -257.478352 -67.142303 10.093704 0.010822547 0.051409472 0.919423709 0.389743482
1561001072.183196306 -257.299503 -67.666828 10.070420 0.010896644 0.051081163 0.919757572 0.388996127
1561001072.283281565 -257.102486 -68.214378 10.042533 0.011253542 0.051605955 0.919433296 0.389682687
1561001072.383306742 -256.901099 -68.760104 10.027435 0.010589506 0.051213574 0.919693797 0.389137960
1561001072.483091116 -256.711536 -69.297424 10.011050 0.009980240 0.051695108 0.919444469 0.389679201
1561001072.583111048 -256.526638 -69.840453 9.989939 0.010374606 0.051929746 0.919393389 0.389758213
1561001072.683095932 -256.335841 -70.367080 9.966029 0.010075859 0.052201509 0.919485702 0.389511905
1561001072.781921387 -256.147654 -70.898968 9.934705 0.011157278 0.053153977 0.919877900 0.388426080
1561001072.883060217 -255.945340 -71.441505 9.910080 0.011533835 0.052819568 0.920029158 0.388102323
1561001072.983287334 -255.759773 -71.969431 9.885363 0.012732270 0.053832456 0.919819365 0.388422826
1561001073.082601309 -255.575399 -72.507205 9.858801 0.012373836 0.053875945 0.920009655 0.387977456
1561001073.185176849 -255.384389 -73.046809 9.837093 0.012467214 0.054045124 0.920255445 0.387367539
1561001073.283574343 -255.185588 -73.571623 9.819730 0.011335579 0.054555175 0.920302743 0.387218413
1561001073.383621693 -254.986473 -74.096349 9.800189 0.011491263 0.055724962 0.920362789 0.386904402
1561001073.483099222 -254.807412 -74.619968 9.782954 0.011440896 0.056360111 0.920466029 0.386568148
1561001073.582269430 -254.623744 -75.146209 9.751804 0.011557102 0.057179247 0.920293530 0.386854993
1561001073.683149099 -254.428301 -75.683634 9.732359 0.010779131 0.057150896 0.920339837 0.386771471
1561001073.781948090 -254.243170 -76.211839 9.711505 0.010623451 0.057040763 0.920558032 0.386272446
1561001073.883282185 -254.048675 -76.757502 9.689073 0.011368609 0.056519417 0.920494655 0.386478848
1561001073.982235670 -253.872171 -77.307591 9.665335 0.012232833 0.056727575 0.920523771 0.386352593
1561001074.083472252 -253.664929 -77.860771 9.646464 0.011169843 0.056572326 0.920379763 0.386750434
1561001074.183619499 -253.462236 -78.404362 9.623960 0.010870715 0.056390647 0.920311133 0.386948757
1561001074.282670736 -253.286845 -78.931076 9.605887 0.011134603 0.054864215 0.920725698 0.386173702
1561001074.383072138 -253.098813 -79.485244 9.588828 0.010846526 0.054721631 0.920186589 0.387484887
1561001074.482825279 -252.890266 -80.056399 9.568924 0.010917848 0.053966152 0.920144124 0.387689626
1561001074.583816051 -252.688642 -80.587086 9.528334 0.010974144 0.054025565 0.920422075 0.387019393
1561001074.683584929 -252.479091 -81.140698 9.506657 0.010936387 0.052618718 0.920924960 0.386016689
1561001074.782573938 -252.279325 -81.696677 9.489244 0.011034130 0.052181569 0.921103170 0.385647874
1561001074.883599281 -252.085080 -82.262024 9.468262 0.011152130 0.052927792 0.921108977 0.385528898
1561001074.982517719 -251.876093 -82.806111 9.448684 0.010507991 0.053888245 0.920940465 0.385816406
1561001075.083357573 -251.675592 -83.373266 9.426631 0.010319270 0.053671803 0.921208218 0.385211981
1561001075.184128046 -251.470199 -83.944038 9.393442 0.010465114 0.053736385 0.921350921 0.384857588
1561001075.283576488 -251.277317 -84.503596 9.371175 0.011192174 0.052940159 0.921733323 0.384030930
1561001075.384193420 -251.067518 -85.047083 9.344525 0.012180905 0.051950295 0.922002512 0.383489454
1561001075.482441187 -250.871139 -85.597171 9.315927 0.013114636 0.052147446 0.922085290 0.383232787
1561001075.584443092 -250.657228 -86.163437 9.288764 0.012740001 0.052160203 0.921888017 0.383717983
1561001075.684878588 -250.445208 -86.716454 9.263673 0.012275389 0.052146447 0.921943656 0.383601302
1561001075.783499002 -250.246955 -87.256630 9.231839 0.012473785 0.051901277 0.922175446 0.383070633
1561001075.884480476 -250.042673 -87.811563 9.212399 0.011328175 0.052032478 0.922367738 0.382625207
1561001075.983170748 -249.850262 -88.351557 9.191373 0.011780689 0.051650202 0.922232506 0.382989134
1561001076.084552526 -249.642456 -88.901712 9.164789 0.011511572 0.051688837 0.922561686 0.382198488
1561001076.184798956 -249.433649 -89.447579 9.140708 0.011495136 0.052109832 0.922343563 0.382667976
1561001076.282488346 -249.243260 -89.968557 9.120445 0.011458914 0.052377948 0.922514920 0.382219135
1561001076.384285212 -249.025159 -90.511743 9.097751 0.011294733 0.052684133 0.922968471 0.381085310
1561001076.482762575 -248.845194 -91.042351 9.080622 0.011784659 0.053760944 0.922626900 0.381746625
1561001076.583029270 -248.648790 -91.578085 9.057570 0.012794011 0.054037461 0.922688571 0.381525971
1561001076.684256077 -248.453885 -92.111765 9.038222 0.013063252 0.053874518 0.922122660 0.382905587
1561001076.782493114 -248.253710 -92.633503 9.013962 0.013683925 0.054106807 0.922096509 0.382914131
1561001076.884339333 -248.055494 -93.156313 8.992911 0.014067417 0.054056392 0.921988592 0.383167131
1561001076.983100176 -247.856939 -93.649261 8.969034 0.013819205 0.053953762 0.921853386 0.383515784
1561001077.084511042 -247.663245 -94.175277 8.945908 0.014048526 0.054025628 0.921660337 0.383961057
1561001077.184492826 -247.502179 -94.671247 8.922528 0.014221244 0.054312881 0.921427381 0.384472950
1561001077.282763243 -247.329481 -95.166758 8.902917 0.014193019 0.054295010 0.920887106 0.385768775
1561001077.384581327 -247.145225 -95.689941 8.878546 0.013718432 0.054357096 0.920788921 0.386011493
1561001077.483135462 -246.960179 -96.183340 8.859051 0.013409008 0.054407563 0.920733370 0.386147740
1561001077.584319115 -246.761585 -96.683269 8.838819 0.013016982 0.054418377 0.920412750 0.386923206
1561001077.684247017 -246.592330 -97.171005 8.812495 0.013771772 0.054199142 0.920126684 0.387607633
1561001077.782429457 -246.414458 -97.650161 8.792603 0.013357300 0.053221795 0.919920564 0.388246287
1561001077.884387255 -246.256635 -98.147230 8.776140 0.013059672 0.053347041 0.919858045 0.388387326
1561001077.983203411 -246.094015 -98.613431 8.759956 0.012997011 0.052785087 0.920129796 0.387822088
1561001078.084416151 -245.908071 -99.083624 8.739065 0.013319036 0.052340939 0.920114777 0.387906983
1561001078.184631824 -245.733704 -99.530247 8.716072 0.012956764 0.052647306 0.919883232 0.388426599
1561001078.282338142 -245.596357 -99.936708 8.701022 0.012600359 0.052920882 0.919427118 0.389479634
1561001078.384208202 -245.445889 -100.379043 8.690318 0.012523408 0.053346010 0.919669398 0.388851599
1561001078.482391357 -245.306275 -100.786545 8.673787 0.012404084 0.054661603 0.919598334 0.388840779
1561001078.582772493 -245.156235 -101.199750 8.658781 0.011836035 0.055176245 0.919457130 0.389119617
1561001078.684144497 -245.016127 -101.611491 8.644638 0.011215303 0.055396634 0.919333708 0.389398206
1561001078.784902334 -244.865481 -102.023980 8.621985 0.010877095 0.055684623 0.919147730 0.389805544
1561001078.884029627 -244.732388 -102.422982 8.613797 0.010801687 0.054983549 0.918879447 0.390538980
1561001078.983920813 -244.583796 -102.834568 8.598365 0.011732876 0.055786167 0.918760025 0.390679228
1561001079.085351944 -244.439227 -103.238992 8.585837 0.012489872 0.055973228 0.918551435 0.391119243
1561001079.185181856 -244.303837 -103.645722 8.568609 0.012441982 0.056674673 0.918661901 0.390760144
1561001079.283475876 -244.168374 -104.048505 8.555164 0.013320534 0.055963935 0.918718953 0.390699483
1561001079.385140181 -244.028915 -104.453778 8.541185 0.012515306 0.055808797 0.918190329 0.391988857
1561001079.483640909 -243.911678 -104.840705 8.528698 0.012148038 0.055662840 0.918180011 0.392045331
1561001079.585520744 -243.781074 -105.250090 8.511889 0.012075828 0.056220932 0.917848553 0.392743447
1561001079.685577631 -243.639614 -105.658504 8.498117 0.011820127 0.056578118 0.918129701 0.392042157
1561001079.783645391 -243.491964 -106.045856 8.481103 0.012204109 0.056341998 0.918141202 0.392037463
1561001079.885437727 -243.348110 -106.429317 8.462214 0.012333437 0.056459370 0.918156152 0.391981512
1561001079.985482454 -243.209970 -106.820577 8.447831 0.012487180 0.055897512 0.918459906 0.391345040
1561001080.085436821 -243.087135 -107.193219 8.437017 0.012309064 0.056576582 0.918396465 0.391401982
1561001080.185312510 -242.938886 -107.562665 8.422307 0.012218225 0.056994721 0.918457128 0.391201765
1561001080.284849644 -242.806745 -107.929552 8.410896 0.012119666 0.057146571 0.919085270 0.389704568
1561001080.385543823 -242.666610 -108.287516 8.399136 0.012350618 0.056198413 0.919297300 0.389334912
1561001080.484827042 -242.558316 -108.621382 8.384947 0.012333295 0.055708453 0.919161476 0.389726365
1561001080.585418224 -242.433563 -108.950961 8.366570 0.012561908 0.055825236 0.919130204 0.389776101
1561001080.685405970 -242.322879 -109.280843 8.360455 0.012180925 0.055348052 0.919137379 0.389839321
1561001080.784578800 -242.210117 -109.610277 8.352513 0.011866768 0.055691855 0.919723700 0.388414615
1561001080.885074615 -242.099418 -109.922385 8.339546 0.012235896 0.055511157 0.919787931 0.388276906
1561001080.983289003 -241.996987 -110.212981 8.328051 0.012300523 0.055748529 0.920074449 0.387561360
1561001081.084763527 -241.888264 -110.506462 8.318518 0.011791227 0.055865501 0.920118989 0.387454589
1561001081.184940577 -241.786075 -110.809538 8.305277 0.011583216 0.056049236 0.920244027 0.387137240
1561001081.283399343 -241.677564 -111.106842 8.290057 0.011267369 0.056266755 0.920154318 0.387328195
1561001081.385087013 -241.577877 -111.406330 8.277099 0.010305731 0.056020827 0.920847931 0.385738963
1561001081.483713627 -241.475806 -111.679090 8.273367 0.009990357 0.055497531 0.920614588 0.386379344
1561001081.585238934 -241.360458 -111.982623 8.269575 0.010345778 0.055408503 0.920994754 0.385475715
1561001081.686723471 -241.260858 -112.281643 8.265400 0.010875997 0.055105005 0.921243553 0.384909687
1561001081.786685944 -241.153949 -112.573481 8.251444 0.011218038 0.055757212 0.920918646 0.385582853
1561001081.887049198 -241.055654 -112.874786 8.236123 0.010650942 0.055952130 0.921043779 0.385271689
1561001081.985136747 -240.950062 -113.175042 8.221603 0.010820817 0.055752118 0.921239645 0.384827399
1561001082.087326765 -240.834397 -113.477444 8.202533 0.009976187 0.055675719 0.921125629 0.385134087
1561001082.186716318 -240.731244 -113.766113 8.192924 0.007979370 0.056316781 0.921146551 0.385037377
1561001082.285029411 -240.619821 -114.056632 8.196023 0.004501928 0.058870714 0.921241802 0.384483438
1561001082.386585474 -240.527813 -114.325082 8.208770 0.001342754 0.062749693 0.920886420 0.384745207
1561001082.484943867 -240.429605 -114.589303 8.217422 0.000659407 0.066031808 0.920834786 0.384321040
1561001082.587628126 -240.324698 -114.853845 8.223501 0.000892561 0.067081539 0.921194689 0.383274856
1561001082.686302662 -240.221778 -115.118854 8.207301 0.001372352 0.069385517 0.920768971 0.383885751
1561001082.787648916 -240.110658 -115.387851 8.187771 0.000761244 0.069391285 0.920916068 0.383533396
1561001082.887762547 -240.020691 -115.653492 8.167955 -0.000329197 0.068942184 0.920808347 0.383873489
1561001082.987987041 -239.928478 -115.925661 8.155308 -0.001304627 0.067526315 0.921508603 0.382440047
1561001083.087826014 -239.830973 -116.204768 8.153779 -0.000952087 0.065526466 0.921379596 0.383099225
1561001083.188112020 -239.735526 -116.503805 8.157569 0.002621929 0.061650377 0.921440546 0.383587900
1561001083.287912607 -239.637322 -116.793668 8.155700 0.007215812 0.056913183 0.921944715 0.383049297
1561001083.387866974 -239.541205 -117.084980 8.154371 0.011278718 0.053324510 0.922035810 0.383248290
1561001083.486412525 -239.422443 -117.355825 8.140200 0.013745233 0.051612716 0.921924633 0.383669346
1561001083.587736607 -239.317698 -117.633979 8.129656 0.015690766 0.050998124 0.921994174 0.383509757
1561001083.687691212 -239.206655 -117.896567 8.115946 0.016570395 0.051001475 0.921996115 0.383467647
1561001083.786313534 -239.095934 -118.158750 8.096733 0.016956253 0.051509412 0.921926000 0.383551453
1561001083.887817860 -238.985618 -118.422929 8.082552 0.016540810 0.050778743 0.922054760 0.383357458
1561001083.986575603 -238.893546 -118.665355 8.071833 0.016404154 0.050543846 0.922478640 0.382373354
1561001084.088142633 -238.794215 -118.936481 8.061969 0.016378761 0.050565683 0.922420214 0.382512478
1561001084.189690351 -238.696580 -119.186093 8.048988 0.015963030 0.051684127 0.922125850 0.383089872
1561001084.288906097 -238.604089 -119.441436 8.033953 0.014990221 0.052970831 0.922158364 0.382875092
1561001084.389524937 -238.515184 -119.698009 8.017346 0.014031990 0.054294046 0.922365992 0.382225373
1561001084.487960339 -238.418229 -119.947126 8.006159 0.012054700 0.055230462 0.922095928 0.382809849
1561001084.589037180 -238.329621 -120.213844 8.002064 0.011454497 0.055603717 0.922434404 0.381957841
1561001084.687825203 -238.230820 -120.448002 7.999535 0.011626838 0.056559729 0.922425725 0.381833204
1561001084.788902998 -238.126567 -120.700572 7.989771 0.012115872 0.056820358 0.922425350 0.381780207
1561001084.888893366 -238.029631 -120.947590 7.976786 0.012133151 0.057483431 0.922268581 0.382059036
1561001084.989115000 -237.936741 -121.197731 7.963208 0.011347420 0.058158138 0.922380760 0.381710100
1561001085.089356422 -237.841183 -121.450386 7.953449 0.010381921 0.060052183 0.922326388 0.381575662
1561001085.188716888 -237.734869 -121.695822 7.944488 0.009308999 0.060875183 0.922508951 0.381031218
1561001085.288328886 -237.655056 -121.920720 7.940303 0.008800903 0.061693518 0.922697255 0.380455293
1561001085.389575005 -237.567085 -122.166485 7.931898 0.008827845 0.062095520 0.922638116 0.380532683
1561001085.489211321 -237.475132 -122.411061 7.928289 0.008675221 0.061869955 0.922946489 0.379824470
1561001085.589471102 -237.387284 -122.651492 7.919700 0.008108139 0.062064760 0.923234238 0.379105217
1561001085.689117432 -237.311138 -122.887035 7.916665 0.007743246 0.061805101 0.923149417 0.379361735
1561001085.789865255 -237.219424 -123.133725 7.913629 0.007286569 0.062483415 0.923410680 0.378623091
1561001085.889647245 -237.125567 -123.372315 7.910951 0.007155717 0.063693868 0.923809894 0.377448230
1561001085.988338232 -237.037390 -123.598659 7.903262 0.006647158 0.064776854 0.924718581 0.375040425
1561001086.089690447 -236.946262 -123.817631 7.898096 0.006442452 0.065038223 0.924865054 0.374637366
1561001086.188564301 -236.849853 -124.030261 7.895448 0.006013679 0.064813623 0.925739779 0.372516968
1561001086.289535522 -236.762609 -124.257814 7.890556 0.005270044 0.064909727 0.926525913 0.370551867
1561001086.389413595 -236.674171 -124.485659 7.888303 0.004529274 0.065081804 0.927480665 0.368135111
1561001086.489204407 -236.573886 -124.712456 7.884654 0.004581584 0.065584989 0.928730121 0.364880777
1561001086.590790749 -236.452957 -124.942978 7.879819 0.003730926 0.066623945 0.930053873 0.361313056
1561001086.689782381 -236.337851 -125.177373 7.885381 0.004061807 0.067005996 0.931387629 0.357785946
1561001086.789778709 -236.230986 -125.398913 7.867012 0.003863533 0.067137531 0.933182678 0.353054833
1561001086.890481472 -236.126573 -125.628388 7.849933 0.002224872 0.065947969 0.935082151 0.348234527
1561001086.989774704 -236.005407 -125.852884 7.845782 -0.000692725 0.062811116 0.937208344 0.343066764
1561001087.090443134 -235.892267 -126.085396 7.849727 -0.001784908 0.062982378 0.939236974 0.337437313
1561001087.189140797 -235.758828 -126.315092 7.861303 -0.001822310 0.064154066 0.941601361 0.330556820
1561001087.290183783 -235.617724 -126.545135 7.862341 -0.001687792 0.066231970 0.944439064 0.321939951
1561001087.390208960 -235.464980 -126.774366 7.852014 -0.002169019 0.066165302 0.947212749 0.313696440
1561001087.489197493 -235.306509 -126.998483 7.837451 -0.004016942 0.065278571 0.950005748 0.305305833
1561001087.590369701 -235.146498 -127.225887 7.834614 -0.005077932 0.063981890 0.953104946 0.295755801
1561001087.689253092 -234.979503 -127.451033 7.836582 -0.005478709 0.063821108 0.956220990 0.285549064
1561001087.790531874 -234.812772 -127.664974 7.834451 -0.005672327 0.065554142 0.959015088 0.275609399
1561001087.890367508 -234.623725 -127.867773 7.818110 -0.006807012 0.066051696 0.961944271 0.265054819
1561001087.989744425 -234.431234 -128.087164 7.801141 -0.008715080 0.064593506 0.965318197 0.252809228
1561001088.090362787 -234.251334 -128.306727 7.800675 -0.009126135 0.061754755 0.968335719 0.241720911
1561001088.189782381 -234.055626 -128.528865 7.800849 -0.007493415 0.060847634 0.971245283 0.230052201
1561001088.290704012 -233.842296 -128.744678 7.804163 -0.006716976 0.060949124 0.974281654 0.216830221
1561001088.383211851 -233.621123 -128.942174 7.797053 -0.007082552 0.062315631 0.977003548 0.203790744
1561001088.481944084 -233.378593 -129.146894 7.783248 -0.008920427 0.063136441 0.979694196 0.190088133
1561001088.583049536 -233.139231 -129.330279 7.768135 -0.010995770 0.061490048 0.982377079 0.176162830
1561001088.682126045 -232.882514 -129.528632 7.754185 -0.013058552 0.059081861 0.984880495 0.162324425
1561001088.782938957 -232.612326 -129.733617 7.739681 -0.013138393 0.056776014 0.987284652 0.147894834
1561001088.882764816 -232.333793 -129.922763 7.730034 -0.012895483 0.054302717 0.989568292 0.132813845
1561001088.982557535 -232.071547 -130.109571 7.735788 -0.011336320 0.052686411 0.991566406 0.117863022
1561001089.082492590 -231.769030 -130.288818 7.717085 -0.010503378 0.053698608 0.993266272 0.102118809
1561001089.181574821 -231.461563 -130.449694 7.704774 -0.008975203 0.053479733 0.994806820 0.086132190
1561001089.281428576 -231.133161 -130.602000 7.686235 -0.007932796 0.052990636 0.996092298 0.070208244
1561001089.382590294 -230.784099 -130.752286 7.656645 -0.009133861 0.051142151 0.997169576 0.054349706
1561001089.481361389 -230.436698 -130.892901 7.628315 -0.010403069 0.047665336 0.998105805 0.037477904
1561001089.582539797 -230.099386 -131.029351 7.618773 -0.012091946 0.044109109 0.998731803 0.021046522
1561001089.681478024 -229.739543 -131.171371 7.603812 -0.013865676 0.042956563 0.998973256 0.003861518
1561001089.782533884 -229.359313 -131.284192 7.591398 -0.014315437 0.042018931 0.998919549 -0.013755463
1561001089.882657528 -229.004868 -131.381530 7.587532 -0.013805348 0.040683526 0.998589889 -0.031184867
1561001089.982871771 -228.611237 -131.475914 7.558145 -0.015201119 0.041529852 0.997841837 -0.048537253
1561001090.082680941 -228.220777 -131.563947 7.527171 -0.016090270 0.040258476 0.996849630 -0.066416673
1561001090.181905270 -227.804920 -131.629495 7.499836 -0.016982028 0.037920712 0.995559612 -0.084467085
1561001090.282462835 -227.398060 -131.693285 7.473763 -0.017650864 0.034448690 0.994003966 -0.102263633
1561001090.382484913 -226.984839 -131.757842 7.446319 -0.018103911 0.031464822 0.991998510 -0.120918030
1561001090.482252598 -226.539916 -131.789145 7.423079 -0.018663051 0.028969573 0.989721738 -0.138792420
1561001090.582631588 -226.060105 -131.806266 7.397313 -0.019283100 0.026474858 0.987233287 -0.155877136
1561001090.681511641 -225.587724 -131.802438 7.374777 -0.019115252 0.024095224 0.983997051 -0.175510204
1561001090.782689095 -225.108898 -131.797541 7.343812 -0.018772014 0.022276661 0.980599137 -0.193847090
1561001090.882676601 -224.634635 -131.755894 7.315746 -0.018069223 0.020098251 0.976833415 -0.212287641
1561001090.981528997 -224.152645 -131.700938 7.281244 -0.018368520 0.016667483 0.972623992 -0.231057053
1561001091.082626343 -223.651448 -131.615263 7.247016 -0.019470585 0.014106769 0.968256708 -0.248798800
1561001091.181734085 -223.127816 -131.519317 7.215439 -0.019696142 0.011942245 0.963507458 -0.266688627
1561001091.283236027 -222.631519 -131.413834 7.189786 -0.019594844 0.010486781 0.958669184 -0.283653777
1561001091.383074284 -222.121347 -131.272900 7.163673 -0.018989135 0.009887069 0.953990549 -0.299071380
1561001091.483327389 -221.599553 -131.135104 7.131765 -0.018920795 0.009871379 0.949556348 -0.312869463
1561001091.583764553 -221.071105 -130.982620 7.096460 -0.020202322 0.009376013 0.945285763 -0.325482385
1561001091.687133789 -220.571673 -130.818334 7.058955 -0.021491093 0.010057985 0.941355588 -0.336580788
1561001091.787733078 -220.066494 -130.640706 7.022980 -0.022220056 0.009863748 0.938029210 -0.345702441
1561001091.887940884 -219.545590 -130.469532 6.989831 -0.022741873 0.008720937 0.935113624 -0.353509920
1561001091.986210823 -219.010474 -130.266870 6.953629 -0.023658690 0.007752798 0.932270311 -0.360904736
1561001092.087533474 -218.464582 -130.058377 6.920475 -0.024399663 0.007379612 0.929658841 -0.367538619
1561001092.186325550 -217.916571 -129.843496 6.887511 -0.024195263 0.007241006 0.927496352 -0.372978114
1561001092.287664652 -217.361154 -129.614996 6.852168 -0.024205993 0.006397947 0.925247727 -0.378536365
1561001092.387819529 -216.803631 -129.391911 6.817554 -0.023502762 0.005292374 0.922729433 -0.384694690
1561001092.487199306 -216.238495 -129.156900 6.775814 -0.023108637 0.003768145 0.919977395 -0.391271497
1561001092.587547064 -215.658430 -128.903123 6.734431 -0.022854714 0.002339695 0.917396506 -0.397310757
1561001092.686241150 -215.085775 -128.657112 6.694047 -0.022668822 0.000217443 0.914774857 -0.403327457
1561001092.787710190 -214.493174 -128.382707 6.653984 -0.022674233 -0.001937511 0.912094273 -0.409348461
1561001092.887659550 -213.909262 -128.094468 6.618312 -0.022823456 -0.003529922 0.909439753 -0.415193889
1561001092.989364862 -213.317010 -127.818061 6.582192 -0.024245161 -0.004831635 0.906274871 -0.421965265
1561001093.089314938 -212.725455 -127.530536 6.540266 -0.024885867 -0.006632331 0.903210917 -0.428423558
1561001093.187972784 -212.132891 -127.237707 6.503710 -0.025219402 -0.008952698 0.900133881 -0.434790555
1561001093.288154364 -211.525370 -126.898456 6.468662 -0.025599563 -0.011187516 0.897132911 -0.440876447
1561001093.389076948 -210.922409 -126.558218 6.437935 -0.026253284 -0.011888641 0.894240735 -0.446657512
1561001093.487618446 -210.319763 -126.220970 6.406503 -0.026069581 -0.010999105 0.891795712 -0.451552660
1561001093.589133263 -209.722546 -125.857093 6.363664 -0.026619298 -0.010397495 0.889920946 -0.455218646
1561001093.689300299 -209.124340 -125.507039 6.319846 -0.026352462 -0.011545112 0.888009818 -0.458923546
1561001093.789328098 -208.511894 -125.125588 6.281594 -0.027185195 -0.013264122 0.886012306 -0.462673990
1561001093.889569044 -207.896723 -124.737248 6.248272 -0.027940945 -0.013644448 0.884627255 -0.465260950
1561001093.989547729 -207.281441 -124.350151 6.220008 -0.027218917 -0.013396998 0.883208262 -0.467998736
1561001094.089104176 -206.669825 -123.959741 6.179890 -0.026954715 -0.013163924 0.881575926 -0.471088145
1561001094.188892841 -206.041313 -123.551459 6.138582 -0.026404209 -0.013669466 0.880143657 -0.473775376
1561001094.288731098 -205.430333 -123.151735 6.100852 -0.025797036 -0.014457161 0.878684329 -0.476486468
1561001094.390043020 -204.800422 -122.758455 6.067422 -0.026032729 -0.014809618 0.877478702 -0.478679537
1561001094.488033533 -204.214445 -122.349289 6.033567 -0.026754622 -0.014630554 0.875906046 -0.481517118
1561001094.589184999 -203.589346 -121.929619 6.000738 -0.027260658 -0.014204013 0.874532231 -0.483992231
1561001094.687920570 -202.974978 -121.505128 5.965453 -0.027089800 -0.014421229 0.873203734 -0.486388126
1561001094.789109945 -202.360219 -121.089978 5.928454 -0.026019171 -0.015231123 0.871954360 -0.488657968
1561001094.890449286 -201.750038 -120.669199 5.887513 -0.024752105 -0.015803287 0.870973544 -0.490451502
1561001094.987658262 -201.167571 -120.251476 5.842600 -0.023957871 -0.017922684 0.869941316 -0.492246793
1561001095.088873148 -200.559487 -119.840996 5.797030 -0.023728666 -0.020003892 0.869019060 -0.493804282
1561001095.187623024 -199.965275 -119.440568 5.758307 -0.025152140 -0.023217026 0.868400654 -0.494680345
1561001095.288948059 -199.370655 -119.021094 5.731620 -0.030567784 -0.026833897 0.867928141 -0.495021509
1561001095.388879299 -198.794612 -118.609269 5.744949 -0.039681189 -0.026989422 0.867080835 -0.495850582
1561001095.489067078 -198.243951 -118.209105 5.751309 -0.048357802 -0.026528219 0.866086326 -0.496842281
1561001095.588995218 -197.698184 -117.820466 5.736730 -0.051860508 -0.025343520 0.865061931 -0.498333271
1561001095.687527657 -197.132565 -117.443447 5.707990 -0.044967953 -0.025233226 0.864422490 -0.500114912
1561001095.790446520 -196.531928 -117.012705 5.658888 -0.039427018 -0.029077983 0.863411234 -0.502116542
1561001095.890566111 -195.941647 -116.587335 5.612518 -0.029177436 -0.029032239 0.862917567 -0.503665642
1561001095.990632296 -195.362596 -116.146980 5.548566 -0.019633633 -0.026718617 0.862835629 -0.504395989
1561001096.090689659 -194.796627 -115.703053 5.501224 -0.012492616 -0.017228963 0.864115638 -0.502843178
1561001096.189648628 -194.235349 -115.253741 5.454193 -0.016129436 -0.013301043 0.864888106 -0.501529150
1561001096.290751934 -193.644069 -114.814597 5.428394 -0.022919446 -0.013936543 0.865881274 -0.499529871
1561001096.390650988 -193.069512 -114.417430 5.402553 -0.034380378 -0.018597638 0.865554367 -0.499287247
1561001096.489273310 -192.492112 -114.025031 5.386709 -0.038318305 -0.017867135 0.865472189 -0.499169674
1561001096.590278149 -191.885005 -113.602304 5.368576 -0.037176720 -0.016374037 0.865486697 -0.499282044
1561001096.689218998 -191.276621 -113.167893 5.332925 -0.031750505 -0.013793153 0.865838092 -0.499125287
1561001096.790377855 -190.654941 -112.728466 5.293836 -0.029185956 -0.013011699 0.866352235 -0.498410153
1561001096.890539169 -190.063560 -112.307408 5.248243 -0.028683814 -0.014926391 0.866261377 -0.498543548
1561001096.990397930 -189.449899 -111.871795 5.219222 -0.030109488 -0.014674803 0.866827011 -0.497482665
1561001097.090426683 -188.840161 -111.434536 5.187140 -0.031537117 -0.013396974 0.867243879 -0.496703116
1561001097.189634085 -188.220595 -111.005987 5.148614 -0.033351345 -0.012969747 0.867010053 -0.497004066
1561001097.290754557 -187.585805 -110.566691 5.109280 -0.032484686 -0.012589047 0.867394685 -0.496399760
1561001097.390887499 -186.942219 -110.106546 5.071654 -0.030565076 -0.012697177 0.868025729 -0.495414868
1561001097.490662813 -186.306552 -109.672644 5.040045 -0.029903619 -0.012728026 0.867926410 -0.495628406
1561001097.590381384 -185.689005 -109.236125 5.010866 -0.028466707 -0.012457002 0.868014656 -0.495565361
1561001097.690352201 -185.045418 -108.795427 4.969775 -0.031312799 -0.012311857 0.868025116 -0.495378970
1561001097.790328741 -184.399088 -108.341311 4.934899 -0.031627287 -0.012487991 0.867886982 -0.495596561
1561001097.889655590 -183.749176 -107.890370 4.898683 -0.031774025 -0.011857299 0.867730382 -0.495876799
1561001097.990451336 -183.099157 -107.418466 4.863138 -0.031410958 -0.012046505 0.867953218 -0.495505241
1561001098.090381145 -182.443189 -106.957428 4.831835 -0.030912845 -0.011507845 0.867832434 -0.495760862
1561001098.189395189 -181.769854 -106.497776 4.799458 -0.031609955 -0.010531788 0.868104740 -0.495261599
1561001098.290576696 -181.102430 -106.035390 4.767495 -0.032137100 -0.010115853 0.867996139 -0.495426664
1561001098.390345812 -180.445480 -105.576516 4.733787 -0.032611726 -0.009655115 0.867641404 -0.496025855
1561001098.490567923 -179.791745 -105.098386 4.704436 -0.032852296 -0.011146462 0.867993626 -0.495362037
1561001098.590574980 -179.115491 -104.623264 4.668516 -0.031908121 -0.009697063 0.868245330 -0.495013016
1561001098.689329624 -178.454076 -104.173500 4.635761 -0.030680606 -0.009307353 0.868228883 -0.495126934
1561001098.790410042 -177.759767 -103.681392 4.601446 -0.030199149 -0.009417069 0.868476043 -0.494720823
1561001098.890415907 -177.076024 -103.187334 4.565265 -0.030776703 -0.008883727 0.868759115 -0.494197808
1561001098.990550041 -176.372812 -102.712751 4.520369 -0.033336605 -0.009579676 0.868679344 -0.494158981
1561001099.090441942 -175.678330 -102.249314 4.485876 -0.033258209 -0.009682591 0.868626264 -0.494255554
1561001099.189242125 -174.990066 -101.777841 4.447350 -0.033785545 -0.010411075 0.868944785 -0.493644718
1561001099.290369034 -174.289567 -101.300650 4.410166 -0.031800017 -0.011396872 0.869282405 -0.493160187
1561001099.390451670 -173.596335 -100.820382 4.367380 -0.030611684 -0.012732097 0.869981036 -0.491969324
1561001099.489946127 -172.896875 -100.354068 4.329122 -0.030186713 -0.014608977 0.870315916 -0.491350737
1561001099.590730429 -172.192176 -99.867147 4.302480 -0.031364118 -0.014659015 0.870877256 -0.490279727
1561001099.689605474 -171.507224 -99.399453 4.271253 -0.033823863 -0.014191598 0.871320637 -0.489341284
1561001099.790673971 -170.800682 -98.917585 4.243245 -0.036160989 -0.014254082 0.871980734 -0.487994675
1561001099.890444994 -170.110904 -98.456448 4.221818 -0.035325220 -0.012784825 0.872363070 -0.487412917
1561001099.990074396 -169.416347 -97.992689 4.205313 -0.034857258 -0.011558684 0.872702788 -0.486868784
1561001100.090720892 -168.724256 -97.518840 4.177065 -0.033609147 -0.009860981 0.873338887 -0.485852214
1561001100.189621210 -168.016128 -97.042842 4.139546 -0.032191872 -0.008438363 0.873948404 -0.484877989
1561001100.290729523 -167.316417 -96.576700 4.106076 -0.030784859 -0.007114126 0.874358487 -0.484250884
1561001100.390028238 -166.623839 -96.096943 4.069125 -0.031564708 -0.005754141 0.875004177 -0.483050980
1561001100.490555763 -165.907598 -95.625637 4.033212 -0.032054659 -0.005648157 0.875308350 -0.482468538
1561001100.590602636 -165.195968 -95.168249 4.002236 -0.032388107 -0.005027606 0.875800240 -0.481559626
1561001100.690161467 -164.490025 -94.728113 3.960282 -0.033237525 -0.004928378 0.875993136 -0.481151747
1561001100.790366173 -163.784458 -94.286483 3.915977 -0.032303231 -0.005191227 0.876490579 -0.480305962
1561001100.889676809 -163.105362 -93.836068 3.887992 -0.031286815 -0.005846151 0.877125139 -0.479206060
1561001100.989704609 -162.408612 -93.390201 3.853174 -0.029199199 -0.005139691 0.877653932 -0.478377012
1561001101.090593576 -161.708110 -92.936730 3.810666 -0.028906863 -0.005957451 0.878196713 -0.477388140
1561001101.190384626 -161.023110 -92.503581 3.762558 -0.029390481 -0.005907838 0.878687370 -0.476455458
1561001101.290536880 -160.302622 -92.061650 3.726953 -0.029133577 -0.007367656 0.879370668 -0.475188573
1561001101.389741421 -159.593018 -91.643505 3.696946 -0.028141121 -0.006724674 0.879331140 -0.475331046
1561001101.489724636 -158.892993 -91.207288 3.663262 -0.027876985 -0.006041252 0.879963248 -0.474184625
1561001101.590873003 -158.189903 -90.772389 3.622911 -0.028027141 -0.005704419 0.880326652 -0.473504937
1561001101.689607620 -157.501714 -90.347690 3.580038 -0.028101913 -0.006793784 0.880552466 -0.473066043
1561001101.790672779 -156.809633 -89.926883 3.536978 -0.029919463 -0.008990690 0.880844280 -0.472374160
1561001101.889776468 -156.096701 -89.503659 3.489657 -0.030624672 -0.008467413 0.881024360 -0.472002657
1561001101.989432812 -155.389939 -89.088826 3.443041 -0.029456277 -0.007045983 0.881366635 -0.471461066
1561001102.090445757 -154.669407 -88.651515 3.405373 -0.029767750 -0.008947471 0.881514669 -0.471132373
1561001102.189796686 -153.972238 -88.242070 3.372769 -0.028506542 -0.008549874 0.881652193 -0.470960389
1561001102.290591717 -153.271601 -87.813383 3.339812 -0.030428271 -0.008654568 0.881782126 -0.470594838
1561001102.390011549 -152.604561 -87.419645 3.311628 -0.032452937 -0.009287856 0.881986314 -0.470064554
1561001102.490508556 -151.909186 -86.997358 3.281224 -0.032831552 -0.011440895 0.882046150 -0.469878479
1561001102.590492249 -151.221901 -86.573508 3.261179 -0.031479281 -0.013228334 0.882245771 -0.469549215
1561001102.689715862 -150.527027 -86.166153 3.227675 -0.032211717 -0.012780790 0.882326343 -0.469360502
1561001102.790379286 -149.816661 -85.746177 3.197523 -0.037232820 -0.013506318 0.882774926 -0.468123624
1561001102.889591217 -149.133962 -85.337679 3.182050 -0.042592175 -0.015727579 0.882750503 -0.467643133
1561001102.990125179 -148.471394 -84.921773 3.161331 -0.045952874 -0.018387966 0.882933381 -0.466882062
1561001103.090093851 -147.798430 -84.501378 3.158795 -0.039042801 -0.017548062 0.882892532 -0.467620040
1561001103.188939810 -147.153507 -84.039235 3.110704 -0.032969401 -0.016955153 0.883064104 -0.467785560
1561001103.290109634 -146.475296 -83.616064 3.055260 -0.022908844 -0.013522165 0.882803306 -0.468988975
1561001103.389504194 -145.782739 -83.187694 3.004658 -0.015468873 -0.011887585 0.882629814 -0.469663720
1561001103.490766764 -145.062183 -82.776530 2.964466 -0.017067517 -0.010715439 0.883073817 -0.468801144
1561001103.591040850 -144.365082 -82.385445 2.948071 -0.021637358 -0.008821706 0.883210129 -0.468394993
1561001103.689350843 -143.686069 -81.978382 2.897239 -0.029413583 -0.007677586 0.883454008 -0.467530653
1561001103.790859938 -143.022549 -81.582257 2.854148 -0.034056242 -0.009387557 0.883469573 -0.467154748
1561001103.889698267 -142.380663 -81.178774 2.820625 -0.033529847 -0.009427842 0.883260296 -0.467587547
1561001103.990520477 -141.720597 -80.775097 2.799809 -0.030558561 -0.009213733 0.883802954 -0.466769344
1561001104.082731485 -141.085024 -80.385937 2.766608 -0.030829149 -0.007228697 0.884117263 -0.466190921
1561001104.181656361 -140.403353 -79.983715 2.725778 -0.030995253 -0.006375928 0.884354325 -0.465742492
1561001104.282799006 -139.728539 -79.575025 2.685408 -0.031265191 -0.006907040 0.884706437 -0.465047634
1561001104.382025242 -139.067235 -79.178111 2.652516 -0.031200370 -0.007324015 0.885248075 -0.464013729
1561001104.482827663 -138.382032 -78.785069 2.614688 -0.030828721 -0.007755642 0.885534497 -0.463484729
1561001104.582721710 -137.713225 -78.397250 2.578927 -0.030055703 -0.008045897 0.885506398 -0.463584230
1561001104.681437254 -137.053784 -78.009011 2.550939 -0.029214182 -0.008338171 0.885676227 -0.463308350
1561001104.782527924 -136.399937 -77.617820 2.516315 -0.028819227 -0.007640956 0.886471269 -0.461822214
1561001104.881752968 -135.765452 -77.258499 2.479686 -0.029377752 -0.007097768 0.886406851 -0.461919326
1561001104.982408285 -135.147194 -76.890781 2.456957 -0.030150921 -0.007974187 0.886242719 -0.462170074
1561001105.083443165 -134.529244 -76.530841 2.426235 -0.030530985 -0.008577341 0.886751198 -0.461157891
1561001105.182689190 -133.938801 -76.183326 2.394080 -0.031189622 -0.008679422 0.887163415 -0.460318313
1561001105.284148932 -133.337097 -75.844659 2.366366 -0.031262077 -0.008006902 0.887258633 -0.460142033
1561001105.382358551 -132.747402 -75.493605 2.341580 -0.032263071 -0.008709393 0.887508602 -0.459577765
1561001105.482003927 -132.172434 -75.163622 2.305880 -0.032664005 -0.008242490 0.887822867 -0.458950631
1561001105.583657503 -131.599442 -74.831908 2.279958 -0.030422301 -0.009089666 0.887722612 -0.459282512
1561001105.681514263 -131.021775 -74.513183 2.254449 -0.029976166 -0.009857848 0.888266632 -0.458242995
1561001105.782574654 -130.419058 -74.178431 2.224099 -0.030444499 -0.008667916 0.888546709 -0.457692851
1561001105.882048607 -129.823728 -73.836616 2.197380 -0.031498336 -0.007932525 0.888338014 -0.458039849
1561001105.983881950 -129.238027 -73.508243 2.166639 -0.032479535 -0.006901329 0.889009701 -0.456682826
1561001106.083759308 -128.647323 -73.165582 2.142185 -0.033643499 -0.007170943 0.888909915 -0.456788633
1561001106.181709290 -128.062992 -72.847185 2.113546 -0.032893963 -0.006854144 0.889442394 -0.455810527
1561001106.283956289 -127.469802 -72.502263 2.092112 -0.031739518 -0.007340515 0.889771762 -0.455241618
1561001106.381919622 -126.893582 -72.188078 2.060698 -0.030592206 -0.006301612 0.889688597 -0.455498196
1561001106.483802080 -126.320516 -71.857816 2.031370 -0.029059325 -0.006717660 0.890163934 -0.454663172
1561001106.583737135 -125.760763 -71.535773 1.996382 -0.028692626 -0.007824844 0.890520220 -0.453970530
1561001106.681407452 -125.223866 -71.244093 1.962843 -0.029351044 -0.008440764 0.890343833 -0.454263282
1561001106.783570051 -124.674090 -70.940411 1.935421 -0.028731646 -0.009444175 0.890605191 -0.453770531
1561001106.881993532 -124.141160 -70.646422 1.920465 -0.029231846 -0.010805112 0.890682963 -0.453555519
1561001106.983604193 -123.579382 -70.356200 1.894232 -0.033250408 -0.010357742 0.890906081 -0.452850397
1561001107.083695889 -123.066782 -70.085999 1.891346 -0.039028141 -0.008424809 0.890946316 -0.452349962
1561001107.181663513 -122.580058 -69.819393 1.882902 -0.045084605 -0.009043946 0.890994824 -0.451678878
1561001107.283364534 -122.090311 -69.548101 1.863602 -0.048187029 -0.011433513 0.891382820 -0.450537405
1561001107.381760359 -121.620305 -69.286948 1.848831 -0.047050229 -0.012216581 0.891303900 -0.450793067
1561001107.483498096 -121.134456 -69.019490 1.841430 -0.043003568 -0.012917957 0.891493093 -0.450803598
1561001107.583665133 -120.644867 -68.747419 1.824175 -0.036557076 -0.012005067 0.892112981 -0.450170953
1561001107.683578253 -120.142564 -68.446172 1.781951 -0.033266239 -0.012543573 0.892393907 -0.449854567
1561001107.783552885 -119.626429 -68.160337 1.734727 -0.025079968 -0.011075242 0.893043868 -0.449133593
1561001107.881962061 -119.096721 -67.866621 1.698251 -0.019815482 -0.010043132 0.893135725 -0.449238309
1561001107.982778072 -118.558253 -67.583331 1.667158 -0.018211685 -0.009353488 0.893669923 -0.448257644
1561001108.083726645 -117.993685 -67.305156 1.651702 -0.018450987 -0.006564504 0.894373089 -0.446892880
1561001108.183215380 -117.475948 -67.017964 1.619032 -0.022456002 -0.005994532 0.893858922 -0.447745488
1561001108.283457518 -116.925125 -66.721257 1.567961 -0.027041653 -0.006147979 0.894868938 -0.445466649
1561001108.381596327 -116.389510 -66.434160 1.526280 -0.030053156 -0.007109619 0.895334067 -0.444323271
1561001108.483378649 -115.847279 -66.150506 1.491738 -0.029924974 -0.007928911 0.895671879 -0.443636691
1561001108.583629370 -115.284473 -65.866502 1.462779 -0.032023852 -0.009845805 0.896311277 -0.442157922
1561001108.684821367 -114.731269 -65.585470 1.442295 -0.031146322 -0.009758502 0.896983247 -0.440857951
1561001108.783529997 -114.157549 -65.279321 1.410956 -0.032368684 -0.009793326 0.897288975 -0.440146401
1561001108.884225368 -113.578883 -64.997430 1.390985 -0.031034571 -0.010156214 0.898019842 -0.438741462
1561001108.984730244 -113.003555 -64.716644 1.357000 -0.032912223 -0.010267336 0.898746848 -0.437110364
1561001109.086652040 -112.417555 -64.416772 1.322731 -0.031372505 -0.010068514 0.898701108 -0.437322203
1561001109.186089754 -111.826852 -64.118825 1.296220 -0.029141794 -0.009539248 0.899105362 -0.436656967
1561001109.287386417 -111.219203 -63.811811 1.263575 -0.030008134 -0.009618790 0.899166609 -0.436470388
1561001109.385946989 -110.622393 -63.510644 1.241326 -0.029822072 -0.008349470 0.899341687 -0.436148439
1561001109.487315893 -109.996058 -63.188396 1.213064 -0.032457954 -0.005898200 0.899340912 -0.436001855
1561001109.588815928 -109.396840 -62.883357 1.189460 -0.034643306 -0.003723246 0.899305680 -0.435930353
1561001109.687434673 -108.783830 -62.569220 1.153895 -0.037263384 -0.002593027 0.899490956 -0.435339794
1561001109.789162874 -108.164056 -62.246687 1.128154 -0.037586394 -0.002712623 0.899463682 -0.435367649
1561001109.887689352 -107.567037 -61.929532 1.112773 -0.036988987 -0.001933703 0.899522309 -0.435301839
1561001109.989278793 -106.929845 -61.618811 1.076297 -0.036526790 -0.000088683 0.899798318 -0.434774393
1561001110.089261293 -106.298324 -61.310995 1.038578 -0.033665748 0.000085011 0.899950873 -0.434689586
1561001110.189591169 -105.654604 -60.991386 1.007121 -0.030137478 0.000037236 0.900127918 -0.434581940
1561001110.288885593 -105.014269 -60.649293 0.966287 -0.028066427 -0.000545752 0.900148567 -0.434677507
1561001110.390015364 -104.343588 -60.312759 0.925745 -0.027497986 -0.000741195 0.900780514 -0.433402558
1561001110.489656448 -103.672691 -59.966364 0.885730 -0.030174395 -0.001961507 0.900795526 -0.433189426
1561001110.589281321 -102.982671 -59.635723 0.850107 -0.030154586 -0.001703853 0.901055743 -0.432650374
1561001110.690397978 -102.293107 -59.305924 0.805882 -0.030844927 -0.003269786 0.901490887 -0.431685163
1561001110.790363073 -101.610936 -58.969052 0.769266 -0.030223557 -0.005429604 0.901876315 -0.430901576
1561001110.889260530 -100.921812 -58.641182 0.741369 -0.029695163 -0.005290108 0.902216223 -0.430227962
1561001110.990275145 -100.214978 -58.299374 0.695822 -0.030406228 -0.004454749 0.902565504 -0.429454454
1561001111.090206861 -99.516211 -57.953292 0.658360 -0.029897208 -0.005166675 0.902942310 -0.428689452
1561001111.190068722 -98.805227 -57.617184 0.623844 -0.030501175 -0.005301312 0.903122846 -0.428264755
1561001111.290091276 -98.086956 -57.271285 0.586504 -0.031953722 -0.005548054 0.903514171 -0.427329289
1561001111.389412880 -97.372859 -56.918800 0.551339 -0.031843491 -0.004646958 0.903835249 -0.426668772
1561001111.490041971 -96.642749 -56.569643 0.505336 -0.031128032 -0.003576304 0.904123842 -0.426120092
1561001111.589027405 -95.919245 -56.215380 0.471881 -0.028876228 -0.003838855 0.904290735 -0.425922167
1561001111.690150738 -95.161895 -55.863202 0.424469 -0.028617772 -0.004157810 0.904721630 -0.425020597
1561001111.790184498 -94.424253 -55.512449 0.376168 -0.028692095 -0.004272706 0.905196402 -0.424002336
1561001111.890267611 -93.658964 -55.159044 0.329175 -0.029448857 -0.006293430 0.905915317 -0.422386784
1561001111.990479469 -92.893886 -54.803359 0.286978 -0.028536948 -0.007246868 0.906329700 -0.421544304
1561001112.089253664 -92.135681 -54.465703 0.245781 -0.030445370 -0.008966347 0.907075736 -0.419769333
1561001112.190056801 -91.363987 -54.102089 0.212223 -0.035702417 -0.007779578 0.907741305 -0.417936047
1561001112.290314913 -90.586466 -53.752842 0.181265 -0.041246577 -0.007870789 0.908164623 -0.416501847
1561001112.389015675 -89.826497 -53.417568 0.164235 -0.042498636 -0.009316473 0.908277848 -0.416099050
1561001112.490427732 -89.016446 -53.075349 0.130220 -0.037349663 -0.010229988 0.909015079 -0.414960163
1561001112.590256214 -88.198500 -52.724684 0.075848 -0.032712355 -0.013421513 0.909529898 -0.414131777
1561001112.690253973 -87.399219 -52.368554 0.014158 -0.022536970 -0.008676292 0.910134162 -0.413609252
1561001112.789028406 -86.584612 -51.991202 -0.055060 -0.012360088 -0.003834350 0.910393209 -0.413541691
1561001112.890160561 -85.750532 -51.592097 -0.135728 -0.014757822 -0.000642395 0.910409253 -0.413445022
1561001112.990030527 -84.938498 -51.207164 -0.166449 -0.018127026 0.001085820 0.910358195 -0.413422531
1561001113.089967012 -84.129999 -50.851056 -0.205572 -0.027922767 -0.001252468 0.910699614 -0.412122511
1561001113.189855099 -83.317839 -50.500825 -0.260892 -0.033043484 -0.002938115 0.911255713 -0.410502766
1561001113.289675474 -82.458828 -50.163926 -0.329169 -0.032836978 -0.002590818 0.911693417 -0.409548696
1561001113.388624191 -81.608558 -49.811765 -0.370814 -0.028441695 -0.001635192 0.911912335 -0.409395029
1561001113.489856482 -80.751770 -49.437428 -0.422863 -0.026693626 -0.000237597 0.911996474 -0.409328504
1561001113.589791536 -79.884761 -49.066319 -0.474227 -0.027323364 0.000211323 0.912265440 -0.408687112
1561001113.689847231 -79.012761 -48.678845 -0.526228 -0.028234299 0.000067963 0.912706350 -0.407639471
1561001113.791539192 -78.142332 -48.292833 -0.584143 -0.028687285 0.000126897 0.912591830 -0.407864164
1561001113.889017105 -77.278373 -47.916672 -0.630285 -0.027347498 0.000389911 0.913557647 -0.405788599
1561001113.990167379 -76.396290 -47.537270 -0.667325 -0.026513616 0.001471871 0.913373882 -0.406254863
1561001114.089741707 -75.514478 -47.160309 -0.716877 -0.027528272 0.001611440 0.913692761 -0.405469031
1561001114.190043688 -74.631804 -46.786679 -0.785375 -0.028512539 0.003626315 0.913824006 -0.405092052
1561001114.289926767 -73.758676 -46.413665 -0.841998 -0.027165597 0.005188270 0.914104888 -0.404533517
1561001114.388837099 -72.908953 -46.033232 -0.901631 -0.027530293 0.004991746 0.914233763 -0.404219980
1561001114.489863396 -72.033676 -45.666313 -0.954535 -0.027051067 0.005499304 0.914107191 -0.404531880
1561001114.589346886 -71.185294 -45.326788 -1.010208 -0.027284969 0.005164279 0.914226908 -0.404249949
1561001114.689473391 -70.316025 -44.955062 -1.050367 -0.027473922 0.005090789 0.914453050 -0.403726253
1561001114.790091038 -69.441130 -44.571725 -1.095037 -0.029238374 0.004864358 0.914353888 -0.403829697
1561001114.888798714 -68.584477 -44.225430 -1.124260 -0.028745729 0.005241392 0.915330333 -0.401642368
1561001114.990440845 -67.697188 -43.873162 -1.174350 -0.029340867 0.006301327 0.915632992 -0.400893540
1561001115.089070320 -66.830175 -43.528760 -1.229559 -0.029161783 0.006694904 0.915528140 -0.401139619
1561001115.190121889 -65.951312 -43.156809 -1.286897 -0.029215498 0.006909089 0.915255969 -0.401752699
1561001115.289946079 -65.071399 -42.801126 -1.340703 -0.029887345 0.007897633 0.914928618 -0.402430115
1561001115.390235424 -64.185078 -42.416547 -1.391270 -0.030318711 0.007894961 0.915945865 -0.400077015
1561001115.490111113 -63.305497 -42.041240 -1.429485 -0.030482706 0.006820180 0.916062128 -0.399818042
1561001115.589249372 -62.422212 -41.677122 -1.468289 -0.030168846 0.006455772 0.916393608 -0.399087608
1561001115.690066814 -61.525138 -41.334994 -1.505679 -0.028900411 0.008185645 0.916591570 -0.398694940
1561001115.789912939 -60.628489 -40.969593 -1.554690 -0.030103078 0.008234759 0.917211213 -0.397177020
1561001115.889833212 -59.731779 -40.629307 -1.598692 -0.029817927 0.009520446 0.917215830 -0.397159130
1561001115.990028143 -58.842179 -40.253849 -1.661211 -0.032209449 0.010321732 0.917642010 -0.395966102
1561001116.089177608 -57.952537 -39.914182 -1.706254 -0.031636497 0.009777741 0.917378108 -0.396637032
1561001116.188856363 -57.066726 -39.552769 -1.749102 -0.033941355 0.009463458 0.917632519 -0.395864861
1561001116.291566610 -56.136067 -39.179739 -1.782164 -0.037634217 0.010995892 0.918569300 -0.393310561
1561001116.381500244 -55.292478 -38.839084 -1.822473 -0.043820338 0.006071820 0.918393560 -0.393187207
1561001116.482177734 -54.390086 -38.500290 -1.860606 -0.042843549 0.002946807 0.918481078 -0.393126260
1561001116.581154346 -53.479240 -38.152494 -1.889990 -0.035711509 0.000127168 0.919181491 -0.392211753
1561001116.682467222 -52.540969 -37.804624 -1.972417 -0.034205758 -0.002313934 0.918381889 -0.394207202
1561001116.782732010 -51.634954 -37.396593 -2.028221 -0.024939315 0.002867403 0.918680323 -0.394203340
1561001116.882263184 -50.688999 -37.015521 -2.086879 -0.023997907 0.009762158 0.919071934 -0.393237308
1561001116.982228994 -49.765122 -36.631364 -2.136724 -0.026755990 0.012975136 0.918778203 -0.393652610
1561001117.081355095 -48.852962 -36.269615 -2.175911 -0.034476527 0.011039387 0.918956846 -0.392693030
1561001117.181170464 -47.948696 -35.925964 -2.223109 -0.037707857 0.009913252 0.918741505 -0.392929882
1561001117.282702684 -47.022194 -35.543289 -2.242477 -0.032741327 0.008715112 0.919236642 -0.392244883
1561001117.381185055 -46.104094 -35.190914 -2.293229 -0.031307186 0.011104928 0.918984692 -0.392891431
1561001117.482522726 -45.155062 -34.829446 -2.350649 -0.031761179 0.013410919 0.919474911 -0.391634093
1561001117.581364870 -44.232288 -34.463823 -2.394607 -0.035455886 0.012794893 0.919819612 -0.390526635
1561001117.682261229 -43.280816 -34.100400 -2.444304 -0.037968883 0.013120254 0.919332904 -0.391424621
1561001117.782183886 -42.344153 -33.750114 -2.474767 -0.036433949 0.011843469 0.919502813 -0.391212060
1561001117.881141186 -41.422425 -33.374568 -2.506259 -0.035583481 0.010545953 0.920184437 -0.389721953
1561001117.982579470 -40.441562 -32.999508 -2.541816 -0.033763464 0.010850138 0.920098080 -0.390079256
1561001118.081548691 -39.479722 -32.649825 -2.581831 -0.034578883 0.011041383 0.920847904 -0.388228704
1561001118.181528807 -38.534314 -32.293304 -2.637209 -0.036148341 0.011059473 0.920880419 -0.388008041
1561001118.282244682 -37.567439 -31.924784 -2.690847 -0.036262430 0.010731070 0.920864719 -0.388043876
1561001118.381539345 -36.597419 -31.558697 -2.748830 -0.039666774 0.009619631 0.920598938 -0.388370447
1561001118.482189178 -35.605774 -31.186675 -2.768718 -0.036491916 0.008226505 0.920826107 -0.388175148
1561001118.581086397 -34.617364 -30.816897 -2.808340 -0.036000257 0.008996318 0.920408705 -0.389192580
1561001118.682058573 -33.611292 -30.437685 -2.852638 -0.036775507 0.009075421 0.920027850 -0.390017889
1561001118.782029152 -32.613414 -30.071989 -2.902582 -0.036721870 0.009122497 0.920471528 -0.388973587
1561001118.881407499 -31.645630 -29.694567 -2.937117 -0.036495588 0.008121235 0.920117556 -0.389853563
1561001118.981834173 -30.640184 -29.311536 -2.990963 -0.037950151 0.008830377 0.920367781 -0.389107899
1561001119.081171513 -29.620347 -28.907088 -3.031557 -0.037399978 0.007322512 0.919666130 -0.390847582
1561001119.181607962 -28.601055 -28.525892 -3.065954 -0.036621353 0.005864827 0.920120057 -0.389876341
1561001119.283392668 -27.597369 -28.136394 -3.108720 -0.037426510 0.006038175 0.919291725 -0.391746757
1561001119.382990360 -26.576236 -27.741921 -3.150049 -0.037856757 0.005358659 0.919755828 -0.390624331
1561001119.483072758 -25.563258 -27.348026 -3.188511 -0.037720498 0.005961384 0.919888192 -0.390316974
1561001119.583230019 -24.548434 -26.955212 -3.226286 -0.037580003 0.005573576 0.919562164 -0.391103701
1561001119.682877064 -23.538218 -26.556239 -3.257467 -0.038318256 0.005035613 0.919168618 -0.391963526
1561001119.784595490 -22.541502 -26.137375 -3.277729 -0.038374143 0.004750087 0.919403468 -0.391410429
1561001119.882724524 -21.541629 -25.748714 -3.315980 -0.038751099 0.004447073 0.919386199 -0.391417415
1561001119.984459162 -20.528501 -25.352658 -3.338682 -0.037601209 0.003350724 0.919246641 -0.391868006
1561001120.083081961 -19.537833 -24.986619 -3.369807 -0.036686963 0.004798873 0.919165774 -0.392129210
1561001120.184496641 -18.541821 -24.593430 -3.410777 -0.037985477 0.005455073 0.919336578 -0.391596223
1561001120.284540892 -17.558096 -24.197007 -3.457540 -0.038544606 0.004824661 0.919607593 -0.390912921
1561001120.384683847 -16.571749 -23.793027 -3.476241 -0.037489111 0.002576016 0.919748759 -0.390704686
1561001120.484637022 -15.595189 -23.409225 -3.508830 -0.038281675 0.003988487 0.919456131 -0.391304265
1561001120.583133936 -14.631234 -23.030272 -3.539793 -0.037867807 0.004196457 0.919641109 -0.390907470
1561001120.683198690 -13.629969 -22.640499 -3.570062 -0.038209515 0.003350681 0.919213485 -0.391886942
1561001120.784907341 -12.625440 -22.246272 -3.608289 -0.037958986 0.003451565 0.919558277 -0.391100725
1561001120.884451866 -11.644544 -21.856805 -3.633317 -0.037622610 0.003635709 0.919732211 -0.390722383
1561001120.984592199 -10.675732 -21.452112 -3.674083 -0.039023812 0.002904504 0.920555810 -0.388645992
1561001121.082983017 -9.692598 -21.080052 -3.720975 -0.039689048 0.002171812 0.920758058 -0.388103931
1561001121.183065176 -8.697661 -20.703842 -3.751253 -0.039001738 0.003561637 0.920533926 -0.388694572
1561001121.284290314 -7.701005 -20.326673 -3.788323 -0.039093499 0.002938425 0.920587770 -0.388563021
1561001121.382600307 -6.722192 -19.946577 -3.828919 -0.039365579 0.002578941 0.920681052 -0.388317010
1561001121.484465599 -5.722643 -19.581414 -3.868541 -0.039265489 0.000564605 0.920465031 -0.388847051
1561001121.583061934 -4.759004 -19.196357 -3.892708 -0.041036234 -0.000452691 0.921542710 -0.386102133
1561001121.685023308 -3.774971 -18.821624 -3.921765 -0.042721228 -0.001020379 0.921755981 -0.385408571
1561001121.785060883 -2.799377 -18.455654 -3.948983 -0.047096083 -0.002614131 0.921603564 -0.385255755
1561001121.883212090 -1.830810 -18.112383 -3.954226 -0.051636986 -0.004422224 0.921800246 -0.384185336
1561001121.985312223 -0.838754 -17.745390 -3.973040 -0.055950498 -0.007863132 0.922380719 -0.382127625
1561001122.082844734 0.090792 -17.422763 -4.008706 -0.050677133 -0.009700781 0.923020966 -0.381274204
1561001122.184592962 1.071882 -17.079768 -4.067338 -0.041761409 -0.010475224 0.923676324 -0.380747032
1561001122.285266876 2.069477 -16.729855 -4.127652 -0.027895863 -0.007513612 0.923467721 -0.382586899
1561001122.383684158 3.061776 -16.342615 -4.161273 -0.026318437 -0.004835028 0.923893395 -0.381713188
1561001122.484297514 4.067065 -15.964413 -4.170025 -0.033204238 -0.002342965 0.924018087 -0.380897051
1561001122.582571983 5.035089 -15.605557 -4.180390 -0.044542070 -0.002205524 0.923967290 -0.379862588
1561001122.684171438 6.053534 -15.251322 -4.221584 -0.051379602 -0.004203783 0.924833483 -0.376862699
1561001122.784415722 7.024459 -14.915411 -4.247009 -0.048117899 -0.004466405 0.925193056 -0.376407396
1561001122.884340763 8.017788 -14.570106 -4.275541 -0.045191253 -0.004301007 0.925155100 -0.376865086
1561001122.984551907 9.018913 -14.233267 -4.312072 -0.045078306 -0.002534403 0.925904058 -0.375050928
1561001123.082883120 10.041238 -13.859569 -4.337103 -0.045867789 -0.001140079 0.925704395 -0.375454683
1561001123.184447765 11.066156 -13.495655 -4.367786 -0.047158683 -0.000446221 0.926057793 -0.374423322
1561001123.283259392 12.059129 -13.147324 -4.400096 -0.049265789 -0.000935697 0.926247371 -0.373681434
1561001123.384312630 13.073188 -12.779792 -4.427358 -0.049183123 -0.000480342 0.926672604 -0.372637459
1561001123.484227657 14.089993 -12.426908 -4.450905 -0.047273656 -0.000853945 0.926301977 -0.373803585
1561001123.583727360 15.121345 -12.086712 -4.480098 -0.047937569 -0.000705339 0.926323542 -0.373665877
1561001123.684306860 16.141740 -11.735983 -4.489880 -0.046746323 0.000091635 0.926205189 -0.374110573
1561001123.784292459 17.164492 -11.390037 -4.507968 -0.047752132 -0.000072140 0.925787479 -0.375016362
1561001123.884437084 18.184730 -11.036071 -4.523160 -0.046812335 0.000414527 0.926519388 -0.373323260
1561001123.984747887 19.211265 -10.688833 -4.544069 -0.047537908 -0.000142122 0.926325802 -0.373711968
1561001124.083253384 20.244667 -10.332285 -4.557811 -0.047393746 0.000505022 0.926296689 -0.373802115
1561001124.183132410 21.286146 -9.962714 -4.582946 -0.046198061 0.000452327 0.926366811 -0.373778097
1561001124.284449816 22.330880 -9.595183 -4.607223 -0.046362652 -0.000903780 0.926095558 -0.374428504
1561001124.382679939 23.351453 -9.240133 -4.639763 -0.046531221 -0.001133483 0.926040961 -0.374541986
1561001124.484482527 24.396995 -8.866214 -4.665531 -0.048141320 -0.001248065 0.925845529 -0.374821173
1561001124.582497597 25.409324 -8.500855 -4.700523 -0.048017160 -0.001753603 0.925911050 -0.374673197
1561001124.684333324 26.462633 -8.126147 -4.718652 -0.047978567 -0.001929160 0.925833570 -0.374868692
1561001124.784410715 27.478297 -7.779137 -4.739249 -0.047660266 -0.003045499 0.925726992 -0.375164978
1561001124.885035276 28.501655 -7.428100 -4.751166 -0.047867884 -0.003286150 0.925143048 -0.376574306
1561001124.985195160 29.523701 -7.085730 -4.760473 -0.047622058 -0.002665491 0.925616927 -0.375444188
1561001125.083256721 30.510784 -6.745280 -4.776338 -0.047975668 -0.003627736 0.925408728 -0.375904058
1561001125.184480906 31.546380 -6.400028 -4.780513 -0.047263223 -0.004791052 0.925392033 -0.376022364
1561001125.284398794 32.564939 -6.044725 -4.793444 -0.047793457 -0.004691419 0.925237533 -0.376336663
1561001125.384473324 33.586191 -5.697660 -4.807152 -0.046957803 -0.004021378 0.925118264 -0.376742606
1561001125.484459639 34.578140 -5.346583 -4.835787 -0.047429036 -0.004128726 0.925117705 -0.376683783
1561001125.583213568 35.571006 -4.999686 -4.861891 -0.049440368 -0.005012717 0.925143664 -0.376350532
1561001125.684834003 36.591819 -4.640921 -4.876778 -0.049729323 -0.006228690 0.924950738 -0.376768270
1561001125.784115553 37.589285 -4.300730 -4.874846 -0.049125710 -0.006529646 0.925230439 -0.376155104
1561001125.883660078 38.576185 -3.950897 -4.898029 -0.049944556 -0.006682648 0.924967825 -0.376690067
1561001125.984602213 39.580813 -3.600228 -4.927709 -0.050065449 -0.006537203 0.924787668 -0.377118662
1561001126.083886385 40.564000 -3.259442 -4.939609 -0.049238240 -0.006044209 0.924689617 -0.377476060
1561001126.184541464 41.546750 -2.908380 -4.952607 -0.048671011 -0.005648795 0.925034633 -0.376709638
1561001126.284538746 42.523980 -2.566807 -4.972166 -0.050383619 -0.005198036 0.924918792 -0.376775397
1561001126.383444071 43.504969 -2.210788 -4.982895 -0.052218302 -0.005251022 0.924907334 -0.376552917
1561001126.484450340 44.480712 -1.865250 -4.979070 -0.053914824 -0.005391263 0.924859323 -0.376429752
1561001126.582945585 45.442284 -1.520143 -4.966502 -0.059895514 -0.003801783 0.924934515 -0.375358785
1561001126.684654236 46.403846 -1.177185 -4.961446 -0.066746479 -0.002278622 0.924543778 -0.375177981
1561001126.783430576 47.362919 -0.839834 -4.965100 -0.067227358 -0.003835645 0.924719456 -0.374646098
1561001126.884403229 48.335963 -0.516618 -4.953451 -0.066107201 -0.006257929 0.924119725 -0.376288999
1561001126.984391212 49.305218 -0.178135 -4.947009 -0.066258312 -0.010737255 0.925051738 -0.373863383
1561001127.082619905 50.263684 0.172487 -4.965749 -0.054503285 -0.011732327 0.925850647 -0.373754364
1561001127.184255838 51.285041 0.528244 -5.049744 -0.035748396 -0.002691874 0.925885826 -0.376098715
1561001127.283185959 52.236299 0.842925 -5.049294 -0.034828835 0.000568682 0.926273427 -0.375238813
1561001127.384677172 53.182464 1.180457 -5.020074 -0.039348037 0.000287046 0.926125700 -0.375157084
1561001127.484930515 54.123617 1.499034 -5.028230 -0.052586477 -0.002213138 0.925848003 -0.374212827
1561001127.582696676 55.076435 1.820214 -5.059435 -0.055574737 -0.002965559 0.925958746 -0.373501078
1561001127.684265375 56.054896 2.170628 -5.111949 -0.052268511 -0.002519249 0.925898111 -0.374131454
1561001127.782549143 57.028053 2.502594 -5.145755 -0.050736256 -0.001756227 0.926201349 -0.373595783
1561001127.882879019 57.994974 2.840598 -5.169774 -0.052011122 -0.001705209 0.925765854 -0.374499024
1561001127.984434128 58.968560 3.174755 -5.184357 -0.055108339 -0.001939340 0.926217195 -0.372935676
1561001128.083887339 59.926877 3.490862 -5.192966 -0.056764426 -0.001594052 0.926192027 -0.372751376
1561001128.184487581 60.874634 3.817493 -5.186415 -0.056056102 -0.000916742 0.926028466 -0.373266866
1561001128.282767296 61.820072 4.139538 -5.179807 -0.055592524 -0.000711780 0.926203947 -0.372901076
1561001128.384371281 62.802648 4.485617 -5.173041 -0.054109946 -0.000383967 0.926428321 -0.372562118
1561001128.484718084 63.768454 4.803324 -5.178695 -0.054718665 0.000349800 0.926863437 -0.371389168
1561001128.582545757 64.707066 5.117804 -5.184205 -0.054847405 0.000810059 0.926817056 -0.371485196
1561001128.684162617 65.691496 5.442655 -5.197167 -0.056564626 0.001071914 0.927550403 -0.369390774
1561001128.783115625 66.624106 5.746270 -5.197703 -0.056463089 0.001247865 0.927652285 -0.369149834
1561001128.884294271 67.563725 6.057539 -5.203402 -0.054821474 0.001258257 0.928274467 -0.367830853
1561001128.984312534 68.518096 6.366424 -5.205585 -0.056029206 0.001541466 0.929571138 -0.364356763
1561001129.082503557 69.424402 6.663862 -5.203723 -0.054903756 0.002289706 0.929955046 -0.363543599
1561001129.184220552 70.371625 6.965968 -5.191073 -0.054172919 0.003272278 0.930844020 -0.361364078
1561001129.283439159 71.290416 7.251379 -5.191738 -0.053560357 0.003181599 0.931825922 -0.358917283
1561001129.384477615 72.220460 7.539417 -5.162637 -0.054907459 0.006241969 0.932721516 -0.356338016
1561001129.484252691 73.156744 7.817370 -5.154474 -0.056292501 0.006417464 0.932867910 -0.355735060
1561001129.584262609 74.075706 8.103584 -5.145066 -0.054615719 0.005878819 0.934102918 -0.352752463
1561001129.684071064 75.003635 8.391174 -5.139453 -0.055681519 0.006693377 0.934539846 -0.351411500
1561001129.782987833 75.931978 8.655762 -5.141669 -0.054220356 0.006606785 0.935413708 -0.349310319
1561001129.883878469 76.870562 8.910952 -5.175165 -0.054633060 0.005947657 0.936207541 -0.347124321
1561001129.984298229 77.820899 9.150104 -5.191664 -0.053630976 0.006571080 0.937294252 -0.344325463
1561001130.082777500 78.753845 9.426591 -5.221039 -0.054458228 0.005858251 0.937797121 -0.342836028
1561001130.184294462 79.704847 9.657871 -5.255574 -0.054094405 0.004347142 0.938336947 -0.341436190
1561001130.283022642 80.664498 9.923300 -5.278013 -0.055433927 0.002123264 0.938760107 -0.340076512
1561001130.382770777 81.615199 10.164383 -5.283041 -0.055349118 0.001301901 0.939086373 -0.339192517
1561001130.484414816 82.579301 10.423552 -5.286936 -0.055541197 -0.000232098 0.939475380 -0.338084503
1561001130.583456039 83.519950 10.652082 -5.285972 -0.054097213 -0.001907045 0.939389662 -0.338551204
1561001130.684418678 84.459285 10.886286 -5.285205 -0.053600003 -0.001748493 0.938948734 -0.339851818
1561001130.783276320 85.388547 11.126417 -5.286339 -0.053818749 -0.003044903 0.939320746 -0.338778404
1561001130.882695675 86.332024 11.363051 -5.284693 -0.055543748 -0.001317274 0.939582783 -0.337782992
1561001130.984343529 87.282477 11.600263 -5.282534 -0.059976419 -0.000951863 0.939040262 -0.338534058
1561001131.082496881 88.186473 11.830473 -5.262753 -0.064749683 -0.000551864 0.938494543 -0.339168347
1561001131.184252024 89.104308 12.067114 -5.253795 -0.065773340 0.000566274 0.938565593 -0.338774518
1561001131.283136368 89.990268 12.297076 -5.257142 -0.060720627 0.000327326 0.938521900 -0.339837522
1561001131.384346008 90.905630 12.554218 -5.263204 -0.052110424 -0.000317367 0.938610354 -0.341020538
1561001131.484563828 91.832131 12.800091 -5.268029 -0.045381357 0.000141279 0.939035969 -0.340810741
1561001131.584523439 92.754533 13.042402 -5.280924 -0.046429284 0.000977791 0.938477057 -0.342204879
1561001131.684347153 93.668158 13.284557 -5.309985 -0.053350535 0.001901912 0.938296756 -0.341685969
1561001131.783102274 94.560315 13.528493 -5.320789 -0.056529182 0.000600769 0.938644305 -0.340221925
1561001131.884672403 95.465527 13.777453 -5.317278 -0.055831130 -0.000065553 0.938368505 -0.341097390
1561001131.984869957 96.362146 14.000983 -5.315106 -0.054877458 0.000358279 0.938617458 -0.340566592
1561001132.084277153 97.273350 14.226699 -5.308192 -0.053601292 0.000738533 0.938425735 -0.341296785
1561001132.184809685 98.185235 14.476407 -5.315565 -0.055920552 0.000697856 0.938116231 -0.341775280
1561001132.284941435 99.081076 14.702510 -5.304737 -0.056115836 0.001748650 0.937911264 -0.342301644
1561001132.386151791 99.981845 14.961786 -5.299928 -0.058087897 0.000364360 0.937699131 -0.342558029
1561001132.485601425 100.872537 15.207557 -5.308425 -0.058419670 0.001126501 0.937136750 -0.344035733
1561001132.585961103 101.764619 15.445891 -5.299568 -0.056293710 0.001268995 0.936831390 -0.345219285
1561001132.684566259 102.633106 15.691892 -5.320619 -0.057082146 0.002603063 0.937170700 -0.344159748
1561001132.784618378 103.534720 15.952896 -5.309737 -0.054960109 0.001576682 0.936812094 -0.345485169
1561001132.884348154 104.436322 16.213775 -5.314140 -0.056091806 0.002078249 0.936136720 -0.347127400
1561001132.985715389 105.344048 16.473569 -5.310050 -0.055645173 0.001475144 0.936481999 -0.346269987
1561001133.086115837 106.214935 16.722224 -5.317007 -0.057176194 0.001622772 0.936462591 -0.346072342
1561001133.185853720 107.096776 16.971156 -5.318974 -0.057809459 0.001129355 0.936090956 -0.346973360
1561001133.284146309 107.966338 17.206345 -5.315152 -0.058439292 0.001509688 0.936480529 -0.345813228
1561001133.387308836 108.874808 17.452606 -5.310044 -0.057230511 0.001733546 0.936284828 -0.346543481
1561001133.488371134 109.774106 17.709245 -5.317592 -0.057398852 0.001528725 0.936342604 -0.346360453
1561001133.585597992 110.643142 17.942610 -5.325415 -0.056849077 0.000742681 0.936428809 -0.346220619
1561001133.688664436 111.550548 18.180501 -5.318913 -0.054849555 0.000251546 0.936493318 -0.346369353
1561001133.787120342 112.437853 18.438375 -5.322058 -0.055291268 0.000309480 0.936416407 -0.346506987
1561001133.888472319 113.342020 18.684018 -5.328566 -0.055259316 0.000307680 0.936766113 -0.345565570
1561001133.988652945 114.240610 18.922742 -5.331732 -0.055207089 0.001565820 0.936821539 -0.345420222
1561001134.087587357 115.102868 19.166031 -5.331507 -0.053743014 0.001986827 0.937094427 -0.344908360
1561001134.188683033 116.019240 19.428448 -5.336789 -0.052137270 0.001897516 0.938021439 -0.342627910
1561001134.288877964 116.928394 19.673740 -5.356831 -0.053410314 0.002101341 0.938401374 -0.341388027
1561001134.389907837 117.827050 19.906038 -5.365075 -0.052277911 0.001769809 0.939255360 -0.339209753
1561001134.489928007 118.721740 20.145029 -5.378835 -0.052111718 0.000813377 0.939759902 -0.337838770
1561001134.590295553 119.619788 20.375565 -5.388839 -0.053584926 0.000878470 0.940101899 -0.336654576
1561001134.690085888 120.519611 20.605168 -5.397618 -0.053727649 0.000401821 0.940986458 -0.334152156
1561001134.788926363 121.419605 20.813498 -5.404754 -0.054429669 0.000105288 0.941372440 -0.332949440
1561001134.890287399 122.348643 21.030449 -5.401877 -0.054661711 0.000446229 0.941746226 -0.331852294
1561001134.990642786 123.266004 21.257962 -5.407909 -0.057871614 0.001373978 0.942486086 -0.329194419
1561001135.090342522 124.157529 21.462521 -5.400521 -0.062534331 0.001454733 0.942786001 -0.327478086
1561001135.189677000 125.072263 21.676598 -5.383193 -0.067414813 0.001785482 0.942438099 -0.327509518
1561001135.289121389 125.996732 21.882262 -5.361812 -0.064783160 0.001519216 0.942100642 -0.329009446
1561001135.390206814 126.927642 22.107475 -5.349155 -0.057643312 0.001425041 0.941970205 -0.330707349
1561001135.482093811 127.803979 22.340776 -5.352763 -0.050607343 0.001058950 0.941659875 -0.332737817
1561001135.581111431 128.742207 22.559342 -5.382262 -0.047457961 0.001566839 0.941725977 -0.333012718
1561001135.682196617 129.694394 22.800030 -5.403472 -0.049192137 0.001030025 0.940773455 -0.335446536
1561001135.781944513 130.613402 23.042171 -5.419106 -0.053051434 0.001962396 0.940494989 -0.335635025
1561001135.882292986 131.524279 23.274486 -5.420886 -0.057447702 0.002466821 0.939879019 -0.336632003
1561001135.982383013 132.432957 23.521169 -5.417552 -0.060800790 0.002240493 0.939365934 -0.337475755
1561001136.082290649 133.329798 23.759894 -5.404905 -0.060599277 0.001692652 0.938799240 -0.339088262
1561001136.183805227 134.257970 23.986945 -5.394322 -0.059574376 0.002308760 0.938542514 -0.339975753
1561001136.281190634 135.164263 24.232250 -5.391493 -0.057860962 0.002337474 0.937858445 -0.342152280
1561001136.382423639 136.098938 24.497147 -5.394215 -0.057951673 0.002507773 0.937590210 -0.342870111
1561001136.482727528 137.006401 24.739113 -5.393425 -0.057017792 0.000858458 0.937321740 -0.343767639
1561001136.582298517 137.924159 24.992231 -5.396386 -0.057442984 -0.000536053 0.936442709 -0.346085349
1561001136.682347059 138.846389 25.251383 -5.398175 -0.057553588 -0.000970488 0.935623479 -0.348274816
1561001136.781241655 139.762232 25.501975 -5.399198 -0.058519464 -0.001275364 0.935362853 -0.348812527
1561001136.881251097 140.679594 25.770393 -5.397193 -0.058647314 -0.001423611 0.935183590 -0.349270838
1561001136.983695745 141.604170 26.032761 -5.393851 -0.058756980 -0.001318481 0.934620220 -0.350757640
1561001137.082225800 142.515989 26.293563 -5.386273 -0.058831197 -0.001203636 0.934367187 -0.351419124
1561001137.182260752 143.438478 26.567443 -5.387005 -0.058436470 -0.001533810 0.934087038 -0.352227527
1561001137.281066656 144.363787 26.834623 -5.379527 -0.058860778 -0.001201814 0.933654534 -0.353303234
1561001137.382216692 145.297920 27.111570 -5.376957 -0.058263942 -0.001115294 0.933216101 -0.354558568
1561001137.483516932 146.243611 27.385323 -5.376304 -0.058854067 -0.001505423 0.933433739 -0.353886122
1561001137.581314564 147.189418 27.678190 -5.378612 -0.058858582 -0.001755362 0.933179234 -0.354554797
1561001137.682174683 148.136844 27.978010 -5.382573 -0.058771199 -0.001419453 0.933305241 -0.354238986
1561001137.780999184 149.056768 28.257960 -5.384697 -0.058842078 -0.002385770 0.933339845 -0.354130839
1561001137.881971359 150.011722 28.537425 -5.379143 -0.060039221 -0.002550161 0.933305716 -0.354018685
1561001137.981994867 150.932164 28.808222 -5.361126 -0.058264599 -0.003387150 0.933494515 -0.353810337
1561001138.082314730 151.881502 29.104765 -5.362953 -0.059737400 -0.002885030 0.933311382 -0.354052234
1561001138.181908131 152.822599 29.376281 -5.362251 -0.059301507 -0.002443210 0.933432853 -0.353808524
1561001138.281018496 153.767886 29.646852 -5.353174 -0.057696237 -0.001577148 0.933564826 -0.353730649
1561001138.382327318 154.738907 29.923926 -5.354369 -0.057382221 -0.001217005 0.933682858 -0.353471528
1561001138.482562304 155.689318 30.217371 -5.356325 -0.057769541 -0.000553051 0.934040015 -0.352465070
1561001138.582690239 156.652373 30.494850 -5.354572 -0.058083270 0.000143740 0.933511031 -0.353812757
1561001138.682304859 157.615164 30.784879 -5.348435 -0.057187797 -0.000444645 0.933518179 -0.353939497
1561001138.781280279 158.571729 31.087115 -5.352925 -0.058135673 0.000531182 0.933394403 -0.354111353
1561001138.882111788 159.545917 31.379826 -5.349547 -0.057176156 0.000367290 0.933582312 -0.353772270
1561001138.980769396 160.495965 31.650612 -5.355357 -0.056981968 0.000260360 0.933544048 -0.353904644
1561001139.081107855 161.493149 31.954860 -5.351582 -0.056520461 0.000927271 0.933426160 -0.354288274
1561001139.182785511 162.473698 32.243228 -5.350961 -0.058072539 0.001534025 0.933031839 -0.355072971
1561001139.280867338 163.442884 32.514132 -5.346853 -0.057330711 0.001404171 0.933332400 -0.354403512
1561001139.382659435 164.447871 32.828826 -5.350935 -0.058434964 0.001279517 0.933392729 -0.354064586
1561001139.482221603 165.372485 33.099780 -5.345310 -0.056678623 0.001196679 0.933384875 -0.354370959
1561001139.582927942 166.328741 33.392237 -5.343544 -0.056115914 0.001185247 0.933404679 -0.354408386
1561001139.683217049 167.312753 33.673520 -5.347987 -0.056426973 0.000482386 0.933256549 -0.354750586
1561001139.781563759 168.297682 33.968253 -5.346727 -0.055654070 -0.000166175 0.933339612 -0.354654431
1561001139.883711576 169.307508 34.271221 -5.337719 -0.056145977 -0.000718698 0.933418453 -0.354368600
1561001139.983009815 170.292013 34.563052 -5.347038 -0.056844281 -0.001395787 0.933398092 -0.354308878
1561001140.083716154 171.283683 34.837007 -5.349179 -0.057730874 -0.002505397 0.933490720 -0.353915167
1561001140.183422327 172.266877 35.135666 -5.343136 -0.058743943 -0.002218148 0.933355346 -0.354107367
1561001140.282708406 173.240012 35.415732 -5.347976 -0.059937069 -0.002580747 0.933646515 -0.353136053
1561001140.384585381 174.244110 35.714626 -5.340562 -0.059096081 -0.002854278 0.933283160 -0.354234456
1561001140.484399796 175.235816 36.014783 -5.344715 -0.057813227 -0.003635823 0.933314670 -0.354355948
1561001140.585971594 176.235943 36.324075 -5.332405 -0.053887690 -0.003903579 0.933613958 -0.354183366
1561001140.685829878 177.218887 36.607479 -5.334718 -0.052434588 -0.003814737 0.933355980 -0.355081225
1561001140.784236193 178.193168 36.892727 -5.337645 -0.052854564 -0.002005101 0.933579304 -0.354446129
1561001140.885968447 179.188614 37.180814 -5.353691 -0.052366542 -0.002101887 0.933322203 -0.355194302
1561001140.985197306 180.172162 37.488056 -5.381161 -0.055712960 -0.002149515 0.933274486 -0.354810061
1561001141.086545706 181.163589 37.799789 -5.377055 -0.055041972 -0.002860481 0.933167491 -0.355190981
1561001141.186854839 182.121203 38.095945 -5.376621 -0.055322691 -0.003046685 0.933120601 -0.355268998
1561001141.285454035 183.078648 38.368388 -5.386614 -0.054104140 -0.005106843 0.933156555 -0.355338578
1561001141.386609077 184.054508 38.667883 -5.402301 -0.052850705 -0.005480655 0.933183978 -0.355449615
1561001141.484638691 185.010727 38.946615 -5.417416 -0.052349711 -0.005182237 0.933086495 -0.355783986
1561001141.585975885 185.994058 39.230427 -5.422563 -0.049765499 -0.005280206 0.933074799 -0.356183848
1561001141.685833931 186.956057 39.531729 -5.436257 -0.048186707 -0.004228624 0.932858328 -0.356981092
1561001141.785057545 187.909766 39.812885 -5.467251 -0.047149815 -0.005204120 0.932865212 -0.357088657
1561001141.885903835 188.879613 40.108844 -5.492572 -0.047203142 -0.005090308 0.933088189 -0.356500188
1561001141.984722137 189.826119 40.394581 -5.509131 -0.049089659 -0.005321517 0.933169510 -0.356028865
1561001142.086062193 190.784471 40.702634 -5.524387 -0.051043859 -0.006153151 0.933009120 -0.356160981
1561001142.186029196 191.718647 40.989040 -5.537722 -0.054016246 -0.006494168 0.933095700 -0.355489080
1561001142.284381151 192.613282 41.246273 -5.532987 -0.053880080 -0.005894893 0.932994180 -0.355786521
1561001142.385797739 193.530663 41.511143 -5.540236 -0.054098544 -0.004301373 0.933383834 -0.354752680
1561001142.484869719 194.436889 41.779621 -5.534906 -0.053595450 -0.003490797 0.932974219 -0.355913542
1561001142.584497929 195.333491 42.052521 -5.550700 -0.053977882 -0.003640135 0.933249593 -0.355131434
1561001142.685821533 196.225877 42.326206 -5.550596 -0.054598709 -0.002680612 0.933449731 -0.354518541
1561001142.785000563 197.085678 42.594722 -5.560480 -0.055243139 -0.003062436 0.934013376 -0.352927513
1561001142.885412216 197.957026 42.854937 -5.564815 -0.055193105 -0.002844181 0.933834236 -0.353410882
1561001142.985005856 198.813235 43.109505 -5.569446 -0.054246276 -0.004247988 0.934262013 -0.352411388
1561001143.084751844 199.671985 43.349021 -5.572396 -0.054953818 -0.002763910 0.934301350 -0.352212190
1561001143.186279297 200.515819 43.578391 -5.572286 -0.054672794 -0.002372444 0.934772885 -0.351005570
1561001143.284335852 201.339851 43.822841 -5.561594 -0.054031579 -0.001655347 0.935203328 -0.349960831
1561001143.385747910 202.201817 44.068163 -5.567962 -0.054143180 -0.002019313 0.934941460 -0.350640705
1561001143.484142303 203.011286 44.296752 -5.578713 -0.053407286 -0.002295362 0.935111952 -0.350297060
1561001143.585716724 203.839749 44.523471 -5.591602 -0.052322228 -0.003716098 0.935726496 -0.348804386
1561001143.685602427 204.652379 44.761358 -5.600679 -0.051763227 -0.004941172 0.935208454 -0.350258906
1561001143.784009218 205.461966 45.017181 -5.595323 -0.051872863 -0.005118276 0.935297275 -0.350002881
1561001143.885990381 206.291158 45.229589 -5.599199 -0.054531579 -0.005454772 0.935450335 -0.349183652
1561001143.984494448 207.087847 45.448317 -5.598694 -0.057835771 -0.004471607 0.935099011 -0.349606734
1561001144.086175442 207.894564 45.687068 -5.598529 -0.060068454 -0.004105109 0.934581316 -0.350617588
1561001144.186442614 208.648920 45.921981 -5.595234 -0.061112846 -0.003991756 0.934414309 -0.350883434
1561001144.285151243 209.400565 46.131679 -5.584293 -0.061471688 -0.003680760 0.934696769 -0.350070898
1561001144.386185169 210.181691 46.330232 -5.576462 -0.059932871 -0.003138834 0.934611974 -0.350569048
1561001144.484603882 210.955824 46.560994 -5.589527 -0.058257878 -0.003519361 0.934510866 -0.351116896
1561001144.584733009 211.733329 46.776928 -5.598700 -0.055036128 -0.003986394 0.934548043 -0.351532486
1561001144.686102629 212.508790 47.000492 -5.603394 -0.053269408 -0.004060620 0.934593627 -0.351682576
1561001144.784521103 213.282058 47.229275 -5.598916 -0.054068932 -0.004388288 0.934691096 -0.351297380
1561001144.886048079 214.050583 47.464065 -5.607319 -0.057275299 -0.005070337 0.934321973 -0.351761684
1561001144.984645844 214.813236 47.692160 -5.603547 -0.058840143 -0.005481071 0.933965193 -0.352444059
1561001145.086178780 215.574541 47.902725 -5.599895 -0.059075090 -0.005214770 0.934242975 -0.351671727
1561001145.187219620 216.348472 48.106515 -5.602932 -0.058435972 -0.005336457 0.934012397 -0.352388424
1561001145.286214590 217.097207 48.332738 -5.603067 -0.057802383 -0.004725738 0.934092175 -0.352290164
1561001145.386343718 217.874898 48.558373 -5.606616 -0.057629247 -0.006065732 0.933857464 -0.352919698
1561001145.484691858 218.630652 48.781696 -5.604803 -0.057664390 -0.006376406 0.934007500 -0.352511205
1561001145.586182356 219.408987 49.012810 -5.597220 -0.059598177 -0.005861953 0.934233881 -0.351597426
1561001145.686109781 220.189667 49.228271 -5.583452 -0.063255046 -0.003318721 0.934403429 -0.350539608
1561001145.785892963 220.953421 49.448431 -5.573461 -0.067388230 -0.000758143 0.934396775 -0.349801255
1561001145.885802746 221.692035 49.652474 -5.575576 -0.066091172 -0.002527053 0.934317818 -0.350251032
1561001145.985844374 222.448165 49.872485 -5.596469 -0.058827419 -0.004740392 0.934937016 -0.349870890
1561001146.085590363 223.226859 50.087455 -5.597203 -0.050065101 -0.005028255 0.935285520 -0.350298727
1561001146.185775280 224.028077 50.313045 -5.606789 -0.046306549 -0.003281047 0.935840587 -0.349352737
1561001146.283927917 224.806988 50.544865 -5.622037 -0.050400283 -0.002729895 0.936117899 -0.348045453
1561001146.385445833 225.588269 50.765489 -5.631316 -0.057247554 -0.003599523 0.936055377 -0.347145635
1561001146.483846903 226.355779 50.961579 -5.632441 -0.061299059 -0.004862545 0.936227720 -0.345971730
1561001146.585337639 227.136058 51.181438 -5.622862 -0.062055402 -0.005131981 0.935965661 -0.346541587
1561001146.685917139 227.938767 51.385986 -5.618570 -0.060041269 -0.004712000 0.936317743 -0.345950758
1561001146.784903526 228.709810 51.591704 -5.615283 -0.058019271 -0.003123291 0.936150842 -0.346764488
1561001146.885892868 229.515501 51.817533 -5.613585 -0.058074399 -0.002808651 0.936082452 -0.346942530
1561001146.984430313 230.297502 52.045387 -5.617498 -0.058901993 -0.002764369 0.935812402 -0.347531381
1561001147.086077452 231.112949 52.281794 -5.618594 -0.060208879 -0.002806901 0.935656501 -0.347726797
1561001147.186088562 231.899242 52.498816 -5.618220 -0.060646198 -0.003005719 0.935731055 -0.347448410
1561001147.284325123 232.719267 52.722230 -5.616786 -0.060858147 -0.004346137 0.935740691 -0.347371208
1561001147.385687351 233.527850 52.941734 -5.613460 -0.061155790 -0.005214034 0.935410388 -0.348195619
1561001147.484004259 234.325168 53.150378 -5.604764 -0.060776244 -0.005574517 0.935253429 -0.348677783
1561001147.585363865 235.134041 53.378878 -5.607067 -0.060393332 -0.006169231 0.934929286 -0.349602369
1561001147.685277700 235.944567 53.609721 -5.604486 -0.060076859 -0.006944425 0.934760854 -0.350092405
1561001147.785428762 236.760371 53.831800 -5.598001 -0.060151005 -0.008553532 0.934136877 -0.351705827
1561001147.885680199 237.582634 54.078156 -5.599158 -0.060670459 -0.010924977 0.933701411 -0.352705848
1561001147.984253883 238.401270 54.313678 -5.590702 -0.059975572 -0.011971685 0.933139849 -0.354273386
1561001148.085975647 239.224531 54.548882 -5.596413 -0.058688537 -0.010903124 0.932420466 -0.356411073
1561001148.184486151 240.036724 54.802387 -5.594276 -0.057403466 -0.010204167 0.931763190 -0.358354676
1561001148.285050869 240.844590 55.062233 -5.590356 -0.058135718 -0.010358634 0.930811604 -0.360697512
1561001148.386099815 241.680646 55.324293 -5.590479 -0.059492762 -0.010468007 0.929886819 -0.362851949
1561001148.484535456 242.494813 55.585619 -5.591336 -0.060225634 -0.010703143 0.928880435 -0.365293652
1561001148.586162329 243.320983 55.853766 -5.585385 -0.059538348 -0.010818240 0.927860588 -0.367984891
1561001148.687562704 244.137741 56.133206 -5.582776 -0.058535075 -0.009589614 0.926949462 -0.370467785
1561001148.786041975 244.958666 56.415109 -5.578721 -0.058582381 -0.009126912 0.925700995 -0.373580610
1561001148.887578964 245.790822 56.709501 -5.581056 -0.060529264 -0.009008152 0.924750066 -0.375622652
1561001148.986067057 246.603901 56.994332 -5.579556 -0.062201338 -0.009417852 0.923579737 -0.378209950
1561001149.088902235 247.434087 57.311224 -5.571311 -0.063428427 -0.009234861 0.922582962 -0.380436893
1561001149.187531710 248.245792 57.615157 -5.564753 -0.063494713 -0.010098897 0.921568076 -0.382855998
1561001149.287588358 249.076853 57.931180 -5.557127 -0.062642747 -0.010454610 0.920645909 -0.385198257
1561001149.388610601 249.899904 58.241832 -5.552339 -0.061036667 -0.010907336 0.919730268 -0.387623256
1561001149.487802744 250.728017 58.550964 -5.545703 -0.060732217 -0.010926766 0.918581709 -0.390384231
1561001149.588543653 251.561006 58.875050 -5.532458 -0.061045868 -0.010619920 0.917617259 -0.392605635
1561001149.687334061 252.376872 59.191939 -5.530060 -0.062415720 -0.010137625 0.916519054 -0.394961176
1561001149.788720131 253.217946 59.530033 -5.529000 -0.063964107 -0.009850970 0.915690851 -0.396638143
1561001149.888685226 254.022041 59.868028 -5.516265 -0.063994649 -0.009925119 0.914697301 -0.398917314
1561001149.987399578 254.845777 60.196607 -5.507167 -0.063433495 -0.009720646 0.914105503 -0.400365870
1561001150.088363171 255.673908 60.536661 -5.497600 -0.062932864 -0.009858537 0.913306748 -0.402259927
1561001150.188556194 256.497187 60.888586 -5.492291 -0.062847800 -0.009412755 0.912912907 -0.403176858
1561001150.288900852 257.326591 61.232713 -5.480741 -0.063052607 -0.009316998 0.912147508 -0.404875889
1561001150.389025450 258.157344 61.590015 -5.476016 -0.063475920 -0.009781248 0.911730981 -0.405736063
1561001150.487441778 258.981087 61.945399 -5.471150 -0.064188729 -0.010202548 0.911119907 -0.406984312
1561001150.589521646 259.814751 62.308522 -5.461603 -0.063298527 -0.010613844 0.910741243 -0.407959595
1561001150.689532042 260.646726 62.659147 -5.450557 -0.062395941 -0.010677843 0.910525323 -0.408578471
1561001150.788128376 261.464469 63.008788 -5.445165 -0.062706552 -0.011841321 0.910258542 -0.409092970
1561001150.888876438 262.312005 63.368115 -5.435973 -0.062590041 -0.012693450 0.910281734 -0.409033652
1561001150.988275290 263.143935 63.719664 -5.429555 -0.062834475 -0.013495420 0.909835777 -0.409961659
1561001151.088625669 264.000081 64.079646 -5.416449 -0.063381141 -0.013870902 0.909870338 -0.409788234
1561001151.187970161 264.817153 64.434547 -5.411118 -0.063775017 -0.013565131 0.909707985 -0.410097691
1561001151.288516760 265.633811 64.812567 -5.400065 -0.063824139 -0.014238644 0.909368481 -0.410819555
1561001151.388269186 266.463513 65.172974 -5.388538 -0.063386684 -0.014198326 0.909454320 -0.410698643
1561001151.487016201 267.293601 65.525079 -5.367069 -0.063170010 -0.013626741 0.909335746 -0.411013823
1561001151.588240862 268.128630 65.888160 -5.360128 -0.063489903 -0.013170120 0.908966440 -0.411795569
1561001151.687710762 268.938868 66.246000 -5.353171 -0.063429785 -0.013537908 0.908807531 -0.412143492
1561001151.787724495 269.755471 66.618526 -5.338264 -0.063120413 -0.013051138 0.908844798 -0.412124513
1561001151.888802767 270.573060 66.987180 -5.324505 -0.063008925 -0.012905930 0.908724621 -0.412411053
1561001151.987565994 271.370866 67.338284 -5.317766 -0.063054696 -0.012366596 0.908359829 -0.413223418
1561001152.088760138 272.197679 67.711086 -5.308808 -0.063308150 -0.012607389 0.908160188 -0.413616012
1561001152.187528372 272.979852 68.058404 -5.297602 -0.063313085 -0.012781565 0.908139450 -0.413655441
1561001152.287717819 273.776670 68.416388 -5.288419 -0.063796980 -0.012487659 0.907847585 -0.414230331
1561001152.388595581 274.574280 68.773464 -5.279126 -0.063884144 -0.012649767 0.907622048 -0.414705941
1561001152.488177538 275.368802 69.120315 -5.272026 -0.063924596 -0.012724690 0.907639858 -0.414658432
1561001152.588547707 276.172055 69.473274 -5.258967 -0.063498289 -0.012882078 0.907442577 -0.415150562
1561001152.688233137 276.976945 69.837248 -5.246538 -0.063967576 -0.012828277 0.907240366 -0.415521965
1561001152.788680077 277.781796 70.193154 -5.235450 -0.064513136 -0.013019009 0.906602720 -0.416821388
1561001152.888511419 278.569076 70.538673 -5.229761 -0.065490806 -0.013568376 0.905829264 -0.418330250
1561001152.987411499 279.367503 70.903592 -5.210444 -0.065109715 -0.013791547 0.904894097 -0.420401228
1561001153.088971376 280.152162 71.271632 -5.196352 -0.064406215 -0.013550743 0.904069324 -0.422287668
1561001153.188186646 280.934628 71.643796 -5.182301 -0.064390783 -0.013512042 0.903099707 -0.424360898
1561001153.289011240 281.713079 72.017267 -5.167998 -0.064652936 -0.013246992 0.902017315 -0.426625454
1561001153.389046431 282.485035 72.393312 -5.157555 -0.065074457 -0.013427647 0.901105010 -0.428479607
1561001153.487637758 283.261292 72.789442 -5.148877 -0.066152796 -0.013794097 0.899811043 -0.431014636
1561001153.588826895 284.025912 73.175601 -5.132250 -0.066616146 -0.014115185 0.898908342 -0.432812711
1561001153.687540531 284.794129 73.555567 -5.110796 -0.066730736 -0.014267365 0.897558259 -0.435583084
1561001153.788393736 285.557079 73.949717 -5.088807 -0.066667076 -0.014086308 0.896569541 -0.437630135
1561001153.888483524 286.319187 74.342111 -5.074010 -0.066184120 -0.014265780 0.895495212 -0.439891435
1561001153.987723827 287.074144 74.742596 -5.056974 -0.066148903 -0.013938639 0.894212725 -0.442508350
1561001154.088504791 287.848619 75.141024 -5.045548 -0.066082233 -0.013983999 0.892910677 -0.445138303
1561001154.187741995 288.599159 75.533355 -5.031747 -0.066135204 -0.014600074 0.892203568 -0.446526333
1561001154.289117098 289.340645 75.942075 -5.021384 -0.066968398 -0.015572338 0.890889172 -0.448986880
1561001154.389080763 290.078679 76.353329 -5.002180 -0.066919761 -0.015990293 0.890014460 -0.450710902
1561001154.488250256 290.808224 76.756647 -4.979815 -0.066218939 -0.016503982 0.888900247 -0.452988986
1561001154.588912487 291.544670 77.171677 -4.963096 -0.066371729 -0.016595101 0.887722824 -0.455266498
1561001154.687837601 292.283287 77.591150 -4.944828 -0.066075200 -0.017566945 0.886853903 -0.456963484
1561001154.787690639 293.012195 78.017357 -4.930101 -0.066449612 -0.017006657 0.885810302 -0.458950250
1561001154.890188932 293.723088 78.451935 -4.913844 -0.066653685 -0.015973927 0.885093968 -0.460337689
1561001154.987358093 294.428147 78.847418 -4.895752 -0.066137100 -0.015118872 0.884296674 -0.461970449
1561001155.088640928 295.155455 79.286705 -4.878919 -0.065614232 -0.014245048 0.883888205 -0.462853641
1561001155.187410831 295.868057 79.707143 -4.867877 -0.066755933 -0.014488149 0.883102313 -0.464181046
1561001155.288742781 296.596656 80.133559 -4.854521 -0.067869677 -0.014940008 0.882435426 -0.465272201
1561001155.388734341 297.304400 80.542145 -4.834229 -0.069188027 -0.015676701 0.882130239 -0.465632364
1561001155.487461805 298.010872 80.958527 -4.801993 -0.069005314 -0.014608066 0.881892871 -0.466143578
1561001155.588906050 298.710857 81.380620 -4.781287 -0.068377855 -0.012832171 0.881889600 -0.466294475
1561001155.688025951 299.399807 81.802667 -4.767797 -0.067128454 -0.012032634 0.881911563 -0.466455765
1561001155.788246155 300.095623 82.218953 -4.752575 -0.066351010 -0.012779020 0.882292570 -0.465826214
1561001155.888960361 300.783252 82.620926 -4.729131 -0.066868416 -0.012909649 0.882535875 -0.465287423
1561001155.988918066 301.462324 83.007267 -4.711302 -0.067574311 -0.011951618 0.882907181 -0.464505953
1561001156.089899778 302.119808 83.391925 -4.690016 -0.067658889 -0.010409447 0.883899009 -0.462640745
1561001156.189201593 302.764792 83.777748 -4.670748 -0.067112060 -0.008902473 0.885014518 -0.460614828
1561001156.281957626 303.386666 84.132065 -4.658211 -0.067384477 -0.008468123 0.886248775 -0.458203810
1561001156.382101536 304.049445 84.499543 -4.647657 -0.067239302 -0.007877104 0.888614697 -0.453630629
1561001156.481092930 304.683896 84.846122 -4.631108 -0.067805889 -0.007369941 0.890117350 -0.450598656
1561001156.582385302 305.341224 85.195203 -4.612357 -0.067696186 -0.006995854 0.892341906 -0.446199739
1561001156.681476831 305.994294 85.533439 -4.595723 -0.067439140 -0.006279004 0.894142974 -0.442629506
1561001156.781229258 306.647726 85.856972 -4.585746 -0.067167904 -0.005639124 0.896122984 -0.438657350
1561001156.882326126 307.290863 86.182866 -4.571445 -0.066035242 -0.005646015 0.897945363 -0.435088031
1561001156.981991529 307.943369 86.501808 -4.558271 -0.065686884 -0.006816104 0.899223802 -0.432475812
1561001157.082814217 308.599510 86.796965 -4.542715 -0.065753569 -0.007091749 0.900902369 -0.428953490
1561001157.181137562 309.231105 87.095922 -4.524446 -0.065638518 -0.006541627 0.901718878 -0.427260878
1561001157.284645081 309.880145 87.395254 -4.510210 -0.064704188 -0.005802446 0.903152591 -0.424376127
1561001157.384552717 310.506282 87.670786 -4.500363 -0.064394853 -0.005759047 0.904130032 -0.422337568
1561001157.482944250 311.113542 87.952956 -4.493605 -0.064008780 -0.006239040 0.904896600 -0.420744689
1561001157.584735155 311.713887 88.219177 -4.480548 -0.064316832 -0.006567634 0.905843645 -0.418649618
1561001157.682933569 312.292661 88.476181 -4.463451 -0.064218122 -0.005932086 0.906732742 -0.416745218
1561001157.784859896 312.895415 88.720332 -4.452967 -0.064698668 -0.005612122 0.907574614 -0.414838410
1561001157.885015249 313.475218 88.978956 -4.445139 -0.064115630 -0.005373215 0.908001236 -0.413997670
1561001157.984003067 314.032583 89.230282 -4.434116 -0.064214499 -0.005548581 0.908486884 -0.412913179
1561001158.084860086 314.593204 89.474513 -4.419296 -0.064162514 -0.004964446 0.909173808 -0.411414041
1561001158.183189869 315.132732 89.708868 -4.401156 -0.064187543 -0.003936631 0.909245099 -0.411263677
1561001158.284714460 315.649574 89.938562 -4.387696 -0.064517062 -0.003015280 0.909456888 -0.410751295
1561001158.384681225 316.174051 90.169408 -4.380177 -0.065858415 -0.001977321 0.909702978 -0.409999088
1561001158.484777927 316.669850 90.398246 -4.364871 -0.068357014 -0.001063386 0.910081310 -0.408751999
1561001158.584870100 317.143680 90.617301 -4.345805 -0.072850906 -0.000580787 0.909812009 -0.408576208
1561001158.684259176 317.603140 90.792243 -4.326565 -0.076772168 -0.001368902 0.909903299 -0.407651993
1561001158.784959316 318.051969 90.966656 -4.302759 -0.078383596 -0.001779401 0.910115998 -0.406868180
1561001158.884941578 318.470717 91.143970 -4.285276 -0.078680282 -0.001284924 0.910342253 -0.406306220
1561001158.982940674 318.887882 91.295999 -4.275149 -0.076369083 -0.000015099 0.911123365 -0.404996268
1561001159.086337805 319.309489 91.465071 -4.271000 -0.071527636 -0.000137139 0.911602870 -0.404801168
1561001159.186198235 319.703694 91.631274 -4.268460 -0.065225363 -0.001005548 0.912120726 -0.404697940
1561001159.287370682 320.112061 91.791388 -4.267908 -0.059088355 -0.002093033 0.912805737 -0.404091416
1561001159.387305737 320.541529 91.963833 -4.260986 -0.054047494 -0.003158847 0.913094403 -0.404137974
1561001159.487141609 320.990040 92.146176 -4.259391 -0.052767165 -0.004320939 0.913043128 -0.404412169
1561001159.588606834 321.418553 92.323454 -4.259669 -0.052741115 -0.005520972 0.912473462 -0.405684699
1561001159.687276363 321.837860 92.507372 -4.258589 -0.055413198 -0.007257042 0.911616283 -0.407225325
1561001159.789034128 322.268218 92.681299 -4.256474 -0.058131507 -0.008631171 0.909976750 -0.410473562
1561001159.888607979 322.649081 92.857182 -4.254357 -0.060722483 -0.009588949 0.907333534 -0.415892641
1561001159.987370253 323.039665 93.034524 -4.248519 -0.062766165 -0.010081628 0.904118114 -0.422527165
1561001160.088625193 323.407291 93.235194 -4.242269 -0.064619063 -0.010234808 0.900121265 -0.430698658
1561001160.187492371 323.759655 93.448284 -4.233710 -0.065802846 -0.011884985 0.895432011 -0.440147981
1561001160.288746119 324.120013 93.669010 -4.225048 -0.065875289 -0.014952128 0.889344151 -0.452221032
1561001160.388933420 324.451316 93.900215 -4.213483 -0.064964093 -0.016306545 0.882736139 -0.465070609
1561001160.488695145 324.785291 94.131292 -4.200923 -0.065855006 -0.017546824 0.874769779 -0.479721858
1561001160.588774920 325.092163 94.369810 -4.184018 -0.066906771 -0.019210046 0.865617575 -0.495843394
1561001160.687581539 325.361398 94.607113 -4.177142 -0.069504933 -0.021795248 0.855468728 -0.512705848
1561001160.788053036 325.608268 94.875711 -4.163916 -0.070901333 -0.024566459 0.844498705 -0.530274861
1561001160.888904095 325.842516 95.151479 -4.148228 -0.070952760 -0.027335922 0.831681934 -0.550021467
1561001160.987649918 326.033483 95.449908 -4.133829 -0.071222942 -0.029170684 0.818115836 -0.569879674
1561001161.088438988 326.205172 95.714864 -4.119601 -0.072879298 -0.031571756 0.803257086 -0.590313379
1561001161.187751055 326.346509 95.994490 -4.100505 -0.074443935 -0.034472251 0.787262144 -0.611136712
1561001161.288914919 326.491880 96.276617 -4.073010 -0.076061721 -0.036179313 0.768606463 -0.634152803
1561001161.388921976 326.620080 96.539907 -4.040881 -0.076529957 -0.036000469 0.749136385 -0.656994527
1561001161.487922668 326.688341 96.850495 -4.016575 -0.076669581 -0.034504126 0.728123466 -0.680270137
1561001161.588738918 326.748433 97.133719 -4.007346 -0.076845159 -0.033938502 0.705932354 -0.703279824
1561001161.687714100 326.769077 97.420870 -4.002950 -0.077552661 -0.034842481 0.682139072 -0.726262950
1561001161.790751934 326.772456 97.704336 -3.994000 -0.078291813 -0.036282778 0.657544807 -0.748457600
1561001161.889777422 326.755960 97.987492 -3.965054 -0.077671355 -0.034697995 0.633043823 -0.769427532
1561001161.990681887 326.734155 98.262557 -3.942514 -0.076239630 -0.033304629 0.607822933 -0.789702224
1561001162.090410948 326.688964 98.563660 -3.941170 -0.074486591 -0.032229937 0.581574223 -0.809434619
1561001162.189192295 326.578188 98.865627 -3.934510 -0.072469000 -0.033486247 0.556710398 -0.826861807
1561001162.282636166 326.498595 99.143652 -3.931790 -0.072204325 -0.035225360 0.529164994 -0.844707120
1561001162.382832527 326.381738 99.406115 -3.909313 -0.070405993 -0.035894508 0.500833525 -0.861928280
1561001162.482745647 326.269856 99.686717 -3.886426 -0.069756336 -0.035429212 0.472067349 -0.878083847
1561001162.582601309 326.113193 99.975212 -3.882293 -0.069101815 -0.035640215 0.444222456 -0.892536343
1561001162.682556629 325.959205 100.210260 -3.872661 -0.067105486 -0.036505092 0.412860397 -0.907584996
1561001162.782516479 325.795396 100.455985 -3.872409 -0.065710773 -0.037251344 0.381987571 -0.921075419
1561001162.882212877 325.591898 100.667905 -3.860253 -0.063195521 -0.037723880 0.351555688 -0.933269432
1561001162.980956316 325.407466 100.906311 -3.847960 -0.061880355 -0.037890676 0.320163706 -0.944579440
1561001163.081969976 325.200419 101.114672 -3.842317 -0.061365609 -0.038016515 0.288519452 -0.954748937
1561001163.180884838 324.936071 101.336775 -3.834618 -0.059584698 -0.038589461 0.257123712 -0.963767562
1561001163.282196283 324.684091 101.524382 -3.830397 -0.057370590 -0.038916360 0.224365879 -0.972036051
1561001163.381432056 324.428490 101.681250 -3.830844 -0.055604319 -0.039426906 0.192416507 -0.978943087
1561001163.482605457 324.168921 101.824023 -3.819150 -0.054397974 -0.038895580 0.159812350 -0.984879692
1561001163.582685232 323.883336 101.952664 -3.815911 -0.053925493 -0.039314687 0.128344082 -0.989481780
1561001163.681626797 323.593046 102.075375 -3.814351 -0.052334748 -0.039279026 0.096215458 -0.993207339
1561001163.782557487 323.304691 102.157781 -3.822538 -0.050808109 -0.040264894 0.064235523 -0.995826828
1561001163.881566763 323.026510 102.233799 -3.832172 -0.048938796 -0.041397984 0.034813754 -0.997336054
1561001163.982356787 322.738073 102.281182 -3.833507 -0.046592931 -0.041179296 0.002612389 -0.998061391
1561001164.082245350 322.442620 102.318613 -3.835478 -0.044863667 -0.041199194 -0.028346309 -0.997740630
1561001164.180924892 322.132472 102.338659 -3.836946 -0.043317868 -0.041633994 -0.060375980 -0.996365853
1561001164.282064199 321.864629 102.348223 -3.834858 -0.041906938 -0.041647653 -0.092117267 -0.993993808
1561001164.381991148 321.568120 102.363070 -3.834048 -0.041585173 -0.042512065 -0.123119240 -0.990608424
1561001164.481359720 321.273720 102.311187 -3.838659 -0.041604322 -0.042441431 -0.151627335 -0.986649358
1561001164.582238674 320.994279 102.259052 -3.851182 -0.040147703 -0.042643820 -0.179047185 -0.982095602
1561001164.680935860 320.715558 102.219630 -3.879397 -0.035948188 -0.044040792 -0.204022087 -0.977314240
1561001164.781991959 320.398289 102.150949 -3.882809 -0.031274254 -0.044227478 -0.228794972 -0.971966415
1561001164.881586313 320.114871 102.101089 -3.870060 -0.029249773 -0.045148738 -0.252611863 -0.966071058
1561001164.981424809 319.792717 102.058876 -3.855988 -0.030386282 -0.045749227 -0.273215591 -0.960383737
1561001165.082032919 319.458086 101.974554 -3.851191 -0.032959715 -0.045864906 -0.293625262 -0.954250634
1561001165.181327343 319.143601 101.837343 -3.868287 -0.033477608 -0.047356558 -0.312734703 -0.948068358
1561001165.282207489 318.820634 101.713341 -3.897690 -0.031212178 -0.048605510 -0.329345669 -0.942440839
1561001165.382048368 318.504960 101.591888 -3.916685 -0.027382327 -0.049478555 -0.345019011 -0.936890582
1561001165.482251406 318.184593 101.457815 -3.915555 -0.024347104 -0.048561386 -0.358799455 -0.931832582
1561001165.582561016 317.841336 101.332307 -3.906356 -0.023999258 -0.047642379 -0.371292613 -0.926982219
1561001165.681414366 317.481762 101.188199 -3.902603 -0.026477956 -0.047135762 -0.382580443 -0.922339060
1561001165.782642126 317.142474 101.028218 -3.914921 -0.028149417 -0.047109977 -0.391408862 -0.918578991
1561001165.882845879 316.794839 100.843694 -3.934380 -0.028731863 -0.047729627 -0.398932899 -0.915286242
1561001165.982615948 316.447263 100.651940 -3.952636 -0.027732850 -0.048243737 -0.404870265 -0.912679297
1561001166.082347155 316.084359 100.467261 -3.967706 -0.027194573 -0.049017804 -0.410024177 -0.910350419
1561001166.182419538 315.714687 100.285279 -3.974309 -0.026887889 -0.049446186 -0.413283986 -0.908861080
1561001166.282417059 315.334004 100.093651 -3.978570 -0.027139574 -0.050070774 -0.416912252 -0.907160700
1561001166.382501602 314.951861 99.909505 -3.987281 -0.028643748 -0.050807269 -0.419955969 -0.905668340
1561001166.482249737 314.563472 99.711487 -4.004508 -0.029165072 -0.051512995 -0.420444731 -0.905385022
1561001166.582196474 314.172820 99.520227 -4.007106 -0.029705315 -0.050600786 -0.421152695 -0.905089809
1561001166.680986404 313.752077 99.307375 -4.020287 -0.029857184 -0.050939398 -0.420851452 -0.905205933
1561001166.782071829 313.343402 99.106450 -4.034199 -0.029843032 -0.051538292 -0.419759327 -0.905679472
1561001166.881676435 312.895302 98.922783 -4.045258 -0.028880920 -0.052372962 -0.418491411 -0.906249361
1561001166.981935978 312.452685 98.708461 -4.056048 -0.028943335 -0.052697454 -0.417121673 -0.906859841
1561001167.082021236 311.984761 98.502821 -4.063192 -0.028539987 -0.052004236 -0.417664214 -0.906662910
1561001167.180868387 311.516604 98.266683 -4.072473 -0.028870026 -0.051239129 -0.416689956 -0.907144175
1561001167.281931400 311.034302 98.041113 -4.082153 -0.029484295 -0.050490006 -0.415087918 -0.907900576
1561001167.381872892 310.549285 97.815975 -4.097532 -0.028937448 -0.049745336 -0.414925664 -0.908033435
1561001167.481890917 310.042247 97.602812 -4.107374 -0.028559563 -0.049153270 -0.414126735 -0.908442268
1561001167.581975222 309.516892 97.400118 -4.117447 -0.027498837 -0.049443329 -0.414142584 -0.908452030
1561001167.680889130 309.001588 97.181334 -4.125278 -0.028166156 -0.049884042 -0.412531503 -0.909140258
1561001167.782101154 308.471227 96.953534 -4.136305 -0.028504049 -0.051095613 -0.412168157 -0.909227237
1561001167.881882429 307.961315 96.724739 -4.151927 -0.028594420 -0.051946540 -0.411375135 -0.909535274
1561001167.982218981 307.449815 96.515139 -4.157784 -0.028613232 -0.052017008 -0.410850598 -0.909767717
1561001168.081929922 306.923009 96.293946 -4.171892 -0.028495924 -0.051082165 -0.410496573 -0.909984153
1561001168.180833578 306.365117 96.070339 -4.182087 -0.027749495 -0.050997618 -0.409290214 -0.910555176
1561001168.281826019 305.820339 95.823149 -4.185260 -0.027036949 -0.050330914 -0.410320039 -0.910150135
1561001168.381040096 305.260001 95.575297 -4.192407 -0.028159240 -0.050748614 -0.409911831 -0.910276840
1561001168.481097937 304.692955 95.333104 -4.208284 -0.028749172 -0.051863817 -0.410582546 -0.909893182
1561001168.581739187 304.129160 95.100177 -4.221977 -0.029210833 -0.053187807 -0.409885827 -0.910116143
1561001168.680940866 303.558239 94.847792 -4.232338 -0.029235199 -0.053452990 -0.410945826 -0.909621684
1561001168.782174587 302.972792 94.581011 -4.240162 -0.029409003 -0.052758740 -0.410460977 -0.909875493
1561001168.881748915 302.368387 94.315295 -4.247110 -0.028852807 -0.052565468 -0.410431915 -0.909917595
1561001168.982442617 301.754774 94.040326 -4.250971 -0.029355406 -0.052727723 -0.410742069 -0.909752164
1561001169.082647324 301.138898 93.771221 -4.264498 -0.029582906 -0.053012562 -0.411462797 -0.909402489
1561001169.182695627 300.537714 93.505268 -4.275095 -0.029253525 -0.052974367 -0.412135468 -0.909110721
1561001169.281768322 299.900805 93.257476 -4.284176 -0.029188519 -0.052703672 -0.410642261 -0.909803983
1561001169.381900549 299.270572 92.965184 -4.295649 -0.029344708 -0.051773800 -0.411565759 -0.909434983
1561001169.480755568 298.638246 92.694048 -4.308635 -0.028976529 -0.050785597 -0.412841526 -0.908924121
1561001169.581781864 297.978136 92.413724 -4.322440 -0.028506997 -0.050025855 -0.411707430 -0.909495331
1561001169.680846453 297.335279 92.118380 -4.332967 -0.028527122 -0.048387180 -0.411099449 -0.909858300
1561001169.782193661 296.663250 91.804470 -4.348316 -0.028622823 -0.049531441 -0.410553555 -0.910040191
1561001169.881847858 296.013362 91.503021 -4.357853 -0.028833641 -0.051089188 -0.412914793 -0.908878369
1561001169.982500315 295.339433 91.184960 -4.375480 -0.029001598 -0.053149978 -0.412231083 -0.909065191
1561001170.082397223 294.675858 90.865796 -4.383255 -0.028845113 -0.054032028 -0.411953468 -0.909144015
1561001170.181636572 293.992775 90.561860 -4.395252 -0.028875666 -0.053444878 -0.412855434 -0.908768525
1561001170.282253265 293.312970 90.250350 -4.413269 -0.028921817 -0.051752858 -0.412589266 -0.908985846
1561001170.381462097 292.625852 89.938806 -4.424255 -0.028624453 -0.050283088 -0.412636140 -0.909056471
1561001170.482450485 291.908201 89.617729 -4.439019 -0.028981022 -0.049526313 -0.412236327 -0.909268088
1561001170.582428455 291.180948 89.274577 -4.452733 -0.028175509 -0.050042920 -0.411817369 -0.909454947
1561001170.681100607 290.456128 88.934558 -4.468338 -0.028293376 -0.050560204 -0.411392332 -0.909615028
1561001170.782346964 289.697713 88.556972 -4.484790 -0.028239406 -0.051804373 -0.411173847 -0.909645486
1561001170.882874966 288.943091 88.210259 -4.492389 -0.028756045 -0.052750436 -0.411319255 -0.909509182
1561001170.982195139 288.218503 87.895583 -4.506369 -0.029513998 -0.053368217 -0.411273683 -0.909469469
1561001171.082286358 287.489012 87.586291 -4.523981 -0.029420019 -0.053638591 -0.411932762 -0.909158272
1561001171.181243181 286.768438 87.259394 -4.535733 -0.029452367 -0.052378411 -0.411221602 -0.909552557
1561001171.282335758 286.042673 86.927308 -4.544691 -0.029485833 -0.051486117 -0.411248970 -0.909590045
1561001171.381114960 285.336512 86.615775 -4.552978 -0.029484482 -0.051177333 -0.411761597 -0.909375573
1561001171.482214212 284.614410 86.274930 -4.563667 -0.029721083 -0.051240267 -0.411134527 -0.909648005
1561001171.582201958 283.893862 85.949644 -4.576061 -0.029970841 -0.051456836 -0.411293861 -0.909555552
1561001171.680951118 283.170208 85.632169 -4.586658 -0.029696345 -0.051150940 -0.411565264 -0.909459038
1561001171.781807184 282.444101 85.315545 -4.601793 -0.029645091 -0.050491047 -0.411559294 -0.909500286
1561001171.881279469 281.720193 84.992303 -4.614972 -0.029848876 -0.050428301 -0.411674924 -0.909444769
1561001171.982257605 280.987547 84.656661 -4.622493 -0.029775782 -0.050074732 -0.411393021 -0.909594254
1561001172.082174301 280.258839 84.341546 -4.638706 -0.029626343 -0.051304515 -0.411544554 -0.909462042
1561001172.181156635 279.525012 84.010264 -4.653353 -0.029935912 -0.051858360 -0.410901761 -0.909711105
1561001172.282303333 278.793230 83.668349 -4.662950 -0.030040674 -0.052088954 -0.410646396 -0.909809780
1561001172.381473064 278.065638 83.339385 -4.675467 -0.029665654 -0.052194454 -0.410845604 -0.909726100
1561001172.482184172 277.330584 83.019903 -4.684847 -0.029714305 -0.052424020 -0.411000296 -0.909641434
1561001172.582118511 276.610754 82.710109 -4.692335 -0.029444964 -0.052744760 -0.410136990 -0.910021227
1561001172.680753231 275.895894 82.392117 -4.703295 -0.030180854 -0.052429794 -0.411045284 -0.909605413
1561001172.781884193 275.165448 82.064666 -4.713326 -0.029586738 -0.051458601 -0.410799977 -0.909791194
1561001172.881119490 274.457929 81.755031 -4.722999 -0.028999146 -0.051071105 -0.411288968 -0.909611003
1561001172.982280493 273.739969 81.423470 -4.733733 -0.028497094 -0.050845611 -0.410948702 -0.909793275
1561001173.082420111 273.029182 81.112213 -4.746017 -0.028221929 -0.051168280 -0.411452395 -0.909556077
1561001173.181460142 272.308148 80.807635 -4.760221 -0.028594760 -0.052360374 -0.411011060 -0.909676118
1561001173.282806635 271.584450 80.500782 -4.765365 -0.028627848 -0.052895466 -0.410833543 -0.909724308
1561001173.381441832 270.862964 80.179223 -4.772507 -0.028783086 -0.054043222 -0.411130483 -0.909517779
1561001173.481249809 270.146629 79.872308 -4.780767 -0.029062083 -0.054484768 -0.411142418 -0.909477167
1561001173.583010197 269.429264 79.532445 -4.782017 -0.028968792 -0.052796669 -0.410826626 -0.909722377
1561001173.680902004 268.727790 79.228125 -4.788645 -0.029413364 -0.051181627 -0.411268377 -0.909600801
1561001173.781931877 268.015325 78.892392 -4.801594 -0.030171804 -0.051335923 -0.411762802 -0.909343543
1561001173.880671024 267.310042 78.580911 -4.813724 -0.030795066 -0.051830860 -0.411241902 -0.909530277
1561001173.981781721 266.598001 78.258553 -4.829120 -0.031123366 -0.053314734 -0.411451971 -0.909338304
1561001174.082123280 265.888316 77.944484 -4.839622 -0.030655251 -0.054015523 -0.411048749 -0.909495192
1561001174.180668831 265.177584 77.629748 -4.848480 -0.030086540 -0.053765552 -0.411116025 -0.909498587
1561001174.283139229 264.455128 77.301765 -4.858975 -0.029996776 -0.053555477 -0.410891560 -0.909615375
1561001174.380716562 263.760994 77.009253 -4.865721 -0.029650106 -0.051916339 -0.411531063 -0.909432652
1561001174.482235432 263.038760 76.702446 -4.874584 -0.029684307 -0.050817251 -0.411528178 -0.909494919
1561001174.582128048 262.327769 76.398065 -4.881270 -0.029300696 -0.050399833 -0.411807229 -0.909404273
1561001174.681731701 261.618785 76.076947 -4.888307 -0.029343227 -0.051051835 -0.411524402 -0.909494558
1561001174.781960011 260.893620 75.768532 -4.900314 -0.029302690 -0.052598646 -0.411164195 -0.909570635
1561001174.880876541 260.178179 75.449472 -4.911419 -0.029231431 -0.053996316 -0.411314905 -0.909422878
1561001174.982169867 259.453746 75.122645 -4.921223 -0.028843193 -0.054023042 -0.411816054 -0.909206862
1561001175.082166910 258.744715 74.814927 -4.928926 -0.028721988 -0.054210778 -0.411579034 -0.909306845
1561001175.181641102 258.040735 74.506764 -4.931634 -0.028612053 -0.053696715 -0.411447799 -0.909400199
1561001175.282318115 257.327603 74.193341 -4.938269 -0.028912438 -0.052737955 -0.411709166 -0.909328511
1561001175.381169796 256.618988 73.865579 -4.946274 -0.028748064 -0.051573893 -0.411971807 -0.909281537
1561001175.481892347 255.913295 73.549900 -4.963091 -0.028994315 -0.050847264 -0.410733111 -0.909874825
1561001175.582248449 255.195789 73.238037 -4.973311 -0.028736734 -0.049621104 -0.410708312 -0.909961883
1561001175.682089806 254.488471 72.924696 -4.984986 -0.029078094 -0.049897144 -0.411164984 -0.909729683
1561001175.781844616 253.789084 72.627527 -4.991872 -0.029279321 -0.051889256 -0.410176970 -0.910057734
1561001175.880789042 253.080188 72.302257 -4.998357 -0.029257354 -0.054945469 -0.409696089 -0.910095664
1561001175.982044458 252.361500 72.000940 -5.004668 -0.030258592 -0.056669028 -0.408539809 -0.910476943
1561001176.081979513 251.660697 71.692644 -5.011364 -0.029341071 -0.056453621 -0.408065155 -0.910733177
1561001176.180749416 250.961357 71.396498 -5.018801 -0.028948394 -0.054419868 -0.408067783 -0.910868351
1561001176.282018661 250.232484 71.077356 -5.027870 -0.029107688 -0.052044785 -0.407578524 -0.911221065
1561001176.382251263 249.529186 70.767793 -5.037980 -0.028465307 -0.051257965 -0.407439067 -0.911348316
1561001176.482366562 248.817547 70.462323 -5.050703 -0.028224111 -0.051928014 -0.407817423 -0.911148633
1561001176.582418203 248.095927 70.145247 -5.057220 -0.027297173 -0.052796011 -0.408423443 -0.910855497
1561001176.681580305 247.381700 69.838248 -5.064947 -0.027673307 -0.053741520 -0.407653045 -0.911133927
1561001176.782855749 246.647764 69.535425 -5.068194 -0.027989274 -0.054659307 -0.408440522 -0.910716916
1561001176.880977869 245.941019 69.227584 -5.072517 -0.027932605 -0.055282354 -0.408410375 -0.910694568
1561001176.982772827 245.220245 68.923314 -5.081227 -0.028625572 -0.055824109 -0.408621866 -0.910545120
1561001177.082581282 244.525211 68.622073 -5.088234 -0.028671907 -0.055445163 -0.408822056 -0.910476953
1561001177.183237314 243.823646 68.318725 -5.095953 -0.028376082 -0.053802487 -0.409510898 -0.910275186
1561001177.282938004 243.113026 68.005910 -5.104205 -0.028851640 -0.052635689 -0.408835158 -0.910632133
1561001177.382550478 242.405532 67.678003 -5.116008 -0.028198838 -0.052569203 -0.408381882 -0.910859782
1561001177.483092070 241.685123 67.378771 -5.124588 -0.027866426 -0.053065278 -0.408563893 -0.910759619
1561001177.582842588 240.980102 67.084124 -5.125439 -0.028039841 -0.053998153 -0.408304495 -0.910815792
1561001177.682927132 240.274942 66.774583 -5.124499 -0.028665950 -0.055400691 -0.408218200 -0.910750750
1561001177.782884121 239.574534 66.461518 -5.126852 -0.029506612 -0.056585706 -0.408070655 -0.910717167
1561001177.880791903 238.878219 66.161668 -5.138188 -0.029885960 -0.057356220 -0.408198849 -0.910599140
1561001177.983627558 238.162600 65.849203 -5.141753 -0.030091824 -0.056339133 -0.408069758 -0.910713707
1561001178.083055019 237.461732 65.544277 -5.151758 -0.030689384 -0.055283799 -0.408288492 -0.910660404
1561001178.181840181 236.758362 65.228951 -5.152956 -0.030730733 -0.054524919 -0.407822556 -0.910913508
1561001178.282970428 236.043434 64.922656 -5.159153 -0.030716771 -0.054980950 -0.407907065 -0.910848726
1561001178.381215572 235.329830 64.629003 -5.161159 -0.031192145 -0.055337768 -0.407597434 -0.910949567
1561001178.482295990 234.607471 64.307536 -5.164403 -0.031403948 -0.054986903 -0.406883006 -0.911282861
1561001178.583378315 233.900297 64.004443 -5.171364 -0.032322827 -0.054046409 -0.406743071 -0.911369461
1561001178.682884216 233.207810 63.707090 -5.184831 -0.032933378 -0.052785890 -0.406413121 -0.911568657
1561001178.783598661 232.503030 63.407075 -5.192797 -0.033200786 -0.052222745 -0.406364635 -0.911613008
1561001178.880998373 231.827492 63.117463 -5.200248 -0.033013963 -0.052842753 -0.405484427 -0.911975932
1561001178.982686996 231.113145 62.805955 -5.200260 -0.033674681 -0.053415514 -0.405488258 -0.911916702
1561001179.083269358 230.395265 62.500629 -5.205755 -0.033984117 -0.054058667 -0.405309380 -0.911946844
1561001179.180779219 229.711276 62.209050 -5.209334 -0.034463997 -0.053489471 -0.405183734 -0.912018230
1561001179.282646894 229.011999 61.920323 -5.222960 -0.034227843 -0.052677399 -0.404470664 -0.912390831
1561001179.382702827 228.320212 61.616895 -5.234122 -0.033710694 -0.050572966 -0.404765957 -0.912398205
1561001179.482613564 227.645104 61.324578 -5.249723 -0.033369214 -0.048767416 -0.404194591 -0.912762273
1561001179.582821846 226.968341 61.037407 -5.267562 -0.032645863 -0.047577387 -0.403598760 -0.913114824
1561001179.682718754 226.274953 60.737818 -5.275331 -0.032419642 -0.048653306 -0.402951023 -0.913352230
1561001179.782914162 225.591196 60.458101 -5.276338 -0.032987738 -0.052226555 -0.403024608 -0.913102054
1561001179.880876064 224.913214 60.189673 -5.280743 -0.033783503 -0.056962291 -0.401916576 -0.913278182
1561001179.984066486 224.222984 59.906692 -5.284865 -0.033995351 -0.059595212 -0.402103466 -0.913020005
1561001180.084095478 223.552997 59.653401 -5.281942 -0.034108859 -0.059404277 -0.401850580 -0.913139545
1561001180.183820009 222.892041 59.389286 -5.280507 -0.034691569 -0.056754981 -0.401932722 -0.913249941
1561001180.283838987 222.231611 59.105682 -5.279399 -0.036213725 -0.054443036 -0.401398824 -0.913566366
1561001180.382524490 221.576846 58.818878 -5.282565 -0.036982279 -0.054256683 -0.401429508 -0.913533181
1561001180.483926535 220.905338 58.528361 -5.294995 -0.035506154 -0.059775500 -0.400316295 -0.913735775
1561001180.583786249 220.250691 58.261420 -5.289119 -0.033471597 -0.067549470 -0.398979948 -0.913855416
1561001180.684007406 219.600665 57.982164 -5.278480 -0.030088996 -0.073271853 -0.398475082 -0.913752427
1561001180.783686161 218.951769 57.743870 -5.247551 -0.028653060 -0.071255000 -0.397675239 -0.914306366
1561001180.882047653 218.313228 57.513292 -5.244380 -0.029188125 -0.062896065 -0.399300548 -0.914194296
1561001180.983523130 217.660076 57.264010 -5.269906 -0.029118643 -0.051714438 -0.399159853 -0.914958542
1561001181.083833933 216.992146 57.010687 -5.278732 -0.031976329 -0.037630767 -0.399174796 -0.915544058
1561001181.183913469 216.287082 56.734427 -5.303130 -0.034560501 -0.038422226 -0.398476773 -0.915721336
1561001181.283957005 215.577389 56.445975 -5.317897 -0.035207586 -0.047887379 -0.396817406 -0.915971163
1561001181.382357121 214.892170 56.152701 -5.336469 -0.035567200 -0.058662234 -0.397400625 -0.915077297
1561001181.484025717 214.201617 55.880805 -5.331557 -0.034902520 -0.064210804 -0.396044971 -0.915318069
1561001181.582500696 213.545200 55.612405 -5.320540 -0.034789488 -0.061625057 -0.395723712 -0.915639005
1561001181.682372808 212.880763 55.345080 -5.327114 -0.035634960 -0.058827088 -0.394833311 -0.916174754
1561001181.783750057 212.199482 55.067357 -5.336154 -0.035135822 -0.057279585 -0.395600284 -0.915961210
1561001181.881991625 211.518540 54.808620 -5.339188 -0.034652636 -0.056864686 -0.394044578 -0.916675773
1561001181.983636618 210.809020 54.538577 -5.343691 -0.034098504 -0.059206634 -0.393793907 -0.916656001
1561001182.083599806 210.101023 54.280684 -5.349492 -0.032772221 -0.060502252 -0.393261107 -0.916848494
1561001182.182166576 209.399702 54.004641 -5.345544 -0.032447670 -0.059263235 -0.391931118 -0.917510227
1561001182.285272360 208.652294 53.711759 -5.342322 -0.032123087 -0.057773014 -0.391937060 -0.917614149
1561001182.383624315 207.935905 53.441475 -5.339664 -0.033086499 -0.057330980 -0.390500733 -0.918219810
1561001182.485094309 207.189537 53.173598 -5.343955 -0.034370285 -0.057476071 -0.389945838 -0.918399384
1561001182.583701372 206.458463 52.895803 -5.353170 -0.033889786 -0.058255335 -0.389794918 -0.918432208
1561001182.685329437 205.731973 52.617519 -5.361904 -0.032761904 -0.059056590 -0.388661908 -0.918902007
1561001182.785302877 205.016130 52.359995 -5.356690 -0.032564740 -0.059123191 -0.387976124 -0.919194491
1561001182.883726120 204.281863 52.084262 -5.347003 -0.032519465 -0.059180011 -0.385781488 -0.920115674
1561001182.984324694 203.559877 51.800296 -5.342823 -0.033643482 -0.060537561 -0.384934528 -0.920341637
1561001183.083850622 202.817438 51.514499 -5.342714 -0.034740698 -0.061530783 -0.384980282 -0.920215860
1561001183.185326576 202.058146 51.215199 -5.335043 -0.034500617 -0.061847639 -0.383687916 -0.920743265
1561001183.285293579 201.314053 50.936035 -5.335420 -0.034764628 -0.061766532 -0.381886019 -0.921487593
1561001183.383745432 200.549781 50.667216 -5.339356 -0.035102533 -0.059811318 -0.380467861 -0.922190124
1561001183.485290289 199.770063 50.392023 -5.342311 -0.035289604 -0.057404892 -0.381146123 -0.922055831
1561001183.583975077 199.004726 50.106759 -5.342212 -0.036183327 -0.055714848 -0.379069691 -0.922980385
1561001183.683992624 198.214309 49.821520 -5.342791 -0.036959894 -0.057242528 -0.377330911 -0.923568429
1561001183.784892559 197.417401 49.530035 -5.337115 -0.037771341 -0.058757767 -0.375210659 -0.924303961
1561001183.883330345 196.651064 49.267550 -5.334664 -0.038363955 -0.063432128 -0.375102956 -0.924014256
1561001183.984966516 195.844306 48.980570 -5.326142 -0.037926816 -0.065048938 -0.374032494 -0.924353767
1561001184.083990097 195.071214 48.741282 -5.320392 -0.038294093 -0.064341435 -0.372888211 -0.924850325
1561001184.183526278 194.298152 48.477177 -5.311746 -0.038860346 -0.061785932 -0.370871066 -0.925811549
1561001184.285360575 193.475316 48.201154 -5.311160 -0.038172114 -0.059225146 -0.369361847 -0.926610543
1561001184.383547544 192.687183 47.947677 -5.308360 -0.037298192 -0.057340994 -0.369550776 -0.926689311
1561001184.485141277 191.864757 47.667557 -5.308633 -0.037260413 -0.058144499 -0.366168742 -0.927982398
1561001184.584088326 191.037646 47.402281 -5.296124 -0.037391811 -0.059936995 -0.364718737 -0.928433978
1561001184.683948278 190.211920 47.130038 -5.292271 -0.038567269 -0.062977478 -0.363779508 -0.928553107
1561001184.785135508 189.385234 46.867606 -5.290958 -0.038719006 -0.065094556 -0.361469792 -0.929302495
1561001184.883682489 188.580382 46.634569 -5.282011 -0.037985838 -0.065566819 -0.361244217 -0.929387263
1561001184.985288858 187.762140 46.378634 -5.266091 -0.037657522 -0.064977354 -0.359436569 -0.930142574
1561001185.083723307 186.945770 46.110452 -5.254920 -0.037841428 -0.063954704 -0.357390244 -0.930994111
1561001185.185198545 186.119764 45.862215 -5.224336 -0.037076489 -0.063559219 -0.356426723 -0.931421253
1561001185.285026550 185.297853 45.624452 -5.208990 -0.038601064 -0.065836469 -0.355209866 -0.931665964
1561001185.383406639 184.484202 45.373291 -5.205917 -0.039002920 -0.066004492 -0.354409328 -0.931942170
1561001185.485006332 183.630738 45.110285 -5.195353 -0.038098427 -0.063041205 -0.352698373 -0.932833412
1561001185.583856344 182.785695 44.866734 -5.186292 -0.037273139 -0.058947338 -0.351119708 -0.933729551
1561001185.686359167 181.897723 44.622035 -5.179260 -0.036478951 -0.054983172 -0.350428893 -0.934262130
1561001185.786403179 181.042300 44.366305 -5.190916 -0.036923935 -0.055020071 -0.349123695 -0.934731009
1561001185.886416435 180.174942 44.125647 -5.188150 -0.035317348 -0.056583120 -0.347454236 -0.935321650
1561001185.986504316 179.300049 43.877507 -5.185155 -0.034993072 -0.059294572 -0.346331522 -0.935582233
1561001186.085484266 178.421517 43.644120 -5.181970 -0.035291067 -0.060835517 -0.345765953 -0.935681295
1561001186.185472727 177.551465 43.398141 -5.169213 -0.035247087 -0.059763786 -0.345959426 -0.935680506
1561001186.286568165 176.653803 43.164971 -5.158339 -0.035343039 -0.057834796 -0.346896686 -0.935451065
1561001186.384876251 175.782069 42.921109 -5.154002 -0.034807748 -0.056038841 -0.346699588 -0.935653496
1561001186.487549067 174.889621 42.676814 -5.158434 -0.034399335 -0.055300830 -0.346582652 -0.935755828
1561001186.587973833 174.008328 42.419455 -5.162999 -0.034270201 -0.056923760 -0.346519474 -0.935686642
1561001186.688967943 173.109347 42.177986 -5.170210 -0.032476694 -0.058713615 -0.346503493 -0.935645929
1561001186.781089067 172.297476 41.955388 -5.157892 -0.032058595 -0.058000001 -0.345863393 -0.935941643
1561001186.880055428 171.415593 41.705244 -5.148007 -0.031791862 -0.056606262 -0.346515119 -0.935794999
1561001186.981319427 170.511234 41.444353 -5.153207 -0.032148080 -0.055762341 -0.347030261 -0.935642592
1561001187.080615282 169.620397 41.167599 -5.160665 -0.033073027 -0.054938512 -0.346864529 -0.935720542
1561001187.181005955 168.743966 40.899768 -5.164444 -0.032978536 -0.055099767 -0.346616170 -0.935806424
1561001187.281446934 167.849378 40.643727 -5.166330 -0.033290281 -0.055390063 -0.346569323 -0.935795599
1561001187.380506754 166.939886 40.390399 -5.169267 -0.033120438 -0.056243696 -0.346240158 -0.935872553
1561001187.481577158 166.041402 40.138506 -5.173112 -0.033828426 -0.057636487 -0.347061526 -0.935458160
1561001187.580713749 165.131345 39.875772 -5.182094 -0.033633901 -0.058293740 -0.347149267 -0.935391890
1561001187.680896282 164.211927 39.613798 -5.188575 -0.032632705 -0.058401556 -0.346958894 -0.935491256
1561001187.781370878 163.267024 39.329325 -5.184937 -0.032704906 -0.057949518 -0.347119887 -0.935457122
1561001187.880182266 162.366256 39.071414 -5.177216 -0.033175112 -0.057517431 -0.347528219 -0.935315612
1561001187.981287479 161.415879 38.807841 -5.175280 -0.033922532 -0.057164376 -0.348342809 -0.935007371
1561001188.080264330 160.491641 38.554050 -5.179721 -0.034460342 -0.056875495 -0.348400187 -0.934983942
1561001188.180219650 159.568877 38.281480 -5.183434 -0.034047342 -0.056351672 -0.348645977 -0.934939169
1561001188.281507730 158.649327 38.008841 -5.177835 -0.034324620 -0.057261505 -0.347736589 -0.935212385
1561001188.380746365 157.747829 37.752674 -5.178027 -0.034027728 -0.057595328 -0.346982044 -0.935482952
1561001188.480306864 156.831818 37.504078 -5.169785 -0.033855266 -0.056458710 -0.348313911 -0.935063449
1561001188.580298901 155.912863 37.233477 -5.171101 -0.033532983 -0.056300227 -0.348155843 -0.935143482
1561001188.681288242 154.970471 36.949536 -5.181024 -0.033021810 -0.057259802 -0.348057447 -0.935140037
1561001188.781306505 154.054182 36.683014 -5.184293 -0.031808841 -0.056808972 -0.348420746 -0.935074287
1561001188.880065203 153.148608 36.427234 -5.181160 -0.031378097 -0.055987398 -0.348340136 -0.935168421
1561001188.981198788 152.208756 36.159341 -5.181259 -0.030955201 -0.055218467 -0.348924168 -0.935010493
1561001189.080133438 151.272143 35.887649 -5.176795 -0.029863514 -0.054741693 -0.348729739 -0.935146559
1561001189.181329250 150.347608 35.612583 -5.187770 -0.030435061 -0.056089294 -0.348178852 -0.935253541
1561001189.281471729 149.437773 35.339511 -5.183879 -0.030323027 -0.056176643 -0.348181747 -0.935250859
1561001189.381006718 148.539318 35.090495 -5.182385 -0.031551704 -0.056800309 -0.348263090 -0.935142254
1561001189.481297731 147.621401 34.829541 -5.184439 -0.029904956 -0.056430269 -0.348223288 -0.935233586
1561001189.580420732 146.740641 34.587551 -5.185243 -0.031060486 -0.055876725 -0.349037058 -0.934925756
1561001189.680247068 145.855104 34.334860 -5.199310 -0.031090280 -0.056204387 -0.347793505 -0.935368451
1561001189.781193256 144.976753 34.082166 -5.200272 -0.030932185 -0.054933206 -0.348135727 -0.935321901
1561001189.879976511 144.089846 33.834180 -5.196651 -0.030511297 -0.054195423 -0.347404808 -0.935650478
1561001189.981053591 143.194037 33.570967 -5.196840 -0.030891312 -0.054303978 -0.346927435 -0.935808827
1561001190.080089331 142.305343 33.312712 -5.202648 -0.030802677 -0.054827202 -0.346771499 -0.935839035
1561001190.181203365 141.430595 33.066323 -5.207893 -0.030717347 -0.055466436 -0.346330444 -0.935967490
1561001190.281191111 140.566873 32.822171 -5.212075 -0.030203961 -0.055518777 -0.346767326 -0.935819324
1561001190.381334305 139.672647 32.566551 -5.214889 -0.030821596 -0.056297459 -0.346438429 -0.935874479
1561001190.481354237 138.795621 32.329766 -5.221332 -0.030551961 -0.057123121 -0.346527312 -0.935800379
1561001190.580257654 137.936514 32.087392 -5.222442 -0.030129170 -0.057934424 -0.346702598 -0.935699281
1561001190.680431843 137.057521 31.837941 -5.220349 -0.029621966 -0.058297864 -0.346172151 -0.935889278
1561001190.781099319 136.189125 31.602617 -5.207297 -0.029083228 -0.056987478 -0.346522057 -0.935857391
1561001190.880784273 135.349779 31.353191 -5.199257 -0.030445561 -0.055882378 -0.346184190 -0.936005734
1561001190.980972290 134.500703 31.105269 -5.201026 -0.031316330 -0.055476156 -0.345689399 -0.936184022
1561001191.079972506 133.667235 30.870151 -5.204866 -0.031729354 -0.055020102 -0.346231929 -0.935996521
1561001191.180071354 132.788821 30.624261 -5.208336 -0.031853428 -0.055031429 -0.346746302 -0.935801209
1561001191.281180143 131.936650 30.374777 -5.217929 -0.032123565 -0.056236829 -0.347096564 -0.935590440
1561001191.380069017 131.093899 30.127034 -5.221818 -0.032859056 -0.056887027 -0.347517924 -0.935369147
1561001191.481314421 130.264546 29.886468 -5.214815 -0.032622297 -0.057067314 -0.347697406 -0.935299750
1561001191.580160618 129.445725 29.637426 -5.211661 -0.033690294 -0.057474550 -0.347733431 -0.935223557
1561001191.681141615 128.598511 29.403117 -5.210910 -0.034935622 -0.057990446 -0.347542089 -0.935217144
1561001191.781115532 127.788089 29.152285 -5.204620 -0.034989207 -0.057242652 -0.347986854 -0.935095815
1561001191.879997015 126.953546 28.928557 -5.203195 -0.037273299 -0.057939184 -0.348101055 -0.934922140
1561001191.981205463 126.121283 28.682953 -5.193282 -0.037924561 -0.062537971 -0.348307144 -0.934522800
1561001192.080172300 125.315238 28.438814 -5.187167 -0.036076493 -0.068741130 -0.347697070 -0.934387442
1561001192.181540728 124.498093 28.212955 -5.170959 -0.032990019 -0.071119811 -0.347855899 -0.934264365
1561001192.281369686 123.698638 27.983502 -5.151070 -0.031896644 -0.065455300 -0.347955114 -0.934679328
1561001192.381585836 122.890668 27.765325 -5.179194 -0.031173258 -0.058133387 -0.348372569 -0.935032240
1561001192.481575489 122.069677 27.524010 -5.206479 -0.030515771 -0.043213554 -0.349253665 -0.935533673
1561001192.580341578 121.231338 27.272878 -5.218826 -0.030530624 -0.038734536 -0.348585263 -0.935978542
1561001192.681254625 120.388441 27.036520 -5.173664 -0.030143172 -0.035396322 -0.349633890 -0.935732137
1561001192.781065702 119.606943 26.801836 -5.158723 -0.031086322 -0.028810563 -0.352066246 -0.935014947
1561001192.881323576 118.827931 26.556220 -5.145597 -0.030552765 -0.033477477 -0.352681881 -0.934645001
1561001192.981015205 118.012080 26.315790 -5.126784 -0.029807515 -0.047527073 -0.350732035 -0.934793950
1561001193.080995321 117.178323 26.100064 -5.144847 -0.030050335 -0.059265886 -0.348308237 -0.935021874
1561001193.180986881 116.349353 25.869913 -5.171814 -0.030426783 -0.053787830 -0.347364659 -0.935691656
1561001193.281280518 115.506869 25.634975 -5.190444 -0.031175449 -0.052458121 -0.347551257 -0.935673213
1561001193.381281853 114.659770 25.396675 -5.213742 -0.033027731 -0.056040000 -0.346951128 -0.935624712
1561001193.481908560 113.820989 25.136682 -5.228371 -0.031830059 -0.060351608 -0.346130260 -0.935702075
1561001193.581173182 112.991868 24.898987 -5.230978 -0.029634016 -0.061604185 -0.345105323 -0.936071079
1561001193.681292534 112.170172 24.672936 -5.218563 -0.028213349 -0.059804003 -0.344490227 -0.936458206
1561001193.781444788 111.352573 24.453461 -5.209989 -0.028809253 -0.058816492 -0.343886968 -0.936724292
1561001193.881228924 110.515240 24.216068 -5.207706 -0.028667703 -0.060146613 -0.343582307 -0.936755969
1561001193.981140375 109.663162 24.015517 -5.198378 -0.029646937 -0.062806275 -0.343340439 -0.936639618
1561001194.080097675 108.844959 23.804813 -5.196427 -0.028303589 -0.063992666 -0.342063568 -0.937067960
1561001194.180901289 108.012076 23.586191 -5.190903 -0.027706777 -0.062493831 -0.341375864 -0.937437665
1561001194.280828476 107.174490 23.363315 -5.185719 -0.027744650 -0.060323453 -0.341592673 -0.937499739
1561001194.379916191 106.343918 23.137188 -5.179075 -0.027590080 -0.058766184 -0.340620697 -0.937956749
1561001194.480816841 105.502676 22.900466 -5.177346 -0.029783961 -0.058840675 -0.340254241 -0.938017986
1561001194.579881191 104.675732 22.657300 -5.184726 -0.029767328 -0.059100569 -0.340480107 -0.937920213
1561001194.681049347 103.831108 22.435460 -5.185261 -0.029459627 -0.060134787 -0.340385719 -0.937898449
1561001194.781070232 103.010608 22.224688 -5.187905 -0.029318053 -0.060032618 -0.340592552 -0.937834341
1561001194.880529642 102.199897 22.014807 -5.183935 -0.029264538 -0.059236531 -0.340331719 -0.937981312
1561001194.981196404 101.382305 21.777145 -5.179441 -0.029444154 -0.059370911 -0.340255205 -0.937994953
1561001195.080704451 100.564978 21.566668 -5.179867 -0.029440902 -0.059998224 -0.340795450 -0.937758982
1561001195.182229280 99.742671 21.350113 -5.174697 -0.029937323 -0.060610118 -0.339883605 -0.938034810
1561001195.280294895 98.950010 21.141662 -5.176662 -0.029437283 -0.061330298 -0.340153485 -0.937905991
1561001195.381826878 98.104431 20.914691 -5.174843 -0.028984644 -0.060363596 -0.340617690 -0.937814329
1561001195.482023239 97.283430 20.684958 -5.170283 -0.029138999 -0.059445785 -0.340899872 -0.937765639
1561001195.581993580 96.465417 20.466756 -5.170022 -0.028888574 -0.059214720 -0.341181013 -0.937685760
1561001195.682211399 95.648416 20.239823 -5.166920 -0.029498478 -0.059639943 -0.340984299 -0.937711376
1561001195.781264067 94.840772 20.034699 -5.159972 -0.029764374 -0.061330692 -0.341438259 -0.937428687
1561001195.881776094 94.011743 19.799062 -5.162238 -0.030070052 -0.062957744 -0.341368113 -0.937336613
1561001195.981807709 93.200275 19.576467 -5.157645 -0.029206804 -0.062460348 -0.340484260 -0.937718581
1561001196.079807997 92.411813 19.354598 -5.150378 -0.028859419 -0.060001623 -0.340516407 -0.937878199
1561001196.182383776 91.581085 19.131711 -5.149829 -0.028754184 -0.059504546 -0.341528208 -0.937545140
1561001196.282338858 90.763353 18.911234 -5.153230 -0.028759199 -0.059929697 -0.341038248 -0.937696248
1561001196.381685495 89.951182 18.691477 -5.148786 -0.030158149 -0.065011864 -0.340800743 -0.937400020
1561001196.482438803 89.145830 18.469016 -5.133870 -0.029569139 -0.073213166 -0.339681193 -0.937220457
1561001196.579985380 88.377525 18.261592 -5.106289 -0.027453741 -0.077865458 -0.338949544 -0.937174727
1561001196.682275534 87.573653 18.070295 -5.078147 -0.026369788 -0.074915535 -0.340447605 -0.936903263
1561001196.780991793 86.820805 17.895277 -5.072805 -0.023180000 -0.074192105 -0.341822227 -0.936544598
1561001196.881495476 86.028710 17.659590 -5.089411 -0.020180928 -0.069803064 -0.342825915 -0.936584569
1561001196.981733561 85.185501 17.436013 -5.109524 -0.023902091 -0.059364891 -0.340748440 -0.937973880
1561001197.079995155 84.320902 17.191262 -5.171549 -0.028293425 -0.050243448 -0.340575239 -0.938447433
1561001197.181876659 83.453811 16.957489 -5.192784 -0.031179855 -0.051136080 -0.340756443 -0.938241954
1561001197.280872583 82.633018 16.741113 -5.195255 -0.029948553 -0.067827982 -0.340219585 -0.937418307
1561001197.380743027 81.815932 16.535568 -5.157776 -0.028330917 -0.071014458 -0.340160809 -0.937253930
1561001197.481807232 80.996712 16.339722 -5.125084 -0.026313099 -0.064680189 -0.341225117 -0.937384400
1561001197.579964876 80.183750 16.111585 -5.114540 -0.026892553 -0.056996300 -0.341204392 -0.937874072
1561001197.681780338 79.335236 15.876709 -5.124075 -0.027242061 -0.055776277 -0.340378767 -0.938237269
1561001197.780249357 78.509246 15.652423 -5.132789 -0.026705893 -0.059595612 -0.340286161 -0.938051431
1561001197.881732702 77.646610 15.418602 -5.134600 -0.027046446 -0.064699578 -0.340532159 -0.937614155
1561001197.982005119 76.807446 15.198441 -5.119049 -0.027475728 -0.067741013 -0.340071198 -0.937554169
1561001198.080210686 75.986749 14.985304 -5.103371 -0.028280720 -0.067935414 -0.340023121 -0.937533603
1561001198.181984901 75.141075 14.760858 -5.076846 -0.029592484 -0.065932460 -0.341141072 -0.937229942
1561001198.280726910 74.303066 14.526467 -5.082697 -0.030470237 -0.064026565 -0.340895899 -0.937423143
1561001198.382074594 73.464183 14.291626 -5.071384 -0.030859152 -0.060347671 -0.341017539 -0.937610212
1561001198.481701374 72.626791 14.063323 -5.080325 -0.030933657 -0.060002097 -0.340480350 -0.937825137
1561001198.579937696 71.803838 13.830238 -5.084485 -0.031508525 -0.060689800 -0.339818505 -0.938001783
1561001198.681671381 70.950168 13.591015 -5.090252 -0.032051485 -0.062299533 -0.340300138 -0.937703197
1561001198.780194283 70.114304 13.372418 -5.083658 -0.030535748 -0.063246701 -0.341239343 -0.937348992
1561001198.882002831 69.265535 13.140826 -5.081982 -0.031305738 -0.062987216 -0.340645567 -0.937557016
1561001198.981867552 68.432362 12.916383 -5.080578 -0.030091228 -0.061313484 -0.341496423 -0.937398191
1561001199.079907417 67.602132 12.688418 -5.079512 -0.030367897 -0.060469925 -0.340860360 -0.937675527
1561001199.181783438 66.755183 12.457797 -5.082313 -0.029692710 -0.060398481 -0.340405583 -0.937866944
1561001199.280533552 65.911444 12.225693 -5.084680 -0.029172190 -0.061815474 -0.339960468 -0.937952403
1561001199.380574703 65.068351 12.000512 -5.081707 -0.029005705 -0.063166977 -0.340674926 -0.937608232
1561001199.483090162 64.215925 11.762286 -5.072956 -0.029328250 -0.065383517 -0.341554849 -0.937125997
1561001199.581761599 63.401828 11.531287 -5.063789 -0.028949120 -0.065815306 -0.341899394 -0.936981909
1561001199.683545351 62.585259 11.312677 -5.060051 -0.028902585 -0.066351986 -0.342044643 -0.936892479
1561001199.782258272 61.792673 11.100152 -5.038314 -0.029571591 -0.065037072 -0.341899068 -0.937016930
1561001199.882443666 60.967323 10.876970 -5.025194 -0.029491986 -0.064396478 -0.342020043 -0.937019534
1561001199.984800816 60.167543 10.640326 -5.018562 -0.029580068 -0.064078808 -0.341826955 -0.937108990
1561001200.082872629 59.378783 10.425779 -5.013374 -0.029441121 -0.063774770 -0.342046509 -0.937053993
1561001200.183601141 58.577534 10.211419 -5.003567 -0.028982799 -0.064012843 -0.341392328 -0.937290580
1561001200.281774521 57.800466 9.998746 -5.002692 -0.029019014 -0.064033422 -0.341418411 -0.937278553
1561001200.383598089 56.986349 9.768045 -4.995143 -0.028596425 -0.063624078 -0.341265502 -0.937375100
1561001200.483321667 56.183082 9.544652 -4.982329 -0.028134463 -0.062682175 -0.340609774 -0.937690983
1561001200.581450462 55.391159 9.334919 -4.970509 -0.027125478 -0.061418823 -0.340607246 -0.937805225
1561001200.683260679 54.578476 9.110465 -4.964748 -0.026994910 -0.061128146 -0.340376814 -0.937911642
1561001200.781702280 53.796349 8.890195 -4.955827 -0.027705044 -0.062291354 -0.340495312 -0.937771379
1561001200.884630203 52.998248 8.685988 -4.952935 -0.027518589 -0.064903182 -0.340267987 -0.937682250
1561001200.984907150 52.249189 8.488367 -4.942331 -0.027383072 -0.064792100 -0.339858997 -0.937842211
1561001201.083607197 51.519525 8.303529 -4.935770 -0.027054435 -0.064437099 -0.340067607 -0.937800587
1561001201.185081005 50.774819 8.095765 -4.923471 -0.026777682 -0.064344382 -0.339247639 -0.938111825
1561001201.283516884 50.057023 7.900749 -4.911777 -0.026786963 -0.064706706 -0.339549968 -0.937977249
1561001201.385267735 49.350216 7.705727 -4.911742 -0.027125663 -0.066475457 -0.338902432 -0.938078010
1561001201.485126019 48.637535 7.519173 -4.898398 -0.027481551 -0.067101720 -0.338836301 -0.938046952
1561001201.583573103 47.936796 7.337878 -4.860798 -0.028511526 -0.071828698 -0.338527561 -0.937777597
1561001201.684889555 47.203905 7.151319 -4.802830 -0.029237626 -0.078959159 -0.337121206 -0.937688597
1561001201.783192396 46.532231 7.006653 -4.781816 -0.025677769 -0.089123477 -0.336698745 -0.937033411
1561001201.886081934 45.854725 6.863397 -4.765104 -0.021975814 -0.089915495 -0.336376620 -0.937167561
1561001201.987475634 45.207852 6.687067 -4.695618 -0.018647176 -0.093834465 -0.335543377 -0.937154212
1561001202.087443590 44.581011 6.472175 -4.662365 -0.015204737 -0.099618995 -0.335767607 -0.936538833
1561001202.187290668 43.948348 6.251703 -4.683279 -0.014701036 -0.097094618 -0.335043047 -0.937071327
1561001202.287449837 43.268020 6.049255 -4.705412 -0.014208644 -0.087997055 -0.335587467 -0.937782323
1561001202.387688160 42.552382 5.856324 -4.713140 -0.016811595 -0.077989243 -0.338036226 -0.937745466
1561001202.487643957 41.819586 5.700131 -4.765488 -0.021535990 -0.061743429 -0.338473704 -0.938700965
1561001202.587789059 41.119191 5.543347 -4.714174 -0.023975930 -0.057106827 -0.338232089 -0.939022374
1561001202.687836409 40.401989 5.368528 -4.681505 -0.026564253 -0.064348552 -0.339135079 -0.938158303
1561001202.786162138 39.684702 5.188293 -4.699631 -0.026890931 -0.076391133 -0.339999831 -0.936931901
1561001202.886424541 38.964666 5.015486 -4.721177 -0.026063404 -0.075188640 -0.341892278 -0.936363732
1561001202.987961769 38.210422 4.830183 -4.733605 -0.025251527 -0.070308841 -0.343099551 -0.936323515
1561001203.086307526 37.481738 4.632790 -4.722712 -0.025385749 -0.067484256 -0.343850588 -0.936252216
1561001203.187753677 36.724442 4.415817 -4.722772 -0.025857977 -0.068637279 -0.344204455 -0.936025418
1561001203.286465883 35.961859 4.190670 -4.722939 -0.025698546 -0.070671349 -0.345531557 -0.935389271
1561001203.386618137 35.218695 3.954230 -4.704366 -0.024971228 -0.072008478 -0.346083105 -0.935103043
1561001203.487697124 34.473211 3.737857 -4.680826 -0.024452976 -0.073066509 -0.346713729 -0.934801010
1561001203.587701559 33.733539 3.526186 -4.660191 -0.024358520 -0.072888439 -0.347204109 -0.934635354
1561001203.687275410 32.976347 3.307625 -4.639376 -0.025948232 -0.073467017 -0.348646513 -0.934010116
1561001203.787400723 32.249981 3.103786 -4.617712 -0.026024861 -0.073645987 -0.349598407 -0.933638008
1561001203.888670206 31.492878 2.864650 -4.602390 -0.026048282 -0.074902331 -0.350756825 -0.933102769
1561001203.986125708 30.777242 2.645914 -4.592451 -0.026867239 -0.075051262 -0.351667384 -0.932724777
1561001204.087466478 30.022100 2.426131 -4.572470 -0.026799400 -0.073557317 -0.352093598 -0.932684948
1561001204.187530756 29.294740 2.195259 -4.556254 -0.026948970 -0.071862787 -0.353119609 -0.932424814
1561001204.287372351 28.533051 1.954454 -4.541715 -0.027072134 -0.071397075 -0.354195787 -0.932048766
1561001204.387797832 27.781613 1.733675 -4.532575 -0.027285380 -0.071704882 -0.354338379 -0.931964716
1561001204.487542391 27.039073 1.505093 -4.525377 -0.027290305 -0.071195414 -0.354617001 -0.931897653
1561001204.586690903 26.287234 1.278252 -4.512052 -0.026620592 -0.071406459 -0.355824556 -0.931440469
1561001204.687549591 25.516490 1.038077 -4.494798 -0.027099673 -0.071173226 -0.356586126 -0.931153217
1561001204.786178112 24.772144 0.789466 -4.482318 -0.026676305 -0.072309849 -0.357361178 -0.930780666
1561001204.887538910 23.995699 0.545732 -4.467692 -0.026936071 -0.072803839 -0.357668183 -0.930616742
1561001204.987415791 23.217649 0.284316 -4.449357 -0.026647373 -0.072897534 -0.358359741 -0.930351634
1561001205.087829113 22.431415 0.046974 -4.425313 -0.027297650 -0.073323582 -0.359216891 -0.929968664
1561001205.187698126 21.687153 -0.191848 -4.412025 -0.026770650 -0.072816270 -0.360052353 -0.929700719
1561001205.286277056 20.936762 -0.436788 -4.400590 -0.027546373 -0.072922281 -0.360545287 -0.929478689
1561001205.387474537 20.179361 -0.675442 -4.379646 -0.027563219 -0.073237136 -0.361589445 -0.929047719
1561001205.486027718 19.446879 -0.935116 -4.360484 -0.026966713 -0.072457876 -0.361800946 -0.929043986
1561001205.587404013 18.695497 -1.172296 -4.350171 -0.027018853 -0.072459112 -0.362131609 -0.928913535
1561001205.687479734 17.935563 -1.413334 -4.334735 -0.026646774 -0.071357775 -0.362943684 -0.928692576
1561001205.787549734 17.158583 -1.662262 -4.322708 -0.026698679 -0.070271132 -0.363468568 -0.928568656
1561001205.887513399 16.387157 -1.911569 -4.305983 -0.027550135 -0.071440910 -0.364563570 -0.928025102
1561001205.987216711 15.622499 -2.174500 -4.283076 -0.027796867 -0.073215835 -0.364987320 -0.927712796
1561001206.087835550 14.852406 -2.432675 -4.259697 -0.027684387 -0.075495804 -0.365433547 -0.927357688
1561001206.187162161 14.125214 -2.678155 -4.248845 -0.027194055 -0.076881293 -0.365587357 -0.927197732
1561001206.285967827 13.395576 -2.927650 -4.222466 -0.026896241 -0.073735259 -0.366156436 -0.927237385
1561001206.387373686 12.646997 -3.188853 -4.193958 -0.027383816 -0.071703780 -0.366670484 -0.927179298
1561001206.487328291 11.884425 -3.446608 -4.180441 -0.028116802 -0.071430677 -0.367315504 -0.926923095
1561001206.587295771 11.134716 -3.710898 -4.171769 -0.027802188 -0.073057133 -0.366894985 -0.926972364
1561001206.687410355 10.405592 -3.954832 -4.155521 -0.027969403 -0.075219084 -0.367103529 -0.926711822
1561001206.786282778 9.689705 -4.180152 -4.140354 -0.027526307 -0.076240973 -0.366949669 -0.926702518
1561001206.887626886 8.961799 -4.410791 -4.128524 -0.027916166 -0.076628752 -0.367347342 -0.926501297
1561001206.987130880 8.247124 -4.661756 -4.108271 -0.028484536 -0.075564575 -0.367223923 -0.926620319
1561001207.086267233 7.531050 -4.921704 -4.083372 -0.027675791 -0.074823245 -0.367534617 -0.926581803
1561001207.187569857 6.816364 -5.165541 -4.067796 -0.027797822 -0.074993954 -0.367199331 -0.926697275
1561001207.287689686 6.119829 -5.398003 -4.057196 -0.027450895 -0.074607963 -0.367185164 -0.926744385
1561001207.387223959 5.401281 -5.638672 -4.039137 -0.027356539 -0.075369295 -0.366852181 -0.926817440
1561001207.486059189 4.681268 -5.867001 -4.024741 -0.027089887 -0.075013414 -0.367509002 -0.926593902
1561001207.587322950 3.962428 -6.083454 -4.006629 -0.025850406 -0.074446288 -0.367735720 -0.926585100
1561001207.687611580 3.262991 -6.312569 -3.990919 -0.025254962 -0.074260242 -0.367843863 -0.926573524
1561001207.786356211 2.547371 -6.545976 -3.969369 -0.025600629 -0.075024022 -0.367646768 -0.926580735
1561001207.887149811 1.840311 -6.796402 -3.939349 -0.026011950 -0.076223492 -0.367736506 -0.926435761
1561001207.987451077 1.144701 -7.038399 -3.922408 -0.026716111 -0.079333875 -0.368052829 -0.926028888
1561001208.087362766 0.438412 -7.286337 -3.914588 -0.026527771 -0.082751229 -0.368473496 -0.925567822
1561001208.187187910 -0.261772 -7.512393 -3.885719 -0.026714199 -0.083478688 -0.368917168 -0.925320368
1561001208.287428617 -0.982161 -7.739933 -3.852848 -0.026222711 -0.088309024 -0.368797335 -0.924933734
1561001208.387059212 -1.659116 -7.966880 -3.802930 -0.025297342 -0.093793952 -0.369298137 -0.924219468
1561001208.487249613 -2.347766 -8.202777 -3.758149 -0.023720898 -0.097052490 -0.368997510 -0.924044896
1561001208.587366343 -3.022955 -8.428662 -3.719969 -0.023260174 -0.094253884 -0.369718590 -0.924058079
1561001208.686988592 -3.725735 -8.662395 -3.702057 -0.021155464 -0.092323884 -0.370731647 -0.923897610
1561001208.787284374 -4.404831 -8.896597 -3.678329 -0.016774947 -0.094415225 -0.374149287 -0.922397245
1561001208.887379885 -5.112445 -9.141480 -3.694027 -0.018366283 -0.092191587 -0.375186489 -0.922170531
1561001208.987308741 -5.847957 -9.406406 -3.692635 -0.019677667 -0.083469059 -0.376221383 -0.922552533
1561001209.087456465 -6.589009 -9.665561 -3.719056 -0.025997222 -0.064347692 -0.375387703 -0.924265975
1561001209.187585592 -7.306656 -9.949995 -3.738974 -0.028408203 -0.060092668 -0.375997322 -0.924233660
1561001209.286191940 -7.980430 -10.235431 -3.757077 -0.027275915 -0.070578476 -0.376919992 -0.923150054
1561001209.387539387 -8.671957 -10.497822 -3.684689 -0.025924456 -0.084381256 -0.378163403 -0.921520573
1561001209.487177849 -9.360126 -10.743897 -3.613255 -0.026627384 -0.083689338 -0.379846619 -0.920871122
1561001209.585821390 -10.042720 -10.991410 -3.575787 -0.027755714 -0.079093769 -0.380844680 -0.920831758
1561001209.687168598 -10.781651 -11.274668 -3.554819 -0.030379608 -0.081339742 -0.381861070 -0.920132082
1561001209.785800695 -11.495482 -11.554583 -3.533697 -0.029743076 -0.084530742 -0.382400432 -0.919641133
1561001209.885838032 -12.207894 -11.823682 -3.507836 -0.028649467 -0.085774100 -0.383311835 -0.919181184
1561001209.985782623 -12.925330 -12.086049 -3.483702 -0.029249230 -0.084644395 -0.384887477 -0.918608425
1561001210.087155819 -13.647618 -12.348528 -3.460167 -0.028217754 -0.080641340 -0.386007770 -0.918530747
1561001210.187222719 -14.366962 -12.620373 -3.444896 -0.027761290 -0.077898022 -0.387144677 -0.918302895
1561001210.285557270 -15.089105 -12.894221 -3.410455 -0.028461425 -0.075633455 -0.388176323 -0.918035223
1561001210.386958122 -15.819770 -13.186168 -3.393736 -0.027821740 -0.077007961 -0.389275063 -0.917475149
1561001210.486564875 -16.547188 -13.485089 -3.381248 -0.026118004 -0.077156008 -0.389750253 -0.917311038
1561001210.587090254 -17.290093 -13.782083 -3.358921 -0.026939228 -0.079011800 -0.390517927 -0.916802684
1561001210.687223911 -18.016940 -14.073825 -3.345408 -0.026090435 -0.079746915 -0.391870242 -0.916186352
1561001210.786231279 -18.748704 -14.366984 -3.329397 -0.024353440 -0.080186241 -0.392791482 -0.915801250
1561001210.887682915 -19.491662 -14.655801 -3.310254 -0.023460017 -0.078208134 -0.393887169 -0.915524993
1561001210.986404419 -20.234474 -14.921748 -3.272827 -0.023144975 -0.077498594 -0.393306720 -0.915842837
1561001211.087847471 -20.978717 -15.219964 -3.257309 -0.023394493 -0.080649992 -0.394407665 -0.915090635
1561001211.187441587 -21.716174 -15.531661 -3.235298 -0.022705875 -0.083148885 -0.394818629 -0.914707033
1561001211.286849260 -22.449310 -15.833632 -3.203745 -0.022928959 -0.084487326 -0.395400656 -0.914327335
1561001211.387037992 -23.195783 -16.154564 -3.163514 -0.024706536 -0.085546209 -0.395577911 -0.914105874
1561001211.486629009 -23.938590 -16.462972 -3.133614 -0.024845500 -0.085697622 -0.395351211 -0.914185998
1561001211.587038040 -24.680825 -16.783607 -3.098189 -0.026286298 -0.083985361 -0.395553311 -0.914217189
1561001211.687184572 -25.417553 -17.097721 -3.071815 -0.026645572 -0.082740900 -0.394507655 -0.914771921
1561001211.787177563 -26.174943 -17.403771 -3.053823 -0.026970926 -0.081919999 -0.394819987 -0.914701515
1561001211.887688398 -26.918060 -17.726365 -3.041146 -0.027228683 -0.081738029 -0.395141230 -0.914571431
1561001211.987141848 -27.659303 -18.042126 -3.011311 -0.027199847 -0.081422619 -0.395652384 -0.914379416
1561001212.087755680 -28.427947 -18.365249 -2.981614 -0.027543958 -0.081719052 -0.395271990 -0.914507179
1561001212.187625647 -29.205552 -18.690443 -2.953779 -0.027081364 -0.082918590 -0.394133758 -0.914904196
1561001212.286515474 -29.955284 -18.988053 -2.923883 -0.028087084 -0.083978407 -0.394613034 -0.914570553
1561001212.387733936 -30.743161 -19.299443 -2.900951 -0.027341015 -0.084083762 -0.395053694 -0.914393224
1561001212.485953569 -31.505544 -19.615466 -2.875226 -0.027136057 -0.084395496 -0.394531032 -0.914596250
1561001212.587473869 -32.268325 -19.924440 -2.855316 -0.027046747 -0.084513700 -0.393554024 -0.915008818
1561001212.687319994 -33.015960 -20.238784 -2.824535 -0.027501655 -0.083823217 -0.393798954 -0.914953393
1561001212.785969734 -33.769284 -20.531925 -2.793843 -0.027840859 -0.084145284 -0.392961472 -0.915273587
1561001212.887326241 -34.542921 -20.833466 -2.761259 -0.027971939 -0.083777140 -0.392459858 -0.915518553
1561001212.986535072 -35.304344 -21.140584 -2.720421 -0.027645699 -0.082522823 -0.393095033 -0.915369867
1561001213.087265968 -36.084963 -21.444303 -2.687176 -0.026488069 -0.081025719 -0.393896638 -0.915193233
1561001213.187240362 -36.855230 -21.755027 -2.674448 -0.026623945 -0.082875291 -0.392911255 -0.915447212
1561001213.285911322 -37.602772 -22.057755 -2.641535 -0.027147969 -0.083046317 -0.392848151 -0.915443405
1561001213.387399197 -38.411987 -22.379100 -2.602548 -0.027249511 -0.085893219 -0.392700345 -0.915241093
1561001213.486251831 -39.172431 -22.685922 -2.577240 -0.026885407 -0.086731999 -0.392643653 -0.915197081
1561001213.587128878 -39.943475 -23.006902 -2.550286 -0.026265687 -0.086206887 -0.391748923 -0.915648004
1561001213.687181711 -40.698158 -23.330459 -2.517688 -0.026676707 -0.085192732 -0.390554964 -0.916240892
1561001213.785878420 -41.458532 -23.611744 -2.489655 -0.026660009 -0.085016744 -0.391321069 -0.915930793
1561001213.887528896 -42.256779 -23.921228 -2.453643 -0.027074379 -0.085119003 -0.391776555 -0.915714401
1561001213.986061096 -43.020371 -24.242854 -2.418777 -0.026549495 -0.084605941 -0.391483574 -0.915902599
1561001214.087192535 -43.805142 -24.549380 -2.378497 -0.027023920 -0.085351694 -0.391716869 -0.915719767
1561001214.187126398 -44.582165 -24.840995 -2.346477 -0.026041044 -0.084520155 -0.391627387 -0.915863635
1561001214.286764860 -45.363549 -25.119544 -2.318687 -0.025858281 -0.086716167 -0.390946151 -0.915954564
1561001214.387174368 -46.131562 -25.453942 -2.274636 -0.026332305 -0.087649829 -0.391329563 -0.915688424
1561001214.486006021 -46.890092 -25.758954 -2.243771 -0.026337069 -0.088181043 -0.390140141 -0.916144712
1561001214.586794615 -47.673851 -26.080198 -2.212409 -0.026187323 -0.087702151 -0.390781336 -0.915921669
1561001214.687356949 -48.443755 -26.400433 -2.170609 -0.027002502 -0.086613838 -0.390585310 -0.916085162
1561001214.787341595 -49.224841 -26.704640 -2.153859 -0.025713057 -0.085400742 -0.390482827 -0.916279823
1561001214.887284756 -49.993741 -27.005818 -2.123723 -0.026311611 -0.083960458 -0.390129261 -0.916546508
1561001214.986337662 -50.765883 -27.300780 -2.084053 -0.026254968 -0.084164254 -0.390048746 -0.916563708
1561001215.087161303 -51.549304 -27.597676 -2.036057 -0.026210786 -0.084900326 -0.389783116 -0.916610087
1561001215.187303782 -52.338141 -27.908890 -2.000109 -0.024951708 -0.086267412 -0.390262378 -0.916313605
1561001215.287222385 -53.104713 -28.210863 -1.966651 -0.024705345 -0.087897418 -0.389990005 -0.916281336
1561001215.387200117 -53.846836 -28.508563 -1.926095 -0.025010645 -0.089375430 -0.389359991 -0.916398002
1561001215.486172915 -54.604978 -28.813110 -1.866319 -0.026044665 -0.090784968 -0.388699461 -0.916511044
1561001215.586491346 -55.334314 -29.099946 -1.790254 -0.026850893 -0.095156476 -0.388898424 -0.915959765
1561001215.687019110 -56.064068 -29.380717 -1.709226 -0.027053631 -0.103607032 -0.388856979 -0.915054060
1561001215.785833597 -56.781767 -29.652564 -1.653672 -0.024220971 -0.112043596 -0.388698958 -0.914206047
1561001215.887155533 -57.496607 -29.940073 -1.628098 -0.022116970 -0.112226189 -0.388382214 -0.914371576
1561001215.986102104 -58.174663 -30.196046 -1.595375 -0.016583818 -0.115379760 -0.389742225 -0.913517097
1561001216.087085247 -58.891475 -30.507535 -1.554527 -0.010787648 -0.125114633 -0.390006055 -0.912208985
1561001216.187379837 -59.615467 -30.815897 -1.535483 -0.010986585 -0.120534223 -0.389066508 -0.913223986
1561001216.286118984 -60.318464 -31.139170 -1.542608 -0.015584964 -0.105999338 -0.390424240 -0.914379660
1561001216.387266159 -61.067514 -31.436800 -1.582049 -0.023194707 -0.081040149 -0.390106117 -0.916903330
1561001216.487574577 -61.768245 -31.722257 -1.528596 -0.025008312 -0.082331563 -0.389217223 -0.917118341
1561001216.585958242 -62.469599 -31.957447 -1.483845 -0.023658499 -0.094178368 -0.389018209 -0.916097999
1561001216.687267780 -63.183883 -32.192292 -1.427486 -0.023114759 -0.096125943 -0.387549463 -0.916532010
1561001216.785445213 -63.894838 -32.420075 -1.417087 -0.021342402 -0.093212017 -0.387810599 -0.916765489
1561001216.886713028 -64.624316 -32.685984 -1.390930 -0.022116721 -0.086894003 -0.388654778 -0.917010221
1561001216.985660315 -65.330540 -32.960569 -1.368635 -0.020919088 -0.084434802 -0.389212103 -0.917031676
1561001217.087144852 -66.069558 -33.268400 -1.327568 -0.020458768 -0.086425867 -0.389728365 -0.916637229
1561001217.187413931 -66.805426 -33.550159 -1.291326 -0.019814622 -0.089525876 -0.390288468 -0.916115391
1561001217.286079884 -67.514029 -33.830275 -1.244325 -0.019863691 -0.092033450 -0.391451371 -0.915369380
1561001217.387382984 -68.249156 -34.142852 -1.207808 -0.020099090 -0.093630682 -0.391897280 -0.915011390
1561001217.486249924 -68.965450 -34.431033 -1.157621 -0.021063512 -0.093405193 -0.392930442 -0.914569552
1561001217.587354660 -69.675804 -34.728464 -1.128982 -0.020290072 -0.091968187 -0.392988945 -0.914707524
1561001217.687560320 -70.387520 -35.014613 -1.083397 -0.021647185 -0.088392003 -0.394273838 -0.914476022
1561001217.787649632 -71.103567 -35.312015 -1.030693 -0.021804231 -0.087825815 -0.395526225 -0.913985890
1561001217.887589455 -71.816900 -35.602961 -1.007106 -0.020394085 -0.088930241 -0.395856470 -0.913768651
1561001217.986074686 -72.530381 -35.884015 -0.966107 -0.020785105 -0.090188462 -0.395761907 -0.913677478
1561001218.087138414 -73.254151 -36.173115 -0.930577 -0.020442321 -0.091645820 -0.397701379 -0.912697523
1561001218.187138557 -73.973849 -36.481786 -0.868425 -0.021427073 -0.092514822 -0.397588162 -0.912636588
1561001218.285797358 -74.666217 -36.771560 -0.810593 -0.021857899 -0.092738508 -0.398775476 -0.912085479
1561001218.387308359 -75.370044 -37.088368 -0.791609 -0.021026960 -0.092719779 -0.398557180 -0.912202326
1561001218.486237764 -76.078831 -37.384102 -0.744905 -0.021683177 -0.090678948 -0.399499598 -0.911979846
1561001218.586295843 -76.785410 -37.689007 -0.701546 -0.021444678 -0.090119231 -0.400741021 -0.911496179
1561001218.687330723 -77.489407 -37.970426 -0.656758 -0.021557316 -0.089889515 -0.401802218 -0.911048920
1561001218.787990570 -78.193163 -38.283313 -0.631831 -0.019937468 -0.090152187 -0.401842090 -0.911042269
1561001218.887281179 -78.890417 -38.581731 -0.611462 -0.018396811 -0.090089116 -0.402095482 -0.910969117
1561001218.986009836 -79.606423 -38.871005 -0.571512 -0.017881772 -0.091240371 -0.402562296 -0.910658572
1561001219.087176800 -80.304851 -39.180826 -0.520960 -0.018164662 -0.092624877 -0.402461065 -0.910557943
1561001219.187189579 -80.986745 -39.467251 -0.474746 -0.019607885 -0.094148946 -0.402093481 -0.910534096
1561001219.287153959 -81.675824 -39.770017 -0.441035 -0.019538511 -0.095202082 -0.403168010 -0.909950749
1561001219.388354301 -82.375343 -40.065305 -0.385750 -0.019302681 -0.094510383 -0.403204427 -0.910011749
1561001219.479591370 -83.038971 -40.332400 -0.330502 -0.019982633 -0.092325292 -0.403690972 -0.910005678
1561001219.580905676 -83.764287 -40.621371 -0.281186 -0.019503696 -0.091450618 -0.404060831 -0.909940237
1561001219.681033134 -84.458606 -40.926096 -0.246592 -0.019819035 -0.091630200 -0.404405366 -0.909762284
1561001219.779934883 -85.137504 -41.246866 -0.212022 -0.018911084 -0.091457205 -0.404247643 -0.909869108
1561001219.880908966 -85.835841 -41.538897 -0.171264 -0.018929096 -0.091813523 -0.405306720 -0.909361550
1561001219.979764462 -86.530272 -41.839446 -0.132535 -0.017944091 -0.092002461 -0.405133455 -0.909439630
1561001220.079637766 -87.239995 -42.148966 -0.092708 -0.017938333 -0.092548628 -0.405496721 -0.909222402
1561001220.180526257 -87.968902 -42.465798 -0.051886 -0.017781956 -0.091936780 -0.406561295 -0.908812051
1561001220.279446363 -88.654807 -42.777454 0.002282 -0.018430718 -0.092424053 -0.406988577 -0.908558419
1561001220.380623817 -89.350745 -43.100215 0.051267 -0.018650981 -0.092377502 -0.408154138 -0.908035648
1561001220.479712725 -90.031231 -43.417390 0.086193 -0.019049296 -0.093443632 -0.408312135 -0.907847241
1561001220.580852747 -90.732595 -43.732342 0.117836 -0.016986842 -0.097144106 -0.408541772 -0.907396325
1561001220.681068420 -91.404950 -44.026462 0.167465 -0.013351355 -0.100355663 -0.408860692 -0.906963846
1561001220.780878544 -92.077493 -44.309532 0.230719 -0.011161321 -0.101824378 -0.409291118 -0.906635540
1561001220.880980492 -92.747810 -44.586532 0.297019 -0.012780948 -0.100065675 -0.410860548 -0.906099949
1561001220.979924202 -93.429083 -44.885765 0.329771 -0.014480874 -0.096448872 -0.412215310 -0.905851234
1561001221.080864906 -94.105096 -45.193876 0.356103 -0.015465240 -0.090941553 -0.413844079 -0.905661934
1561001221.180951357 -94.792768 -45.508788 0.372511 -0.016884673 -0.083590089 -0.414888428 -0.905867097
1561001221.280869007 -95.479213 -45.830491 0.395781 -0.016546869 -0.077358412 -0.415952740 -0.905938848
1561001221.379778147 -96.168326 -46.180939 0.435518 -0.017409034 -0.078657512 -0.415392778 -0.906067746
1561001221.479551077 -96.857721 -46.501373 0.477979 -0.017898719 -0.084554232 -0.415901942 -0.905293208
1561001221.580486774 -97.530651 -46.842989 0.526178 -0.018468942 -0.091376706 -0.416551505 -0.904319656
1561001221.680234432 -98.194069 -47.169061 0.570949 -0.019131235 -0.096139966 -0.416638231 -0.903771922
1561001221.779045105 -98.866843 -47.474291 0.606406 -0.018728944 -0.096924505 -0.419056167 -0.902577861
1561001221.880278349 -99.565157 -47.777215 0.643059 -0.018536122 -0.093877389 -0.419328930 -0.902777213
1561001221.979314566 -100.233917 -48.081794 0.682296 -0.018907759 -0.090063459 -0.420146356 -0.902777996
1561001222.080528498 -100.912583 -48.404667 0.704258 -0.018528782 -0.088787859 -0.420578800 -0.902710847
1561001222.180746078 -101.581723 -48.729021 0.751712 -0.019266491 -0.086828087 -0.420899193 -0.902736703
1561001222.279495955 -102.248507 -49.042836 0.785273 -0.018655780 -0.086717028 -0.421833802 -0.902323868
1561001222.380745649 -102.934611 -49.382560 0.813850 -0.017622655 -0.087565651 -0.421785134 -0.902285431
1561001222.479617357 -103.625453 -49.720510 0.843336 -0.016907039 -0.089353326 -0.422171072 -0.901943302
1561001222.580699682 -104.311440 -50.055286 0.880858 -0.016757910 -0.089239350 -0.422705052 -0.901707242
1561001222.679659367 -104.990041 -50.359945 0.916126 -0.016067226 -0.088297725 -0.423575839 -0.901403830
1561001222.781014681 -105.670738 -50.688374 0.950109 -0.016527832 -0.086667141 -0.424296212 -0.901214937
1561001222.882418871 -106.355369 -51.031838 0.987524 -0.016178564 -0.085534015 -0.424274449 -0.901339769
1561001222.979894876 -107.011683 -51.345285 1.016228 -0.015849033 -0.086282973 -0.425035539 -0.900915561
1561001223.080976963 -107.691428 -51.690759 1.051642 -0.015961238 -0.089670296 -0.425112445 -0.900546438
1561001223.180850506 -108.358736 -52.027895 1.100135 -0.016141616 -0.094110145 -0.425313664 -0.899995009
1561001223.280204773 -109.030663 -52.347483 1.149693 -0.016081896 -0.097535640 -0.426120865 -0.899249231
1561001223.380763292 -109.700326 -52.668099 1.191060 -0.016804863 -0.097889669 -0.426592966 -0.898973665
1561001223.479774237 -110.375696 -53.003107 1.239055 -0.017700460 -0.094619179 -0.426636744 -0.899285824
1561001223.579755783 -111.053964 -53.357415 1.275449 -0.018550999 -0.090841998 -0.427951068 -0.899033634
1561001223.680601358 -111.741546 -53.700046 1.308686 -0.019518802 -0.088196212 -0.428754000 -0.898894016
1561001223.779470682 -112.415733 -54.051180 1.334663 -0.019200046 -0.087974124 -0.429153092 -0.898732182
1561001223.880560398 -113.085736 -54.393884 1.367343 -0.019539957 -0.088242347 -0.429821618 -0.898379015
1561001223.980968714 -113.764065 -54.743056 1.402458 -0.019083604 -0.089350459 -0.430584291 -0.897913960
1561001224.080654144 -114.441490 -55.083047 1.436769 -0.020114560 -0.090256008 -0.431040496 -0.897581945
1561001224.181386709 -115.115132 -55.423781 1.462906 -0.019692297 -0.090504609 -0.431239480 -0.897470690
1561001224.280846357 -115.772239 -55.740263 1.498554 -0.019544882 -0.089720009 -0.432763536 -0.896818844
1561001224.380992889 -116.449902 -56.074199 1.532651 -0.018950993 -0.089278892 -0.432593948 -0.896957421
1561001224.479822159 -117.115566 -56.419335 1.572874 -0.019276145 -0.088899347 -0.433213716 -0.896689028
1561001224.580741644 -117.788325 -56.766558 1.611906 -0.019951981 -0.091008280 -0.434365524 -0.895905131
1561001224.680681705 -118.441352 -57.103076 1.652504 -0.020429737 -0.092849610 -0.435099186 -0.895349247
1561001224.780510426 -119.105297 -57.449993 1.683115 -0.019385882 -0.093999607 -0.435800606 -0.894911221
1561001224.881328344 -119.770750 -57.783647 1.719352 -0.018625273 -0.093373573 -0.436270556 -0.894763922
1561001224.981183529 -120.430077 -58.137133 1.755985 -0.018086361 -0.090415715 -0.436619441 -0.894908568
1561001225.081330776 -121.092339 -58.504709 1.795709 -0.018084669 -0.087789595 -0.437314452 -0.894830711
1561001225.181272507 -121.771986 -58.858384 1.843186 -0.019941250 -0.088749967 -0.438189903 -0.894268080
1561001225.283002853 -122.454747 -59.229557 1.915656 -0.020389494 -0.093778223 -0.438313463 -0.893684072
1561001225.383253098 -123.093635 -59.562405 2.029276 -0.022311495 -0.096241774 -0.438169025 -0.893447046
1561001225.481518269 -123.725833 -59.873611 2.137277 -0.019992666 -0.103485111 -0.438368345 -0.892594152
1561001225.584892035 -124.407360 -60.204811 2.144593 -0.013122974 -0.108257167 -0.439488081 -0.891604397
1561001225.683664560 -125.010301 -60.538407 2.178031 -0.012123020 -0.105303293 -0.441832663 -0.890813194
1561001225.782742977 -125.639407 -60.879945 2.199266 -0.008180481 -0.102675177 -0.444412418 -0.889881166
1561001225.884336233 -126.302903 -61.262132 2.206943 -0.007170271 -0.101176827 -0.445713048 -0.889410882
1561001225.982767105 -126.974930 -61.593718 2.210917 -0.008725122 -0.088030814 -0.447962079 -0.889665344
1561001226.084202051 -127.678920 -61.991188 2.158573 -0.016333309 -0.071079861 -0.447522886 -0.891293522
1561001226.183272839 -128.345775 -62.376917 2.211336 -0.018341215 -0.068910024 -0.447457847 -0.891457505
1561001226.284305573 -129.006355 -62.745774 2.249530 -0.021559969 -0.065339714 -0.447726016 -0.891519660
1561001226.384395123 -129.663654 -63.114390 2.289528 -0.021514895 -0.074948645 -0.448298017 -0.890476669
1561001226.482772589 -130.292287 -63.478112 2.336550 -0.016203027 -0.089340219 -0.449683226 -0.888561075
1561001226.584238529 -130.945727 -63.836498 2.341392 -0.017546688 -0.091309598 -0.451556068 -0.887384803
1561001226.683455944 -131.600989 -64.195887 2.347289 -0.016838438 -0.086835111 -0.452731304 -0.887248836
1561001226.783473253 -132.274344 -64.587001 2.351404 -0.015222732 -0.084639395 -0.453310517 -0.887194464
1561001226.884262085 -132.966624 -64.979510 2.374492 -0.016796170 -0.087880901 -0.453933808 -0.886531970
1561001226.982947350 -133.652590 -65.379125 2.413384 -0.016787980 -0.090342843 -0.454029071 -0.886235825
1561001227.084399939 -134.326247 -65.771634 2.456462 -0.017075356 -0.094026669 -0.454813414 -0.885444621
1561001227.183809996 -134.986084 -66.149157 2.484250 -0.015520722 -0.092921359 -0.456633008 -0.884653053
1561001227.284518480 -135.664660 -66.534974 2.529648 -0.015907613 -0.090076113 -0.455944572 -0.885295312
1561001227.384642124 -136.319908 -66.927665 2.570955 -0.017017235 -0.088181617 -0.456860763 -0.884993028
1561001227.483186722 -136.976618 -67.304885 2.606904 -0.017746078 -0.087342033 -0.457204704 -0.884884345
1561001227.584810257 -137.671058 -67.718926 2.628514 -0.017947377 -0.090627178 -0.457612366 -0.884339035
1561001227.683235407 -138.333742 -68.131094 2.654503 -0.016503558 -0.091819386 -0.457770077 -0.884162535
1561001227.784713745 -139.017055 -68.512857 2.696936 -0.016855198 -0.091676730 -0.458901516 -0.883583996
1561001227.884626865 -139.675276 -68.898048 2.737240 -0.016834383 -0.090392009 -0.458690501 -0.883826291
1561001227.982872486 -140.331768 -69.272407 2.774968 -0.017743618 -0.088472005 -0.459304586 -0.883683861
1561001228.084379673 -140.998936 -69.659347 2.801384 -0.018550341 -0.088126499 -0.459724066 -0.883483666
1561001228.183563471 -141.639921 -70.036511 2.824384 -0.018924920 -0.089311787 -0.460371325 -0.883019533
1561001228.284115314 -142.283200 -70.421574 2.857164 -0.019236698 -0.090339192 -0.459761120 -0.883226184
1561001228.384502172 -142.915636 -70.806489 2.882454 -0.018088373 -0.090386341 -0.459825717 -0.883211996
1561001228.483016253 -143.546792 -71.176608 2.926223 -0.018959004 -0.089937544 -0.459724943 -0.883292008
1561001228.584942341 -144.190429 -71.576118 2.965191 -0.019657099 -0.089118507 -0.458935356 -0.883770236
1561001228.683348656 -144.805914 -71.931043 3.000082 -0.020277632 -0.089162371 -0.458535019 -0.883959572
1561001228.784254074 -145.430414 -72.309638 3.031093 -0.019701755 -0.089759336 -0.458102335 -0.884136502
1561001228.883494616 -146.060847 -72.666390 3.056505 -0.019013668 -0.090785452 -0.458192951 -0.883999832
1561001228.982848167 -146.667220 -73.022747 3.077368 -0.018571307 -0.091125703 -0.457336959 -0.884417389
1561001229.084616899 -147.289838 -73.363605 3.113543 -0.018762931 -0.090123695 -0.457684265 -0.884336353
1561001229.183120489 -147.898354 -73.695469 3.148000 -0.019073929 -0.089249164 -0.457120310 -0.884710006
1561001229.284189701 -148.513329 -74.046803 3.187714 -0.018990903 -0.088639898 -0.456585745 -0.885049022
1561001229.384243727 -149.149081 -74.407006 3.228072 -0.020499077 -0.090593026 -0.455392369 -0.885432370
1561001229.482660532 -149.741839 -74.754750 3.259555 -0.022795965 -0.094087586 -0.455660263 -0.884873774
1561001229.584128141 -150.333874 -75.105014 3.312926 -0.021173784 -0.098602216 -0.454934167 -0.884796122
1561001229.682998419 -150.943213 -75.436678 3.387229 -0.018328091 -0.104913555 -0.455298321 -0.883946077
1561001229.784248114 -151.516926 -75.756977 3.420495 -0.013402809 -0.111056723 -0.455005612 -0.883434583
1561001229.884433746 -152.091034 -76.086572 3.452756 -0.013477415 -0.107880035 -0.455681235 -0.883478845
1561001229.983242750 -152.622666 -76.422771 3.435870 -0.012405947 -0.104666350 -0.456615177 -0.883398906
1561001230.084658861 -153.168842 -76.771963 3.419069 -0.010860229 -0.097133665 -0.457181652 -0.883986450
1561001230.183448315 -153.719892 -77.135093 3.383291 -0.010582725 -0.089315023 -0.459498598 -0.883612964
1561001230.284483910 -154.319749 -77.479996 3.411926 -0.013200345 -0.075390369 -0.460686111 -0.884256948
1561001230.384234667 -154.941890 -77.831279 3.468004 -0.016401754 -0.073304224 -0.460930868 -0.884251213
1561001230.482727528 -155.575520 -78.157437 3.541472 -0.016799609 -0.075591014 -0.460959721 -0.884036146
1561001230.584657192 -156.210169 -78.482345 3.588144 -0.016295701 -0.080704610 -0.462188958 -0.882951065
1561001230.682715654 -156.843883 -78.835469 3.640173 -0.015081249 -0.091183238 -0.462760470 -0.881652381
1561001230.784371853 -157.461101 -79.211847 3.658349 -0.015931596 -0.093985557 -0.463859013 -0.880765415
1561001230.884519100 -158.059938 -79.584297 3.679083 -0.017232294 -0.091591307 -0.464940678 -0.880422766
1561001230.982840776 -158.658551 -79.964475 3.695804 -0.016932193 -0.089900096 -0.465665003 -0.880220074
1561001231.084470272 -159.269287 -80.359867 3.724524 -0.018091853 -0.091416331 -0.466311450 -0.879698454
1561001231.183467150 -159.875188 -80.735404 3.748784 -0.017206997 -0.093065126 -0.466144982 -0.879631546
1561001231.284685135 -160.491370 -81.112998 3.769077 -0.016550271 -0.094633347 -0.466447306 -0.879316512
1561001231.384689093 -161.100750 -81.485552 3.815046 -0.017309501 -0.095067147 -0.467219593 -0.878844964
1561001231.484246492 -161.700381 -81.859445 3.852843 -0.017081407 -0.095763793 -0.467566740 -0.878589133
1561001231.584738016 -162.314790 -82.246954 3.881088 -0.017172673 -0.096660903 -0.468792625 -0.877835545
1561001231.683271408 -162.912419 -82.604384 3.914441 -0.018172885 -0.097012850 -0.468904131 -0.877717021
1561001231.784402847 -163.532254 -82.985180 3.955953 -0.018155937 -0.096511794 -0.469838888 -0.877272623
1561001231.884423256 -164.130978 -83.362745 3.988976 -0.018313574 -0.095941584 -0.471279850 -0.876558685
1561001231.984287739 -164.744928 -83.757282 4.017703 -0.017683017 -0.094805355 -0.472437301 -0.876072059
1561001232.085828781 -165.372237 -84.151917 4.054670 -0.017440437 -0.093173754 -0.473847251 -0.875490300
1561001232.184623241 -165.995677 -84.550913 4.094086 -0.016574181 -0.092880489 -0.473811639 -0.875557561
1561001232.285678625 -166.609379 -84.942367 4.133329 -0.017150677 -0.094369494 -0.475467662 -0.874488853
1561001232.386034489 -167.225543 -85.339192 4.173793 -0.017820034 -0.096052119 -0.476444481 -0.873760318
1561001232.486671925 -167.827455 -85.737268 4.201916 -0.018096201 -0.096222049 -0.476826759 -0.873527382
1561001232.585957766 -168.450161 -86.131652 4.228088 -0.017046219 -0.095243995 -0.477977578 -0.873026599
1561001232.685446024 -169.079685 -86.522870 4.260972 -0.016973310 -0.093703753 -0.478788736 -0.872750171
1561001232.785814762 -169.708247 -86.936798 4.297989 -0.018115529 -0.091912684 -0.479333503 -0.872618634
1561001232.885886431 -170.329498 -87.345557 4.333221 -0.018228991 -0.090993269 -0.480378498 -0.872137849
1561001232.984409094 -170.937475 -87.743806 4.359953 -0.018264382 -0.090617726 -0.481230517 -0.871706390
1561001233.085815430 -171.552376 -88.150118 4.387817 -0.017688403 -0.090860008 -0.482248266 -0.871130409
1561001233.184302568 -172.143975 -88.531527 4.423643 -0.017909921 -0.090990546 -0.482971510 -0.870711477
1561001233.287278652 -172.751559 -88.931699 4.455254 -0.017871389 -0.091623628 -0.483858488 -0.870153255
1561001233.387651682 -173.346623 -89.340940 4.482399 -0.018099423 -0.091485791 -0.485228021 -0.869400097
1561001233.485974312 -173.938079 -89.731181 4.507010 -0.017311930 -0.091356850 -0.486009628 -0.868993017
1561001233.587519884 -174.508535 -90.139825 4.532732 -0.016687229 -0.090876554 -0.486801887 -0.868612060
1561001233.686136723 -175.072822 -90.516407 4.570002 -0.017723151 -0.090387994 -0.487412544 -0.868300013
1561001233.787379265 -175.648789 -90.905524 4.599440 -0.017535200 -0.090268120 -0.488461597 -0.867726600
1561001233.888118982 -176.214310 -91.291267 4.622276 -0.017296506 -0.090677835 -0.489347643 -0.867189279
1561001233.988067627 -176.786260 -91.675278 4.650889 -0.017035077 -0.091406540 -0.490170238 -0.866653211
1561001234.087394714 -177.335692 -92.064571 4.681434 -0.016729052 -0.091785438 -0.491038675 -0.866127353
1561001234.185726404 -177.881546 -92.446856 4.709568 -0.016909775 -0.091412941 -0.492141007 -0.865537384
1561001234.287424803 -178.432348 -92.845853 4.730553 -0.016807088 -0.091641510 -0.492926483 -0.865068111
1561001234.388687849 -178.983826 -93.223235 4.761517 -0.016902898 -0.091245338 -0.493846709 -0.864583141
1561001234.487349749 -179.507799 -93.603108 4.789960 -0.017204613 -0.091179427 -0.494173723 -0.864397273
1561001234.588695288 -180.063778 -93.977516 4.813702 -0.016506258 -0.091169132 -0.494525603 -0.864210715
1561001234.688645124 -180.601717 -94.369514 4.840955 -0.016554371 -0.090799658 -0.495343628 -0.863780102
1561001234.788538456 -181.128617 -94.752252 4.869880 -0.017075510 -0.090936091 -0.495804741 -0.863491003
1561001234.888426781 -181.670722 -95.136013 4.894413 -0.016855324 -0.091020420 -0.495853967 -0.863458178
1561001234.988388062 -182.202946 -95.510140 4.917515 -0.016184255 -0.090310773 -0.496097564 -0.863405607
1561001235.088340998 -182.731970 -95.890085 4.944612 -0.016830807 -0.089778908 -0.495989547 -0.863510765
1561001235.187426567 -183.236460 -96.247376 4.966701 -0.017560512 -0.089258144 -0.496285233 -0.863380321
1561001235.288322687 -183.742632 -96.612922 4.988752 -0.017450652 -0.088291314 -0.496681145 -0.863254284
1561001235.387509108 -184.233057 -96.942599 5.015178 -0.017579598 -0.088290667 -0.496338294 -0.863448906
1561001235.488888264 -184.691878 -97.271470 5.028506 -0.016771540 -0.088740064 -0.495740203 -0.863762449
1561001235.588586330 -185.161766 -97.586603 5.052973 -0.016453375 -0.088664636 -0.496005239 -0.863624150
1561001235.688452959 -185.614783 -97.908356 5.072822 -0.016978296 -0.088994842 -0.495184035 -0.864051171
1561001235.788607597 -186.047038 -98.219153 5.094163 -0.017329489 -0.089148553 -0.493889239 -0.864769128
1561001235.889017105 -186.474141 -98.530665 5.123006 -0.018580998 -0.089072209 -0.492690943 -0.865434297
1561001235.988867521 -186.887857 -98.819828 5.140582 -0.019466307 -0.088733129 -0.489999622 -0.866976277
1561001236.088534117 -187.296366 -99.101935 5.151835 -0.018839308 -0.087667555 -0.487295789 -0.868620915
1561001236.187913418 -187.706053 -99.364132 5.161736 -0.018377303 -0.087217975 -0.482905138 -0.871124519
1561001236.287554979 -188.112413 -99.613749 5.179191 -0.018314508 -0.086670601 -0.477360971 -0.874230684
1561001236.388550520 -188.518671 -99.843574 5.204464 -0.019757026 -0.085693702 -0.469903146 -0.878326410
1561001236.488811970 -188.900104 -100.054541 5.222094 -0.021476231 -0.085833793 -0.459895873 -0.883553687
1561001236.588588953 -189.268569 -100.259792 5.237292 -0.022869082 -0.086351045 -0.450178692 -0.888459142
1561001236.680057049 -189.618420 -100.428107 5.247886 -0.022744514 -0.087230800 -0.439207016 -0.893851594
1561001236.781875610 -189.972526 -100.595431 5.255535 -0.021729072 -0.087812166 -0.424933213 -0.900693419
1561001236.881666899 -190.343946 -100.757374 5.269057 -0.021005791 -0.088248944 -0.411009640 -0.907106364
1561001236.981705904 -190.719930 -100.885969 5.291774 -0.020948631 -0.087698904 -0.396296807 -0.913684244
1561001237.081712723 -191.079583 -100.997939 5.314448 -0.022142348 -0.086529047 -0.380708591 -0.920371343
1561001237.179961443 -191.443133 -101.078838 5.329805 -0.023607141 -0.085385099 -0.362646214 -0.927706749
1561001237.281775951 -191.796724 -101.153038 5.340124 -0.024978594 -0.086379758 -0.343756537 -0.934743842
1561001237.381781101 -192.126697 -101.193903 5.347627 -0.025092489 -0.088197984 -0.321940932 -0.942308611
1561001237.481771946 -192.467329 -101.179628 5.365328 -0.025455007 -0.090679608 -0.299125750 -0.949554125
1561001237.581834793 -192.772208 -101.155053 5.389460 -0.025867091 -0.093108404 -0.274728763 -0.956653451
1561001237.679405451 -193.091461 -101.123411 5.409932 -0.027918106 -0.094764225 -0.251358899 -0.962839044
1561001237.781789780 -193.414640 -101.070604 5.423381 -0.028952031 -0.096434855 -0.226601912 -0.968769153
1561001237.879492044 -193.728787 -100.994113 5.444327 -0.030398738 -0.097113389 -0.201054266 -0.974280293
1561001237.980804920 -194.049194 -100.925403 5.457075 -0.031691508 -0.099050160 -0.175238231 -0.979018016
1561001238.081978083 -194.353536 -100.836336 5.482939 -0.031709462 -0.099291466 -0.150407747 -0.983114045
1561001238.179633141 -194.671392 -100.716877 5.501757 -0.032831076 -0.099856487 -0.124668861 -0.986614655
1561001238.282010317 -194.983472 -100.582264 5.532675 -0.033889652 -0.098522810 -0.099617632 -0.989555999
1561001238.382082462 -195.283595 -100.431968 5.546881 -0.038113987 -0.096871787 -0.074276372 -0.991789394
1561001238.481339693 -195.591501 -100.275836 5.562342 -0.041012781 -0.094807597 -0.048197703 -0.993481984
1561001238.581466675 -195.872357 -100.100710 5.569824 -0.042497465 -0.092442007 -0.023163988 -0.994541035
1561001238.679689646 -196.166452 -99.924357 5.593372 -0.043340703 -0.087645415 0.003085522 -0.995203670
1561001238.781538963 -196.476479 -99.744395 5.617428 -0.045091802 -0.084719623 0.030003302 -0.994931715
1561001238.881572247 -196.743275 -99.530592 5.626055 -0.047079684 -0.082724641 0.054733556 -0.993953910
1561001238.981644869 -197.022709 -99.294884 5.646784 -0.048449912 -0.078695541 0.079877849 -0.992511535
1561001239.081639767 -197.264139 -99.054857 5.670145 -0.050576754 -0.076046414 0.105694372 -0.990195756
1561001239.179724455 -197.510812 -98.788694 5.677202 -0.053724914 -0.075583845 0.131663314 -0.986947561
1561001239.281306505 -197.763077 -98.515806 5.684027 -0.054695416 -0.074810224 0.156747542 -0.983281267
1561001239.381227493 -197.983859 -98.224973 5.696895 -0.055011073 -0.073103790 0.179774816 -0.979444043
1561001239.479767799 -198.198263 -97.951485 5.710958 -0.054009777 -0.071786818 0.202309773 -0.975192469
1561001239.581059694 -198.427556 -97.621974 5.731886 -0.055012293 -0.069769272 0.223860201 -0.970562984
1561001239.679816484 -198.659485 -97.297423 5.746121 -0.056536318 -0.069097812 0.242748665 -0.965972165
1561001239.780973673 -198.883351 -96.936719 5.757270 -0.057023791 -0.068447344 0.259031611 -0.961751461
1561001239.881011486 -199.088411 -96.568859 5.766475 -0.056704553 -0.067421957 0.273373495 -0.957865234
1561001239.981509924 -199.291336 -96.178426 5.784243 -0.055989426 -0.066140209 0.285599829 -0.954423069
1561001240.081387758 -199.490687 -95.793984 5.798337 -0.056749158 -0.065159874 0.297815329 -0.950704872
1561001240.179696560 -199.676399 -95.408884 5.816260 -0.057021703 -0.064163878 0.308606998 -0.947308420
1561001240.280635357 -199.881305 -95.017416 5.827673 -0.057345950 -0.062593016 0.319492117 -0.943778758
1561001240.380627155 -200.067538 -94.628364 5.834059 -0.058021466 -0.062267738 0.327386486 -0.941049588
1561001240.481749773 -200.260277 -94.230308 5.840806 -0.058553859 -0.062765248 0.336108941 -0.937903379
1561001240.581483841 -200.444425 -93.808609 5.851576 -0.058342764 -0.063205809 0.341929317 -0.935780685
1561001240.680929899 -200.620297 -93.380789 5.867732 -0.057292177 -0.063345827 0.347663717 -0.933720971
1561001240.782644272 -200.774901 -92.934967 5.881093 -0.058065837 -0.063258906 0.351534475 -0.932228611
1561001240.882294416 -200.922221 -92.498421 5.892965 -0.057672574 -0.061947717 0.355039484 -0.931011987
1561001240.982429504 -201.067574 -92.057316 5.905151 -0.059310514 -0.060197047 0.360801552 -0.928806125
1561001241.082406759 -201.211135 -91.601802 5.913472 -0.060171412 -0.060021557 0.362423316 -0.928130462
1561001241.181291342 -201.386100 -91.131613 5.918599 -0.060150260 -0.060267327 0.365734499 -0.926816094
1561001241.283042669 -201.570993 -90.640289 5.927759 -0.059314246 -0.059988301 0.371355320 -0.924650448
1561001241.382491350 -201.748388 -90.163717 5.942724 -0.060051850 -0.060625266 0.374973840 -0.923099654
1561001241.482883930 -201.926842 -89.681229 5.963917 -0.059925130 -0.060557035 0.378896068 -0.921509411
1561001241.582666636 -202.084215 -89.201291 5.982511 -0.061365290 -0.059767872 0.381657781 -0.920325726
1561001241.681071043 -202.240349 -88.746222 5.992735 -0.062798209 -0.059689756 0.384819247 -0.918916571
1561001241.782567263 -202.412125 -88.247297 5.993945 -0.063002509 -0.059686147 0.387691310 -0.917694773
1561001241.881372213 -202.574801 -87.730053 5.999571 -0.061710876 -0.060191214 0.390275054 -0.916653788
1561001241.981703520 -202.757463 -87.207477 6.021030 -0.060135185 -0.059905597 0.393870919 -0.915238099
1561001242.082715750 -202.944404 -86.682800 6.044763 -0.058485277 -0.058178541 0.397320765 -0.913964408
1561001242.181139231 -203.129128 -86.158859 6.070665 -0.058956275 -0.056369012 0.399519467 -0.913088653
1561001242.282745600 -203.288047 -85.618419 6.072613 -0.059602824 -0.055902841 0.402179561 -0.911906781
1561001242.382338524 -203.421572 -85.072960 6.075706 -0.059589822 -0.055946240 0.404368860 -0.910936275
1561001242.481142521 -203.580386 -84.538214 6.080618 -0.057740508 -0.056008688 0.406929568 -0.909910648
1561001242.582817316 -203.742496 -83.977631 6.091270 -0.057872621 -0.057638016 0.407907171 -0.909362611
1561001242.681094170 -203.904984 -83.414535 6.112248 -0.056657033 -0.057014408 0.408711223 -0.909117415
1561001242.782930851 -204.081556 -82.811510 6.129807 -0.058293097 -0.057725462 0.410620060 -0.908108392
1561001242.882099867 -204.245388 -82.217880 6.149993 -0.058699418 -0.056555304 0.412388500 -0.907354176
1561001242.983209133 -204.415019 -81.614353 6.167033 -0.059459592 -0.056774149 0.412528265 -0.907227471
1561001243.083602905 -204.579311 -81.019336 6.174485 -0.059481908 -0.056406566 0.412905843 -0.907077156
1561001243.182481766 -204.742951 -80.415274 6.179424 -0.060586828 -0.058389387 0.413611836 -0.906556763
1561001243.282995939 -204.909343 -79.812353 6.185450 -0.060053675 -0.059359606 0.413766248 -0.906458761
1561001243.381599188 -205.082433 -79.216297 6.204704 -0.059479087 -0.059221148 0.414027953 -0.906386202
1561001243.482637644 -205.254641 -78.583541 6.240522 -0.061181559 -0.059002832 0.414688382 -0.905985115
1561001243.582610369 -205.417650 -77.974462 6.265727 -0.061854591 -0.058966249 0.413916927 -0.906294527
1561001243.681798935 -205.587572 -77.345391 6.284260 -0.065263331 -0.059473332 0.413387018 -0.906264196
1561001243.782770157 -205.757407 -76.748186 6.296988 -0.064821217 -0.061323137 0.413071849 -0.906316352
1561001243.881395102 -205.934167 -76.180657 6.316604 -0.062575027 -0.063925709 0.412923833 -0.906361836
1561001243.984448195 -206.112509 -75.557179 6.350090 -0.061610288 -0.064152195 0.411688591 -0.906973634
1561001244.084182262 -206.277547 -74.966863 6.389793 -0.065163333 -0.065421979 0.410610566 -0.907123293
1561001244.183286428 -206.434927 -74.369122 6.426574 -0.066714711 -0.064645450 0.410199177 -0.907252307
1561001244.284097672 -206.608011 -73.794515 6.446693 -0.070081423 -0.066566813 0.409318567 -0.907257276
1561001244.382662773 -206.762906 -73.210597 6.464293 -0.069032762 -0.064693613 0.407888484 -0.908116842
1561001244.484418631 -206.952329 -72.652532 6.486007 -0.066110997 -0.061673145 0.406726254 -0.909065187
1561001244.584627390 -207.124972 -72.067903 6.510167 -0.060219678 -0.056960236 0.404437935 -0.910801339
1561001244.684099674 -207.329252 -71.468708 6.534258 -0.057338049 -0.052128750 0.403216375 -0.911817688
1561001244.784852028 -207.542576 -70.826623 6.541272 -0.058918326 -0.051274108 0.402222347 -0.912204352
1561001244.883673906 -207.744818 -70.229835 6.534321 -0.063277232 -0.055190613 0.401760545 -0.911887303
1561001244.984441042 -207.970396 -69.653766 6.543940 -0.063161055 -0.057423107 0.400578300 -0.912277531
1561001245.084359884 -208.175124 -69.065189 6.568989 -0.064300367 -0.058244227 0.399355856 -0.912681748
1561001245.183851957 -208.381745 -68.487348 6.602111 -0.064065849 -0.056518125 0.397893055 -0.913445338
1561001245.284374714 -208.578898 -67.870076 6.618539 -0.064957398 -0.058011204 0.396480405 -0.913902908
1561001245.383015394 -208.759443 -67.308648 6.623873 -0.063080200 -0.060420403 0.394949305 -0.914541038
1561001245.483018875 -208.944010 -66.722123 6.655412 -0.061302322 -0.060097009 0.394879066 -0.914713561
1561001245.584819794 -209.136251 -66.119141 6.681283 -0.061983509 -0.060226290 0.393524490 -0.915242763
1561001245.682413816 -209.335162 -65.548837 6.716057 -0.064848609 -0.058682131 0.393954678 -0.914959440
1561001245.784079313 -209.554638 -64.941885 6.734450 -0.065309150 -0.058255285 0.391591483 -0.915967875
1561001245.882345915 -209.771050 -64.358574 6.737785 -0.065694035 -0.062074030 0.390694930 -0.916072366
1561001245.983982563 -209.971127 -63.770647 6.740747 -0.064216805 -0.065667761 0.389431820 -0.916464295
1561001246.084216118 -210.172948 -63.152727 6.769032 -0.062320128 -0.065877268 0.387926545 -0.917218285
1561001246.182702065 -210.360714 -62.569702 6.805999 -0.064083132 -0.065600234 0.387072485 -0.917477440
1561001246.284216642 -210.568898 -61.970332 6.826288 -0.065292216 -0.065318577 0.387681535 -0.917155078
1561001246.382553816 -210.774949 -61.404566 6.838851 -0.065670599 -0.067330656 0.386947457 -0.917292549
1561001246.485544205 -210.979302 -60.809398 6.851086 -0.064623338 -0.070456869 0.386651403 -0.917256969
1561001246.585761786 -211.177232 -60.235273 6.869973 -0.059627194 -0.071472723 0.386617894 -0.917530845
1561001246.687073946 -211.373531 -59.665235 6.911923 -0.055577897 -0.069888578 0.385993509 -0.918169753
1561001246.786982775 -211.572488 -59.089014 6.948367 -0.055782866 -0.067811799 0.384991503 -0.918733571
1561001246.885746956 -211.787685 -58.518274 6.975549 -0.056793894 -0.064909784 0.385370838 -0.918722205
1561001246.987058640 -212.014175 -57.946567 6.990426 -0.057593323 -0.065376073 0.385446415 -0.918607663
1561001247.087076902 -212.216411 -57.377520 7.012136 -0.056156941 -0.066933002 0.384885271 -0.918819732
1561001247.187296152 -212.398573 -56.799319 7.032361 -0.056849485 -0.070776727 0.384310106 -0.918729848
1561001247.286624670 -212.581326 -56.246509 7.080002 -0.056756220 -0.068131705 0.383895062 -0.919109016
1561001247.385482311 -212.795064 -55.681655 7.079799 -0.057997959 -0.066606726 0.383119735 -0.919466720
1561001247.486462355 -213.020030 -55.133776 7.101380 -0.059381612 -0.064658477 0.383179702 -0.919492481
1561001247.586677313 -213.230225 -54.604469 7.119349 -0.059898491 -0.063510929 0.383571967 -0.919375374
1561001247.685855627 -213.439338 -54.066799 7.139660 -0.059135206 -0.064420115 0.382934734 -0.919627134
1561001247.787280560 -213.645492 -53.520503 7.165845 -0.058894699 -0.066180856 0.382525074 -0.919688032
1561001247.886639595 -213.850154 -52.958186 7.191944 -0.059232822 -0.067368869 0.382908447 -0.919420486
1561001247.986977816 -214.051469 -52.423180 7.214651 -0.060839240 -0.066247430 0.382549810 -0.919546360
1561001248.086842775 -214.243499 -51.889735 7.237741 -0.063587021 -0.066492456 0.382361273 -0.919421177
1561001248.185619831 -214.433151 -51.371764 7.267255 -0.064597227 -0.065788635 0.381576208 -0.919727487
1561001248.286806345 -214.634879 -50.816207 7.293866 -0.063448128 -0.067413968 0.382257420 -0.919406850
1561001248.385469198 -214.820245 -50.289326 7.309723 -0.061834123 -0.069993994 0.381478224 -0.919647621
1561001248.486689806 -215.002330 -49.749071 7.336101 -0.061613197 -0.071199695 0.381245211 -0.919666519
1561001248.586683512 -215.193121 -49.218580 7.351710 -0.063437626 -0.070084908 0.380967080 -0.919743365
1561001248.686765671 -215.375521 -48.711639 7.385164 -0.062782097 -0.068702794 0.381751239 -0.919567467
1561001248.785628796 -215.581808 -48.179491 7.409626 -0.062205266 -0.069219086 0.382265096 -0.919354458
1561001248.885679245 -215.766663 -47.676371 7.443034 -0.059231253 -0.070721877 0.381713433 -0.919665662
1561001248.986826181 -215.957270 -47.162896 7.472472 -0.059478453 -0.070621847 0.381762027 -0.919637224
1561001249.086737394 -216.142642 -46.643993 7.500365 -0.059703580 -0.070297778 0.382104248 -0.919505328
1561001249.186725855 -216.328076 -46.124480 7.531620 -0.060125603 -0.071774100 0.382542681 -0.919181423
1561001249.286624670 -216.517590 -45.598638 7.554045 -0.059341839 -0.071978647 0.382396691 -0.919277103
1561001249.386288881 -216.704382 -45.064433 7.572761 -0.058575161 -0.070279286 0.383457678 -0.919015768
1561001249.486746073 -216.884874 -44.540241 7.587413 -0.057451505 -0.069226014 0.383105736 -0.919313373
1561001249.586930990 -217.082067 -44.024848 7.594267 -0.054054979 -0.067537840 0.383258609 -0.919581175
1561001249.686159134 -217.262151 -43.500219 7.613617 -0.051063010 -0.065672342 0.382880078 -0.920044867
1561001249.786957979 -217.451197 -42.947486 7.642411 -0.049177024 -0.065991063 0.383318940 -0.919942058
1561001249.887089729 -217.642039 -42.415652 7.671354 -0.051785786 -0.065609643 0.384008538 -0.919538499
1561001249.986973763 -217.839242 -41.881176 7.690956 -0.055190643 -0.066997115 0.383707088 -0.919366222
1561001250.086833715 -218.030051 -41.377144 7.705419 -0.058613747 -0.067393447 0.384210882 -0.918914877
1561001250.185344934 -218.217308 -40.862504 7.718836 -0.060231965 -0.071091718 0.383855669 -0.918679979
1561001250.286893129 -218.399434 -40.350832 7.735033 -0.059441244 -0.073360036 0.384014043 -0.918486940
1561001250.386437178 -218.577615 -39.840557 7.762192 -0.058556155 -0.070893444 0.384623939 -0.918482292
1561001250.486662865 -218.762058 -39.326029 7.782418 -0.057389015 -0.068653401 0.385429473 -0.918388443
1561001250.586754084 -218.962656 -38.797965 7.795069 -0.058067444 -0.065212073 0.386210921 -0.918268306
1561001250.685403585 -219.159044 -38.301320 7.813213 -0.059488788 -0.063765285 0.384717884 -0.918905448
1561001250.786919355 -219.345297 -37.774239 7.828673 -0.060238302 -0.065627420 0.384680581 -0.918741117
1561001250.885299206 -219.505503 -37.275361 7.857996 -0.060485213 -0.068805526 0.385337092 -0.918217112
1561001250.986533642 -219.681951 -36.756211 7.872502 -0.060692585 -0.072121250 0.386190116 -0.917590393
1561001251.086955547 -219.854521 -36.262348 7.898744 -0.060390535 -0.072309135 0.386204484 -0.917589488
1561001251.186524153 -220.016234 -35.781239 7.916789 -0.061197545 -0.069864039 0.386739865 -0.917499947
1561001251.286612749 -220.198923 -35.272026 7.936245 -0.059993272 -0.069417460 0.386385503 -0.917762642
1561001251.385279179 -220.369740 -34.786415 7.954118 -0.059159964 -0.067656495 0.387352955 -0.917540400
1561001251.486696243 -220.547961 -34.286779 7.975416 -0.058594034 -0.069146591 0.387433558 -0.917431592
1561001251.586745739 -220.723461 -33.782618 8.001055 -0.059705710 -0.070921675 0.388229626 -0.916887726
1561001251.688488960 -220.882613 -33.287150 8.020689 -0.060031953 -0.073038126 0.388513560 -0.916579953
1561001251.788622141 -221.045563 -32.800588 8.039378 -0.059788270 -0.073674076 0.388726710 -0.916454602
1561001251.887152433 -221.220117 -32.319802 8.062980 -0.058815931 -0.071827172 0.389277234 -0.916430455
1561001251.988524199 -221.395740 -31.836237 8.096033 -0.058118321 -0.068381139 0.388509150 -0.917064295
1561001252.080401659 -221.565940 -31.375203 8.108887 -0.057961267 -0.066707582 0.388644032 -0.917140342
1561001252.180201292 -221.730439 -30.916718 8.125050 -0.054512888 -0.067502097 0.388037771 -0.917550271
1561001252.279380083 -221.884585 -30.453612 8.152291 -0.054039446 -0.068200240 0.387712339 -0.917664213
1561001252.378913879 -222.046541 -30.003576 8.176693 -0.054644676 -0.068264692 0.386458695 -0.918152257
1561001252.480553627 -222.211918 -29.573053 8.203404 -0.055244741 -0.068225630 0.385059591 -0.918706914
1561001252.578987837 -222.366136 -29.151792 8.210608 -0.056235245 -0.068113413 0.383926439 -0.919129289
1561001252.679258347 -222.514336 -28.744783 8.218681 -0.056183895 -0.068486713 0.382133627 -0.919851527
1561001252.780461073 -222.649919 -28.340431 8.224192 -0.055005832 -0.069003958 0.380467001 -0.920574643
1561001252.879548311 -222.794695 -27.969133 8.249925 -0.054294021 -0.071073715 0.378191959 -0.921396510
1561001252.980685234 -222.924815 -27.620479 8.283164 -0.055695546 -0.070528198 0.376927288 -0.921872876
1561001253.080688238 -223.077382 -27.272367 8.311009 -0.058421688 -0.069198667 0.375911573 -0.922219573
1561001253.180504322 -223.222332 -26.954210 8.309974 -0.059382448 -0.068705208 0.376032136 -0.922145949
1561001253.281174183 -223.345102 -26.630371 8.305066 -0.058608689 -0.068737286 0.376681311 -0.921928087
1561001253.379547596 -223.449657 -26.316906 8.304787 -0.058602831 -0.069755154 0.377565934 -0.921490039
1561001253.481241226 -223.545840 -26.012741 8.336765 -0.058830582 -0.070264697 0.378943052 -0.920871326
1561001253.582693577 -223.652521 -25.729670 8.356778 -0.060817257 -0.071050513 0.379784899 -0.920335002
1561001253.680963993 -223.759110 -25.455104 8.368623 -0.061902876 -0.071170472 0.380888594 -0.919797085
1561001253.782806396 -223.851955 -25.197853 8.387773 -0.061243930 -0.070994747 0.382120414 -0.919343742
1561001253.880894184 -223.944487 -24.928388 8.404939 -0.060982062 -0.072006842 0.383178690 -0.918841822
1561001253.982823372 -224.034492 -24.660905 8.417882 -0.061407392 -0.071960127 0.383629064 -0.918629203
1561001254.081014156 -224.131873 -24.398018 8.422574 -0.062176663 -0.072372918 0.383649048 -0.918536679
1561001254.182733059 -224.217779 -24.140829 8.429537 -0.062823718 -0.073244461 0.383507532 -0.918482663
1561001254.282655478 -224.325671 -23.850713 8.456788 -0.061571489 -0.072378501 0.382231750 -0.919167664
1561001254.381063938 -224.430280 -23.572666 8.465167 -0.060732390 -0.072220457 0.380608838 -0.919909069
1561001254.482836485 -224.527416 -23.291780 8.481305 -0.058961987 -0.072685952 0.378478871 -0.920865886
1561001254.582699060 -224.639148 -22.999460 8.499220 -0.058263407 -0.072826124 0.375368086 -0.922171639
1561001254.682851315 -224.764046 -22.719459 8.516051 -0.059636291 -0.074078912 0.371513449 -0.923544035
1561001254.782773733 -224.886094 -22.439615 8.538279 -0.061473207 -0.073973648 0.367655427 -0.924974828
1561001254.880855322 -225.015481 -22.174394 8.557837 -0.063303434 -0.073308839 0.361869761 -0.927183243
1561001254.982489824 -225.153933 -21.884025 8.560957 -0.064253989 -0.073639090 0.354571730 -0.929907306
1561001255.082312107 -225.295365 -21.625417 8.562731 -0.063589910 -0.074589709 0.347439414 -0.932565575
1561001255.182677031 -225.446961 -21.359932 8.587261 -0.061368896 -0.074500525 0.339010822 -0.935817927
1561001255.282424927 -225.602467 -21.097597 8.597551 -0.060988898 -0.074749477 0.328769936 -0.939469637
1561001255.382093430 -225.769342 -20.842313 8.606400 -0.061026199 -0.074697949 0.318043718 -0.943156515
1561001255.483648300 -225.948423 -20.558848 8.617382 -0.059606461 -0.076341450 0.306032765 -0.947081306
1561001255.582139015 -226.126369 -20.311193 8.634678 -0.055922288 -0.078004851 0.292334531 -0.951487500
1561001255.683840990 -226.313526 -20.054768 8.666682 -0.053537336 -0.078128178 0.279027029 -0.955601203
1561001255.783870459 -226.512579 -19.809490 8.704610 -0.054162173 -0.077536291 0.264518045 -0.959731622
1561001255.882465363 -226.743843 -19.554296 8.728167 -0.056298980 -0.077770286 0.248301580 -0.963913136
1561001255.983988523 -226.974343 -19.338225 8.736353 -0.057329710 -0.080051920 0.232790373 -0.967529657
1561001256.083304405 -227.190705 -19.122272 8.745072 -0.057768011 -0.082570207 0.216090356 -0.971159089
1561001256.182478905 -227.434730 -18.926668 8.763314 -0.056935181 -0.085262118 0.198550311 -0.974713563
1561001256.283897400 -227.695904 -18.747506 8.785609 -0.056590641 -0.086445405 0.180185573 -0.978191111
1561001256.383533239 -227.933334 -18.571122 8.801852 -0.056123717 -0.088495744 0.161087373 -0.981361040
1561001256.484035969 -228.210645 -18.422477 8.813637 -0.055226379 -0.091102817 0.142468380 -0.984049330
1561001256.582771540 -228.483871 -18.234032 8.850258 -0.054526426 -0.091096119 0.122843102 -0.986730935
1561001256.683484316 -228.775469 -18.095116 8.882999 -0.054695950 -0.090786455 0.103445892 -0.988971749
1561001256.783856153 -229.064884 -17.957602 8.912074 -0.054871020 -0.089144798 0.083535315 -0.990991538
1561001256.882142782 -229.350696 -17.834523 8.928410 -0.052871052 -0.089195383 0.063438754 -0.992584687
1561001256.983773708 -229.643147 -17.721927 8.931368 -0.050711006 -0.091353370 0.040377351 -0.993706509
1561001257.082324743 -229.955370 -17.614640 8.951396 -0.047679494 -0.093303709 0.018737023 -0.994318866
1561001257.184311867 -230.250326 -17.517295 8.987267 -0.046380456 -0.092351507 -0.004493447 -0.994635542
1561001257.284285069 -230.575350 -17.446451 9.022041 -0.049655955 -0.091147135 -0.027574749 -0.994216334
1561001257.383875132 -230.868332 -17.403383 9.037668 -0.053209842 -0.089849443 -0.049967291 -0.993276930
1561001257.483942032 -231.153167 -17.379248 9.048297 -0.052330177 -0.090325383 -0.073461094 -0.991819714
1561001257.582803488 -231.459229 -17.365555 9.056039 -0.048863670 -0.092231895 -0.095236159 -0.989967521
1561001257.682770967 -231.751935 -17.380506 9.067372 -0.044149829 -0.095570885 -0.117294713 -0.987501367
1561001257.783934832 -232.046647 -17.382520 9.094531 -0.041788473 -0.097339783 -0.140005545 -0.984467946
1561001257.882513762 -232.315944 -17.377900 9.128215 -0.041437553 -0.099028955 -0.160816772 -0.981129024
1561001257.986949444 -232.618179 -17.425301 9.167349 -0.043259997 -0.098495472 -0.181979236 -0.977400006
1561001258.085971355 -232.875096 -17.472860 9.185086 -0.046107785 -0.098203086 -0.202840111 -0.973183495
1561001258.185831547 -233.139690 -17.539586 9.187936 -0.047171502 -0.098697533 -0.223510504 -0.968543598
1561001258.287037134 -233.406742 -17.617856 9.184168 -0.046307192 -0.100871590 -0.243145153 -0.963618701
1561001258.385525942 -233.659575 -17.734312 9.192599 -0.043994899 -0.102899691 -0.261766579 -0.958621072
1561001258.486941099 -233.910659 -17.812481 9.212040 -0.042330992 -0.103475830 -0.280151571 -0.953423273
1561001258.585573912 -234.133549 -17.916426 9.240491 -0.040211805 -0.103108363 -0.296303845 -0.948659954
1561001258.686882019 -234.366496 -17.995368 9.262078 -0.041349488 -0.102582521 -0.310996186 -0.943953610
1561001258.786857128 -234.597717 -18.137999 9.283493 -0.043645839 -0.101896143 -0.326708886 -0.938601897
1561001258.885528803 -234.799709 -18.268111 9.297078 -0.043864622 -0.101582993 -0.338283464 -0.934516500
1561001258.986788273 -235.019929 -18.391787 9.304862 -0.045165781 -0.102464851 -0.348792114 -0.930486468
1561001259.085823774 -235.221445 -18.482665 9.309428 -0.044987967 -0.103639514 -0.358142210 -0.926805854
1561001259.187026501 -235.388647 -18.631317 9.304862 -0.043858434 -0.104306437 -0.366111724 -0.923665963
1561001259.286971807 -235.567770 -18.754950 9.321376 -0.043069974 -0.103635779 -0.371470919 -0.921636566
1561001259.386546612 -235.742133 -18.876354 9.339625 -0.044198628 -0.103437755 -0.378504640 -0.918739000
1561001259.486963511 -235.912623 -18.975981 9.354736 -0.044900423 -0.103489559 -0.383214599 -0.916744476
1561001259.585779428 -236.072017 -19.104481 9.363236 -0.046575039 -0.102981019 -0.386473484 -0.915349071
1561001259.686743259 -236.232642 -19.197480 9.363810 -0.046990900 -0.102688861 -0.389716744 -0.913984525
1561001259.786795139 -236.418220 -19.298245 9.376242 -0.046847434 -0.102090976 -0.393032372 -0.912638102
1561001259.885503054 -236.577057 -19.371886 9.386982 -0.045870158 -0.102726303 -0.395621308 -0.911497129
1561001259.986832857 -236.745134 -19.424688 9.406051 -0.045567829 -0.102132996 -0.397245573 -0.910872318
1561001260.085716486 -236.884862 -19.496653 9.416878 -0.045603724 -0.102192434 -0.398540492 -0.910298019
1561001260.186737299 -237.019736 -19.566480 9.422628 -0.046710115 -0.102535486 -0.399021148 -0.909992727
1561001260.286787748 -237.162587 -19.638343 9.426591 -0.047552733 -0.101728678 -0.400043602 -0.909590639
1561001260.386779308 -237.303149 -19.698827 9.432976 -0.047880018 -0.101588368 -0.400038758 -0.909591282
1561001260.486798048 -237.437884 -19.746701 9.439598 -0.046069694 -0.101874971 -0.400524011 -0.909439163
1561001260.585663557 -237.584422 -19.794450 9.449914 -0.045346395 -0.101695640 -0.400028040 -0.909713839
1561001260.688299179 -237.745589 -19.838026 9.474087 -0.046682680 -0.101041675 -0.401011895 -0.909285856
1561001260.788265705 -237.873850 -19.895397 9.492646 -0.049609174 -0.099827619 -0.401164817 -0.909197540
1561001260.880759239 -238.000416 -19.948531 9.498375 -0.051424537 -0.099119636 -0.400219622 -0.909590605
1561001260.982336998 -238.142777 -20.026427 9.501915 -0.052727206 -0.098587612 -0.399334540 -0.909962774
1561001261.080796719 -238.275936 -20.079178 9.500022 -0.051534441 -0.098246962 -0.399401568 -0.910038528
1561001261.182353973 -238.416079 -20.144149 9.499676 -0.048383209 -0.098463695 -0.399499878 -0.910144941
1561001261.282357454 -238.539492 -20.203260 9.501339 -0.045845756 -0.099147644 -0.398620768 -0.910587390
1561001261.381294966 -238.648289 -20.235307 9.514503 -0.045877086 -0.099982105 -0.399037191 -0.910312140
1561001261.481816530 -238.748181 -20.275156 9.531284 -0.046972658 -0.100681171 -0.398939268 -0.910222133
1561001261.581508875 -238.831694 -20.313794 9.542878 -0.047914814 -0.100892011 -0.399017078 -0.910115566
1561001261.682790995 -238.893212 -20.361103 9.543491 -0.047229679 -0.100758264 -0.399252943 -0.910062755
1561001261.782887220 -238.949652 -20.370993 9.538934 -0.046788574 -0.100389154 -0.398626432 -0.910400909
1561001261.882843971 -238.975903 -20.390697 9.538120 -0.046570878 -0.099816804 -0.399199617 -0.910223832
1561001261.982786894 -238.999648 -20.400939 9.544036 -0.046403002 -0.100008091 -0.398732039 -0.910416336
1561001262.081084490 -239.020326 -20.402939 9.551173 -0.046850221 -0.100136897 -0.398326801 -0.910556653
1561001262.182512045 -239.037455 -20.412304 9.556399 -0.046905427 -0.100160297 -0.399178616 -0.910178130
1561001262.282594919 -239.036894 -20.425271 9.556041 -0.046661347 -0.100294417 -0.398622350 -0.910419667
1561001262.380850077 -239.034931 -20.442046 9.553346 -0.046621018 -0.100511060 -0.398648624 -0.910386337
1561001262.482621431 -239.028613 -20.421844 9.555089 -0.046815697 -0.100616120 -0.398830618 -0.910285024
1561001262.580987215 -238.999175 -20.410697 9.555859 -0.047087666 -0.100943365 -0.398226410 -0.910499267
1561001262.682578325 -238.976051 -20.405786 9.556265 -0.046854256 -0.101054998 -0.399528177 -0.909928460
1561001262.782799721 -238.972097 -20.367995 9.559799 -0.046416158 -0.100883423 -0.399556786 -0.909957389
1561001262.879019022 -238.966830 -20.350646 9.562204 -0.046943612 -0.100477368 -0.398691705 -0.910354612
1561001262.980127335 -238.956392 -20.331752 9.555478 -0.046946334 -0.100610811 -0.399548408 -0.909964052
1561001263.079006433 -238.957517 -20.351620 9.554781 -0.046960646 -0.100511664 -0.399255696 -0.910102737
1561001263.180182695 -238.944704 -20.351721 9.555172 -0.047232854 -0.100588567 -0.398845206 -0.910260127
1561001263.280131817 -238.951400 -20.358821 9.556702 -0.047015403 -0.100552441 -0.399382522 -0.910039757
1561001263.380120993 -238.959912 -20.358728 9.553812 -0.046664246 -0.100911897 -0.399607950 -0.909919075
1561001263.480331898 -238.959377 -20.379219 9.551587 -0.046665994 -0.100902999 -0.398772638 -0.910286358
1561001263.579029083 -238.961349 -20.382149 9.552830 -0.046919283 -0.100928935 -0.398817831 -0.910250662
1561001263.679976940 -238.962211 -20.368340 9.554864 -0.046779635 -0.100825208 -0.399239958 -0.910084281
1561001263.780044794 -238.965515 -20.371207 9.557597 -0.047005280 -0.100955135 -0.399584779 -0.909906901
1561001263.879136086 -238.965317 -20.355367 9.555122 -0.046940744 -0.101142636 -0.399393492 -0.909973391
1561001263.980287075 -238.961591 -20.345683 9.554518 -0.046556148 -0.101280338 -0.399474739 -0.909942169
1561001264.079188824 -238.952485 -20.346485 9.556712 -0.047103389 -0.101346315 -0.399290462 -0.909987540
1561001264.179423809 -238.939255 -20.341333 9.554286 -0.046928298 -0.101663452 -0.399269075 -0.909970594
1561001264.280143738 -238.925021 -20.345220 9.555705 -0.046970925 -0.101417562 -0.398643851 -0.910269900
1561001264.379698992 -238.928564 -20.336342 9.552756 -0.046890252 -0.101207121 -0.399116285 -0.910090443
1561001264.479955435 -238.932703 -20.319821 9.550792 -0.046760543 -0.101151502 -0.398779250 -0.910251029
1561001264.579000711 -238.934100 -20.321666 9.554521 -0.046769908 -0.100685422 -0.399340584 -0.910056108
1561001264.679854155 -238.936344 -20.346646 9.553244 -0.046716205 -0.100867465 -0.399399564 -0.910012823
1561001264.780039310 -238.939826 -20.359832 9.554079 -0.046921365 -0.100904869 -0.398974061 -0.910184757
1561001264.878878117 -238.935590 -20.357957 9.554068 -0.046956270 -0.101000796 -0.398787388 -0.910254122
1561001264.980018377 -238.939842 -20.353150 9.554825 -0.046905437 -0.101139717 -0.399205472 -0.910058036
1561001265.079008341 -238.940672 -20.354294 9.554654 -0.046968337 -0.100913763 -0.399251969 -0.910059478
1561001265.180118084 -238.939189 -20.357433 9.555423 -0.047065566 -0.100797467 -0.399429860 -0.909989280
1561001265.280055523 -238.941140 -20.354718 9.554390 -0.046901712 -0.101089834 -0.399345663 -0.910002262
1561001265.380818129 -238.938228 -20.354903 9.554713 -0.046613178 -0.101071741 -0.399428071 -0.909982929
1561001265.480165243 -238.942914 -20.349213 9.553678 -0.047046135 -0.101073241 -0.399258908 -0.910034717
1561001265.579069376 -238.943474 -20.338282 9.550066 -0.046881947 -0.101339641 -0.398753926 -0.910234952
1561001265.680074930 -238.947185 -20.344480 9.549790 -0.046898443 -0.101227577 -0.398963480 -0.910154743
1561001265.778976202 -238.939991 -20.331370 9.550197 -0.046876454 -0.101271905 -0.399440791 -0.909941566
1561001265.880017281 -238.943421 -20.333231 9.551010 -0.046914049 -0.101141512 -0.399173833 -0.910071271
1561001265.980122089 -238.948396 -20.335563 9.555622 -0.047365446 -0.101013852 -0.399216918 -0.910043168
1561001266.079062700 -238.941392 -20.340894 9.553383 -0.047141254 -0.101137560 -0.399568689 -0.909886673
1561001266.180367708 -238.938435 -20.352999 9.552696 -0.047225365 -0.101168436 -0.399258075 -0.910015221
1561001266.280313492 -238.940477 -20.358088 9.551254 -0.046931518 -0.101039192 -0.399202851 -0.910069007
1561001266.379811287 -238.935574 -20.359183 9.551241 -0.047299108 -0.101063210 -0.398933200 -0.910165548
1561001266.480233908 -238.934393 -20.357497 9.553086 -0.047078291 -0.101086802 -0.399420471 -0.909960648
1561001266.580021143 -238.945897 -20.335794 9.549368 -0.046765950 -0.101420653 -0.399789527 -0.909777517
1561001266.679935694 -238.932564 -20.350705 9.549675 -0.046777116 -0.101179258 -0.399398949 -0.909975351
1561001266.779905319 -238.930234 -20.354198 9.551415 -0.047019339 -0.101034913 -0.399521789 -0.909924979
1561001266.879906178 -238.900781 -20.358454 9.548808 -0.048749844 -0.098938487 -0.398297262 -0.910600856
