1561000444.690960407 0.009728 -0.000832 -0.003494 -0.000206428 -0.000296057 0.000310167 0.999999887
1561000444.789840221 -0.002610 -0.001614 -0.007750 -0.000160723 -0.000440719 0.000242889 0.999999860
1561000444.890985012 -0.004311 0.001309 -0.003739 -0.000347266 0.000099248 -0.000038858 0.999999934
1561000444.989928961 -0.004399 -0.003858 -0.000692 0.000475934 0.000443212 0.000452717 0.999999686
1561000445.090899706 -0.003123 -0.003779 -0.001581 -0.000116067 0.000749265 0.000221349 0.999999688
1561000445.190808773 -0.003058 0.001310 -0.005352 -0.001036162 0.000649167 0.000365282 0.999999186
1561000445.289847851 -0.004498 -0.003230 -0.005201 0.000063398 0.000261207 0.000246189 0.999999934
1561000445.392024755 -0.001189 -0.000196 -0.000255 -0.000402171 0.000891928 0.000196217 0.999999502
1561000445.489689350 -0.001686 0.005144 -0.001386 -0.000830202 0.000512653 0.000510949 0.999999393
1561000445.591002226 0.003587 0.002356 -0.001142 -0.000126307 0.000758773 0.000456436 0.999999600
1561000445.690709352 0.001276 0.001325 -0.001901 0.000030317 0.000261164 0.000244272 0.999999936
1561000445.789916754 0.001483 -0.000934 -0.002844 0.000193910 0.000142748 0.000205221 0.999999950
1561000445.890565634 -0.002251 0.001648 -0.002705 -0.000241283 -0.000158782 0.000218185 0.999999934
1561000445.989497185 -0.000477 0.003987 -0.000639 -0.000278051 0.000088365 0.000186271 0.999999940
1561000446.090726376 -0.009263 0.006210 -0.002477 -0.000368449 -0.000497648 0.000310554 0.999999760
1561000446.190500498 -0.003351 0.006937 0.000675 -0.000228083 0.000196224 0.000395463 0.999999877
1561000446.290554285 0.001114 0.007246 0.000946 -0.000147099 0.000345617 0.000300738 0.999999884
1561000446.389827251 -0.003686 0.005908 -0.002623 -0.000024582 -0.000195120 0.000248551 0.999999950
1561000446.489336014 -0.003516 0.002260 -0.003554 0.000064014 -0.000213728 0.000235187 0.999999947
1561000446.590505362 -0.000792 0.006296 0.000666 -0.000088744 0.000154598 0.000218394 0.999999960
1561000446.690697193 0.000709 0.009412 -0.000425 -0.000317534 0.000118172 0.000220546 0.999999918
1561000446.789582729 0.001249 0.008284 -0.002117 -0.000145285 -0.000055835 0.000119275 0.999999981
1561000446.890337706 0.004089 0.006590 -0.002151 -0.000013585 -0.000052130 0.000228966 0.999999972
1561000446.989904642 0.000600 0.003453 -0.001230 0.000029987 -0.000180518 0.000340366 0.999999925
1561000447.090824366 -0.001320 0.007435 -0.001923 -0.000221480 -0.000192202 0.000376246 0.999999886
1561000447.190652609 -0.000875 0.006208 -0.001334 -0.000082680 -0.000186288 0.000237084 0.999999951
1561000447.289533615 0.004853 0.006179 -0.000404 -0.000128251 0.000029626 0.000419139 0.999999903
1561000447.390721798 -0.000041 0.006231 -0.000875 -0.000037917 -0.000234308 0.000268267 0.999999936
1561000447.490360498 -0.001243 0.004123 -0.000475 -0.000018576 -0.000283368 0.000155778 0.999999948
1561000447.591073036 -0.000366 0.003746 -0.000494 -0.000075232 -0.000159893 0.000238330 0.999999956
1561000447.690877914 0.001653 0.005611 -0.001166 -0.000134083 -0.000190256 0.000274304 0.999999935
1561000447.789836407 0.000290 0.005695 -0.002388 -0.000170337 -0.000256047 0.000238641 0.999999924
1561000447.890936136 0.000203 0.007858 -0.002059 -0.000143715 -0.000283299 0.000075503 0.999999947
1561000447.990168571 0.001972 0.008136 -0.000998 -0.000132745 -0.000181616 0.000147046 0.999999964
1561000448.090349197 0.001879 0.011494 -0.001688 -0.000102379 -0.000161603 0.000245134 0.999999952
1561000448.191004276 0.007240 0.007551 -0.001580 -0.000014312 -0.000209742 0.000114102 0.999999971
1561000448.289577246 0.003951 0.005663 -0.000621 -0.000118871 -0.000218011 0.000195662 0.999999950
1561000448.390671253 0.001335 0.003977 -0.000277 -0.000029183 -0.000251282 0.000301376 0.999999923
1561000448.489511728 0.004456 0.008883 -0.001409 -0.000137049 -0.000189973 0.000237527 0.999999944
1561000448.590608120 0.000154 0.008964 -0.002347 -0.000059848 -0.000357180 0.000235913 0.999999907
1561000448.690651894 -0.006956 0.010540 -0.001676 -0.000166022 -0.000449283 0.000130557 0.999999877
1561000448.789461136 -0.011123 0.009849 -0.002836 -0.000018468 -0.000699015 0.000353601 0.999999693
1561000448.890692711 -0.000286 0.010444 -0.002841 -0.000030896 -0.000860241 0.000390163 0.999999553
1561000448.989786625 0.006916 0.006973 -0.000813 0.000056222 -0.000788892 0.000143745 0.999999677
1561000449.089923859 0.020489 0.006118 0.001684 -0.000053441 -0.000717155 0.000361775 0.999999676
1561000449.191127777 0.036394 0.005527 0.003349 -0.000103021 -0.000656389 0.000468558 0.999999669
1561000449.291090965 0.062583 0.011339 0.003044 -0.000202966 -0.000486035 0.000553112 0.999999708
1561000449.390028477 0.075759 0.013986 0.000239 -0.000350542 -0.000800402 0.000573934 0.999999454
1561000449.489800453 0.105293 0.011516 0.000847 -0.000260127 -0.000876021 0.000477582 0.999999468
1561000449.591216087 0.136330 0.013273 -0.000445 -0.000301061 -0.001237404 0.000515545 0.999999056
1561000449.690748215 0.167564 0.011738 0.003385 -0.000153137 -0.001364519 0.000709620 0.999998806
1561000449.790826559 0.213492 0.009648 0.005424 -0.000048542 -0.001473745 0.000525779 0.999998775
1561000449.890484333 0.259713 0.011501 0.008885 -0.000038113 -0.001573661 0.000607248 0.999998577
1561000449.989384174 0.323479 0.015407 0.009224 -0.000076536 -0.001516540 0.000829682 0.999998503
1561000450.090550661 0.391081 0.015619 0.011024 -0.000107026 -0.001414052 0.000893086 0.999998596
1561000450.190747499 0.469245 0.008711 0.012311 -0.000004290 -0.001664593 0.000458751 0.999998509
1561000450.289514065 0.545565 0.010496 0.012894 -0.000042121 -0.001810012 0.000598372 0.999998182
1561000450.390977383 0.637537 0.010384 0.012672 -0.000095315 -0.002067977 0.000950592 0.999997405
1561000450.490693569 0.738920 0.013930 0.012037 0.000224699 -0.002314948 0.001172069 0.999996608
1561000450.590475798 0.848957 0.018109 0.016169 0.000358864 -0.002413955 0.001354736 0.999996104
1561000450.690769196 0.961107 0.014332 0.021855 0.000398099 -0.002675231 0.001062022 0.999995778
1561000450.790421963 1.090966 0.009004 0.027803 0.000395173 -0.002861094 0.001291020 0.999994996
1561000450.890805483 1.230947 0.011066 0.027410 0.000346339 -0.003020739 0.001491825 0.999994265
1561000450.990065098 1.376004 0.010891 0.032901 0.000274917 -0.003199090 0.001312003 0.999993984
1561000451.089601278 1.527888 0.010803 0.037310 0.000275655 -0.003428327 0.000979960 0.999993605
1561000451.190702677 1.696615 0.008034 0.040699 0.000217679 -0.003573004 0.000446992 0.999993493
1561000451.289549351 1.873849 0.008651 0.044256 -0.000118092 -0.003527164 0.000481469 0.999993657
1561000451.390942574 2.063739 0.007633 0.049817 0.000349866 -0.003225022 0.000180599 0.999994722
1561000451.490741730 2.261324 0.002005 0.054149 0.000636885 -0.003265216 -0.000253195 0.999994434
1561000451.590685844 2.465242 0.000748 0.058040 0.000794900 -0.003284567 -0.000849048 0.999993929
1561000451.690819502 2.687581 0.001568 0.062803 0.000842139 -0.003306464 -0.001116664 0.999993556
1561000451.789732456 2.921328 -0.006387 0.069348 0.001319105 -0.003294445 -0.002151861 0.999991388
1561000451.890969038 3.165351 -0.013365 0.076314 0.001636185 -0.003518126 -0.002535814 0.999989258
1561000451.991102695 3.419728 -0.015415 0.078384 0.001791987 -0.003758929 -0.003304522 0.999985870
1561000452.090730190 3.686425 -0.019080 0.089118 0.002017987 -0.004249702 -0.004167910 0.999980248
1561000452.190870523 3.946727 -0.027079 0.099911 0.002118461 -0.004690855 -0.005105187 0.999973722
1561000452.289744616 4.223762 -0.021918 0.112564 0.001544786 -0.005003275 -0.005917836 0.999968780
1561000452.390495539 4.519409 -0.031697 0.120905 0.000950312 -0.005531720 -0.006564335 0.999962703
1561000452.490859747 4.828164 -0.036112 0.126421 0.000480038 -0.005865382 -0.007290025 0.999956110
1561000452.589534998 5.138326 -0.043143 0.130607 0.000767391 -0.006373778 -0.008028410 0.999947164
1561000452.690699339 5.473441 -0.057671 0.140418 0.001363446 -0.006830916 -0.008848771 0.999936587
1561000452.790271759 5.800292 -0.075378 0.152607 0.001808826 -0.007334118 -0.009607468 0.999925315
1561000452.890717983 6.146936 -0.085606 0.162987 0.001940256 -0.007546619 -0.010793263 0.999911391
1561000452.991006613 6.486637 -0.093671 0.175810 0.001846601 -0.007465328 -0.011521407 0.999904053
1561000453.090831518 6.847588 -0.102928 0.188083 0.001390167 -0.006890918 -0.012576705 0.999896199
1561000453.190958738 7.224847 -0.115250 0.201487 0.000822474 -0.006706998 -0.013568155 0.999885116
1561000453.290456533 7.594971 -0.129922 0.217296 0.000406185 -0.006798692 -0.014634274 0.999869717
1561000453.390083790 7.983634 -0.143373 0.228937 0.000131596 -0.006487697 -0.015468263 0.999859303
1561000453.491702557 8.374542 -0.156340 0.234295 0.000312960 -0.006528765 -0.016433078 0.999843603
1561000453.589804411 8.760702 -0.171609 0.240423 0.000745727 -0.006516314 -0.017517180 0.999825050
1561000453.691663504 9.179325 -0.198674 0.256097 0.001419742 -0.006480371 -0.018199550 0.999812365
1561000453.789923191 9.585275 -0.215485 0.271909 0.001225680 -0.006350929 -0.019209818 0.999794552
1561000453.891751766 10.008645 -0.232962 0.292417 0.000821436 -0.006160562 -0.020053437 0.999779592
1561000453.991718292 10.439647 -0.252187 0.303649 0.000566518 -0.005288255 -0.021067733 0.999763904
1561000454.089779854 10.878910 -0.276179 0.312924 0.000823130 -0.004793779 -0.021610760 0.999754628
1561000454.191651821 11.333104 -0.293922 0.324338 0.001233190 -0.005035824 -0.021843060 0.999747968
1561000454.291075945 11.784409 -0.314615 0.337863 0.001572685 -0.005436358 -0.022343334 0.999734339
1561000454.393143415 12.242900 -0.341725 0.352738 0.001741699 -0.005561701 -0.023185677 0.999714188
1561000454.493148088 12.712497 -0.367154 0.364631 0.001884205 -0.005134670 -0.023266482 0.999714337
1561000454.591818571 13.190395 -0.392689 0.379360 0.002111246 -0.004649785 -0.023615548 0.999708071
1561000454.692864180 13.672204 -0.416123 0.389486 0.002728554 -0.004673618 -0.023643787 0.999705799
1561000454.791187763 14.148354 -0.444768 0.406600 0.003037739 -0.004555534 -0.023438496 0.999710286
1561000454.893124104 14.639860 -0.462840 0.422684 0.002995141 -0.004805358 -0.023215457 0.999714449
1561000454.993269920 15.142247 -0.497227 0.437486 0.002887166 -0.004863794 -0.022967192 0.999720219
1561000455.093516111 15.663340 -0.521904 0.453153 0.002778257 -0.005197191 -0.022789185 0.999722923
1561000455.194743395 16.186056 -0.535683 0.468188 0.002706928 -0.005979187 -0.022049007 0.999735347
1561000455.292998314 16.715629 -0.562053 0.484535 0.002782024 -0.006461972 -0.022161983 0.999729638
1561000455.394336224 17.255952 -0.581562 0.501136 0.003108789 -0.006818917 -0.021738827 0.999735596
1561000455.494491339 17.803129 -0.620842 0.513560 0.003604770 -0.006193709 -0.021831625 0.999735977
1561000455.594374657 18.346106 -0.644285 0.534685 0.003695352 -0.005757811 -0.021604490 0.999743186
1561000455.694270849 18.919606 -0.660898 0.557280 0.003516318 -0.005246665 -0.021091457 0.999757600
1561000455.794226646 19.492055 -0.683499 0.570795 0.003264231 -0.004955508 -0.020780465 0.999766453
1561000455.894397020 20.062721 -0.711567 0.587775 0.003419939 -0.005327510 -0.020495895 0.999769894
1561000455.995969534 20.649297 -0.745809 0.604467 0.003473122 -0.006117695 -0.020597997 0.999763089
1561000456.095927477 21.231884 -0.768834 0.625126 0.003368670 -0.007301071 -0.020094134 0.999765759
1561000456.196671247 21.819066 -0.783410 0.644654 0.003352112 -0.010541052 -0.020099070 0.999736804
1561000456.294605732 22.417480 -0.796772 0.681210 0.004145571 -0.018103875 -0.020139282 0.999624666
1561000456.394398451 23.012399 -0.829828 0.720281 0.006114625 -0.026128430 -0.020205132 0.999435675
1561000456.495333672 23.619283 -0.862243 0.752817 0.009388471 -0.030045290 -0.020032949 0.999303667
1561000456.595847607 24.229753 -0.911026 0.794857 0.011532935 -0.028776130 -0.021167976 0.999295173
1561000456.695765257 24.866418 -0.950290 0.843974 0.009713269 -0.016678479 -0.021488828 0.999582768
1561000456.794343472 25.497068 -0.970993 0.857781 0.007083117 -0.002380935 -0.020477125 0.999762396
1561000456.895544529 26.186540 -0.997312 0.860922 0.006249776 0.009377655 -0.019843401 0.999739586
1561000456.995571613 26.856420 -1.019904 0.850417 0.007059201 0.016363436 -0.018989573 0.999660843
1561000457.094012499 27.520541 -1.045752 0.847543 0.008538318 0.016968490 -0.017997598 0.999657568
1561000457.195689201 28.206626 -1.067690 0.868698 0.008716504 0.013516909 -0.017357978 0.999719969
1561000457.294307232 28.881659 -1.073232 0.894588 0.007067015 0.005869965 -0.017059978 0.999812261
1561000457.394391537 29.587291 -1.089862 0.922501 0.004221384 -0.004071117 -0.016178156 0.999851926
1561000457.495700121 30.301442 -1.109645 0.944461 0.002969342 -0.010510193 -0.015301257 0.999823280
1561000457.595972300 31.031488 -1.129290 0.965609 0.003570267 -0.010926745 -0.014352602 0.999830917
1561000457.696955442 31.756940 -1.149321 0.989390 0.004629541 -0.008270090 -0.013934549 0.999857991
1561000457.797145367 32.477069 -1.167914 1.025728 0.005047785 -0.004297449 -0.013840750 0.999882236
1561000457.898173571 33.225650 -1.179335 1.056469 0.004008773 -0.001687162 -0.014053302 0.999891788
1561000457.998225451 33.971440 -1.216347 1.075900 0.003176337 -0.002016897 -0.014465980 0.999888283
1561000458.097838402 34.745290 -1.246805 1.095859 0.003431304 -0.003805696 -0.014476761 0.999882076
1561000458.198403120 35.522283 -1.265232 1.119552 0.004409165 -0.005573232 -0.014216051 0.999873693
1561000458.297377825 36.292067 -1.282580 1.154982 0.005044260 -0.006195790 -0.014473203 0.999863338
1561000458.398629904 37.096363 -1.306288 1.188261 0.005158191 -0.006005373 -0.014461382 0.999864089
1561000458.498565197 37.895811 -1.328326 1.226656 0.004897699 -0.006279083 -0.014276390 0.999866376
1561000458.598814249 38.724879 -1.349739 1.265517 0.004132193 -0.007040136 -0.013468029 0.999875979
1561000458.698438644 39.557344 -1.376391 1.301714 0.003590878 -0.007797671 -0.012537425 0.999884551
1561000458.798099518 40.380454 -1.402309 1.335645 0.003442592 -0.007548259 -0.011786450 0.999896121
1561000458.898592234 41.224248 -1.427582 1.366681 0.002797549 -0.006329843 -0.010867321 0.999917001
1561000458.998398304 42.069103 -1.432901 1.399577 0.002009619 -0.005161409 -0.010287340 0.999931744
1561000459.098562717 42.916721 -1.443086 1.431245 0.001925397 -0.004830516 -0.009603542 0.999940364
1561000459.198596478 43.777076 -1.454166 1.459470 0.001896007 -0.004485895 -0.008738515 0.999949959
1561000459.297422409 44.637921 -1.466779 1.492262 0.001958694 -0.004107159 -0.008185599 0.999956144
1561000459.398509264 45.530207 -1.481007 1.524878 0.002037682 -0.004161820 -0.007416078 0.999961764
1561000459.491431713 46.375550 -1.494973 1.557653 0.002007060 -0.004896570 -0.007005620 0.999961458
1561000459.590748072 47.292211 -1.502446 1.593091 0.002105539 -0.005006547 -0.006347678 0.999965103
1561000459.690859795 48.190496 -1.522393 1.627782 0.002241021 -0.004825633 -0.005305237 0.999971772
1561000459.792152643 49.096456 -1.530363 1.671214 0.001888832 -0.003931018 -0.004677442 0.999979550
1561000459.892140865 50.001011 -1.533976 1.706308 0.001439760 -0.003080011 -0.004046119 0.999986035
1561000459.991663933 50.878288 -1.530864 1.737288 0.001131522 -0.002759306 -0.003281636 0.999990168
1561000460.089981079 51.762611 -1.532767 1.766837 0.001259820 -0.002653785 -0.002036901 0.999993611
1561000460.192225695 52.655301 -1.533382 1.805154 0.001513341 -0.002349039 -0.001107656 0.999995482
1561000460.289808273 53.517277 -1.538069 1.833566 0.001929562 -0.002765261 0.000347346 0.999994255
1561000460.392013788 54.405670 -1.537115 1.871654 0.001983885 -0.001359154 0.000890757 0.999996712
1561000460.491705418 55.278981 -1.529793 1.911988 0.001270484 -0.001620601 0.001914631 0.999996047
1561000460.591535568 56.148286 -1.514483 1.948655 0.000745611 -0.004398857 0.002791086 0.999986152
1561000460.693044901 57.028423 -1.502915 1.985767 0.000749461 -0.007504015 0.003991202 0.999963599
1561000460.792782307 57.890285 -1.498636 2.026412 0.001248752 -0.008078820 0.004799034 0.999955070
1561000460.893334866 58.761526 -1.481569 2.069326 0.000884198 -0.005864923 0.005617573 0.999966631
1561000460.993417740 59.635210 -1.466058 2.109280 0.000820141 -0.003559199 0.006382870 0.999972959
1561000461.093293667 60.491976 -1.455872 2.146317 0.000150395 -0.003254686 0.007192439 0.999968826
1561000461.193225145 61.359713 -1.432691 2.181113 0.000149119 -0.004903102 0.008019756 0.999955809
1561000461.291528463 62.207018 -1.415700 2.217333 0.000139403 -0.006709504 0.009171870 0.999935418
1561000461.394608974 63.078618 -1.391613 2.258262 0.000013237 -0.007304781 0.009358643 0.999929525
1561000461.493082523 63.926494 -1.364479 2.303997 -0.000004061 -0.006425296 0.009570912 0.999933554
1561000461.591284275 64.771529 -1.350262 2.343963 -0.000191457 -0.005609840 0.010106242 0.999933176
1561000461.692978859 65.628383 -1.326526 2.377472 -0.000146381 -0.005337190 0.010966214 0.999925615
1561000461.791321754 66.457869 -1.316725 2.415911 0.000075286 -0.004776601 0.011215193 0.999925696
1561000461.893237352 67.318456 -1.298668 2.453803 0.000232641 -0.004688765 0.011770727 0.999919702
1561000461.992689133 68.161340 -1.283930 2.485560 0.001098325 -0.004929475 0.012099362 0.999914046
1561000462.092755795 69.013419 -1.265902 2.521649 0.002292828 -0.004269812 0.012428238 0.999911021
1561000462.192743063 69.865481 -1.249585 2.563928 0.002311407 -0.004241376 0.013024837 0.999903506
1561000462.291191816 70.706537 -1.221782 2.608402 0.001262132 -0.005731077 0.013037374 0.999897789
1561000462.392919540 71.558814 -1.188441 2.654198 0.000713376 -0.008793198 0.013685035 0.999867437
1561000462.493056536 72.384762 -1.165775 2.690221 0.000856301 -0.011289650 0.014270905 0.999834062
1561000462.593165636 73.215590 -1.136655 2.739589 0.000714368 -0.013182644 0.015276383 0.999796149
1561000462.693187475 74.035164 -1.111086 2.797644 0.001465352 -0.018803444 0.015779102 0.999697606
1561000462.791540384 74.848198 -1.087106 2.861505 0.002961572 -0.024808866 0.015840393 0.999562320
1561000462.893048763 75.685329 -1.068095 2.933208 0.003638657 -0.025850171 0.016759131 0.999518714
1561000462.992889166 76.538952 -1.039622 3.004035 0.002510192 -0.014327777 0.016864173 0.999751976
1561000463.091602325 77.383824 -1.001987 3.031622 0.002006441 0.004331714 0.018655424 0.999814576
1561000463.192769766 78.241390 -0.975688 3.042009 0.001417751 0.020669899 0.019919838 0.999586887
1561000463.291107655 79.059300 -0.938270 3.031043 -0.000180002 0.026371151 0.020351241 0.999445025
1561000463.392715931 79.880013 -0.897164 3.031963 -0.001789110 0.016732081 0.021027224 0.999637280
1561000463.493252277 80.690632 -0.859233 3.056541 -0.001938500 -0.001158583 0.021929534 0.999756968
1561000463.591268778 81.505913 -0.821424 3.112585 -0.000552713 -0.013382195 0.023315757 0.999638428
1561000463.692990780 82.367927 -0.773570 3.191846 -0.000863812 -0.010503315 0.024013996 0.999656072
1561000463.791543961 83.221282 -0.727812 3.256845 -0.002971692 -0.000344034 0.024422924 0.999697240
1561000463.893058777 84.080632 -0.677410 3.299327 -0.005436064 0.002384175 0.024717408 0.999676855
1561000463.992616177 84.919734 -0.614765 3.327022 -0.006441714 0.000247356 0.025817078 0.999645898
1561000464.092208385 85.768821 -0.562226 3.368172 -0.006208232 -0.002399028 0.026864986 0.999616914
1561000464.192788363 86.632714 -0.513388 3.412175 -0.005491358 -0.002355676 0.027376545 0.999607333
1561000464.292778969 87.497920 -0.469463 3.461929 -0.004883070 0.000933475 0.028007729 0.999595344
1561000464.392698526 88.362224 -0.404305 3.506793 -0.004807219 0.004080989 0.028634864 0.999570048
1561000464.490947247 89.216883 -0.348702 3.548453 -0.005107001 0.006148447 0.029315716 0.999538245
1561000464.592762232 90.096663 -0.302456 3.582700 -0.005368666 0.005785513 0.029804742 0.999524578
1561000464.694278717 90.966931 -0.250945 3.620026 -0.005315209 0.004433689 0.030915963 0.999498021
1561000464.794461250 91.833662 -0.201983 3.656738 -0.004444063 0.003185330 0.031001492 0.999504383
1561000464.894521475 92.709117 -0.157992 3.691318 -0.002630430 0.003002274 0.031137765 0.999507132
1561000464.993170500 93.581283 -0.110198 3.733267 -0.001056190 0.003982308 0.030566541 0.999524243
1561000465.094898701 94.462568 -0.063842 3.779923 -0.000655306 0.004199290 0.030534643 0.999524673
1561000465.194531679 95.325360 -0.005208 3.826112 -0.000351713 0.002969031 0.031003447 0.999514806
1561000465.292782545 96.194703 0.060500 3.876045 -0.000255166 0.000500685 0.032146757 0.999483001
1561000465.394203663 97.089168 0.121587 3.928534 -0.000944997 -0.001799399 0.032480372 0.999470307
1561000465.492971420 97.977890 0.187879 3.985156 -0.001900970 -0.002525607 0.033335923 0.999439205
1561000465.594240665 98.879521 0.251673 4.039970 -0.002946670 -0.001877569 0.033920401 0.999418430
1561000465.694235325 99.770488 0.313070 4.089944 -0.004418804 -0.000622938 0.034395208 0.999398347
1561000465.793699980 100.668516 0.384699 4.131636 -0.005212851 0.001177461 0.035391714 0.999359228
1561000465.894294024 101.576253 0.450193 4.175102 -0.005726099 0.002294646 0.035777579 0.999340738
1561000465.994695663 102.479802 0.532710 4.218028 -0.005892499 0.002293111 0.036337923 0.999319556
1561000466.095717192 103.372871 0.596056 4.263810 -0.005940031 0.001363723 0.036609438 0.999311065
1561000466.195694208 104.270405 0.661894 4.312589 -0.006098132 0.000188282 0.037639434 0.999272761
1561000466.294323921 105.178995 0.728773 4.366057 -0.006041044 -0.000499231 0.038609854 0.999235976
1561000466.396030426 106.093010 0.807250 4.415436 -0.006573176 -0.000734240 0.039270234 0.999206737
1561000466.494501352 106.982912 0.869830 4.465690 -0.006992207 -0.000540158 0.039732813 0.999185729
1561000466.594139338 107.882519 0.941377 4.514946 -0.007139813 -0.000218811 0.039183285 0.999206508
1561000466.695596457 108.802627 1.025019 4.565270 -0.007704247 0.000590710 0.039695849 0.999181933
1561000466.795515776 109.725979 1.104682 4.610768 -0.007439901 0.000844153 0.039667837 0.999184867
1561000466.895705223 110.657808 1.172384 4.655305 -0.006875610 0.001656835 0.039244623 0.999204604
1561000466.994037151 111.559010 1.237511 4.703005 -0.006802877 0.002673184 0.038584851 0.999228595
1561000467.095643520 112.485742 1.301451 4.747825 -0.006673498 0.001664590 0.037957278 0.999255692
1561000467.195755720 113.413457 1.369398 4.799836 -0.006310126 -0.000019617 0.037677183 0.999270039
1561000467.294183493 114.339967 1.454150 4.851892 -0.006247994 -0.001816737 0.037719054 0.999267199
1561000467.395981312 115.276108 1.526944 4.906661 -0.006290071 -0.001641986 0.037071340 0.999291476
1561000467.494222879 116.198408 1.588269 4.958894 -0.006693621 -0.000977728 0.036794940 0.999299941
1561000467.595788240 117.142962 1.659909 5.008476 -0.006708175 0.000222465 0.036248041 0.999320284
1561000467.697261810 118.094743 1.727121 5.058400 -0.006419845 0.001540309 0.035797401 0.999337260
1561000467.796096563 119.001988 1.782268 5.106101 -0.006154682 0.002594063 0.035245292 0.999356373
1561000467.898912191 119.929647 1.857919 5.152626 -0.005678755 0.002987800 0.034613414 0.999380176
1561000467.997792482 120.837821 1.914676 5.200811 -0.005292423 0.002142551 0.034397082 0.999391935
1561000468.098774433 121.757587 1.978647 5.256500 -0.005130943 0.000732959 0.034570255 0.999388830
1561000468.199085951 122.666515 2.036010 5.310530 -0.005424177 -0.000974688 0.034438780 0.999391614
1561000468.298639774 123.573160 2.110572 5.366846 -0.006017507 -0.000846338 0.034649227 0.999381061
1561000468.398650646 124.471440 2.180594 5.420142 -0.006378941 0.000318890 0.034179446 0.999395304
1561000468.497553587 125.359230 2.239915 5.465568 -0.006445978 0.001567469 0.033990607 0.999400136
1561000468.597660542 126.249461 2.296303 5.508900 -0.005832725 0.003240798 0.033963762 0.999400790
1561000468.698735237 127.137830 2.351091 5.558250 -0.005255312 0.003762415 0.033788203 0.999408116
1561000468.799138308 128.018142 2.409573 5.605215 -0.004508205 0.002624425 0.033837437 0.999413736
1561000468.898944616 128.888328 2.467159 5.656874 -0.004057846 0.000203533 0.033983262 0.999414144
1561000468.997658014 129.776101 2.521922 5.709140 -0.003728221 -0.001905400 0.034245587 0.999404678
1561000469.098743439 130.650228 2.593049 5.768066 -0.004183639 -0.003253287 0.034090718 0.999404691
1561000469.198728800 131.507784 2.645023 5.833062 -0.003855756 -0.009766730 0.034113720 0.999362796
1561000469.297603846 132.350059 2.711609 5.906668 -0.001904784 -0.019233296 0.033911552 0.999237939
1561000469.398669481 133.219126 2.768739 5.997414 -0.000348415 -0.024170948 0.034313207 0.999118736
1561000469.497533321 134.072160 2.830176 6.075858 -0.001472971 -0.014370751 0.034619474 0.999296154
1561000469.598685026 134.949849 2.916508 6.122362 -0.002726671 0.007285468 0.035781085 0.999329376
1561000469.697489262 135.833116 2.953130 6.139735 -0.003798851 0.027296580 0.035624871 0.998985152
1561000469.798743248 136.715810 3.021972 6.138785 -0.004548037 0.038066984 0.035811134 0.998622943
1561000469.898843288 137.568161 3.085417 6.144168 -0.004016285 0.033299370 0.036173540 0.998782507
1561000469.997683287 138.430178 3.137704 6.185009 -0.003141598 0.014288305 0.036712545 0.999218777
1561000470.098691225 139.300777 3.192128 6.242238 -0.003105189 -0.001546764 0.037864785 0.999276850
1561000470.198817492 140.198673 3.262083 6.316864 -0.003249701 -0.000656080 0.039418250 0.999217299
1561000470.298787117 141.072533 3.357843 6.376799 -0.004641586 0.009589456 0.040389855 0.999127198
1561000470.398488760 141.954839 3.430055 6.427248 -0.005139993 0.017215564 0.040899444 0.999001722
1561000470.497673512 142.826563 3.506400 6.458215 -0.004872103 0.019061619 0.041383413 0.998949614
1561000470.598559380 143.706061 3.583023 6.494742 -0.003574751 0.016443771 0.041680732 0.998989259
1561000470.698760986 144.585801 3.652094 6.544520 -0.003425660 0.011081022 0.042773777 0.999017457
1561000470.797593355 145.464506 3.722891 6.606345 -0.003133998 0.007188938 0.043110392 0.999039534
1561000470.898755312 146.365787 3.790788 6.669924 -0.003656655 0.007540720 0.044126001 0.998990822
1561000470.997597694 147.267644 3.866615 6.726027 -0.004511556 0.011006395 0.044921877 0.998919681
1561000471.098733187 148.183935 3.935079 6.777004 -0.005228458 0.013959577 0.045427535 0.998856412
1561000471.199223995 149.089307 4.021823 6.823332 -0.005334430 0.015095605 0.045946544 0.998815589
1561000471.298613787 149.983688 4.109718 6.871915 -0.004567728 0.014084886 0.047218198 0.998774846
1561000471.398758650 150.903626 4.197279 6.928909 -0.003927742 0.012147257 0.048222443 0.998755032
1561000471.498985529 151.803199 4.289868 6.984009 -0.003906994 0.009775134 0.048997793 0.998743410
1561000471.598696709 152.716385 4.382997 7.047657 -0.004142259 0.009072056 0.049847304 0.998707057
1561000471.698431969 153.628521 4.484534 7.106129 -0.004789055 0.010182839 0.050798791 0.998645511
1561000471.797386169 154.533139 4.589525 7.159093 -0.005156674 0.012024959 0.052090044 0.998556677
1561000471.898876905 155.450654 4.685270 7.210623 -0.004948250 0.013099765 0.052632645 0.998515756
1561000471.997526407 156.361640 4.768945 7.257871 -0.003601574 0.013754282 0.054186587 0.998429598
1561000472.098687649 157.286582 4.866463 7.310693 -0.002631891 0.013035677 0.054936367 0.998401292
1561000472.198420286 158.197405 4.972027 7.376391 -0.002311260 0.011672629 0.055756462 0.998373490
1561000472.297525644 159.109254 5.062321 7.441181 -0.002857189 0.009074874 0.056299479 0.998368595
1561000472.398819208 160.022228 5.165474 7.499261 -0.003346941 0.007716021 0.056713703 0.998355056
1561000472.497413635 160.937922 5.278574 7.558547 -0.003579833 0.008920548 0.056961332 0.998330113
1561000472.598674059 161.865955 5.392904 7.615281 -0.003805467 0.010655864 0.057961856 0.998254674
1561000472.697529554 162.784556 5.492394 7.671845 -0.003674015 0.011969969 0.058470850 0.998210590
1561000472.798595905 163.709483 5.599428 7.726216 -0.003652960 0.012022365 0.059075727 0.998174422
1561000472.898661137 164.649292 5.695978 7.784980 -0.003135691 0.011256698 0.060075902 0.998125413
1561000472.997483015 165.566528 5.814966 7.843465 -0.002392318 0.010585893 0.060151226 0.998130275
1561000473.097829819 166.497564 5.932900 7.905750 -0.001724173 0.010493888 0.061478940 0.998051725
1561000473.198192835 167.435976 6.050793 7.971496 -0.001780871 0.010258415 0.062740145 0.997975585
1561000473.297419310 168.373689 6.175074 8.038376 -0.002658179 0.010291502 0.063572447 0.997920620
1561000473.398583412 169.316907 6.289411 8.085787 -0.002820509 0.008219760 0.064380357 0.997887594
1561000473.497886658 170.241828 6.409057 8.140907 0.000491798 0.004667805 0.065237954 0.997858697
1561000473.598819733 171.176165 6.523344 8.220576 0.003961731 0.001928456 0.066007443 0.997809402
1561000473.697914362 172.097882 6.642286 8.313356 0.003576705 0.002442194 0.067106200 0.997736439
1561000473.798618078 173.055427 6.765620 8.392308 0.001470144 0.008203109 0.068032579 0.997648293
1561000473.898847580 174.014998 6.891739 8.447529 -0.001664147 0.017379614 0.069162083 0.997452648
1561000473.997542381 174.968144 7.019771 8.480172 -0.004048803 0.025017172 0.069557935 0.997255956
1561000474.090906858 175.875396 7.150561 8.510515 -0.004672199 0.026519863 0.070078963 0.997177921
1561000474.190661907 176.819051 7.296632 8.552618 -0.004878010 0.019960836 0.069849953 0.997345855
1561000474.291448832 177.761461 7.444342 8.603669 -0.003845494 0.009929217 0.070535451 0.997452441
1561000474.390841484 178.720170 7.587957 8.670493 -0.003049886 0.005416715 0.071637406 0.997411369
1561000474.489720345 179.674778 7.729859 8.744148 -0.002680621 0.007833717 0.072900839 0.997304825
1561000474.590834141 180.640745 7.869651 8.811886 -0.003577824 0.012955411 0.073309149 0.997218695
1561000474.689707518 181.591851 8.021121 8.866821 -0.004256969 0.018019033 0.073799614 0.997101203
1561000474.790758371 182.551567 8.159217 8.910293 -0.004307745 0.019222391 0.074818041 0.997002610
1561000474.890908957 183.506785 8.308554 8.952069 -0.002929421 0.017888774 0.075347161 0.996992586
1561000474.990330219 184.466396 8.449344 9.008134 -0.001186572 0.016238226 0.076062928 0.996970081
1561000475.090858936 185.431773 8.590638 9.066968 -0.000313704 0.015458818 0.077325188 0.996886022
1561000475.190018892 186.390625 8.745351 9.125070 -0.000276719 0.016803189 0.078246982 0.996792349
1561000475.290892124 187.355510 8.897485 9.177660 -0.000588737 0.017921641 0.078716494 0.996735763
1561000475.391099453 188.308285 9.056751 9.244045 -0.001278056 0.016528377 0.079521859 0.996695266
1561000475.490512609 189.256137 9.218081 9.301445 -0.001603300 0.010887314 0.080446302 0.996698193
1561000475.590990305 190.223877 9.380358 9.374698 -0.001000538 0.007254027 0.081781263 0.996623401
1561000475.689885616 191.172559 9.535443 9.441469 -0.001573641 0.007862220 0.083366907 0.996486662
1561000475.790538073 192.148779 9.700264 9.514883 -0.002505711 0.012993845 0.084244822 0.996357211
1561000475.890708208 193.084843 9.867168 9.575870 -0.004794003 0.016545753 0.085339910 0.996202969
1561000475.991542339 194.024698 10.047107 9.631823 -0.005646808 0.018508385 0.086146970 0.996094500
1561000476.090585470 194.935832 10.212453 9.680166 -0.005903088 0.017743403 0.087658902 0.995975021
1561000476.189838648 195.866418 10.373363 9.730355 -0.005844790 0.016260236 0.088866851 0.995893632
1561000476.290277719 196.799601 10.538074 9.785179 -0.005029391 0.015114174 0.090544462 0.995765016
1561000476.390512943 197.719136 10.713916 9.847520 -0.004567588 0.015347652 0.091254943 0.995698811
1561000476.489376068 198.628102 10.891029 9.908039 -0.004856205 0.016197612 0.091990711 0.995616273
1561000476.591535568 199.561919 11.085535 9.974889 -0.005808482 0.015338274 0.092869420 0.995543203
1561000476.690117121 200.449381 11.263020 10.028457 -0.005846353 0.012890117 0.094158688 0.995456582
1561000476.791825771 201.368250 11.447205 10.084064 -0.005155343 0.011618982 0.095367261 0.995360993
1561000476.891652584 202.261132 11.617835 10.137645 -0.004492030 0.013087901 0.096530572 0.995233830
1561000476.991911888 203.152247 11.784678 10.205640 -0.004383661 0.015911786 0.097586094 0.995090223
1561000477.091860056 204.028593 11.965669 10.273301 -0.005714401 0.015042673 0.098281178 0.995028579
1561000477.190013647 204.887600 12.140660 10.319782 -0.002441586 0.005475460 0.099220761 0.995047385
1561000477.292439938 205.768938 12.310310 10.394962 0.001689257 -0.004164607 0.100862942 0.994890180
1561000477.392530918 206.643517 12.482335 10.497789 0.003291328 -0.006681952 0.101994241 0.994757103
1561000477.491076231 207.534730 12.669559 10.578188 -0.000216010 0.005547445 0.103072250 0.994658379
1561000477.591553450 208.451668 12.863845 10.630393 -0.003296895 0.024654465 0.104024413 0.994263652
1561000477.689822197 209.343348 13.042791 10.661865 -0.006458852 0.041033325 0.105634324 0.993537085
1561000477.793010712 210.240482 13.247318 10.674655 -0.008024928 0.047287400 0.106322895 0.993174176
1561000477.892200708 211.064345 13.439264 10.684550 -0.007288454 0.038507090 0.106586887 0.993530733
1561000477.989848614 211.892515 13.641839 10.726849 -0.004939408 0.021317565 0.106415087 0.994080979
1561000478.091720343 212.765973 13.844164 10.790723 -0.004266341 0.009078682 0.107785732 0.994123540
1561000478.190011263 213.663224 14.038663 10.865525 -0.003122595 0.014027022 0.108891196 0.993949797
1561000478.291769505 214.585146 14.235295 10.932891 -0.003128686 0.024347267 0.108920506 0.993747325
1561000478.391969442 215.480842 14.438360 10.989502 -0.004454803 0.032263758 0.109468985 0.993456464
1561000478.490292549 216.352348 14.649350 11.026777 -0.005254550 0.032523803 0.109581409 0.993431682
1561000478.591620684 217.248129 14.852261 11.062868 -0.005061210 0.027651895 0.110552837 0.993472610
1561000478.690555573 218.143176 15.055227 11.109633 -0.003203784 0.022891203 0.111800607 0.993461802
1561000478.791349173 219.046311 15.271689 11.173171 -0.002363250 0.022911001 0.112165202 0.993422603
1561000478.891604900 219.959166 15.477874 11.240971 -0.002749251 0.025576778 0.112773668 0.993287657
1561000478.989728212 220.861319 15.696444 11.296820 -0.004000572 0.027386402 0.113145518 0.993192868
1561000479.091866732 221.774489 15.915016 11.352282 -0.004644717 0.027015165 0.113717103 0.993134949
1561000479.191342354 222.654425 16.130056 11.400682 -0.004509031 0.024758999 0.114057765 0.993155319
1561000479.291658640 223.560167 16.356438 11.453496 -0.003694295 0.023954213 0.114584326 0.993117808
1561000479.391830921 224.466101 16.574954 11.512970 -0.004014715 0.025076034 0.114945899 0.993047086
1561000479.491828680 225.372789 16.795680 11.571783 -0.003999076 0.026349482 0.115466768 0.992953744
1561000479.591967344 226.279501 17.018970 11.631802 -0.004733020 0.026670620 0.115806302 0.992902400
1561000479.689927578 227.178240 17.242737 11.680206 -0.004968881 0.026340380 0.116549784 0.992823067
1561000479.791887760 228.110353 17.474957 11.733112 -0.004654547 0.026419256 0.117333957 0.992730125
1561000479.892873526 229.027052 17.691706 11.784421 -0.004721672 0.026855427 0.118724715 0.992552736
1561000479.989963531 229.922485 17.908189 11.839831 -0.004452340 0.026483069 0.119912697 0.992421165
1561000480.091860294 230.853348 18.158735 11.894859 -0.004315898 0.025604573 0.120311205 0.992396590
1561000480.191887617 231.755296 18.398552 11.949846 -0.004110546 0.025593459 0.121161717 0.992294269
1561000480.291673899 232.662832 18.636449 12.002412 -0.004422910 0.026301292 0.121672537 0.992211910
1561000480.392805099 233.584619 18.877263 12.062882 -0.004358013 0.026825606 0.122796543 0.992059678
1561000480.490012407 234.472509 19.122121 12.135711 -0.006274633 0.025556210 0.123774676 0.991961359
1561000480.591910362 235.402823 19.373328 12.181141 -0.006339592 0.019548825 0.124492263 0.992007726
1561000480.690082073 236.284481 19.604717 12.236020 -0.003081814 0.010338659 0.126139965 0.991953791
1561000480.792398930 237.212269 19.834189 12.326306 0.001344660 0.004859842 0.126945084 0.991896930
1561000480.892027140 238.147055 20.080497 12.419255 0.001578020 0.011476433 0.128179426 0.991683335
1561000480.991932869 239.100178 20.326094 12.482080 -0.000937245 0.032613475 0.128075117 0.991227647
1561000481.091941833 240.052324 20.586130 12.534517 -0.004087368 0.052792876 0.129167015 0.990208103
1561000481.189704418 240.962502 20.850350 12.537856 -0.007200710 0.059256036 0.129166738 0.989824644
1561000481.291526079 241.857549 21.119228 12.525213 -0.005478333 0.049679334 0.130080253 0.990242940
1561000481.391741514 242.732450 21.369837 12.550966 -0.002477843 0.032801288 0.131170945 0.990813867
1561000481.489406824 243.658100 21.620358 12.625483 -0.000731272 0.022747193 0.132185270 0.990963715
1561000481.591283560 244.609450 21.887348 12.705012 -0.001453440 0.027042397 0.133428828 0.990688318
1561000481.689943314 245.536888 22.161327 12.777892 -0.002910460 0.033929786 0.134400320 0.990341786
1561000481.791526556 246.498716 22.441434 12.831151 -0.004119795 0.036500753 0.134947616 0.990171633
1561000481.891563416 247.419551 22.706126 12.871510 -0.004487520 0.034224317 0.136302014 0.990065816
1561000481.991747141 248.356287 22.980992 12.918897 -0.004150937 0.030316145 0.136817591 0.990123552
1561000482.091785908 249.300372 23.257541 12.984779 -0.004026907 0.027433676 0.138263908 0.990007207
1561000482.189776897 250.226335 23.534883 13.052487 -0.004393521 0.026559789 0.138895715 0.989941036
1561000482.291722298 251.182015 23.826421 13.119642 -0.004939192 0.028208072 0.140219524 0.989706216
1561000482.390845060 252.121587 24.109082 13.178641 -0.005246588 0.031033886 0.140863070 0.989528659
1561000482.489697456 253.060867 24.400735 13.240302 -0.005362761 0.032907294 0.141720741 0.989345027
1561000482.591701508 254.019553 24.695442 13.298446 -0.005635234 0.031776577 0.142901672 0.989210597
1561000482.689958811 254.940411 24.989011 13.354480 -0.005506884 0.029656033 0.143606457 0.989175101
1561000482.791922331 255.905244 25.286281 13.419152 -0.004985710 0.028889159 0.145007003 0.988996223
1561000482.891425610 256.842382 25.586426 13.481625 -0.005710993 0.029726877 0.145757425 0.988857154
1561000482.990747452 257.792295 25.884968 13.539377 -0.006490749 0.031528923 0.146108112 0.988744768
1561000483.091941833 258.770236 26.197359 13.598675 -0.006976450 0.033382206 0.146784216 0.988580473
1561000483.189878225 259.715127 26.499848 13.650831 -0.006449021 0.033964289 0.147122325 0.988513965
1561000483.291401148 260.677789 26.801422 13.705815 -0.006574282 0.033743993 0.147623174 0.988446013
1561000483.390523195 261.634685 27.097109 13.761179 -0.005610521 0.033912701 0.148490075 0.988316320
1561000483.489098787 262.574492 27.397415 13.816644 -0.004931491 0.034245819 0.149148578 0.988209293
1561000483.590919971 263.532331 27.705775 13.876241 -0.004958057 0.034722986 0.149637274 0.988118626
1561000483.689178228 264.455414 28.003187 13.933854 -0.005316471 0.034658205 0.150486628 0.987990040
1561000483.789837122 265.410459 28.307152 13.990648 -0.004876149 0.034338864 0.151224982 0.987890718
1561000483.890998840 266.341014 28.616825 14.049331 -0.004962519 0.034151417 0.151787956 0.987810443
1561000483.993008137 267.269537 28.928953 14.104571 -0.005120861 0.033937878 0.152582878 0.987694519
1561000484.093211412 268.185621 29.238979 14.160175 -0.004816310 0.033989869 0.153086697 0.987616300
1561000484.191688776 269.102326 29.532338 14.213181 -0.004380706 0.034120411 0.153752525 0.987510389
1561000484.293471813 270.036254 29.835533 14.267083 -0.004620645 0.034125530 0.154242275 0.987432741
1561000484.391499281 270.941936 30.133899 14.324463 -0.004345029 0.033827001 0.154789436 0.987358641
1561000484.493384600 271.858022 30.441361 14.378517 -0.004270002 0.033208472 0.155537325 0.987262430
1561000484.594604731 272.764184 30.736398 14.434688 -0.004179509 0.033446828 0.156025460 0.987177743
1561000484.691321373 273.656867 31.026000 14.490152 -0.004041600 0.034885470 0.156673514 0.987025876
1561000484.794259071 274.571514 31.338743 14.540373 -0.004242684 0.036262715 0.157002824 0.986923061
1561000484.893277407 275.461586 31.639679 14.586838 -0.004282102 0.036363983 0.157292532 0.986873033
1561000484.993282080 276.357167 31.948331 14.639362 -0.004271138 0.036062833 0.157883332 0.986789787
1561000485.094362020 277.257713 32.247320 14.684957 -0.003589089 0.034811436 0.158606785 0.986721425
1561000485.194162607 278.150834 32.548369 14.729950 -0.001844967 0.035491436 0.159305913 0.986589368
1561000485.294586182 279.032767 32.852154 14.784879 -0.000901588 0.037498735 0.159508448 0.986483698
1561000485.393558502 279.905295 33.139641 14.833799 -0.000343803 0.038043160 0.160259210 0.986341516
1561000485.493845224 280.777027 33.436040 14.883018 -0.000058234 0.036944370 0.160749365 0.986303580
1561000485.594218969 281.642906 33.729612 14.932746 0.000006522 0.034738385 0.161337169 0.986287769
1561000485.692707300 282.490050 34.023154 15.003210 -0.001451705 0.033697560 0.161695022 0.986264207
1561000485.794484854 283.353161 34.321466 15.065403 -0.003813859 0.030439704 0.162332192 0.986259164
1561000485.893100977 284.184196 34.621845 15.122619 -0.005847790 0.028548494 0.162365014 0.986300354
1561000485.994245768 285.031240 34.927586 15.162874 -0.005874013 0.029142534 0.162993114 0.986179220
1561000486.094496489 285.864838 35.221884 15.216262 -0.005230097 0.033280642 0.163684919 0.985937266
1561000486.193740845 286.677907 35.500546 15.275893 -0.006493141 0.036974474 0.164284764 0.985698353
1561000486.294682264 287.483712 35.785922 15.326988 -0.008311597 0.036927981 0.164864966 0.985589562
1561000486.393029213 288.251411 36.074484 15.364015 -0.008680295 0.034830112 0.165279253 0.985593367
1561000486.495263815 289.048316 36.366570 15.396524 -0.007206854 0.033339108 0.165961500 0.985542158
1561000486.595506430 289.823005 36.637476 15.436812 -0.005444178 0.034925859 0.166820819 0.985353419
1561000486.694602489 290.585872 36.906670 15.486788 -0.004025140 0.037150237 0.167736506 0.985123405
1561000486.794858456 291.337104 37.177603 15.538984 -0.003844376 0.036470152 0.168569973 0.985007265
1561000486.893401384 292.071712 37.457374 15.577302 -0.002379770 0.031705003 0.169360247 0.985041236
1561000486.994704008 292.816267 37.730832 15.626820 0.001202974 0.022591464 0.171096616 0.984994480
1561000487.094537258 293.543092 38.004721 15.699377 0.005817199 0.015792966 0.172567863 0.984853834
1561000487.193841219 294.256561 38.258251 15.783269 0.007436316 0.014853557 0.174183824 0.984573039
1561000487.294670582 294.991560 38.515708 15.863179 0.004341929 0.022639132 0.174904999 0.984315426
1561000487.393486023 295.716271 38.800166 15.908160 -0.001194551 0.037480611 0.175914094 0.983691013
1561000487.493504047 296.440753 39.074621 15.927776 -0.004877607 0.050891898 0.177115802 0.982861240
1561000487.594651699 297.145234 39.352530 15.943293 -0.007187094 0.057484185 0.177827326 0.982355005
1561000487.693018675 297.832269 39.629431 15.967763 -0.007285085 0.052975130 0.178736987 0.982442697
1561000487.795921564 298.524286 39.912813 15.996303 -0.005192482 0.042321367 0.179736349 0.982790306
1561000487.894642353 299.206314 40.177629 16.035224 -0.002570479 0.032093405 0.181633528 0.982839085
1561000487.994023085 299.893102 40.444613 16.082598 -0.001448471 0.028817511 0.183032545 0.982683337
1561000488.095642090 300.577275 40.721436 16.132963 -0.002553719 0.031909067 0.183628574 0.982474344
1561000488.193961859 301.256178 40.991742 16.174852 -0.003506506 0.036453514 0.184884497 0.982077680
1561000488.295423269 301.942026 41.272076 16.209793 -0.003638879 0.038657738 0.185701177 0.981838791
1561000488.394020557 302.613154 41.536318 16.247719 -0.002754965 0.038298205 0.186791312 0.981648951
1561000488.494627953 303.283912 41.807544 16.290070 -0.002087321 0.037042160 0.187579812 0.981548438
1561000488.595767736 303.948724 42.080913 16.339336 -0.001699033 0.035242934 0.188631215 0.981413936
1561000488.694547176 304.600096 42.359807 16.390070 -0.001968894 0.033764170 0.188747896 0.981442987
1561000488.796016932 305.260603 42.624915 16.439153 -0.002833108 0.033108136 0.189307251 0.981355486
1561000488.894700527 305.900246 42.888969 16.482620 -0.003507653 0.033195017 0.189441152 0.981324532
1561000488.994907856 306.553673 43.150942 16.525443 -0.003377507 0.034119594 0.189816292 0.981220781
1561000489.095417500 307.194278 43.419076 16.568937 -0.003621240 0.035138303 0.190014084 0.981145674
1561000489.193999290 307.821195 43.662644 16.620419 -0.004243292 0.035547605 0.190258683 0.981081034
1561000489.295364380 308.440666 43.919681 16.665570 -0.005765274 0.034603467 0.189652584 0.981224367
1561000489.396008015 309.037001 44.174784 16.705077 -0.007325653 0.033315141 0.187884262 0.981598666
1561000489.496893883 309.612012 44.408557 16.739834 -0.007459176 0.032998474 0.186100099 0.981948173
1561000489.597099781 310.190124 44.629636 16.774673 -0.007072759 0.033411307 0.183923545 0.982347082
1561000489.695913553 310.752473 44.848768 16.813469 -0.007257611 0.034042363 0.181171354 0.982835380
1561000489.797330618 311.322070 45.060507 16.857157 -0.007484410 0.034605133 0.177734434 0.983441376
1561000489.897498369 311.874245 45.256064 16.897052 -0.007842225 0.034994376 0.174096217 0.984075404
1561000489.997722626 312.415226 45.449720 16.932262 -0.007711373 0.035716938 0.169355099 0.984877498
1561000490.098557949 312.974818 45.627849 16.966699 -0.007365551 0.035976002 0.164523837 0.985689293
1561000490.197314978 313.481212 45.782051 17.001868 -0.007545037 0.035989004 0.157062283 0.986903898
1561000490.298992634 314.011005 45.927708 17.030522 -0.007114180 0.036560482 0.149062025 0.988126122
1561000490.397781372 314.517066 46.059299 17.056954 -0.006360024 0.037807613 0.139456375 0.989485752
1561000490.498518229 315.011733 46.165326 17.084288 -0.005275811 0.037777859 0.127965540 0.991044812
1561000490.598621130 315.503434 46.244660 17.115705 -0.003414883 0.035833850 0.115934422 0.992604394
1561000490.697582006 315.972996 46.311395 17.142898 -0.000235548 0.033777072 0.101810356 0.994230207
1561000490.798817396 316.431816 46.353628 17.161440 0.004771056 0.033767318 0.086381932 0.995678245
1561000490.897881031 316.892168 46.384636 17.183128 0.009865773 0.034687120 0.071186811 0.996810869
1561000490.998881340 317.357145 46.391212 17.210604 0.013486602 0.033910203 0.056739019 0.997721852
1561000491.098526001 317.804705 46.378237 17.253400 0.015115397 0.033241369 0.040055385 0.998529971
1561000491.198744535 318.241091 46.355240 17.295765 0.015455479 0.032752493 0.022732891 0.999085391
1561000491.298709154 318.669697 46.320486 17.324430 0.016777198 0.032680355 0.003683069 0.999318245
1561000491.397602797 319.094232 46.256733 17.343705 0.018428760 0.031706981 -0.015723252 0.999203597
1561000491.497794867 319.526006 46.176637 17.354090 0.022204368 0.028669453 -0.036290521 0.998683146
1561000491.598435640 319.947237 46.074516 17.380200 0.025867683 0.025948768 -0.058133944 0.997636191
1561000491.697121143 320.356573 45.958252 17.419545 0.027708618 0.025627474 -0.081166723 0.995985657
1561000491.798239946 320.766966 45.810425 17.454673 0.028187045 0.026603580 -0.104963394 0.993720497
1561000491.897028923 321.153372 45.658388 17.475930 0.029249205 0.027788184 -0.129545203 0.990752412
1561000491.998296022 321.536442 45.475991 17.493188 0.032523540 0.028930282 -0.154863484 0.986976474
1561000492.098495722 321.911493 45.276457 17.513513 0.035425183 0.029767212 -0.180481340 0.982489417
1561000492.197180271 322.269225 45.058852 17.534126 0.037995601 0.029632733 -0.207298065 0.977090450
1561000492.290551662 322.600006 44.821492 17.560310 0.038678364 0.029680372 -0.234078717 0.970994446
1561000492.389731884 322.929600 44.558504 17.583377 0.039312141 0.030596426 -0.262407380 0.963670473
1561000492.489563704 323.249880 44.259663 17.598409 0.039705129 0.032191341 -0.290283708 0.955574481
1561000492.590475559 323.561624 43.955736 17.604361 0.040798405 0.033560855 -0.318209522 0.946547336
1561000492.689339399 323.837960 43.631838 17.602586 0.042837161 0.033259773 -0.345724944 0.936767329
1561000492.790523052 324.096704 43.293812 17.603738 0.044795469 0.031565736 -0.373448489 0.926030883
1561000492.889585257 324.323882 42.961605 17.609787 0.047280825 0.029533734 -0.402059582 0.913914862
1561000492.989218950 324.549920 42.584065 17.629680 0.048157034 0.030188601 -0.429312189 0.901365960
1561000493.090313911 324.756029 42.174468 17.632270 0.049786154 0.028970569 -0.454918224 0.888668360
1561000493.189125061 324.953460 41.762100 17.635244 0.051029113 0.027040861 -0.480336720 0.875180814
1561000493.290428162 325.120905 41.329094 17.644113 0.052268980 0.025637888 -0.505154069 0.861063307
1561000493.389511108 325.276429 40.891726 17.649437 0.053075297 0.023863494 -0.528859249 0.846712136
1561000493.490318775 325.404401 40.445230 17.653547 0.053746338 0.021581175 -0.551464594 0.832185307
1561000493.590604067 325.517966 39.991962 17.652673 0.054541270 0.018870742 -0.572747032 0.817697978
1561000493.690113783 325.615135 39.514097 17.644258 0.056678111 0.016020258 -0.592127322 0.803689105
1561000493.790216684 325.695447 38.996718 17.651611 0.057876054 0.013210426 -0.608529704 0.791307428
1561000493.888882637 325.770500 38.495702 17.663674 0.057420163 0.008868709 -0.622697589 0.780302495
1561000493.989779711 325.840731 37.974603 17.690290 0.055831625 0.004562953 -0.634110404 0.771210739
1561000494.089770079 325.909188 37.464554 17.716526 0.052952759 0.000051995 -0.644372167 0.762876473
1561000494.188550234 325.988619 36.954855 17.731202 0.050098940 -0.004747171 -0.653019298 0.755667491
1561000494.289709091 326.074162 36.432817 17.736682 0.049293311 -0.008260595 -0.659585295 0.749966113
1561000494.388959408 326.128511 35.897786 17.754701 0.052221757 -0.008406310 -0.664333126 0.745562687
1561000494.489121437 326.181553 35.354151 17.771184 0.056388227 -0.005052045 -0.666845805 0.743042069
1561000494.590234280 326.232329 34.797396 17.793788 0.061503909 0.001000732 -0.670076777 0.739738725
1561000494.688987970 326.280732 34.203820 17.798151 0.066822943 0.008130057 -0.673232292 0.736360562
1561000494.790330648 326.313605 33.618471 17.800564 0.071074487 0.012568693 -0.674489556 0.734747769
1561000494.889083385 326.350035 33.058923 17.805864 0.072707214 0.014226619 -0.675528723 0.733602214
1561000494.990526438 326.392825 32.480629 17.815172 0.070044096 0.013111493 -0.677471614 0.732088878
1561000495.090236187 326.432564 31.909719 17.822387 0.065562491 0.009344684 -0.679678678 0.730514292
1561000495.188978195 326.477346 31.322426 17.822875 0.061172682 0.003922677 -0.681884093 0.728887234
1561000495.290391922 326.509129 30.718015 17.823805 0.058820136 -0.000869373 -0.683210551 0.727848046
1561000495.389475107 326.556678 30.115034 17.842985 0.057965423 -0.001808329 -0.684464831 0.726735602
1561000495.490320921 326.597566 29.493779 17.864720 0.058199731 0.000729696 -0.683499846 0.727626428
1561000495.590300322 326.642688 28.865372 17.873119 0.059073980 0.003587567 -0.682995780 0.728020713
1561000495.690293074 326.682724 28.241078 17.876212 0.059714312 0.004492755 -0.682754060 0.728190160
1561000495.791239023 326.714387 27.595832 17.888889 0.060380100 0.003827620 -0.682478343 0.728397490
1561000495.889896154 326.762714 26.948703 17.909814 0.059275741 0.003647222 -0.681442088 0.729458543
1561000495.991031647 326.834752 26.294330 17.929227 0.057171006 0.003661747 -0.680885639 0.730145749
1561000496.091064215 326.906496 25.649516 17.943059 0.055757861 0.004260419 -0.680848165 0.730286715
1561000496.190836191 326.966079 24.984575 17.949460 0.055894580 0.004515360 -0.680451340 0.730644497
1561000496.290830374 327.017142 24.308028 17.957568 0.056990103 0.004975459 -0.681112777 0.729940242
1561000496.388871908 327.075160 23.651597 17.974265 0.057863457 0.005263136 -0.681037015 0.729940205
1561000496.488929987 327.137740 22.975481 17.990384 0.057879775 0.005294636 -0.680777186 0.730181020
1561000496.591070652 327.198927 22.289775 18.006663 0.057468052 0.004848463 -0.680093994 0.730852978
1561000496.690257788 327.261173 21.590736 18.014222 0.057246510 0.003970662 -0.680403762 0.730587293
1561000496.791547060 327.304746 20.858489 18.020297 0.057840595 0.003375565 -0.680767445 0.730204600
1561000496.889462471 327.363156 20.150037 18.032787 0.059087087 0.002260718 -0.680397178 0.730454164
1561000496.991275787 327.403220 19.409735 18.048588 0.060965990 0.001653447 -0.680138332 0.730542445
1561000497.092228651 327.458458 18.673425 18.069581 0.061860829 0.002069687 -0.679913184 0.730675726
1561000497.190399170 327.510501 17.939558 18.087305 0.062680498 0.002400025 -0.680697252 0.729874404
1561000497.291316032 327.554165 17.188131 18.096297 0.063077215 0.001654748 -0.680764726 0.729779361
1561000497.389380455 327.604376 16.435871 18.104317 0.063531163 0.000551456 -0.681002955 0.729519337
1561000497.491783381 327.668264 15.651221 18.124281 0.063764918 -0.000590678 -0.680753216 0.729731968
1561000497.591039181 327.725702 14.893029 18.139499 0.063924789 -0.000420608 -0.680977769 0.729508549
1561000497.691018105 327.791000 14.136929 18.158669 0.064645671 0.000524023 -0.681257769 0.729183457
1561000497.790903807 327.848982 13.354691 18.172922 0.064488161 0.001236203 -0.681142044 0.729304644
1561000497.890949488 327.913170 12.572896 18.186774 0.063215399 0.000985384 -0.681481126 0.729099662
1561000497.990358114 327.973652 11.798459 18.196855 0.062432440 -0.001190632 -0.681686559 0.728974765
1561000498.091116905 328.039247 10.989950 18.216841 0.062015559 -0.002371037 -0.681778458 0.728921520
1561000498.189335346 328.103586 10.179318 18.235263 0.061576900 -0.003130631 -0.682023211 0.728726851
1561000498.291336536 328.160267 9.345892 18.257630 0.061900816 -0.003280781 -0.682058499 0.728665718
1561000498.389798164 328.217973 8.543367 18.276783 0.062255303 -0.003860860 -0.682428626 0.728286030
1561000498.491285324 328.279212 7.714329 18.298432 0.062614470 -0.004621129 -0.681839952 0.728801998
1561000498.591153383 328.331967 6.878717 18.321138 0.063281205 -0.005134838 -0.682083439 0.728513078
1561000498.691078424 328.388399 6.044019 18.342648 0.064155781 -0.006051284 -0.681749605 0.728741994
1561000498.791028738 328.457569 5.204344 18.364973 0.064958005 -0.006964504 -0.681543945 0.728855133
1561000498.890772820 328.520844 4.363721 18.395107 0.065391693 -0.007365658 -0.680450540 0.729833362
1561000498.992214203 328.600349 3.513012 18.421722 0.065233855 -0.007502020 -0.680677395 0.729634531
1561000499.092676878 328.669502 2.651617 18.441953 0.065601087 -0.007939628 -0.680193272 0.730048335
1561000499.193398476 328.734720 1.769000 18.465019 0.066073584 -0.008169053 -0.679681099 0.730480083
1561000499.293108940 328.816070 0.893516 18.484372 0.067219122 -0.008548678 -0.679611374 0.730436096
1561000499.391159534 328.879028 0.016163 18.503173 0.069446807 -0.008799390 -0.679384570 0.730435705
1561000499.492868900 328.945002 -0.873267 18.525058 0.071709949 -0.009720964 -0.679232372 0.730346884
1561000499.592151642 328.997993 -1.740564 18.546369 0.073869806 -0.010646554 -0.679004354 0.730330740
1561000499.692770004 329.065153 -2.639991 18.569051 0.074381277 -0.011545910 -0.678591821 0.730648519
1561000499.792570829 329.134930 -3.538946 18.589918 0.074781236 -0.012558634 -0.679094352 0.730123899
1561000499.890750647 329.205242 -4.431469 18.619558 0.075311375 -0.013001258 -0.678970541 0.730176806
1561000499.992204189 329.278845 -5.340646 18.647260 0.075181129 -0.012683766 -0.678948464 0.730216340
1561000500.092292547 329.361646 -6.246945 18.673635 0.075416896 -0.011571371 -0.679004851 0.730158071
1561000500.192063332 329.432000 -7.151231 18.699364 0.073845058 -0.010637895 -0.678373645 0.730919243
1561000500.292681694 329.511104 -8.055059 18.731973 0.072389566 -0.009796453 -0.678848210 0.730635948
1561000500.390937090 329.589309 -8.952385 18.754782 0.070596001 -0.008869268 -0.678792670 0.730874854
1561000500.492826462 329.682721 -9.851994 18.776241 0.070291400 -0.007080996 -0.678940891 0.730786046
1561000500.591092825 329.752035 -10.740215 18.802953 0.070258084 -0.004689215 -0.678225386 0.731472582
1561000500.692730188 329.830028 -11.641563 18.821017 0.069226230 -0.003236342 -0.678460288 0.731360987
1561000500.792700052 329.909617 -12.525441 18.838303 0.069156978 -0.002720848 -0.678683737 0.731162290
1561000500.891922474 329.988611 -13.397579 18.856790 0.068770237 -0.002154457 -0.678581610 0.731295434
1561000500.992265463 330.059722 -14.276423 18.869799 0.068602053 -0.002031285 -0.678306574 0.731566691
1561000501.094114542 330.134843 -15.164458 18.892651 0.068867833 -0.001892899 -0.678755910 0.731125197
1561000501.193842649 330.216444 -16.036589 18.916587 0.068619706 -0.001854004 -0.678533563 0.731354977
1561000501.293778658 330.292509 -16.906505 18.939916 0.067042239 -0.001426060 -0.679014072 0.731056218
1561000501.392837286 330.366882 -17.767723 18.953747 0.066532775 -0.001269319 -0.679193830 0.730936058
1561000501.493810177 330.440581 -18.643798 18.968462 0.067163212 -0.000713343 -0.678991400 0.731067215
1561000501.592865944 330.507434 -19.508269 18.983933 0.069076022 -0.000515033 -0.679114906 0.730774372
1561000501.693892479 330.581301 -20.381100 19.003874 0.070061028 -0.001158617 -0.679337977 0.730472465
1561000501.794090986 330.654170 -21.232722 19.019836 0.070406746 -0.001945149 -0.679441105 0.730341626
1561000501.893742561 330.725849 -22.074754 19.048318 0.070691174 -0.002854816 -0.679460307 0.730293296
1561000501.995497227 330.796115 -22.912505 19.066358 0.070319574 -0.004314742 -0.679109700 0.730648039
1561000502.092499018 330.864864 -23.714274 19.089417 0.070276402 -0.004430075 -0.679757468 0.730048894
1561000502.193464279 330.940170 -24.535680 19.104867 0.070869612 -0.003714163 -0.679474919 0.730258541
1561000502.294137239 330.992751 -25.336285 19.130025 0.072868731 -0.001656252 -0.678855807 0.730645057
1561000502.393945456 331.051842 -26.111247 19.158258 0.072495219 0.000510936 -0.679099245 0.730457663
1561000502.494304895 331.126208 -26.868842 19.192225 0.068303747 0.000188439 -0.679849965 0.730163398
1561000502.593163729 331.200623 -27.625314 19.214418 0.062639719 -0.002610340 -0.681041101 0.729556351
1561000502.692620993 331.260721 -28.372977 19.219292 0.059340278 -0.005602220 -0.681471607 0.729413322
1561000502.794357538 331.326691 -29.124996 19.231510 0.060437974 -0.005762835 -0.681476705 0.729317175
1561000502.893198967 331.386957 -29.858655 19.269210 0.062686820 -0.003161466 -0.681541286 0.729082878
1561000502.994302750 331.449784 -30.601744 19.302186 0.062493290 0.000955975 -0.681613794 0.729037935
1561000503.092583418 331.519557 -31.323724 19.318348 0.060819871 0.002504240 -0.681991517 0.728822504
1561000503.194151402 331.573913 -32.063941 19.329573 0.059916968 0.000381781 -0.681613468 0.729255025
1561000503.294648886 331.638146 -32.775746 19.350554 0.060210549 -0.002308807 -0.681121551 0.729686777
1561000503.394690752 331.695589 -33.483354 19.373655 0.059565289 -0.002559649 -0.680635539 0.730192226
1561000503.495376348 331.760587 -34.201644 19.402342 0.059532272 -0.001803891 -0.679835644 0.730941962
1561000503.593945503 331.831790 -34.886371 19.427702 0.058418614 -0.002099813 -0.679916246 0.730956055
1561000503.695493460 331.882001 -35.594311 19.463647 0.055228286 -0.007850484 -0.679669891 0.731393906
1561000503.795441866 331.938572 -36.288949 19.494930 0.052404365 -0.013248641 -0.679223505 0.731938308
1561000503.894068956 331.994802 -36.995223 19.520759 0.053086306 -0.015135465 -0.678933159 0.732121935
1561000503.995658636 332.061854 -37.725987 19.545914 0.058814448 -0.008854753 -0.678402512 0.732278967
1561000504.094219685 332.123095 -38.447501 19.546539 0.069510929 0.004373021 -0.677050266 0.732633636
1561000504.195652485 332.179966 -39.175394 19.552020 0.078977757 0.014514553 -0.676224015 0.732306578
1561000504.295562267 332.247772 -39.851717 19.574388 0.080742464 0.015398993 -0.675783233 0.732502933
1561000504.393757582 332.321315 -40.514054 19.601700 0.075323431 0.006958103 -0.676878524 0.732197671
1561000504.495126963 332.391543 -41.202822 19.620977 0.066280662 -0.003845274 -0.677969158 0.732085998
1561000504.593883276 332.450186 -41.895950 19.629488 0.061546417 -0.009141932 -0.678185998 0.732251470
1561000504.695220709 332.508875 -42.603575 19.640230 0.064150851 -0.006560475 -0.677784435 0.732427395
1561000504.795361280 332.574661 -43.334007 19.669224 0.069301222 0.000121762 -0.677589356 0.732168007
1561000504.895441771 332.641447 -44.050983 19.690146 0.071603285 0.004347191 -0.677023869 0.732456655
1561000504.995396614 332.705678 -44.765041 19.715737 0.070941186 0.004724573 -0.677352546 0.732214828
1561000505.094013691 332.776584 -45.460294 19.728762 0.068866401 0.001833377 -0.677728896 0.732077592
1561000505.195176840 332.839401 -46.173070 19.744161 0.067492921 -0.001756521 -0.677645952 0.732282448
1561000505.295375347 332.903511 -46.869074 19.768384 0.067655540 -0.002447256 -0.677592876 0.732314573
1561000505.395457745 332.968129 -47.589133 19.795133 0.067894779 -0.000873363 -0.677724589 0.732174104
1561000505.495491743 333.030898 -48.305356 19.820396 0.067833119 0.001276028 -0.677713271 0.732189703
1561000505.594078541 333.113950 -49.033617 19.841376 0.067033728 0.002278585 -0.677846050 0.732137979
1561000505.695470572 333.182728 -49.769826 19.864703 0.066032142 0.002210574 -0.677787736 0.732283180
1561000505.795564413 333.249517 -50.480576 19.886470 0.065313619 0.001921228 -0.678191062 0.731974947
1561000505.896125555 333.325414 -51.198211 19.909084 0.064604609 0.002332403 -0.677985347 0.732227201
1561000505.996497869 333.391484 -51.907498 19.923977 0.065037594 0.002278335 -0.677789361 0.732370468
1561000506.095834970 333.458573 -52.614334 19.941186 0.066301045 0.003125883 -0.677833306 0.732213363
1561000506.197193384 333.526734 -53.339064 19.968086 0.067224430 0.003859163 -0.677806076 0.732150877
1561000506.297039509 333.589492 -54.045912 19.987413 0.067074211 0.004351254 -0.677946562 0.732031813
1561000506.397018909 333.654273 -54.766889 20.003237 0.067386090 0.003397868 -0.677964671 0.731991444
1561000506.496927261 333.724329 -55.463492 20.019595 0.067838448 0.001907381 -0.678124944 0.731806577
1561000506.595676184 333.783076 -56.175187 20.042885 0.069078520 0.001183940 -0.677938214 0.731865107
1561000506.697508335 333.850995 -56.874925 20.068323 0.069344927 0.001430219 -0.678365106 0.731443791
1561000506.797108889 333.909238 -57.567824 20.094101 0.069032722 0.002494391 -0.678149480 0.731670379
1561000506.895780087 333.983354 -58.258504 20.112436 0.068759461 0.002661278 -0.678321047 0.731536473
1561000506.997077942 334.042220 -58.963165 20.132911 0.068157093 0.002926942 -0.678047278 0.731845566
1561000507.097158670 334.111976 -59.651689 20.158458 0.067431088 0.003775342 -0.678277832 0.731695277
1561000507.198274136 334.171043 -60.330010 20.176615 0.066577477 0.004267004 -0.678180504 0.731860941
1561000507.289170742 334.234348 -60.984967 20.194105 0.066428030 0.005509258 -0.678585897 0.731490359
1561000507.390431404 334.299956 -61.696600 20.210116 0.065591025 0.005775593 -0.678912465 0.731260778
1561000507.490523577 334.365010 -62.367991 20.224429 0.065422923 0.005484608 -0.679140701 0.731066118
1561000507.589387178 334.430637 -63.044463 20.250611 0.065143124 0.005155657 -0.679233884 0.731006925
1561000507.690703392 334.496479 -63.706077 20.274575 0.060357619 0.001606095 -0.679781769 0.730924842
1561000507.790966034 334.554549 -64.351245 20.309229 0.055029876 -0.006420579 -0.680938298 0.730242099
1561000507.890778542 334.597946 -65.005273 20.347868 0.052697765 -0.012166835 -0.681335748 0.729970213
1561000507.990716696 334.636723 -65.658765 20.391523 0.053367894 -0.011807397 -0.681071757 0.730173757
1561000508.089553356 334.698264 -66.321321 20.422438 0.057662561 -0.000234987 -0.681200387 0.729822586
1561000508.190621376 334.750019 -67.024079 20.427263 0.068398853 0.016026663 -0.680402674 0.729463463
1561000508.290738106 334.814491 -67.707870 20.415365 0.076779453 0.026062442 -0.679539211 0.729144790
1561000508.390729666 334.877129 -68.324073 20.435229 0.078369313 0.025514303 -0.679630534 0.728909876
1561000508.490582943 334.937892 -68.925921 20.466815 0.071718907 0.017280867 -0.680995072 0.728562613
1561000508.589710712 334.992062 -69.544616 20.492350 0.061750479 0.007459568 -0.682106556 0.728602690
1561000508.690562963 335.045009 -70.199779 20.495834 0.054775522 0.001914155 -0.682885030 0.728466893
1561000508.790282726 335.092626 -70.858156 20.519365 0.056452486 0.004052617 -0.683290525 0.727949690
1561000508.889912605 335.140387 -71.513586 20.541473 0.061568326 0.009859346 -0.682891344 0.727854070
1561000508.990635633 335.199293 -72.170154 20.560833 0.064909897 0.013096413 -0.682744854 0.727650090
1561000509.089483976 335.240327 -72.809575 20.581668 0.065870215 0.012186556 -0.682680121 0.727640334
1561000509.189694881 335.286060 -73.442949 20.603173 0.064989103 0.009178159 -0.682897478 0.727559765
1561000509.289357901 335.330270 -74.076639 20.624408 0.064767980 0.005823469 -0.682930972 0.727582630
1561000509.390321970 335.378038 -74.713658 20.649023 0.065683477 0.004429248 -0.682817961 0.727616448
1561000509.490307808 335.428512 -75.346672 20.670186 0.067874753 0.004304296 -0.682311447 0.727891187
1561000509.590042114 335.472667 -75.981897 20.695605 0.070858337 0.004954306 -0.682084702 0.727815231
1561000509.690355778 335.506742 -76.611261 20.717753 0.073238060 0.004925835 -0.681510346 0.728117828
1561000509.789890766 335.554073 -77.230808 20.740023 0.074677255 0.004112442 -0.681330105 0.728145373
1561000509.889745712 335.606294 -77.832450 20.761726 0.075470494 0.003102992 -0.681357302 0.728043133
1561000509.990741730 335.654666 -78.449083 20.783106 0.076220311 0.002459139 -0.681526846 0.727808749
1561000510.090816259 335.700124 -79.047968 20.802579 0.076851105 0.001974877 -0.681375675 0.727885429
1561000510.190904140 335.738455 -79.640225 20.828099 0.078188442 0.002518108 -0.681395289 0.727722946
1561000510.290135860 335.785502 -80.207604 20.853574 0.079237467 0.002989939 -0.681279050 0.727716525
1561000510.392044544 335.834056 -80.763706 20.871873 0.078800385 0.003613077 -0.681459503 0.727592187
1561000510.490612984 335.871650 -81.300706 20.891651 0.078403414 0.004071740 -0.681396478 0.727691669
1561000510.589673519 335.905844 -81.810930 20.905957 0.076819483 0.004139981 -0.681559856 0.727707215
1561000510.690477133 335.949850 -82.307862 20.924443 0.074162502 0.001414306 -0.682140469 0.727449176
1561000510.789644718 335.984576 -82.785704 20.947984 0.071795388 -0.003584818 -0.682188695 0.727633944
1561000510.890532732 336.019207 -83.278482 20.973661 0.072411496 -0.004754642 -0.681961217 0.727779408
1561000510.990735054 336.062935 -83.751292 20.991493 0.075052904 -0.001351512 -0.681859029 0.727621811
1561000511.089421272 336.106913 -84.218663 20.994084 0.078462734 0.006028916 -0.681534582 0.727542346
1561000511.190515518 336.145518 -84.666682 20.992740 0.081053683 0.011347116 -0.681526879 0.727201937
1561000511.289874554 336.171302 -85.084928 20.998143 0.083080624 0.012694513 -0.680968908 0.727473578
1561000511.389430523 336.193473 -85.495675 21.014522 0.085296946 0.011832213 -0.680514430 0.727656883
1561000511.490477800 336.217574 -85.889820 21.039331 0.086990814 0.010217417 -0.680329220 0.727654008
1561000511.589305162 336.253414 -86.279625 21.055051 0.086412628 0.008635033 -0.681036856 0.727081216
1561000511.690463543 336.276843 -86.650534 21.052860 0.083359757 0.006508243 -0.680507918 0.727954509
1561000511.789644480 336.314082 -87.026089 21.041519 0.080719366 0.004119213 -0.681163742 0.727656082
1561000511.890788317 336.344848 -87.397813 21.038373 0.081316410 0.003081933 -0.681195769 0.727564752
1561000511.990502596 336.370034 -87.765300 21.045946 0.083763908 0.003194802 -0.681151958 0.727327582
1561000512.089351177 336.392835 -88.120979 21.060475 0.085854590 0.003884302 -0.680970863 0.727250016
1561000512.190622807 336.416466 -88.454922 21.080191 0.086803052 0.004229435 -0.680352150 0.727714431
1561000512.289945364 336.449622 -88.774564 21.086914 0.086516945 0.003589696 -0.680446306 0.727663904
1561000512.390502214 336.474949 -89.088925 21.086341 0.086329280 0.002068523 -0.680620737 0.727528961
1561000512.491801023 336.489785 -89.396153 21.089517 0.086752380 0.000955509 -0.680456764 0.727634320
1561000512.589687586 336.511861 -89.689826 21.096049 0.087124360 -0.000418352 -0.680357648 0.727683064
1561000512.691601038 336.529516 -89.973304 21.102613 0.087417189 -0.001235166 -0.679966575 0.728012477
1561000512.789712667 336.546239 -90.253811 21.112965 0.087809704 -0.001529965 -0.679878762 0.728046691
1561000512.891342878 336.571294 -90.535090 21.121058 0.087899889 -0.001619377 -0.679957643 0.727961943
1561000512.992588758 336.591910 -90.797275 21.128191 0.087983426 -0.002097472 -0.679917296 0.727988316
1561000513.089633703 336.609944 -91.048373 21.132309 0.087463631 -0.003187493 -0.679813768 0.728143663
1561000513.192046404 336.623919 -91.308452 21.139933 0.087195133 -0.004584417 -0.679599422 0.728368463
1561000513.290036201 336.657805 -91.565869 21.147948 0.087199597 -0.005886538 -0.679814300 0.728158016
1561000513.390139818 336.677329 -91.826175 21.157462 0.087447046 -0.006449564 -0.679717216 0.728214201
1561000513.492032528 336.697919 -92.087727 21.164227 0.087759789 -0.006717330 -0.679805905 0.728091360
1561000513.591634512 336.718594 -92.350729 21.173986 0.088154001 -0.006814908 -0.679668880 0.728170751
1561000513.691661358 336.733610 -92.598252 21.178533 0.088021546 -0.007063250 -0.679403926 0.728431619
1561000513.789388418 336.760073 -92.845462 21.180173 0.087986264 -0.007619036 -0.679317050 0.728511300
1561000513.889691353 336.771348 -93.105970 21.187123 0.088610063 -0.008179354 -0.679287356 0.728457304
1561000513.991153717 336.788868 -93.355694 21.193254 0.089062867 -0.008785007 -0.679041670 0.728624073
1561000514.091727734 336.806657 -93.603263 21.202876 0.089472099 -0.009177171 -0.678766927 0.728825070
1561000514.191459417 336.831871 -93.851084 21.210592 0.089761128 -0.009258468 -0.678810716 0.728747716
1561000514.289700985 336.849298 -94.104220 21.223011 0.089619087 -0.009225454 -0.678544492 0.729013499
1561000514.391634703 336.875514 -94.346361 21.231868 0.087782358 -0.009904539 -0.678547101 0.729225610
1561000514.491468430 336.892313 -94.590124 21.241854 0.087212438 -0.012161536 -0.678437456 0.729361848
1561000514.589744091 336.898369 -94.824235 21.250350 0.087039310 -0.013775695 -0.678182578 0.729590830
1561000514.691457987 336.926003 -95.063277 21.265361 0.087083854 -0.014024739 -0.678056661 0.729697796
1561000514.789637327 336.953579 -95.297032 21.279051 0.086438497 -0.013103627 -0.677994596 0.729849305
1561000514.891467810 336.969917 -95.536882 21.281566 0.085519727 -0.012501363 -0.677919013 0.730038290
1561000514.991504192 336.992408 -95.773525 21.282341 0.085102399 -0.012637919 -0.677770893 0.730222214
1561000515.091501474 337.020993 -96.013060 21.281371 0.085366270 -0.013791307 -0.677467133 0.730452383
1561000515.191436768 337.034432 -96.243262 21.285525 0.086623643 -0.015102953 -0.677336257 0.730399781
1561000515.289509535 337.053444 -96.473983 21.297487 0.087623655 -0.015856620 -0.676929609 0.730641477
1561000515.389531136 337.072974 -96.710492 21.311223 0.087630299 -0.015634737 -0.676880077 0.730691349
1561000515.489585638 337.093988 -96.941959 21.329465 0.087552038 -0.014382563 -0.676840115 0.730763464
1561000515.592066050 337.110061 -97.175258 21.340349 0.088310514 -0.012244123 -0.676626295 0.730909154
1561000515.692043066 337.130889 -97.396315 21.343419 0.089733910 -0.011805383 -0.675965829 0.731353988
1561000515.789702415 337.148140 -97.607298 21.348822 0.091100982 -0.012240602 -0.675526055 0.731584122
1561000515.891372442 337.159073 -97.833899 21.358443 0.091250175 -0.013007219 -0.675171950 0.731879126
1561000515.989408016 337.185462 -98.043730 21.371539 0.089908867 -0.012960177 -0.674615740 0.732558553
1561000516.089665890 337.215087 -98.246277 21.382293 0.088828739 -0.012548333 -0.674380309 0.732914178
1561000516.190963507 337.233901 -98.466759 21.386276 0.088035277 -0.012370913 -0.674352784 0.733038248
1561000516.289190769 337.258928 -98.672018 21.388454 0.088112074 -0.012752235 -0.674504376 0.732882999
1561000516.390891314 337.278952 -98.894019 21.392228 0.088464121 -0.013846543 -0.674571752 0.732758708
1561000516.492252588 337.295431 -99.115463 21.400696 0.088780957 -0.014923330 -0.674705051 0.732576501
1561000516.590561152 337.314468 -99.340340 21.415353 0.089144189 -0.015657356 -0.675218430 0.732043873
1561000516.692337036 337.334802 -99.577130 21.427465 0.088792871 -0.015913388 -0.675637888 0.731693949
1561000516.790625811 337.357365 -99.818767 21.435453 0.087978591 -0.015715702 -0.676187931 0.731288361
1561000516.892627239 337.376647 -100.068450 21.443660 0.087747197 -0.015639800 -0.676568061 0.730966131
1561000516.990813017 337.396622 -100.321320 21.452761 0.087391369 -0.015576225 -0.677176051 0.730446936
1561000517.092623949 337.416733 -100.580487 21.461449 0.087337321 -0.016003511 -0.677724901 0.729934955
1561000517.192856073 337.426740 -100.838372 21.471815 0.087198158 -0.016246905 -0.678672710 0.729065067
1561000517.291026115 337.443641 -101.097320 21.481334 0.086846256 -0.016685859 -0.680036624 0.727825185
1561000517.393975973 337.460075 -101.371323 21.492238 0.086135918 -0.017135432 -0.682040924 0.726021459
1561000517.493041515 337.477991 -101.634879 21.503931 0.085652722 -0.017134866 -0.684612091 0.723654816
1561000517.594036341 337.496208 -101.924353 21.511829 0.085218421 -0.017086539 -0.687706892 0.720767023
1561000517.694055796 337.502201 -102.218023 21.519084 0.085388883 -0.017302667 -0.691171647 0.717419759
1561000517.793711901 337.501041 -102.517679 21.528152 0.086146165 -0.017639571 -0.695041225 0.713572266
1561000517.892849207 337.491888 -102.816314 21.537035 0.086720930 -0.017814695 -0.699570187 0.709058298
1561000517.993324041 337.485441 -103.130149 21.550916 0.087334842 -0.017824991 -0.704342759 0.704241558
1561000518.094338655 337.475401 -103.446922 21.556226 0.088128046 -0.018040747 -0.709465810 0.698975138
1561000518.194171667 337.450171 -103.777112 21.563866 0.088725847 -0.018095759 -0.715136919 0.693094117
1561000518.292854309 337.421876 -104.106978 21.577769 0.088149524 -0.017953481 -0.721417892 0.686632040
1561000518.394183874 337.388260 -104.447406 21.591713 0.086759528 -0.018253437 -0.728135402 0.679675241
1561000518.493525267 337.351359 -104.789587 21.602654 0.085959255 -0.017966302 -0.735457107 0.671856430
1561000518.593246698 337.291080 -105.154894 21.610210 0.085817054 -0.017683655 -0.743244846 0.663256979
1561000518.694539309 337.224575 -105.527456 21.614336 0.085595014 -0.017436846 -0.751306328 0.654146965
1561000518.794532537 337.147813 -105.889005 21.614970 0.085283270 -0.017404603 -0.759491643 0.644667579
1561000518.894729376 337.042851 -106.269172 21.611963 0.084833806 -0.017927229 -0.767467381 0.635197338
1561000518.992775917 336.951150 -106.660302 21.611178 0.084794445 -0.018637426 -0.775188480 0.625735862
1561000519.095040083 336.831840 -107.068973 21.619237 0.086204790 -0.018134831 -0.783458433 0.615168876
1561000519.193896770 336.697201 -107.463601 21.633866 0.086405315 -0.016015012 -0.791018363 0.605448256
1561000519.293883324 336.567122 -107.865602 21.642711 0.085517212 -0.013783219 -0.798793849 0.595336221
1561000519.392534733 336.415645 -108.274306 21.641969 0.084811049 -0.012207307 -0.806443615 0.585069879
1561000519.492415667 336.251762 -108.681014 21.628725 0.085222242 -0.012610794 -0.814139511 0.574242975
1561000519.593890429 336.072093 -109.075253 21.620857 0.086529038 -0.014630851 -0.821724283 0.563087796
1561000519.693973780 335.893995 -109.486109 21.615349 0.088190066 -0.017000193 -0.829017086 0.551963926
1561000519.794086933 335.703831 -109.882287 21.625017 0.089693152 -0.017488797 -0.835910895 0.541204449
1561000519.892949820 335.493342 -110.269717 21.631903 0.090250154 -0.016161409 -0.842667703 0.530570316
1561000519.992925167 335.275112 -110.646088 21.627086 0.090094202 -0.014956668 -0.849006522 0.520429879
1561000520.094164133 335.051247 -111.032229 21.605707 0.091298823 -0.015679706 -0.854870051 0.510505503
1561000520.194026947 334.817291 -111.404266 21.583812 0.093937534 -0.017699483 -0.860183125 0.500946564
1561000520.292557478 334.580507 -111.758744 21.576505 0.096412793 -0.020581275 -0.865643827 0.490858176
1561000520.394090176 334.321495 -112.111203 21.582610 0.096588403 -0.022074724 -0.871482687 0.480313764
1561000520.494014502 334.057548 -112.481841 21.575474 0.095762288 -0.023651938 -0.877035082 0.470191063
1561000520.594081879 333.781520 -112.862418 21.561984 0.095868898 -0.025034254 -0.882360219 0.460024873
1561000520.695711136 333.489941 -113.249961 21.559005 0.096656609 -0.025550916 -0.887416902 0.449995436
1561000520.795365572 333.193312 -113.621868 21.554723 0.097158328 -0.024178695 -0.892180870 0.440441762
1561000520.895367622 332.880583 -114.000115 21.544067 0.097027365 -0.022242224 -0.896805759 0.431080509
1561000520.995354176 332.553677 -114.381425 21.513284 0.097092282 -0.021063684 -0.901034251 0.422216401
1561000521.094278097 332.209758 -114.758571 21.479980 0.097738468 -0.022119565 -0.904906218 0.413645565
1561000521.195346594 331.863378 -115.132656 21.456787 0.098993036 -0.024181882 -0.908417002 0.405455504
1561000521.293606997 331.506748 -115.487920 21.451311 0.100573369 -0.025443535 -0.911870655 0.397151776
1561000521.395178318 331.141298 -115.870739 21.454318 0.100637546 -0.024609554 -0.915477654 0.388802160
1561000521.493861437 330.767899 -116.240083 21.440452 0.099255067 -0.023460825 -0.919049885 0.380716863
1561000521.595317602 330.372227 -116.606418 21.407934 0.098037814 -0.023299754 -0.922432597 0.372778503
1561000521.695205212 329.964351 -116.964137 21.371161 0.097858236 -0.024644140 -0.925725964 0.364483020
1561000521.793978930 329.558178 -117.325227 21.345700 0.098549137 -0.026144681 -0.928676392 0.356601574
1561000521.895286322 329.113192 -117.686012 21.322283 0.099573371 -0.027126463 -0.931557930 0.348638956
1561000521.993993521 328.672531 -118.052402 21.309623 0.100005023 -0.027583317 -0.934364870 0.340881866
1561000522.095572948 328.203614 -118.414673 21.292039 0.099614503 -0.027809967 -0.937158347 0.333223332
1561000522.195819855 327.741341 -118.775813 21.268670 0.099170393 -0.027705170 -0.939990818 0.325292052
1561000522.296056747 327.271855 -119.130029 21.245737 0.099490008 -0.027088374 -0.942716086 0.317260681
1561000522.395306110 326.781839 -119.487794 21.212042 0.099702044 -0.026599373 -0.945218936 0.309698465
1561000522.493961573 326.282445 -119.837260 21.182737 0.100255432 -0.026447923 -0.947632934 0.302061546
1561000522.595198631 325.761984 -120.191479 21.153621 0.100762447 -0.026141167 -0.949896665 0.294720026
1561000522.695280075 325.243106 -120.542993 21.126284 0.100624848 -0.025802413 -0.952169821 0.287369985
1561000522.795741558 324.712015 -120.879968 21.097105 0.100190412 -0.025828353 -0.954406680 0.280004762
1561000522.896635532 324.164049 -121.221520 21.066794 0.100067451 -0.025075689 -0.956670984 0.272283571
1561000522.995442629 323.613812 -121.546638 21.031939 0.100352191 -0.023647522 -0.958792187 0.264740959
1561000523.096596956 323.038144 -121.878093 20.986873 0.101724686 -0.023241125 -0.960701540 0.257224591
1561000523.196621180 322.463812 -122.206805 20.945595 0.104309007 -0.023542501 -0.962406383 0.249678465
1561000523.296517849 321.871182 -122.516908 20.895332 0.106638887 -0.024096803 -0.964076417 0.242082948
1561000523.396509886 321.284544 -122.817044 20.861613 0.108892501 -0.024484148 -0.965834187 0.233895861
1561000523.495098352 320.688226 -123.114704 20.826701 0.108890552 -0.024538582 -0.967692647 0.226078850
1561000523.596357584 320.085920 -123.404114 20.788798 0.107782093 -0.025599371 -0.969518132 0.218545843
1561000523.695025206 319.477659 -123.689132 20.740119 0.106161153 -0.026699123 -0.971115609 0.212017548
1561000523.796582937 318.848765 -123.962337 20.693307 0.105285343 -0.027846089 -0.972491302 0.205913232
1561000523.896729469 318.231708 -124.225839 20.649478 0.105191458 -0.028217985 -0.973781303 0.199720995
1561000523.995348454 317.611069 -124.480644 20.606209 0.106095898 -0.028363114 -0.974765562 0.194348379
1561000524.096738815 316.966113 -124.746157 20.564408 0.106680616 -0.028461444 -0.975685160 0.189334786
1561000524.196661472 316.322070 -125.004065 20.527901 0.106538803 -0.027476531 -0.976616715 0.184700613
1561000524.296202421 315.685734 -125.260341 20.488223 0.105763194 -0.026484906 -0.977462962 0.180772935
1561000524.396665096 315.032725 -125.510701 20.439944 0.104873558 -0.026031670 -0.978143891 0.177646890
1561000524.495339155 314.375216 -125.763387 20.392640 0.104852428 -0.026036628 -0.978544170 0.175440504
1561000524.596513987 313.697034 -126.022425 20.345839 0.104676798 -0.025149948 -0.978878800 0.173800295
1561000524.695302248 313.047995 -126.276797 20.320180 0.104988464 -0.023005379 -0.979054239 0.172918974
1561000524.796665430 312.386217 -126.539595 20.286150 0.103302637 -0.019436976 -0.979448060 0.172140253
1561000524.898305655 311.731336 -126.806901 20.232185 0.099189909 -0.018657238 -0.980029124 0.171336471
1561000524.996699333 311.076523 -127.056574 20.187710 0.092383766 -0.021700457 -0.980742731 0.170698641
1561000525.097917080 310.404148 -127.302234 20.155788 0.089470151 -0.023958147 -0.981014637 0.170385979
1561000525.198131323 309.716092 -127.558957 20.135567 0.094486983 -0.022043729 -0.980712481 0.169674138
1561000525.298218012 309.027309 -127.821020 20.098701 0.108096776 -0.015256140 -0.979389819 0.169935046
1561000525.398320675 308.318551 -128.092067 20.037749 0.119912412 -0.010784378 -0.978034089 0.170158840
1561000525.497171164 307.647446 -128.370294 19.959942 0.118607680 -0.009997033 -0.978284005 0.169684072
1561000525.598359585 306.983804 -128.646749 19.886136 0.107160751 -0.012644256 -0.979730153 0.168776548
1561000525.697935820 306.302400 -128.903412 19.837744 0.095590895 -0.015229090 -0.980841803 0.169055653
1561000525.796989918 305.603096 -129.160738 19.808456 0.092782085 -0.016768548 -0.981109749 0.168919984
1561000525.897891998 304.876617 -129.424014 19.787889 0.099246793 -0.014868788 -0.980549639 0.168675423
1561000525.996589661 304.167704 -129.701800 19.746800 0.104787152 -0.012775072 -0.979996915 0.168708321
1561000526.097718239 303.448216 -129.981187 19.687104 0.105783280 -0.012393009 -0.979891503 0.168727452
1561000526.197169304 302.733428 -130.256763 19.627345 0.103253628 -0.014362130 -0.980047042 0.169234196
1561000526.296564817 302.006694 -130.530615 19.579503 0.100713822 -0.016271374 -0.980225913 0.169555677
1561000526.397852421 301.272282 -130.813605 19.539976 0.099349969 -0.017202879 -0.980291794 0.169887149
1561000526.496739626 300.541469 -131.088877 19.504294 0.099147516 -0.017227296 -0.980203904 0.170508936
1561000526.598039865 299.787185 -131.381527 19.462044 0.100328309 -0.016589786 -0.979992430 0.171096014
1561000526.697687387 299.039473 -131.671083 19.414691 0.101740518 -0.016099845 -0.979748904 0.171702497
1561000526.798261881 298.290863 -131.964509 19.375505 0.102550773 -0.015067764 -0.979613159 0.172088233
1561000526.897933722 297.539825 -132.262379 19.322735 0.102355615 -0.015162944 -0.979527623 0.172681931
1561000526.996861219 296.782351 -132.556435 19.273592 0.102488051 -0.015198348 -0.979441229 0.173089825
1561000527.097368240 296.015084 -132.856880 19.224453 0.101751527 -0.015202240 -0.979432322 0.173573747
1561000527.196748257 295.252393 -133.163082 19.174044 0.100507722 -0.014942885 -0.979525295 0.173796159
1561000527.298029423 294.477480 -133.473510 19.133430 0.099880046 -0.014524625 -0.979638150 0.173557218
1561000527.398228645 293.702508 -133.779526 19.090369 0.099486570 -0.014548902 -0.979619710 0.173884948
1561000527.497802734 292.914031 -134.083922 19.043436 0.099222230 -0.014956156 -0.979653538 0.173810838
1561000527.597693682 292.123062 -134.399770 18.994483 0.099117500 -0.015386512 -0.979669667 0.173742109
1561000527.697875261 291.331485 -134.708336 18.954841 0.100110243 -0.015057600 -0.979594067 0.173627970
1561000527.797972202 290.527843 -135.021102 18.907210 0.100669560 -0.014487616 -0.979491323 0.173932448
1561000527.897967577 289.721362 -135.336368 18.856911 0.101156102 -0.013847829 -0.979458447 0.173887412
1561000527.996791124 288.924020 -135.651856 18.808155 0.101587968 -0.013541023 -0.979375471 0.174127002
1561000528.097444296 288.105721 -135.977049 18.744940 0.101405036 -0.013936141 -0.979414204 0.173984536
1561000528.198279381 287.287881 -136.295647 18.694151 0.101826792 -0.014370539 -0.979357437 0.174022418
1561000528.296730518 286.473686 -136.613841 18.647482 0.103282740 -0.015272533 -0.979244176 0.173724693
1561000528.397976637 285.640892 -136.934625 18.596490 0.104196972 -0.016070663 -0.979171816 0.173514491
1561000528.496695757 284.820494 -137.256471 18.546965 0.103913675 -0.016236601 -0.979261637 0.173161682
1561000528.597892284 283.972029 -137.593394 18.491579 0.103210136 -0.016654025 -0.979363954 0.172964035
1561000528.699212551 283.129425 -137.921114 18.434614 0.102313106 -0.016400878 -0.979434985 0.173118891
1561000528.788869381 282.327500 -138.233528 18.386834 0.102649047 -0.016004522 -0.979475345 0.172728335
1561000528.891527176 281.438506 -138.577868 18.332863 0.102013808 -0.014917473 -0.979588575 0.172559777
1561000528.989218950 280.594927 -138.907929 18.281712 0.102157361 -0.014838705 -0.979515310 0.172897204
1561000529.090054989 279.718883 -139.252136 18.228276 0.102020258 -0.014487812 -0.979500613 0.173091071
1561000529.188817978 278.856861 -139.591618 18.171947 0.102464389 -0.014906474 -0.979432357 0.173179398
1561000529.290014744 277.984881 -139.934771 18.112625 0.102983888 -0.015940853 -0.979328170 0.173368231
1561000529.390196085 277.111951 -140.274594 18.055317 0.103474945 -0.016110169 -0.979242711 0.173542821
1561000529.489218712 276.246119 -140.615747 18.007736 0.103982615 -0.015815358 -0.979149723 0.173790994
1561000529.589970112 275.373242 -140.958540 17.951942 0.103730413 -0.016374435 -0.979079293 0.174286024
1561000529.688941956 274.500184 -141.303117 17.895720 0.102988986 -0.016498084 -0.979055865 0.174844773
1561000529.789987087 273.618788 -141.653381 17.843641 0.102380412 -0.016531164 -0.978954521 0.175764095
1561000529.891023636 272.746444 -142.006580 17.786856 0.102148057 -0.015922149 -0.978851478 0.176527740
1561000529.989235163 271.890709 -142.359632 17.737686 0.103096156 -0.015718478 -0.978628963 0.177227156
1561000530.091095209 271.016165 -142.713839 17.684018 0.103487738 -0.016529504 -0.978396572 0.178205530
1561000530.191265583 270.130114 -143.071030 17.628509 0.103682185 -0.018096564 -0.978178660 0.179134104
1561000530.289126635 269.263952 -143.420934 17.576519 0.103538384 -0.018548386 -0.978004747 0.180117946
1561000530.390940666 268.371525 -143.787911 17.524345 0.104131740 -0.018647121 -0.977692125 0.181457915
1561000530.489158392 267.501966 -144.150820 17.469413 0.104403647 -0.017776684 -0.977502567 0.182407781
1561000530.590880632 266.618743 -144.523086 17.410845 0.103302145 -0.017964917 -0.977346282 0.183848235
1561000530.691036463 265.738228 -144.890948 17.356096 0.100737931 -0.018596395 -0.977303112 0.185431039
1561000530.789175749 264.868545 -145.262675 17.309775 0.098775724 -0.018758183 -0.977206325 0.186974023
1561000530.891134977 263.984460 -145.643180 17.265465 0.098649459 -0.019655749 -0.976897532 0.188555426
1561000530.989231825 263.112459 -146.021714 17.216929 0.099613487 -0.020720625 -0.976443345 0.190279276
1561000531.091100454 262.223201 -146.411730 17.168672 0.100243809 -0.022225447 -0.976014616 0.191970513
1561000531.191185236 261.339880 -146.796541 17.122971 0.100368682 -0.022832145 -0.975669143 0.193583432
1561000531.291087627 260.460357 -147.184478 17.085009 0.099896545 -0.023609833 -0.975325660 0.195456167
1561000531.391087532 259.582776 -147.578302 17.044899 0.098714353 -0.024159008 -0.975048367 0.197363877
1561000531.489417791 258.703628 -147.975063 17.006138 0.097515994 -0.023876192 -0.974809605 0.199165240
1561000531.591141701 257.812245 -148.384750 16.970524 0.097615776 -0.023179510 -0.974308359 0.201636040
1561000531.691914320 256.931150 -148.799410 16.928667 0.098023063 -0.021846504 -0.973918918 0.203460441
1561000531.789296389 256.058454 -149.214876 16.886524 0.099738123 -0.020747129 -0.973362027 0.205397731
1561000531.891096592 255.172581 -149.638915 16.839809 0.100248426 -0.019861508 -0.972879904 0.207510158
1561000531.989277601 254.306317 -150.059545 16.796512 0.099704970 -0.018332026 -0.972562114 0.209393865
1561000532.090771914 253.428888 -150.492048 16.748069 0.098064352 -0.017502897 -0.972391353 0.211026274
1561000532.192172766 252.558005 -150.921002 16.703718 0.096858879 -0.017225855 -0.972082984 0.213017134
1561000532.289639711 251.697467 -151.349849 16.663854 0.097185554 -0.017236704 -0.971713946 0.214545733
1561000532.390635490 250.816528 -151.791179 16.622304 0.097303494 -0.017110789 -0.971334255 0.216215206
1561000532.488828421 249.941657 -152.237667 16.579082 0.097417747 -0.017215311 -0.970938747 0.217925135
1561000532.589179039 249.063334 -152.686653 16.538444 0.097549417 -0.017298212 -0.970444238 0.220051959
1561000532.692357063 248.177220 -153.145127 16.495764 0.097380009 -0.017309104 -0.969989067 0.222123251
1561000532.790901661 247.316531 -153.596261 16.456789 0.097176955 -0.016844937 -0.969575071 0.224047025
1561000532.890988588 246.441852 -154.063250 16.415567 0.096508310 -0.016357385 -0.969112869 0.226359953
1561000532.989258528 245.577032 -154.521613 16.376811 0.096273705 -0.016363763 -0.968595066 0.228663946
1561000533.089458942 244.701075 -154.996448 16.337701 0.095791779 -0.016913546 -0.968101009 0.230907567
1561000533.189775705 243.832768 -155.470138 16.303931 0.096428128 -0.016516697 -0.967428395 0.233476158
1561000533.290858269 242.960163 -155.953182 16.255612 0.097258686 -0.015863171 -0.966822973 0.235674451
1561000533.390959501 242.094023 -156.442343 16.218288 0.097895699 -0.015975363 -0.966171886 0.238061140
1561000533.490810871 241.244819 -156.924118 16.183296 0.096468235 -0.015494186 -0.965650848 0.240774273
1561000533.591008425 240.381573 -157.420893 16.141379 0.094553983 -0.015995307 -0.965111386 0.243646683
1561000533.691063643 239.520065 -157.917298 16.106273 0.094631393 -0.016586115 -0.964334986 0.246632995
1561000533.791073084 238.660589 -158.426254 16.071054 0.095524041 -0.016256213 -0.963501551 0.249550904
1561000533.891024351 237.802671 -158.940319 16.034503 0.096354596 -0.015721807 -0.962652007 0.252526691
1561000533.989145756 236.953435 -159.458865 15.993281 0.096399666 -0.015529589 -0.961874017 0.255468807
1561000534.091341734 236.092430 -159.991204 15.954913 0.094858949 -0.016423371 -0.961208105 0.258478299
1561000534.191570759 235.246510 -160.518550 15.920168 0.093180574 -0.017170293 -0.960582538 0.261349860
1561000534.289080143 234.411966 -161.041136 15.893837 0.092605526 -0.017363510 -0.959792319 0.264426606
1561000534.391014338 233.545965 -161.594992 15.870756 0.092818479 -0.016256430 -0.959014213 0.267230607
1561000534.489366055 232.714537 -162.137837 15.841396 0.093186633 -0.015532716 -0.958146733 0.270240309
1561000534.589595079 231.871367 -162.694796 15.809249 0.094012495 -0.014826183 -0.957306661 0.272957490
1561000534.691000938 231.025053 -163.257344 15.775772 0.094008001 -0.014656567 -0.956497079 0.275791621
1561000534.791192770 230.196929 -163.819091 15.750128 0.093333676 -0.014126196 -0.955775392 0.278536667
1561000534.890862465 229.364318 -164.387497 15.718824 0.091259103 -0.013182987 -0.955314937 0.280840445
1561000534.988811255 228.538003 -164.962401 15.688786 0.091074989 -0.013122480 -0.954570945 0.283420990
1561000535.090504169 227.700348 -165.548778 15.658980 0.091783734 -0.012819695 -0.953746519 0.285970241
1561000535.190751076 226.869110 -166.129713 15.630079 0.092817256 -0.012096776 -0.952917510 0.288421297
1561000535.290790558 226.037654 -166.719774 15.594512 0.093322383 -0.012433990 -0.952264032 0.290395494
1561000535.390963078 225.206423 -167.316879 15.557736 0.093634269 -0.014500659 -0.951413416 0.292975882
1561000535.489432335 224.380293 -167.910067 15.530554 0.093548644 -0.015778559 -0.950767474 0.295026947
1561000535.591537714 223.546277 -168.518690 15.504185 0.092362821 -0.016751003 -0.950162828 0.297286250
1561000535.691491365 222.730027 -169.115655 15.478560 0.091044510 -0.018621939 -0.949470959 0.299781619
1561000535.791290998 221.915863 -169.713122 15.458429 0.090900068 -0.019048347 -0.948755389 0.302055541
1561000535.891051292 221.097644 -170.322457 15.440172 0.091663680 -0.019707767 -0.947987167 0.304186958
1561000535.988985300 220.294306 -170.935648 15.421727 0.092959875 -0.019075525 -0.947196814 0.306288722
1561000536.090637445 219.479450 -171.559908 15.401173 0.093647012 -0.018900164 -0.946422516 0.308475998
1561000536.191461325 218.679018 -172.178838 15.376240 0.092642053 -0.018856894 -0.945820288 0.310621715
1561000536.291564226 217.893976 -172.791481 15.352795 0.091096144 -0.018745060 -0.945266707 0.312763437
1561000536.390832663 217.107405 -173.410011 15.336923 0.089878245 -0.018622163 -0.944687201 0.314866970
1561000536.491059303 216.316172 -174.037142 15.323556 0.089774774 -0.018393399 -0.943993598 0.316983059
1561000536.589661837 215.524663 -174.671099 15.309934 0.089556735 -0.017751293 -0.943440050 0.318724575
1561000536.691823959 214.744131 -175.312050 15.296567 0.089434362 -0.016684932 -0.942597542 0.321298897
1561000536.791499615 213.970643 -175.954810 15.281167 0.089347227 -0.015717522 -0.941743482 0.323866094
1561000536.891531229 213.204789 -176.594011 15.265972 0.089618190 -0.014402817 -0.940731255 0.326781035
1561000536.991193771 212.449808 -177.233264 15.251385 0.089699794 -0.012281277 -0.939833707 0.329417245
1561000537.091233730 211.691656 -177.883178 15.229435 0.089494760 -0.010497737 -0.938966649 0.331997165
1561000537.191085577 210.938111 -178.540425 15.205438 0.089230164 -0.009091353 -0.938111326 0.334518259
1561000537.291238785 210.184920 -179.198686 15.186854 0.089214366 -0.008355076 -0.937195057 0.337100008
1561000537.391211987 209.446464 -179.856718 15.169189 0.088666069 -0.007902662 -0.936288862 0.339763216
1561000537.489401817 208.708300 -180.516375 15.145070 0.087637460 -0.007332042 -0.935480059 0.342261560
1561000537.591160297 207.963885 -181.189516 15.125737 0.087284596 -0.007321433 -0.934569598 0.344829614
1561000537.690526485 207.236090 -181.854613 15.110007 0.087398269 -0.006950815 -0.933611656 0.347393877
1561000537.789438248 206.513910 -182.524065 15.090366 0.087333644 -0.006700971 -0.932626085 0.350052162
1561000537.891235113 205.773749 -183.207593 15.072950 0.086831389 -0.006833554 -0.931768705 0.352449560
1561000537.989338636 205.065335 -183.877115 15.057949 0.085942647 -0.007059338 -0.930943908 0.354834421
1561000538.090492725 204.341232 -184.557757 15.047147 0.084927990 -0.007265146 -0.930285347 0.356796339
1561000538.190147161 203.626959 -185.236707 15.035232 0.083581823 -0.006564724 -0.929733542 0.358561745
1561000538.292117596 202.906179 -185.931391 15.024100 0.083442752 -0.006620637 -0.929131656 0.360149746
1561000538.392271042 202.196051 -186.611855 15.013524 0.084207337 -0.006320184 -0.928484745 0.361642445
1561000538.489522934 201.506263 -187.295707 14.997195 0.084975484 -0.005453149 -0.927667328 0.363569470
1561000538.591930866 200.782760 -188.003449 14.980859 0.085809584 -0.006582985 -0.926903786 0.365298167
1561000538.690420628 200.092227 -188.693172 14.970647 0.086979305 -0.006394647 -0.926019299 0.367262804
1561000538.789849520 199.395260 -189.392901 14.958083 0.087238522 -0.004723087 -0.925118971 0.369488867
1561000538.890926123 198.698921 -190.102315 14.940044 0.088204900 -0.003996342 -0.924358895 0.371166484
1561000538.989030600 198.012492 -190.796902 14.920479 0.088097966 -0.004464536 -0.923669733 0.372898164
1561000539.090915918 197.317059 -191.504707 14.895385 0.087807083 -0.005865979 -0.922769249 0.375169855
1561000539.189598799 196.632659 -192.199880 14.874197 0.089203770 -0.007477670 -0.921871184 0.377014975
1561000539.290949345 195.955881 -192.909966 14.851975 0.090699381 -0.009389180 -0.920723129 0.379413211
1561000539.391158104 195.283574 -193.610444 14.841755 0.091731567 -0.011371512 -0.919717412 0.381544088
1561000539.489357710 194.618370 -194.315442 14.839228 0.091720120 -0.012151221 -0.918711869 0.383937846
1561000539.591303587 193.965328 -195.035256 14.842790 0.089223377 -0.011106450 -0.917958581 0.386352014
1561000539.689919233 193.325298 -195.752914 14.830126 0.086131554 -0.009046849 -0.917394812 0.388440819
1561000539.789888620 192.681875 -196.468943 14.817716 0.085521505 -0.008429967 -0.916209061 0.391377011
1561000539.891501904 192.046844 -197.191934 14.799663 0.086723218 -0.007428453 -0.914767935 0.394491479
1561000539.991263151 191.428806 -197.898860 14.795281 0.088053191 -0.006255091 -0.913291910 0.397624692
1561000540.091224670 190.820057 -198.598687 14.790542 0.087922550 -0.004713541 -0.912095464 0.400411379
1561000540.189301252 190.242033 -199.287400 14.791359 0.087175736 -0.004033094 -0.910905272 0.403281181
1561000540.290967464 189.659155 -199.989883 14.789028 0.084963974 -0.003417059 -0.909857118 0.406115096
1561000540.390894651 189.089941 -200.682930 14.783310 0.083593557 -0.003530316 -0.908829462 0.408691402
1561000540.488974094 188.530527 -201.353636 14.773805 0.083243754 -0.002793075 -0.907594549 0.411503111
1561000540.590953350 187.963100 -202.041004 14.769681 0.084426507 -0.001721451 -0.906474239 0.413731381
1561000540.689602613 187.416747 -202.706622 14.758041 0.085056724 0.000055810 -0.905412086 0.415925840
1561000540.791322231 186.874783 -203.375792 14.749740 0.086570101 0.000706814 -0.904464030 0.417672045
1561000540.891599417 186.346605 -204.028735 14.740806 0.087453862 0.000411378 -0.903541938 0.419480176
1561000540.993315697 185.828356 -204.679161 14.735228 0.087808717 0.000315379 -0.902815721 0.420967106
1561000541.091596365 185.342779 -205.309126 14.728063 0.087568394 -0.000046029 -0.901917182 0.422938731
1561000541.189507008 184.844431 -205.932397 14.719036 0.088100111 0.000051673 -0.901141509 0.424478913
1561000541.291343689 184.348875 -206.560303 14.703985 0.088147006 -0.000094889 -0.900437807 0.425959918
1561000541.391256571 183.880692 -207.162176 14.697699 0.088460885 0.000882851 -0.899823657 0.427189979
1561000541.490763664 183.426634 -207.752350 14.693102 0.087975861 0.000934265 -0.899480251 0.428012445
1561000541.589960814 182.970518 -208.345203 14.687313 0.085800355 -0.000796364 -0.899192965 0.429056728
1561000541.689352512 182.526097 -208.932118 14.674830 0.083789569 -0.003195868 -0.898741507 0.430386801
1561000541.790982485 182.076741 -209.527745 14.675533 0.083760155 -0.003279793 -0.898351891 0.431204546
1561000541.891381025 181.640926 -210.108702 14.695176 0.081523674 0.000239731 -0.897858061 0.432671626
1561000541.991471052 181.211260 -210.687790 14.697795 0.073981681 0.001559135 -0.897961298 0.433808469
1561000542.091524839 180.777163 -211.272064 14.697627 0.067520276 -0.002276350 -0.897466735 0.435877608
1561000542.189532757 180.337120 -211.872756 14.693815 0.065898725 -0.005941278 -0.896423973 0.438230669
1561000542.291278839 179.897701 -212.508144 14.707874 0.072649140 -0.001654088 -0.895060350 0.439984473
1561000542.391326427 179.466799 -213.142314 14.702195 0.087579639 0.008322204 -0.892898813 0.441579276
1561000542.489293098 179.025365 -213.771971 14.654749 0.102379586 0.016624680 -0.890540940 0.442920845
1561000542.591140032 178.567889 -214.371325 14.598251 0.111033004 0.018327294 -0.888571885 0.444719898
1561000542.689396858 178.152993 -214.926268 14.571416 0.107427215 0.014430836 -0.887966362 0.446952888
1561000542.792573690 177.725995 -215.511238 14.550678 0.094154672 0.006081009 -0.888344822 0.449378900
1561000542.892575979 177.300006 -216.115765 14.534544 0.083171242 -0.001503119 -0.888154341 0.451953705
1561000542.992678642 176.862296 -216.760826 14.529122 0.079734598 -0.005661806 -0.886896459 0.455000011
1561000543.092681885 176.420296 -217.419856 14.538913 0.084563414 -0.003625170 -0.885214369 0.457418198
1561000543.193380594 175.982898 -218.081180 14.539257 0.089887731 -0.001317038 -0.883555064 0.459618222
1561000543.293582916 175.551135 -218.734528 14.526688 0.091700230 -0.000427869 -0.881913859 0.462405482
1561000543.393408775 175.128682 -219.386056 14.515716 0.090711481 -0.001734146 -0.880354628 0.465557890
1561000543.492574692 174.704659 -220.054871 14.512027 0.088777994 -0.003074400 -0.878985600 0.468501154
1561000543.592602015 174.280336 -220.736151 14.510453 0.087660071 -0.003559250 -0.877651855 0.471200875
1561000543.691095114 173.870643 -221.404375 14.516231 0.086890197 -0.003201752 -0.876009453 0.474391485
1561000543.792948484 173.458161 -222.089483 14.525361 0.084666825 -0.002237551 -0.874987996 0.476678644
1561000543.891624212 173.055866 -222.775090 14.534830 0.081008318 -0.001152655 -0.874654140 0.477929346
1561000543.992851019 172.645815 -223.476020 14.536274 0.077626434 -0.000730353 -0.874134700 0.479439392
1561000544.092876196 172.229146 -224.177596 14.544947 0.076032436 -0.000240731 -0.873405660 0.481021375
1561000544.192665577 171.809160 -224.888425 14.555593 0.076030537 0.002151296 -0.872692117 0.482310272
1561000544.292612791 171.393089 -225.606102 14.562670 0.077535149 0.004970421 -0.871713271 0.483817701
1561000544.392565727 170.968408 -226.333218 14.569004 0.078111929 0.007496511 -0.871243704 0.484537653
1561000544.492531061 170.543737 -227.060956 14.564363 0.078061033 0.008022242 -0.870821824 0.485295240
1561000544.592533827 170.110325 -227.799917 14.566367 0.077519689 0.007679084 -0.870559017 0.485858752
1561000544.691058874 169.687726 -228.522788 14.561344 0.076831828 0.006460912 -0.870033150 0.486926530
1561000544.791332722 169.247925 -229.267088 14.570961 0.076403037 0.005443848 -0.869708083 0.487586700
1561000544.891206264 168.822161 -229.997686 14.582596 0.076190832 0.005765103 -0.869181192 0.488554782
1561000544.991619825 168.395699 -230.756124 14.591157 0.075867864 0.006027344 -0.869051114 0.488833202
1561000545.092017889 167.955114 -231.512784 14.596149 0.076596350 0.005694998 -0.868660764 0.489417044
1561000545.191143274 167.515420 -232.252784 14.597172 0.078087647 0.006153336 -0.868343718 0.489738341
1561000545.293280602 167.074589 -233.021657 14.595513 0.079668903 0.006196076 -0.868182751 0.489768501
1561000545.391103029 166.649913 -233.771321 14.593731 0.081501824 0.006059220 -0.867612483 0.490478662
1561000545.493682623 166.202225 -234.545895 14.593156 0.082330661 0.005085430 -0.867471486 0.490600675
1561000545.593706608 165.762329 -235.309527 14.599401 0.082045855 0.004487762 -0.867266546 0.491016370
1561000545.691145897 165.315039 -236.086431 14.599418 0.081569645 0.003980035 -0.867162130 0.491284432
1561000545.793059587 164.856454 -236.878229 14.602230 0.080834146 0.004771630 -0.867161094 0.491400762
1561000545.892434597 164.401444 -237.670875 14.601616 0.080794005 0.005884713 -0.866800154 0.492031698
1561000545.992504597 163.959929 -238.470067 14.598256 0.081796102 0.008009375 -0.866188447 0.492912590
1561000546.093986988 163.514515 -239.269286 14.605113 0.082708336 0.008801410 -0.865640912 0.493708090
1561000546.192507982 163.071492 -240.071200 14.599131 0.081269394 0.009031940 -0.865295042 0.494548480
1561000546.292544127 162.625127 -240.885561 14.592037 0.079095372 0.008284282 -0.864820975 0.495741842
1561000546.391776323 162.174153 -241.694525 14.592640 0.078975318 0.008445418 -0.864016422 0.497159126
1561000546.492941141 161.724267 -242.517791 14.596777 0.080832896 0.009676553 -0.863812101 0.497193183
1561000546.593087912 161.265904 -243.348798 14.589924 0.082422427 0.009502336 -0.862919624 0.498483673
1561000546.691426754 160.813234 -244.176253 14.579483 0.083243892 0.008521646 -0.862631761 0.498862989
1561000546.792891979 160.352177 -245.028307 14.573166 0.083220748 0.006240275 -0.862056875 0.499893299
1561000546.890928745 159.889866 -245.848420 14.575991 0.082117734 0.004910051 -0.861833482 0.500475393
1561000546.993952751 159.424949 -246.700450 14.574227 0.080591040 0.002171881 -0.861350956 0.501572426
1561000547.094208479 158.955729 -247.550103 14.577022 0.080696147 0.000753646 -0.860884326 0.502360171
1561000547.192385912 158.497704 -248.405362 14.576935 0.082066062 0.000119598 -0.860005960 0.503641635
1561000547.294580460 158.024230 -249.282564 14.588166 0.084664823 -0.000543844 -0.858866294 0.505153701
1561000547.392252684 157.573651 -250.146108 14.601556 0.085478418 -0.000957574 -0.857754842 0.506901523
1561000547.493797541 157.114309 -251.028351 14.608890 0.084475189 -0.001032543 -0.856791049 0.508696348
1561000547.597008467 156.653958 -251.922685 14.615088 0.082785880 -0.001887390 -0.855252191 0.511553150
1561000547.695729017 156.216399 -252.805837 14.623344 0.082417788 -0.001834017 -0.853793422 0.514043517
1561000547.797153473 155.756380 -253.715605 14.626930 0.083116016 -0.000075777 -0.852418872 0.516210992
1561000547.895740747 155.309220 -254.622335 14.631217 0.084509747 0.002250534 -0.850786478 0.518666951
1561000547.996977329 154.879796 -255.554548 14.638881 0.084739921 0.003879490 -0.849155033 0.521286702
1561000548.096854687 154.454928 -256.474556 14.646478 0.083354367 0.005504738 -0.847606757 0.524008142
1561000548.195357800 154.037276 -257.408314 14.657029 0.080115250 0.006717166 -0.846621407 0.526088033
1561000548.296699762 153.619611 -258.356611 14.666740 0.075991195 0.008208190 -0.845317983 0.528767880
1561000548.395435810 153.211778 -259.294318 14.682520 0.072855579 0.009337677 -0.843851218 0.531526100
1561000548.496557474 152.783556 -260.251535 14.684382 0.070868736 0.010012234 -0.842650163 0.533683502
1561000548.596608400 152.365267 -261.209028 14.696825 0.070293153 0.010454256 -0.840983488 0.536373335
1561000548.695360184 151.959247 -262.158688 14.714817 0.071487854 0.010833810 -0.839129318 0.539104909
1561000548.796924591 151.545972 -263.135934 14.728108 0.072044357 0.011048510 -0.837426925 0.541667505
1561000548.895633221 151.143424 -264.096766 14.745149 0.072640880 0.011151839 -0.835722139 0.544212684
1561000548.996606350 150.733025 -265.089156 14.763398 0.073042093 0.011011158 -0.834024391 0.546760388
1561000549.096795321 150.344260 -266.080325 14.783520 0.072984574 0.010767605 -0.832423811 0.549206618
1561000549.195947409 149.948364 -267.066210 14.799123 0.073270662 0.011060871 -0.830771365 0.551659321
1561000549.296628714 149.557980 -268.067162 14.806462 0.073961288 0.010824594 -0.829000102 0.554230445
1561000549.395450354 149.177830 -269.064058 14.812835 0.076064892 0.009587763 -0.827045140 0.556882882
1561000549.495580912 148.795300 -270.079365 14.819194 0.078385825 0.008231041 -0.825229349 0.559271341
1561000549.597306252 148.413324 -271.101207 14.832142 0.079636274 0.006557305 -0.823611740 0.561496899
1561000549.695505857 148.046918 -272.115826 14.847749 0.079486680 0.005230400 -0.822220992 0.563566456
1561000549.796905994 147.670435 -273.145549 14.862004 0.080034354 0.004307194 -0.820756579 0.565627605
1561000549.895715952 147.309565 -274.162416 14.902009 0.079685575 0.005280090 -0.819423948 0.567597326
1561000549.997318029 146.966103 -275.193554 14.932534 0.076308706 0.007298039 -0.818574071 0.569262866
1561000550.097015619 146.632469 -276.219285 14.958716 0.071812438 0.008289041 -0.817944746 0.570736943
1561000550.196200848 146.295523 -277.241468 14.972788 0.069758798 0.010144985 -0.816717556 0.572715657
1561000550.296714306 145.965163 -278.271059 14.998078 0.069733133 0.011519164 -0.815516301 0.574402091
1561000550.395317793 145.634449 -279.288696 15.020121 0.069250428 0.012256406 -0.814232075 0.576264078
1561000550.496471643 145.310101 -280.318568 15.046539 0.068788158 0.011089219 -0.813134590 0.577890437
1561000550.596274137 144.987838 -281.334939 15.066053 0.067955432 0.008353417 -0.811596846 0.580192071
1561000550.694962025 144.674948 -282.348103 15.096278 0.068741736 0.005734401 -0.809715032 0.582754887
1561000550.796441078 144.342607 -283.380906 15.137866 0.070349413 0.006088714 -0.807628209 0.585449027
1561000550.895499229 144.034982 -284.409485 15.154842 0.073355966 0.007612307 -0.805914574 0.587420339
1561000550.996882677 143.744675 -285.453471 15.194367 0.075433394 0.007574352 -0.804169525 0.589545424
1561000551.095689535 143.468547 -286.468970 15.233524 0.073322853 0.008900085 -0.803033235 0.591339303
1561000551.196423292 143.180057 -287.509771 15.260418 0.070167401 0.009109724 -0.801930933 0.593211873
1561000551.296757936 142.892977 -288.549129 15.280601 0.068998891 0.010002691 -0.800384307 0.595419231
1561000551.395389080 142.618613 -289.583725 15.307478 0.070718246 0.011975052 -0.798638791 0.597521221
1561000551.497058153 142.356594 -290.629340 15.327595 0.072677196 0.014476910 -0.796760403 0.599734362
1561000551.596681118 142.094349 -291.663847 15.351096 0.073102191 0.015543984 -0.794926200 0.602085368
1561000551.695504189 141.838846 -292.694151 15.377319 0.069674323 0.013604868 -0.793655523 0.604211310
1561000551.796887159 141.578975 -293.728797 15.407510 0.064953538 0.008759888 -0.792019198 0.606967785
1561000551.896528482 141.327186 -294.764438 15.449480 0.062915059 0.005966262 -0.790401361 0.609320759
1561000551.996922016 141.075511 -295.824407 15.487332 0.063873913 0.006593921 -0.788521909 0.611645193
1561000552.096800804 140.837364 -296.879881 15.524923 0.066222713 0.007948406 -0.786541748 0.613924631
1561000552.195415497 140.603418 -297.930029 15.564655 0.067585280 0.008916723 -0.784670585 0.616153224
1561000552.296799898 140.376094 -298.992021 15.602285 0.068037559 0.008135636 -0.782762344 0.618536833
1561000552.396836758 140.152175 -300.039302 15.636382 0.067342306 0.006016772 -0.780802079 0.621109431
1561000552.495916128 139.936965 -301.089552 15.682227 0.066835228 0.004201452 -0.778989730 0.623450399
1561000552.595663548 139.728298 -302.157325 15.733787 0.066077955 0.002904087 -0.776777184 0.626292645
1561000552.697080612 139.525618 -303.227555 15.784990 0.065419620 0.002836602 -0.774332764 0.629381441
1561000552.797114372 139.344077 -304.289868 15.835871 0.065186239 0.003518316 -0.772355845 0.631826578
1561000552.895707369 139.174258 -305.347831 15.889910 0.065828332 0.005374403 -0.770189035 0.634386789
1561000552.998378754 138.999397 -306.436579 15.932513 0.066708352 0.006358739 -0.767962371 0.636979873
1561000553.090428352 138.836641 -307.463706 15.978162 0.066481658 0.005750171 -0.766002325 0.639364968
1561000553.190082788 138.667542 -308.551160 16.025452 0.063539594 0.004358900 -0.764088943 0.641959350
1561000553.289964199 138.504476 -309.636127 16.074925 0.061250120 0.003246216 -0.761879813 0.644807751
1561000553.389907122 138.354102 -310.721050 16.130662 0.061554415 0.003436973 -0.759349486 0.647755818
1561000553.489955425 138.207478 -311.808701 16.155206 0.064535627 0.003118860 -0.756902390 0.650326224
1561000553.589988947 138.069851 -312.900787 16.236261 0.068016362 0.003911458 -0.753907098 0.653439028
1561000553.689998627 137.960770 -313.977497 16.293435 0.067353985 0.007387866 -0.751620429 0.656106387
1561000553.790118933 137.847805 -315.075813 16.339259 0.064951229 0.008580775 -0.749001234 0.659321515
1561000553.890424252 137.751752 -316.164407 16.380551 0.062753971 0.007829482 -0.746665733 0.662186470
1561000553.990161896 137.650964 -317.258942 16.428629 0.061767265 0.006102610 -0.744168944 0.665101606
1561000554.090125322 137.566743 -318.371450 16.497312 0.060476546 0.006969328 -0.741477374 0.668210535
1561000554.190425873 137.487380 -319.483082 16.550616 0.058098671 0.007872891 -0.738583069 0.671608228
1561000554.290438652 137.414742 -320.593913 16.607975 0.058121406 0.007620662 -0.735303842 0.675197813
1561000554.389962435 137.361588 -321.705986 16.668927 0.058335312 0.009408352 -0.732324725 0.678387036
1561000554.490274668 137.317190 -322.838691 16.726062 0.059493256 0.013191274 -0.729409920 0.681357257
1561000554.590097189 137.281806 -323.968656 16.771711 0.060054470 0.015207183 -0.726191837 0.684695274
1561000554.690302134 137.252785 -325.094063 16.809106 0.060798851 0.014690922 -0.723370352 0.687621269
1561000554.790269613 137.231513 -326.226602 16.850918 0.060840365 0.012634163 -0.720432301 0.690735932
1561000554.889093876 137.216067 -327.350691 16.901589 0.061226341 0.011111335 -0.717506112 0.693767146
1561000554.989796638 137.207611 -328.487203 16.972671 0.061569169 0.010185765 -0.714290315 0.697061570
1561000555.090140820 137.218821 -329.609392 17.038384 0.056971355 0.009508846 -0.711728663 0.700075822
1561000555.190901995 137.247598 -330.729349 17.118100 0.051762153 0.008365796 -0.709541151 0.702710501
1561000555.290040016 137.277086 -331.858419 17.181174 0.047378715 0.006895482 -0.707700710 0.704888229
1561000555.389281034 137.299578 -333.012896 17.257083 0.047865225 0.006132678 -0.705598699 0.706966609
1561000555.490064383 137.330404 -334.179937 17.335547 0.050742797 0.007336016 -0.703025304 0.709314298
1561000555.589677572 137.377809 -335.337824 17.410613 0.053401117 0.010516433 -0.700600436 0.711475056
1561000555.689058542 137.423025 -336.490442 17.474822 0.055720621 0.012939677 -0.697714861 0.714088055
1561000555.789971113 137.487466 -337.655922 17.542418 0.056253450 0.013944859 -0.695289367 0.716389410
1561000555.888713598 137.565404 -338.804211 17.604053 0.053387269 0.015089544 -0.693406527 0.718407610
1561000555.989993334 137.649422 -339.964176 17.665754 0.050116620 0.015267127 -0.691293062 0.720672701
1561000556.089356422 137.739295 -341.113501 17.737782 0.047525068 0.015631782 -0.689501282 0.722554495
1561000556.189784288 137.832103 -342.282619 17.813814 0.045896984 0.017042108 -0.687995887 0.724061249
1561000556.289881468 137.928682 -343.450865 17.885514 0.045899155 0.018870107 -0.686738738 0.725208310
1561000556.390138388 138.026977 -344.604172 17.950808 0.045991775 0.020202906 -0.685673265 0.726174065
1561000556.489909887 138.128249 -345.767328 18.016538 0.046278408 0.021125823 -0.684589658 0.727151297
1561000556.589202881 138.233945 -346.912135 18.081044 0.045560889 0.020716594 -0.683714331 0.728031415
1561000556.689069748 138.337633 -348.054931 18.154984 0.044713809 0.021290633 -0.683589030 0.728185019
1561000556.790139437 138.443239 -349.219248 18.222789 0.044551644 0.020362027 -0.683455513 0.728346827
1561000556.889173508 138.548967 -350.353242 18.284841 0.045130296 0.020241154 -0.683697452 0.728087458
1561000556.990822792 138.651405 -351.499414 18.358317 0.045922755 0.020801716 -0.683683198 0.728035490
1561000557.089528561 138.749596 -352.635787 18.433906 0.046583893 0.021088481 -0.683533858 0.728125457
1561000557.190953970 138.852699 -353.795433 18.503477 0.046025590 0.020239498 -0.683572271 0.728148995
1561000557.290936708 138.949582 -354.926934 18.573919 0.045659043 0.018479655 -0.683887110 0.727923193
1561000557.389054775 139.042931 -356.057378 18.649230 0.045296536 0.015069943 -0.683933084 0.727981221
1561000557.490881205 139.136951 -357.208473 18.736369 0.043339298 0.013273417 -0.684446040 0.727653173
1561000557.589173794 139.230425 -358.319640 18.815535 0.043225605 0.012031057 -0.684705391 0.727437508
1561000557.690945148 139.322889 -359.463825 18.906675 0.045228264 0.014765916 -0.685195835 0.726803302
1561000557.790779114 139.414402 -360.585591 18.986163 0.047626175 0.018550637 -0.685862928 0.725933651
1561000557.889040232 139.504037 -361.680651 19.059534 0.049150301 0.021969872 -0.687004262 0.724656275
1561000557.991403103 139.581816 -362.788321 19.121485 0.048744841 0.023089365 -0.688170205 0.723541699
1561000558.089582205 139.649432 -363.851821 19.185546 0.047454067 0.022993621 -0.689777656 0.722098463
1561000558.189455509 139.717091 -364.909171 19.251391 0.044277291 0.022849320 -0.692369343 0.719820896
1561000558.292101622 139.773921 -365.965038 19.318147 0.040899618 0.021629664 -0.695590083 0.716947568
1561000558.389118195 139.817270 -366.978896 19.393598 0.038009182 0.020337508 -0.698884938 0.713933843
1561000558.490890741 139.859071 -368.007445 19.478891 0.036734318 0.020154094 -0.703084483 0.709870842
1561000558.589215040 139.883496 -369.005590 19.548798 0.037101190 0.020864547 -0.706949664 0.705981831
1561000558.690545797 139.890076 -370.019505 19.612587 0.039653510 0.021027654 -0.710416662 0.702348634
1561000558.790532112 139.881713 -371.012035 19.672106 0.042492984 0.020992606 -0.713621857 0.698925963
1561000558.888877153 139.862424 -371.991056 19.737738 0.045314847 0.022128249 -0.716974190 0.695273267
1561000558.990609407 139.838509 -372.971206 19.802865 0.046616213 0.023077342 -0.720555748 0.691443258
1561000559.090611458 139.801646 -373.931022 19.849841 0.048558867 0.023037691 -0.723934893 0.687771453
1561000559.193162918 139.750296 -374.885177 19.898213 0.049822010 0.021656942 -0.727698441 0.683742439
1561000559.293149233 139.691297 -375.795433 19.955566 0.049709955 0.018996336 -0.731020443 0.680277276
1561000559.392329216 139.624274 -376.704296 20.014402 0.047813406 0.016598493 -0.735093579 0.676073812
1561000559.492697239 139.548782 -377.612955 20.073153 0.047387776 0.015649919 -0.739076930 0.671769879
1561000559.590387344 139.464235 -378.505693 20.131886 0.048870978 0.016293346 -0.742910253 0.667405806
1561000559.692023277 139.364675 -379.412206 20.186037 0.050894059 0.017657839 -0.747088796 0.662537793
1561000559.792010307 139.252794 -380.285918 20.230071 0.052261192 0.017460489 -0.751303628 0.657652460
1561000559.892090797 139.123612 -381.141050 20.276611 0.052582986 0.015450987 -0.756061758 0.652201591
1561000559.992027044 138.982364 -381.984839 20.325489 0.052592685 0.012769395 -0.761239440 0.646208532
1561000560.090474129 138.834389 -382.825380 20.373742 0.053961222 0.010632057 -0.766263688 0.640168030
1561000560.190762997 138.667195 -383.665507 20.414483 0.056047419 0.010053259 -0.770906874 0.634397518
1561000560.291784525 138.483840 -384.495133 20.460775 0.059170927 0.010101158 -0.776101908 0.627744053
1561000560.390814066 138.293458 -385.303200 20.501993 0.061329310 0.009548074 -0.780914327 0.621546752
1561000560.492083073 138.090729 -386.109028 20.544283 0.061923763 0.009088921 -0.786448614 0.614476539
1561000560.590675592 137.871597 -386.903986 20.584743 0.061447768 0.008610498 -0.791812366 0.607604483
1561000560.691034317 137.640308 -387.701548 20.619730 0.060762894 0.007348933 -0.797466305 0.600251077
1561000560.792479277 137.397224 -388.489861 20.657978 0.059812788 0.005986989 -0.803756579 0.591913801
1561000560.890805721 137.137305 -389.256309 20.698630 0.058297400 0.005397119 -0.810280156 0.583110927
1561000560.992543936 136.853166 -390.025955 20.741618 0.057620148 0.004849501 -0.817255939 0.573366490
1561000561.090744734 136.560609 -390.779785 20.761395 0.059865320 0.004915588 -0.823622185 0.563949001
1561000561.192399979 136.231049 -391.534562 20.786330 0.065183946 0.003951072 -0.830352716 0.553398418
1561000561.292287111 135.892491 -392.257182 20.839276 0.065974137 0.003674512 -0.837381128 0.542611056
1561000561.392443180 135.553876 -392.970260 20.887693 0.061422202 0.003323385 -0.845080148 0.531089269
1561000561.492274284 135.186639 -393.670985 20.915615 0.058121773 0.001095338 -0.852355345 0.519722065
1561000561.590674162 134.790843 -394.363104 20.929385 0.061217252 -0.001769596 -0.858182392 0.509678623
1561000561.692195177 134.370382 -395.060788 20.961444 0.067992371 -0.001676925 -0.863964098 0.498939138
1561000561.790434837 133.951005 -395.735599 20.990380 0.073450942 -0.000119925 -0.868974989 0.489374512
1561000561.892125607 133.508792 -396.407154 21.013683 0.076678024 -0.000059789 -0.874117274 0.479624299
1561000561.992264986 133.058591 -397.059974 21.023977 0.077282250 -0.002039772 -0.878776297 0.470930476
1561000562.091626883 132.609562 -397.694038 21.040504 0.076426815 -0.004355175 -0.883594310 0.461953536
1561000562.192142725 132.146340 -398.306905 21.063747 0.074846169 -0.006228095 -0.888600750 0.452490850
1561000562.292351484 131.685871 -398.907068 21.095444 0.073237930 -0.006301198 -0.893361476 0.443285206
1561000562.390352726 131.229658 -399.488652 21.118267 0.070895884 -0.006142258 -0.898379836 0.433416331
1561000562.492361307 130.748322 -400.052994 21.134407 0.070686324 -0.006348317 -0.903319884 0.423055941
1561000562.590413570 130.259723 -400.582834 21.143780 0.072177504 -0.007258632 -0.908164023 0.412281248
1561000562.690644979 129.751725 -401.105331 21.161263 0.074018784 -0.008416237 -0.913292497 0.400433767
1561000562.790390253 129.240509 -401.610817 21.179641 0.074677365 -0.009173381 -0.918421541 0.388382560
1561000562.890161991 128.735068 -402.098415 21.218971 0.073607883 -0.007162351 -0.923576329 0.376214494
1561000562.992275953 128.205772 -402.576709 21.229061 0.069284443 -0.008083216 -0.928498415 0.364725954
1561000563.090291262 127.674640 -403.018154 21.240107 0.064661013 -0.013131888 -0.933143902 0.353396329
1561000563.193505526 127.103354 -403.453641 21.237823 0.064335474 -0.019900780 -0.937307696 0.341934479
1561000563.291882515 126.553321 -403.869211 21.255387 0.070584938 -0.020769388 -0.941293084 0.329474928
1561000563.393382311 125.970245 -404.305972 21.282911 0.083054591 -0.013886642 -0.944235851 0.318320207
1561000563.493337154 125.381725 -404.726211 21.277282 0.094281802 -0.006518230 -0.946748100 0.307792932
1561000563.591739655 124.779461 -405.129347 21.260467 0.096187597 -0.006887048 -0.949700434 0.297942278
1561000563.693393469 124.190447 -405.499823 21.248435 0.087921119 -0.010775284 -0.954068615 0.286193726
1561000563.792552471 123.615903 -405.856172 21.251894 0.075296454 -0.015347443 -0.958720782 0.273768810
1561000563.893381596 122.992127 -406.206291 21.259005 0.068675633 -0.017505795 -0.962618457 0.261424772
1561000563.993449450 122.340121 -406.543505 21.261345 0.072471162 -0.019298372 -0.965274350 0.250241748
1561000564.093891382 121.692839 -406.863645 21.273963 0.080235949 -0.019009729 -0.967673086 0.238347690
1561000564.194026947 121.032421 -407.181615 21.280896 0.085387102 -0.017516479 -0.970158480 0.226262546
1561000564.292422771 120.369585 -407.482733 21.276229 0.085142349 -0.016136774 -0.972895765 0.214392666
1561000564.394114017 119.676587 -407.770894 21.267581 0.082882881 -0.016172496 -0.975626415 0.202538830
1561000564.494007111 118.993732 -408.032239 21.256050 0.081433219 -0.017170748 -0.978227481 0.190117835
1561000564.592149019 118.300003 -408.281407 21.249936 0.081872044 -0.018993278 -0.980376285 0.178321516
1561000564.694159269 117.578446 -408.518807 21.240715 0.083300769 -0.020228942 -0.982391152 0.166010228
1561000564.792395115 116.865692 -408.729431 21.232048 0.085056662 -0.021808724 -0.984065678 0.154610757
1561000564.891851902 116.138705 -408.927151 21.220877 0.085740471 -0.023013724 -0.985666554 0.143458651
1561000564.993532896 115.395387 -409.126893 21.212511 0.086320619 -0.023657605 -0.987064060 0.133017332
1561000565.092401743 114.651926 -409.303005 21.200519 0.086529221 -0.023990533 -0.988369388 0.122731825
1561000565.194161415 113.889627 -409.466451 21.184331 0.086723854 -0.025405195 -0.989488788 0.112895913
1561000565.293552399 113.133153 -409.617520 21.164596 0.087574206 -0.027228351 -0.990333713 0.104060134
1561000565.394818306 112.350966 -409.758559 21.149585 0.088298160 -0.028369235 -0.991019102 0.096331515
1561000565.496139050 111.559404 -409.894695 21.135567 0.089360812 -0.029261578 -0.991494264 0.089986275
1561000565.596212149 110.764855 -410.028302 21.119277 0.089943596 -0.029625073 -0.991882485 0.084862478
1561000565.696156502 109.962254 -410.150551 21.100198 0.090175355 -0.029504415 -0.992184312 0.081044342
1561000565.795152664 109.150588 -410.284190 21.078192 0.090174191 -0.029299987 -0.992404582 0.078379020
1561000565.896362543 108.336639 -410.406616 21.057584 0.089982686 -0.028414700 -0.992648434 0.075794515
1561000565.996351719 107.520531 -410.533907 21.037222 0.090558986 -0.027152478 -0.992754490 0.074164246
1561000566.094882488 106.703475 -410.658618 21.014277 0.090828953 -0.026648905 -0.992835566 0.072921032
1561000566.196241140 105.870609 -410.791395 20.990596 0.090572107 -0.026692655 -0.992884796 0.072553274
1561000566.294891596 105.040944 -410.918843 20.966070 0.090114032 -0.027349838 -0.992954353 0.071924272
1561000566.395954370 104.198958 -411.039797 20.943035 0.089829219 -0.027994671 -0.993009305 0.071270821
1561000566.497005224 103.350575 -411.161751 20.919674 0.089028234 -0.028474015 -0.993110270 0.070676699
1561000566.595036268 102.504100 -411.277797 20.897575 0.089087498 -0.029444166 -0.993124589 0.070000066
1561000566.696358681 101.633524 -411.394785 20.876247 0.089380860 -0.030015434 -0.993097155 0.069772318
1561000566.795052052 100.777484 -411.508664 20.855844 0.089818853 -0.029908755 -0.993071582 0.069619493
1561000566.895246983 99.912468 -411.617888 20.830929 0.089727735 -0.031149897 -0.993060670 0.069347839
1561000566.996274471 99.044360 -411.733886 20.809121 0.087814357 -0.033028784 -0.993193703 0.069021779
1561000567.096157551 98.168265 -411.852762 20.798896 0.086109279 -0.033582801 -0.993370753 0.068351558
1561000567.196173668 97.276892 -411.970615 20.784624 0.084651097 -0.033933770 -0.993504895 0.068049352
1561000567.294797897 96.383555 -412.085669 20.770768 0.084680464 -0.034686565 -0.993480537 0.067988852
1561000567.396018028 95.473725 -412.211408 20.758444 0.085269201 -0.035179362 -0.993399028 0.068190514
1561000567.495900869 94.562664 -412.335944 20.742234 0.086380600 -0.034960990 -0.993296729 0.068393930
1561000567.595265865 93.659390 -412.471554 20.728699 0.087057719 -0.034826899 -0.993189410 0.069158053
1561000567.696023703 92.739733 -412.619548 20.723628 0.087126844 -0.034291579 -0.993194074 0.069271434
1561000567.794841290 91.827203 -412.764096 20.705479 0.086061353 -0.030463701 -0.993414686 0.069229094
1561000567.895937204 90.883150 -412.906779 20.671109 0.087360881 -0.033087791 -0.993223278 0.069143295
1561000567.995961428 89.952831 -413.045007 20.652933 0.089808917 -0.034297952 -0.992951642 0.069318443
1561000568.094579458 89.029273 -413.187883 20.639665 0.092005405 -0.032637156 -0.992863666 0.068494978
1561000568.196030855 88.090260 -413.325562 20.619071 0.090494737 -0.031881465 -0.993011403 0.068721385
1561000568.294784546 87.161004 -413.460742 20.604205 0.087295365 -0.033027042 -0.993293238 0.068244252
1561000568.396389961 86.208900 -413.608391 20.591809 0.084425789 -0.032512832 -0.993594297 0.067716879
1561000568.496124268 85.253095 -413.749956 20.572625 0.083858203 -0.031565051 -0.993720751 0.067011332
1561000568.596273422 84.303245 -413.890355 20.554684 0.084922892 -0.031023592 -0.993673915 0.066616744
1561000568.696461916 83.339612 -414.021988 20.537585 0.086333699 -0.030929442 -0.993641115 0.065323787
1561000568.795073986 82.380582 -414.157634 20.521188 0.087357351 -0.030345379 -0.993675340 0.063695910
1561000568.895603418 81.407711 -414.288127 20.506217 0.087127798 -0.030288926 -0.993826442 0.061646823
1561000568.996474504 80.433842 -414.405459 20.489818 0.086287561 -0.030100690 -0.994047058 0.059319916
1561000569.096626520 79.459377 -414.521445 20.473997 0.085327367 -0.029535681 -0.994297366 0.056741804
1561000569.196454287 78.471426 -414.634139 20.456893 0.085248519 -0.028585874 -0.994489754 0.053904243
1561000569.294965029 77.483268 -414.729872 20.438250 0.085712047 -0.027108016 -0.994623754 0.051402214
1561000569.396138668 76.469116 -414.837281 20.419297 0.086328441 -0.025952236 -0.994746411 0.048512465
1561000569.495904207 75.462507 -414.926752 20.397788 0.086576779 -0.025428471 -0.994853372 0.046093628
1561000569.595351219 74.454449 -415.011138 20.367789 0.086476059 -0.026072584 -0.994967087 0.043389033
1561000569.695713043 73.436157 -415.095859 20.344850 0.086088176 -0.027458956 -0.995056831 0.041191430
1561000569.794589758 72.418424 -415.171472 20.320118 0.085633231 -0.029255002 -0.995126867 0.039161365
1561000569.895784140 71.372293 -415.251710 20.301541 0.085283498 -0.030869090 -0.995186950 0.037104688
1561000569.995724440 70.334948 -415.326532 20.284423 0.086079983 -0.031876712 -0.995147171 0.035443191
1561000570.094702244 69.303774 -415.392061 20.264375 0.087265457 -0.032565675 -0.995074132 0.033936530
1561000570.197766066 68.231533 -415.454239 20.238709 0.087451927 -0.033642829 -0.995079918 0.032191261
1561000570.296542883 67.168775 -415.519464 20.219328 0.087935899 -0.033819249 -0.995064830 0.031137133
1561000570.397747993 66.089218 -415.575617 20.188119 0.087961890 -0.034362480 -0.995062172 0.030548332
1561000570.497756958 65.012363 -415.653877 20.161641 0.087378827 -0.034878032 -0.995094123 0.030596558
1561000570.597834349 63.933809 -415.722454 20.136107 0.087326628 -0.035888555 -0.995077921 0.030099882
1561000570.697748899 62.861532 -415.785554 20.114871 0.087359886 -0.035943486 -0.995071074 0.030164117
1561000570.796444178 61.783769 -415.849000 20.091175 0.088061109 -0.035763708 -0.995015660 0.030166773
1561000570.897422552 60.672501 -415.917465 20.063391 0.088780587 -0.035386832 -0.994951425 0.030617661
1561000570.997171402 59.572240 -415.998078 20.036988 0.089354308 -0.035348128 -0.994889280 0.031010284
1561000571.097485065 58.482432 -416.068760 20.006240 0.089062926 -0.035168322 -0.994894446 0.031875160
1561000571.197478056 57.372685 -416.146399 19.976654 0.088256665 -0.035260775 -0.994948944 0.032311582
1561000571.296385050 56.262325 -416.216923 19.953923 0.087641172 -0.035384515 -0.994978101 0.032947521
1561000571.396707535 55.158409 -416.293629 19.933327 0.088038239 -0.035449710 -0.994919728 0.033575617
1561000571.489707232 54.100683 -416.371458 19.913691 0.089339749 -0.035464296 -0.994781677 0.034206842
1561000571.588502169 52.996797 -416.450030 19.888295 0.090102698 -0.035017723 -0.994665376 0.036000740
1561000571.689687967 51.860313 -416.547502 19.867467 0.089425907 -0.035112973 -0.994726283 0.035912501
1561000571.788486481 50.769612 -416.636377 19.845103 0.087691054 -0.034786238 -0.994858040 0.036846666
1561000571.889663696 49.645236 -416.732000 19.827653 0.086595233 -0.034838304 -0.994941352 0.037138458
1561000571.990029812 48.547873 -416.811764 19.805950 0.086829563 -0.035441066 -0.994852887 0.038370432
1561000572.089744806 47.458583 -416.895135 19.788656 0.088162353 -0.036149081 -0.994692578 0.038824215
1561000572.189810753 46.378655 -416.985539 19.773643 0.088891830 -0.037105167 -0.994585359 0.039005290
1561000572.288634539 45.282235 -417.072127 19.749489 0.090234240 -0.037890316 -0.994384221 0.040275628
1561000572.389742374 44.183097 -417.154639 19.726460 0.090336172 -0.037892641 -0.994376694 0.040230755
1561000572.489665270 43.106323 -417.237701 19.706449 0.088130320 -0.038859832 -0.994470626 0.041846565
1561000572.589808702 42.025476 -417.329327 19.686845 0.086174725 -0.040341682 -0.994538987 0.042879704
1561000572.689891338 40.962314 -417.430632 19.674519 0.085004938 -0.041158038 -0.994573354 0.043635082
1561000572.788780212 39.908615 -417.516108 19.661658 0.085467224 -0.041521567 -0.994507914 0.043878497
1561000572.889365911 38.826691 -417.622773 19.650572 0.086674823 -0.041733670 -0.994382731 0.044144766
1561000572.989392996 37.747161 -417.723650 19.637464 0.087602698 -0.041739051 -0.994270049 0.044840702
1561000573.091078281 36.680348 -417.821051 19.618253 0.087884822 -0.041387064 -0.994199668 0.046156147
1561000573.189424515 35.639857 -417.920416 19.610050 0.088338002 -0.041174505 -0.994141162 0.046737643
1561000573.288526773 34.585056 -418.012843 19.580528 0.085866884 -0.040793482 -0.994351204 0.047206490
1561000573.389918327 33.504990 -418.130756 19.563745 0.086923730 -0.040167048 -0.994224126 0.048469174
1561000573.489599228 32.435827 -418.236954 19.536665 0.089997450 -0.039494531 -0.993941123 0.049210612
1561000573.589984894 31.386611 -418.351501 19.526128 0.093138804 -0.039233556 -0.993634011 0.049772921
1561000573.689952612 30.325099 -418.466801 19.506007 0.092905411 -0.038514021 -0.993707539 0.049300938
1561000573.791019440 29.291290 -418.571856 19.484813 0.090368746 -0.038617274 -0.993900903 0.050031904
1561000573.889867544 28.242372 -418.679583 19.461122 0.087565440 -0.039219893 -0.994109170 0.050408838
1561000573.988830805 27.185337 -418.790568 19.441687 0.086465641 -0.039936770 -0.994163683 0.050668708
1561000574.089592934 26.121567 -418.896216 19.429454 0.087186548 -0.039621056 -0.994090005 0.051124752
1561000574.189671040 25.074243 -419.003728 19.415528 0.088007184 -0.039469891 -0.994018514 0.051225560
1561000574.288586855 24.034986 -419.118010 19.400313 0.088494752 -0.039270788 -0.993984108 0.051206215
1561000574.389810085 23.003892 -419.225498 19.383231 0.088132485 -0.039271824 -0.994004325 0.051437254
1561000574.489072561 21.989208 -419.327697 19.363666 0.088159378 -0.039575785 -0.993979465 0.051638210
1561000574.589741468 20.954741 -419.433056 19.348943 0.088137170 -0.040329976 -0.993958851 0.051489172
1561000574.689548969 19.952296 -419.540760 19.338227 0.088974233 -0.040938938 -0.993834886 0.051959674
1561000574.788612366 18.960697 -419.652618 19.325826 0.090240548 -0.040644164 -0.993744844 0.051728916
1561000574.889577866 17.973585 -419.765100 19.312988 0.090454203 -0.040168483 -0.993734353 0.051928478
1561000574.988832474 17.009497 -419.861710 19.301254 0.090499735 -0.039078314 -0.993763412 0.052124509
1561000575.089606524 16.049931 -419.967318 19.288392 0.089660559 -0.038707633 -0.993854943 0.052106202
1561000575.189703226 15.102217 -420.068593 19.275904 0.088885039 -0.037679671 -0.993959121 0.052201125
1561000575.289594889 14.165091 -420.174681 19.265866 0.088878990 -0.036405100 -0.994046220 0.051451972
1561000575.389668703 13.236344 -420.272936 19.253003 0.089165814 -0.035108963 -0.994042554 0.051925121
1561000575.488639832 12.330688 -420.374103 19.241381 0.090210405 -0.034031475 -0.993986199 0.051917031
1561000575.589705706 11.445917 -420.472339 19.226829 0.090335919 -0.033140160 -0.994011903 0.051783097
1561000575.689607382 10.584361 -420.566273 19.215828 0.090912134 -0.032665184 -0.993984005 0.051611693
1561000575.788583040 9.741015 -420.657964 19.204223 0.090683056 -0.032358077 -0.993987101 0.052145767
1561000575.889604568 8.919346 -420.749061 19.196180 0.089402310 -0.032059673 -0.994145694 0.051514500
1561000575.988734007 8.112019 -420.833836 19.190105 0.087399479 -0.032431671 -0.994274919 0.052219751
1561000576.089675903 7.309974 -420.916011 19.179511 0.085913134 -0.033338344 -0.994399609 0.051738826
1561000576.189825296 6.547631 -420.993095 19.166036 0.084927004 -0.034072964 -0.994496810 0.051015020
1561000576.288682461 5.772623 -421.069222 19.161272 0.086029200 -0.035029607 -0.994354523 0.051293130
1561000576.389882088 4.996879 -421.153120 19.147083 0.086448207 -0.035659843 -0.994327761 0.050669388
1561000576.489072561 4.257400 -421.230437 19.135256 0.087043662 -0.036951868 -0.994224746 0.050745588
1561000576.590285540 3.512900 -421.309886 19.133189 0.085303794 -0.037848286 -0.994380521 0.049981482
1561000576.690116167 2.777593 -421.383439 19.136258 0.080961851 -0.038846144 -0.994714002 0.049801708
1561000576.788446903 2.049560 -421.463253 19.129126 0.079878616 -0.038888266 -0.994778037 0.050237113
1561000576.889529943 1.276838 -421.538268 19.106890 0.085181834 -0.037544648 -0.994342073 0.051169289
1561000576.988672972 0.515650 -421.618850 19.095017 0.093424948 -0.035752293 -0.993630035 0.051893210
1561000577.089195251 -0.214435 -421.714634 19.089008 0.097609766 -0.034299535 -0.993261473 0.052225683
1561000577.191176653 -0.921159 -421.800557 19.084189 0.092896649 -0.033052508 -0.993769829 0.051954515
1561000577.289318800 -1.603849 -421.884077 19.076639 0.083636168 -0.032301230 -0.994613944 0.052006971
1561000577.389492989 -2.321290 -421.964001 19.063772 0.078025208 -0.032317445 -0.995050485 0.052365855
1561000577.488426685 -3.050508 -422.038568 19.053376 0.078387073 -0.031467223 -0.995037081 0.052597409
1561000577.589686394 -3.774228 -422.121268 19.053385 0.082575103 -0.029069351 -0.994751505 0.052969505
1561000577.689888954 -4.484100 -422.211860 19.050755 0.085884361 -0.026696419 -0.994551128 0.052718425
1561000577.789148569 -5.180034 -422.291888 19.038942 0.086684827 -0.025203484 -0.994542280 0.052308492
1561000577.889779806 -5.889156 -422.381037 19.032755 0.086579585 -0.025136743 -0.994584082 0.051716755
1561000577.988828182 -6.583896 -422.456506 19.022100 0.085420737 -0.025481779 -0.994675420 0.051718320
1561000578.088748693 -7.279732 -422.526483 19.012857 0.084779480 -0.025669450 -0.994750264 0.051238963
1561000578.189526796 -7.971827 -422.602996 19.003177 0.084485496 -0.025561509 -0.994784144 0.051120610
1561000578.289433479 -8.656302 -422.674979 18.994477 0.084373101 -0.026078067 -0.994796557 0.050802806
1561000578.390471220 -9.347306 -422.734221 18.986576 0.084449219 -0.027279672 -0.994771309 0.050539016
1561000578.489114046 -10.033545 -422.807673 18.975985 0.084925011 -0.029434093 -0.994663358 0.050657495
1561000578.590784788 -10.721674 -422.889236 18.975422 0.085348178 -0.031108830 -0.994577578 0.050629738
1561000578.690477610 -11.403772 -422.967413 18.972029 0.085903740 -0.032151476 -0.994511036 0.050345105
1561000578.788660288 -12.068806 -423.033809 18.968178 0.086417366 -0.032720314 -0.994428326 0.050731888
1561000578.890394449 -12.753230 -423.101659 18.952075 0.086592228 -0.033606261 -0.994367752 0.051040948
1561000578.988981485 -13.413626 -423.159714 18.939770 0.087079453 -0.034889609 -0.994282687 0.051008057
1561000579.088583708 -14.066704 -423.237795 18.929541 0.087340585 -0.035842372 -0.994206661 0.051381538
1561000579.190377474 -14.731978 -423.308989 18.928897 0.087910609 -0.036025678 -0.994152786 0.051323621
1561000579.289721251 -15.385098 -423.390637 18.923864 0.087652802 -0.035865754 -0.994192767 0.051101630
1561000579.390907764 -16.032459 -423.449189 18.915313 0.087669795 -0.035599155 -0.994212415 0.050876135
1561000579.489003658 -16.654880 -423.510942 18.906768 0.087842544 -0.035453390 -0.994212204 0.050683696
1561000579.590451479 -17.284256 -423.571189 18.904128 0.088383331 -0.035597315 -0.994205391 0.049768049
1561000579.690396547 -17.890385 -423.633567 18.895484 0.088389743 -0.035677756 -0.994214542 0.049515616
1561000579.791058540 -18.484942 -423.704591 18.884838 0.088503757 -0.035503022 -0.994243057 0.048860660
1561000579.891058922 -19.072876 -423.764601 18.881142 0.088804283 -0.035116993 -0.994251350 0.048423632
1561000579.989959955 -19.622156 -423.814356 18.868972 0.087863340 -0.035578641 -0.994335963 0.048064395
1561000580.090810299 -20.177388 -423.867930 18.868186 0.085868970 -0.037809824 -0.994450776 0.047587729
1561000580.191092253 -20.709579 -423.912083 18.867121 0.084628341 -0.039273089 -0.994506505 0.047460292
1561000580.288884878 -21.227595 -423.970047 18.868198 0.085346393 -0.039431151 -0.994472704 0.046746330
1561000580.390244722 -21.733637 -424.031193 18.868937 0.086780591 -0.038144601 -0.994411195 0.046481107
1561000580.488671541 -22.222059 -424.072896 18.859881 0.087421954 -0.036027940 -0.994450998 0.046115088
1561000580.588757992 -22.698750 -424.114740 18.849829 0.087714845 -0.035331545 -0.994452636 0.046062384
1561000580.690290689 -23.148614 -424.153756 18.848239 0.088878481 -0.036451372 -0.994306117 0.046122208
1561000580.790306330 -23.577784 -424.199253 18.854010 0.088390198 -0.036392546 -0.994356707 0.046016253
1561000580.890192747 -23.989932 -424.244123 18.855240 0.087107448 -0.035629483 -0.994497894 0.046008392
1561000580.988959074 -24.387654 -424.283967 18.852627 0.086051880 -0.034053139 -0.994632210 0.046284175
1561000581.091058969 -24.775283 -424.319174 18.838418 0.085126527 -0.033191455 -0.994720882 0.046713699
1561000581.191799164 -25.158587 -424.362601 18.822736 0.083173264 -0.034139338 -0.994753719 0.048803197
1561000581.291637182 -25.540157 -424.406035 18.810790 0.081944935 -0.036263646 -0.994590446 0.052533999
1561000581.391660452 -25.924200 -424.457639 18.818391 0.081836367 -0.037997799 -0.994197981 0.058560661
1561000581.491569757 -26.309606 -424.536007 18.832780 0.082726779 -0.037212041 -0.993686850 0.066015066
1561000581.591439724 -26.692921 -424.633190 18.838490 0.083679732 -0.035460976 -0.993064047 0.074592356
1561000581.692095518 -27.084015 -424.715676 18.833386 0.083525761 -0.033612994 -0.992293707 0.085128214
1561000581.790962219 -27.450590 -424.831852 18.835038 0.082570745 -0.032508251 -0.991288183 0.097329460
1561000581.891644239 -27.831049 -424.952834 18.848927 0.082025311 -0.029822088 -0.989937936 0.111379420
1561000581.990031242 -28.198786 -425.081175 18.845188 0.081914492 -0.025932359 -0.988248555 0.126421207
1561000582.091732979 -28.547933 -425.225590 18.826707 0.080887337 -0.023842820 -0.986202687 0.142453569
1561000582.191843271 -28.893496 -425.375609 18.800504 0.078413134 -0.027689913 -0.983821977 0.158678816
1561000582.293147326 -29.252957 -425.534833 18.816554 0.076647054 -0.032151127 -0.980694199 0.177004016
1561000582.393297195 -29.597869 -425.729768 18.853122 0.077003968 -0.033314558 -0.977075535 0.195662790
1561000582.491612673 -29.924600 -425.953078 18.897738 0.078068148 -0.028989779 -0.972956431 0.215454729
1561000582.593200684 -30.242222 -426.199978 18.921948 0.077406999 -0.021130363 -0.968923790 0.233983660
1561000582.693050623 -30.540870 -426.454934 18.923108 0.074093702 -0.013558918 -0.964618874 0.252659269
1561000582.793268204 -30.846447 -426.709748 18.905642 0.070467102 -0.009268848 -0.959494322 0.272615339
1561000582.892840624 -31.164577 -426.976021 18.879235 0.070041272 -0.009894914 -0.953205073 0.293932646
1561000582.991446733 -31.474428 -427.235703 18.875332 0.073126948 -0.013426599 -0.946320777 0.314561860
1561000583.093174219 -31.763020 -427.515496 18.914112 0.075165090 -0.015143587 -0.938961067 0.335369939
1561000583.193296194 -32.006927 -427.807932 18.959441 0.073368718 -0.013267517 -0.931537409 0.355920018
1561000583.294045448 -32.236526 -428.137933 18.996765 0.068719100 -0.008829825 -0.924006936 0.376046408
1561000583.393784046 -32.467140 -428.468076 19.008465 0.063428702 -0.004391282 -0.915713183 0.396770567
1561000583.492604494 -32.692224 -428.818434 18.999313 0.059813985 -0.002752936 -0.906938369 0.416986216
1561000583.593564272 -32.925383 -429.187681 18.998649 0.058386872 -0.003027692 -0.897427320 0.437271096
1561000583.693686008 -33.143726 -429.561621 19.022672 0.058077600 -0.003050686 -0.887501817 0.457119471
1561000583.791924238 -33.337030 -429.952713 19.049310 0.058553134 -0.001230758 -0.877019319 0.476872236
1561000583.893518686 -33.513445 -430.362263 19.074701 0.058090589 0.000754464 -0.866319118 0.496100896
1561000583.992172003 -33.687174 -430.776560 19.097978 0.057856002 0.001015751 -0.855435270 0.514667029
1561000584.093904495 -33.844622 -431.196979 19.131827 0.056326570 0.001237211 -0.843742798 0.533782612
1561000584.194245815 -33.952849 -431.634521 19.172830 0.053657224 0.002560854 -0.832555012 0.551331566
1561000584.291797638 -34.047149 -432.067838 19.206975 0.049688615 0.003823386 -0.820707262 0.569171340
1561000584.393507004 -34.131186 -432.513010 19.239944 0.046620540 0.006734625 -0.808949420 0.585988060
1561000584.491756678 -34.216828 -432.971222 19.256271 0.044038643 0.007779256 -0.797877281 0.601158818
1561000584.593508005 -34.301199 -433.442796 19.275439 0.043130556 0.007331161 -0.786419593 0.616141407
1561000584.693426847 -34.366330 -433.915832 19.309626 0.043545651 0.006236253 -0.775146044 0.630248757
1561000584.791982412 -34.404835 -434.385423 19.354258 0.043553503 0.005813941 -0.764578465 0.643031151
1561000584.893540859 -34.449947 -434.864148 19.403162 0.042078714 0.007176734 -0.753807146 0.655707758
1561000584.992389917 -34.456995 -435.339339 19.450301 0.039650390 0.008502885 -0.744780346 0.666076410
1561000585.093595982 -34.449945 -435.827832 19.492275 0.036605214 0.010978217 -0.737047579 0.674759515
1561000585.193530798 -34.432580 -436.330466 19.517826 0.034932868 0.013134003 -0.730588371 0.681797496
1561000585.293562412 -34.442815 -436.832338 19.544764 0.035505776 0.013720431 -0.724531669 0.688189618
1561000585.393451214 -34.437608 -437.347946 19.574293 0.037104750 0.013482690 -0.719555473 0.693311889
1561000585.492426157 -34.441793 -437.862043 19.615951 0.039103361 0.012703081 -0.714235868 0.698696417
1561000585.593365669 -34.429956 -438.393011 19.661575 0.040208027 0.012131340 -0.709472483 0.703480590
1561000585.693253040 -34.426193 -438.934722 19.710128 0.040256199 0.012063225 -0.705037427 0.707923826
1561000585.791720629 -34.404497 -439.491641 19.759989 0.039903175 0.013009622 -0.700534092 0.712383655
1561000585.893718243 -34.391261 -440.060963 19.805764 0.039699869 0.014509032 -0.695985940 0.716810282
1561000585.991850138 -34.349836 -440.616907 19.839301 0.038997721 0.015510294 -0.691468051 0.721186899
1561000586.093549490 -34.303917 -441.197312 19.881636 0.038893774 0.016447380 -0.687080505 0.725353112
1561000586.192065001 -34.253120 -441.766958 19.925905 0.038324536 0.017539658 -0.682746152 0.729439019
1561000586.292026997 -34.184622 -442.344355 19.977478 0.037546742 0.018911971 -0.679109590 0.732832002
1561000586.394879580 -34.114293 -442.931081 20.018018 0.036209712 0.019752004 -0.676384717 0.735392704
1561000586.493243933 -34.043141 -443.504262 20.053879 0.035018923 0.020354634 -0.673563343 0.738018826
1561000586.595237732 -33.964553 -444.110370 20.095656 0.034658918 0.020981000 -0.671477460 0.739916602
1561000586.694937706 -33.901261 -444.722483 20.138311 0.034099692 0.021737439 -0.669292824 0.741897439
1561000586.793363094 -33.817802 -445.331672 20.179843 0.033413831 0.022326638 -0.668075779 0.743007262
1561000586.894802094 -33.734099 -445.962455 20.225399 0.033008854 0.023111230 -0.666254964 0.744634547
1561000586.995012045 -33.644383 -446.589156 20.267531 0.032013612 0.023062584 -0.664617470 0.746141316
1561000587.095280647 -33.546249 -447.232969 20.315689 0.031136667 0.023416326 -0.663047175 0.747563126
1561000587.195007324 -33.450328 -447.878262 20.365252 0.029920654 0.023795467 -0.662767827 0.747848472
1561000587.296409369 -33.350018 -448.547503 20.414539 0.028795713 0.024513866 -0.662971796 0.747688622
1561000587.396363020 -33.267287 -449.207823 20.457743 0.027786149 0.024542641 -0.662788585 0.747888281
1561000587.494964600 -33.183478 -449.879483 20.501227 0.027931707 0.023710523 -0.663953065 0.746876133
1561000587.596213341 -33.102288 -450.569798 20.550849 0.028512964 0.022856872 -0.664261518 0.746606463
1561000587.694936991 -33.024921 -451.253155 20.603360 0.029111646 0.021929378 -0.664576958 0.746330411
1561000587.795741558 -32.941280 -451.958839 20.661419 0.028946583 0.021381111 -0.664559219 0.746368533
1561000587.897574425 -32.856536 -452.672326 20.720151 0.029084767 0.020829964 -0.665233059 0.745778228
1561000587.997763395 -32.772412 -453.369893 20.774791 0.029324104 0.020298342 -0.664840395 0.746133583
1561000588.097596645 -32.683297 -454.093763 20.831565 0.029514906 0.019764569 -0.666309055 0.744829158
1561000588.196349382 -32.588181 -454.815167 20.891705 0.029724258 0.019530287 -0.666454327 0.744697030
1561000588.297320366 -32.491551 -455.549553 20.950576 0.029328581 0.020400501 -0.666359960 0.744773830
1561000588.397337675 -32.394727 -456.290536 21.013765 0.028551790 0.020899418 -0.666780917 0.744413339
1561000588.496234417 -32.305089 -457.028790 21.069030 0.028107906 0.021612615 -0.667173936 0.744057645
1561000588.597278118 -32.209662 -457.789865 21.128090 0.027524641 0.022226147 -0.667486458 0.743781030
1561000588.688385010 -32.120197 -458.517328 21.186741 0.027448618 0.022900944 -0.667694045 0.743577018
1561000588.788587570 -32.019663 -459.306994 21.246432 0.027013605 0.023103005 -0.667421532 0.743831308
1561000588.889371395 -31.928645 -460.092219 21.304692 0.027097988 0.022957294 -0.667541531 0.743725061
1561000588.989425421 -31.836724 -460.870635 21.365499 0.027744618 0.022775846 -0.667910893 0.743375098
1561000589.089872599 -31.743100 -461.650605 21.428413 0.027966514 0.022572491 -0.667991136 0.743300880
1561000589.189713240 -31.648396 -462.450492 21.488402 0.028545485 0.022451861 -0.668043100 0.743235821
1561000589.289985657 -31.548372 -463.255041 21.548617 0.028594860 0.022389243 -0.667853743 0.743405968
1561000589.389860153 -31.450717 -464.061276 21.606987 0.029064346 0.021685061 -0.668023145 0.743256416
1561000589.489893913 -31.353383 -464.880070 21.670613 0.028845558 0.021740550 -0.667770764 0.743490073
1561000589.588908195 -31.248910 -465.695039 21.732845 0.029298854 0.022121349 -0.667294855 0.743888298
1561000589.689595938 -31.147293 -466.525494 21.794983 0.029358999 0.021911930 -0.667338026 0.743853397
1561000589.789561987 -31.041241 -467.361563 21.865279 0.029607938 0.022383006 -0.667671376 0.743530298
1561000589.890639544 -30.928141 -468.215972 21.933081 0.029050554 0.022454446 -0.667093376 0.744068741
1561000589.988620996 -30.823363 -469.056875 21.998051 0.029423234 0.022553034 -0.666626592 0.744469355
1561000590.090877771 -30.705715 -469.928235 22.056667 0.029772302 0.022493223 -0.665995038 0.745022331
1561000590.190791845 -30.589975 -470.777003 22.115159 0.029880635 0.023156864 -0.666570927 0.744482442
1561000590.290553808 -30.484840 -471.640486 22.185041 0.029588197 0.023464370 -0.666567006 0.744488005
1561000590.389337540 -30.381372 -472.511704 22.249169 0.028925753 0.023719053 -0.666119272 0.744906587
1561000590.490729332 -30.264214 -473.398552 22.310920 0.029048536 0.022885817 -0.666332832 0.744736852
1561000590.591511965 -30.141149 -474.283714 22.382333 0.029048962 0.022019233 -0.666561093 0.744558675
1561000590.690541029 -30.026023 -475.176565 22.457838 0.028966965 0.021026861 -0.665565313 0.745480785
1561000590.789454222 -29.924977 -476.081039 22.520026 0.028695692 0.020474094 -0.665552540 0.745518065
1561000590.890511274 -29.813616 -476.996928 22.588610 0.029429408 0.020283848 -0.666416762 0.744722213
1561000590.988823414 -29.687030 -477.895616 22.667863 0.030110896 0.021177981 -0.665720004 0.745293031
1561000591.091417789 -29.560620 -478.833399 22.741382 0.030544888 0.021064466 -0.666107930 0.744931892
1561000591.191116810 -29.437617 -479.753880 22.808628 0.030796200 0.020533091 -0.665648947 0.745346541
1561000591.290516138 -29.314822 -480.678206 22.884036 0.030540750 0.020770460 -0.665973967 0.745060082
1561000591.390684605 -29.190163 -481.625581 22.953387 0.029462878 0.019961605 -0.665720884 0.745351714
1561000591.488752842 -29.080709 -482.565200 23.027118 0.029173686 0.019384778 -0.665234745 0.745812215
1561000591.590551138 -28.952023 -483.529256 23.109203 0.028935840 0.019439243 -0.665496614 0.745586407
1561000591.690964699 -28.827412 -484.488917 23.188218 0.028686982 0.020265207 -0.665073301 0.745951662
1561000591.791765928 -28.707739 -485.461133 23.263663 0.029163078 0.020760319 -0.665165724 0.745837170
1561000591.891728163 -28.587648 -486.419387 23.344138 0.029164153 0.021478694 -0.665339048 0.745662168
1561000591.990128994 -28.445246 -487.380420 23.413092 0.028730522 0.020868729 -0.664814276 0.746164213
1561000592.091850996 -28.330083 -488.361139 23.484961 0.029633644 0.020203056 -0.664836636 0.746127289
1561000592.191487551 -28.197873 -489.333757 23.561995 0.031159957 0.020788753 -0.664901925 0.745990828
1561000592.291026354 -28.072923 -490.306154 23.647467 0.031463488 0.021650141 -0.665142201 0.745739346
1561000592.392240763 -27.942517 -491.269431 23.727946 0.030883221 0.021961295 -0.665168723 0.745730848
1561000592.490469933 -27.812852 -492.215163 23.812097 0.029472323 0.022424350 -0.664582090 0.746296976
1561000592.592296124 -27.675112 -493.178808 23.893476 0.028065381 0.022234590 -0.664963690 0.746016922
1561000592.691324234 -27.535589 -494.117808 23.968620 0.027704247 0.022199516 -0.664812136 0.746166523
1561000592.791807413 -27.405903 -495.079942 24.039917 0.027088135 0.021675692 -0.664773726 0.746238763
1561000592.891925573 -27.280145 -496.043215 24.119631 0.027020408 0.021449566 -0.664353895 0.746621535
1561000592.991660357 -27.156261 -497.002164 24.201681 0.026641151 0.021284764 -0.664832754 0.746213520
1561000593.092175484 -27.042381 -497.951602 24.281117 0.026439298 0.021139381 -0.664382852 0.746625419
1561000593.191032171 -26.916839 -498.911487 24.361947 0.026913693 0.022034539 -0.664479138 0.746496890
1561000593.292320251 -26.785979 -499.885219 24.440080 0.027236458 0.021856774 -0.665054200 0.745978128
1561000593.392226934 -26.667051 -500.837724 24.521800 0.027306411 0.022318702 -0.665064642 0.745952584
1561000593.490419626 -26.550386 -501.789655 24.599344 0.026949231 0.022091779 -0.665223133 0.745830996
1561000593.592355728 -26.414667 -502.766948 24.678365 0.026411051 0.021380143 -0.665284920 0.745815876
1561000593.690694332 -26.281460 -503.713735 24.763931 0.025987022 0.021473910 -0.665359053 0.745761943
1561000593.792477369 -26.149956 -504.684366 24.845192 0.025261796 0.021408288 -0.665414738 0.745739065
1561000593.892040491 -26.027950 -505.648575 24.924604 0.025271540 0.022176909 -0.665759470 0.745408520
1561000593.990993977 -25.895505 -506.610267 25.004241 0.025373682 0.023307642 -0.665267790 0.745809425
1561000594.092026711 -25.766522 -507.591056 25.082176 0.025729828 0.023833535 -0.665779671 0.745323667
1561000594.190759897 -25.646941 -508.557493 25.164195 0.026297221 0.023991948 -0.665761966 0.745314596
1561000594.291979790 -25.521262 -509.543660 25.243717 0.026387133 0.023447578 -0.665635767 0.745441450
1561000594.392016172 -25.393479 -510.518890 25.325760 0.026422126 0.023362096 -0.665387102 0.745664863
1561000594.490301371 -25.253585 -511.485541 25.402057 0.025717445 0.023066845 -0.666054709 0.745102448
1561000594.591866493 -25.133573 -512.493402 25.488481 0.024629063 0.022974710 -0.665645868 0.745507311
1561000594.690784454 -25.007528 -513.469069 25.570940 0.024256047 0.024132502 -0.665598353 0.745525385
1561000594.790734053 -24.880553 -514.455183 25.652447 0.024178665 0.025364851 -0.665614356 0.745472700
1561000594.891869545 -24.742539 -515.448002 25.734218 0.024095344 0.026346656 -0.665612060 0.745443394
1561000594.990980387 -24.598869 -516.439896 25.809103 0.023271747 0.026759337 -0.665661683 0.745410550
1561000595.092006922 -24.465970 -517.438540 25.861846 0.023812018 0.021938444 -0.665397595 0.745786654
1561000595.190716028 -24.339189 -518.424340 25.972837 0.024176934 0.017265464 -0.664320382 0.746857289
1561000595.291884661 -24.206211 -519.449657 26.059812 0.023267424 0.016893649 -0.664223859 0.746980520
1561000595.391803503 -24.075864 -520.472770 26.146979 0.026980548 0.021159266 -0.663698482 0.747213932
1561000595.492141962 -23.945085 -521.483882 26.237789 0.028132939 0.026669656 -0.663661409 0.747027979
1561000595.592346430 -23.801611 -522.483341 26.321176 0.027065717 0.027620473 -0.663662499 0.747031890
1561000595.690222025 -23.647043 -523.462428 26.397124 0.023501158 0.023850478 -0.663661943 0.747282862
1561000595.792217731 -23.504464 -524.504967 26.479790 0.020632724 0.019690943 -0.663187189 0.747909961
1561000595.892065525 -23.369286 -525.517416 26.564099 0.020740107 0.017723429 -0.662750346 0.748343308
1561000595.990150690 -23.225524 -526.525046 26.661550 0.023166964 0.018025032 -0.662204952 0.748747615
1561000596.091811657 -23.081494 -527.570083 26.761280 0.024943911 0.018802572 -0.661631381 0.749178337
1561000596.190252781 -22.936497 -528.589965 26.855552 0.025502078 0.018504287 -0.661281068 0.749476207
1561000596.292309761 -22.791762 -529.626763 26.953682 0.025607747 0.018260095 -0.660533617 0.750137422
1561000596.391895294 -22.637682 -530.655920 27.049717 0.025573767 0.017751084 -0.659800904 0.750795344
1561000596.490178347 -22.488417 -531.678407 27.143748 0.025478874 0.017822598 -0.659310675 0.751227407
1561000596.590694189 -22.326084 -532.732325 27.240343 0.025466538 0.018641938 -0.658564998 0.751861741
1561000596.690273285 -22.160067 -533.771033 27.334899 0.024882642 0.019595718 -0.658041311 0.752315422
1561000596.790704966 -21.992382 -534.819430 27.429509 0.024360634 0.020034117 -0.657391919 0.752888477
1561000596.892164946 -21.826909 -535.877261 27.523206 0.023778310 0.021105165 -0.656804226 0.753390584
1561000596.990465164 -21.668673 -536.904694 27.609321 0.023641159 0.021605174 -0.656371508 0.753757756
1561000597.091810465 -21.508654 -537.957504 27.700778 0.023989297 0.022195884 -0.655721044 0.754295545
1561000597.190271139 -21.343502 -538.987723 27.788358 0.024160385 0.021877605 -0.655257996 0.754701666
1561000597.291812420 -21.175059 -540.031104 27.879157 0.024373760 0.021114216 -0.655309266 0.754672032
1561000597.391829014 -21.002239 -541.076291 27.973391 0.024749572 0.020412495 -0.655251895 0.754728920
1561000597.490103245 -20.847317 -542.106741 28.069027 0.025046571 0.020232219 -0.655298502 0.754683510
1561000597.593163013 -20.685188 -543.162750 28.166010 0.025088902 0.020603726 -0.655413200 0.754572442
1561000597.691811085 -20.520110 -544.183722 28.259200 0.025118137 0.022444137 -0.655383165 0.754545060
1561000597.791757584 -20.349435 -545.214585 28.353078 0.024643450 0.024010009 -0.655620596 0.754306207
1561000597.893229008 -20.177229 -546.261357 28.448482 0.023590831 0.025064045 -0.655369371 0.754523859
1561000597.992306709 -20.006722 -547.263903 28.532322 0.022072348 0.025260384 -0.655885444 0.754114718
1561000598.093209743 -19.827816 -548.291303 28.619322 0.021033735 0.025021975 -0.655626301 0.754377648
1561000598.191784620 -19.667662 -549.310509 28.704123 0.020399653 0.024191903 -0.655504901 0.754527621
1561000598.291632175 -19.504183 -550.317517 28.792630 0.021025853 0.023873328 -0.655439133 0.754577710
1561000598.393446922 -19.350554 -551.329872 28.881563 0.021288051 0.023331289 -0.655558449 0.754483658
1561000598.491632223 -19.187279 -552.327695 28.977020 0.021476994 0.023393545 -0.655417534 0.754598792
1561000598.593048811 -19.025544 -553.336316 29.069863 0.021296690 0.022973553 -0.655260629 0.754753056
1561000598.691568851 -18.866388 -554.313814 29.157877 0.021366972 0.023042515 -0.655301338 0.754713622
1561000598.792965651 -18.710051 -555.309126 29.249950 0.021697138 0.023797022 -0.655050577 0.754898455
1561000598.893089294 -18.547332 -556.284427 29.347471 0.021515891 0.025121801 -0.654971045 0.754929727
1561000598.993161678 -18.383766 -557.240185 29.436945 0.021875021 0.026084211 -0.654720659 0.755103937
1561000599.094698191 -18.226357 -558.211600 29.521596 0.021820155 0.026893581 -0.654694679 0.755099658
1561000599.193372011 -18.072056 -559.144583 29.600030 0.021707441 0.027214154 -0.654750745 0.755042806
1561000599.294608355 -17.921240 -560.089079 29.684442 0.022027831 0.027192308 -0.654933055 0.754876180
1561000599.394530773 -17.765463 -561.022451 29.764569 0.021825674 0.026360181 -0.654844478 0.754988405
1561000599.492950439 -17.618818 -561.936394 29.840135 0.021454214 0.025235292 -0.654949226 0.754946626
1561000599.594431400 -17.478031 -562.864590 29.915405 0.022415886 0.023550073 -0.655170300 0.754781293
1561000599.693009853 -17.339853 -563.775220 30.001710 0.022824906 0.023066726 -0.655083557 0.754859248
1561000599.794755459 -17.193844 -564.697061 30.085486 0.023180693 0.022673165 -0.655351720 0.754627528
1561000599.894472837 -17.054009 -565.610492 30.164385 0.023376267 0.021959303 -0.655530841 0.754487015
1561000599.993855238 -16.920271 -566.510370 30.244274 0.024370520 0.021570311 -0.656016286 0.754044715
1561000600.094275951 -16.778417 -567.420660 30.329831 0.025177565 0.021482513 -0.656298735 0.753774875
1561000600.193070173 -16.635920 -568.318933 30.415893 0.025432777 0.022187802 -0.656559711 0.753518561
1561000600.294435740 -16.498850 -569.225938 30.494973 0.025695787 0.022877356 -0.656898473 0.753193700
1561000600.394577742 -16.362693 -570.109817 30.577488 0.025554679 0.022845462 -0.657166547 0.752965585
1561000600.493902683 -16.231965 -570.989073 30.656645 0.024198420 0.022957515 -0.657880738 0.752383097
1561000600.595031023 -16.100075 -571.863482 30.727510 0.023873268 0.022748866 -0.658100359 0.752207733
1561000600.693454266 -15.971207 -572.725375 30.805338 0.023497450 0.022119268 -0.658644034 0.751762359
1561000600.795016527 -15.837300 -573.601214 30.889196 0.023462644 0.022227867 -0.658940181 0.751500675
1561000600.894646406 -15.711220 -574.458696 30.971804 0.022754532 0.023073843 -0.659484491 0.751019331
1561000600.993197441 -15.590104 -575.302024 31.050350 0.022267354 0.024140524 -0.659773198 0.750746780
1561000601.094478607 -15.465640 -576.169028 31.130634 0.021497787 0.025012074 -0.659842150 0.750680077
1561000601.193123817 -15.333135 -577.014761 31.206570 0.020273207 0.025012177 -0.660285212 0.750324481
1561000601.293046713 -15.211626 -577.859084 31.279393 0.019541467 0.025476259 -0.660720835 0.749944711
1561000601.394511938 -15.083962 -578.702202 31.354022 0.019397470 0.025965719 -0.661260686 0.749455685
1561000601.493133307 -14.962154 -579.526116 31.428155 0.019433794 0.027306766 -0.661802629 0.748928533
1561000601.594646454 -14.853888 -580.353920 31.510295 0.018778058 0.028367370 -0.662600511 0.748200000
1561000601.693601608 -14.741833 -581.167134 31.584311 0.018693753 0.028681708 -0.663457581 0.747430225
1561000601.794752359 -14.628097 -581.986826 31.653284 0.018276175 0.028086843 -0.664091641 0.746899861
1561000601.893193245 -14.526848 -582.774842 31.722453 0.018629924 0.027708314 -0.664787535 0.746285943
1561000601.993494987 -14.404403 -583.581423 31.794081 0.018852831 0.028322717 -0.664572962 0.746448372
1561000602.094594717 -14.298915 -584.380349 31.870124 0.019374070 0.029456497 -0.664679242 0.746296499
1561000602.193256617 -14.190526 -585.158434 31.938789 0.019161605 0.031101358 -0.664704769 0.746212509
1561000602.294712067 -14.096874 -585.933925 32.007847 0.018196528 0.031726148 -0.664619528 0.746286287
1561000602.394783020 -13.998729 -586.695723 32.073745 0.017615510 0.031626215 -0.664504388 0.746406990
1561000602.494512320 -13.890110 -587.445643 32.138814 0.016835402 0.031192012 -0.664664268 0.746300903
1561000602.594928741 -13.783663 -588.186362 32.206666 0.016348553 0.031814338 -0.665107397 0.745890557
1561000602.693448782 -13.700377 -588.908455 32.275326 0.015587203 0.033923842 -0.666072751 0.744951879
1561000602.793993711 -13.601802 -589.631620 32.334535 0.014453370 0.034965090 -0.667980053 0.743216786
1561000602.894684792 -13.528968 -590.326950 32.399437 0.014355175 0.035658665 -0.670687963 0.740742901
1561000602.993436575 -13.459589 -591.005161 32.461922 0.013675442 0.035354036 -0.674235347 0.737543064
1561000603.094850779 -13.410667 -591.676544 32.523317 0.013275973 0.035205466 -0.678278268 0.733841206
1561000603.194755554 -13.365449 -592.330919 32.583990 0.013167440 0.035836542 -0.683368335 0.729074811
1561000603.294425726 -13.326507 -592.964443 32.639962 0.013411876 0.036091300 -0.689352860 0.723401807
1561000603.394670963 -13.314390 -593.591261 32.691105 0.013161533 0.035970484 -0.695538817 0.717466831
1561000603.494839191 -13.307618 -594.217491 32.752407 0.012367283 0.036764266 -0.702279633 0.710843693
1561000603.594933271 -13.304569 -594.819681 32.814179 0.011567438 0.036638307 -0.710563391 0.702583444
1561000603.693564415 -13.327980 -595.408471 32.865099 0.011374505 0.035422631 -0.719609921 0.693381151
1561000603.795365810 -13.377140 -596.004063 32.913729 0.010919523 0.033137443 -0.729077403 0.683541377
1561000603.895143270 -13.435480 -596.571090 32.963483 0.011017150 0.030954658 -0.739206956 0.672676376
1561000603.994510651 -13.550855 -597.144038 33.004074 0.014541830 0.029441423 -0.748556158 0.662257817
1561000604.095110893 -13.668357 -597.706635 33.053781 0.020331374 0.027416755 -0.758989179 0.650207954
1561000604.193301201 -13.802066 -598.257623 33.102050 0.025776784 0.024411721 -0.769383879 0.637799398
1561000604.294717789 -13.959859 -598.806721 33.141434 0.030727467 0.021481336 -0.780440374 0.624105117
1561000604.394948006 -14.157256 -599.352416 33.188411 0.034446726 0.013768894 -0.790557649 0.611262991
1561000604.494687319 -14.358972 -599.869439 33.235836 0.037071265 0.007568268 -0.801902159 0.596256128
1561000604.595186710 -14.564203 -600.398784 33.290366 0.039082717 0.004139087 -0.813484662 0.580256938
1561000604.693966150 -14.795862 -600.903500 33.328846 0.043203711 0.003495555 -0.825029791 0.563424409
1561000604.795244694 -15.075991 -601.427522 33.351171 0.049434249 0.002766575 -0.836028805 0.546447105
1561000604.895234823 -15.364422 -601.927526 33.386393 0.055571249 0.001384878 -0.846427402 0.529594724
1561000604.993923187 -15.656244 -602.410985 33.434953 0.057911252 0.000681338 -0.856991564 0.512065700
1561000605.094662189 -15.982043 -602.885856 33.485849 0.056357327 0.000878098 -0.867541625 0.494160509
1561000605.193653107 -16.305948 -603.358522 33.531673 0.051615691 0.000182901 -0.877906436 0.476042095
1561000605.294357300 -16.671452 -603.798185 33.559479 0.047182700 -0.004539278 -0.888213135 0.456979885
1561000605.395662546 -17.074288 -604.243385 33.584235 0.044432128 -0.008615692 -0.897669445 0.438339050
1561000605.492702484 -17.492651 -604.664147 33.611939 0.044586230 -0.011146381 -0.906453039 0.419798422
1561000605.594244480 -17.931404 -605.089106 33.643321 0.045909037 -0.010782614 -0.914895191 0.400927531
1561000605.693331003 -18.389051 -605.503265 33.677238 0.049962837 -0.010804852 -0.922250533 0.383198285
1561000605.794343233 -18.860034 -605.913661 33.720116 0.053753018 -0.010552814 -0.928506412 0.367253447
1561000605.894029140 -19.331772 -606.292171 33.764837 0.055276364 -0.011538192 -0.934575266 0.351255556
1561000605.996037006 -19.817063 -606.662072 33.802559 0.054058258 -0.012182231 -0.940230069 0.336001065
1561000606.095916510 -20.308688 -607.027180 33.838297 0.052301868 -0.013928914 -0.945000593 0.322559108
1561000606.194586754 -20.829791 -607.390072 33.861807 0.051088693 -0.016912413 -0.948628062 0.311783122
1561000606.295801640 -21.368068 -607.741222 33.893257 0.051506884 -0.020346788 -0.951492893 0.302645540
1561000606.394642830 -21.913542 -608.085846 33.930866 0.051946046 -0.022256411 -0.953997346 0.294440698
1561000606.495878935 -22.466475 -608.424415 33.982751 0.053033728 -0.021370881 -0.956423900 0.286328539
1561000606.595714092 -23.031556 -608.758576 34.028052 0.053028463 -0.020326254 -0.958754806 0.278503227
1561000606.694365025 -23.577227 -609.098813 34.061061 0.052329580 -0.020697055 -0.960731344 0.271714061
1561000606.795615911 -24.145637 -609.410477 34.088468 0.051621184 -0.023143674 -0.962317678 0.265978026
1561000606.894442558 -24.717891 -609.730049 34.127140 0.051432004 -0.025616706 -0.963702573 0.260721852
1561000606.995754242 -25.322515 -610.051913 34.171819 0.051440565 -0.028400992 -0.964862859 0.256099423
1561000607.095641851 -25.920212 -610.379341 34.215277 0.051179192 -0.030907819 -0.965645183 0.252892819
1561000607.194867373 -26.510631 -610.699091 34.267504 0.051951576 -0.031317574 -0.966187470 0.250603306
1561000607.295701027 -27.116096 -611.032401 34.310074 0.053032674 -0.031637265 -0.966743514 0.248180573
1561000607.395794153 -27.739498 -611.346684 34.349915 0.054878602 -0.031114653 -0.967309460 0.245627006
1561000607.494534254 -28.359218 -611.668720 34.386643 0.056121463 -0.031375523 -0.967575981 0.244259450
1561000607.595918179 -28.996474 -612.004247 34.425639 0.058168964 -0.032308145 -0.967820918 0.242683388
1561000607.694554090 -29.619000 -612.323747 34.462903 0.059505241 -0.033380674 -0.967924180 0.241800824
1561000607.795728207 -30.250355 -612.638196 34.500893 0.059485223 -0.034814303 -0.968081821 0.240971076
1561000607.895587683 -30.872338 -612.960801 34.545560 0.057965786 -0.035995619 -0.967999476 0.241498027
1561000607.995659351 -31.511515 -613.292538 34.581063 0.055335124 -0.036285020 -0.968373316 0.240571284
1561000608.095732927 -32.169320 -613.629178 34.623645 0.054085240 -0.034959213 -0.968541033 0.240376595
1561000608.194613695 -32.835399 -613.965265 34.666571 0.055393679 -0.035444361 -0.968367069 0.240708241
1561000608.295926094 -33.508485 -614.319716 34.706490 0.056497261 -0.035608154 -0.968106917 0.241472805
1561000608.396018505 -34.189408 -614.667316 34.750236 0.057785270 -0.035622594 -0.968028798 0.241479066
1561000608.495993137 -34.871546 -615.028036 34.796888 0.059201241 -0.034354365 -0.968006766 0.241408142
1561000608.595975637 -35.548299 -615.358563 34.827536 0.060238562 -0.033493044 -0.967960306 0.241458854
1561000608.694650173 -36.219687 -615.706562 34.874118 0.061428320 -0.032904483 -0.967876905 0.241574321
1561000608.796043396 -36.890688 -616.061801 34.897697 0.060319585 -0.033550217 -0.968005273 0.241250330
1561000608.894971132 -37.570390 -616.408200 34.936247 0.059803489 -0.033842704 -0.968056395 0.241132806
1561000608.995695591 -38.251916 -616.764130 34.971511 0.059697588 -0.034648462 -0.968032430 0.241140822
1561000609.095528364 -38.926525 -617.115980 35.008486 0.060110882 -0.034959501 -0.968075801 0.240818935
1561000609.194526196 -39.603331 -617.465624 35.051615 0.060196097 -0.034442207 -0.968084482 0.240837290
1561000609.295534134 -40.298264 -617.817783 35.089264 0.059942237 -0.033762486 -0.968145941 0.240749788
1561000609.395491123 -40.988388 -618.166546 35.119409 0.060230811 -0.034337124 -0.968293779 0.240000768
1561000609.495063305 -41.691243 -618.527974 35.153039 0.061385667 -0.035275418 -0.968158772 0.240116715
1561000609.595340729 -42.375417 -618.887485 35.192559 0.062832423 -0.034813967 -0.968012660 0.240398763
1561000609.694152355 -43.067233 -619.245218 35.229995 0.063063871 -0.033893423 -0.968158845 0.239880460
1561000609.794476271 -43.774879 -619.609219 35.266270 0.062517662 -0.032860748 -0.968194295 0.240024000
1561000609.894307613 -44.485706 -619.981185 35.307762 0.061845628 -0.030847601 -0.968390925 0.239671777
1561000609.994590998 -45.198193 -620.361859 35.336436 0.061228211 -0.029105339 -0.968523276 0.239513360
1561000610.095749617 -45.914304 -620.727322 35.364310 0.059561535 -0.029769422 -0.968650331 0.239338134
1561000610.194680929 -46.630624 -621.097523 35.400565 0.056486887 -0.032174565 -0.968778491 0.239253556
1561000610.295899153 -47.372339 -621.467049 35.442053 0.053671989 -0.033315851 -0.968970415 0.238968003
1561000610.395681381 -48.110810 -621.839990 35.489672 0.054228329 -0.034407898 -0.968838988 0.239220399
1561000610.494619608 -48.848487 -622.210326 35.534835 0.056406498 -0.035786970 -0.968790060 0.238712000
1561000610.595914364 -49.589260 -622.585212 35.582022 0.057213456 -0.036599075 -0.968684959 0.238823320
1561000610.694490910 -50.325265 -622.948414 35.634026 0.057810476 -0.036668482 -0.968673889 0.238713777
1561000610.795706272 -51.086155 -623.332617 35.679535 0.057978904 -0.036510200 -0.968635296 0.238853751
1561000610.895713329 -51.840632 -623.718233 35.718967 0.058934700 -0.036369346 -0.968551251 0.238982106
1561000610.994502544 -52.610463 -624.122176 35.762868 0.060442663 -0.036027337 -0.968471724 0.238979569
1561000611.095757723 -53.383750 -624.514953 35.802465 0.061146386 -0.035459164 -0.968474132 0.238875749
1561000611.194505453 -54.147913 -624.905047 35.838337 0.061280827 -0.035712876 -0.968491139 0.238734505
1561000611.295738935 -54.935153 -625.307548 35.875384 0.060954785 -0.036560991 -0.968465743 0.238792615
1561000611.395321131 -55.715339 -625.696926 35.921301 0.060555366 -0.037817432 -0.968533391 0.238423909
1561000611.495012522 -56.496229 -626.092343 35.964877 0.059934888 -0.037744417 -0.968438574 0.238976770
1561000611.595866442 -57.303806 -626.495952 36.003806 0.059184113 -0.037933673 -0.968409826 0.239250256
1561000611.696907520 -58.107232 -626.904408 36.050453 0.059350536 -0.038151164 -0.968427261 0.239103832
1561000611.797232151 -58.914480 -627.320266 36.095013 0.060082510 -0.037627220 -0.968407311 0.239084847
1561000611.897061348 -59.722952 -627.736800 36.150722 0.061257002 -0.035788977 -0.968348404 0.239307536
1561000611.996095657 -60.524396 -628.163817 36.197869 0.060746137 -0.033256837 -0.968555803 0.238963482
1561000612.097243309 -61.336436 -628.592418 36.237811 0.059306385 -0.031877264 -0.968666716 0.239063560
1561000612.196192741 -62.157067 -629.008939 36.276560 0.058163209 -0.032057142 -0.968741605 0.239016910
1561000612.297273397 -63.005921 -629.433199 36.311680 0.058670927 -0.032349747 -0.968757194 0.238790109
1561000612.396880150 -63.841717 -629.865979 36.354807 0.060569986 -0.031857049 -0.968646242 0.238832290
1561000612.497487307 -64.691787 -630.299233 36.399917 0.061984674 -0.030490043 -0.968519693 0.239160743
1561000612.597723961 -65.540075 -630.730147 36.436354 0.061504036 -0.030186858 -0.968653452 0.238781275
1561000612.697077036 -66.383894 -631.163738 36.472701 0.060463605 -0.031257336 -0.968529024 0.239413161
1561000612.797739267 -67.245360 -631.602416 36.529977 0.058950148 -0.030767310 -0.968513522 0.239916256
1561000612.896218538 -68.085981 -632.043447 36.588997 0.057475732 -0.028599045 -0.968743792 0.239612398
1561000612.989501953 -68.924003 -632.479069 36.639552 0.057720609 -0.026016516 -0.968789008 0.239665039
1561000613.089231253 -69.816085 -632.945732 36.686273 0.058782793 -0.023276106 -0.968710039 0.240007636
1561000613.188308239 -70.694456 -633.417904 36.726600 0.058754863 -0.021560640 -0.968726770 0.240107162
1561000613.289571285 -71.599496 -633.879737 36.743435 0.056528805 -0.024956411 -0.968721951 0.240331964
1561000613.389598608 -72.475388 -634.327304 36.796607 0.053748484 -0.025421549 -0.968811075 0.240561730
1561000613.488378525 -73.346882 -634.765418 36.860519 0.053112685 -0.027098820 -0.968968351 0.239885456
1561000613.589390993 -74.254918 -635.230162 36.910471 0.057573677 -0.025858125 -0.968405723 0.241261236
1561000613.688098669 -75.149245 -635.692090 36.950392 0.062599117 -0.025263609 -0.968224303 0.240800330
1561000613.789130211 -76.048696 -636.160693 36.992433 0.064583161 -0.024602574 -0.968063100 0.240992868
1561000613.888866425 -76.944755 -636.617014 37.024157 0.061581885 -0.026899463 -0.968226967 0.240874719
1561000613.988075495 -77.838194 -637.077359 37.064716 0.057471274 -0.030084474 -0.968304379 0.241202420
1561000614.089151859 -78.759795 -637.551877 37.119382 0.055617134 -0.032652846 -0.968408038 0.240886691
1561000614.188094616 -79.685547 -638.030148 37.178300 0.056765200 -0.032880377 -0.968205289 0.241402386
1561000614.289078474 -80.624736 -638.505391 37.249045 0.058619917 -0.032110054 -0.968245884 0.240899477
1561000614.387990236 -81.538925 -638.982687 37.308944 0.058603960 -0.029948181 -0.968122653 0.241675838
1561000614.489078999 -82.505577 -639.473037 37.361308 0.058217438 -0.029001834 -0.968413627 0.240716994
1561000614.589188576 -83.454406 -639.963761 37.410283 0.057221704 -0.028865687 -0.968443833 0.240850557
1561000614.688157082 -84.384210 -640.446893 37.455985 0.056714397 -0.029144512 -0.968362326 0.241264337
1561000614.789418221 -85.332673 -640.937636 37.504385 0.058035196 -0.030441183 -0.968347476 0.240849363
1561000614.888713121 -86.296186 -641.439836 37.557616 0.060582364 -0.030800497 -0.968150609 0.240967848
1561000614.988160849 -87.257058 -641.935775 37.609800 0.062475922 -0.030284125 -0.968110107 0.240712385
1561000615.089141607 -88.240508 -642.433921 37.651256 0.062017849 -0.030731764 -0.968011681 0.241169504
1561000615.189135790 -89.207242 -642.934150 37.688566 0.060646091 -0.032587791 -0.968093868 0.240944704
1561000615.289143324 -90.180096 -643.430357 37.740765 0.059623220 -0.034604177 -0.968106253 0.240869063
1561000615.388444901 -91.158004 -643.932373 37.797936 0.059970952 -0.035612049 -0.968024941 0.240962613
1561000615.489651918 -92.157408 -644.434501 37.851607 0.061166309 -0.036374974 -0.967970637 0.240766257
1561000615.589311838 -93.137388 -644.936424 37.910507 0.062741398 -0.036214391 -0.967767622 0.241200881
1561000615.689277172 -94.128794 -645.443292 37.961424 0.063687361 -0.035691122 -0.967787554 0.240950853
1561000615.788393736 -95.112955 -645.937557 38.019756 0.064203799 -0.035016340 -0.967876911 0.240553556
1561000615.888084412 -96.093474 -646.448391 38.068840 0.062460393 -0.034202478 -0.968017534 0.240563802
1561000615.989220858 -97.082248 -646.952003 38.117040 0.060620131 -0.034954909 -0.968055056 0.240775335
1561000616.089035034 -98.051296 -647.450447 38.176328 0.060867369 -0.035512643 -0.968131607 0.240323131
1561000616.188613653 -99.015792 -647.946212 38.240904 0.061939697 -0.034471156 -0.968219889 0.239844657
1561000616.288748264 -99.979912 -648.445179 38.293791 0.061860925 -0.033232548 -0.968435882 0.239166818
1561000616.388676167 -100.943401 -648.935464 38.345537 0.061456460 -0.032187494 -0.968513213 0.239100868
1561000616.489473343 -101.916847 -649.434612 38.401274 0.061508884 -0.031258152 -0.968463524 0.239411754
1561000616.589435101 -102.866684 -649.923692 38.449006 0.062216961 -0.030692102 -0.968595271 0.238768183
1561000616.689429522 -103.834367 -650.414010 38.491969 0.063741854 -0.030474397 -0.968766878 0.237695231
1561000616.789684296 -104.792505 -650.899582 38.531006 0.065039137 -0.030891568 -0.968913634 0.236689651
1561000616.888927460 -105.731668 -651.370302 38.569017 0.064812874 -0.031834833 -0.969115683 0.235797853
1561000616.989599466 -106.680501 -651.837360 38.604488 0.064824447 -0.033547570 -0.969293039 0.234826226
1561000617.089574099 -107.633998 -652.305581 38.661728 0.064704478 -0.033932069 -0.969633704 0.233393285
1561000617.188576698 -108.573764 -652.761968 38.723156 0.064170939 -0.033685784 -0.970049170 0.231844703
1561000617.289016008 -109.521151 -653.222636 38.784507 0.063015628 -0.031426446 -0.970737700 0.229585989
1561000617.388069630 -110.462773 -653.681200 38.831435 0.063607059 -0.028667972 -0.971301117 0.227390479
1561000617.489055634 -111.421533 -654.130578 38.875264 0.064816188 -0.026472387 -0.971970238 0.224436920
1561000617.589154005 -112.364968 -654.573798 38.914962 0.065354439 -0.024735327 -0.972931514 0.220275352
1561000617.688149214 -113.313234 -655.011908 38.948102 0.064948345 -0.023836084 -0.973777171 0.216729265
1561000617.789316893 -114.284304 -655.437047 38.973296 0.063694965 -0.024486143 -0.974841103 0.212198502
1561000617.888341665 -115.225143 -655.833465 39.000240 0.062732463 -0.026033132 -0.975881162 0.207467759
1561000617.988661766 -116.171138 -656.226183 39.046856 0.062075533 -0.027598564 -0.977018439 0.202039397
1561000618.089234591 -117.120987 -656.603225 39.092740 0.062617805 -0.028136676 -0.978148673 0.196246050
1561000618.188106298 -118.068808 -656.973350 39.132228 0.063249207 -0.029102036 -0.979161112 0.190777688
1561000618.289127350 -119.038017 -657.328416 39.169792 0.063327871 -0.030352612 -0.980174382 0.185274067
1561000618.388021946 -119.975475 -657.664416 39.219098 0.063543446 -0.030309630 -0.981454518 0.178299147
1561000618.489086151 -120.944293 -657.994287 39.265124 0.062898730 -0.028111752 -0.982723230 0.171780475
1561000618.589167595 -121.908543 -658.330827 39.304368 0.061236119 -0.026933514 -0.984033210 0.164934428
1561000618.688556194 -122.889011 -658.649598 39.346678 0.059618984 -0.027034336 -0.985333766 0.157582015
1561000618.789288521 -123.869049 -658.943814 39.387088 0.059620221 -0.027165581 -0.986592876 0.149472260
1561000618.888283014 -124.847718 -659.210467 39.427899 0.061926419 -0.026200174 -0.987547444 0.142227692
1561000618.989082575 -125.832742 -659.471385 39.457841 0.064502268 -0.025410340 -0.988414967 0.135017131
1561000619.089042187 -126.812989 -659.722022 39.495294 0.066257574 -0.025183445 -0.989275802 0.127707150
1561000619.189354181 -127.805250 -659.948109 39.519834 0.067260004 -0.024418362 -0.990135676 0.120462354
1561000619.289241076 -128.792351 -660.164361 39.539123 0.067324700 -0.025167681 -0.990920029 0.113628644
1561000619.388316154 -129.787643 -660.370456 39.558923 0.066654296 -0.025890468 -0.991698994 0.106864370
1561000619.489248037 -130.799065 -660.562821 39.575410 0.065884420 -0.027638231 -0.992371911 0.100465726
1561000619.588975191 -131.791103 -660.732789 39.604142 0.066244810 -0.029053127 -0.992897352 0.094458402
1561000619.687911749 -132.790827 -660.901985 39.636114 0.067120220 -0.029461146 -0.993357753 0.088697759
1561000619.788990974 -133.810085 -661.058633 39.659380 0.067639609 -0.029665974 -0.993722791 0.084022780
1561000619.888056278 -134.803469 -661.215365 39.676726 0.068741598 -0.031017117 -0.993959607 0.079729742
1561000619.989029408 -135.822019 -661.356209 39.694933 0.069491420 -0.031977664 -0.994100547 0.076892609
1561000620.089244127 -136.832552 -661.497314 39.714015 0.070241668 -0.032648182 -0.994173713 0.074958872
1561000620.188662529 -137.840673 -661.636894 39.731399 0.070393100 -0.033531370 -0.994244546 0.073472728
1561000620.289382696 -138.862861 -661.771774 39.745273 0.070831413 -0.034256335 -0.994241649 0.072752713
1561000620.388595819 -139.864988 -661.895626 39.752286 0.070486680 -0.035021156 -0.994219848 0.073020828
1561000620.488496780 -140.880010 -662.034834 39.773861 0.070657610 -0.035673220 -0.994163210 0.073310541
1561000620.589591503 -141.910701 -662.172094 39.792120 0.070552192 -0.035604448 -0.994167808 0.073383109
1561000620.688437462 -142.921619 -662.314193 39.806679 0.070824197 -0.036200165 -0.994093797 0.073830920
1561000620.789510727 -143.942445 -662.458049 39.823313 0.071315841 -0.036556640 -0.994010385 0.074303545
1561000620.888329506 -144.944197 -662.598100 39.844004 0.071029123 -0.036720043 -0.993975216 0.074965136
1561000620.989353657 -145.973005 -662.745126 39.865965 0.070700780 -0.035879637 -0.994022515 0.075055258
1561000621.089260578 -146.986248 -662.904196 39.881160 0.070331258 -0.034803090 -0.994106738 0.074793398
1561000621.189027071 -147.999789 -663.061098 39.898216 0.070822705 -0.033278183 -0.994113984 0.074927256
1561000621.288985014 -149.021562 -663.213088 39.913474 0.070810964 -0.032304808 -0.994115495 0.075343150
1561000621.388111591 -150.036870 -663.349646 39.926974 0.071089149 -0.031172669 -0.994079084 0.076035335
1561000621.489301205 -151.063256 -663.497739 39.941616 0.071033775 -0.030600539 -0.994123474 0.075738551
1561000621.589387894 -152.088898 -663.647772 39.958426 0.071244343 -0.029685105 -0.994117955 0.075977169
1561000621.689358950 -153.111836 -663.797199 39.979865 0.072101558 -0.028810758 -0.994063592 0.076216015
1561000621.789435863 -154.135005 -663.950593 39.992029 0.073442660 -0.026914185 -0.994013735 0.076279077
1561000621.888290882 -155.145872 -664.097611 40.002513 0.074916626 -0.026378324 -0.993902006 0.076488468
1561000621.988398314 -156.175706 -664.242080 40.000962 0.072631028 -0.027489913 -0.994044685 0.076447390
1561000622.089270592 -157.186059 -664.391516 40.004057 0.066042907 -0.029368514 -0.994520136 0.075534921
1561000622.189040899 -158.194417 -664.532422 40.038315 0.063177765 -0.031679296 -0.994624921 0.075672041
1561000622.288555622 -159.214080 -664.664138 40.067399 0.064927489 -0.032854921 -0.994455744 0.075912764
1561000622.388411760 -160.222843 -664.800454 40.103650 0.069622203 -0.033796968 -0.994078415 0.076279868
1561000622.489401817 -161.246916 -664.945633 40.130921 0.072270274 -0.033707988 -0.993923225 0.075877546
1561000622.589355707 -162.250053 -665.095785 40.145091 0.071623101 -0.032689587 -0.994009840 0.075802108
1561000622.688276768 -163.240366 -665.237936 40.159685 0.070115723 -0.031674099 -0.994150187 0.075801992
1561000622.791048527 -164.271924 -665.395313 40.177644 0.069182491 -0.031782028 -0.994261541 0.075151000
1561000622.888669729 -165.263213 -665.534504 40.187159 0.069903229 -0.032777303 -0.994145643 0.075588535
1561000622.990720034 -166.276429 -665.674299 40.213689 0.071051307 -0.033360613 -0.994050850 0.075509527
1561000623.090923071 -167.258372 -665.811290 40.231801 0.069045038 -0.034852305 -0.994165858 0.075182091
1561000623.190767050 -168.242890 -665.947552 40.261896 0.066890400 -0.036144577 -0.994289920 0.074878557
1561000623.291919947 -169.243422 -666.082792 40.283031 0.066918037 -0.036652428 -0.994282982 0.074698917
1561000623.388769627 -170.214552 -666.218725 40.317549 0.069353288 -0.037314322 -0.994159113 0.073793091
1561000623.490224838 -171.211861 -666.352541 40.345972 0.070212723 -0.037305658 -0.994195846 0.072478141
1561000623.591126680 -172.196635 -666.479997 40.370445 0.069708632 -0.036663124 -0.994394155 0.070546343
1561000623.688518047 -173.169455 -666.602956 40.385772 0.068257507 -0.036510635 -0.994669922 0.068114843
1561000623.790722609 -174.145184 -666.722686 40.407853 0.067221624 -0.037072913 -0.994948242 0.064690399
1561000623.890065908 -175.106801 -666.826840 40.433763 0.066441995 -0.038537498 -0.995168482 0.061155656
1561000623.988938093 -176.068956 -666.920920 40.459733 0.066702272 -0.039491635 -0.995406659 0.056185414
1561000624.090300560 -177.060868 -667.008203 40.488059 0.069392600 -0.039292682 -0.995533739 0.050530450
1561000624.189752340 -178.036837 -667.082207 40.506864 0.073668013 -0.040699703 -0.995430372 0.045110219
1561000624.289936304 -179.003025 -667.143246 40.515653 0.075843087 -0.042661441 -0.995415886 0.039686780
1561000624.388128042 -179.944166 -667.194727 40.511759 0.074828482 -0.045047353 -0.995619480 0.033365939
1561000624.488582373 -180.891360 -667.221304 40.515955 0.071875062 -0.046687744 -0.995957963 0.026869420
1561000624.589946270 -181.836760 -667.238715 40.527253 0.070266200 -0.047415079 -0.996203812 0.019810024
1561000624.688107967 -182.774654 -667.241157 40.544085 0.071279619 -0.047318372 -0.996253152 0.012642994
1561000624.789952040 -183.731276 -667.234258 40.558053 0.074076547 -0.046997317 -0.996128743 0.005607644
1561000624.889183998 -184.672887 -667.226336 40.574240 0.077114175 -0.045407379 -0.995984833 -0.002405477
1561000624.989991426 -185.626354 -667.197922 40.569903 0.078539040 -0.043950209 -0.995892537 -0.009902179
1561000625.090699196 -186.563872 -667.151854 40.541233 0.075314615 -0.047274936 -0.995889135 -0.017251692
1561000625.190145731 -187.479870 -667.076485 40.541799 0.071011683 -0.050471338 -0.995895261 -0.024548210
1561000625.289371014 -188.394394 -666.987650 40.552425 0.068090239 -0.052168384 -0.995775780 -0.032753241
1561000625.388485670 -189.310406 -666.884763 40.558278 0.069289769 -0.054482073 -0.995302613 -0.040041732
1561000625.488559008 -190.242409 -666.763269 40.566315 0.073768927 -0.056144141 -0.994612783 -0.046383101
1561000625.590664864 -191.174357 -666.646214 40.555593 0.077806127 -0.058479552 -0.993869561 -0.052437052
1561000625.688931704 -192.084835 -666.519627 40.549891 0.079224417 -0.060208517 -0.993354474 -0.057838692
1561000625.789959669 -192.991024 -666.385994 40.551385 0.078051141 -0.060890947 -0.993089443 -0.063037054
1561000625.890158415 -193.892553 -666.255689 40.552062 0.075762096 -0.060325315 -0.992969477 -0.068063049
1561000625.990035057 -194.781818 -666.115295 40.539324 0.074426571 -0.060389694 -0.992758514 -0.072417569
1561000626.089098215 -195.668144 -665.959963 40.531663 0.074757696 -0.061558041 -0.992348309 -0.076594570
1561000626.190240145 -196.557809 -665.790968 40.524691 0.074950397 -0.063062081 -0.991909335 -0.080755694
1561000626.290015936 -197.427229 -665.621861 40.524036 0.075478034 -0.064323608 -0.991402952 -0.085356471
1561000626.388239384 -198.282796 -665.446678 40.521374 0.076055133 -0.065023090 -0.990928681 -0.089710448
1561000626.490420818 -199.148449 -665.264102 40.512901 0.076677508 -0.065331851 -0.990472959 -0.093891564
1561000626.590437651 -199.996980 -665.082415 40.507404 0.077394364 -0.065280733 -0.989902856 -0.099201183
1561000626.688868761 -200.842329 -664.885070 40.494775 0.078315295 -0.064937342 -0.989401925 -0.103603506
1561000626.790282249 -201.686357 -664.687555 40.489827 0.080358839 -0.064021685 -0.988630464 -0.109788374
1561000626.888747931 -202.525020 -664.476737 40.474210 0.081336025 -0.062033617 -0.988054556 -0.115258303
1561000626.990528822 -203.369243 -664.255980 40.440723 0.079717948 -0.061810625 -0.987388128 -0.122021224
1561000627.091301680 -204.188950 -664.025185 40.421338 0.077338794 -0.061974966 -0.986723846 -0.128661826
1561000627.190646648 -204.980207 -663.790570 40.408163 0.075749458 -0.061968256 -0.985862265 -0.136005697
1561000627.291584730 -205.795255 -663.534337 40.395486 0.076720746 -0.062833456 -0.984779585 -0.142741209
1561000627.389930964 -206.598825 -663.268500 40.371909 0.079016749 -0.065068528 -0.983541770 -0.148889312
1561000627.491462469 -207.406827 -662.991060 40.356391 0.081690434 -0.066475193 -0.982186078 -0.155622076
1561000627.590996265 -208.192188 -662.706249 40.345066 0.082643342 -0.064852406 -0.981063510 -0.162722563
1561000627.689822435 -208.970459 -662.410810 40.319482 0.080553044 -0.063283799 -0.980124356 -0.169890007
1561000627.791645527 -209.742429 -662.107848 40.284114 0.078529105 -0.063429500 -0.978990042 -0.177167647
1561000627.890107632 -210.493914 -661.795209 40.260374 0.077320175 -0.064593463 -0.977674613 -0.184395300
1561000627.991990805 -211.250786 -661.471136 40.248102 0.077690610 -0.065049259 -0.976237357 -0.191555179
1561000628.091292620 -211.985597 -661.142366 40.228859 0.077193137 -0.065439536 -0.974738023 -0.199109701
1561000628.190286398 -212.717287 -660.797917 40.207842 0.076919788 -0.065730352 -0.973276122 -0.206146691
1561000628.291982651 -213.450353 -660.438759 40.181500 0.076631472 -0.066407320 -0.971730162 -0.213209233
1561000628.389955044 -214.153584 -660.085556 40.159718 0.077669981 -0.067257910 -0.970035887 -0.220168403
1561000628.491547346 -214.871172 -659.711030 40.130730 0.077714809 -0.068945790 -0.968365105 -0.226883031
1561000628.592483997 -215.568298 -659.333793 40.103966 0.078184103 -0.070329924 -0.966585134 -0.233782222
1561000628.692939281 -216.268619 -658.944581 40.077337 0.077853625 -0.071301112 -0.964965180 -0.240202342
1561000628.792975903 -216.958798 -658.551243 40.052686 0.077970905 -0.072067812 -0.963378358 -0.246229382
1561000628.893124342 -217.641290 -658.153234 40.033165 0.079525958 -0.071864808 -0.961878089 -0.251598119
1561000628.994488001 -218.341350 -657.746815 40.003017 0.082888717 -0.071634484 -0.960308236 -0.256526905
1561000629.093893528 -219.026459 -657.334354 39.971238 0.087773023 -0.071100097 -0.958748061 -0.260850202
1561000629.194137573 -219.705878 -656.919902 39.916773 0.088409312 -0.069702218 -0.957427255 -0.265816564
1561000629.294419289 -220.365674 -656.498902 39.879685 0.081475555 -0.070354767 -0.956678911 -0.270513218
1561000629.392949581 -221.007634 -656.075320 39.851031 0.071543852 -0.069859635 -0.956091945 -0.275480128
1561000629.494343758 -221.674973 -655.624440 39.824814 0.068039149 -0.069902707 -0.954969575 -0.280209558
1561000629.594117880 -222.336406 -655.180406 39.792726 0.072512138 -0.071240771 -0.953587198 -0.283439936
1561000629.694884539 -222.999809 -654.725984 39.754688 0.080787590 -0.074443884 -0.951768330 -0.286476036
1561000629.794420242 -223.655322 -654.267705 39.722831 0.085389288 -0.076474302 -0.950048008 -0.290291462
1561000629.892960310 -224.307019 -653.814694 39.697994 0.084521750 -0.075694372 -0.948835082 -0.294683599
1561000629.994221687 -224.966095 -653.326570 39.664634 0.082391468 -0.073341060 -0.947522696 -0.300055786
1561000630.094347715 -225.605283 -652.862670 39.629494 0.081745271 -0.070803980 -0.946247758 -0.304827306
1561000630.195721149 -226.247887 -652.376729 39.585976 0.080437091 -0.069819323 -0.944781286 -0.309908790
1561000630.294262886 -226.873656 -651.889791 39.541719 0.079916301 -0.070150841 -0.943128107 -0.314962885
1561000630.392771244 -227.500377 -651.385398 39.503311 0.077934397 -0.070905752 -0.941276033 -0.320777235
1561000630.494265318 -228.126329 -650.876600 39.472295 0.077815270 -0.069841370 -0.939259112 -0.326893390
1561000630.594314575 -228.745886 -650.349514 39.436662 0.077673038 -0.070763901 -0.936895766 -0.333445187
1561000630.694082022 -229.352669 -649.823958 39.392078 0.076104414 -0.072839959 -0.934732368 -0.339378637
1561000630.794213772 -229.957885 -649.281131 39.353918 0.076158683 -0.077226369 -0.931788277 -0.346419614
1561000630.894426823 -230.559376 -648.720637 39.318215 0.077353863 -0.080966212 -0.929151296 -0.352333253
1561000630.994351387 -231.156375 -648.157579 39.288662 0.080125082 -0.082505250 -0.926521813 -0.358232026
1561000631.093429804 -231.755278 -647.590325 39.247064 0.082177212 -0.082798149 -0.923764848 -0.364760028
1561000631.194374323 -232.355947 -646.994066 39.188599 0.082896725 -0.082746113 -0.921604743 -0.370035015
1561000631.294577122 -232.933519 -646.405276 39.131672 0.081395652 -0.082694132 -0.918990333 -0.376819847
1561000631.392826080 -233.507968 -645.819371 39.082525 0.080102557 -0.081135214 -0.916070756 -0.384467198
1561000631.494274139 -234.086019 -645.201457 39.035241 0.079140231 -0.079402216 -0.913491586 -0.391107701
1561000631.593245506 -234.642577 -644.580771 38.990662 0.079542243 -0.079243162 -0.910537777 -0.397887558
1561000631.694633245 -235.215019 -643.934246 38.934276 0.080880892 -0.079609360 -0.907461363 -0.404517622
1561000631.794399261 -235.762445 -643.284551 38.879676 0.081184203 -0.080341233 -0.904265211 -0.411410793
1561000631.894675732 -236.300197 -642.622614 38.829351 0.079939624 -0.080519279 -0.901370200 -0.417921123
1561000631.994400501 -236.833834 -641.952092 38.777990 0.078995980 -0.079503565 -0.898381417 -0.424675932
1561000632.093494654 -237.362008 -641.266391 38.727885 0.080263529 -0.079190199 -0.895380879 -0.430789693
1561000632.193294048 -237.888081 -640.573164 38.669962 0.082462441 -0.080091167 -0.892291288 -0.436579441
1561000632.294002533 -238.403461 -639.853751 38.597470 0.082841728 -0.081363666 -0.889660647 -0.441611974
1561000632.392628193 -238.908764 -639.143016 38.536432 0.082381639 -0.082662327 -0.886988660 -0.446801211
1561000632.493998289 -239.413601 -638.426013 38.466633 0.079924590 -0.083863063 -0.884658167 -0.451618173
1561000632.593672276 -239.907723 -637.706757 38.402007 0.076894505 -0.086713371 -0.882599050 -0.455617101
1561000632.692743301 -240.401408 -636.959201 38.349480 0.074539259 -0.090174601 -0.881057484 -0.458312284
1561000632.794433594 -240.898239 -636.196454 38.298922 0.076372526 -0.090590175 -0.879159539 -0.461561655
1561000632.893425703 -241.392777 -635.444186 38.240991 0.078139987 -0.091232819 -0.877715077 -0.463882484
1561000632.994256735 -241.887540 -634.685629 38.174151 0.078223805 -0.091780849 -0.876421253 -0.466200707
1561000633.093676090 -242.374453 -633.942616 38.106789 0.075936747 -0.092169242 -0.874746476 -0.469635010
1561000633.194122076 -242.853990 -633.190086 38.053790 0.076191599 -0.091500602 -0.873167297 -0.472653521
1561000633.294004917 -243.347213 -632.427830 38.005632 0.078442788 -0.091277528 -0.871557183 -0.475292772
1561000633.392528057 -243.824528 -631.650069 37.942303 0.082800821 -0.090901260 -0.869677062 -0.478061495
1561000633.493539333 -244.311114 -630.859820 37.854550 0.085149990 -0.091182136 -0.867551642 -0.481445164
1561000633.594289541 -244.788511 -630.077409 37.768249 0.083908536 -0.090308684 -0.865804570 -0.484959942
1561000633.694199324 -245.251193 -629.293094 37.693544 0.082040267 -0.087956765 -0.864163492 -0.488625071
1561000633.794466734 -245.712132 -628.505867 37.625563 0.079492621 -0.086741650 -0.862322731 -0.492500068
1561000633.893146038 -246.161136 -627.724033 37.559649 0.078446774 -0.086738579 -0.860019256 -0.496678369
1561000633.994599342 -246.592973 -626.920770 37.500368 0.077220802 -0.086064090 -0.858100858 -0.500292752
1561000634.092911243 -247.030267 -626.140063 37.448242 0.076338506 -0.085515038 -0.856473546 -0.503301775
1561000634.195925474 -247.472779 -625.318181 37.387199 0.075571356 -0.084703333 -0.854262024 -0.507297456
1561000634.295800924 -247.877533 -624.523254 37.333463 0.075702114 -0.084810309 -0.852086543 -0.510905985
1561000634.394457817 -248.287550 -623.702952 37.269219 0.076548793 -0.085434220 -0.850047828 -0.514062220
1561000634.495526314 -248.709344 -622.882197 37.216603 0.077470678 -0.085212732 -0.847829935 -0.517611326
1561000634.594696999 -249.118781 -622.075736 37.162517 0.079213843 -0.084798807 -0.844594118 -0.522680691
1561000634.695588827 -249.528818 -621.236260 37.088730 0.079929685 -0.084360085 -0.841786187 -0.527153333
1561000634.796996117 -249.913919 -620.384700 37.016595 0.080472435 -0.084566583 -0.839221019 -0.531112758
1561000634.895970583 -250.298983 -619.549309 36.949877 0.081449725 -0.084505591 -0.835417980 -0.536937190
1561000634.997096062 -250.660962 -618.673880 36.886156 0.083148494 -0.084420660 -0.832529591 -0.541159828
1561000635.088376045 -251.000169 -617.848074 36.813156 0.084671990 -0.084340455 -0.829266833 -0.545924776
1561000635.188533306 -251.352436 -616.961507 36.731882 0.085619547 -0.083922120 -0.825750342 -0.551146753
1561000635.289187193 -251.689330 -616.077353 36.647189 0.085386760 -0.083926017 -0.822495261 -0.556027940
1561000635.388779640 -252.023907 -615.210443 36.569780 0.084483568 -0.083378630 -0.818834811 -0.561622723
1561000635.488985777 -252.355348 -614.326573 36.498268 0.083690140 -0.082380687 -0.815523111 -0.566684602
1561000635.588765144 -252.664117 -613.454749 36.428710 0.082785460 -0.081113195 -0.811921752 -0.572145336
1561000635.688190699 -252.959147 -612.569327 36.358825 0.082676960 -0.080230138 -0.808337684 -0.577336846
1561000635.788929462 -253.238189 -611.660892 36.292762 0.083702662 -0.080080180 -0.804264788 -0.582871495
1561000635.887952089 -253.510534 -610.768703 36.216067 0.084897470 -0.079938500 -0.799478882 -0.589267150
1561000635.989114523 -253.761964 -609.855237 36.136436 0.084745404 -0.080235999 -0.795160352 -0.595063370
1561000636.090291977 -254.011232 -608.941206 36.061660 0.083952482 -0.080152808 -0.790907836 -0.600826350
1561000636.189458609 -254.218333 -608.046805 35.984535 0.082894862 -0.080959503 -0.786153611 -0.607072072
1561000636.289550066 -254.433445 -607.111287 35.903541 0.082074645 -0.083234478 -0.782379076 -0.611734220
1561000636.389464617 -254.635906 -606.167334 35.819889 0.081263908 -0.086206841 -0.778546666 -0.616303210
1561000636.489388943 -254.820415 -605.226810 35.743736 0.080413714 -0.088587386 -0.774725517 -0.620875417
1561000636.588763714 -254.999334 -604.289910 35.674803 0.079735485 -0.088971279 -0.771720105 -0.624639451
1561000636.689225674 -255.198824 -603.356532 35.598054 0.078208166 -0.088366468 -0.768083681 -0.629382483
1561000636.789268017 -255.353262 -602.417929 35.527191 0.076696105 -0.088039773 -0.764418740 -0.634058906
1561000636.889044046 -255.501307 -601.470526 35.458854 0.076522902 -0.087922234 -0.760685885 -0.638569425
1561000636.989036560 -255.661830 -600.532664 35.383213 0.077180830 -0.088728212 -0.756579333 -0.643240341
1561000637.088315725 -255.807771 -599.578864 35.307566 0.077640016 -0.089149158 -0.752827019 -0.647515200
1561000637.189442635 -255.923520 -598.627864 35.224740 0.077771818 -0.089373561 -0.749478673 -0.651341408
1561000637.290838957 -256.038847 -597.667417 35.143885 0.077336078 -0.090199196 -0.745338668 -0.656013343
1561000637.388084412 -256.135183 -596.726359 35.067353 0.077221955 -0.091827793 -0.742431838 -0.659089821
1561000637.489268780 -256.229579 -595.765116 34.988544 0.077815667 -0.093016471 -0.740106070 -0.661464786
1561000637.588603020 -256.319338 -594.817067 34.910548 0.077962823 -0.093840123 -0.737857190 -0.663839285
1561000637.689291716 -256.408184 -593.863831 34.828936 0.078123031 -0.094341667 -0.735771243 -0.666060898
1561000637.789288044 -256.483750 -592.922791 34.746660 0.078455021 -0.095366704 -0.733605546 -0.668261105
1561000637.888147354 -256.558706 -591.985907 34.664322 0.078663140 -0.096196701 -0.731964343 -0.669915297
1561000637.989277124 -256.645382 -591.045588 34.579928 0.078840830 -0.097036363 -0.729362058 -0.672606168
1561000638.088243008 -256.715721 -590.112032 34.492182 0.077689409 -0.097359642 -0.727578793 -0.674621787
1561000638.189235926 -256.772014 -589.172609 34.407152 0.076816010 -0.097048383 -0.725962846 -0.676504884
1561000638.289136410 -256.825303 -588.252048 34.333076 0.076838934 -0.096824377 -0.723889276 -0.678752631
1561000638.388484716 -256.879328 -587.344703 34.263456 0.077467394 -0.096936550 -0.722165240 -0.680499430
1561000638.488974810 -256.918538 -586.435856 34.185363 0.079188874 -0.097996180 -0.720072154 -0.682364978
1561000638.587982893 -256.958235 -585.539382 34.105051 0.081022365 -0.099382551 -0.718239751 -0.683878750
1561000638.688955784 -256.989005 -584.644850 34.017895 0.082199899 -0.099807771 -0.716271697 -0.685737881
1561000638.788984537 -257.021704 -583.773853 33.929695 0.082391986 -0.099505631 -0.714546552 -0.687556118
1561000638.888089418 -257.043187 -582.917586 33.845417 0.081864567 -0.098606994 -0.713016604 -0.689334589
1561000638.989275932 -257.057288 -582.062149 33.767572 0.081127663 -0.097422755 -0.711695195 -0.690953731
1561000639.088366270 -257.073036 -581.224614 33.692017 0.080260527 -0.096981433 -0.710078422 -0.692778091
1561000639.189249992 -257.091437 -580.389029 33.610513 0.080017725 -0.097237654 -0.708421733 -0.694464291
1561000639.289188623 -257.105141 -579.572841 33.536593 0.080169141 -0.097768020 -0.706493965 -0.696333684
1561000639.387948513 -257.102017 -578.766265 33.471878 0.080276553 -0.096190311 -0.704891159 -0.698162985
1561000639.489198685 -257.095954 -577.966265 33.402500 0.078920285 -0.093443185 -0.702760440 -0.700833592
1561000639.587765694 -257.092041 -577.189660 33.327540 0.076361608 -0.091694144 -0.700609763 -0.703496303
1561000639.689186335 -257.063991 -576.408949 33.256662 0.074838612 -0.092557910 -0.698100664 -0.706036598
1561000639.789224148 -257.035787 -575.645564 33.196163 0.074866245 -0.095411560 -0.695207215 -0.708504487
1561000639.887924433 -257.010169 -574.898253 33.137028 0.075143275 -0.097856887 -0.692425833 -0.710861438
1561000639.989154100 -256.973302 -574.150823 33.077838 0.074847746 -0.098576329 -0.689278160 -0.713846020
1561000640.088342428 -256.940237 -573.426663 33.028710 0.075019940 -0.097323896 -0.685488040 -0.717639335
1561000640.189109802 -256.889682 -572.700611 32.978812 0.077037431 -0.095371430 -0.680849418 -0.722089741
1561000640.289062738 -256.823347 -571.987794 32.912172 0.080119678 -0.095502985 -0.675075489 -0.727140359
1561000640.388106585 -256.756939 -571.277119 32.842439 0.082741653 -0.096686327 -0.668215934 -0.733002754
1561000640.489099979 -256.640886 -570.566495 32.748100 0.082661642 -0.098962089 -0.660969510 -0.739251557
1561000640.588158369 -256.534799 -569.870495 32.670249 0.082507534 -0.101568149 -0.652804535 -0.746138497
1561000640.689144135 -256.400520 -569.168614 32.598676 0.084182065 -0.104446061 -0.643872911 -0.753280874
1561000640.789224863 -256.247785 -568.466249 32.519612 0.088960826 -0.108555101 -0.634147733 -0.760367289
1561000640.889005423 -256.096797 -567.770451 32.422909 0.095147704 -0.114886162 -0.623540061 -0.767428092
1561000640.989038706 -255.912270 -567.072791 32.306122 0.100666322 -0.121897563 -0.613664074 -0.773578490
1561000641.088156939 -255.707159 -566.384506 32.185085 0.103779702 -0.127797234 -0.602757663 -0.780756582
1561000641.189001799 -255.487074 -565.698456 32.060444 0.105881199 -0.131126994 -0.591695578 -0.788347148
1561000641.289085150 -255.252704 -565.023457 31.927234 0.107145984 -0.131610253 -0.580879487 -0.796101439
1561000641.388005018 -255.005215 -564.343571 31.808548 0.110648449 -0.131172652 -0.570859566 -0.802913452
1561000641.489137650 -254.736093 -563.655713 31.668753 0.113435470 -0.130510562 -0.561704706 -0.809065640
1561000641.588194847 -254.448460 -562.974379 31.523805 0.115642129 -0.130144675 -0.553751404 -0.814277990
1561000641.689104557 -254.147434 -562.293838 31.370802 0.115002650 -0.128832625 -0.546385622 -0.819536026
1561000641.790093899 -253.840516 -561.613797 31.228698 0.112176751 -0.125808512 -0.539187798 -0.825145510
1561000641.888144493 -253.524685 -560.942661 31.108825 0.109944375 -0.121275290 -0.532641314 -0.830360024
1561000641.988794088 -253.193480 -560.259222 30.983209 0.107873355 -0.116510609 -0.526282829 -0.835353219
1561000642.087715149 -252.841141 -559.565959 30.852210 0.106542699 -0.114115219 -0.520482000 -0.839478920
1561000642.188765526 -252.479630 -558.861078 30.722031 0.105020085 -0.114398537 -0.514195547 -0.843496708
1561000642.288900852 -252.087509 -558.163760 30.606792 0.103413811 -0.116683275 -0.509083604 -0.846477691
1561000642.387597561 -251.690441 -557.465507 30.476004 0.100078298 -0.116189211 -0.504546527 -0.849657109
1561000642.488566399 -251.290691 -556.760978 30.360422 0.098223203 -0.115054250 -0.500691814 -0.852304188
1561000642.587399721 -250.891103 -556.058710 30.259335 0.097545873 -0.113782281 -0.497353015 -0.854504753
1561000642.688827991 -250.476121 -555.344005 30.144289 0.096879262 -0.112732967 -0.494702103 -0.856256688
1561000642.788849831 -250.069816 -554.632013 30.026428 0.096881434 -0.112082460 -0.491677687 -0.858081909
1561000642.887862444 -249.640660 -553.920896 29.919043 0.097098996 -0.111087817 -0.489747447 -0.859289660
1561000642.989020824 -249.209749 -553.186287 29.792796 0.096395691 -0.110055165 -0.487544456 -0.860753237
1561000643.088090897 -248.776010 -552.473519 29.684876 0.097055953 -0.109796057 -0.485708595 -0.861749458
1561000643.189149857 -248.335125 -551.755761 29.583457 0.096929655 -0.106844860 -0.483954274 -0.863120547
1561000643.289222956 -247.892451 -551.054504 29.488157 0.091359489 -0.101696123 -0.482857248 -0.864962554
1561000643.389204264 -247.453513 -550.359876 29.396288 0.082560855 -0.095136885 -0.481469067 -0.867363947
1561000643.489403725 -247.001472 -549.661462 29.324354 0.076857799 -0.091013154 -0.480078433 -0.869099639
1561000643.588019133 -246.548168 -548.956086 29.260523 0.074374639 -0.092601615 -0.478272497 -0.870142961
1561000643.688994169 -246.084064 -548.241375 29.195589 0.074770726 -0.097712085 -0.475986338 -0.870803476
1561000643.789122343 -245.618975 -547.531209 29.119934 0.074767937 -0.102692742 -0.474048320 -0.871287637
1561000643.888117313 -245.155528 -546.832046 29.043765 0.074788333 -0.103796165 -0.471909811 -0.872315420
1561000643.989156008 -244.692393 -546.126984 28.964854 0.073857708 -0.102262281 -0.470412347 -0.873384044
1561000644.087851048 -244.231602 -545.436104 28.889467 0.072065203 -0.101271067 -0.468636188 -0.874603282
1561000644.188740015 -243.761921 -544.744033 28.813392 0.070177008 -0.100291573 -0.466060425 -0.876244525
1561000644.289422274 -243.291139 -544.053961 28.751742 0.069217218 -0.099453432 -0.464066706 -0.877473694
1561000644.389388561 -242.818203 -543.373509 28.688060 0.068038781 -0.098664017 -0.461371532 -0.879074767
1561000644.489415407 -242.342667 -542.701565 28.619399 0.066941187 -0.098846923 -0.457660401 -0.881076115
1561000644.588053703 -241.851102 -542.031273 28.550936 0.065268300 -0.100883021 -0.454249584 -0.882734377
1561000644.688075781 -241.352436 -541.361156 28.485678 0.064645035 -0.102654526 -0.450764973 -0.884360790
1561000644.789964199 -240.852414 -540.693576 28.419505 0.063410756 -0.104041383 -0.447512239 -0.885938634
1561000644.889014006 -240.355742 -540.047540 28.347034 0.063036990 -0.104004535 -0.443273117 -0.888098158
1561000644.989937305 -239.847332 -539.395669 28.275173 0.060922990 -0.105274111 -0.439815909 -0.889813304
1561000645.088303566 -239.343615 -538.754699 28.210311 0.061454224 -0.106081510 -0.436055305 -0.891530068
1561000645.189938545 -238.830345 -538.113635 28.144002 0.062077297 -0.106455318 -0.431362166 -0.893722751
1561000645.289884806 -238.306374 -537.478527 28.077780 0.062920128 -0.107677959 -0.428451150 -0.894916827
1561000645.389842987 -237.790273 -536.851596 28.003693 0.063438831 -0.107462424 -0.422149343 -0.897896026
1561000645.489726305 -237.261028 -536.226419 27.931906 0.063482024 -0.107850163 -0.417354787 -0.900085194
1561000645.588050842 -236.732665 -535.621924 27.860654 0.063846902 -0.106944296 -0.411806947 -0.902718965
1561000645.689796686 -236.186834 -535.020284 27.775943 0.061524184 -0.107862774 -0.406246852 -0.905286635
1561000645.788750887 -235.629868 -534.434687 27.704832 0.059170339 -0.111440311 -0.400621187 -0.907514514
1561000645.890777111 -235.064687 -533.828928 27.633197 0.060315628 -0.111157861 -0.395384428 -0.909767613
1561000645.990211964 -234.509176 -533.244442 27.563939 0.061675157 -0.109186134 -0.390282465 -0.912115212
1561000646.088626146 -233.940699 -532.680735 27.478152 0.059427627 -0.107324081 -0.385885269 -0.914353574
1561000646.189859390 -233.363397 -532.117287 27.388315 0.054833394 -0.109095847 -0.380628340 -0.916631585
1561000646.289875031 -232.775154 -531.548073 27.337030 0.053672615 -0.113137075 -0.374802368 -0.918608969
1561000646.390156269 -232.185188 -530.971096 27.280430 0.061178078 -0.113884872 -0.369559468 -0.920170244
1561000646.489711761 -231.590782 -530.410448 27.198848 0.067967400 -0.112563570 -0.363285112 -0.922352320
1561000646.588067532 -230.995763 -529.883234 27.100709 0.067294881 -0.109768848 -0.356947897 -0.925208300
1561000646.690401077 -230.386129 -529.342331 27.033065 0.064967888 -0.105473403 -0.350032946 -0.928510351
1561000646.790255308 -229.781718 -528.824735 26.948141 0.063081518 -0.104153009 -0.341340752 -0.932018972
1561000646.889966249 -229.157969 -528.321345 26.883744 0.061738992 -0.104397285 -0.333960444 -0.934751264
1561000646.989899874 -228.525829 -527.841792 26.844622 0.060998115 -0.096850297 -0.326725178 -0.938163050
1561000647.088048458 -227.907727 -527.365624 26.807400 0.060739375 -0.084909239 -0.317838610 -0.942379842
1561000647.189802647 -227.261056 -526.907774 26.763561 0.058137422 -0.077409729 -0.308222336 -0.946375594
1561000647.291295767 -226.603292 -526.450441 26.737793 0.055802790 -0.082495126 -0.297832197 -0.949408545
1561000647.391499758 -225.928642 -525.988984 26.713666 0.059412828 -0.091441114 -0.285730597 -0.952085429
1561000647.491330862 -225.236378 -525.565920 26.677494 0.064877308 -0.096709511 -0.273777502 -0.954716756
1561000647.591302872 -224.538810 -525.171396 26.625759 0.066524645 -0.094713582 -0.261604236 -0.958210328
1561000647.692778349 -223.839076 -524.791818 26.576949 0.065539067 -0.089100344 -0.248916337 -0.962188348
1561000647.794190645 -223.125084 -524.423880 26.539537 0.065145580 -0.084254130 -0.235710557 -0.965969890
1561000647.892707586 -222.387469 -524.075212 26.502437 0.064464516 -0.083747918 -0.223188917 -0.969029060
1561000647.995403051 -221.632509 -523.750161 26.469782 0.063443913 -0.085378321 -0.209848443 -0.971930575
1561000648.094148397 -220.883169 -523.448517 26.441762 0.062909825 -0.086990027 -0.196648370 -0.974579144
1561000648.195348024 -220.117302 -523.150808 26.409543 0.062452517 -0.087357716 -0.182729162 -0.977281109
1561000648.296398640 -219.340683 -522.878718 26.379065 0.062432142 -0.087628431 -0.169378394 -0.979660373
1561000648.396432877 -218.555869 -522.623815 26.346032 0.062351895 -0.087261724 -0.157029546 -0.981753204
1561000648.496409655 -217.751057 -522.393511 26.311864 0.061926921 -0.087545321 -0.145193736 -0.983574935
1561000648.595407486 -216.939370 -522.174254 26.280654 0.061102729 -0.088049303 -0.133380968 -0.985252909
1561000648.688758373 -216.140029 -521.965927 26.249905 0.060059848 -0.088659915 -0.122145645 -0.986718134
1561000648.788706779 -215.300514 -521.770758 26.217404 0.059294268 -0.088514278 -0.111567709 -0.988029382
1561000648.888898611 -214.452084 -521.598301 26.186422 0.058256473 -0.088139123 -0.102611045 -0.989094865
1561000648.988910675 -213.608011 -521.442485 26.159601 0.056615374 -0.086915884 -0.094133581 -0.990140999
1561000649.087654352 -212.774912 -521.281373 26.132537 0.055814563 -0.085864231 -0.086355467 -0.990986782
1561000649.188801050 -211.926813 -521.130635 26.108317 0.055080898 -0.086148870 -0.080275762 -0.991514129
1561000649.288939953 -211.061040 -520.999160 26.079545 0.053166468 -0.087024991 -0.075454109 -0.991920690
1561000649.387894154 -210.202511 -520.882680 26.046084 0.050887234 -0.087014450 -0.071445624 -0.992337895
1561000649.489158869 -209.334759 -520.752099 26.031405 0.049942455 -0.087332824 -0.069340236 -0.992507260
1561000649.588103294 -208.475356 -520.618014 26.019515 0.049893570 -0.085864664 -0.067367933 -0.992773616
1561000649.688205242 -207.612755 -520.498127 25.998780 0.049842079 -0.084051537 -0.066619744 -0.992981831
1561000649.789193153 -206.749358 -520.371467 25.984359 0.048886797 -0.084076950 -0.065607812 -0.993094539
1561000649.890479803 -205.880477 -520.244770 25.968652 0.049231069 -0.085158671 -0.065607743 -0.992985361
1561000649.988998652 -205.035169 -520.122013 25.952080 0.049261373 -0.085835164 -0.065252889 -0.992948993
1561000650.088366032 -204.172882 -519.994832 25.938490 0.049684019 -0.087031890 -0.065491343 -0.992808054
1561000650.188870430 -203.311019 -519.866494 25.921389 0.050006871 -0.087417356 -0.065954865 -0.992727291
1561000650.287900686 -202.453079 -519.732974 25.902116 0.051125550 -0.086898373 -0.066283643 -0.992693976
1561000650.389021873 -201.601662 -519.606378 25.882624 0.052861814 -0.086157585 -0.067251501 -0.992602506
1561000650.489052773 -200.761053 -519.483606 25.860047 0.053949111 -0.085063003 -0.068351516 -0.992563272
1561000650.589079857 -199.925504 -519.366264 25.841762 0.052675714 -0.085658661 -0.068881788 -0.992543783
1561000650.689194202 -199.096007 -519.231248 25.818175 0.051865167 -0.085920692 -0.069211552 -0.992540881
1561000650.789031267 -198.278375 -519.087491 25.795194 0.051438182 -0.086620076 -0.070040549 -0.992444153
1561000650.889052391 -197.473901 -518.967036 25.783840 0.051517785 -0.087688052 -0.071646562 -0.992231573
1561000650.989085436 -196.668832 -518.834907 25.765394 0.051251987 -0.085993178 -0.073281846 -0.992274245
1561000651.088026762 -195.892105 -518.709135 25.755909 0.050618141 -0.086434687 -0.074529039 -0.992175524
1561000651.189037323 -195.109344 -518.577624 25.746007 0.050260249 -0.086294394 -0.075842002 -0.992106434
1561000651.287733078 -194.356645 -518.444619 25.732468 0.050262514 -0.086184910 -0.077216718 -0.992009788
1561000651.388719320 -193.605866 -518.319154 25.711381 0.049640320 -0.085666395 -0.078892128 -0.991954202
1561000651.488782644 -192.851521 -518.194782 25.698253 0.048676291 -0.085057774 -0.080539494 -0.991921965
1561000651.587756395 -192.122268 -518.065129 25.690143 0.048137102 -0.084424223 -0.083003016 -0.991799309
1561000651.688928843 -191.375873 -517.922082 25.664715 0.047781373 -0.083372611 -0.085467968 -0.991696110
1561000651.787833691 -190.649621 -517.780465 25.643011 0.046523176 -0.082969665 -0.088806741 -0.991496340
1561000651.888083696 -189.926524 -517.632977 25.637703 0.045660679 -0.084723901 -0.093070222 -0.990996921
1561000651.989067078 -189.201754 -517.470868 25.628332 0.045655190 -0.084911575 -0.097498239 -0.990555259
1561000652.087927103 -188.489434 -517.295898 25.608253 0.045539597 -0.084364311 -0.103473893 -0.990000991
1561000652.188796997 -187.753721 -517.118192 25.588031 0.044365545 -0.084823791 -0.110826726 -0.989218914
1561000652.288805246 -187.052943 -516.928318 25.562040 0.042954588 -0.085337463 -0.119417769 -0.988236721
1561000652.387857676 -186.349998 -516.727675 25.545676 0.042046037 -0.087614195 -0.129251199 -0.986838392
1561000652.488287687 -185.648389 -516.504581 25.524535 0.041780326 -0.089342752 -0.140161230 -0.985204094
1561000652.587249041 -184.954029 -516.265565 25.499532 0.041532723 -0.090531151 -0.152350699 -0.983294670
1561000652.688621998 -184.270588 -516.005176 25.479463 0.041037191 -0.091179678 -0.166103696 -0.981025880
1561000652.788671494 -183.597518 -515.713838 25.449936 0.041166869 -0.090827209 -0.180292524 -0.978544998
1561000652.889056921 -182.943076 -515.404181 25.429093 0.041723178 -0.090939179 -0.195892750 -0.975507700
1561000652.988726616 -182.305400 -515.062918 25.402509 0.043906720 -0.091034170 -0.212006922 -0.972027800
1561000653.087665558 -181.685225 -514.717981 25.365733 0.046564672 -0.091021996 -0.229369949 -0.967954624
1561000653.188781023 -181.058751 -514.344573 25.327639 0.047569017 -0.092169195 -0.247419760 -0.963340797
1561000653.289054871 -180.457138 -513.954170 25.287504 0.048190270 -0.094638606 -0.266588418 -0.957941463
1561000653.389005423 -179.886960 -513.542241 25.244023 0.049053120 -0.097065209 -0.286059967 -0.952019870
1561000653.489094496 -179.338358 -513.098025 25.197955 0.049146201 -0.099388425 -0.305991453 -0.945555827
1561000653.588308573 -178.817719 -512.630307 25.150279 0.049492349 -0.102277034 -0.326021233 -0.938509494
1561000653.689945459 -178.308380 -512.139161 25.136153 0.053721361 -0.102688622 -0.346402831 -0.930899641
1561000653.789732695 -177.836373 -511.630774 25.076507 0.060639090 -0.099105879 -0.365703502 -0.923451068
1561000653.888688803 -177.371697 -511.119697 25.001281 0.059508485 -0.097972604 -0.386031595 -0.915335849
1561000653.989676476 -176.935214 -510.564790 24.942475 0.056450719 -0.097968284 -0.406665534 -0.906553184
1561000654.087994337 -176.530185 -510.005654 24.913749 0.057555471 -0.099145588 -0.426629673 -0.897131341
1561000654.189648628 -176.145626 -509.411455 24.860256 0.061442210 -0.098476084 -0.446407390 -0.887269834
1561000654.288968801 -175.791903 -508.812361 24.793465 0.062100306 -0.098001325 -0.467279369 -0.876464080
1561000654.388297319 -175.460369 -508.190160 24.744232 0.062271372 -0.098698190 -0.488365056 -0.864800853
1561000654.489694118 -175.142857 -507.551190 24.687565 0.064552377 -0.097960893 -0.509090499 -0.852680197
1561000654.588202000 -174.866311 -506.906879 24.612360 0.064781999 -0.097878797 -0.528769866 -0.840610173
1561000654.689952850 -174.595552 -506.239035 24.560384 0.064140457 -0.098858567 -0.549158820 -0.827367860
1561000654.788294554 -174.383265 -505.571062 24.517434 0.065611035 -0.098291417 -0.567760223 -0.814666999
1561000654.889939785 -174.203714 -504.882364 24.459067 0.068143168 -0.097279245 -0.586263802 -0.801366341
1561000654.989800453 -174.041443 -504.197929 24.395108 0.068813914 -0.097628497 -0.604252215 -0.787789682
1561000655.087967634 -173.909696 -503.514078 24.333931 0.069530991 -0.098068597 -0.621104475 -0.774452854
1561000655.189452648 -173.805444 -502.803140 24.268618 0.070766211 -0.098565366 -0.636515644 -0.761659272
1561000655.288897514 -173.723145 -502.099195 24.216576 0.071224363 -0.098441429 -0.651254243 -0.749068946
1561000655.388961554 -173.674725 -501.393058 24.159922 0.072689338 -0.096823805 -0.664552766 -0.737367637
1561000655.489721060 -173.648614 -500.680322 24.093306 0.074124175 -0.096128447 -0.676414366 -0.726449265
1561000655.588167667 -173.636564 -499.958703 24.022945 0.075089693 -0.095886870 -0.686557508 -0.716802646
1561000655.689952135 -173.635241 -499.206801 23.958885 0.076853794 -0.097170564 -0.695878312 -0.707392925
1561000655.788767576 -173.645698 -498.479199 23.869735 0.076077485 -0.098955257 -0.704397266 -0.698744993
1561000655.888183355 -173.662328 -497.751767 23.800998 0.072532086 -0.098859529 -0.712831725 -0.690533723
1561000655.989961624 -173.699870 -497.008408 23.752678 0.069344381 -0.097075604 -0.720841246 -0.682755873
1561000656.088000774 -173.755164 -496.280805 23.706496 0.069298886 -0.094450453 -0.727292913 -0.676255718
1561000656.189951181 -173.816623 -495.508837 23.645720 0.072139592 -0.093589537 -0.733176028 -0.669693803
1561000656.289327145 -173.891972 -494.751479 23.569225 0.074751946 -0.096508097 -0.737432240 -0.664298144
1561000656.388111115 -173.982189 -493.988608 23.496589 0.075809881 -0.098411403 -0.741070516 -0.659835243
1561000656.489852667 -174.070633 -493.216053 23.431395 0.075464096 -0.099041124 -0.744479290 -0.655931866
1561000656.588089228 -174.159942 -492.462916 23.367133 0.074552239 -0.097755449 -0.747673098 -0.652587752
1561000656.689859390 -174.266183 -491.684971 23.307317 0.074169939 -0.095811109 -0.750314399 -0.649882569
1561000656.788931131 -174.385104 -490.913578 23.243957 0.074257038 -0.094453634 -0.752559644 -0.647470761
1561000656.889894724 -174.490148 -490.129722 23.175104 0.074320743 -0.094946611 -0.755310759 -0.644179498
1561000656.989785433 -174.618522 -489.331901 23.105053 0.075164638 -0.096775656 -0.757251198 -0.641525817
1561000657.087886810 -174.744322 -488.546762 23.035540 0.076543672 -0.098545006 -0.759173434 -0.638815815
1561000657.189667225 -174.882008 -487.727977 22.959735 0.077535389 -0.099498060 -0.760760442 -0.636656854
1561000657.288442850 -175.027417 -486.921560 22.887533 0.078213749 -0.098889208 -0.762110729 -0.635051786
1561000657.388305902 -175.160051 -486.112856 22.818261 0.078376953 -0.097573722 -0.763294332 -0.633812421
1561000657.489730358 -175.308002 -485.294402 22.740381 0.077777392 -0.096926020 -0.764117533 -0.632993222
1561000657.589161634 -175.435484 -484.486814 22.671023 0.078002645 -0.095884540 -0.764190475 -0.633036065
1561000657.690345287 -175.575914 -483.657859 22.597612 0.077590753 -0.095979387 -0.764002205 -0.633299505
1561000657.788690329 -175.717831 -482.840640 22.527080 0.077080970 -0.095923537 -0.763979204 -0.633397959
1561000657.887973070 -175.856212 -482.009463 22.456635 0.076600182 -0.096332982 -0.763637665 -0.633805873
1561000657.989936352 -175.998027 -481.162094 22.383120 0.076347509 -0.096848417 -0.763684205 -0.633701726
1561000658.087532282 -176.145430 -480.324358 22.306343 0.075593946 -0.097930629 -0.764084753 -0.633142668
1561000658.189641714 -176.288773 -479.458880 22.228449 0.074778864 -0.098846841 -0.764606500 -0.632466856
1561000658.287692785 -176.440253 -478.609441 22.158552 0.075065826 -0.100027627 -0.765612832 -0.631028198
1561000658.391042948 -176.596864 -477.729834 22.083700 0.075923785 -0.100757768 -0.766178504 -0.630122172
1561000658.490968943 -176.754068 -476.884597 22.010978 0.076547734 -0.101195652 -0.766982132 -0.628997848
1561000658.589714527 -176.906069 -476.031953 21.937536 0.076130939 -0.101556268 -0.767661298 -0.628161234
1561000658.690989733 -177.072725 -475.180621 21.866578 0.075900851 -0.101208491 -0.768548727 -0.627159275
1561000658.790212393 -177.241471 -474.334300 21.789482 0.075602488 -0.100332417 -0.769379678 -0.626316678
1561000658.891275883 -177.401152 -473.480052 21.712699 0.075782503 -0.100529253 -0.770166019 -0.625296078
1561000658.991254330 -177.569504 -472.633824 21.640653 0.076292322 -0.100105559 -0.770663012 -0.624689427
1561000659.089437008 -177.727831 -471.805297 21.573220 0.076708558 -0.099853661 -0.771261211 -0.623940052
1561000659.191020727 -177.898848 -470.971154 21.503880 0.077886005 -0.099219945 -0.771177741 -0.623998449
1561000659.289232254 -178.058364 -470.167304 21.438227 0.079980026 -0.098789140 -0.770988134 -0.624036215
1561000659.390856743 -178.218298 -469.355542 21.364914 0.081154501 -0.099416993 -0.770439001 -0.624462933
1561000659.490847349 -178.367789 -468.558490 21.294440 0.082141414 -0.099564207 -0.770000745 -0.624850869
1561000659.590432405 -178.522851 -467.779411 21.228822 0.083441702 -0.099707992 -0.769617959 -0.625127184
1561000659.690968513 -178.669597 -467.020722 21.161166 0.084234561 -0.099126787 -0.769148780 -0.625690477
1561000659.789677858 -178.817736 -466.282278 21.091730 0.084586862 -0.098723711 -0.768946380 -0.625955395
1561000659.890928507 -178.955433 -465.550768 21.028249 0.084777175 -0.098258953 -0.768736749 -0.626260185
1561000659.991011143 -179.089976 -464.844382 20.968318 0.085542380 -0.097404517 -0.768291943 -0.626835187
1561000660.090204239 -179.219823 -464.154349 20.905039 0.086879806 -0.096259006 -0.767885252 -0.627326345
1561000660.190268040 -179.344868 -463.483722 20.839126 0.087300243 -0.095878276 -0.767854519 -0.627363899
1561000660.289643764 -179.468461 -462.833433 20.777482 0.087672512 -0.096182272 -0.767432396 -0.627781825
1561000660.390973568 -179.591616 -462.202141 20.718987 0.087673199 -0.096489302 -0.767193307 -0.628026794
1561000660.491319418 -179.707836 -461.593321 20.662345 0.088005947 -0.096047497 -0.767175528 -0.628069694
1561000660.590636730 -179.820148 -461.001033 20.607627 0.087969301 -0.095967768 -0.767290635 -0.627946392
1561000660.691701889 -179.929620 -460.411911 20.550854 0.088499103 -0.095430788 -0.767329431 -0.627906377
1561000660.789648056 -180.033374 -459.858183 20.498751 0.088525525 -0.094882233 -0.767849186 -0.627350158
1561000660.891215086 -180.139283 -459.318111 20.449661 0.088219384 -0.094176524 -0.768392443 -0.626834249
1561000660.991263151 -180.242410 -458.811398 20.402741 0.088097774 -0.094116580 -0.769032212 -0.626075322
1561000661.091147900 -180.339658 -458.315862 20.355365 0.088553283 -0.093865415 -0.769688642 -0.625241548
1561000661.191064358 -180.430087 -457.859010 20.309060 0.089356512 -0.093289643 -0.769918951 -0.624929809
1561000661.289504051 -180.521300 -457.436573 20.275656 0.090056048 -0.092822464 -0.769881581 -0.624944998
1561000661.390989780 -180.603145 -457.020835 20.236780 0.089744195 -0.092350614 -0.770126504 -0.624757962
1561000661.491685390 -180.678019 -456.640197 20.199347 0.089134801 -0.092292855 -0.770533023 -0.624352366
1561000661.589348555 -180.757215 -456.297924 20.168673 0.089375468 -0.092537850 -0.770622791 -0.624170879
1561000661.691038370 -180.830921 -455.979835 20.138212 0.090588784 -0.091837273 -0.770633467 -0.624086250
1561000661.789362907 -180.890612 -455.692466 20.113028 0.091695256 -0.090529944 -0.770913987 -0.623769135
1561000661.891011000 -180.947880 -455.424964 20.080583 0.091412847 -0.088578286 -0.771227746 -0.623702927
1561000661.991205931 -180.991938 -455.189198 20.049831 0.090845157 -0.088620147 -0.771444866 -0.623511383
1561000662.089261055 -181.034277 -454.978251 20.028752 0.090255919 -0.089012496 -0.771647642 -0.623290110
1561000662.190976381 -181.068524 -454.794529 20.014383 0.088594643 -0.089742292 -0.771852217 -0.623170495
1561000662.289902449 -181.101368 -454.637284 20.001911 0.087921397 -0.090648322 -0.771815067 -0.623180722
1561000662.390830994 -181.128337 -454.497429 19.988364 0.087528655 -0.091467074 -0.772005348 -0.622880607
1561000662.492244482 -181.148066 -454.378802 19.980914 0.087813947 -0.091109303 -0.772218261 -0.622628913
1561000662.590723991 -181.172845 -454.279429 19.974078 0.088042058 -0.090033388 -0.772224045 -0.622746024
1561000662.692510843 -181.201509 -454.185068 19.964420 0.088629505 -0.088740680 -0.772382493 -0.622651738
1561000662.791100979 -181.220463 -454.110868 19.953280 0.089193341 -0.088323895 -0.772493085 -0.622493270
1561000662.892967463 -181.229920 -454.046521 19.943222 0.089126719 -0.088701112 -0.772516126 -0.622420578
1561000662.993026257 -181.238647 -453.997494 19.937107 0.089018572 -0.088963757 -0.772564794 -0.622338157
1561000663.092581987 -181.243212 -453.967783 19.937824 0.088660177 -0.089263863 -0.772628671 -0.622267043
1561000663.192625761 -181.243913 -453.949927 19.940090 0.088608572 -0.089082488 -0.772550397 -0.622397555
1561000663.290883780 -181.253514 -453.947550 19.940779 0.088594960 -0.088721787 -0.772418992 -0.622614068
1561000663.390967846 -181.250094 -453.949005 19.938454 0.088330266 -0.088386752 -0.772524138 -0.622568874
1561000663.493861198 -181.249578 -453.950455 19.937578 0.087659436 -0.087979936 -0.772594637 -0.622633826
1561000663.592677832 -181.250120 -453.955075 19.941972 0.087096108 -0.087677974 -0.772658437 -0.622676305
1561000663.692590237 -181.246654 -453.959781 19.942578 0.086833181 -0.087527453 -0.772689247 -0.622695970
1561000663.790582418 -181.243994 -453.961308 19.943365 0.087141283 -0.087611223 -0.772691599 -0.622638228
1561000663.890920401 -181.246901 -453.960651 19.941547 0.087330527 -0.087650972 -0.772607045 -0.622711041
1561000663.992290258 -181.247587 -453.959865 19.940439 0.087451678 -0.087766939 -0.772566110 -0.622728492
1561000664.092559338 -181.245235 -453.959046 19.937447 0.087183029 -0.087608882 -0.772646259 -0.622688977
1561000664.192520380 -181.247011 -453.958575 19.939420 0.087161468 -0.087658637 -0.772594068 -0.622749748
1561000664.290946960 -181.243774 -453.960880 19.939163 0.087130433 -0.087689646 -0.772646429 -0.622684760
1561000664.392767668 -181.241639 -453.959718 19.940476 0.087268770 -0.087746976 -0.772618572 -0.622691876
1561000664.492806673 -181.244303 -453.957394 19.941095 0.087160433 -0.087734916 -0.772668699 -0.622646549
1561000664.590719461 -181.243409 -453.956795 19.942138 0.087241870 -0.087870915 -0.772702554 -0.622573949
1561000664.692297459 -181.243022 -453.955459 19.939166 0.087156880 -0.087793600 -0.772694685 -0.622606525
1561000664.792337894 -181.237481 -453.955723 19.937835 0.087013371 -0.087804623 -0.772709336 -0.622606861
1561000664.892716646 -181.239304 -453.957229 19.937952 0.087061878 -0.087876823 -0.772707516 -0.622592152
1561000664.993108749 -181.236454 -453.954996 19.938926 0.087107351 -0.087873602 -0.772791097 -0.622482498
1561000665.090756416 -181.239809 -453.954364 19.939458 0.087001946 -0.088029173 -0.772754563 -0.622520611
1561000665.192617893 -181.243488 -453.957572 19.938396 0.086967669 -0.087977477 -0.772850935 -0.622413063
1561000665.290830851 -181.239339 -453.958818 19.939222 0.086916076 -0.088069110 -0.772963043 -0.622268078
1561000665.392592430 -181.242014 -453.960226 19.938962 0.086859428 -0.088036116 -0.772898616 -0.622360677
1561000665.490755320 -181.239212 -453.959004 19.939458 0.086619150 -0.087885369 -0.773106395 -0.622157365
1561000665.591161728 -181.243271 -453.952727 19.937090 0.086167322 -0.087287693 -0.773172850 -0.622221660
1561000665.692559242 -181.245614 -453.943380 19.933118 0.085464316 -0.086958373 -0.773383242 -0.622103250
1561000665.790810823 -181.250580 -453.927829 19.930462 0.085494229 -0.086915710 -0.773679913 -0.621736108
1561000665.892387867 -181.246857 -453.905746 19.928233 0.085427623 -0.087226267 -0.773974342 -0.621335189
1561000665.993546724 -181.255468 -453.888357 19.929230 0.085540819 -0.087411234 -0.774523535 -0.620608845
1561000666.092178822 -181.264502 -453.866395 19.928698 0.085774916 -0.087331344 -0.774923305 -0.620088519
1561000666.190989256 -181.278329 -453.834114 19.925212 0.085549707 -0.087155589 -0.775574609 -0.619329619
1561000666.292174101 -181.290356 -453.793224 19.919377 0.085215957 -0.086948367 -0.776353014 -0.618428832
1561000666.391397715 -181.303288 -453.745766 19.915794 0.084805652 -0.086642533 -0.777421117 -0.617185126
1561000666.492011547 -181.317382 -453.695325 19.910930 0.084440418 -0.086316422 -0.778700217 -0.615666519
1561000666.590534925 -181.339748 -453.637718 19.904240 0.083908665 -0.085890729 -0.780124869 -0.613992922
1561000666.692430496 -181.362682 -453.567748 19.894279 0.083147435 -0.085892759 -0.781901106 -0.611832982
1561000666.790751696 -181.385945 -453.494688 19.889090 0.082499421 -0.086034406 -0.783907767 -0.609327940
1561000666.892438173 -181.413846 -453.406087 19.879964 0.081672572 -0.086584218 -0.786414085 -0.606123462
1561000666.993878603 -181.445111 -453.313674 19.865297 0.080574687 -0.087630856 -0.789279073 -0.602384510
1561000667.092228413 -181.480125 -453.209781 19.857254 0.080039693 -0.088716355 -0.792459134 -0.598106660
1561000667.193655968 -181.535151 -453.097551 19.863462 0.080984773 -0.088248579 -0.795842360 -0.593539040
1561000667.292390585 -181.601175 -452.975557 19.863947 0.083607259 -0.084724575 -0.800060249 -0.587992492
1561000667.394074202 -181.675716 -452.851818 19.853879 0.085779368 -0.080132403 -0.805056021 -0.581468401
1561000667.493644714 -181.749928 -452.720851 19.826501 0.084576786 -0.078571679 -0.810455346 -0.574312973
1561000667.594922066 -181.825855 -452.581976 19.801969 0.081448083 -0.078481476 -0.815991156 -0.566890907
1561000667.694847584 -181.908059 -452.426224 19.799373 0.080820796 -0.077622023 -0.821988951 -0.558369936
1561000667.793643475 -181.996807 -452.269688 19.796346 0.081204156 -0.076253689 -0.828600027 -0.548646749
1561000667.895105362 -182.100712 -452.110532 19.782778 0.080517776 -0.074496311 -0.834995900 -0.539211493
1561000667.993860245 -182.208324 -451.940238 19.761076 0.077829898 -0.074109387 -0.841699131 -0.529143533
1561000668.095039606 -182.333138 -451.761452 19.742322 0.075069799 -0.073910700 -0.848821720 -0.518076657
1561000668.195063591 -182.458438 -451.582883 19.731150 0.072892671 -0.073123854 -0.856106032 -0.506381302
1561000668.295516491 -182.600030 -451.402822 19.723348 0.071411149 -0.071778998 -0.863331178 -0.494375869
1561000668.394627094 -182.742106 -451.213487 19.712178 0.070678536 -0.069948311 -0.870844629 -0.481395275
1561000668.494501591 -182.909551 -451.015959 19.686746 0.068760681 -0.068710995 -0.878373185 -0.467986448
1561000668.594012499 -183.086030 -450.820427 19.667399 0.066186910 -0.068353861 -0.885949703 -0.453916475
1561000668.694903851 -183.275110 -450.618018 19.662150 0.066468911 -0.067905404 -0.893279366 -0.439343503
1561000668.793816805 -183.483693 -450.426810 19.665814 0.066904878 -0.066469099 -0.900772434 -0.423927611
1561000668.895272732 -183.715205 -450.238343 19.664053 0.067819838 -0.062601360 -0.907776099 -0.409174894
1561000668.994162798 -183.970865 -450.043934 19.656673 0.069299699 -0.058443920 -0.914929450 -0.393301362
1561000669.094311714 -184.224862 -449.849595 19.622567 0.069539605 -0.055901209 -0.921665975 -0.377585922
1561000669.195298910 -184.500585 -449.650630 19.602215 0.069585189 -0.055952162 -0.927917605 -0.361933939
1561000669.293896198 -184.788125 -449.450663 19.582314 0.069243455 -0.057233814 -0.934120158 -0.345469484
1561000669.395230293 -185.081582 -449.251943 19.576375 0.068610685 -0.059311496 -0.940250288 -0.328183054
1561000669.494996071 -185.397833 -449.066661 19.578270 0.068410152 -0.060065705 -0.945778043 -0.311794893
1561000669.593747854 -185.725344 -448.874938 19.576938 0.068664687 -0.060083403 -0.951310796 -0.294419624
1561000669.694998026 -186.083326 -448.683662 19.566234 0.069146944 -0.059049866 -0.956361486 -0.277677009
1561000669.793660641 -186.432865 -448.505697 19.552539 0.069219239 -0.059074320 -0.961425993 -0.259574618
1561000669.895038843 -186.813182 -448.335114 19.536633 0.069190582 -0.059531786 -0.965824589 -0.242593265
1561000669.995673656 -187.207640 -448.173874 19.522085 0.069507107 -0.061000951 -0.970098036 -0.224404648
1561000670.093667984 -187.619042 -448.030322 19.523119 0.071523492 -0.062708180 -0.973842423 -0.206356512
1561000670.195457935 -188.047508 -447.890149 19.517659 0.074437947 -0.062992417 -0.977378614 -0.187675232
1561000670.294209003 -188.491045 -447.768644 19.495458 0.075350523 -0.063799555 -0.980588342 -0.169406079
1561000670.394828558 -188.944798 -447.654940 19.494218 0.074059261 -0.064743983 -0.983623566 -0.151023586
1561000670.494671583 -189.404476 -447.566307 19.498804 0.071648798 -0.064473616 -0.986447066 -0.132784742
1561000670.594386339 -189.874755 -447.475442 19.495503 0.068352538 -0.063869499 -0.989106033 -0.113656825
1561000670.696518660 -190.356059 -447.410264 19.493048 0.066398512 -0.063600691 -0.991272826 -0.094468905
1561000670.795475721 -190.847283 -447.343311 19.487254 0.065466769 -0.062891127 -0.992973377 -0.075912329
1561000670.896486759 -191.365209 -447.305261 19.492384 0.065989610 -0.061960923 -0.994254469 -0.057133767
1561000670.996511221 -191.898255 -447.285214 19.498161 0.069113088 -0.059959272 -0.995023304 -0.039457464
1561000671.095705986 -192.426185 -447.281992 19.507050 0.071914195 -0.058714640 -0.995423238 -0.022660913
1561000671.196462393 -192.967908 -447.294655 19.502439 0.071900923 -0.058019989 -0.995704132 -0.006100797
1561000671.295335531 -193.488052 -447.320032 19.509113 0.069350624 -0.057713940 -0.995886630 0.008331427
1561000671.388670683 -194.003520 -447.366455 19.523677 0.065897329 -0.056098909 -0.996046210 0.020059960
1561000671.488768339 -194.549780 -447.419987 19.535392 0.064026634 -0.053056955 -0.996110376 0.029149070
1561000671.587845087 -195.111806 -447.469073 19.542155 0.064088169 -0.049653786 -0.996070869 0.035637518
1561000671.689008713 -195.691372 -447.501587 19.536933 0.065106273 -0.048589774 -0.995854025 0.040926384
1561000671.787824154 -196.261515 -447.538419 19.537201 0.066138442 -0.049975142 -0.995521468 0.045444453
1561000671.888780355 -196.854370 -447.576775 19.563980 0.062185497 -0.053591920 -0.995385681 0.049681144
1561000671.988518000 -197.430014 -447.632738 19.594854 0.055146069 -0.054169690 -0.995613068 0.052717878
1561000672.087984324 -198.033233 -447.702418 19.625014 0.051366172 -0.052205270 -0.995772626 0.055434675
1561000672.188583136 -198.669628 -447.770120 19.642911 0.052904077 -0.048070501 -0.995844399 0.056429759
1561000672.287472963 -199.333545 -447.826955 19.639437 0.063816841 -0.044501778 -0.995307181 0.057537971
1561000672.388448715 -200.019616 -447.883708 19.637309 0.079663919 -0.046073533 -0.994089421 0.057594379
1561000672.488556623 -200.696990 -447.948108 19.637897 0.087733666 -0.048308501 -0.993355895 0.056684726
1561000672.588603258 -201.348420 -448.014534 19.648087 0.083565667 -0.048406752 -0.993812994 0.054857082
1561000672.688648701 -201.990565 -448.078593 19.648104 0.072514204 -0.047863475 -0.994836471 0.052451638
1561000672.788520098 -202.654275 -448.129509 19.655931 0.060893516 -0.049218467 -0.995629604 0.050903965
1561000672.888469219 -203.344068 -448.173669 19.658964 0.056414237 -0.048854442 -0.996014850 0.048837440
1561000672.988488913 -204.038721 -448.225745 19.680264 0.061268298 -0.049378370 -0.995774535 0.047339703
1561000673.088576317 -204.761817 -448.262163 19.698154 0.067773585 -0.048125539 -0.995498272 0.045539701
1561000673.188449383 -205.485941 -448.320129 19.704306 0.070749724 -0.048457670 -0.995335105 0.044208146
1561000673.287428856 -206.213473 -448.363599 19.709826 0.070099004 -0.049252818 -0.995457109 0.041538333
1561000673.388638258 -206.950407 -448.407345 19.715099 0.068556791 -0.049637081 -0.995624577 0.039595801
1561000673.488459349 -207.697505 -448.441344 19.726389 0.067507246 -0.050840825 -0.995708328 0.037721457
1561000673.587548494 -208.454672 -448.474003 19.735993 0.068532693 -0.051480423 -0.995706440 0.034953140
1561000673.688297033 -209.231724 -448.503710 19.740522 0.069691196 -0.051860010 -0.995671644 0.033040182
1561000673.787928343 -210.005748 -448.531270 19.744583 0.070509781 -0.053079123 -0.995631335 0.030483152
1561000673.888383865 -210.792862 -448.549924 19.749649 0.071040751 -0.054107074 -0.995633206 0.027205783
1561000673.987137556 -211.585577 -448.562771 19.749262 0.070829223 -0.055745250 -0.995635742 0.024190042
1561000674.087334871 -212.376469 -448.563473 19.750961 0.070273148 -0.056117811 -0.995722832 0.021178257
1561000674.188412666 -213.186772 -448.570539 19.753553 0.069978783 -0.056868409 -0.995774733 0.017367673
1561000674.287396669 -213.992975 -448.560927 19.754653 0.070270484 -0.058694053 -0.995714152 0.013053562
1561000674.388614893 -214.820032 -448.544166 19.758516 0.071252257 -0.060839883 -0.995563747 0.008628445
1561000674.488690138 -215.631094 -448.532275 19.764258 0.070886873 -0.061238858 -0.995598069 0.003056018
1561000674.588549614 -216.463092 -448.506356 19.770816 0.069540269 -0.059273669 -0.995815575 -0.001457329
1561000674.688440084 -217.298623 -448.465844 19.768556 0.068729738 -0.058421605 -0.995907362 -0.005627259
1561000674.787350893 -218.159119 -448.424486 19.771238 0.069657431 -0.058951075 -0.995772618 -0.010464517
1561000674.888506174 -219.033596 -448.382901 19.778790 0.071223995 -0.058351679 -0.995636691 -0.015159273
1561000674.988526583 -219.901408 -448.329138 19.779715 0.070931872 -0.057776979 -0.995596465 -0.020449206
1561000675.088646889 -220.773000 -448.268685 19.791049 0.070003235 -0.055886339 -0.995650680 -0.025612240
1561000675.188734531 -221.642903 -448.189052 19.783646 0.069213512 -0.057027890 -0.995464676 -0.031739389
1561000675.287511110 -222.515618 -448.095824 19.787395 0.070573608 -0.057414241 -0.995161875 -0.037091952
1561000675.387611628 -223.403825 -447.991851 19.790767 0.071276487 -0.058266464 -0.994823754 -0.043016042
1561000675.487597942 -224.287821 -447.881662 19.792513 0.071286804 -0.058615844 -0.994533832 -0.048834733
1561000675.587932110 -225.167473 -447.756128 19.794937 0.070716298 -0.057792195 -0.994315303 -0.054738891
1561000675.688288212 -226.042748 -447.620284 19.795933 0.069755419 -0.058098106 -0.993993372 -0.061122564
1561000675.787287474 -226.916311 -447.476334 19.791794 0.068541812 -0.058118051 -0.993676848 -0.067309980
1561000675.888491869 -227.803047 -447.315320 19.788581 0.067472494 -0.058379243 -0.993307501 -0.073345313
1561000675.988584757 -228.688452 -447.135905 19.791517 0.067849391 -0.058473141 -0.992808952 -0.079421265
1561000676.088616610 -229.572636 -446.958236 19.788976 0.068476865 -0.059565997 -0.992269685 -0.084638549
1561000676.188596487 -230.444697 -446.767732 19.797177 0.069433582 -0.059528361 -0.991763613 -0.089667650
1561000676.287457228 -231.323526 -446.581785 19.803207 0.069197282 -0.058901881 -0.991384301 -0.094337017
1561000676.388429165 -232.196148 -446.378186 19.806335 0.068451673 -0.058222634 -0.991034637 -0.098867799
1561000676.488162279 -233.059311 -446.179659 19.806919 0.068390998 -0.056902076 -0.990677726 -0.103162336
1561000676.587292433 -233.921138 -445.968046 19.807098 0.069378667 -0.056648765 -0.990191169 -0.107233240
1561000676.688367844 -234.788549 -445.746638 19.800406 0.069650793 -0.056642412 -0.989671725 -0.111759921
1561000676.787326097 -235.646836 -445.519107 19.796697 0.070600711 -0.056957578 -0.989116623 -0.115843342
1561000676.888516188 -236.503167 -445.278781 19.791363 0.070644218 -0.057631889 -0.988558352 -0.120167980
1561000676.987469196 -237.348222 -445.039617 19.788074 0.071235285 -0.057528161 -0.987963894 -0.124673130
1561000677.088493109 -238.201275 -444.791562 19.779086 0.070866114 -0.057819086 -0.987307333 -0.129842896
1561000677.188443184 -239.042956 -444.530388 19.772958 0.071459612 -0.058369043 -0.986508092 -0.135234473
1561000677.287626028 -239.880062 -444.261848 19.760538 0.072119353 -0.059183404 -0.985635926 -0.140776223
1561000677.388549089 -240.726724 -443.978749 19.747255 0.072639615 -0.060514818 -0.984709625 -0.146316088
1561000677.488576889 -241.559945 -443.688459 19.738178 0.072435267 -0.061404830 -0.983865895 -0.151626118
1561000677.588731766 -242.391110 -443.389733 19.727876 0.071418268 -0.062089256 -0.983016778 -0.157233486
1561000677.688731670 -243.219747 -443.081558 19.715398 0.070893854 -0.061508480 -0.982227324 -0.162543080
1561000677.787768602 -244.042080 -442.770744 19.701646 0.070804694 -0.061439793 -0.981353659 -0.167800012
1561000677.888893366 -244.868385 -442.445344 19.692031 0.070993023 -0.062027941 -0.980339824 -0.173338842
1561000677.988409519 -245.681912 -442.114136 19.680058 0.071320877 -0.062429520 -0.979379655 -0.178413505
1561000678.088507414 -246.492229 -441.769532 19.666864 0.071428905 -0.062604981 -0.978403161 -0.183591345
1561000678.188627481 -247.300555 -441.425419 19.650806 0.071409761 -0.063010445 -0.977444660 -0.188500046
1561000678.287575006 -248.104464 -441.072544 19.637493 0.071716242 -0.063262874 -0.976455146 -0.193364778
1561000678.388519526 -248.914034 -440.702069 19.621726 0.071477270 -0.063571827 -0.975406371 -0.198575007
1561000678.487511873 -249.709190 -440.329230 19.601812 0.071081106 -0.064463685 -0.974396342 -0.203331447
1561000678.588694096 -250.504557 -439.952211 19.590910 0.072010450 -0.065705224 -0.973170766 -0.208413002
1561000678.689149857 -251.287850 -439.568139 19.570519 0.072927932 -0.066501372 -0.971897730 -0.213714500
1561000678.787875652 -252.067524 -439.159726 19.548681 0.074100047 -0.068381713 -0.970585683 -0.218624235
1561000678.888993979 -252.854080 -438.749567 19.516115 0.074177070 -0.070384651 -0.969228200 -0.223920653
1561000678.987897635 -253.627163 -438.330956 19.485407 0.074976554 -0.073916242 -0.967707434 -0.229035427
1561000679.088934898 -254.392828 -437.913680 19.459312 0.076168165 -0.075618261 -0.966200157 -0.234387596
1561000679.188595533 -255.149041 -437.486074 19.436533 0.076319234 -0.075350123 -0.965110648 -0.238870614
1561000679.287601471 -255.912416 -437.056092 19.415249 0.074568151 -0.072666465 -0.964280521 -0.243561601
1561000679.388690233 -256.676926 -436.616149 19.391400 0.071791626 -0.069069189 -0.963542446 -0.248317065
1561000679.488245726 -257.428992 -436.181526 19.380170 0.070334572 -0.063600742 -0.962870307 -0.252762270
1561000679.588499546 -258.192081 -435.743347 19.377949 0.069869597 -0.055700869 -0.962174108 -0.257364797
1561000679.688286066 -258.940183 -435.297831 19.361031 0.070068858 -0.049993880 -0.961396057 -0.261359120
1561000679.788249969 -259.669199 -434.837069 19.330050 0.068558269 -0.051100703 -0.960403451 -0.265167293
1561000679.888634920 -260.397594 -434.355171 19.311347 0.068432076 -0.054792736 -0.959098533 -0.269155736
1561000679.987597942 -261.131727 -433.877354 19.304890 0.071337362 -0.055461074 -0.957488614 -0.273953654
1561000680.088584423 -261.886879 -433.388478 19.287871 0.075352557 -0.056926508 -0.955894365 -0.278113874
1561000680.188613653 -262.594400 -432.891053 19.258623 0.078864959 -0.059361606 -0.954299968 -0.282078161
1561000680.287446976 -263.313265 -432.379761 19.223748 0.079245464 -0.062541543 -0.952895939 -0.286003569
1561000680.388378620 -264.019774 -431.868854 19.192158 0.078144123 -0.064173292 -0.951374835 -0.290965990
1561000680.488300085 -264.732280 -431.356514 19.153760 0.076974047 -0.064907625 -0.950204605 -0.294912200
1561000680.588241816 -265.442884 -430.835461 19.121282 0.076918113 -0.065538067 -0.948895157 -0.298975496
1561000680.688223124 -266.137514 -430.310896 19.089096 0.076972735 -0.066644830 -0.947636615 -0.302685498
1561000680.787881374 -266.829510 -429.786226 19.060728 0.076431992 -0.066928662 -0.946364631 -0.306712716
1561000680.888615608 -267.523675 -429.253304 19.026208 0.074731696 -0.067054184 -0.945077238 -0.311043284
1561000680.988703728 -268.204293 -428.716777 18.998483 0.074002868 -0.066969888 -0.943770197 -0.315176816
1561000681.088707209 -268.888398 -428.171538 18.971433 0.073944391 -0.067346694 -0.942389794 -0.319214858
1561000681.188614368 -269.574068 -427.613175 18.938710 0.074200847 -0.067352337 -0.941076391 -0.323006381
1561000681.287307739 -270.247232 -427.051105 18.907640 0.074738128 -0.067253520 -0.939565962 -0.327272025
1561000681.388518333 -270.921790 -426.479784 18.872877 0.074759183 -0.067345351 -0.938195901 -0.331155734
1561000681.488221884 -271.579114 -425.915955 18.837719 0.074459682 -0.067152638 -0.936594881 -0.335762279
1561000681.588586807 -272.246265 -425.335872 18.802073 0.073923689 -0.067623706 -0.935114592 -0.339886780
1561000681.688675642 -272.895887 -424.753873 18.773675 0.073749736 -0.067943965 -0.933462384 -0.344372721
1561000681.787509203 -273.538647 -424.166667 18.742980 0.073170608 -0.067746835 -0.931716313 -0.349229353
1561000681.888593912 -274.188262 -423.562702 18.715834 0.073249373 -0.068325188 -0.929723306 -0.354373774
1561000681.987440825 -274.814881 -422.953882 18.677142 0.073226030 -0.068769506 -0.927476422 -0.360133574
1561000682.088506222 -275.442632 -422.335443 18.644205 0.073439314 -0.069998381 -0.925407499 -0.365140868
1561000682.188407898 -276.068883 -421.707746 18.604339 0.073074221 -0.071144282 -0.923218179 -0.370495403
1561000682.288105249 -276.675380 -421.073588 18.569571 0.072967895 -0.071779618 -0.921056027 -0.375738163
1561000682.388340950 -277.281083 -420.435556 18.538674 0.072456634 -0.071910113 -0.919309032 -0.380065619
1561000682.487758160 -277.882921 -419.788764 18.505715 0.072530257 -0.070790552 -0.917696704 -0.384136459
1561000682.588431835 -278.493404 -419.132047 18.468681 0.073078127 -0.070408105 -0.915918332 -0.388324472
1561000682.688588142 -279.089302 -418.479224 18.429556 0.074362450 -0.070087915 -0.913857050 -0.392967176
1561000682.787353516 -279.671189 -417.817290 18.394326 0.076449329 -0.070019011 -0.911699415 -0.397563849
1561000682.888395786 -280.261438 -417.145968 18.352905 0.077222458 -0.069735168 -0.909855606 -0.401667120
1561000682.987866402 -280.834704 -416.478845 18.310466 0.077846515 -0.069408448 -0.907520075 -0.406853416
1561000683.088369608 -281.408843 -415.785338 18.265538 0.077799774 -0.069085745 -0.905895860 -0.410520457
1561000683.188382387 -281.971700 -415.106360 18.225033 0.077627080 -0.069012718 -0.903744224 -0.415280217
1561000683.288278103 -282.537578 -414.413090 18.178760 0.077179849 -0.068428448 -0.901770025 -0.419728056
1561000683.388708353 -283.093801 -413.713278 18.134745 0.076193653 -0.068130736 -0.899940399 -0.423863196
1561000683.487489462 -283.634587 -412.999746 18.090670 0.075676565 -0.067779380 -0.898042070 -0.428018054
1561000683.588405848 -284.181281 -412.287406 18.048642 0.074558892 -0.067801188 -0.896174214 -0.432106178
1561000683.688374996 -284.710148 -411.576247 18.015064 0.073862488 -0.068085412 -0.893728066 -0.437217170
1561000683.787278652 -285.229002 -410.857967 17.976281 0.072294255 -0.068307416 -0.891492840 -0.441982075
1561000683.888465643 -285.753179 -410.114130 17.929459 0.071169670 -0.069134597 -0.889251811 -0.446527157
1561000683.987476349 -286.254668 -409.373111 17.883307 0.070425604 -0.070953195 -0.886595128 -0.451613725
1561000684.088335752 -286.763257 -408.617673 17.848449 0.070689675 -0.072914835 -0.884119754 -0.456090625
1561000684.188313723 -287.253215 -407.859282 17.809704 0.070781616 -0.073906473 -0.881513470 -0.460935786
1561000684.287109613 -287.745290 -407.103394 17.776327 0.070738473 -0.074178748 -0.878844624 -0.465967497
1561000684.388462067 -288.229371 -406.324534 17.728269 0.070225722 -0.074536992 -0.876064980 -0.471192886
1561000684.488012552 -288.701663 -405.550347 17.688530 0.070060032 -0.075010267 -0.873118287 -0.476581063
1561000684.588811874 -289.168887 -404.765300 17.643209 0.068825138 -0.075139009 -0.870247204 -0.481961653
1561000684.688871861 -289.619078 -403.981773 17.594760 0.066917786 -0.075793562 -0.867408742 -0.487215989
1561000684.787717104 -290.060594 -403.180420 17.553688 0.065063197 -0.077433709 -0.864447893 -0.492443541
1561000684.888831854 -290.494883 -402.355912 17.518537 0.064203453 -0.078901826 -0.861429146 -0.497586419
1561000684.987902880 -290.915898 -401.544474 17.478663 0.064395243 -0.079863586 -0.858362577 -0.502681556
1561000685.088036537 -291.337643 -400.729659 17.442710 0.064758170 -0.080173055 -0.855064453 -0.508176585
1561000685.188569784 -291.746344 -399.910943 17.398675 0.065265251 -0.080541439 -0.851799355 -0.513508892
1561000685.287528276 -292.150666 -399.091979 17.354705 0.066001815 -0.080988772 -0.848872268 -0.518170292
1561000685.388623953 -292.539511 -398.247899 17.309612 0.067246390 -0.081155714 -0.845291558 -0.523807078
1561000685.487845182 -292.927508 -397.407059 17.264273 0.067637725 -0.081098127 -0.841800653 -0.529358001
1561000685.588568211 -293.298110 -396.560297 17.213420 0.067921978 -0.080602047 -0.838263982 -0.534979824
1561000685.690125227 -293.660655 -395.702779 17.162316 0.067649344 -0.080123792 -0.834332370 -0.541196121
1561000685.787412405 -293.994117 -394.861544 17.108326 0.067495134 -0.080001912 -0.830717887 -0.546764934
1561000685.888466597 -294.333090 -393.993836 17.059929 0.067800851 -0.080120692 -0.826861163 -0.552525417
1561000685.987399340 -294.663279 -393.115843 17.009373 0.067608495 -0.079779138 -0.823357061 -0.557805997
1561000686.087258339 -294.982290 -392.226583 16.957466 0.067670488 -0.079760794 -0.820094138 -0.562587350
1561000686.188476324 -295.294044 -391.331152 16.906432 0.067483087 -0.079703689 -0.816902561 -0.567242065
1561000686.287470102 -295.587978 -390.448104 16.857368 0.067917412 -0.078910986 -0.813459430 -0.572227259
1561000686.388966799 -295.880704 -389.542236 16.806226 0.067882033 -0.078714524 -0.810272411 -0.576762232
1561000686.487977028 -296.148897 -388.653981 16.754116 0.067480537 -0.078242171 -0.806990859 -0.581455323
1561000686.587724924 -296.423789 -387.735182 16.701943 0.066681789 -0.077874025 -0.803880123 -0.585889002
1561000686.688706398 -296.682967 -386.804038 16.650773 0.066901278 -0.078348043 -0.800274384 -0.590717118
1561000686.787932396 -296.935821 -385.886484 16.599728 0.067200031 -0.078568699 -0.797163868 -0.594845260
1561000686.888478041 -297.184783 -384.947591 16.545443 0.068176689 -0.079062380 -0.794106711 -0.598745030
1561000686.987593889 -297.419658 -384.016168 16.486868 0.068310527 -0.079494393 -0.790932094 -0.602860461
1561000687.088270426 -297.645503 -383.077537 16.427822 0.067780822 -0.079698089 -0.788246932 -0.606399826
1561000687.188244820 -297.868552 -382.134813 16.373188 0.067243147 -0.080552977 -0.785690666 -0.609655439
1561000687.288164377 -298.079037 -381.182778 16.314825 0.065504773 -0.081231485 -0.783384353 -0.612714882
1561000687.388333559 -298.281891 -380.219607 16.254457 0.064371230 -0.081878976 -0.781286514 -0.615421451
1561000687.487379074 -298.488405 -379.267355 16.199784 0.063449706 -0.083012435 -0.779698524 -0.617376127
1561000687.588475466 -298.684901 -378.289819 16.146035 0.063765397 -0.084365550 -0.777971196 -0.619336134
1561000687.688577414 -298.871358 -377.322676 16.087394 0.063391436 -0.085808719 -0.776346746 -0.621211816
1561000687.788952351 -299.072173 -376.339594 16.026010 0.062186485 -0.086499964 -0.775697272 -0.622048503
1561000687.889598370 -299.269397 -375.360922 15.970046 0.061135663 -0.086966810 -0.774996301 -0.622960623
1561000687.987977028 -299.462524 -374.393427 15.920860 0.060288098 -0.086325882 -0.774243983 -0.624066856
1561000688.089933157 -299.654390 -373.402361 15.869669 0.059777706 -0.085528517 -0.773628749 -0.624988046
1561000688.190001011 -299.850240 -372.416104 15.812954 0.059935953 -0.085242583 -0.773272901 -0.625452160
1561000688.289996386 -300.032848 -371.422980 15.756379 0.060035450 -0.085876931 -0.772571755 -0.626221830
1561000688.389681101 -300.230789 -370.422927 15.709350 0.060210265 -0.086457055 -0.772305026 -0.626454187
1561000688.488077641 -300.422479 -369.439952 15.653018 0.059628583 -0.085016929 -0.771979315 -0.627108038
1561000688.589473963 -300.611873 -368.431215 15.599871 0.059535848 -0.084005693 -0.771762198 -0.627520228
1561000688.691093683 -300.809389 -367.411298 15.548996 0.059916117 -0.083435737 -0.771698931 -0.627637871
1561000688.791401386 -300.997790 -366.404209 15.493032 0.060803708 -0.083691161 -0.771937910 -0.627224491
1561000688.890982628 -301.186972 -365.394699 15.438333 0.061422830 -0.084705413 -0.772456816 -0.626388614
1561000688.989842176 -301.389435 -364.385217 15.382077 0.061534975 -0.084645914 -0.773145471 -0.625535447
1561000689.091430187 -301.604253 -363.360196 15.332251 0.062502537 -0.083156574 -0.773619733 -0.625052739
1561000689.191464186 -301.805258 -362.352881 15.280425 0.062859764 -0.081520924 -0.774327628 -0.624355438
1561000689.290840149 -302.009980 -361.344438 15.223001 0.062795184 -0.080262072 -0.774989684 -0.623703259
1561000689.391429663 -302.217148 -360.309908 15.169063 0.063727252 -0.079353390 -0.775158682 -0.623514951
1561000689.489524364 -302.418010 -359.293799 15.113209 0.064553005 -0.079020822 -0.775334256 -0.623253890
1561000689.591042757 -302.627666 -358.255953 15.058937 0.065127717 -0.079659167 -0.775505425 -0.622899778
1561000689.690730095 -302.855643 -357.224252 15.003367 0.064424987 -0.080181142 -0.775557827 -0.622840640
1561000689.790618181 -303.065956 -356.188313 14.943181 0.064685297 -0.079394070 -0.775616661 -0.622841223
1561000689.890493631 -303.276866 -355.151499 14.890321 0.065445212 -0.079287159 -0.775800433 -0.622546512
1561000689.988769531 -303.495327 -354.103217 14.834668 0.067997413 -0.079561992 -0.775734433 -0.622320119
1561000690.089918375 -303.715003 -353.041121 14.767145 0.069694247 -0.080022324 -0.775650171 -0.622178392
1561000690.192203760 -303.933978 -351.982390 14.699260 0.070222098 -0.080367247 -0.775536621 -0.622216129
1561000690.291974068 -304.148903 -350.940782 14.630778 0.069444239 -0.080334653 -0.775520523 -0.622327695
1561000690.391912222 -304.363769 -349.896751 14.563384 0.068809441 -0.079956028 -0.775274360 -0.622753532
1561000690.490993023 -304.584698 -348.830892 14.496901 0.068892978 -0.081354841 -0.774646197 -0.623344541
1561000690.592400789 -304.795255 -347.759068 14.438415 0.068681026 -0.081692024 -0.773829572 -0.624337347
1561000690.692576408 -304.997865 -346.703807 14.372533 0.066790219 -0.079844775 -0.773175251 -0.625590848
1561000690.792429924 -305.216248 -345.639038 14.320552 0.065143691 -0.078382161 -0.772579247 -0.626684804
1561000690.892320156 -305.428937 -344.557751 14.262999 0.064352587 -0.077393341 -0.772172965 -0.627389773
1561000690.990818262 -305.625317 -343.480984 14.206280 0.065160625 -0.077583850 -0.771360959 -0.628281076
1561000691.092083454 -305.824661 -342.381452 14.145808 0.065876417 -0.078041407 -0.770536570 -0.629160735
1561000691.192133665 -306.011305 -341.295766 14.085479 0.066370009 -0.078298225 -0.769618928 -0.630199267
1561000691.290557861 -306.202327 -340.216589 14.020682 0.066294654 -0.077979900 -0.769387540 -0.630529117
1561000691.392272949 -306.397282 -339.111474 13.962656 0.064528696 -0.078539141 -0.769519107 -0.630482351
1561000691.490763903 -306.596711 -338.022640 13.909099 0.063406330 -0.078330964 -0.770229301 -0.629754493
1561000691.592398405 -306.812475 -336.911148 13.858393 0.063528104 -0.078092073 -0.770667265 -0.629235866
1561000691.693707466 -307.026424 -335.802857 13.806280 0.064113211 -0.077489831 -0.771010079 -0.628830884
1561000691.793093204 -307.230482 -334.723684 13.750121 0.064497500 -0.076743430 -0.771412757 -0.628389113
1561000691.893555880 -307.441889 -333.610496 13.685279 0.064031994 -0.076462561 -0.771703020 -0.628114503
1561000691.992355347 -307.648550 -332.503860 13.629151 0.063692587 -0.077288147 -0.772185095 -0.627455158
1561000692.093594313 -307.862087 -331.380648 13.569642 0.063729572 -0.078015877 -0.772413692 -0.627079862
1561000692.194281816 -308.076618 -330.268954 13.511365 0.063327505 -0.078527284 -0.773132924 -0.626169765
1561000692.295279026 -308.294778 -329.151395 13.454967 0.062800393 -0.079629040 -0.772836443 -0.626449646
1561000692.394016743 -308.511830 -328.055711 13.403328 0.062409548 -0.079556158 -0.773060905 -0.626220970
1561000692.492417336 -308.724747 -326.948253 13.347474 0.061670681 -0.079860477 -0.773213566 -0.626066939
1561000692.593861580 -308.953771 -325.809195 13.295587 0.060854897 -0.079712033 -0.773488644 -0.625825848
1561000692.694075823 -309.173610 -324.684957 13.232136 0.060739936 -0.079739555 -0.773732673 -0.625531785
1561000692.792280912 -309.378487 -323.575741 13.173389 0.060652383 -0.081057200 -0.773742812 -0.625358361
1561000692.893670321 -309.597396 -322.428354 13.121542 0.060833074 -0.082346514 -0.773659055 -0.625275983
1561000692.992175341 -309.813939 -321.300436 13.065238 0.060845909 -0.082843809 -0.773806078 -0.625027065
1561000693.093464613 -310.047981 -320.155281 13.010863 0.060188176 -0.082417184 -0.773739459 -0.625229591
1561000693.194062471 -310.263340 -319.020430 12.956083 0.059423176 -0.081504325 -0.773851889 -0.625283284
1561000693.293469906 -310.492537 -317.879006 12.899690 0.059468706 -0.080409955 -0.773885688 -0.625378808
1561000693.393529892 -310.726974 -316.733387 12.841842 0.059533773 -0.079277984 -0.773819112 -0.625599483
1561000693.492204428 -310.948352 -315.585897 12.791066 0.059858269 -0.079588020 -0.773862047 -0.625476032
1561000693.592339754 -311.175922 -314.428981 12.734988 0.060199584 -0.079547439 -0.773552680 -0.625831021
1561000693.693884611 -311.402274 -313.274263 12.676463 0.060454984 -0.080125672 -0.773794984 -0.625432965
1561000693.792488813 -311.619128 -312.124260 12.620705 0.060344066 -0.080651131 -0.773671010 -0.625529501
1561000693.894144773 -311.844488 -310.958000 12.566591 0.060037339 -0.081790214 -0.773480601 -0.625646576
1561000693.992807627 -312.060048 -309.814686 12.512774 0.059811340 -0.083060361 -0.772588655 -0.626602226
1561000694.092849016 -312.289179 -308.670022 12.457302 0.059752446 -0.083764099 -0.771988975 -0.627252934
1561000694.194056511 -312.501591 -307.521255 12.397931 0.059366130 -0.083650055 -0.771606809 -0.627774851
1561000694.295355082 -312.706796 -306.375935 12.350367 0.058979200 -0.083644801 -0.771325531 -0.628157564
1561000694.395094395 -312.932817 -305.232078 12.300585 0.059686219 -0.082994710 -0.771069819 -0.628490865
1561000694.493900776 -313.151765 -304.098701 12.253083 0.061143362 -0.081873501 -0.770774624 -0.628859839
1561000694.595165253 -313.384129 -302.942637 12.198785 0.062302641 -0.080529869 -0.770621205 -0.629107526
1561000694.695244789 -313.595070 -301.798335 12.141714 0.062731705 -0.078703686 -0.770622116 -0.629294858
1561000694.795280457 -313.818176 -300.653130 12.090459 0.063170382 -0.077516092 -0.770681363 -0.629325826
1561000694.895139456 -314.034120 -299.525959 12.041017 0.063410960 -0.076866835 -0.770697994 -0.629360899
1561000694.993753195 -314.246768 -298.395121 11.979199 0.063829582 -0.077006360 -0.770538470 -0.629496840
1561000695.095133066 -314.446110 -297.262176 11.919381 0.063916510 -0.078002006 -0.770363536 -0.629579534
1561000695.195034027 -314.647584 -296.140939 11.864442 0.063670876 -0.079156029 -0.770086393 -0.629799405
1561000695.295438766 -314.857343 -295.023869 11.815678 0.063030051 -0.079885749 -0.769723481 -0.630215235
1561000695.395190239 -315.063339 -293.924620 11.764990 0.062780201 -0.079825291 -0.769382000 -0.630664655
1561000695.493827820 -315.259690 -292.823812 11.711326 0.062769812 -0.080416228 -0.768897059 -0.631181823
1561000695.594941378 -315.452039 -291.729658 11.659828 0.062917725 -0.081223184 -0.768534569 -0.631505162
1561000695.693724155 -315.643897 -290.658294 11.611959 0.062243411 -0.081980684 -0.768198060 -0.631883428
1561000695.795289040 -315.837641 -289.569656 11.561335 0.060868585 -0.082579506 -0.768468399 -0.631610608
1561000695.895125628 -316.027607 -288.505150 11.513745 0.060058932 -0.082936722 -0.768724919 -0.631329093
1561000695.994052649 -316.215631 -287.455386 11.474114 0.059896116 -0.082956439 -0.768897396 -0.631131903
1561000696.095534801 -316.409773 -286.390058 11.431914 0.060132466 -0.082388896 -0.768919176 -0.631157237
1561000696.195280075 -316.603788 -285.372507 11.386828 0.059702928 -0.080552337 -0.769547311 -0.630669340
1561000696.293679237 -316.786565 -284.349730 11.342112 0.059332670 -0.079412361 -0.769682902 -0.630683393
1561000696.395229578 -316.985035 -283.327414 11.302149 0.059006547 -0.079094842 -0.769736170 -0.630688880
1561000696.493859053 -317.168995 -282.308213 11.263567 0.059289533 -0.079061840 -0.769779943 -0.630613048
1561000696.595229149 -317.364059 -281.262163 11.220134 0.059686092 -0.078430965 -0.769495367 -0.631001612
1561000696.695190907 -317.557318 -280.245255 11.175602 0.060561840 -0.077986696 -0.770091328 -0.630245734
1561000696.793729782 -317.742652 -279.245246 11.131619 0.061228855 -0.077692009 -0.769838796 -0.630526136
1561000696.895066261 -317.923406 -278.226550 11.089500 0.061311191 -0.077546126 -0.769787149 -0.630599145
1561000696.993653536 -318.098971 -277.225803 11.045348 0.062106227 -0.077099831 -0.769951363 -0.630375547
1561000697.095078468 -318.293091 -276.221996 11.008367 0.063219978 -0.077753852 -0.769672012 -0.630525627
1561000697.194711447 -318.470237 -275.247888 10.963699 0.064162906 -0.077898222 -0.769796826 -0.630260133
1561000697.295124292 -318.647465 -274.285080 10.924195 0.064205626 -0.077614999 -0.769638213 -0.630484394
1561000697.395090342 -318.829956 -273.340244 10.884697 0.063461321 -0.077195715 -0.769648828 -0.630598258
1561000697.494901419 -319.003527 -272.405656 10.846635 0.063641840 -0.077909494 -0.769750339 -0.630368339
1561000697.594832897 -319.175522 -271.485308 10.804385 0.063626312 -0.078409992 -0.770352790 -0.629571398
1561000697.694792032 -319.332574 -270.582507 10.769323 0.064417525 -0.079405082 -0.769797148 -0.630045686
1561000697.793523788 -319.498355 -269.711643 10.733698 0.064655887 -0.079415708 -0.769584135 -0.630280113
1561000697.894670486 -319.661843 -268.835275 10.698900 0.064453000 -0.079831112 -0.769618463 -0.630206494
1561000697.993432760 -319.816453 -268.004889 10.656883 0.064180061 -0.079498820 -0.769878333 -0.629958896
1561000698.094395399 -319.969185 -267.174449 10.625947 0.063682564 -0.080354113 -0.769895230 -0.629880212
1561000698.194979906 -320.125395 -266.366906 10.595008 0.062959602 -0.079835833 -0.769574073 -0.630411036
1561000698.294470787 -320.261440 -265.603369 10.564018 0.061964584 -0.078931864 -0.769858555 -0.630276096
1561000698.394909620 -320.396747 -264.864955 10.537842 0.061622371 -0.078715351 -0.769582139 -0.630674170
1561000698.495277166 -320.534760 -264.152961 10.504278 0.061404708 -0.078299668 -0.769554325 -0.630781076
1561000698.596221447 -320.667332 -263.452714 10.477917 0.061283823 -0.079080937 -0.769433792 -0.630842404
1561000698.696098804 -320.793533 -262.792406 10.451988 0.060959845 -0.079569301 -0.769624423 -0.630579789
1561000698.795558453 -320.919899 -262.121261 10.428034 0.060690936 -0.079147540 -0.769412231 -0.630917662
1561000698.896800280 -321.036539 -261.463716 10.402655 0.059312486 -0.077998380 -0.769976953 -0.630502794
1561000698.995206118 -321.166704 -260.811671 10.376560 0.057542791 -0.076975600 -0.770003186 -0.630760396
1561000699.096710920 -321.282986 -260.156458 10.352627 0.056343186 -0.077049154 -0.770073396 -0.630774000
1561000699.188436270 -321.395740 -259.529808 10.328042 0.056752510 -0.077326651 -0.769812847 -0.631021333
1561000699.288321495 -321.516059 -258.866288 10.306154 0.056717063 -0.076247228 -0.770084682 -0.630824157
1561000699.388251305 -321.617636 -258.233208 10.280228 0.051471296 -0.072513888 -0.770171455 -0.631607767
1561000699.488479614 -321.738388 -257.605000 10.275077 0.044504485 -0.068758179 -0.770532509 -0.632116536
1561000699.589973450 -321.859241 -256.971508 10.269155 0.040765080 -0.067597187 -0.770845788 -0.632112016
1561000699.688422918 -321.972796 -256.340902 10.267051 0.044096870 -0.069092913 -0.770822621 -0.631754796
1561000699.788559914 -322.108738 -255.676960 10.248806 0.056440967 -0.076160384 -0.769980973 -0.630985986
1561000699.888555288 -322.237686 -255.006775 10.214488 0.071725761 -0.086424306 -0.768172106 -0.630315691
1561000699.987387419 -322.362178 -254.337192 10.156997 0.079158148 -0.091840204 -0.767449678 -0.629539797
1561000700.088423014 -322.469849 -253.702059 10.111491 0.075008022 -0.087984693 -0.768232327 -0.629644013
1561000700.187392712 -322.583125 -253.087854 10.073559 0.064722600 -0.079889757 -0.768749191 -0.631231568
1561000700.287990093 -322.698992 -252.435041 10.042517 0.055159078 -0.071222334 -0.769588683 -0.632153553
1561000700.388343573 -322.817646 -251.778084 10.015838 0.052062875 -0.068333785 -0.769554326 -0.632776493
1561000700.487210512 -322.939423 -251.100647 10.003350 0.057036364 -0.072142636 -0.769118029 -0.632455335
1561000700.588360310 -323.066950 -250.407514 9.984163 0.063112680 -0.076540973 -0.768322804 -0.632327714
1561000700.688216448 -323.196661 -249.729887 9.954621 0.065161085 -0.078057179 -0.768021719 -0.632300363
1561000700.788680077 -323.313547 -249.055706 9.912634 0.063767795 -0.077767346 -0.767761978 -0.632793373
1561000700.888725042 -323.434451 -248.371875 9.884232 0.060647035 -0.077338756 -0.767789624 -0.633119063
1561000700.988991976 -323.540637 -247.677741 9.854579 0.058491744 -0.076575790 -0.767775047 -0.633432192
1561000701.088963985 -323.667383 -246.975281 9.830699 0.057255142 -0.076091091 -0.767648490 -0.633756886
1561000701.189694881 -323.795638 -246.247928 9.800888 0.057405930 -0.076683600 -0.767568597 -0.633768596
1561000701.290050268 -323.928740 -245.528462 9.772484 0.058338329 -0.077241590 -0.767293855 -0.633948355
1561000701.389756203 -324.064582 -244.812384 9.749999 0.058342733 -0.077356726 -0.767372924 -0.633838195
1561000701.487899542 -324.177849 -244.102696 9.727952 0.058387963 -0.077009271 -0.767742489 -0.633428677
1561000701.589890242 -324.312787 -243.369653 9.706077 0.058333047 -0.076072539 -0.768079004 -0.633138901
1561000701.687781334 -324.452298 -242.640889 9.679077 0.058045883 -0.074934857 -0.768459070 -0.632839711
1561000701.789548397 -324.581053 -241.892115 9.648194 0.059074148 -0.075172217 -0.768767932 -0.632341087
1561000701.889595032 -324.723107 -241.160589 9.613867 0.058777344 -0.075257480 -0.769373360 -0.631621856
1561000701.987603664 -324.860579 -240.425962 9.584270 0.058590924 -0.076151220 -0.769720120 -0.631109366
1561000702.089330912 -324.999073 -239.655237 9.558383 0.058485914 -0.076871896 -0.770145911 -0.630512002
1561000702.189159870 -325.130815 -238.905482 9.533119 0.058808345 -0.076440400 -0.770933475 -0.629571300
1561000702.289369822 -325.288374 -238.147797 9.508123 0.058803988 -0.076435815 -0.771641735 -0.628703976
1561000702.389667988 -325.432834 -237.404554 9.470301 0.058417803 -0.076223449 -0.772550384 -0.627648986
1561000702.489912510 -325.584198 -236.648204 9.435081 0.057372449 -0.077819602 -0.772953374 -0.627053103
1561000702.589784384 -325.731132 -235.888101 9.404002 0.056530541 -0.079876854 -0.773495046 -0.626202364
1561000702.689425945 -325.882438 -235.142902 9.394417 0.057191313 -0.080744179 -0.774208564 -0.625148487
1561000702.788315773 -326.018542 -234.396474 9.360434 0.055983727 -0.081023258 -0.774834002 -0.624446414
1561000702.889554501 -326.168211 -233.639321 9.321872 0.054194532 -0.081708682 -0.775476999 -0.623716335
1561000702.987718344 -326.308407 -232.914747 9.301045 0.052145729 -0.083267561 -0.776093702 -0.622917251
1561000703.089700699 -326.456354 -232.169188 9.283811 0.051389721 -0.084308392 -0.776490471 -0.622345355
1561000703.189249277 -326.603365 -231.430778 9.277265 0.051847967 -0.084303787 -0.776666409 -0.622088377
1561000703.289499044 -326.759126 -230.698941 9.252348 0.052758946 -0.083405086 -0.776853179 -0.621899690
1561000703.389641285 -326.921537 -229.985752 9.227429 0.053080935 -0.084193832 -0.776543639 -0.622152546
1561000703.488070250 -327.076096 -229.280662 9.202507 0.053046326 -0.084773841 -0.776746112 -0.621823899
1561000703.590068817 -327.218816 -228.589028 9.184918 0.053388797 -0.085668659 -0.776624546 -0.621823795
1561000703.689052343 -327.353780 -227.911398 9.165553 0.054417900 -0.085230996 -0.776680660 -0.621724635
1561000703.788258314 -327.501441 -227.242942 9.142055 0.054240017 -0.084357588 -0.776845994 -0.621652732
1561000703.889823914 -327.636252 -226.577596 9.122279 0.054036449 -0.083296434 -0.777116015 -0.621476038
1561000703.987931490 -327.781367 -225.925633 9.094537 0.054267147 -0.082410463 -0.777086385 -0.621611087
1561000704.089855194 -327.909178 -225.265090 9.046572 0.052993744 -0.084608637 -0.776903666 -0.621654032
1561000704.188588142 -328.037364 -224.614386 9.031918 0.054176249 -0.087311466 -0.777274607 -0.620713966
1561000704.288815975 -328.170257 -223.960845 9.040529 0.056251121 -0.086284804 -0.776773938 -0.621299439
1561000704.389729738 -328.324110 -223.326559 9.042351 0.054891900 -0.077461296 -0.776747597 -0.622615289
1561000704.487789631 -328.463510 -222.718695 9.012371 0.047144629 -0.068064957 -0.777429589 -0.623496415
1561000704.589640617 -328.598929 -222.080110 8.987590 0.040570181 -0.063803052 -0.777859263 -0.623873543
1561000704.687710285 -328.718217 -221.433328 8.975468 0.040664847 -0.065547396 -0.777424403 -0.624228489
1561000704.789397717 -328.853152 -220.759066 8.954922 0.051956180 -0.072801163 -0.776169858 -0.624148138
1561000704.889402390 -328.986350 -220.070151 8.923669 0.069762372 -0.086411671 -0.774714636 -0.622481701
1561000704.987589598 -329.112177 -219.397535 8.880423 0.080981635 -0.093748369 -0.773247955 -0.621884892
1561000705.089375734 -329.258113 -218.733846 8.839212 0.078555484 -0.089403441 -0.773795730 -0.622154506
1561000705.188393116 -329.411741 -218.100472 8.806687 0.066175082 -0.080498086 -0.774167696 -0.624343892
1561000705.287814617 -329.544380 -217.453201 8.769429 0.053150092 -0.072344945 -0.775214573 -0.625286849
1561000705.389561892 -329.672859 -216.772171 8.752211 0.047024279 -0.069322710 -0.775457690 -0.625818225
1561000705.487647295 -329.818041 -216.082596 8.758943 0.052603940 -0.072886466 -0.775309658 -0.625152239
1561000705.589370489 -329.952154 -215.359653 8.753839 0.061243742 -0.076576548 -0.774166658 -0.625340885
1561000705.687877655 -330.093870 -214.667879 8.725426 0.065549533 -0.077062999 -0.773774651 -0.625329787
1561000705.789735556 -330.243522 -213.961170 8.676674 0.063636904 -0.075227143 -0.774219166 -0.625200691
1561000705.889716387 -330.391147 -213.260570 8.645886 0.060046081 -0.073922496 -0.774806437 -0.624983934
1561000705.987911701 -330.533914 -212.560760 8.626968 0.057672955 -0.073402541 -0.774930559 -0.625114810
1561000706.090048552 -330.681345 -211.828261 8.614690 0.058019390 -0.073842020 -0.774996673 -0.624949009
1561000706.188987494 -330.825801 -211.112160 8.600642 0.059708816 -0.074341769 -0.774942253 -0.624798098
1561000706.288095951 -330.978030 -210.381478 8.583860 0.061811447 -0.075093373 -0.774660960 -0.624852565
1561000706.389716625 -331.133126 -209.634522 8.552752 0.062314402 -0.074779252 -0.774954173 -0.624476587
1561000706.487963676 -331.286033 -208.904422 8.523725 0.062177293 -0.074377643 -0.774737598 -0.624806854
1561000706.589909315 -331.439225 -208.153092 8.496438 0.061446216 -0.074118448 -0.774571865 -0.625115385
1561000706.688666821 -331.583714 -207.413617 8.472024 0.060697759 -0.073222059 -0.774526884 -0.625349837
1561000706.787594080 -331.745219 -206.660113 8.450763 0.060679035 -0.072404954 -0.774890629 -0.624996072
1561000706.889818430 -331.906746 -205.877836 8.428023 0.061362049 -0.071956266 -0.774669733 -0.625254987
1561000706.987732172 -332.071772 -205.127595 8.404907 0.062113728 -0.071781351 -0.774709071 -0.625152124
1561000707.090035677 -332.230995 -204.359900 8.379801 0.062812283 -0.071943357 -0.774553788 -0.625256107
1561000707.187816143 -332.383883 -203.603172 8.351798 0.063474571 -0.072102003 -0.774537856 -0.625190683
1561000707.289888144 -332.547359 -202.820380 8.322838 0.063488432 -0.071928489 -0.774509628 -0.625244231
1561000707.389438391 -332.706899 -202.043179 8.296676 0.063363072 -0.071643559 -0.774358448 -0.625476870
1561000707.489709854 -332.868190 -201.259426 8.279594 0.063287356 -0.071104552 -0.774085748 -0.625883462
1561000707.591053963 -333.028992 -200.453613 8.252098 0.063220174 -0.070043855 -0.773891206 -0.626250325
1561000707.691205978 -333.184325 -199.666278 8.221736 0.063111856 -0.069493679 -0.773375334 -0.626959421
1561000707.792541504 -333.337115 -198.877510 8.201210 0.063093671 -0.070139707 -0.773256480 -0.627035905
1561000707.892600775 -333.500051 -198.079894 8.178461 0.063030712 -0.071078144 -0.773005400 -0.627246107
1561000707.991043568 -333.659177 -197.292560 8.155357 0.062965148 -0.071933078 -0.772495249 -0.627783492
1561000708.092344046 -333.808577 -196.498635 8.127001 0.062109398 -0.072837238 -0.772347294 -0.627946508
1561000708.192942142 -333.956237 -195.710806 8.101647 0.061419800 -0.074095714 -0.772401122 -0.627800876
1561000708.291664600 -334.103724 -194.915593 8.078747 0.060568176 -0.074937847 -0.772556963 -0.627591869
1561000708.392422915 -334.257882 -194.134830 8.058197 0.059920454 -0.075749473 -0.772841821 -0.627205769
1561000708.490776777 -334.406256 -193.366771 8.040046 0.059959692 -0.076512235 -0.772756588 -0.627214452
1561000708.592234373 -334.560270 -192.570865 8.018183 0.060318566 -0.077040575 -0.772680536 -0.627209063
1561000708.691239119 -334.706842 -191.820832 7.994601 0.060464773 -0.077610936 -0.772918393 -0.626831486
1561000708.792524338 -334.861602 -191.050145 7.969710 0.060677410 -0.078325003 -0.772872092 -0.626779208
1561000708.892669678 -335.001664 -190.306819 7.949775 0.061209216 -0.079067442 -0.772712723 -0.626830774
1561000708.991273880 -335.143808 -189.580577 7.931626 0.061266259 -0.079288429 -0.772376199 -0.627211925
1561000709.092861176 -335.296361 -188.866189 7.914962 0.061232746 -0.079413949 -0.772095773 -0.627544495
1561000709.191134214 -335.430756 -188.171439 7.895793 0.060719770 -0.079442257 -0.771888326 -0.627845881
1561000709.294002771 -335.577606 -187.480928 7.879689 0.060895911 -0.079182417 -0.771916305 -0.627827246
1561000709.393902302 -335.700704 -186.816107 7.858169 0.060699233 -0.078716312 -0.771849002 -0.627987629
1561000709.493831635 -335.822257 -186.164059 7.837078 0.060815068 -0.078797572 -0.771738171 -0.628102432
1561000709.592685699 -335.939754 -185.544873 7.815077 0.060506169 -0.079317246 -0.771722384 -0.628086252
1561000709.692562103 -336.054931 -184.920422 7.794656 0.059928292 -0.079435137 -0.771463930 -0.628444161
1561000709.793654680 -336.168625 -184.315347 7.782459 0.058298133 -0.078522543 -0.771428021 -0.628756190
1561000709.893580914 -336.293146 -183.716751 7.769626 0.057498963 -0.077285744 -0.771222508 -0.629234954
1561000709.992102146 -336.413875 -183.117283 7.749693 0.056969081 -0.076523634 -0.771020150 -0.629624162
1561000710.093568802 -336.530635 -182.505485 7.729872 0.057242579 -0.076818617 -0.771093542 -0.629473539
1561000710.192573547 -336.642030 -181.929074 7.726426 0.056655900 -0.075291925 -0.771082788 -0.629724200
1561000710.293781996 -336.749450 -181.359428 7.734614 0.049567394 -0.069418044 -0.771430446 -0.630570596
1561000710.393960953 -336.858764 -180.790860 7.743660 0.043002834 -0.063092457 -0.771807280 -0.631255591
1561000710.492481947 -336.979750 -180.220418 7.731631 0.040743041 -0.060277057 -0.771846147 -0.631632969
1561000710.593960285 -337.084197 -179.628215 7.693943 0.044464827 -0.064343256 -0.771294800 -0.631654301
1561000710.693742275 -337.195007 -178.989331 7.656330 0.056600110 -0.076540766 -0.770197690 -0.630661126
1561000710.794870377 -337.308216 -178.354000 7.637912 0.072538553 -0.090871967 -0.768651121 -0.629011843
1561000710.894971609 -337.434318 -177.750325 7.640764 0.081833633 -0.095746731 -0.767301681 -0.628795635
1561000710.994924784 -337.550304 -177.178512 7.633722 0.077068737 -0.089641009 -0.767478778 -0.630080332
1561000711.096558809 -337.657603 -176.596337 7.611326 0.064032353 -0.080393599 -0.768865840 -0.631095910
1561000711.195522547 -337.755980 -176.020548 7.573727 0.050608702 -0.073035266 -0.769752938 -0.632127380
1561000711.296458483 -337.870164 -175.394671 7.536211 0.045553665 -0.071169354 -0.769641178 -0.632860366
1561000711.388623238 -337.981590 -174.786644 7.521162 0.053125346 -0.076479578 -0.768788525 -0.632686949
1561000711.488495588 -338.102447 -174.123640 7.510261 0.064037216 -0.083302859 -0.767842878 -0.631962960
1561000711.587508917 -338.223415 -173.471270 7.494317 0.069432094 -0.085284761 -0.767336089 -0.631744426
1561000711.687623978 -338.345728 -172.841546 7.475193 0.066402531 -0.083057367 -0.767398738 -0.632290562
1561000711.788450003 -338.461158 -172.209060 7.455335 0.060981434 -0.078917190 -0.767891667 -0.632768306
1561000711.888620377 -338.581624 -171.568978 7.438627 0.057018629 -0.075245266 -0.767995770 -0.633458383
1561000711.987447023 -338.698573 -170.913266 7.423163 0.056568610 -0.073360844 -0.768024482 -0.633684916
1561000712.088828802 -338.825486 -170.250282 7.409094 0.059716964 -0.073127785 -0.767838375 -0.633648516
1561000712.187844515 -338.958550 -169.583492 7.392284 0.062379720 -0.073103168 -0.767506559 -0.633796797
1561000712.288881302 -339.090718 -168.905785 7.375451 0.064567338 -0.073157788 -0.767256316 -0.633874390
1561000712.389434099 -339.210136 -168.232983 7.355102 0.065002668 -0.073116933 -0.767027852 -0.634111064
1561000712.489825487 -339.340284 -167.553269 7.333378 0.064324643 -0.073144452 -0.767217550 -0.633947521
1561000712.589538813 -339.462415 -166.869498 7.314354 0.064089075 -0.073054280 -0.766915484 -0.634347148
1561000712.687888384 -339.593082 -166.174734 7.296811 0.063634841 -0.073100668 -0.766693247 -0.634656099
1561000712.787710667 -339.707465 -165.487899 7.273224 0.063300896 -0.073094397 -0.766509344 -0.634912302
1561000712.889805317 -339.835097 -164.779300 7.248014 0.062888580 -0.073906730 -0.766359071 -0.635040625
1561000712.987559557 -339.953708 -164.080926 7.230237 0.062727564 -0.074884386 -0.765982835 -0.635395844
1561000713.089387417 -340.062601 -163.365154 7.206134 0.062237138 -0.075832501 -0.765838385 -0.635505734
1561000713.187558651 -340.182869 -162.652762 7.186845 0.061924836 -0.077101327 -0.765549267 -0.635731878
1561000713.289345264 -340.314138 -161.929759 7.167253 0.061668386 -0.078047127 -0.765244418 -0.636008362
1561000713.389480352 -340.431642 -161.204908 7.147907 0.061438044 -0.078852713 -0.764647474 -0.636648927
1561000713.487375498 -340.551241 -160.478622 7.125291 0.060692675 -0.079429946 -0.764196362 -0.637190084
1561000713.589281797 -340.674903 -159.726167 7.107360 0.060148582 -0.079960267 -0.763524609 -0.637980153
1561000713.688013792 -340.796828 -158.993271 7.082731 0.059708202 -0.080023148 -0.762813979 -0.638863099
1561000713.788171530 -340.920301 -158.236681 7.057838 0.059411531 -0.079974176 -0.762016065 -0.639848355
1561000713.889806509 -341.024697 -157.474192 7.033799 0.058833462 -0.079771051 -0.760912254 -0.641239226
1561000713.987923384 -341.142331 -156.726858 7.015493 0.058755689 -0.079917211 -0.759950642 -0.642367519
1561000714.089415073 -341.262034 -155.950380 6.990540 0.059018232 -0.079679821 -0.759385181 -0.643041306
1561000714.187538862 -341.365164 -155.192871 6.967285 0.059578345 -0.079668126 -0.758264950 -0.644311785
1561000714.289125919 -341.495799 -154.404503 6.946303 0.060308504 -0.079824729 -0.757207641 -0.645466874
1561000714.389287949 -341.607198 -153.609203 6.921708 0.059927737 -0.079611413 -0.756048649 -0.646885717
1561000714.489362717 -341.717841 -152.812307 6.897151 0.059637584 -0.078800195 -0.755063360 -0.648161408
1561000714.589196682 -341.821317 -152.034106 6.876289 0.058748115 -0.078055361 -0.752933572 -0.650804929
1561000714.687711477 -341.927820 -151.228793 6.859114 0.058464562 -0.077266166 -0.751187996 -0.652938304
1561000714.788187265 -342.026955 -150.407739 6.835619 0.058259703 -0.076443573 -0.748891809 -0.655685325
1561000714.889328957 -342.108121 -149.582694 6.808246 0.058180118 -0.076146167 -0.746410135 -0.658550488
1561000714.987429619 -342.200681 -148.756749 6.784583 0.058017215 -0.076895488 -0.743016474 -0.662304768
1561000715.089117050 -342.267329 -147.916682 6.762488 0.058143304 -0.077994178 -0.739438328 -0.666158558
1561000715.187596083 -342.339099 -147.101846 6.744878 0.058351800 -0.078456638 -0.735257876 -0.670697756
1561000715.287637711 -342.398987 -146.248472 6.720745 0.058358512 -0.078927080 -0.731308140 -0.674946816
1561000715.390908957 -342.439002 -145.367801 6.694266 0.058211477 -0.079637370 -0.726883750 -0.679639115
1561000715.488872051 -342.459884 -144.515972 6.668871 0.057207504 -0.079716205 -0.722475899 -0.684398424
1561000715.590931654 -342.473343 -143.647618 6.644025 0.056833302 -0.079680175 -0.718118903 -0.689003837
1561000715.689344406 -342.482277 -142.794317 6.620127 0.057072007 -0.079388168 -0.713709046 -0.693584675
1561000715.789064407 -342.481545 -141.923079 6.593008 0.057012646 -0.079273867 -0.708944503 -0.698471834
1561000715.890576363 -342.476026 -141.032815 6.571414 0.057060050 -0.078771569 -0.704540873 -0.702966108
1561000715.988929987 -342.450090 -140.153049 6.547923 0.056717855 -0.077816566 -0.700156289 -0.707466492
1561000716.090355873 -342.418189 -139.241081 6.520958 0.056534376 -0.077260049 -0.695875008 -0.711753274
1561000716.188875437 -342.376773 -138.347188 6.498512 0.056468246 -0.076993349 -0.691215671 -0.716312960
1561000716.290839672 -342.326118 -137.437441 6.473385 0.056164770 -0.076902980 -0.686260791 -0.721094707
1561000716.391225815 -342.247650 -136.537103 6.449606 0.055937652 -0.077337021 -0.680965012 -0.726069292
1561000716.490033150 -342.165851 -135.629990 6.423811 0.055884295 -0.077510482 -0.675974722 -0.730703254
1561000716.592824936 -342.064388 -134.717948 6.398904 0.055649042 -0.078018398 -0.671095960 -0.735150682
1561000716.691028595 -341.957866 -133.814136 6.371591 0.054615718 -0.078906041 -0.666148896 -0.739619232
1561000716.792556047 -341.824478 -132.906983 6.345840 0.053958182 -0.079678478 -0.660901483 -0.744277559
1561000716.893889189 -341.672726 -131.983874 6.313705 0.053311372 -0.080762166 -0.655643312 -0.748843921
1561000716.992609501 -341.529583 -131.058400 6.291969 0.052314491 -0.081514126 -0.651043289 -0.752835491
1561000717.093386412 -341.365701 -130.123066 6.266327 0.051516887 -0.082168090 -0.646196942 -0.756983439
1561000717.191864491 -341.188507 -129.216112 6.243861 0.050352090 -0.082317689 -0.641858724 -0.760727181
1561000717.291958332 -340.996375 -128.292799 6.214925 0.049493386 -0.082718622 -0.637756289 -0.764182537
1561000717.393489838 -340.798427 -127.335310 6.194211 0.049402162 -0.083013135 -0.633707525 -0.767517439
1561000717.491891623 -340.598730 -126.401373 6.167602 0.049810255 -0.083174680 -0.629987932 -0.770529764
1561000717.593257666 -340.390711 -125.450557 6.140771 0.049832596 -0.083471811 -0.626356561 -0.773451115
1561000717.693419695 -340.156454 -124.514155 6.109867 0.049195809 -0.083853854 -0.622425906 -0.776617213
1561000717.795014620 -339.909630 -123.564336 6.080495 0.048505330 -0.084448830 -0.619386025 -0.779022836
1561000717.894737244 -339.666981 -122.628641 6.052990 0.047640630 -0.084069027 -0.616352340 -0.781519393
1561000717.994837523 -339.415181 -121.686336 6.031278 0.047353359 -0.083739604 -0.613163772 -0.784076225
1561000718.094708204 -339.165736 -120.720589 6.011620 0.047916425 -0.083343928 -0.611115030 -0.785682013
1561000718.193444014 -338.902088 -119.759498 5.982672 0.048865274 -0.083171464 -0.607515215 -0.788428790
1561000718.294510365 -338.623883 -118.795115 5.952107 0.049971125 -0.083473235 -0.604799500 -0.790412975
1561000718.394671679 -338.350042 -117.835896 5.921501 0.050310089 -0.084059494 -0.602257328 -0.792268267
1561000718.494875908 -338.067431 -116.877420 5.895282 0.050519521 -0.084267865 -0.600488167 -0.793574613
1561000718.594927788 -337.778361 -115.913154 5.868769 0.050286807 -0.084026462 -0.598627205 -0.795019661
1561000718.693516970 -337.490251 -114.962181 5.842447 0.050318903 -0.083279306 -0.597507726 -0.795937863
1561000718.794895411 -337.203110 -114.009693 5.812945 0.050395671 -0.083044245 -0.596048762 -0.797050690
1561000718.894977331 -336.904734 -113.067859 5.785020 0.050403867 -0.083813656 -0.594772881 -0.797922265
1561000718.994246721 -336.599985 -112.119181 5.757456 0.050215181 -0.084492121 -0.593214815 -0.799021715
1561000719.095146179 -336.292878 -111.155508 5.727633 0.050002445 -0.084667488 -0.591776919 -0.800082027
1561000719.193642378 -335.994842 -110.232926 5.702017 0.049807409 -0.084715841 -0.590394125 -0.801109996
1561000719.295523405 -335.692178 -109.275313 5.674414 0.049606484 -0.084312149 -0.589017016 -0.802178044
1561000719.393726587 -335.383880 -108.336592 5.644989 0.049319368 -0.083981326 -0.587800122 -0.803122502
1561000719.494904518 -335.058540 -107.379804 5.615390 0.048541435 -0.083645485 -0.586804114 -0.803932891
1561000719.594895601 -334.739595 -106.451285 5.584726 0.047608321 -0.084003867 -0.585751612 -0.804718489
1561000719.693482399 -334.424664 -105.519712 5.558477 0.045989108 -0.084998257 -0.585594920 -0.804822271
1561000719.794763565 -334.092202 -104.583824 5.535394 0.045296994 -0.085963721 -0.586019701 -0.804449707
1561000719.893356085 -333.785135 -103.671114 5.516987 0.045142872 -0.086492716 -0.586908740 -0.803753234
1561000719.994700670 -333.476300 -102.728275 5.500046 0.045253359 -0.086559748 -0.587268963 -0.803476639
1561000720.094715834 -333.171949 -101.795759 5.479679 0.045728750 -0.085819919 -0.587769319 -0.803163153
1561000720.193542480 -332.879716 -100.870523 5.454268 0.046268979 -0.085165522 -0.588611851 -0.802584640
1561000720.295140266 -332.581690 -99.934617 5.424004 0.045848093 -0.085350778 -0.588946960 -0.802343240
1561000720.394846678 -332.284097 -99.012133 5.400154 0.045895455 -0.086063550 -0.589698966 -0.801711795
1561000720.495119095 -331.986759 -98.112072 5.377146 0.046192217 -0.086358350 -0.589795228 -0.801592230
1561000720.594864845 -331.689348 -97.202784 5.355538 0.046669749 -0.086944222 -0.590191315 -0.801209616
1561000720.693451881 -331.402232 -96.282308 5.332633 0.046830382 -0.086698154 -0.590407750 -0.801067434
1561000720.794620514 -331.110473 -95.364773 5.304184 0.046963454 -0.086563964 -0.591207777 -0.800483903
1561000720.893514633 -330.835528 -94.456030 5.275228 0.046857206 -0.086441533 -0.591902957 -0.799989471
1561000720.993625879 -330.547423 -93.553014 5.249500 0.046403538 -0.086651211 -0.592349356 -0.799662754
1561000721.094357252 -330.260241 -92.665764 5.228234 0.046246801 -0.086736139 -0.592865849 -0.799279776
1561000721.193198442 -329.978721 -91.775872 5.208139 0.045916442 -0.086040202 -0.593492963 -0.798908547
1561000721.294456005 -329.700503 -90.854708 5.184334 0.045422321 -0.085761668 -0.593625325 -0.798868401
1561000721.394542456 -329.412092 -89.954868 5.162332 0.044758750 -0.085374683 -0.594962820 -0.797951791
1561000721.494261026 -329.138170 -89.056043 5.140496 0.044007407 -0.085485534 -0.596565496 -0.796784275
1561000721.594776630 -328.869954 -88.158261 5.119934 0.043768072 -0.086127188 -0.598343905 -0.795393635
1561000721.693491220 -328.599831 -87.280262 5.102917 0.043959159 -0.086569363 -0.599761174 -0.794266877
1561000721.794883490 -328.342354 -86.387916 5.079924 0.044254603 -0.086715596 -0.601516510 -0.792905936
1561000721.894568443 -328.096861 -85.498587 5.060073 0.044773334 -0.086681158 -0.603636759 -0.791267583
1561000721.994617224 -327.852486 -84.607507 5.038388 0.044237871 -0.086976916 -0.605702740 -0.789684885
1561000722.096200466 -327.606270 -83.721107 5.013734 0.043231874 -0.087789236 -0.608731327 -0.787318377
1561000722.196524858 -327.376225 -82.846931 4.980044 0.041804619 -0.089476165 -0.611818228 -0.784808796
1561000722.296315908 -327.149896 -81.959267 4.973691 0.041937180 -0.090519380 -0.615228503 -0.782011128
1561000722.396287918 -326.941500 -81.073754 4.959559 0.042554558 -0.089041770 -0.618671589 -0.779426801
1561000722.496185064 -326.743823 -80.207853 4.927201 0.042826553 -0.087910606 -0.622935070 -0.776137559
1561000722.596122742 -326.556477 -79.350523 4.906581 0.043203429 -0.088580573 -0.626591290 -0.773091392
1561000722.695873499 -326.371602 -78.484225 4.886097 0.044678600 -0.090272973 -0.630116157 -0.769940415
1561000722.796141386 -326.199639 -77.633490 4.872349 0.046364628 -0.090808917 -0.634021387 -0.766564376
1561000722.894897938 -326.046996 -76.787914 4.856804 0.047267539 -0.089680064 -0.637534408 -0.763723212
1561000722.994863749 -325.903944 -75.965742 4.834910 0.047326319 -0.087815348 -0.641415909 -0.760680166
1561000723.095715523 -325.773075 -75.143505 4.816138 0.047431352 -0.086516577 -0.645381665 -0.757461323
1561000723.195699930 -325.653349 -74.329637 4.799883 0.047427619 -0.085221751 -0.649209249 -0.754330978
1561000723.295722723 -325.553565 -73.518879 4.779524 0.048447591 -0.084547451 -0.652953852 -0.751103073
1561000723.395776987 -325.449392 -72.708152 4.761926 0.049580311 -0.084446049 -0.657183947 -0.747341901
1561000723.497424603 -325.369171 -71.905048 4.750295 0.050846787 -0.084163516 -0.660772375 -0.744117581
1561000723.588123560 -325.292839 -71.155227 4.737951 0.051764924 -0.083270912 -0.664762257 -0.740592661
1561000723.687088966 -325.205397 -70.379171 4.725589 0.052683639 -0.082225157 -0.668904732 -0.736905637
1561000723.788027287 -325.140026 -69.609465 4.707033 0.053100819 -0.081350067 -0.672903021 -0.733323936
1561000723.888063192 -325.084893 -68.875605 4.692038 0.053993281 -0.080860589 -0.676559191 -0.729941060
1561000723.986957073 -325.048154 -68.149432 4.676236 0.054407962 -0.080358577 -0.680163570 -0.726608416
1561000724.088132381 -325.012601 -67.421023 4.663082 0.054850533 -0.079972639 -0.683609259 -0.723376927
1561000724.187191725 -324.976625 -66.722704 4.651485 0.055184939 -0.079325264 -0.686718397 -0.720472045
1561000724.288298368 -324.957413 -66.013055 4.634504 0.055166019 -0.078866029 -0.689681562 -0.717688096
1561000724.388284206 -324.939532 -65.325714 4.620910 0.055010218 -0.078963517 -0.692552298 -0.714919543
1561000724.486951351 -324.924161 -64.647343 4.609170 0.055275765 -0.078970755 -0.695615128 -0.711918396
1561000724.587877512 -324.912143 -63.972515 4.598457 0.055652690 -0.078800522 -0.698181767 -0.709390919
1561000724.687845230 -324.903629 -63.316343 4.588101 0.056212760 -0.078508547 -0.701024632 -0.706569882
1561000724.787815809 -324.895712 -62.667239 4.572203 0.056538460 -0.078190560 -0.703772777 -0.703841969
1561000724.887720346 -324.905835 -62.041184 4.558262 0.056450658 -0.077967821 -0.706701867 -0.700932817
1561000724.987433434 -324.917651 -61.423015 4.545583 0.055793917 -0.077444664 -0.709765622 -0.697941348
1561000725.087770700 -324.941457 -60.786821 4.534131 0.055331117 -0.077315570 -0.712247696 -0.695459553
1561000725.186856031 -324.960995 -60.168044 4.518695 0.055188110 -0.077135332 -0.714900346 -0.692763963
1561000725.287931204 -324.986199 -59.553169 4.496901 0.051451729 -0.076578414 -0.718246447 -0.689645204
1561000725.387887239 -324.999882 -58.941342 4.498183 0.045794541 -0.075358615 -0.720993822 -0.687307680
1561000725.488295794 -325.031872 -58.344463 4.513502 0.042900573 -0.073969485 -0.723826417 -0.684662964
1561000725.587981701 -325.070805 -57.736918 4.526522 0.043678685 -0.072427624 -0.726029946 -0.682441887
1561000725.687927008 -325.122566 -57.131195 4.518558 0.047309319 -0.072125656 -0.728081989 -0.680041422
1561000725.787899733 -325.164912 -56.510480 4.493221 0.052102523 -0.076698605 -0.729497222 -0.677669871
1561000725.887950897 -325.203520 -55.887420 4.468032 0.055688420 -0.083381959 -0.730803562 -0.675183236
1561000725.986934662 -325.248151 -55.282680 4.457992 0.057889290 -0.088386860 -0.731825400 -0.673251942
1561000726.088121176 -325.298958 -54.694197 4.465426 0.058747716 -0.088166239 -0.732948707 -0.671983342
1561000726.187304974 -325.347428 -54.127416 4.462972 0.058098317 -0.083998333 -0.734201777 -0.671205346
1561000726.287451982 -325.394843 -53.554170 4.446736 0.055871981 -0.079549682 -0.735496318 -0.670518707
1561000726.387017250 -325.448038 -52.960850 4.414892 0.052145151 -0.077211025 -0.736772601 -0.669690582
1561000726.487864494 -325.502694 -52.376582 4.395353 0.048641291 -0.077251542 -0.737912672 -0.668693586
1561000726.587902069 -325.561015 -51.799756 4.397676 0.048085458 -0.078291437 -0.738738495 -0.667700289
1561000726.686714649 -325.614472 -51.227252 4.406638 0.050082249 -0.078624985 -0.739530019 -0.666637257
1561000726.787854433 -325.675685 -50.638906 4.407113 0.052269093 -0.078508390 -0.739755759 -0.666232536
1561000726.887068510 -325.733623 -50.085804 4.396557 0.053538704 -0.078056005 -0.739867396 -0.666060886
1561000726.987142801 -325.788768 -49.533550 4.381969 0.053860350 -0.078272408 -0.740063187 -0.665791988
1561000727.087872982 -325.837539 -48.998148 4.375777 0.053526511 -0.078656034 -0.739635664 -0.666248622
1561000727.186834335 -325.888025 -48.471062 4.376012 0.053351579 -0.077732197 -0.738917337 -0.667167508
1561000727.288111687 -325.941523 -47.946548 4.375387 0.053405595 -0.076681380 -0.737120353 -0.669269298
1561000727.387728691 -325.978984 -47.460690 4.376849 0.052859527 -0.074606513 -0.734323017 -0.672613890
1561000727.487979174 -326.008217 -46.974204 4.365673 0.051923498 -0.072516448 -0.730449125 -0.677118447
1561000727.588120937 -326.014306 -46.480733 4.352641 0.051695054 -0.071934952 -0.725886798 -0.682086021
1561000727.686892033 -326.028004 -45.990264 4.343904 0.051999831 -0.072827850 -0.720119790 -0.688054947
1561000727.787824869 -326.020603 -45.493562 4.340089 0.052508787 -0.074641919 -0.713567914 -0.694616617
1561000727.886795282 -326.007450 -45.010593 4.340008 0.053540065 -0.075809931 -0.706816240 -0.701282482
1561000727.986830711 -325.976655 -44.524239 4.340775 0.054229593 -0.076430051 -0.698950817 -0.709003070
1561000728.087679148 -325.936614 -44.040666 4.330694 0.054110524 -0.075915061 -0.690895080 -0.716919064
1561000728.187243700 -325.879857 -43.564740 4.321333 0.053544180 -0.075560367 -0.682031225 -0.725435773
1561000728.287528515 -325.811135 -43.090987 4.307369 0.052514393 -0.075674865 -0.673050411 -0.733838332
1561000728.386821747 -325.738213 -42.622094 4.297364 0.051649832 -0.076530352 -0.663705084 -0.742274182
1561000728.487470627 -325.653648 -42.143853 4.287566 0.051028668 -0.077597846 -0.653964575 -0.750802892
1561000728.587788105 -325.552264 -41.674009 4.283181 0.050572269 -0.078102961 -0.644065944 -0.759290085
1561000728.687867641 -325.438092 -41.211217 4.281154 0.050186487 -0.078041579 -0.633679245 -0.768011356
1561000728.788244486 -325.313062 -40.751640 4.276433 0.049765848 -0.077343091 -0.622640601 -0.777084351
1561000728.887018442 -325.167840 -40.317123 4.262620 0.048424517 -0.077688060 -0.610901157 -0.786396470
1561000728.988114119 -325.011715 -39.880576 4.252156 0.047108832 -0.078019616 -0.597882232 -0.796385920
1561000729.088276148 -324.836190 -39.453233 4.239814 0.046233784 -0.078613244 -0.584689298 -0.806114644
1561000729.186917782 -324.645941 -39.041774 4.232659 0.046216172 -0.080563926 -0.570306030 -0.816164537
1561000729.288166523 -324.443675 -38.616535 4.230929 0.046715302 -0.082424153 -0.555981018 -0.825777844
1561000729.387418270 -324.222499 -38.205814 4.226479 0.047077264 -0.082893277 -0.540858815 -0.835693830
1561000729.487780094 -323.990326 -37.798448 4.214558 0.046244246 -0.083093234 -0.524734461 -0.845937781
1561000729.587541103 -323.736464 -37.419418 4.202455 0.045461948 -0.083644249 -0.507963859 -0.856101378
1561000729.686478376 -323.456285 -37.039160 4.184777 0.043964617 -0.084599608 -0.490555376 -0.866178643
1561000729.787772179 -323.172519 -36.670732 4.157921 0.041783803 -0.086024104 -0.472161416 -0.876309058
1561000729.887428999 -322.864493 -36.312734 4.147903 0.039794709 -0.087436620 -0.453713262 -0.885954567
1561000729.987807512 -322.542322 -35.970552 4.141006 0.037988951 -0.088710509 -0.434895462 -0.895295048
1561000730.087819576 -322.205382 -35.647814 4.142400 0.036733838 -0.089593928 -0.415628406 -0.904365292
1561000730.187564373 -321.860030 -35.329007 4.134860 0.036282341 -0.089655665 -0.395826617 -0.913217796
1561000730.287731171 -321.481528 -35.024910 4.114918 0.035045759 -0.089176241 -0.375803347 -0.921732736
1561000730.386798620 -321.102371 -34.735935 4.087758 0.032315515 -0.088718779 -0.356238827 -0.929612061
1561000730.486367702 -320.707830 -34.469084 4.069600 0.029188300 -0.088538669 -0.335473804 -0.937425343
1561000730.587666035 -320.282936 -34.198984 4.057358 0.026384545 -0.089427942 -0.314490513 -0.944670427
1561000730.686671495 -319.854482 -33.952259 4.051403 0.024896298 -0.090017648 -0.293973110 -0.951239616
1561000730.787276506 -319.399233 -33.715033 4.035034 0.022116125 -0.089918333 -0.274174427 -0.957211551
1561000730.886930227 -318.943773 -33.510109 4.019394 0.018674505 -0.089961362 -0.254912364 -0.962589166
1561000730.987903118 -318.461275 -33.297508 4.012296 0.016093897 -0.089686523 -0.236111460 -0.967444413
1561000731.087977409 -317.978598 -33.106657 4.003785 0.013586308 -0.089135653 -0.218525649 -0.971656723
1561000731.187620401 -317.471063 -32.925132 3.994838 0.011884336 -0.088940615 -0.202587467 -0.975144424
1561000731.287740469 -316.944761 -32.754524 3.986282 0.010661529 -0.089109642 -0.188177581 -0.978026074
1561000731.386665344 -316.417016 -32.580644 3.972141 0.008821555 -0.089148496 -0.175748951 -0.980350464
1561000731.489285469 -315.871716 -32.421277 3.955755 0.006769480 -0.089614059 -0.164430076 -0.982286234
1561000731.587937832 -315.325514 -32.266842 3.939328 0.004352853 -0.091072690 -0.154738442 -0.983739210
1561000731.686828613 -314.763421 -32.133541 3.932885 0.002608262 -0.092491629 -0.147486592 -0.984726460
1561000731.787812948 -314.191414 -31.969937 3.927964 0.000993425 -0.092132161 -0.140972105 -0.985716767
1561000731.886613131 -313.619956 -31.824756 3.931572 0.000404638 -0.090394320 -0.136116252 -0.986560221
1561000731.987723351 -313.025507 -31.685403 3.928785 0.000613918 -0.088313135 -0.132021058 -0.987304843
1561000732.087670088 -312.442171 -31.538378 3.912257 0.000570907 -0.086622761 -0.127772491 -0.988013341
1561000732.186503410 -311.846162 -31.401134 3.892843 0.000395954 -0.086861321 -0.123989960 -0.988474301
1561000732.289169073 -311.221212 -31.270538 3.881393 -0.000002255 -0.088708960 -0.120667448 -0.988721441
1561000732.386641264 -310.609515 -31.121947 3.878133 0.000149452 -0.090348475 -0.117650203 -0.988936581
1561000732.486751318 -309.989876 -30.970109 3.876712 0.000552280 -0.090870875 -0.115064486 -0.989192774
1561000732.587458372 -309.354570 -30.826561 3.866615 0.001010635 -0.089857479 -0.111976729 -0.989639239
1561000732.686345577 -308.724215 -30.685650 3.853283 0.001161192 -0.088413115 -0.109727836 -0.990020997
1561000732.787451744 -308.061972 -30.548531 3.841362 0.001132541 -0.087211603 -0.107980793 -0.990319646
1561000732.886451006 -307.405774 -30.425759 3.829522 0.000595662 -0.086704870 -0.106514370 -0.990523397
1561000732.987455368 -306.729427 -30.299895 3.821187 0.000055791 -0.086769348 -0.104821974 -0.990698456
1561000733.087598801 -306.039412 -30.157563 3.814270 -0.000322925 -0.087151609 -0.103089740 -0.990846607
1561000733.187072277 -305.348647 -30.022620 3.811120 -0.000566894 -0.087515708 -0.102309380 -0.990895287
1561000733.287912369 -304.653678 -29.896737 3.805343 -0.000645804 -0.088085451 -0.101586946 -0.990919083
1561000733.386749744 -303.958971 -29.754668 3.795626 -0.000910008 -0.088485818 -0.101831355 -0.990858117
1561000733.486742258 -303.256716 -29.613170 3.780887 -0.001469186 -0.089229616 -0.101284293 -0.990846814
1561000733.589083910 -302.538060 -29.476914 3.768763 -0.001886693 -0.089317549 -0.101438647 -0.990822394
1561000733.686520338 -301.824062 -29.339750 3.765103 -0.002313012 -0.089020535 -0.100877828 -0.990905474
1561000733.787619114 -301.075545 -29.200879 3.759231 -0.001839539 -0.087867949 -0.101059875 -0.990990788
1561000733.887334108 -300.340831 -29.052767 3.747498 -0.001700386 -0.086783046 -0.100764347 -0.991116723
1561000733.988028526 -299.591120 -28.903908 3.736022 -0.001507181 -0.087302861 -0.101520548 -0.990994206
1561000734.088837862 -298.825978 -28.741898 3.726155 -0.001513662 -0.087525529 -0.101208376 -0.991006486
1561000734.186907291 -298.080908 -28.596596 3.724560 -0.001124440 -0.087866515 -0.101769397 -0.990919372
1561000734.287847281 -297.304594 -28.433156 3.717807 -0.000688611 -0.087446024 -0.101535392 -0.990980970
1561000734.387126446 -296.529005 -28.282630 3.710272 -0.000063477 -0.086209013 -0.101823536 -0.991060023
1561000734.487741232 -295.735582 -28.121829 3.697531 -0.000012753 -0.085401398 -0.101622052 -0.991150624
1561000734.587527514 -294.941224 -27.966497 3.689031 -0.000240517 -0.085121246 -0.101760046 -0.991160536
1561000734.686287880 -294.142175 -27.800925 3.681697 -0.000386252 -0.085231254 -0.102097091 -0.991116375
1561000734.787616730 -293.311658 -27.630062 3.678482 -0.000393969 -0.085798284 -0.102634403 -0.991011947
1561000734.886663675 -292.502638 -27.472185 3.672070 -0.000028304 -0.086282577 -0.102563035 -0.990977366
1561000734.987402916 -291.659460 -27.311038 3.659997 0.000206156 -0.086947649 -0.103190348 -0.990854084
1561000735.087473154 -290.829400 -27.142816 3.647143 0.000073956 -0.087889325 -0.103843734 -0.990702751
1561000735.187000751 -289.984515 -26.975229 3.638505 -0.000461694 -0.089321384 -0.104820599 -0.990471665
1561000735.287947655 -289.138048 -26.798888 3.631109 -0.000477883 -0.089886671 -0.105172517 -0.990383208
1561000735.386524677 -288.293633 -26.624288 3.623995 -0.000199120 -0.088639751 -0.105510863 -0.990459698
1561000735.488568783 -287.436158 -26.434854 3.610003 0.000078784 -0.086396187 -0.106593437 -0.990542039
1561000735.587266684 -286.582548 -26.251176 3.601141 0.000143899 -0.084918366 -0.106642003 -0.990664592
1561000735.686700583 -285.703192 -26.071259 3.592206 0.000246223 -0.085818575 -0.107029196 -0.990545235
1561000735.788562298 -284.808402 -25.896898 3.583205 0.000548978 -0.087775393 -0.107544298 -0.990317829
1561000735.887084007 -283.930643 -25.705725 3.574312 0.000853184 -0.089560830 -0.108288142 -0.990076668
1561000735.988634586 -283.026625 -25.516527 3.558307 0.000755341 -0.089851264 -0.108452806 -0.990032408
1561000736.088836432 -282.144972 -25.328463 3.550197 0.000381617 -0.088950689 -0.108279513 -0.990132909
1561000736.187889338 -281.248422 -25.133841 3.543945 0.000397627 -0.087321344 -0.108716649 -0.990230031
1561000736.288534403 -280.343234 -24.942633 3.534142 0.000704556 -0.086220961 -0.109337226 -0.990257957
1561000736.387300491 -279.446552 -24.740683 3.524589 0.000815966 -0.086245185 -0.109071353 -0.990285081
1561000736.489465714 -278.534915 -24.546615 3.519731 0.001347171 -0.087601384 -0.109235512 -0.990147355
1561000736.590375900 -277.617649 -24.362792 3.511106 0.001656393 -0.089004384 -0.109482487 -0.989994475
1561000736.690375090 -276.709997 -24.171880 3.504062 0.001861920 -0.089182629 -0.109791779 -0.989943815
1561000736.790372610 -275.782796 -23.967130 3.493631 0.001904944 -0.088528774 -0.110372172 -0.989937882
1561000736.888677359 -274.874538 -23.776832 3.482246 0.001687683 -0.087484848 -0.110758487 -0.989987935
1561000736.990290880 -273.951287 -23.571808 3.470549 0.001287297 -0.088091773 -0.110833508 -0.989926318
1561000737.090381622 -273.033999 -23.369106 3.464391 0.001650896 -0.088717877 -0.110616361 -0.989894153
1561000737.188851118 -272.130982 -23.169277 3.454347 0.001638501 -0.088604232 -0.110942208 -0.989867886
1561000737.290303707 -271.212963 -22.963694 3.449568 0.001792830 -0.088080636 -0.111238227 -0.989881126
1561000737.388540745 -270.299949 -22.764140 3.440328 0.001897247 -0.087760946 -0.111419925 -0.989888891
1561000737.490320444 -269.363873 -22.565982 3.433632 0.001806685 -0.087514095 -0.111228900 -0.989932397
1561000737.590252161 -268.439728 -22.362886 3.425860 0.001615643 -0.086767205 -0.111465538 -0.989971856
1561000737.689274073 -267.526528 -22.169247 3.420326 0.001761379 -0.086709198 -0.111821937 -0.989936496
1561000737.790433645 -266.596816 -21.961783 3.411600 0.001897420 -0.087252988 -0.111610998 -0.989912269
1561000737.888713598 -265.700232 -21.774204 3.405310 0.001714056 -0.088187368 -0.111353172 -0.989858839
1561000737.988889694 -264.782623 -21.564142 3.396375 0.001440632 -0.088729039 -0.110621919 -0.989892860
1561000738.090261459 -263.852479 -21.360250 3.389116 0.000809414 -0.088657484 -0.110412651 -0.989923351
1561000738.188296080 -262.951617 -21.158471 3.380233 0.000571843 -0.087642573 -0.109937817 -0.990066729
1561000738.290178299 -262.024161 -20.956986 3.376790 0.000455257 -0.086214369 -0.109683445 -0.990220388
1561000738.388120413 -261.102102 -20.775653 3.371101 0.000645025 -0.085279930 -0.110058707 -0.990259561
1561000738.490858316 -260.151853 -20.565041 3.364558 0.001182868 -0.085984254 -0.109093458 -0.990304966
1561000738.589928627 -259.225482 -20.369020 3.361594 0.001787668 -0.087430216 -0.108773161 -0.990212685
1561000738.689969063 -258.287564 -20.175415 3.353484 0.002601641 -0.087978096 -0.108580035 -0.990183550
1561000738.790071011 -257.350437 -19.975769 3.345541 0.002957248 -0.087495462 -0.108053018 -0.990282962
1561000738.888347387 -256.419956 -19.775934 3.333586 0.002579782 -0.086432434 -0.107995309 -0.990383659
1561000738.989685297 -255.469619 -19.570635 3.326460 0.001903191 -0.086199136 -0.108166741 -0.990386815
1561000739.092086554 -254.533029 -19.367344 3.323727 0.001458641 -0.086799267 -0.108266121 -0.990324294
1561000739.191356182 -253.608464 -19.183265 3.315154 0.001405687 -0.088283170 -0.107960742 -0.990226532
1561000739.291332245 -252.677298 -18.995599 3.307168 0.001400595 -0.089515120 -0.108406899 -0.990067183
1561000739.390038729 -251.749683 -18.792260 3.302882 0.001181311 -0.089304607 -0.108191734 -0.990110014
1561000739.491907597 -250.808029 -18.586190 3.293218 0.001131257 -0.087825400 -0.108173458 -0.990244375
1561000739.591462851 -249.868459 -18.393563 3.279871 0.000741369 -0.086724019 -0.108037068 -0.990356697
1561000739.689696074 -248.942905 -18.194323 3.276164 0.000178303 -0.085853750 -0.107839669 -0.990454294
1561000739.791507721 -247.991629 -17.995755 3.275923 0.000277415 -0.086095443 -0.107709164 -0.990447492
1561000739.890136003 -247.056726 -17.797265 3.270609 0.000222526 -0.087396889 -0.107876689 -0.990315280
1561000739.991430044 -246.093100 -17.599612 3.258504 0.000555544 -0.089069442 -0.108215205 -0.990129181
1561000740.091453075 -245.147334 -17.391651 3.248019 0.000320198 -0.090991307 -0.107721101 -0.990008406
1561000740.191241264 -244.209299 -17.195639 3.238951 0.000496417 -0.091485138 -0.107701781 -0.989964923
1561000740.291337490 -243.268082 -16.989153 3.230023 0.000295639 -0.088890052 -0.107319987 -0.990242845
1561000740.389815807 -242.337121 -16.788908 3.225924 0.000767394 -0.085239318 -0.107258353 -0.990570197
1561000740.491454363 -241.373024 -16.586936 3.215432 0.000186104 -0.083283990 -0.107565736 -0.990703465
1561000740.593480825 -240.397501 -16.393136 3.210592 -0.000112203 -0.084606611 -0.107971775 -0.990547225
1561000740.692969322 -239.446473 -16.199050 3.207202 -0.000151910 -0.087466724 -0.107609951 -0.990338148
1561000740.792936802 -238.487312 -16.008833 3.201285 0.000035035 -0.089247558 -0.107428030 -0.990199016
1561000740.891323328 -237.540660 -15.806589 3.193639 -0.000382908 -0.089269647 -0.107372960 -0.990202924
1561000740.993068695 -236.580212 -15.605658 3.183602 -0.000767826 -0.088269257 -0.107432987 -0.990285869
1561000741.092786551 -235.633549 -15.409740 3.183829 -0.000813912 -0.086727678 -0.107772778 -0.990385115
1561000741.192645788 -234.687207 -15.201511 3.179803 -0.000671614 -0.084611718 -0.107810162 -0.990564170
1561000741.292608023 -233.724978 -14.992594 3.179406 -0.000281426 -0.084688811 -0.107729583 -0.990566536
1561000741.391030550 -232.771790 -14.787279 3.170110 -0.000376248 -0.086451521 -0.107740448 -0.990413040
1561000741.492547512 -231.812277 -14.584460 3.163287 -0.000284797 -0.089041820 -0.107469972 -0.990212946
1561000741.592366457 -230.862765 -14.393889 3.158687 -0.000271120 -0.090140208 -0.107654043 -0.990093570
1561000741.690979719 -229.942579 -14.200482 3.151724 -0.000450889 -0.089718895 -0.107558911 -0.990142110
1561000741.792734623 -229.000911 -14.000597 3.156718 -0.000084540 -0.087410415 -0.107506620 -0.990354350
1561000741.891326189 -228.084254 -13.800688 3.151190 0.000224664 -0.084585516 -0.107243489 -0.990628121
1561000741.992992401 -227.133624 -13.599424 3.147151 0.000811160 -0.083662717 -0.107236192 -0.990706965
1561000742.093178749 -226.195901 -13.407179 3.144668 0.001598415 -0.085115168 -0.107495496 -0.990554174
1561000742.192980528 -225.272710 -13.203788 3.144957 0.001853914 -0.086531960 -0.107452700 -0.990435611
1561000742.293010712 -224.351568 -13.003172 3.143105 0.001650270 -0.087387107 -0.107180488 -0.990390384
1561000742.391361713 -223.442014 -12.805398 3.142840 0.001861898 -0.087194145 -0.107395248 -0.990383751
1561000742.492675781 -222.513453 -12.607115 3.138314 0.002284298 -0.086936755 -0.107154448 -0.990431576
1561000742.592558861 -221.593785 -12.410073 3.133427 0.003207806 -0.087024066 -0.107041000 -0.990433615
1561000742.692409515 -220.688579 -12.217184 3.126790 0.003415753 -0.087295243 -0.107084101 -0.990404396
1561000742.792557955 -219.784296 -12.024567 3.125824 0.004021935 -0.087591316 -0.106931537 -0.990392463
1561000742.891433954 -218.892613 -11.839108 3.122500 0.004749904 -0.087022292 -0.106924281 -0.990440184
1561000742.993997574 -217.967177 -11.640958 3.114606 0.005025224 -0.086576888 -0.107121217 -0.990456579
1561000743.092854977 -217.060140 -11.447609 3.103498 0.005133422 -0.087286553 -0.107100141 -0.990396014
1561000743.193782568 -216.149468 -11.258705 3.093423 0.004821640 -0.089284611 -0.106700849 -0.990262561
1561000743.294197083 -215.241460 -11.074865 3.086424 0.004218103 -0.092042254 -0.106465804 -0.990038112
1561000743.394233704 -214.353035 -10.892941 3.074871 0.003613579 -0.092644232 -0.106092756 -0.990024401
1561000743.494148254 -213.475731 -10.708674 3.065879 0.003657914 -0.090090913 -0.105618014 -0.990310599
1561000743.595696449 -212.572364 -10.531226 3.065485 0.003695143 -0.084294985 -0.105475948 -0.990835771
1561000743.693572044 -211.688270 -10.343219 3.064222 0.003416729 -0.080375612 -0.105067010 -0.991205837
1561000743.794347048 -210.771635 -10.140029 3.068818 0.003984611 -0.080308957 -0.104939565 -0.991222620
1561000743.892832279 -209.875848 -9.957543 3.077555 0.005457596 -0.083210583 -0.103944095 -0.991081146
1561000743.994360209 -208.951634 -9.771588 3.074113 0.006516788 -0.084658059 -0.103645671 -0.990983410
1561000744.092983961 -208.091244 -9.611167 3.064688 0.004591247 -0.080186554 -0.103181799 -0.991414421
1561000744.192723989 -207.204888 -9.440737 3.061323 -0.000277199 -0.072233573 -0.103437748 -0.992009509
1561000744.294186115 -206.300533 -9.263816 3.088951 -0.003481122 -0.069354702 -0.102922530 -0.992262445
1561000744.392641306 -205.378814 -9.090758 3.124923 -0.002043264 -0.079226010 -0.102505866 -0.991570276
1561000744.493948936 -204.435818 -8.895867 3.135729 0.001530853 -0.095777299 -0.101636407 -0.990199175
1561000744.593874216 -203.512499 -8.713978 3.128400 0.005986167 -0.106571032 -0.101282780 -0.989115049
1561000744.694145441 -202.632695 -8.522565 3.073034 0.007495391 -0.101320236 -0.100470028 -0.989739260
1561000744.794176817 -201.748717 -8.348122 3.038773 0.005852413 -0.088175886 -0.099556771 -0.991100001
1561000744.893265963 -200.855871 -8.188675 3.021764 0.003897463 -0.077308069 -0.099234309 -0.992048801
1561000744.994358540 -199.905613 -8.010895 3.038675 0.003226335 -0.076979635 -0.098668869 -0.992133147
1561000745.094107628 -198.969156 -7.845471 3.052182 0.002988775 -0.081814502 -0.097952634 -0.991817895
1561000745.192866564 -198.037688 -7.664642 3.059941 0.004073159 -0.085468751 -0.097102475 -0.991589437
1561000745.294413805 -197.113056 -7.490298 3.055954 0.004070343 -0.086821523 -0.096583044 -0.991522653
1561000745.393047094 -196.216376 -7.333930 3.044321 0.002954120 -0.085695816 -0.095531664 -0.991726374
1561000745.494336605 -195.270521 -7.167646 3.039048 0.002375997 -0.084685173 -0.093871603 -0.991973235
1561000745.594791651 -194.311137 -6.996725 3.042338 0.002719324 -0.084164288 -0.092242270 -0.992169512
1561000745.694007635 -193.355211 -6.845315 3.042770 0.002878612 -0.084355903 -0.091190793 -0.992249986
1561000745.794456720 -192.393989 -6.683172 3.037297 0.002099631 -0.084756144 -0.089394634 -0.992381271
1561000745.892760754 -191.453597 -6.509264 3.036685 0.001587023 -0.084833485 -0.088373548 -0.992467066
1561000745.994329929 -190.471189 -6.348991 3.040044 0.001124382 -0.083951518 -0.085975936 -0.992753251
1561000746.094162703 -189.520462 -6.182977 3.043113 0.001913832 -0.082302958 -0.084689179 -0.993000656
1561000746.193775654 -188.555359 -6.032432 3.051754 0.002410575 -0.081160597 -0.082684534 -0.993262510
1561000746.294611216 -187.573986 -5.882086 3.052850 0.002474927 -0.081230020 -0.080696590 -0.993420162
1561000746.394424677 -186.594194 -5.735082 3.054360 0.003149951 -0.083574030 -0.079003134 -0.993359937
1561000746.494089842 -185.603055 -5.596175 3.052737 0.003351673 -0.086341717 -0.076906259 -0.993287119
1561000746.594319582 -184.609364 -5.448056 3.047925 0.003752781 -0.087188726 -0.075099887 -0.993349913
1561000746.694174051 -183.620323 -5.292704 3.045193 0.004218663 -0.084800867 -0.072914418 -0.993717517
1561000746.795210361 -182.626045 -5.154392 3.045047 0.004476659 -0.080618631 -0.071537411 -0.994164471
1561000746.894213200 -181.632077 -5.015339 3.049054 0.003834586 -0.078141393 -0.070231206 -0.994458042
1561000746.995282888 -180.618255 -4.900950 3.060608 0.004231438 -0.078686971 -0.069047738 -0.994496287
1561000747.095332623 -179.611169 -4.782647 3.066617 0.003977277 -0.081586504 -0.067717015 -0.994355183
1561000747.195479393 -178.595456 -4.663601 3.062382 0.003825659 -0.084176460 -0.066112040 -0.994247900
1561000747.295476913 -177.571408 -4.534431 3.062746 0.002850657 -0.085565797 -0.064556651 -0.994234785
1561000747.394671917 -176.545752 -4.393436 3.075593 0.003347316 -0.083845775 -0.063219345 -0.994465684
1561000747.495558977 -175.516305 -4.278199 3.070922 0.003051056 -0.078994069 -0.061955268 -0.994943301
1561000747.595478296 -174.494639 -4.163652 3.077376 0.002205672 -0.076526748 -0.060775243 -0.995211114
1561000747.694321156 -173.481907 -4.063147 3.092975 0.001481804 -0.076129604 -0.059483689 -0.995320942
1561000747.795386553 -172.425669 -3.951177 3.116500 0.001046038 -0.077358254 -0.057978844 -0.995315558
1561000747.894587994 -171.398368 -3.839097 3.132911 0.001494733 -0.077073057 -0.056779576 -0.995406243
1561000747.995278597 -170.337670 -3.734300 3.145332 0.001677314 -0.076152349 -0.055860661 -0.995528801
1561000748.094238758 -169.296537 -3.621949 3.159374 0.001248385 -0.077663428 -0.054682184 -0.995478122
1561000748.195380688 -168.223836 -3.522016 3.171034 0.000923895 -0.081885954 -0.053789410 -0.995188694
1561000748.295555830 -167.153581 -3.404215 3.171542 0.000776607 -0.085859259 -0.053061601 -0.994892985
1561000748.394488335 -166.103414 -3.318616 3.162242 0.000449813 -0.085988690 -0.053127360 -0.994878498
1561000748.495365858 -165.055813 -3.220743 3.161300 -0.000442555 -0.084521339 -0.052330103 -0.995046485
1561000748.594985723 -163.990685 -3.109416 3.165806 -0.001317090 -0.081714726 -0.051887010 -0.995303324
1561000748.695475101 -162.927875 -2.989722 3.176025 -0.000542038 -0.080768716 -0.051602809 -0.995396037
1561000748.795526743 -161.856918 -2.897940 3.182112 -0.000516160 -0.081628573 -0.051318531 -0.995340604
1561000748.895763874 -160.785263 -2.802222 3.183672 -0.000777985 -0.083667829 -0.051177198 -0.995178368
1561000748.994474411 -159.710369 -2.696463 3.186542 -0.001540716 -0.084785120 -0.050899383 -0.995097162
1561000749.095649242 -158.607913 -2.585484 3.190476 -0.001569074 -0.083873227 -0.051206000 -0.995158663
1561000749.194426537 -157.552319 -2.490990 3.198253 -0.002529147 -0.083154863 -0.051215821 -0.995216465
1561000749.295473099 -156.473206 -2.391153 3.201767 -0.002591731 -0.083413824 -0.052109919 -0.995148217
1561000749.394413948 -155.407700 -2.311020 3.205113 -0.002411695 -0.084356838 -0.052023202 -0.995073713
1561000749.495532036 -154.316225 -2.197367 3.209745 -0.001304624 -0.085586867 -0.052189241 -0.994962044
1561000749.595309734 -153.254544 -2.104432 3.209193 -0.000838696 -0.086333071 -0.052114377 -0.994902000
1561000749.694828272 -152.196755 -1.990304 3.218035 -0.000137480 -0.086073714 -0.052148105 -0.994923048
1561000749.795632839 -151.116071 -1.871752 3.220301 -0.000337540 -0.084294398 -0.052659987 -0.995048374
1561000749.894171476 -150.048240 -1.762245 3.221467 -0.000886244 -0.083046173 -0.053173678 -0.995125674
1561000749.995312214 -148.956202 -1.649402 3.223597 -0.001370797 -0.082500106 -0.054015557 -0.995125205
1561000750.094726801 -147.912660 -1.544203 3.235191 -0.000519966 -0.082715308 -0.053760331 -0.995121970
1561000750.194269896 -146.860261 -1.449143 3.244014 0.000194929 -0.083141265 -0.054215299 -0.995061904
1561000750.295166492 -145.798575 -1.333474 3.252400 0.000556473 -0.083960932 -0.054753331 -0.994963479
1561000750.394176245 -144.766604 -1.224451 3.254991 0.001139394 -0.084811354 -0.054549875 -0.994902029
1561000750.495646954 -143.700525 -1.120636 3.256579 0.001250926 -0.083716562 -0.053987201 -0.995025303
1561000750.595580816 -142.658174 -1.016737 3.255429 0.000794530 -0.082369342 -0.054157239 -0.995128963
1561000750.694119215 -141.615082 -0.908263 3.259772 0.000448375 -0.081933533 -0.054166017 -0.995164679
1561000750.795322895 -140.554275 -0.807212 3.273874 0.000383169 -0.081654469 -0.053486326 -0.995224404
1561000750.894136667 -139.524639 -0.722629 3.283363 -0.000372361 -0.081232414 -0.053670822 -0.995249014
1561000750.995337486 -138.480780 -0.629599 3.295148 -0.000995231 -0.081860672 -0.053337610 -0.995215022
1561000751.095414162 -137.454049 -0.533769 3.311194 -0.001429693 -0.082970860 -0.052892265 -0.995146321
1561000751.195491552 -136.421843 -0.426423 3.318150 -0.001948669 -0.083492899 -0.053008960 -0.995095568
1561000751.295493603 -135.407003 -0.317269 3.324944 -0.002545749 -0.083454799 -0.052251183 -0.995137493
1561000751.394486904 -134.383855 -0.219640 3.333850 -0.002581848 -0.082946555 -0.051864222 -0.995200133
1561000751.495817184 -133.362147 -0.129571 3.341963 -0.002484219 -0.082201333 -0.052252475 -0.995241904
1561000751.595463514 -132.373828 -0.018447 3.357293 -0.002510561 -0.082023104 -0.051727698 -0.995283956
1561000751.695822716 -131.362796 0.077319 3.361835 -0.002374539 -0.082263012 -0.051756890 -0.995262972
1561000751.795827389 -130.357602 0.172354 3.368711 -0.001929148 -0.082973004 -0.051515150 -0.995217538
1561000751.895588398 -129.364963 0.243814 3.375508 -0.002153780 -0.083862207 -0.051754568 -0.995130120
1561000751.995483637 -128.359887 0.341222 3.382675 -0.002249272 -0.084235546 -0.051225696 -0.995125742
1561000752.094654799 -127.382832 0.440247 3.385494 -0.002011253 -0.084220700 -0.051197308 -0.995128969
1561000752.195443630 -126.392584 0.542157 3.392486 -0.002169410 -0.083829881 -0.051076816 -0.995167827
1561000752.295284986 -125.400555 0.632528 3.400717 -0.002310981 -0.083340744 -0.051018356 -0.995211589
1561000752.394134998 -124.427130 0.715831 3.400402 -0.002660147 -0.083029570 -0.050663814 -0.995254838
1561000752.495311260 -123.439473 0.793090 3.410795 -0.002469168 -0.082670303 -0.050565574 -0.995290233
1561000752.594788074 -122.460339 0.886072 3.423219 -0.002617217 -0.082034516 -0.050802620 -0.995330388
1561000752.694919586 -121.475910 0.971206 3.433891 -0.002914947 -0.081155038 -0.050603444 -0.995411801
1561000752.794868946 -120.495694 1.064451 3.444235 -0.003375536 -0.080892276 -0.050539374 -0.995434989
1561000752.895443916 -119.529788 1.149872 3.457530 -0.002342994 -0.081186481 -0.050378103 -0.995422178
1561000752.995433807 -118.570109 1.251044 3.463654 -0.001530215 -0.081798205 -0.049961999 -0.995394651
1561000753.094207048 -117.625747 1.332114 3.466464 -0.001074742 -0.082295926 -0.050218462 -0.995341314
1561000753.195276022 -116.662822 1.424301 3.473377 -0.000891751 -0.082412431 -0.050207668 -0.995332400
1561000753.295377016 -115.714653 1.529906 3.480907 -0.000705281 -0.081969937 -0.050576789 -0.995350401
1561000753.394322395 -114.749088 1.613573 3.491038 -0.000404413 -0.081439623 -0.051368313 -0.995353566
1561000753.495618820 -113.788795 1.711800 3.501168 -0.000051334 -0.080370098 -0.051619034 -0.995427607
1561000753.595070601 -112.846612 1.806317 3.515869 0.000250525 -0.079624987 -0.051831792 -0.995476401
1561000753.694904566 -111.893782 1.901715 3.525193 0.001342565 -0.079049017 -0.052787860 -0.995471191
1561000753.795683146 -110.941156 2.000134 3.543832 0.002170832 -0.079766602 -0.053020474 -0.995400124
1561000753.894232035 -110.002293 2.100441 3.559667 0.003691206 -0.077792886 -0.052806386 -0.995563221
1561000753.995286703 -109.059854 2.192434 3.563273 0.002491279 -0.071730496 -0.053878332 -0.995964686
1561000754.095000744 -108.128126 2.287510 3.571089 -0.001056688 -0.067139697 -0.054461324 -0.996255544
1561000754.194218159 -107.173248 2.369840 3.606554 -0.003651679 -0.070375649 -0.054667659 -0.996014749
1561000754.295329571 -106.201346 2.460450 3.629341 -0.002540395 -0.082430616 -0.055546534 -0.995044382
1561000754.394069433 -105.228817 2.557744 3.629633 -0.001516811 -0.095754214 -0.055798195 -0.993838715
1561000754.495464087 -104.273577 2.670458 3.619777 -0.000700432 -0.100651496 -0.056000655 -0.993344206
1561000754.594432116 -103.358718 2.785162 3.599211 0.000676417 -0.089633632 -0.055919944 -0.994403497
1561000754.694262981 -102.444893 2.882084 3.586160 0.000884276 -0.073829240 -0.056423157 -0.995673083
1561000754.787065029 -101.528280 2.962396 3.605051 -0.001898591 -0.067815913 -0.057226900 -0.996053452
1561000754.886058807 -100.555971 3.067871 3.645909 -0.002939556 -0.073849443 -0.057740011 -0.995592140
1561000754.987448215 -99.576448 3.163498 3.662418 -0.003307443 -0.082688115 -0.057752514 -0.994895162
1561000755.087203741 -98.631815 3.263694 3.685397 -0.001784865 -0.088736974 -0.057232503 -0.994407866
1561000755.187289476 -97.692158 3.383644 3.681395 0.000399674 -0.087670796 -0.056660632 -0.994536698
1561000755.288733006 -96.760072 3.493358 3.656479 -0.000435819 -0.082505022 -0.056152377 -0.995007358
1561000755.386167526 -95.832399 3.587602 3.648749 -0.002920579 -0.079477334 -0.055773988 -0.995270861
1561000755.486583948 -94.880564 3.664292 3.669667 -0.004556949 -0.080254379 -0.055215749 -0.995233485
1561000755.586354494 -93.932992 3.763853 3.689370 -0.004340671 -0.080520624 -0.054757249 -0.995238279
1561000755.687470198 -92.971783 3.866978 3.703260 -0.005013076 -0.078964102 -0.054127732 -0.995394258
1561000755.787466288 -92.038356 3.964712 3.713805 -0.005431382 -0.077485502 -0.053507959 -0.995541760
1561000755.886331081 -91.095766 4.046637 3.725237 -0.005518149 -0.077524388 -0.053259900 -0.995551557
1561000755.987391233 -90.156636 4.143952 3.741721 -0.005953146 -0.079812009 -0.052477564 -0.995409819
1561000756.087261438 -89.223983 4.236770 3.755592 -0.005567885 -0.081028421 -0.052373657 -0.995319242
1561000756.187165499 -88.277487 4.333234 3.773346 -0.004317909 -0.081564046 -0.051493437 -0.995327628
1561000756.287365437 -87.317733 4.428256 3.776659 -0.003757811 -0.081204374 -0.050915228 -0.995389054
1561000756.386412621 -86.382758 4.512986 3.781119 -0.003633548 -0.080926410 -0.050808244 -0.995417619
1561000756.487496614 -85.416503 4.600372 3.789884 -0.003799834 -0.081119584 -0.051251809 -0.995378534
1561000756.587498665 -84.467324 4.704896 3.800928 -0.003970337 -0.081271502 -0.051010145 -0.995377890
1561000756.687563896 -83.526530 4.787964 3.810247 -0.004301515 -0.080613124 -0.051243639 -0.995418058
1561000756.787661552 -82.595691 4.865153 3.824749 -0.003847171 -0.080189766 -0.051521240 -0.995439783
1561000756.889217138 -81.646001 4.958186 3.834970 -0.003848949 -0.079354562 -0.051340148 -0.995516061
1561000756.987627268 -80.727265 5.048933 3.846652 -0.004038835 -0.079822078 -0.051823503 -0.995452886
1561000757.087354898 -79.789186 5.140541 3.854274 -0.004318774 -0.080592039 -0.051514044 -0.995405734
1561000757.187693119 -78.856694 5.228389 3.867417 -0.004723227 -0.081151547 -0.052134069 -0.995326156
1561000757.287587404 -77.939776 5.328793 3.880276 -0.004429814 -0.080491500 -0.052153835 -0.995380064
1561000757.386408567 -77.023781 5.406770 3.897917 -0.003826224 -0.079425149 -0.052422749 -0.995454098
1561000757.487453222 -76.088659 5.505004 3.907473 -0.003920684 -0.078340821 -0.052360667 -0.995542920
1561000757.587337255 -75.159458 5.586286 3.917500 -0.004338548 -0.079438472 -0.052537059 -0.995444907
1561000757.687212944 -74.238489 5.683792 3.931165 -0.004517135 -0.080947578 -0.052470077 -0.995326065
1561000757.786118507 -73.331005 5.751972 3.944124 -0.004419780 -0.081741195 -0.053480539 -0.995207855
1561000757.886039019 -72.438336 5.846611 3.961220 -0.003720929 -0.079670213 -0.053043339 -0.995402037
1561000757.987149715 -71.548566 5.943824 3.969174 -0.004985796 -0.070730060 -0.053191117 -0.996063806
1561000758.087800264 -70.661773 6.024430 3.988593 -0.007766320 -0.063620587 -0.054035107 -0.996479961
1561000758.187936068 -69.747632 6.119418 4.033220 -0.009347022 -0.065282505 -0.054013114 -0.996360081
1561000758.287840366 -68.812210 6.213818 4.067996 -0.006479448 -0.079797133 -0.054349416 -0.995307277
1561000758.386033535 -67.891876 6.311460 4.075610 -0.003466636 -0.096614250 -0.055432743 -0.993771040
1561000758.489424229 -66.969901 6.406567 4.056558 -0.001491302 -0.103837124 -0.054948732 -0.993074149
1561000758.588478565 -66.106399 6.504620 4.035491 -0.002598805 -0.094455319 -0.055265477 -0.993990526
1561000758.688286066 -65.241119 6.589632 4.028305 -0.004495404 -0.076878107 -0.055916964 -0.995461120
1561000758.789231539 -64.341266 6.680780 4.039462 -0.005834723 -0.067657722 -0.056771361 -0.996074998
1561000758.887700558 -63.436275 6.782533 4.072286 -0.005791019 -0.072754146 -0.056850320 -0.995711474
1561000758.989211321 -62.497081 6.876902 4.099725 -0.004724025 -0.082529298 -0.057196178 -0.994934770
1561000759.087633371 -61.591855 6.974433 4.110961 -0.004311801 -0.088193570 -0.056805588 -0.994472940
1561000759.187881947 -60.678894 7.069111 4.109693 -0.004307276 -0.087027863 -0.056200255 -0.994610039
1561000759.289392233 -59.774834 7.156557 4.108865 -0.004973134 -0.081913372 -0.055886974 -0.995058849
1561000759.388823986 -58.875771 7.248680 4.122972 -0.005065978 -0.077243064 -0.056254535 -0.995411107
1561000759.489273787 -57.959846 7.351402 4.145101 -0.004526672 -0.075245492 -0.055777851 -0.995593520
1561000759.588258505 -57.042980 7.450643 4.167202 -0.002853730 -0.075557161 -0.055630996 -0.995584333
1561000759.689121008 -56.116277 7.553903 4.185437 -0.001599435 -0.077983094 -0.055047433 -0.995432498
1561000759.789196253 -55.196961 7.648006 4.200608 -0.000801027 -0.081382759 -0.054792666 -0.995175346
1561000759.887532949 -54.275353 7.739714 4.210094 0.000073561 -0.083310848 -0.054035461 -0.995057519
1561000759.989903927 -53.347178 7.827994 4.220108 0.000268745 -0.083439657 -0.054117027 -0.995042260
1561000760.088030100 -52.430868 7.925577 4.226360 -0.000570298 -0.081738197 -0.053033755 -0.995241660
1561000760.188596725 -51.501689 8.027104 4.233326 -0.000947998 -0.080812390 -0.052474966 -0.995346591
1561000760.290575266 -50.574159 8.118196 4.246614 -0.001532417 -0.081382712 -0.052141622 -0.995316913
1561000760.388192892 -49.666812 8.211193 4.268607 -0.001599921 -0.082853527 -0.051477493 -0.995230024
1561000760.489524364 -48.750176 8.298218 4.273735 -0.001398076 -0.082796879 -0.051084024 -0.995255316
1561000760.587959528 -47.844558 8.374956 4.286437 -0.002475730 -0.083050282 -0.050757631 -0.995248805
1561000760.689931393 -46.940976 8.459136 4.298899 -0.003455861 -0.082155719 -0.050284524 -0.995344142
1561000760.789861917 -46.040080 8.546049 4.312580 -0.003635817 -0.080632365 -0.050056979 -0.995479533
1561000760.888943434 -45.156198 8.626182 4.326594 -0.003493537 -0.079017961 -0.049718840 -0.995626433
1561000760.990465641 -44.246220 8.712674 4.343974 -0.003622600 -0.078683894 -0.049564542 -0.995660122
1561000761.088968515 -43.369819 8.796674 4.367108 -0.003322036 -0.079588352 -0.049187279 -0.995607990
1561000761.190535069 -42.484661 8.876481 4.387125 -0.002895895 -0.080825098 -0.048624095 -0.995537350
1561000761.290082216 -41.623170 8.960121 4.403853 -0.002945800 -0.081849856 -0.048704799 -0.995449530
1561000761.387989759 -40.767971 9.036008 4.410926 -0.003267688 -0.082181667 -0.048349405 -0.995438512
1561000761.489590883 -39.913080 9.110181 4.429048 -0.003653299 -0.082564521 -0.047949487 -0.995424834
1561000761.588257790 -39.085343 9.183429 4.440764 -0.003728526 -0.082188086 -0.047652128 -0.995469985
1561000761.689217806 -38.248297 9.249560 4.455253 -0.004329784 -0.082671899 -0.047346429 -0.995442076
1561000761.789266586 -37.437092 9.324232 4.467263 -0.004807517 -0.083152475 -0.047017728 -0.995415434
1561000761.889374733 -36.628419 9.393145 4.477726 -0.004955630 -0.083494627 -0.046868894 -0.995393086
1561000761.988043547 -35.848261 9.452828 4.489565 -0.005165786 -0.083607926 -0.047093156 -0.995371922
1561000762.087930918 -35.055545 9.527759 4.504349 -0.005376124 -0.082857069 -0.046827016 -0.995446148
1561000762.189778566 -34.283937 9.597977 4.516899 -0.005466206 -0.081576154 -0.047043370 -0.995541246
1561000762.289742947 -33.544924 9.672384 4.529803 -0.005966769 -0.081373251 -0.046605398 -0.995575577
1561000762.387994528 -32.810293 9.736844 4.538442 -0.006415629 -0.081831532 -0.046874092 -0.995522606
1561000762.488509655 -32.070401 9.796000 4.552256 -0.006630545 -0.081495558 -0.047183250 -0.995534154
1561000762.588110209 -31.362153 9.861161 4.564223 -0.006653041 -0.080629583 -0.047071028 -0.995609826
1561000762.689795017 -30.637205 9.929053 4.577759 -0.006754537 -0.079720389 -0.047070314 -0.995682390
1561000762.789741278 -29.926093 9.988012 4.592637 -0.006621791 -0.078971219 -0.047265485 -0.995733736
1561000762.888046265 -29.213671 10.049522 4.607165 -0.007254311 -0.074835763 -0.047429013 -0.996040899
1561000762.989781380 -28.504024 10.119178 4.634117 -0.009344505 -0.064881345 -0.047509978 -0.996717559
1561000763.088028431 -27.816337 10.173324 4.656638 -0.012793269 -0.056108469 -0.047842311 -0.997195711
1561000763.189731359 -27.110184 10.212692 4.683036 -0.016218941 -0.053537602 -0.048433000 -0.997258700
1561000763.289497852 -26.427341 10.253455 4.726235 -0.015572856 -0.062164123 -0.048521234 -0.996764164
1561000763.389008760 -25.719002 10.314423 4.759389 -0.012416612 -0.077217905 -0.049194846 -0.995722396
1561000763.489738464 -24.986523 10.392568 4.774438 -0.009879149 -0.091662346 -0.050073766 -0.994481289
1561000763.587996006 -24.272274 10.475457 4.764278 -0.008753567 -0.101053255 -0.051107954 -0.993528858
1561000763.687936783 -23.559353 10.550109 4.751592 -0.009784874 -0.100984617 -0.052053956 -0.993477100
1561000763.789735317 -22.836411 10.612360 4.748981 -0.010459200 -0.094772950 -0.052866786 -0.994039132
1561000763.888099909 -22.134604 10.693453 4.761836 -0.010100104 -0.083744623 -0.054329916 -0.994953811
1561000763.990075827 -21.425132 10.778966 4.769249 -0.008571460 -0.073337988 -0.054852211 -0.995760666
1561000764.088507414 -20.716812 10.851941 4.783747 -0.007524843 -0.067927837 -0.056116588 -0.996082383
1561000764.189887524 -19.990969 10.934791 4.797780 -0.007467793 -0.068931940 -0.057309421 -0.995945907
1561000764.289807796 -19.283161 11.016583 4.813838 -0.007900843 -0.073022133 -0.058441834 -0.995585203
1561000764.388140202 -18.561760 11.096509 4.836095 -0.007896005 -0.077242099 -0.059353223 -0.995212794
1561000764.489780426 -17.830231 11.183419 4.859214 -0.007271945 -0.078968643 -0.060286788 -0.995025917
1561000764.588628531 -17.098498 11.273595 4.875116 -0.006846943 -0.077960840 -0.061079638 -0.995060051
1561000764.689995766 -16.358185 11.360902 4.887694 -0.007138929 -0.075347442 -0.062355222 -0.995180197
1561000764.789911270 -15.617263 11.446058 4.899495 -0.007793850 -0.073960945 -0.063494462 -0.995207259
1561000764.888354778 -14.892863 11.534592 4.920068 -0.007868468 -0.073884709 -0.064736646 -0.995132305
1561000764.990154982 -14.137352 11.637929 4.942466 -0.007479446 -0.074227342 -0.065430159 -0.995064447
1561000765.088940620 -13.388950 11.735728 4.968078 -0.006600007 -0.074095556 -0.066106491 -0.995035788
1561000765.189948082 -12.638375 11.835744 4.992828 -0.005561501 -0.072554677 -0.066050526 -0.995159393
1561000765.289691687 -11.895970 11.938160 5.014964 -0.005120205 -0.071273398 -0.066919531 -0.995196293
1561000765.387824059 -11.141003 12.022085 5.032947 -0.005178717 -0.071263961 -0.067767282 -0.995139299
1561000765.489679575 -10.365408 12.129176 5.055488 -0.004760357 -0.072726126 -0.068199599 -0.995006062
1561000765.587779760 -9.584793 12.229727 5.077790 -0.004273468 -0.074260146 -0.068544151 -0.994871282
1561000765.689435244 -8.791581 12.335205 5.098775 -0.003438136 -0.074786297 -0.069256823 -0.994785747
1561000765.789507866 -8.019205 12.435532 5.114520 -0.003149976 -0.074648222 -0.070089609 -0.994738743
1561000765.889340639 -7.233845 12.546560 5.129712 -0.003325928 -0.074808983 -0.070508383 -0.994696498
1561000765.989140034 -6.449079 12.655248 5.150637 -0.003451802 -0.075163328 -0.071386778 -0.994606700
1561000766.087647200 -5.652393 12.765925 5.170197 -0.003437033 -0.075257596 -0.071718624 -0.994575749
1561000766.191037893 -4.853614 12.890779 5.192165 -0.003523739 -0.074328436 -0.072202998 -0.994610272
1561000766.291178465 -4.060586 13.008343 5.210002 -0.003546109 -0.073842327 -0.072539932 -0.994621885
1561000766.391047716 -3.249826 13.119355 5.231705 -0.003549935 -0.073625937 -0.073399779 -0.994574830
1561000766.491319180 -2.445170 13.226099 5.258453 -0.003381458 -0.073474894 -0.073606550 -0.994571305
1561000766.589521170 -1.655855 13.344662 5.277737 -0.003041490 -0.073514344 -0.074487546 -0.994503894
1561000766.691160440 -0.828993 13.465280 5.299235 -0.002543081 -0.073608667 -0.075311007 -0.994436297
1561000766.790711403 -0.024586 13.584197 5.318016 -0.002440549 -0.073577236 -0.075867350 -0.994396591
1561000766.888809681 0.800592 13.703109 5.341486 -0.002593250 -0.074107979 -0.076518567 -0.994306890
1561000766.990688801 1.648158 13.830397 5.362547 -0.002440531 -0.073966451 -0.077061566 -0.994275879
1561000767.090823174 2.479116 13.953568 5.385158 -0.002888344 -0.074872040 -0.077863359 -0.994144422
1561000767.190737724 3.317163 14.090769 5.409601 -0.002491734 -0.075512217 -0.078831398 -0.994020778
1561000767.292632580 4.146285 14.224855 5.432676 -0.002064479 -0.074184079 -0.079621691 -0.994058774
1561000767.390914917 4.973910 14.361465 5.454717 -0.002084504 -0.071604430 -0.080352030 -0.994189123
1561000767.492160082 5.816669 14.499905 5.479470 -0.002117696 -0.069532079 -0.081500258 -0.994242683
1561000767.590742350 6.647939 14.618886 5.512452 -0.002313535 -0.070189434 -0.081970201 -0.994157421
1561000767.692031622 7.493444 14.755150 5.542412 -0.001656573 -0.072670158 -0.082762297 -0.993914838
1561000767.792120457 8.328333 14.891570 5.568912 -0.001174429 -0.074833865 -0.083384123 -0.993702974
1561000767.890590191 9.168917 15.034945 5.594059 -0.000785593 -0.074397733 -0.084020606 -0.993682493
1561000767.993302822 10.016513 15.182714 5.611618 -0.001110859 -0.071876559 -0.084962661 -0.993787640
1561000768.091999054 10.847877 15.317563 5.637009 -0.001249520 -0.070151597 -0.085594382 -0.993856526
1561000768.192921162 11.687054 15.464084 5.669328 -0.001188642 -0.070140954 -0.086715659 -0.993760146
1561000768.293286800 12.501936 15.610679 5.699984 -0.000881283 -0.071018791 -0.086973524 -0.993675581
1561000768.392937660 13.363389 15.760940 5.727635 -0.000190645 -0.071923059 -0.087627042 -0.993553491
1561000768.493353128 14.201587 15.905355 5.756665 -0.000342243 -0.072686630 -0.087943372 -0.993469929
1561000768.592246771 15.042141 16.059734 5.784471 -0.000172001 -0.073758120 -0.088198694 -0.993368361
1561000768.693548441 15.887760 16.202013 5.804722 -0.000455747 -0.074211192 -0.088610525 -0.993297874
1561000768.795241833 16.739728 16.346601 5.829502 -0.001294743 -0.074474483 -0.088998078 -0.993242779
1561000768.894323826 17.569733 16.483461 5.850846 -0.002246692 -0.074584468 -0.088954472 -0.993236735
1561000768.995748520 18.386680 16.617174 5.880880 -0.002146106 -0.074302366 -0.089522891 -0.993207030
1561000769.094164848 19.196234 16.758452 5.916714 -0.001085922 -0.072517556 -0.089680566 -0.993326442
1561000769.195285082 20.007671 16.906869 5.942793 -0.000400679 -0.069405989 -0.089916949 -0.993527851
1561000769.287254572 20.782412 17.053456 5.965074 -0.001041103 -0.067765736 -0.090359279 -0.993600484
1561000769.386588573 21.597471 17.214233 6.006110 -0.001122703 -0.065884292 -0.091111973 -0.993658195
1561000769.487317085 22.382596 17.361861 6.045783 -0.002037344 -0.059389869 -0.091012975 -0.994075113
1561000769.586414576 23.173037 17.484232 6.091276 -0.003660734 -0.053393310 -0.091768210 -0.994341163
1561000769.686781168 23.969380 17.618322 6.148234 -0.004696519 -0.052068060 -0.092566063 -0.994333135
1561000769.787528515 24.773906 17.769100 6.212377 -0.003120451 -0.062283366 -0.093631701 -0.993651926
1561000769.886098623 25.580728 17.933474 6.241180 -0.001452301 -0.079361451 -0.094636366 -0.992342486
1561000769.987148285 26.408295 18.084483 6.250512 0.000341409 -0.095522692 -0.095313352 -0.990853503
1561000770.086282492 27.189747 18.233557 6.239508 0.002122962 -0.101819808 -0.096091023 -0.990148845
1561000770.186225891 27.936004 18.381608 6.229684 0.003161194 -0.092187898 -0.097208576 -0.990980268
1561000770.287358046 28.699936 18.521841 6.226864 0.002332837 -0.072311001 -0.098315980 -0.992521861
1561000770.385975599 29.465114 18.680801 6.246724 -0.000336546 -0.058604461 -0.099607829 -0.993299393
1561000770.487070084 30.291322 18.853791 6.299911 0.000326884 -0.058763717 -0.099835715 -0.993267109
1561000770.586006880 31.110172 19.018488 6.358667 0.002106111 -0.067121939 -0.100776948 -0.992640024
1561000770.687139273 31.928244 19.188346 6.400275 0.004866203 -0.072052249 -0.100924242 -0.992269666
1561000770.787240505 32.711446 19.356534 6.420757 0.006561095 -0.070154993 -0.102077279 -0.992277914
1561000770.885692120 33.494862 19.516078 6.439747 0.005832252 -0.066436097 -0.102526764 -0.992492062
1561000770.987006426 34.326402 19.685762 6.472832 0.005409859 -0.064686912 -0.103494691 -0.992509539
1561000771.086636305 35.142232 19.859427 6.509765 0.004705418 -0.066788021 -0.103504590 -0.992372923
1561000771.186360121 35.952642 20.032060 6.546005 0.005137984 -0.070961688 -0.104738948 -0.991951507
1561000771.288227558 36.778410 20.213726 6.578655 0.005848404 -0.074070320 -0.104681477 -0.991726360
1561000771.387103081 37.584142 20.380843 6.603628 0.006151253 -0.074794219 -0.105173379 -0.991618146
1561000771.487852335 38.414215 20.556271 6.624261 0.006098190 -0.073686481 -0.105571992 -0.991659049
1561000771.586235762 39.225308 20.725074 6.646736 0.005340149 -0.072294401 -0.106538021 -0.991662570
1561000771.688032389 40.071243 20.901993 6.669930 0.004071144 -0.071393773 -0.106467210 -0.991741442
1561000771.788120508 40.900077 21.060923 6.698568 0.002267652 -0.071913129 -0.106888308 -0.991664383
1561000771.887941599 41.734369 21.241120 6.735127 0.001485084 -0.072839036 -0.107294865 -0.991554376
1561000771.988516808 42.558200 21.418190 6.762556 0.001459795 -0.072749790 -0.107506598 -0.991538032
1561000772.086264849 43.382654 21.583497 6.792488 0.001184617 -0.071176928 -0.108132418 -0.991584501
1561000772.188276529 44.234309 21.775828 6.824971 0.001265244 -0.068785199 -0.108299904 -0.991734907
1561000772.288066387 45.073772 21.960455 6.865405 0.001558757 -0.066959880 -0.108638316 -0.991822394
1561000772.386090517 45.896863 22.142805 6.910066 0.002146494 -0.066566145 -0.109200771 -0.991786032
1561000772.488030672 46.745673 22.325865 6.948729 0.003224379 -0.066928065 -0.109785187 -0.991694232
1561000772.585962772 47.579825 22.514237 6.984738 0.004671370 -0.067957354 -0.109829463 -0.991613567
1561000772.687943220 48.456879 22.708550 7.017227 0.005890343 -0.069501036 -0.110001755 -0.991480975
1561000772.788690090 49.329121 22.891772 7.051258 0.006095802 -0.070558732 -0.110322508 -0.991369382
1561000772.886712074 50.162772 23.079893 7.082102 0.006596225 -0.070681166 -0.111124585 -0.991267869
1561000772.988287210 51.034944 23.283617 7.109783 0.006531418 -0.069707286 -0.111309121 -0.991316556
1561000773.085923910 51.882514 23.484249 7.144327 0.006466825 -0.068490443 -0.111779523 -0.991348868
1561000773.189471722 52.774790 23.686561 7.182098 0.006747551 -0.067345733 -0.111910200 -0.991410677
1561000773.290180922 53.633004 23.872116 7.222265 0.007084218 -0.067612795 -0.112234935 -0.991353440
1561000773.387595415 54.482046 24.068209 7.257085 0.007345608 -0.067614151 -0.111823889 -0.991397895
1561000773.489495516 55.365567 24.273638 7.295964 0.007706479 -0.068240751 -0.111632055 -0.991373842
1561000773.589109421 56.238286 24.458168 7.327768 0.007911212 -0.068699100 -0.111082975 -0.991402249
1561000773.690456152 57.121118 24.649515 7.359963 0.007611508 -0.069034190 -0.111312392 -0.991355586
1561000773.790565252 58.007710 24.835446 7.391197 0.007112853 -0.069688565 -0.110865241 -0.991363611
1561000773.889525414 58.876108 25.031003 7.427065 0.006526820 -0.071019639 -0.110301599 -0.991336052
1561000773.990453720 59.752959 25.227861 7.462168 0.006480327 -0.071217165 -0.110651529 -0.991283189
1561000774.088794470 60.637312 25.415889 7.495698 0.006228644 -0.070096632 -0.110754372 -0.991353184
1561000774.190401316 61.523152 25.606289 7.531507 0.006053487 -0.067905718 -0.111019609 -0.991477088
1561000774.290547371 62.396894 25.812575 7.569858 0.006003828 -0.067245340 -0.111613910 -0.991455674
1561000774.389345169 63.270497 26.024769 7.613848 0.006283542 -0.067695499 -0.111712768 -0.991412172
1561000774.490986586 64.171569 26.219204 7.650216 0.006506528 -0.068715386 -0.111784809 -0.991332445
1561000774.589297771 65.039496 26.413116 7.683877 0.006451040 -0.070093435 -0.111972959 -0.991215088
1561000774.690846682 65.915586 26.606896 7.716819 0.006354559 -0.071139839 -0.112233729 -0.991111665
1561000774.789179087 66.776115 26.793670 7.754434 0.006090297 -0.071506458 -0.111874708 -0.991127532
1561000774.889859915 67.648463 26.992141 7.786554 0.005942991 -0.070499919 -0.111941891 -0.991192946
1561000774.990666389 68.515071 27.197912 7.824763 0.005842284 -0.068984024 -0.112255537 -0.991264731
1561000775.089098215 69.368111 27.390736 7.861532 0.006219725 -0.067433215 -0.112578518 -0.991332514
1561000775.190711260 70.235649 27.585989 7.902450 0.006378837 -0.066446956 -0.111844101 -0.991481220
1561000775.289255619 71.086987 27.772300 7.939602 0.006632210 -0.067040166 -0.111629962 -0.991463757
1561000775.389303923 71.945658 27.966658 7.975255 0.006585031 -0.068153515 -0.111815244 -0.991367282
1561000775.490655422 72.807089 28.155084 8.009844 0.006665122 -0.069373339 -0.111601175 -0.991306256
1561000775.590528727 73.664322 28.335626 8.044244 0.006464048 -0.070770500 -0.111514534 -0.991218574
1561000775.692143440 74.523162 28.534703 8.076622 0.005895471 -0.070854756 -0.111604999 -0.991205918
1561000775.792043686 75.384133 28.720448 8.106957 0.004985520 -0.069579522 -0.111395104 -0.991324854
1561000775.890817165 76.243717 28.909515 8.147150 0.004334144 -0.067692360 -0.111901948 -0.991401490
1561000775.992043972 77.103231 29.115588 8.187967 0.003935777 -0.066087796 -0.112487049 -0.991445196
1561000776.091811895 77.937988 29.295880 8.231700 0.004372334 -0.064355902 -0.112734098 -0.991529235
1561000776.190580368 78.762730 29.481301 8.285369 0.003931152 -0.057487813 -0.112981737 -0.991924808
1561000776.291985035 79.610085 29.662593 8.338162 0.001341418 -0.047970634 -0.113808184 -0.992343044
1561000776.393445730 80.448999 29.862328 8.408333 -0.000076329 -0.043819988 -0.114773808 -0.992424695
1561000776.492316961 81.287993 30.045572 8.477158 0.001471602 -0.053490295 -0.114926714 -0.991931688
1561000776.590683699 82.143075 30.234789 8.525431 0.003146571 -0.073407502 -0.115317312 -0.990607569
1561000776.692180157 83.036327 30.443959 8.546785 0.005701925 -0.092819644 -0.115191241 -0.988980778
1561000776.793358564 83.887363 30.644373 8.544297 0.007647269 -0.101634772 -0.115717552 -0.988039139
1561000776.892969608 84.716296 30.836433 8.536486 0.006776100 -0.093080378 -0.115737684 -0.988885694
1561000776.993688583 85.540519 31.030031 8.543054 0.004058049 -0.073373095 -0.116154031 -0.990509042
1561000777.092419624 86.383370 31.216617 8.574094 0.002561844 -0.058309853 -0.117462006 -0.991360719
1561000777.194827080 87.253587 31.426981 8.629543 0.002646183 -0.058526739 -0.117998418 -0.991284012
1561000777.293206692 88.102334 31.636244 8.683765 0.003494462 -0.067761504 -0.118502960 -0.990632735
1561000777.392535686 88.960850 31.840117 8.725011 0.004248656 -0.075240723 -0.118061434 -0.990142556
1561000777.493455887 89.833423 32.052963 8.748975 0.004399567 -0.076912035 -0.118722067 -0.989934469
1561000777.592404842 90.680582 32.257191 8.774282 0.003187729 -0.073589459 -0.118931902 -0.990166467
1561000777.693666697 91.563592 32.459875 8.808384 0.002666728 -0.068226068 -0.120136136 -0.990406685
1561000777.793915987 92.419413 32.666160 8.849225 0.002222609 -0.064588402 -0.120368685 -0.990623429
1561000777.893477201 93.279686 32.881837 8.898033 0.002470808 -0.064964290 -0.120891342 -0.990534613
1561000777.994845390 94.163308 33.093271 8.946390 0.003647123 -0.067841475 -0.121461702 -0.990268291
1561000778.093599558 95.031173 33.299639 8.982706 0.004361072 -0.070686205 -0.121405926 -0.990073251
1561000778.194677591 95.910498 33.516925 9.018370 0.004271421 -0.071843655 -0.122108440 -0.989903921
1561000778.294579744 96.773389 33.725170 9.053567 0.003698531 -0.070882299 -0.122528971 -0.989923569
1561000778.394254923 97.630671 33.940796 9.093683 0.003256296 -0.068808365 -0.122992754 -0.990013933
1561000778.494666338 98.507255 34.157385 9.133571 0.003028452 -0.066395315 -0.123391145 -0.990129848
1561000778.593527555 99.362788 34.374513 9.183079 0.003108003 -0.065733237 -0.123940542 -0.990105158
1561000778.694808245 100.252382 34.593899 9.225546 0.003604861 -0.066487835 -0.124633485 -0.989966094
1561000778.796369791 101.131938 34.807452 9.265717 0.004158324 -0.067994320 -0.124610320 -0.989864510
1561000778.886803389 101.958698 35.011960 9.302974 0.004008761 -0.070361840 -0.125194107 -0.989625978
1561000778.987039566 102.853448 35.242936 9.340667 0.003170029 -0.071640062 -0.125851193 -0.989453955
1561000779.085712433 103.733679 35.456065 9.379160 0.001886630 -0.071879895 -0.126706255 -0.989330706
1561000779.186903000 104.609168 35.671387 9.427216 0.001250847 -0.070542588 -0.127495308 -0.989326602
1561000779.285641432 105.446999 35.901345 9.477050 0.001725824 -0.067881176 -0.128231369 -0.989416941
1561000779.386821508 106.309496 36.133459 9.516850 0.001753923 -0.065948385 -0.128889150 -0.989462137
1561000779.486929655 107.154092 36.351585 9.557091 0.001978528 -0.066357333 -0.130429709 -0.989232471
1561000779.585644245 107.988725 36.575720 9.601833 0.002324710 -0.068220404 -0.131063684 -0.989021174
1561000779.687046766 108.839152 36.804410 9.645944 0.002592690 -0.069885385 -0.131810603 -0.988804974
1561000779.787026167 109.660701 37.009224 9.685354 0.003018451 -0.070326433 -0.132662574 -0.988658547
1561000779.885753870 110.474552 37.233942 9.725410 0.002781350 -0.070008096 -0.133716682 -0.988539822
1561000779.988118649 111.312561 37.458315 9.760540 0.002399331 -0.068734344 -0.134429487 -0.988533533
1561000780.088176966 112.117755 37.670451 9.799718 0.001795471 -0.068449477 -0.135562457 -0.988399851
1561000780.187885284 112.924315 37.884360 9.846708 0.001663168 -0.068582977 -0.136819045 -0.988217667
1561000780.286154032 113.722454 38.121010 9.890704 0.001831579 -0.068692646 -0.137625459 -0.988097768
1561000780.386768818 114.531735 38.355564 9.941718 0.002895242 -0.068715300 -0.138892741 -0.987916308
1561000780.488116503 115.332621 38.582619 9.974432 0.003484587 -0.067016260 -0.140091777 -0.987861819
1561000780.586358786 116.109520 38.801377 10.002821 0.001021064 -0.063321255 -0.141521077 -0.987907466
1561000780.687965155 116.896477 39.018129 10.046997 -0.002900886 -0.059783270 -0.142860833 -0.987931338
1561000780.788094759 117.663298 39.240847 10.112169 -0.004624649 -0.058316345 -0.143789410 -0.987877736
1561000780.885877132 118.442219 39.466288 10.183461 -0.002276009 -0.061182370 -0.144490677 -0.987610238
1561000780.987933159 119.248519 39.713410 10.229666 0.001516743 -0.066977394 -0.145165441 -0.987136628
1561000781.085805655 120.034930 39.942624 10.259524 0.003998661 -0.074974343 -0.146533699 -0.986352236
1561000781.187957525 120.829011 40.183781 10.280019 0.005516880 -0.081972702 -0.147160115 -0.985694649
1561000781.286010504 121.584986 40.420020 10.300221 0.006006337 -0.083974471 -0.147786331 -0.985429557
1561000781.387593746 122.334993 40.659813 10.333250 0.005621454 -0.078665023 -0.148535568 -0.985757271
1561000781.489011049 123.098647 40.900497 10.358636 0.004377487 -0.069529881 -0.149586448 -0.986291198
1561000781.587706804 123.857113 41.136767 10.391252 0.003789504 -0.063181400 -0.151108632 -0.986488688
1561000781.689433813 124.634863 41.377390 10.430652 0.003692307 -0.062834264 -0.152555423 -0.986288530
1561000781.791358232 125.412056 41.623957 10.473933 0.004413438 -0.066013145 -0.153774083 -0.985888593
1561000781.889955997 126.180452 41.864808 10.514290 0.005411479 -0.069894186 -0.154625746 -0.985482824
1561000781.990843296 126.948802 42.117183 10.551597 0.005833456 -0.072813832 -0.155233433 -0.985173435
1561000782.090707064 127.705707 42.356000 10.586159 0.006124947 -0.073745796 -0.156063709 -0.984971147
1561000782.192322969 128.467524 42.593715 10.616262 0.005852875 -0.073045650 -0.156939945 -0.984885745
1561000782.290875435 129.213034 42.831755 10.645413 0.005078016 -0.071824174 -0.157852104 -0.984834105
1561000782.392405272 129.974762 43.075513 10.679160 0.004281837 -0.070869962 -0.158805792 -0.984753693
1561000782.492164612 130.719740 43.325541 10.716389 0.003662724 -0.071290020 -0.159642165 -0.984590624
1561000782.592455149 131.471012 43.577591 10.755740 0.004003393 -0.072612184 -0.160428007 -0.984364921
1561000782.690899372 132.214757 43.817471 10.787830 0.004942479 -0.074144655 -0.160989217 -0.984154771
1561000782.792410851 132.964979 44.065091 10.817955 0.005496666 -0.074307582 -0.161728172 -0.984018378
1561000782.892686844 133.701703 44.313256 10.847743 0.004800858 -0.072810287 -0.162397213 -0.984023759
1561000782.993515015 134.426712 44.561297 10.884642 0.004158640 -0.068352705 -0.163466188 -0.984169406
1561000783.092139959 135.139557 44.808822 10.925621 0.003002190 -0.064404946 -0.163956023 -0.984358376
1561000783.193479300 135.858859 45.051033 10.970667 0.003685294 -0.062842360 -0.164188793 -0.984418253
1561000783.292761564 136.574592 45.280728 11.018401 0.005207369 -0.064229860 -0.163836112 -0.984380585
1561000783.394033670 137.297483 45.523576 11.056131 0.007136766 -0.067313559 -0.163036943 -0.984295132
1561000783.493057489 138.010893 45.766389 11.088441 0.007828851 -0.069992146 -0.162204722 -0.984240538
1561000783.592114687 138.723900 46.007122 11.120748 0.007302852 -0.071013107 -0.161658666 -0.984261288
1561000783.693435907 139.443629 46.239197 11.158875 0.007323127 -0.071167238 -0.161005851 -0.984357004
1561000783.792959690 140.130564 46.470622 11.192781 0.007407852 -0.070266699 -0.160315237 -0.984533768
1561000783.893682957 140.849703 46.700241 11.229058 0.007848970 -0.069556885 -0.159835716 -0.984658711
1561000783.993592501 141.553375 46.933916 11.256650 0.007882501 -0.069257285 -0.159203186 -0.984782027
1561000784.094806910 142.264335 47.158146 11.288164 0.007483050 -0.069470333 -0.158329106 -0.984911047
1561000784.194882631 142.958912 47.374409 11.323647 0.006869299 -0.070090800 -0.157826028 -0.984952302
1561000784.294462919 143.637494 47.599403 11.360077 0.006818914 -0.070772833 -0.156903775 -0.985051224
1561000784.394574404 144.320920 47.818305 11.402145 0.006984922 -0.070280787 -0.156418643 -0.985162438
1561000784.494580984 144.999226 48.033180 11.431992 0.007110084 -0.067935131 -0.156603235 -0.985296753
1561000784.593418121 145.680247 48.267501 11.460622 0.005558076 -0.066458102 -0.157466496 -0.985269877
1561000784.694926500 146.374739 48.492547 11.497406 0.004749144 -0.066514446 -0.158762540 -0.985062297
1561000784.794072866 147.038583 48.710230 11.537211 0.005088869 -0.068052814 -0.159893073 -0.984772625
1561000784.894271612 147.713803 48.927891 11.580203 0.005680449 -0.070376967 -0.160355975 -0.984530739
1561000784.995171785 148.372448 49.149052 11.616496 0.006844025 -0.071422401 -0.161091000 -0.984328040
1561000785.094945908 149.027380 49.375104 11.649683 0.007168480 -0.068846212 -0.161775677 -0.984396994
1561000785.195259094 149.665649 49.599003 11.669034 0.004365845 -0.060394772 -0.163024261 -0.984762155
1561000785.294337749 150.296915 49.813189 11.715098 -0.000269026 -0.051955311 -0.164777997 -0.984961311
1561000785.395266771 150.948008 50.022342 11.766741 -0.003386750 -0.047052425 -0.166977284 -0.984831552
1561000785.494854927 151.588373 50.239026 11.837885 -0.002161822 -0.049481221 -0.168605540 -0.984438473
1561000785.593545198 152.242644 50.464798 11.895078 0.003007197 -0.059753788 -0.169740462 -0.983670990
1561000785.694871187 152.910511 50.705511 11.927404 0.007349584 -0.073869495 -0.170919350 -0.982484533
1561000785.793414354 153.570690 50.932415 11.938004 0.008946708 -0.086017841 -0.171712172 -0.981343883
1561000785.893189669 154.219957 51.157525 11.957570 0.009775218 -0.094115788 -0.172575668 -0.980440871
1561000785.994858265 154.842359 51.390222 11.972470 0.009390059 -0.093816506 -0.173739307 -0.980267791
1561000786.094051600 155.458621 51.614907 11.987506 0.008721876 -0.085740153 -0.174581531 -0.980863825
1561000786.194885969 156.068704 51.835302 11.999725 0.007177378 -0.074675231 -0.176118003 -0.981506263
1561000786.294196129 156.700591 52.071257 12.025857 0.005845212 -0.066549258 -0.176853622 -0.981967324
1561000786.395009756 157.343347 52.326360 12.061426 0.006843816 -0.062865764 -0.177755790 -0.982040700
1561000786.494991779 157.989763 52.571184 12.088670 0.007915644 -0.064845868 -0.178629482 -0.981745315
1561000786.593746662 158.635413 52.804416 12.114686 0.008056112 -0.069015070 -0.179767433 -0.981252103
1561000786.694766045 159.272280 53.036941 12.142371 0.007418259 -0.073496981 -0.180600176 -0.980778640
1561000786.794126749 159.902261 53.276744 12.177757 0.006979095 -0.076274911 -0.181011163 -0.980493952
1561000786.887006521 160.521134 53.522788 12.211827 0.007583342 -0.075342955 -0.181823687 -0.980411178
1561000786.988557816 161.169150 53.781241 12.245634 0.008070092 -0.072365901 -0.182366844 -0.980530665
1561000787.085955858 161.809181 54.021320 12.266208 0.007872500 -0.069323589 -0.183424953 -0.980554716
1561000787.187185049 162.466667 54.264603 12.293970 0.006835722 -0.068646285 -0.184409184 -0.980425527
1561000787.287001133 163.097504 54.498296 12.327680 0.006511933 -0.070392551 -0.185187937 -0.980157085
1561000787.386344433 163.736525 54.739971 12.362020 0.007119392 -0.072783850 -0.185347400 -0.979948043
1561000787.487171412 164.379302 54.994981 12.394427 0.007420422 -0.074256236 -0.186122058 -0.979688485
1561000787.585873604 165.003508 55.245970 12.426036 0.007777006 -0.073752942 -0.187308742 -0.979497553
1561000787.687857866 165.641732 55.505527 12.455607 0.008401306 -0.071723122 -0.187819490 -0.979545329
1561000787.787594080 166.273890 55.759527 12.479985 0.007699334 -0.069513022 -0.188838375 -0.979514537
1561000787.887833595 166.907195 56.016617 12.510412 0.007573040 -0.068502133 -0.189662346 -0.979427538
1561000787.987892389 167.539651 56.275656 12.535229 0.007358637 -0.068809189 -0.189997127 -0.979342758
1561000788.085977554 168.175545 56.524958 12.576122 0.007925941 -0.070979401 -0.191061833 -0.978976241
1561000788.187755585 168.812367 56.784757 12.614510 0.009149651 -0.072554487 -0.191161947 -0.978830547
1561000788.288352013 169.458036 57.041446 12.645584 0.009664697 -0.072605721 -0.191511604 -0.978753446
1561000788.389231920 170.088296 57.302557 12.672212 0.009640185 -0.071314130 -0.191820029 -0.978788250
1561000788.489167452 170.727120 57.559757 12.698456 0.009349283 -0.070268073 -0.192127312 -0.978806459
1561000788.587702513 171.360977 57.802214 12.726487 0.008975002 -0.070266099 -0.192929442 -0.978652316
1561000788.690827370 172.008120 58.062986 12.760631 0.009061562 -0.071160370 -0.193014953 -0.978570037
1561000788.789947271 172.648866 58.320330 12.795916 0.009697980 -0.072036428 -0.193355472 -0.978432605
1561000788.889171362 173.278864 58.576347 12.826114 0.010027020 -0.072396710 -0.193592042 -0.978355915
1561000788.991446972 173.915831 58.843133 12.854451 0.009933749 -0.071702840 -0.193909734 -0.978345051
1561000789.089155912 174.537450 59.113380 12.878670 0.009720084 -0.070168361 -0.194257335 -0.978389498
1561000789.191079617 175.178221 59.375980 12.904476 0.008900117 -0.070045679 -0.194955652 -0.978267185
1561000789.289547682 175.813261 59.636222 12.938415 0.008635278 -0.070514947 -0.195251058 -0.978176926
1561000789.389379263 176.452931 59.905129 12.974689 0.009193963 -0.071848475 -0.195334179 -0.978058192
1561000789.490453482 177.093605 60.169052 13.007859 0.009591841 -0.072702535 -0.195375499 -0.977983002
1561000789.588922501 177.722334 60.431195 13.045239 0.010165562 -0.072053532 -0.195186456 -0.978062982
1561000789.690661907 178.366657 60.699765 13.086580 0.011958003 -0.069438108 -0.195717789 -0.978125709
1561000789.791272640 178.997957 60.962434 13.100437 0.012014672 -0.064712281 -0.196141300 -0.978364226
1561000789.892036438 179.617844 61.224808 13.125690 0.008188219 -0.058206324 -0.196360527 -0.978768369
1561000789.992050886 180.239409 61.469839 13.163173 0.003276813 -0.052305860 -0.197221869 -0.978957044
1561000790.090475798 180.869598 61.722604 13.226849 0.000709241 -0.051937171 -0.198271267 -0.978769908
1561000790.191973925 181.520504 61.994109 13.290352 0.003083288 -0.057808462 -0.198667461 -0.978355720
1561000790.290943623 182.168802 62.268499 13.329086 0.006479645 -0.070688176 -0.199046433 -0.977415834
1561000790.393324852 182.846223 62.559154 13.358400 0.008489444 -0.086685427 -0.199422411 -0.976034973
1561000790.493524551 183.504872 62.838135 13.377277 0.010903870 -0.096736300 -0.200057531 -0.974935987
1561000790.591983557 184.125930 63.110526 13.380999 0.012328539 -0.096316038 -0.200324229 -0.974905858
1561000790.693186522 184.760965 63.387607 13.379637 0.010809692 -0.088375521 -0.200866668 -0.975564195
1561000790.792254448 185.386940 63.654111 13.381382 0.008044889 -0.077864902 -0.202326147 -0.976184648
1561000790.892332077 186.026286 63.923743 13.406664 0.005963242 -0.071041159 -0.203128104 -0.976553412
1561000790.993215084 186.679642 64.208725 13.446999 0.006731661 -0.069190298 -0.203660511 -0.976570419
1561000791.091945648 187.346800 64.491680 13.483111 0.008529019 -0.071608801 -0.204586739 -0.976188354
1561000791.193346977 188.024717 64.799358 13.508465 0.008939306 -0.074045421 -0.205607711 -0.975788314
1561000791.292419672 188.674026 65.090979 13.537276 0.009410357 -0.074324689 -0.206604804 -0.975552018
1561000791.393535137 189.347708 65.387213 13.562310 0.008724895 -0.072740830 -0.207661615 -0.975453383
1561000791.493512869 190.006872 65.682388 13.593277 0.008205142 -0.071130311 -0.208448946 -0.975408730
1561000791.592198849 190.659421 65.976084 13.629071 0.008367051 -0.069796013 -0.209480617 -0.975282718
1561000791.693418264 191.322396 66.268393 13.663871 0.009275918 -0.069015940 -0.210427586 -0.975126140
1561000791.794115543 191.983528 66.570976 13.703857 0.009772139 -0.068704519 -0.211232696 -0.974969201
1561000791.894556999 192.655112 66.880466 13.738220 0.010487915 -0.067885893 -0.211925854 -0.974868679
1561000791.994656086 193.319090 67.184884 13.771874 0.010600715 -0.067719534 -0.213020754 -0.974640369
1561000792.093796015 193.990647 67.495133 13.806888 0.010602841 -0.068469224 -0.213278501 -0.974531593
1561000792.193577766 194.673696 67.807553 13.840608 0.010873551 -0.069645181 -0.214373231 -0.974205026
1561000792.293685198 195.353177 68.116921 13.874010 0.010593888 -0.070774252 -0.214791549 -0.974034581
1561000792.395141840 196.032891 68.428161 13.912702 0.010239914 -0.071112117 -0.215479664 -0.973861759
1561000792.486995459 196.681359 68.733159 13.949883 0.010461554 -0.069995383 -0.216216275 -0.973777040
1561000792.587030172 197.375178 69.059329 13.990867 0.010821983 -0.067992014 -0.216966671 -0.973748137
1561000792.686943293 198.064491 69.379631 14.027673 0.011015936 -0.067301004 -0.217710689 -0.973627896
1561000792.786168098 198.757274 69.714159 14.060692 0.010992014 -0.068091702 -0.218687549 -0.973354227
1561000792.886707783 199.459269 70.040538 14.098348 0.011087513 -0.069551136 -0.219127227 -0.973151049
1561000792.986083508 200.139919 70.365301 14.132168 0.011986565 -0.070801858 -0.219796505 -0.972899232
1561000793.086761475 200.834195 70.693919 14.166654 0.012285142 -0.071525679 -0.220442833 -0.972696309
1561000793.186903238 201.531040 71.029331 14.196273 0.012100495 -0.071402372 -0.221254667 -0.972523343
1561000793.285790443 202.225166 71.360401 14.231936 0.011601237 -0.072022385 -0.222005909 -0.972312482
1561000793.387032270 202.936863 71.694476 14.268786 0.011711781 -0.071973890 -0.222534437 -0.972193920
1561000793.487008095 203.633384 72.038300 14.299426 0.011791999 -0.071407018 -0.223486302 -0.972016388
1561000793.586764336 204.329502 72.373504 14.329115 0.011703991 -0.071326040 -0.224211857 -0.971856294
1561000793.687226057 205.028995 72.718518 14.364134 0.011435554 -0.071696831 -0.224930668 -0.971666088
1561000793.786099434 205.732376 73.058748 14.399696 0.011507530 -0.072376709 -0.225567578 -0.971467167
1561000793.886991501 206.441470 73.399436 14.437137 0.011622570 -0.072608401 -0.226199074 -0.971301660
1561000793.987044573 207.163504 73.746315 14.467917 0.011484836 -0.072324602 -0.226922234 -0.971155781
1561000794.087216616 207.862651 74.088529 14.500396 0.011201986 -0.072036824 -0.227958816 -0.970937686
1561000794.187131405 208.564297 74.444014 14.533165 0.011234488 -0.071969908 -0.228806573 -0.970742845
1561000794.286269426 209.274288 74.801586 14.570759 0.011529731 -0.072000231 -0.229587813 -0.970552661
1561000794.387183905 209.992454 75.162347 14.602948 0.011365225 -0.071957303 -0.230590653 -0.970320014
1561000794.487084627 210.690502 75.522807 14.640083 0.011578692 -0.072768291 -0.231344327 -0.970077580
1561000794.586091995 211.392062 75.865377 14.675438 0.011447547 -0.072882119 -0.232167175 -0.969873988
1561000794.686918497 212.096249 76.225936 14.710966 0.011938201 -0.073193542 -0.232613990 -0.969737550
1561000794.786261082 212.773629 76.566793 14.745543 0.011996906 -0.073018435 -0.233554000 -0.969524064
1561000794.885620117 213.461527 76.917042 14.779661 0.011998489 -0.072415659 -0.234404658 -0.969363949
1561000794.986577272 214.156491 77.281466 14.812118 0.011808307 -0.072372049 -0.235025984 -0.969219086
1561000795.085553646 214.832636 77.633354 14.847359 0.012054116 -0.073218007 -0.235794772 -0.968965762
1561000795.187532663 215.521580 77.977379 14.879640 0.012521555 -0.074645045 -0.236451152 -0.968690963
1561000795.286227465 216.197222 78.324845 14.912241 0.012677723 -0.075562782 -0.237259963 -0.968419977
1561000795.386902809 216.886913 78.683101 14.945842 0.012575669 -0.075794428 -0.237839321 -0.968261078
1561000795.487084150 217.557495 79.037498 14.979022 0.013013152 -0.075237965 -0.238353791 -0.968172183
1561000795.585922480 218.214073 79.392118 15.007098 0.013172170 -0.074280542 -0.238966822 -0.968092843
1561000795.687319279 218.885937 79.744826 15.029972 0.012479414 -0.074259064 -0.239259941 -0.968031268
1561000795.786182880 219.545165 80.072005 15.052591 0.011519987 -0.076337891 -0.239678500 -0.967777884
1561000795.887194872 220.197101 80.404408 15.089759 0.010625128 -0.078827160 -0.239957959 -0.967519283
1561000795.987223148 220.834270 80.743349 15.122632 0.010751600 -0.079780965 -0.239936757 -0.967444961
1561000796.086224556 221.454022 81.067847 15.151074 0.010745205 -0.079048745 -0.240186241 -0.967443232
1561000796.187656164 222.082265 81.392213 15.174657 0.010083242 -0.076494693 -0.240807248 -0.967501297
1561000796.286328554 222.676624 81.727648 15.196750 0.009191570 -0.073963324 -0.240852456 -0.967695735
1561000796.387566328 223.295057 82.038070 15.232017 0.008868348 -0.072423337 -0.241368911 -0.967686551
1561000796.487380743 223.892514 82.360044 15.272619 0.010892301 -0.070934946 -0.241393316 -0.967770044
1561000796.586976051 224.500508 82.682270 15.311599 0.012565954 -0.068578484 -0.241871340 -0.967800260
1561000796.687345982 225.090092 83.009345 15.345016 0.013812226 -0.066669799 -0.242469710 -0.967766914
1561000796.786038399 225.684545 83.332589 15.368319 0.014201945 -0.066694776 -0.243604951 -0.967474413
1561000796.887220144 226.286881 83.657187 15.392926 0.013857904 -0.068598230 -0.244748380 -0.967057636
1561000796.987067699 226.871470 83.962853 15.435289 0.014273818 -0.072723931 -0.245534409 -0.966550745
1561000797.087174416 227.439823 84.270489 15.480148 0.016564008 -0.075165735 -0.245848018 -0.966247638
1561000797.187513828 228.006038 84.592106 15.513357 0.019037987 -0.075237293 -0.245901703 -0.966182828
1561000797.286441803 228.553203 84.901721 15.529949 0.019961744 -0.073390401 -0.246178057 -0.966235863
1561000797.387196064 229.111804 85.206985 15.538263 0.018946893 -0.071126508 -0.246810159 -0.966264343
1561000797.486966848 229.659302 85.502421 15.556121 0.016719128 -0.070442653 -0.247520756 -0.966173783
1561000797.586075306 230.201967 85.799113 15.582352 0.015309109 -0.071870122 -0.247960059 -0.965979361
1561000797.686537981 230.751741 86.093183 15.618186 0.015006832 -0.074084284 -0.247929880 -0.965824564
1561000797.785465002 231.298531 86.389520 15.652028 0.015425618 -0.075493909 -0.247973704 -0.965697552
1561000797.886562586 231.827536 86.691381 15.680242 0.015537918 -0.074739536 -0.247997092 -0.965748423
1561000797.986645460 232.358424 86.982552 15.700533 0.014752387 -0.071743979 -0.248253128 -0.965922126
1561000798.086274624 232.881251 87.271046 15.720696 0.012066333 -0.066284958 -0.248787212 -0.966212001
1561000798.186847448 233.390777 87.551034 15.744391 0.008310904 -0.058999264 -0.249478274 -0.966545708
1561000798.285879135 233.896485 87.819538 15.791902 0.004563001 -0.054788095 -0.250166968 -0.966640539
1561000798.387281179 234.410511 88.098698 15.845683 0.003570723 -0.054080352 -0.250624086 -0.966566156
1561000798.487316847 234.912909 88.373662 15.894801 0.005678299 -0.057705626 -0.250810851 -0.966297953
1561000798.586837292 235.421754 88.645571 15.932886 0.009930617 -0.065101803 -0.250886452 -0.965773848
1561000798.687149286 235.938472 88.924416 15.953193 0.014020141 -0.075505848 -0.250810694 -0.964985128
1561000798.786216497 236.444086 89.203722 15.963635 0.015738760 -0.085226603 -0.251094632 -0.964074791
1561000798.886112690 236.936577 89.480707 15.986035 0.016494303 -0.091904420 -0.251516486 -0.963338452
1561000798.986946821 237.410786 89.751838 16.008733 0.016738230 -0.092032984 -0.251582262 -0.963304794
1561000799.085981369 237.866667 90.017039 16.040730 0.017426383 -0.087661254 -0.251747506 -0.963657106
1561000799.187145948 238.320361 90.287077 16.052520 0.017069563 -0.081439010 -0.252285388 -0.964068670
1561000799.285880566 238.763988 90.534986 16.055916 0.015471835 -0.076310983 -0.252842273 -0.964369245
1561000799.386960506 239.207742 90.783447 16.058808 0.013549493 -0.072769557 -0.253429159 -0.964517840
1561000799.487122059 239.643320 91.022469 16.077378 0.012644931 -0.072217980 -0.253987942 -0.964424592
1561000799.587764978 240.069288 91.267475 16.105809 0.013140152 -0.073242744 -0.254416235 -0.964227782
1561000799.686799049 240.474682 91.495091 16.133869 0.014192923 -0.074212985 -0.254527978 -0.964109175
1561000799.785558462 240.875825 91.723575 16.153977 0.014711282 -0.074510842 -0.254902140 -0.963979570
1561000799.885649681 241.275153 91.951832 16.168912 0.014094026 -0.074874284 -0.255381349 -0.963833786
1561000799.986709356 241.667665 92.176637 16.182431 0.012975394 -0.074680036 -0.255788173 -0.963756682
1561000800.085568905 242.041229 92.382882 16.203446 0.012017789 -0.073958190 -0.256361553 -0.963672410
1561000800.186823130 242.417569 92.599182 16.227458 0.011741684 -0.072801071 -0.256767980 -0.963655717
1561000800.286227942 242.780280 92.813951 16.246868 0.011903434 -0.072210235 -0.257075704 -0.963616144
1561000800.387514353 243.145995 93.022647 16.263625 0.011749387 -0.072161005 -0.257575861 -0.963488151
1561000800.487185717 243.508942 93.222315 16.282325 0.011707051 -0.072206648 -0.258053103 -0.963357535
1561000800.587459564 243.862329 93.419280 16.306082 0.011327602 -0.071831537 -0.258489415 -0.963273138
1561000800.687401295 244.213489 93.620572 16.327285 0.011689772 -0.071213362 -0.258889684 -0.963207214
1561000800.786190510 244.546907 93.820981 16.348816 0.012227375 -0.071214080 -0.259011478 -0.963167743
1561000800.887226105 244.879477 94.014351 16.368448 0.012639467 -0.070902884 -0.259174843 -0.963141436
1561000800.987298012 245.203996 94.200901 16.383792 0.012540908 -0.070095169 -0.259610979 -0.963084385
1561000801.086583376 245.524326 94.385218 16.395267 0.012352430 -0.068645868 -0.260064165 -0.963068945
1561000801.187405825 245.837012 94.577708 16.415780 0.012048312 -0.068034096 -0.260346272 -0.963039988
1561000801.286113024 246.149087 94.758199 16.434329 0.012169570 -0.068217704 -0.260193967 -0.963066636
1561000801.387691021 246.454807 94.942111 16.457184 0.012580192 -0.068996135 -0.260518813 -0.962918075
1561000801.487519979 246.779393 95.126187 16.477106 0.012814669 -0.069439034 -0.260239527 -0.962958666
1561000801.587553263 247.084237 95.305280 16.498516 0.013265112 -0.069708829 -0.260157004 -0.962955373
1561000801.687408924 247.397578 95.485347 16.516396 0.013663031 -0.068883794 -0.259948504 -0.963065481
1561000801.786054373 247.702935 95.658916 16.532788 0.014155394 -0.067981016 -0.259413249 -0.963266823
1561000801.886157513 248.014060 95.835819 16.551649 0.014340182 -0.067580642 -0.259024315 -0.963396917
1561000801.987324715 248.321607 96.008891 16.567489 0.014358996 -0.067664141 -0.258608686 -0.963502429
1561000802.085933685 248.619706 96.182076 16.582578 0.014396538 -0.068028014 -0.258092575 -0.963614628
1561000802.187249422 248.922862 96.353875 16.602771 0.014412002 -0.068372310 -0.257528477 -0.963740943
1561000802.285964251 249.209079 96.512374 16.620103 0.014735791 -0.068227051 -0.256795098 -0.963942013
1561000802.386025667 249.500022 96.673300 16.640281 0.014799497 -0.068122990 -0.255890044 -0.964189047
1561000802.488120794 249.784321 96.847451 16.652352 0.015033464 -0.068315026 -0.254467981 -0.964548132
1561000802.586633682 250.072607 97.009570 16.672328 0.015290087 -0.068555913 -0.253099083 -0.964887120
1561000802.687041283 250.361275 97.171395 16.693006 0.015462256 -0.068460073 -0.251255023 -0.965373011
1561000802.785851717 250.643666 97.325425 16.709374 0.015780612 -0.068188059 -0.248543360 -0.966088795
1561000802.886314631 250.924872 97.475351 16.721423 0.015792343 -0.068406607 -0.245389326 -0.966879112
1561000802.987004995 251.219212 97.612754 16.730252 0.015212493 -0.068531462 -0.242313323 -0.967655038
1561000803.085699081 251.520639 97.754772 16.744821 0.013970768 -0.068729626 -0.238584144 -0.968585909
1561000803.186882734 251.827329 97.897866 16.764607 0.013357670 -0.069038809 -0.234263591 -0.969626622
1561000803.285901308 252.124524 98.034801 16.783507 0.013488485 -0.069351197 -0.229584254 -0.970721145
1561000803.387042284 252.430108 98.174659 16.802804 0.013285129 -0.069650144 -0.224235823 -0.971951984
1561000803.487906933 252.728262 98.317005 16.818991 0.013159990 -0.070110104 -0.218435216 -0.973240692
1561000803.586125612 253.038879 98.443336 16.832534 0.012430897 -0.070488028 -0.211991117 -0.974646950
1561000803.685978413 253.343229 98.566821 16.845456 0.011461993 -0.071637821 -0.205266922 -0.976013389
1561000803.786242962 253.666453 98.678391 16.855614 0.010191158 -0.072594126 -0.197534814 -0.977551140
1561000803.886216402 253.989349 98.792573 16.872304 0.009512727 -0.072707009 -0.188937558 -0.979247567
1561000803.987068892 254.321617 98.895213 16.890690 0.008518840 -0.071770388 -0.179697052 -0.981063408
1561000804.085847139 254.651187 98.983870 16.900384 0.006454242 -0.070637549 -0.169557560 -0.982964350
1561000804.186894894 254.985824 99.075740 16.908974 0.002918994 -0.070091766 -0.158892105 -0.984800448
1561000804.286849499 255.321333 99.146773 16.926468 -0.001080715 -0.071007075 -0.147778550 -0.986467601
1561000804.387005091 255.652226 99.210431 16.945876 -0.004210233 -0.072473840 -0.136320419 -0.988001296
1561000804.488492489 255.993227 99.266281 16.964872 -0.005930283 -0.073244646 -0.123966450 -0.989561707
1561000804.588001966 256.342576 99.320690 16.975939 -0.007551966 -0.072731877 -0.110148186 -0.991221680
1561000804.687959909 256.689671 99.351223 16.991604 -0.008874274 -0.072524236 -0.096025794 -0.992693573
1561000804.786161184 257.050661 99.380890 17.005571 -0.011050934 -0.073376051 -0.081383997 -0.993916735
1561000804.887640715 257.414744 99.407327 17.021321 -0.014160678 -0.074808293 -0.065786397 -0.994924793
1561000804.987696171 257.783730 99.417151 17.038874 -0.017745761 -0.075186357 -0.049287422 -0.995792574
1561000805.087664604 258.148272 99.404102 17.053713 -0.020668693 -0.073536807 -0.032355392 -0.996553196
1561000805.187592506 258.500812 99.377962 17.070571 -0.022587567 -0.070449496 -0.014233620 -0.997157999
1561000805.285675287 258.858125 99.337792 17.083871 -0.024427939 -0.067056760 0.003767166 -0.997442968
1561000805.387498140 259.233953 99.285669 17.100887 -0.026503929 -0.065397897 0.021567500 -0.997274034
1561000805.487461090 259.598361 99.224131 17.122708 -0.028532034 -0.065974882 0.040903196 -0.996574215
1561000805.585789919 259.957982 99.156253 17.146566 -0.029456698 -0.067137248 0.060522253 -0.995470718
1561000805.687629461 260.351392 99.057974 17.158827 -0.030846650 -0.067832131 0.079955312 -0.994009273
1561000805.785903215 260.713380 98.954629 17.166286 -0.033243677 -0.068313894 0.100343508 -0.992048008
1561000805.887468815 261.094288 98.825048 17.183005 -0.035504083 -0.068492284 0.121062454 -0.989642435
1561000805.989201784 261.474353 98.691211 17.203227 -0.037032054 -0.069534129 0.143179420 -0.986556276
1561000806.089309931 261.840325 98.529557 17.227515 -0.037127280 -0.071161113 0.165744022 -0.982897034
1561000806.189118147 262.203065 98.346630 17.238572 -0.037575134 -0.072119948 0.187561730 -0.978880697
1561000806.288528204 262.548055 98.146779 17.249468 -0.038175084 -0.073097464 0.210649817 -0.974077039
1561000806.389113426 262.889999 97.923082 17.253263 -0.039496520 -0.073588238 0.234331956 -0.968562507
1561000806.488426208 263.227535 97.680678 17.255433 -0.041878059 -0.073614489 0.257760625 -0.962489790
1561000806.588495493 263.557548 97.425827 17.255824 -0.044424327 -0.073064123 0.281423564 -0.955766128
1561000806.690037012 263.884508 97.131561 17.262292 -0.047503075 -0.072350451 0.304819910 -0.948469131
1561000806.787897825 264.207533 96.836531 17.268819 -0.048798924 -0.071945819 0.328973301 -0.940329214
1561000806.889460564 264.518042 96.518841 17.272947 -0.051320119 -0.070425934 0.352824681 -0.931622873
1561000806.989144325 264.812831 96.168471 17.281378 -0.052817590 -0.069461645 0.375996962 -0.922502936
1561000807.089998245 265.093624 95.804163 17.289072 -0.054192603 -0.068714181 0.399606329 -0.912500030
1561000807.190335274 265.350677 95.429766 17.293426 -0.056048442 -0.067645192 0.422858142 -0.901927764
1561000807.289738894 265.614641 95.035460 17.293096 -0.057822362 -0.065442911 0.444781705 -0.891371435
1561000807.390140533 265.869814 94.615999 17.294643 -0.059957226 -0.062765883 0.465941043 -0.880547852
1561000807.490151644 266.096038 94.189539 17.297425 -0.061701116 -0.060230837 0.487251552 -0.868994329
1561000807.588704824 266.293048 93.734704 17.312297 -0.062547181 -0.056878323 0.506699741 -0.857967411
1561000807.690259933 266.487398 93.249197 17.325655 -0.061977934 -0.052941122 0.524297758 -0.847624819
1561000807.788767338 266.685221 92.742017 17.339620 -0.062319958 -0.048055634 0.538393788 -0.839010732
1561000807.890631914 266.864875 92.226973 17.348704 -0.062715559 -0.042192371 0.551211495 -0.830934685
1561000807.990239143 267.050778 91.730970 17.360729 -0.064210783 -0.036486190 0.561844055 -0.823939919
1561000808.089402437 267.222885 91.241497 17.382137 -0.066450648 -0.034204891 0.571084831 -0.817481775
1561000808.190496683 267.402492 90.728704 17.407337 -0.069150447 -0.036038579 0.578848959 -0.811697800
1561000808.289254189 267.558789 90.193345 17.430100 -0.073010532 -0.041766549 0.584877873 -0.806748345
1561000808.390570402 267.727595 89.623738 17.440613 -0.078682239 -0.048879584 0.590481181 -0.801718071
1561000808.490646839 267.871894 89.053738 17.439580 -0.084300353 -0.054844663 0.595792705 -0.796816519
1561000808.588928223 268.032039 88.477356 17.438516 -0.089035356 -0.057703072 0.601808746 -0.791561301
1561000808.690420628 268.167258 87.884868 17.449977 -0.090027691 -0.057265078 0.605930075 -0.788330179
1561000808.788774490 268.290555 87.295486 17.453824 -0.087146212 -0.052095739 0.609620196 -0.786164606
1561000808.890211105 268.430904 86.688492 17.454506 -0.083239204 -0.045261178 0.613022825 -0.784363230
1561000808.990303278 268.566521 86.080999 17.459055 -0.079688856 -0.040093342 0.616397548 -0.782365818
1561000809.091084480 268.687264 85.466062 17.473229 -0.077664498 -0.038700746 0.618588557 -0.780908877
1561000809.192060232 268.829230 84.838072 17.481787 -0.077726545 -0.041399187 0.620753829 -0.779043885
1561000809.290876865 268.949632 84.197678 17.491152 -0.079666073 -0.044783963 0.621984901 -0.777677630
1561000809.392121553 269.083299 83.547773 17.495856 -0.081109812 -0.045860687 0.623522066 -0.776233360
1561000809.492325306 269.208102 82.887839 17.507094 -0.081680224 -0.045391874 0.625032274 -0.774985532
1561000809.591498137 269.346948 82.224405 17.522416 -0.080733821 -0.044152047 0.625666562 -0.774644435
1561000809.692139387 269.493447 81.560683 17.535214 -0.079305605 -0.043502313 0.627256616 -0.773542053
1561000809.791584253 269.644177 80.886494 17.543170 -0.078859854 -0.043642064 0.628024473 -0.772956502
1561000809.891736984 269.773572 80.199687 17.548965 -0.079426676 -0.044022204 0.629518787 -0.771660252
1561000809.990641832 269.906890 79.504613 17.556239 -0.080570892 -0.044410770 0.630497720 -0.770719559
1561000810.090791941 270.041093 78.796479 17.568743 -0.081369897 -0.044702048 0.630214070 -0.770850759
1561000810.191959143 270.175883 78.088217 17.581791 -0.081308606 -0.044383766 0.630493543 -0.770647055
1561000810.290500164 270.307934 77.373598 17.596460 -0.080786587 -0.044106062 0.630885494 -0.770397090
1561000810.391826630 270.446153 76.646830 17.599685 -0.080234768 -0.043146764 0.630977046 -0.770434103
1561000810.491823912 270.587311 75.911487 17.602148 -0.080929930 -0.041741718 0.631207418 -0.770250070
1561000810.590647221 270.708517 75.178203 17.604777 -0.082798351 -0.040551858 0.630684099 -0.770543670
1561000810.695111990 270.865039 74.395979 17.622391 -0.084673524 -0.040427622 0.630677316 -0.770351949
1561000810.794178963 271.006472 73.649530 17.640765 -0.085832381 -0.041021180 0.631117940 -0.769831287
1561000810.894988060 271.152323 72.876571 17.650588 -0.086535081 -0.040950255 0.630524715 -0.770242390
1561000810.994960546 271.294841 72.117985 17.660189 -0.087074932 -0.040142787 0.630744169 -0.770044354
1561000811.093626499 271.448195 71.339141 17.672613 -0.087129340 -0.039226196 0.629338930 -0.771234267
1561000811.194816113 271.611786 70.536067 17.687466 -0.087004122 -0.038917577 0.628793584 -0.771708710
1561000811.293950319 271.761652 69.750140 17.699092 -0.087755179 -0.039648902 0.628350063 -0.771947661
1561000811.387000561 271.914721 68.986141 17.708023 -0.087686748 -0.040500920 0.627560695 -0.772553094
1561000811.486945152 272.083503 68.151737 17.719985 -0.087403949 -0.040332165 0.626890152 -0.773138153
1561000811.586979389 272.256376 67.307871 17.726071 -0.086368371 -0.038616417 0.626109343 -0.773974397
1561000811.687019587 272.423603 66.495080 17.742529 -0.085802539 -0.037389866 0.625653066 -0.774466373
1561000811.785948992 272.590891 65.683481 17.759338 -0.085097943 -0.036559360 0.624169319 -0.775779875
1561000811.885999441 272.776027 64.843250 17.775429 -0.085134235 -0.036120521 0.622942865 -0.776781602
1561000811.986989737 272.955399 64.015371 17.792354 -0.085684920 -0.035296069 0.621890913 -0.777601424
1561000812.085958958 273.145407 63.171322 17.814173 -0.085917241 -0.035032410 0.620747143 -0.778501087
1561000812.186838865 273.323247 62.328622 17.834847 -0.086346967 -0.034742996 0.619823892 -0.779201815
1561000812.285804749 273.515044 61.465735 17.853423 -0.086643442 -0.034142991 0.618955212 -0.779885643
1561000812.387062073 273.701392 60.590612 17.873184 -0.087705485 -0.033430246 0.617421862 -0.781012427
1561000812.486100674 273.885746 59.737091 17.897169 -0.087669657 -0.033445867 0.616938763 -0.781397446
1561000812.587155819 274.089250 58.861821 17.918843 -0.087956052 -0.033122456 0.616038485 -0.782089011
1561000812.687018394 274.283159 57.983421 17.941641 -0.088305428 -0.032542046 0.615640034 -0.782387701
1561000812.785849333 274.489949 57.111405 17.959002 -0.089313312 -0.032380868 0.615370592 -0.782491946
1561000812.886841774 274.695932 56.217969 17.977808 -0.091229705 -0.032044044 0.615270324 -0.782363566
1561000812.986928225 274.902615 55.321786 17.994796 -0.093371047 -0.031663064 0.613863357 -0.783231177
1561000813.086496830 275.096408 54.425355 18.013454 -0.095619455 -0.030772723 0.613513202 -0.783269756
1561000813.187953949 275.305354 53.517964 18.037131 -0.096564383 -0.030188138 0.612852455 -0.783693731
1561000813.286146402 275.509636 52.637147 18.052515 -0.097351084 -0.029203111 0.613752251 -0.782929192
1561000813.388017654 275.708360 51.722057 18.073197 -0.098110732 -0.028547730 0.613255842 -0.783247460
1561000813.487670183 275.911928 50.815427 18.097500 -0.098158440 -0.028697788 0.612719687 -0.783655500
1561000813.586129665 276.125623 49.896858 18.117054 -0.098005203 -0.029233280 0.612875999 -0.783532645
1561000813.687690258 276.343164 48.993371 18.147741 -0.095894832 -0.029040701 0.613158245 -0.783580108
1561000813.786014557 276.550485 48.094814 18.175306 -0.093884744 -0.029647233 0.613601661 -0.783453698
1561000813.887809753 276.776262 47.164849 18.195313 -0.091848901 -0.030065216 0.613547798 -0.783721227
1561000813.986869812 276.999161 46.257754 18.216768 -0.091977843 -0.032731515 0.613901995 -0.783321814
1561000814.086182117 277.206351 45.348778 18.245150 -0.092557940 -0.036244201 0.614288175 -0.782795902
1561000814.189367056 277.435391 44.411375 18.262816 -0.091964063 -0.038114763 0.613880141 -0.783097088
1561000814.286027431 277.648732 43.536874 18.277191 -0.091369452 -0.038627875 0.614412758 -0.782723753
1561000814.387857437 277.861200 42.627023 18.293415 -0.090751884 -0.038705737 0.614692550 -0.782572061
1561000814.487957716 278.065153 41.727416 18.305467 -0.090476195 -0.038822833 0.614953152 -0.782393422
1561000814.587558031 278.275192 40.848558 18.322656 -0.091158500 -0.038676609 0.615008898 -0.782277638
1561000814.688019991 278.475236 39.953234 18.345673 -0.091246617 -0.039279054 0.615267122 -0.782034257
1561000814.786435843 278.686334 39.071898 18.366261 -0.090239787 -0.040136589 0.615757285 -0.781721690
1561000814.887263536 278.887081 38.175120 18.378165 -0.089938198 -0.040789296 0.615771814 -0.781711217
1561000814.986734390 279.083414 37.312071 18.388590 -0.091280920 -0.041256788 0.615896842 -0.781432500
1561000815.089123249 279.291133 36.441168 18.395265 -0.093186288 -0.040782603 0.615459058 -0.781577407
1561000815.188195944 279.478486 35.623756 18.418721 -0.094479148 -0.040031140 0.615011600 -0.781813232
1561000815.286021948 279.660298 34.803338 18.439142 -0.094005247 -0.038368988 0.615149862 -0.781844922
1561000815.387909412 279.850430 33.977674 18.453356 -0.092991927 -0.036358267 0.614798878 -0.782338110
1561000815.487561941 280.034758 33.170102 18.468162 -0.092332924 -0.035143393 0.614406093 -0.782780126
1561000815.587934494 280.220340 32.361555 18.488974 -0.092560388 -0.034987785 0.613903496 -0.783154472
1561000815.687889814 280.407620 31.550129 18.500867 -0.093581900 -0.036050018 0.613561109 -0.783253209
1561000815.786006451 280.589710 30.773728 18.527031 -0.095157019 -0.038469126 0.612919607 -0.783450588
1561000815.887951374 280.771215 29.989188 18.561782 -0.093209098 -0.040300833 0.613222073 -0.783355983
1561000815.987571955 280.962356 29.234315 18.587534 -0.088190719 -0.039085534 0.613788750 -0.783554777
1561000816.086070776 281.142490 28.492974 18.595157 -0.083149301 -0.036163608 0.614471927 -0.783710813
1561000816.187839985 281.324001 27.728988 18.594579 -0.081103255 -0.033420356 0.614887057 -0.783721410
1561000816.285806656 281.505200 26.997468 18.613037 -0.083424656 -0.034494617 0.614757250 -0.783533006
1561000816.387718201 281.672701 26.260387 18.652270 -0.085010758 -0.038548371 0.614532141 -0.783350140
1561000816.486180544 281.848953 25.543776 18.685990 -0.084116266 -0.042014380 0.615307860 -0.782659238
1561000816.588178635 282.029469 24.796498 18.692543 -0.082293641 -0.041939805 0.615309561 -0.782855640
1561000816.688065290 282.196330 24.069422 18.693990 -0.081882224 -0.039144315 0.615016440 -0.783273772
1561000816.786192656 282.366710 23.359343 18.719881 -0.081630597 -0.037740504 0.614465228 -0.783801367
1561000816.887936354 282.538471 22.633229 18.743319 -0.081657201 -0.037437101 0.614556158 -0.783741854
1561000816.988154650 282.696006 21.912403 18.768998 -0.081586237 -0.038339650 0.614245303 -0.783949274
1561000817.087092161 282.870364 21.202397 18.794897 -0.079363012 -0.034862485 0.614535278 -0.784112563
1561000817.188063145 283.031638 20.498188 18.819176 -0.076073333 -0.028168573 0.614811316 -0.784491189
1561000817.286113501 283.199086 19.796525 18.845612 -0.075343478 -0.024192594 0.614549421 -0.784899413
1561000817.387977839 283.360143 19.075406 18.864873 -0.078712066 -0.026444988 0.614130350 -0.784824176
1561000817.487856388 283.533958 18.343922 18.878404 -0.087829360 -0.038610468 0.613505339 -0.783840822
1561000817.585860491 283.700295 17.617264 18.878692 -0.097472936 -0.050596085 0.612151265 -0.783077194
1561000817.687667847 283.869976 16.891239 18.901724 -0.101626152 -0.055290237 0.611486561 -0.782751111
1561000817.785629988 284.036239 16.204506 18.932329 -0.097543856 -0.048551271 0.612529030 -0.782902394
1561000817.888968468 284.197113 15.498942 18.947351 -0.088465791 -0.036879681 0.613526739 -0.783835846
1561000817.987394571 284.369755 14.787475 18.946833 -0.082566611 -0.028686273 0.614912774 -0.783736009
1561000818.087643147 284.534786 14.043509 18.952632 -0.083392276 -0.029385266 0.614502717 -0.783944287
1561000818.189069033 284.702508 13.274618 18.970735 -0.088588562 -0.035848797 0.614561622 -0.783058710
1561000818.288925886 284.868373 12.540540 18.997741 -0.091161280 -0.041334372 0.613966552 -0.782959874
1561000818.390826464 285.044302 11.792782 19.022700 -0.090749750 -0.042209917 0.614153430 -0.782814390
1561000818.490383148 285.211907 11.067151 19.035412 -0.089070392 -0.039219038 0.614657069 -0.782767539
1561000818.588953733 285.391934 10.341875 19.044219 -0.087667170 -0.035441463 0.614934834 -0.782887936
1561000818.690190315 285.569002 9.602962 19.065240 -0.087522096 -0.034182221 0.614819659 -0.783050602
1561000818.788452387 285.754011 8.875207 19.095628 -0.087566466 -0.035699627 0.614752476 -0.783030679
1561000818.888694525 285.931450 8.132105 19.118725 -0.087157397 -0.037614375 0.614728807 -0.783005263
1561000818.988563061 286.107872 7.392795 19.137057 -0.086157626 -0.038704091 0.614599358 -0.783164406
1561000819.090265751 286.292006 6.640614 19.155480 -0.085174816 -0.038555697 0.614583712 -0.783291497
1561000819.190606117 286.473736 5.892939 19.174728 -0.084030761 -0.038648695 0.614578302 -0.783414718
1561000819.289763689 286.648206 5.154513 19.184899 -0.083846029 -0.038056853 0.614438633 -0.783573025
1561000819.389556885 286.819534 4.400002 19.200553 -0.084488522 -0.037890723 0.614356979 -0.783576088
1561000819.490195274 287.004415 3.623912 19.226503 -0.085826233 -0.038536596 0.614463316 -0.783315787
1561000819.589608192 287.178957 2.873467 19.252859 -0.086047686 -0.039151186 0.614192973 -0.783473020
1561000819.690580606 287.366942 2.113637 19.268007 -0.086677500 -0.038634860 0.614116242 -0.783489374
1561000819.788935661 287.541526 1.339799 19.279730 -0.087404824 -0.037727964 0.613767868 -0.783725719
1561000819.890805960 287.727155 0.560614 19.303832 -0.088392570 -0.036794505 0.614060762 -0.783429830
1561000819.989592075 287.904873 -0.209817 19.328393 -0.088306716 -0.037064452 0.613758391 -0.783663696
1561000820.088890076 288.099068 -0.974094 19.348154 -0.087715377 -0.037306957 0.613590442 -0.783850096
1561000820.190764427 288.282365 -1.775904 19.371648 -0.087398438 -0.037807008 0.613459013 -0.783964402
1561000820.288868427 288.461921 -2.553844 19.393750 -0.086606093 -0.038379953 0.613570829 -0.783936988
1561000820.390554190 288.649414 -3.350990 19.416349 -0.085614808 -0.039508472 0.613910625 -0.783723759
1561000820.488959789 288.842227 -4.133192 19.433658 -0.085026423 -0.040545475 0.613854914 -0.783778487
1561000820.590596437 289.039276 -4.927623 19.451166 -0.084888970 -0.040902840 0.613971945 -0.783683145
1561000820.691211224 289.235119 -5.717324 19.469222 -0.084453429 -0.040641087 0.613927733 -0.783778450
1561000820.788920641 289.422612 -6.505629 19.486962 -0.082126847 -0.038209081 0.614278754 -0.783872987
1561000820.890393972 289.592598 -7.290160 19.507064 -0.077359302 -0.029274760 0.614737420 -0.784382835
1561000820.989035606 289.774749 -8.071628 19.546994 -0.074811923 -0.021669424 0.615113073 -0.784582386
1561000821.091555595 289.959074 -8.884687 19.625185 -0.074234156 -0.023947025 0.615365025 -0.784373454
1561000821.190177917 290.150359 -9.704635 19.654609 -0.081176255 -0.040466958 0.614961630 -0.783323072
1561000821.289836407 290.351042 -10.560086 19.658723 -0.092499932 -0.055832382 0.612889038 -0.782747427
1561000821.390783310 290.546571 -11.384486 19.665482 -0.096406751 -0.062144900 0.612219034 -0.782324488
1561000821.489368677 290.734245 -12.134354 19.681363 -0.088801141 -0.054158262 0.613379364 -0.782909315
1561000821.589391470 290.934950 -12.895027 19.686326 -0.075882672 -0.038827587 0.615195430 -0.783753036
1561000821.690743685 291.126803 -13.714561 19.692076 -0.070242659 -0.030610918 0.615797654 -0.784169746
1561000821.789344549 291.316542 -14.543666 19.735078 -0.075287649 -0.034932212 0.615560996 -0.783706686
1561000821.890552044 291.504612 -15.370098 19.774925 -0.081265252 -0.042606083 0.614918003 -0.783234659
1561000821.989505291 291.697900 -16.179136 19.805798 -0.085512262 -0.045951879 0.614638850 -0.782812342
1561000822.089264631 291.892855 -16.985790 19.819442 -0.085881270 -0.043803863 0.614682583 -0.782860748
1561000822.190466404 292.072435 -17.781116 19.831901 -0.085870110 -0.039090693 0.614860832 -0.782971519
1561000822.291322947 292.251049 -18.574861 19.851216 -0.087307511 -0.034884713 0.614026264 -0.783665874
1561000822.392235756 292.422466 -19.391956 19.880090 -0.090114632 -0.033366974 0.613568658 -0.783772607
1561000822.490828037 292.591952 -20.169450 19.915002 -0.093336676 -0.034574399 0.612920995 -0.783849941
1561000822.592011213 292.777943 -20.944180 19.950274 -0.095208521 -0.035801414 0.612636148 -0.783792413
1561000822.691948175 292.957224 -21.720045 19.978769 -0.096215695 -0.036313065 0.612573104 -0.783695154
1561000822.790089846 293.131436 -22.466435 20.000794 -0.096462082 -0.035947202 0.611877362 -0.784225069
1561000822.891498089 293.314532 -23.224035 20.024151 -0.096575926 -0.035575357 0.611855740 -0.784244884
1561000822.990649939 293.479688 -23.957129 20.052277 -0.096079278 -0.035978519 0.611673873 -0.784429342
1561000823.090407848 293.643414 -24.657025 20.075795 -0.093977617 -0.036246933 0.612070272 -0.784362384
1561000823.191536665 293.809997 -25.342336 20.097775 -0.091041600 -0.031507982 0.612368383 -0.784680596
1561000823.290152550 293.961088 -26.012669 20.128763 -0.090312486 -0.029293737 0.612335535 -0.784876248
1561000823.391601086 294.127401 -26.692928 20.149270 -0.092801198 -0.032238647 0.612125586 -0.784634229
1561000823.490804195 294.286399 -27.369954 20.159671 -0.096955127 -0.038462594 0.611672146 -0.784205023
1561000823.592012167 294.447691 -28.057139 20.166484 -0.102371203 -0.044166827 0.610575925 -0.784070448
1561000823.693023682 294.602882 -28.721187 20.179888 -0.104621568 -0.045773155 0.609631151 -0.784416347
1561000823.792122602 294.750658 -29.343662 20.193430 -0.102564433 -0.040903470 0.609972270 -0.784691833
1561000823.892756462 294.902679 -29.977815 20.197853 -0.099201718 -0.035134015 0.609906939 -0.785454102
1561000823.991877556 295.060170 -30.632532 20.202468 -0.098766323 -0.031571648 0.610229778 -0.785409487
1561000824.093096018 295.212125 -31.282434 20.212572 -0.100534316 -0.031283970 0.610169246 -0.785243692
1561000824.193464279 295.375835 -31.927151 20.228696 -0.103386438 -0.032143130 0.610642014 -0.784470773
1561000824.292559862 295.523557 -32.582371 20.248271 -0.105500820 -0.032270809 0.610781017 -0.784075711
1561000824.393345356 295.667741 -33.233544 20.262486 -0.106227049 -0.030777431 0.611381808 -0.783569300
1561000824.491913557 295.805966 -33.867599 20.278246 -0.106417879 -0.028476273 0.612013651 -0.783137043
1561000824.591590405 295.951821 -34.520397 20.294599 -0.106335684 -0.026222450 0.612509164 -0.782839466
1561000824.693046331 296.099474 -35.184644 20.309807 -0.106541164 -0.024828325 0.613546563 -0.782044212
1561000824.791760206 296.240831 -35.827628 20.325923 -0.107430898 -0.024505527 0.615095580 -0.780714742
1561000824.894789696 296.381655 -36.496885 20.344553 -0.108324029 -0.024621264 0.616838423 -0.779211176
1561000824.993704319 296.512690 -37.135728 20.366088 -0.107616471 -0.022916382 0.619307734 -0.777400454
1561000825.093672514 296.637215 -37.779085 20.391677 -0.105459115 -0.021596222 0.622805376 -0.774935767
1561000825.195180178 296.759995 -38.438654 20.404389 -0.105089138 -0.019793083 0.626317241 -0.772198951
1561000825.294594526 296.876055 -39.091116 20.413020 -0.106436227 -0.018313314 0.629439843 -0.769507269
1561000825.394502163 296.978372 -39.750740 20.425961 -0.110306431 -0.018882009 0.632461577 -0.766464816
1561000825.493384838 297.073026 -40.413085 20.454042 -0.113042674 -0.021376796 0.635885250 -0.763160753
1561000825.595749617 297.174076 -41.067749 20.479352 -0.113577427 -0.023700351 0.640456997 -0.759179357
1561000825.686508179 297.255211 -41.694530 20.490102 -0.111922991 -0.024547955 0.645767120 -0.754887719
1561000825.785567760 297.334660 -42.361284 20.493286 -0.110627150 -0.023250263 0.652530962 -0.749282592
1561000825.888186216 297.404139 -43.041514 20.498084 -0.110690469 -0.020838640 0.660271777 -0.742532526
1561000825.986328125 297.445634 -43.681985 20.503977 -0.111186898 -0.019168877 0.668064007 -0.735500177
1561000826.085518599 297.480600 -44.329687 20.518195 -0.111525574 -0.018335616 0.676678726 -0.727551890
1561000826.186709404 297.488437 -44.990107 20.531250 -0.111837491 -0.018339164 0.685710188 -0.718997628
1561000826.285252333 297.488393 -45.641957 20.542560 -0.112596372 -0.019369371 0.694846451 -0.710024855
1561000826.386532545 297.460517 -46.293107 20.539742 -0.113818216 -0.019160574 0.704182195 -0.700575279
1561000826.485412836 297.424778 -46.953957 20.535509 -0.113919367 -0.017195849 0.713602214 -0.691012707
1561000826.586493731 297.357294 -47.599576 20.546318 -0.113086438 -0.014182273 0.723290595 -0.681073444
1561000826.686601877 297.282007 -48.230868 20.582818 -0.110434205 -0.013062216 0.733729512 -0.670279545
1561000826.785202026 297.194660 -48.862067 20.596957 -0.106009347 -0.013301877 0.744159612 -0.659402419
1561000826.886615515 297.070173 -49.511091 20.576662 -0.104152698 -0.013607801 0.753753439 -0.648708561
1561000826.986154795 296.932883 -50.142429 20.561740 -0.107156259 -0.011399424 0.762911709 -0.637458480
1561000827.087714434 296.778997 -50.777284 20.566392 -0.111073574 -0.009721364 0.772231726 -0.625480869
1561000827.187766790 296.589456 -51.397144 20.584265 -0.113808137 -0.008725920 0.781624389 -0.613216830
1561000827.285459280 296.387624 -52.007076 20.591755 -0.114798963 -0.008826801 0.790876503 -0.601047122
1561000827.387251377 296.174227 -52.639480 20.588193 -0.115785764 -0.008328152 0.799853079 -0.588862760
1561000827.486197948 295.943556 -53.257633 20.566835 -0.118306682 -0.006407869 0.807931789 -0.577242316
1561000827.586244583 295.680544 -53.872935 20.551081 -0.121640365 -0.003968054 0.815214466 -0.566227208
1561000827.687388420 295.398876 -54.478763 20.534205 -0.124638704 -0.000505823 0.822458738 -0.555001407
1561000827.785573483 295.106646 -55.077957 20.553643 -0.125786486 0.000472145 0.829601817 -0.544002171
1561000827.887412071 294.807065 -55.678018 20.567676 -0.122737712 0.000464573 0.836907436 -0.533405269
1561000827.985741377 294.505915 -56.270057 20.558642 -0.118548809 0.000456560 0.843966675 -0.523131171
1561000828.087577820 294.165995 -56.877846 20.519585 -0.117182776 0.002801133 0.850392080 -0.512926564
1561000828.187642336 293.821731 -57.459675 20.505603 -0.119087272 0.004414822 0.856157401 -0.502785477
1561000828.286399364 293.460091 -58.039081 20.506115 -0.122560155 0.003764141 0.861738412 -0.492312654
1561000828.386983395 293.074308 -58.608817 20.509030 -0.124775145 0.001430251 0.867189705 -0.482090378
1561000828.487590551 292.679417 -59.180824 20.492597 -0.124877523 0.000982314 0.872791212 -0.471847581
1561000828.588442564 292.280231 -59.749491 20.466301 -0.124227064 0.002696775 0.878253562 -0.461769471
1561000828.688324928 291.847728 -60.303155 20.436659 -0.123658789 0.006199041 0.883206218 -0.452345944
1561000828.788495302 291.406355 -60.845650 20.418952 -0.123337747 0.008832888 0.887809831 -0.443287135
1561000828.888773203 290.948806 -61.391529 20.408765 -0.123681986 0.010067590 0.892066875 -0.434532048
1561000828.987618923 290.483457 -61.932866 20.399633 -0.124527128 0.010093710 0.896187584 -0.425721653
1561000829.087201834 290.001039 -62.482209 20.386519 -0.125101001 0.009079401 0.900112087 -0.417211618
1561000829.188781023 289.511318 -63.014665 20.362765 -0.125404362 0.008553837 0.903833009 -0.409006686
1561000829.287126064 289.011876 -63.533842 20.343037 -0.125480100 0.008787646 0.907325089 -0.401171666
1561000829.388790607 288.499608 -64.065156 20.320857 -0.125099318 0.009373046 0.910914177 -0.393061915
1561000829.487273932 287.981776 -64.580735 20.308437 -0.124779862 0.009054573 0.914639154 -0.384425829
1561000829.588912249 287.442018 -65.094851 20.290056 -0.124049666 0.007101661 0.918275637 -0.375940290
1561000829.688636065 286.893717 -65.609576 20.257651 -0.124348293 0.006199280 0.921706616 -0.367363559
1561000829.788132906 286.323346 -66.107791 20.218996 -0.126178171 0.006041186 0.924870676 -0.358687616
1561000829.888679981 285.735713 -66.597494 20.172251 -0.129325631 0.006889186 0.927822372 -0.349818619
1561000829.988819361 285.151977 -67.069080 20.151316 -0.133320224 0.007130551 0.930729404 -0.340466811
1561000830.090179920 284.560164 -67.540627 20.127295 -0.134704733 0.007167853 0.933761011 -0.331502083
1561000830.190334082 283.975635 -67.987884 20.107187 -0.133499000 0.007930038 0.937165437 -0.322236055
1561000830.288638115 283.379218 -68.424224 20.070207 -0.131080643 0.009144839 0.940463578 -0.313468491
1561000830.390127182 282.760001 -68.861162 20.026991 -0.130016905 0.010085334 0.943544511 -0.304495726
1561000830.488903999 282.132793 -69.267990 19.983339 -0.131406005 0.011104478 0.946077481 -0.295882665
1561000830.590136528 281.492281 -69.661425 19.944324 -0.133973405 0.011907004 0.948133476 -0.288014343
1561000830.690100670 280.865248 -70.044473 19.917619 -0.135727019 0.012327894 0.950015134 -0.280886889
1561000830.788655758 280.249718 -70.417116 19.889865 -0.135972565 0.012075216 0.951770621 -0.274769604
1561000830.890167236 279.640939 -70.791689 19.858517 -0.135486772 0.011612493 0.953240728 -0.269889977
1561000830.989118338 279.044925 -71.146612 19.823639 -0.134580373 0.011459684 0.954380271 -0.266298886
1561000831.089901924 278.448063 -71.503082 19.788212 -0.132966144 0.011008512 0.955553640 -0.262899330
1561000831.190384865 277.855032 -71.848460 19.764157 -0.131214243 0.009459510 0.956536947 -0.260250667
1561000831.288642406 277.263973 -72.186195 19.733586 -0.129134720 0.006657944 0.957543831 -0.257662003
1561000831.390307188 276.667681 -72.534959 19.694786 -0.126705900 0.006189825 0.958443555 -0.255525445
1561000831.488785028 276.091499 -72.862784 19.657965 -0.121171729 0.009394027 0.959621901 -0.253682816
1561000831.590497255 275.488182 -73.190677 19.631783 -0.117617600 0.012629962 0.960429779 -0.252153174
1561000831.692173958 274.885877 -73.511397 19.623065 -0.120492019 0.011827153 0.960595938 -0.250194396
1561000831.789857149 274.277921 -73.841856 19.608969 -0.130506001 0.005590479 0.959673080 -0.248926716
1561000831.891499758 273.656677 -74.188808 19.567533 -0.142158688 -0.000361154 0.958373029 -0.247612428
1561000831.991911650 273.053289 -74.532383 19.510726 -0.145550256 -0.002010867 0.958170494 -0.246415065
1561000832.091650486 272.469889 -74.867491 19.457127 -0.138312339 0.000457382 0.959523542 -0.245324397
1561000832.193967581 271.874280 -75.193011 19.402863 -0.126026318 0.004553977 0.961270229 -0.245063615
1561000832.292498350 271.284302 -75.511624 19.368471 -0.119210499 0.006441786 0.962265990 -0.244523056
1561000832.392775536 270.668824 -75.828811 19.355572 -0.121027995 0.005693209 0.962221231 -0.243823940
1561000832.491383791 270.040528 -76.164179 19.340146 -0.127578437 0.003348150 0.961486770 -0.243424987
1561000832.592447758 269.405746 -76.506488 19.306777 -0.130982245 0.002183848 0.961063295 -0.243302746
1561000832.692503452 268.779991 -76.846144 19.254938 -0.130004157 0.003251833 0.961017566 -0.243995047
1561000832.792610884 268.145122 -77.187069 19.208609 -0.127221739 0.005614615 0.961142540 -0.244924730
1561000832.892368793 267.509778 -77.536776 19.181571 -0.125058846 0.006817263 0.961331042 -0.245268092
1561000832.991276503 266.867640 -77.885410 19.156437 -0.123897656 0.006821803 0.961359521 -0.245745205
1561000833.092592001 266.218634 -78.239660 19.126207 -0.124031299 0.006433472 0.961194513 -0.246333018
1561000833.193443060 265.565051 -78.597427 19.092021 -0.125256577 0.006174763 0.960876271 -0.246960429
1561000833.292400122 264.909791 -78.951033 19.060954 -0.126439909 0.006085245 0.960664955 -0.247181643
1561000833.392920256 264.242217 -79.320452 19.029638 -0.126957827 0.005801882 0.960497182 -0.247574659
1561000833.491556406 263.582444 -79.687864 18.999227 -0.126720063 0.005519863 0.960410122 -0.248040228
1561000833.591448069 262.916394 -80.059078 18.962321 -0.126355668 0.005389861 0.960351138 -0.248457012
1561000833.693367958 262.224737 -80.439201 18.921982 -0.125915171 0.005080639 0.960340575 -0.248727836
1561000833.792688608 261.550151 -80.815725 18.890406 -0.125955868 0.005064198 0.960260906 -0.249014992
1561000833.891629457 260.866580 -81.198957 18.857198 -0.125274840 0.004848436 0.960289305 -0.249253199
1561000833.991494656 260.166474 -81.587020 18.824298 -0.124495208 0.004654023 0.960362969 -0.249363694
1561000834.092988253 259.459241 -81.983505 18.789239 -0.123737714 0.005054195 0.960335769 -0.249837234
1561000834.193300486 258.743272 -82.378074 18.755297 -0.123417793 0.005396475 0.960311360 -0.250082021
1561000834.291816473 258.037500 -82.774926 18.724502 -0.123780047 0.005364164 0.960201401 -0.250325778
1561000834.393325567 257.313101 -83.175401 18.690467 -0.124077014 0.005218030 0.960099702 -0.250571806
1561000834.492221117 256.587837 -83.581118 18.657160 -0.124830619 0.004445123 0.959960387 -0.250746113
1561000834.593198061 255.844842 -83.998066 18.620645 -0.124994551 0.003985277 0.959820404 -0.251207626
1561000834.693250418 255.114667 -84.408871 18.582412 -0.125426898 0.003552204 0.959740320 -0.251304585
1561000834.791532040 254.385225 -84.819003 18.542890 -0.125944849 0.003940339 0.959617409 -0.251509038
1561000834.892814159 253.629597 -85.239761 18.502182 -0.126111215 0.004350847 0.959534803 -0.251733971
1561000834.991868973 252.873846 -85.656451 18.464547 -0.127528226 0.004884744 0.959303508 -0.251891783
1561000835.092648506 252.112509 -86.088527 18.424235 -0.128221319 0.005458940 0.959157304 -0.252084827
1561000835.192899466 251.342271 -86.521066 18.385287 -0.128454233 0.005914913 0.959064445 -0.252309163
1561000835.292479515 250.567441 -86.958904 18.342223 -0.127184632 0.006296046 0.959197336 -0.252437912
1561000835.392987490 249.784654 -87.394733 18.299944 -0.126783126 0.006573469 0.959075954 -0.253093151
1561000835.491538763 249.007510 -87.833333 18.259545 -0.125829025 0.006267923 0.959197892 -0.253114941
1561000835.591408014 248.214157 -88.282700 18.221672 -0.125948704 0.005533015 0.959129761 -0.253330637
1561000835.692740917 247.414365 -88.738044 18.186626 -0.126235634 0.004868347 0.959046336 -0.253517237
1561000835.792996168 246.621156 -89.193179 18.149660 -0.126004760 0.004424879 0.959033704 -0.253687949
1561000835.892753601 245.817336 -89.647665 18.109043 -0.126362063 0.004961069 0.958955699 -0.253795160
1561000835.993056536 245.000265 -90.112760 18.064840 -0.126829552 0.005686001 0.958824045 -0.254044060
1561000836.092686176 244.177722 -90.575357 18.024681 -0.127336117 0.006000529 0.958713302 -0.254201323
1561000836.192760706 243.345455 -91.044577 17.980427 -0.127010332 0.005623104 0.958715148 -0.254365920
1561000836.291316032 242.509727 -91.515142 17.934728 -0.126571245 0.005815886 0.958663206 -0.254775888
1561000836.392768860 241.669246 -91.996875 17.894724 -0.126252626 0.005960490 0.958597228 -0.255178567
1561000836.491778135 240.838459 -92.473768 17.853673 -0.125936860 0.005673943 0.958612354 -0.255284291
1561000836.593041658 239.988706 -92.967409 17.813007 -0.126306167 0.005418013 0.958487840 -0.255574761
1561000836.693138599 239.140686 -93.451814 17.767041 -0.126594682 0.005121533 0.958339813 -0.255992888
1561000836.791980505 238.293438 -93.937995 17.724634 -0.127408581 0.006350013 0.958166880 -0.256208823
1561000836.893064737 237.430236 -94.430594 17.676483 -0.127936591 0.007741628 0.957909815 -0.256867831
1561000836.991664410 236.576164 -94.915416 17.633154 -0.127959705 0.008878243 0.957620810 -0.257895083
1561000837.092963457 235.704624 -95.416263 17.590939 -0.128524343 0.008943816 0.957138996 -0.259396307
1561000837.193096161 234.845107 -95.924446 17.551327 -0.129045721 0.008420839 0.956601329 -0.261132512
1561000837.293230772 233.993595 -96.434680 17.506945 -0.127711001 0.008243485 0.956428655 -0.262423650
1561000837.394561291 233.137973 -96.951666 17.465437 -0.124902924 0.008063700 0.956394097 -0.263902572
1561000837.493377924 232.295414 -97.464242 17.428938 -0.123774480 0.009034832 0.956057014 -0.265618592
1561000837.594395638 231.422432 -97.983428 17.391201 -0.124339782 0.010339634 0.955379457 -0.267736443
1561000837.694365978 230.560507 -98.502047 17.355617 -0.126001986 0.011732858 0.954530574 -0.269920770
1561000837.794381142 229.706652 -99.024275 17.319967 -0.127052930 0.012470179 0.953739144 -0.272183199
1561000837.894370556 228.851052 -99.553183 17.290238 -0.126460429 0.012622838 0.953067239 -0.274793125
1561000837.993215799 228.009359 -100.084466 17.261544 -0.124719647 0.012800860 0.952481538 -0.277596951
1561000838.086469650 227.182616 -100.614370 17.234497 -0.123341571 0.013221468 0.951976961 -0.279914123
1561000838.186661005 226.328479 -101.170984 17.209160 -0.122358262 0.012442797 0.951308763 -0.282639822
1561000838.285469532 225.495914 -101.716729 17.185945 -0.123290273 0.011467593 0.950418385 -0.285259349
1561000838.386559248 224.663473 -102.274798 17.155641 -0.123991667 0.009596471 0.949568453 -0.287843233
1561000838.485285759 223.842894 -102.827668 17.127698 -0.125378099 0.008923120 0.948701863 -0.290112884
1561000838.586182117 223.018702 -103.387766 17.102269 -0.125279955 0.007558915 0.947938543 -0.292677835
1561000838.686518908 222.212088 -103.946071 17.070394 -0.123655457 0.006194908 0.947546849 -0.294662384
1561000838.785186768 221.412654 -104.502348 17.038894 -0.121853573 0.005577818 0.947163538 -0.296651019
1561000838.886443853 220.594653 -105.074016 17.009492 -0.121657688 0.005829781 0.946639987 -0.298392620
1561000838.985164881 219.788606 -105.641648 16.981297 -0.121979345 0.005334915 0.946015695 -0.300244704
1561000839.085342646 218.977282 -106.227410 16.951293 -0.122422032 0.005606481 0.945225111 -0.302540747
1561000839.187211990 218.156341 -106.814390 16.919141 -0.122816466 0.005590811 0.944311993 -0.305220769
1561000839.285322666 217.365154 -107.391421 16.891327 -0.122614502 0.005626350 0.943561971 -0.307611500
1561000839.387268066 216.550852 -107.991151 16.864526 -0.121985433 0.004838826 0.942835462 -0.310092617
1561000839.485879421 215.764810 -108.576483 16.837440 -0.121202277 0.004364466 0.942068654 -0.312726094
1561000839.587642431 214.970133 -109.179940 16.806756 -0.120065504 0.004514905 0.941251474 -0.315609810
1561000839.687445164 214.182134 -109.783039 16.782452 -0.120227018 0.004852300 0.940372006 -0.318154695
1561000839.786344767 213.396132 -110.384836 16.760592 -0.120895935 0.004528394 0.939348141 -0.320918583
1561000839.887463808 212.601233 -111.014126 16.729927 -0.121691757 0.003547343 0.938341338 -0.323564625
1561000839.985878944 211.822081 -111.630584 16.707854 -0.122510736 0.003094474 0.937388540 -0.326012682
1561000840.085933208 211.040099 -112.249882 16.680035 -0.120353730 0.002513271 0.936802308 -0.328496726
1561000840.187575340 210.252815 -112.883701 16.648553 -0.118250984 0.002767840 0.936263468 -0.330786581
1561000840.287132025 209.477837 -113.511672 16.627274 -0.118288633 0.002957116 0.935301497 -0.333481881
1561000840.387670755 208.698899 -114.150301 16.609014 -0.119634838 0.002437629 0.934230560 -0.335998250
1561000840.485368013 207.931536 -114.783616 16.584324 -0.120555606 0.002085209 0.933328165 -0.338172344
1561000840.587256193 207.161204 -115.435837 16.554661 -0.120226584 0.001901768 0.932410343 -0.340812125
1561000840.687569618 206.396617 -116.090464 16.527868 -0.119082449 0.002834795 0.931677551 -0.343202964
1561000840.785385132 205.638797 -116.735399 16.508065 -0.117436754 0.003295071 0.931046068 -0.345472099
1561000840.887180090 204.859023 -117.402247 16.489627 -0.116106467 0.003347308 0.930262273 -0.348023256
1561000840.985626459 204.109349 -118.067713 16.478865 -0.116695914 0.002787991 0.929324571 -0.350328607
1561000841.087421656 203.343870 -118.745282 16.465050 -0.117673540 0.001673076 0.928297266 -0.352724150
1561000841.187939882 202.584183 -119.424907 16.444392 -0.117956998 0.000819147 0.927305940 -0.355231149
1561000841.285546064 201.835139 -120.099826 16.424732 -0.118654436 0.000698049 0.926236802 -0.357779296
1561000841.388639450 201.066340 -120.802283 16.408306 -0.117178578 0.000462887 0.925449459 -0.360294693
1561000841.487005711 200.327683 -121.483047 16.389348 -0.115500202 -0.000408274 0.924552966 -0.363127180
1561000841.588546753 199.581514 -122.182449 16.369440 -0.114782070 -0.000797632 0.923546210 -0.365905505
1561000841.688662291 198.835483 -122.890134 16.355390 -0.115841869 -0.001648822 0.922516347 -0.368159656
1561000841.788681030 198.100725 -123.599140 16.339199 -0.116597431 -0.002234742 0.921557363 -0.370313478
1561000841.888758421 197.354891 -124.311925 16.315618 -0.116921694 -0.002083032 0.920527134 -0.372766380
1561000841.987066507 196.617873 -125.022878 16.291706 -0.117722435 -0.000299654 0.919507310 -0.375030192
1561000842.090217590 195.870981 -125.750604 16.275221 -0.117641809 0.000537449 0.918827803 -0.376716849
1561000842.190325975 195.147171 -126.461286 16.260892 -0.116760108 0.001327876 0.918194657 -0.378528581
1561000842.288832426 194.427704 -127.170119 16.248905 -0.115810036 0.002316477 0.917679094 -0.380062823
1561000842.390503407 193.693905 -127.896140 16.234333 -0.115112676 0.003576370 0.917209475 -0.381396200
1561000842.489136219 192.979483 -128.606447 16.225691 -0.115853283 0.004000628 0.916459325 -0.382967775
1561000842.590653419 192.243795 -129.338742 16.213828 -0.116363434 0.004335987 0.915845492 -0.384275664
1561000842.691926718 191.526704 -130.066083 16.204910 -0.116945101 0.004501441 0.914987659 -0.386136200
1561000842.791890860 190.822712 -130.783795 16.190801 -0.116335960 0.004777721 0.914037681 -0.388559178
1561000842.893207073 190.118547 -131.513446 16.187921 -0.115247546 0.004318373 0.913199230 -0.390853579
1561000842.991773367 189.428783 -132.236956 16.181615 -0.113822663 0.003790399 0.912375276 -0.393193832
1561000843.093192816 188.724652 -132.984310 16.178703 -0.113388844 0.003437469 0.911480353 -0.395391857
1561000843.192864656 188.043076 -133.721885 16.177198 -0.113193847 0.002840694 0.910427400 -0.397870622
1561000843.292390108 187.354017 -134.471115 16.176142 -0.112911031 0.001586596 0.909595908 -0.399854805
1561000843.393048286 186.668036 -135.218815 16.174579 -0.113167665 0.000471821 0.908572465 -0.402105624
1561000843.491571903 185.992593 -135.963557 16.171271 -0.113261458 -0.001409486 0.907502685 -0.404485763
1561000843.593184471 185.308197 -136.732207 16.166374 -0.113103353 -0.003406362 0.906705324 -0.406302206
1561000843.692949533 184.646567 -137.483432 16.156830 -0.112947568 -0.005627126 0.905858302 -0.408205731
1561000843.793305635 183.982729 -138.236794 16.142702 -0.112638308 -0.007197145 0.905167449 -0.409795926
1561000843.894703150 183.325903 -138.995936 16.129334 -0.112029224 -0.008249663 0.904484391 -0.411447909
1561000843.993549585 182.664685 -139.756931 16.113216 -0.110870669 -0.008894085 0.903969469 -0.412877451
1561000844.094722509 182.011554 -140.518550 16.105297 -0.110900706 -0.008754420 0.903276932 -0.414385302
1561000844.193531752 181.355645 -141.273758 16.102809 -0.111322886 -0.008561514 0.902510751 -0.415942616
1561000844.294256687 180.698209 -142.049128 16.094464 -0.111160791 -0.008800901 0.901841976 -0.417428884
1561000844.386662722 180.065294 -142.792821 16.086259 -0.111723145 -0.009075583 0.900988812 -0.419111839
1561000844.485429287 179.410473 -143.571487 16.072003 -0.110611980 -0.008852821 0.900181604 -0.421140947
1561000844.586642742 178.758132 -144.357150 16.065951 -0.110004328 -0.008550267 0.899471527 -0.422820190
1561000844.686491489 178.129154 -145.118934 16.063276 -0.108940603 -0.008078729 0.898596490 -0.424960030
1561000844.786851406 177.503971 -145.882248 16.063253 -0.108348640 -0.008096317 0.897785812 -0.426820405
1561000844.886647463 176.878458 -146.647228 16.061172 -0.108172158 -0.008626267 0.896891720 -0.428730236
1561000844.986431360 176.252747 -147.425093 16.061214 -0.108720496 -0.009191654 0.895927033 -0.430592752
1561000845.086161613 175.640417 -148.192893 16.059680 -0.109298469 -0.010419025 0.894954987 -0.432435960
1561000845.186197519 175.027786 -148.976333 16.048624 -0.110322919 -0.011100546 0.893835072 -0.434470362
1561000845.286257982 174.419412 -149.751858 16.034392 -0.111107989 -0.010419952 0.892662068 -0.436693109
1561000845.386321068 173.824121 -150.522617 16.036518 -0.112252846 -0.010571545 0.890967634 -0.439845674
1561000845.485473633 173.238831 -151.305137 16.030565 -0.111345188 -0.012294902 0.889649588 -0.442690292
1561000845.586239100 172.658054 -152.095371 16.023806 -0.110696879 -0.012623899 0.888037799 -0.446066930
1561000845.686750650 172.081289 -152.877034 16.014314 -0.109764243 -0.012352395 0.886466521 -0.449417776
1561000845.786469936 171.511421 -153.663435 15.993580 -0.109797164 -0.011570412 0.884794596 -0.452713188
1561000845.886382103 170.936744 -154.452796 15.982756 -0.111390885 -0.009749622 0.882626504 -0.456582380
1561000845.985085249 170.373546 -155.235671 15.975501 -0.113730823 -0.007333651 0.880448467 -0.460241257
1561000846.086343288 169.819250 -156.035432 15.986513 -0.115523409 -0.005132215 0.878295892 -0.463922762
1561000846.186354637 169.299885 -156.819547 15.998088 -0.114048564 -0.007089442 0.876666851 -0.467330607
1561000846.286644936 168.793746 -157.603759 16.000719 -0.111669196 -0.008522300 0.875494100 -0.470071741
1561000846.386486292 168.289146 -158.384289 15.992050 -0.110297767 -0.008130417 0.873705391 -0.473716359
1561000846.485333681 167.799625 -159.150624 15.989310 -0.110615632 -0.009309805 0.871845009 -0.477036465
1561000846.586628914 167.311136 -159.926867 15.996308 -0.111183344 -0.011833804 0.870304515 -0.479654329
1561000846.685421944 166.844488 -160.681510 15.998730 -0.110247945 -0.012845205 0.868659879 -0.482815085
1561000846.786287785 166.380652 -161.437768 16.004368 -0.108936694 -0.013084661 0.867051790 -0.485986401
1561000846.886970758 165.935093 -162.179272 16.009731 -0.106972623 -0.013706238 0.865792487 -0.488643393
1561000846.986022472 165.504598 -162.916539 16.014407 -0.105426688 -0.013927380 0.864465399 -0.491315393
1561000847.087301016 165.077095 -163.644742 16.014607 -0.105317764 -0.015011837 0.863261441 -0.493419190
1561000847.186552286 164.668258 -164.352780 16.021405 -0.106580894 -0.016525700 0.861753335 -0.495730374
1561000847.286611795 164.260302 -165.058456 16.028835 -0.107934326 -0.018625100 0.860659734 -0.497260606
1561000847.386558533 163.874502 -165.738812 16.032938 -0.109032377 -0.019931916 0.859600821 -0.498799647
1561000847.485561371 163.484723 -166.412155 16.026599 -0.109456342 -0.019864185 0.858673175 -0.500305008
1561000847.586763144 163.105233 -167.070083 16.026455 -0.109866931 -0.019490709 0.857846827 -0.501645484
1561000847.686522007 162.741856 -167.714558 16.028966 -0.109567115 -0.019264978 0.857199580 -0.502824809
1561000847.785466909 162.384457 -168.348346 16.026784 -0.109436945 -0.018895038 0.856633180 -0.503831448
1561000847.886470556 162.032968 -168.965783 16.023844 -0.109749082 -0.019114091 0.855808729 -0.505154640
1561000847.985365152 161.691583 -169.568999 16.020997 -0.110314740 -0.018583412 0.855055747 -0.506324978
1561000848.087844372 161.357223 -170.180683 16.027789 -0.109846524 -0.018664461 0.854582883 -0.507221327
1561000848.185707569 161.029555 -170.758837 16.018030 -0.107269073 -0.017826327 0.854152477 -0.508526414
1561000848.286689043 160.705978 -171.355953 16.017963 -0.105389586 -0.016502111 0.853683071 -0.509750851
1561000848.386699438 160.391407 -171.942311 16.014593 -0.104989441 -0.015005365 0.852865532 -0.511245969
1561000848.485829353 160.075589 -172.538608 16.017272 -0.105550013 -0.015576477 0.852198591 -0.512224686
1561000848.586648226 159.764930 -173.145652 16.041449 -0.105662155 -0.018805910 0.851757173 -0.512827032
1561000848.686365366 159.468199 -173.732252 16.060879 -0.100511972 -0.021891101 0.851943784 -0.513429559
1561000848.786637068 159.175665 -174.300907 16.057843 -0.091874173 -0.019888733 0.852305009 -0.514528665
1561000848.886544466 158.870009 -174.875431 16.048547 -0.087102105 -0.014491993 0.851826563 -0.516328106
1561000848.985340834 158.552692 -175.476525 16.051371 -0.087501306 -0.010846144 0.851148464 -0.517467076
1561000849.086174250 158.252840 -176.111034 16.084879 -0.094711505 -0.016534047 0.849736554 -0.518366805
1561000849.186260223 157.945344 -176.746861 16.086459 -0.107346315 -0.028098838 0.847553181 -0.518980568
1561000849.287266016 157.615802 -177.374017 16.060656 -0.120504241 -0.037061093 0.845275972 -0.519243426
1561000849.387339830 157.287592 -177.965858 16.016232 -0.128347802 -0.038720356 0.843337498 -0.520393544
1561000849.485710859 156.973243 -178.531669 15.983743 -0.126874561 -0.033226962 0.842392547 -0.522660130
1561000849.587636471 156.670079 -179.122834 15.980041 -0.117411809 -0.025623117 0.842452651 -0.525196586
1561000849.687655449 156.384920 -179.716788 15.970423 -0.106228639 -0.019235839 0.842371013 -0.527973990
1561000849.787428617 156.085705 -180.344726 15.956081 -0.100368844 -0.014828998 0.841504253 -0.530638096
1561000849.887493134 155.784458 -180.987453 15.952578 -0.101439728 -0.013318835 0.839708351 -0.533312736
1561000849.986191750 155.489913 -181.638369 15.959938 -0.106297864 -0.014809518 0.837755255 -0.535394784
1561000850.086839914 155.188407 -182.288509 15.971635 -0.109255541 -0.015566581 0.835836318 -0.537771846
1561000850.187325001 154.896522 -182.943771 15.975206 -0.109745865 -0.015239562 0.834073672 -0.540411612
1561000850.287441969 154.607525 -183.596120 15.979593 -0.108427267 -0.014453366 0.832174775 -0.543617303
1561000850.387491226 154.317866 -184.255487 15.980810 -0.106911292 -0.014100969 0.830614865 -0.546305852
1561000850.487513304 154.037380 -184.928157 15.979785 -0.105901248 -0.014649629 0.829208796 -0.548619255
1561000850.587591648 153.752999 -185.613167 15.988125 -0.106448450 -0.014995347 0.827754732 -0.550695896
1561000850.686909199 153.464468 -186.296733 15.988418 -0.104629855 -0.014958471 0.826466258 -0.552975914
1561000850.785684586 153.187928 -186.978848 16.009371 -0.102168191 -0.015297681 0.825116909 -0.555436521
1561000850.888916492 152.896893 -187.688790 16.026609 -0.098197698 -0.015944341 0.824506163 -0.557039116
1561000850.987337589 152.626490 -188.379649 16.038429 -0.094831947 -0.017544261 0.823899209 -0.558470406
1561000851.089100122 152.366150 -189.095536 16.057545 -0.094366834 -0.019482446 0.823394695 -0.559228496
1561000851.189006805 152.088664 -189.803162 16.064684 -0.094354646 -0.022041430 0.823092731 -0.559579961
1561000851.287812471 151.812531 -190.517124 16.079243 -0.095698700 -0.024894870 0.823199441 -0.559074847
1561000851.390153170 151.514754 -191.245437 16.083454 -0.095585230 -0.026181214 0.823289068 -0.558903497
1561000851.488779783 151.218971 -191.965958 16.084022 -0.095195017 -0.025613124 0.823449377 -0.558760235
1561000851.589922667 150.927897 -192.699039 16.095343 -0.094702806 -0.024999688 0.823973156 -0.558099124
1561000851.688266039 150.625158 -193.426312 16.101081 -0.094486059 -0.024158919 0.824255996 -0.557755130
1561000851.788380384 150.323084 -194.165326 16.114212 -0.094538964 -0.023481568 0.824503366 -0.557409364
1561000851.890148878 150.020719 -194.926040 16.131791 -0.094970087 -0.023621677 0.824802725 -0.556887029
1561000851.990006208 149.717146 -195.671731 16.142032 -0.094837316 -0.023623334 0.825251265 -0.556244705
1561000852.091747522 149.404088 -196.430084 16.147704 -0.094960116 -0.022995648 0.825279643 -0.556207954
1561000852.192333221 149.087274 -197.189503 16.154002 -0.096147139 -0.022633603 0.825385193 -0.555862151
1561000852.292422771 148.768080 -197.948878 16.167453 -0.098011042 -0.022708058 0.825476786 -0.555397385
1561000852.393270493 148.437615 -198.717932 16.173511 -0.099691469 -0.023514917 0.825693056 -0.554742857
1561000852.491785049 148.108706 -199.479616 16.175500 -0.100574794 -0.022859243 0.825802197 -0.554448281
1561000852.592874765 147.769076 -200.274964 16.180380 -0.100913055 -0.022346144 0.825996001 -0.554118951
1561000852.691473961 147.441922 -201.057094 16.182396 -0.100878623 -0.021225729 0.825996262 -0.554168879
1561000852.792524576 147.114140 -201.856114 16.188391 -0.100635646 -0.020519314 0.825636975 -0.554774738
1561000852.892347336 146.794545 -202.651945 16.204910 -0.101131076 -0.020482340 0.824902113 -0.555778268
1561000852.991105556 146.474168 -203.451453 16.212986 -0.101107117 -0.021860640 0.824172230 -0.556811996
1561000853.093926191 146.134845 -204.288847 16.208823 -0.101716847 -0.023929570 0.823054187 -0.558267735
1561000853.192949533 145.816281 -205.101091 16.216589 -0.101681708 -0.024698133 0.821896368 -0.559943920
1561000853.295572519 145.498839 -205.930295 16.222487 -0.100127418 -0.025843550 0.820916353 -0.561607472
1561000853.394320726 145.189414 -206.749394 16.224553 -0.098257852 -0.025144921 0.820133662 -0.563110916
1561000853.493263721 144.871113 -207.586801 16.224154 -0.098188044 -0.025405823 0.818973331 -0.564797606
1561000853.594480753 144.539316 -208.442516 16.223276 -0.099618520 -0.026099504 0.817816621 -0.566189845
1561000853.693339825 144.217656 -209.295089 16.228961 -0.101460921 -0.026525762 0.816631250 -0.567552172
1561000853.794536829 143.888611 -210.159461 16.228377 -0.102052212 -0.025671729 0.815451401 -0.569179515
1561000853.894427299 143.561153 -211.015696 16.226653 -0.102185065 -0.024242160 0.814386343 -0.570741110
1561000853.993172884 143.243869 -211.874927 16.235982 -0.101683951 -0.021808291 0.812978274 -0.572932019
1561000854.094300508 142.931695 -212.757780 16.245701 -0.100842493 -0.019665074 0.811561358 -0.575162793
1561000854.193076372 142.614917 -213.637259 16.254017 -0.100358467 -0.018426945 0.810036684 -0.577433283
1561000854.293308020 142.306889 -214.533755 16.263613 -0.101217748 -0.018249000 0.808590078 -0.579313410
1561000854.394095659 141.988971 -215.442954 16.269192 -0.102567740 -0.018550696 0.807169089 -0.581045430
1561000854.493500471 141.682665 -216.340175 16.290475 -0.103585794 -0.018247724 0.805801253 -0.582770404
1561000854.594176769 141.388167 -217.252049 16.305769 -0.102592033 -0.017790865 0.804692194 -0.584490233
1561000854.694304466 141.082618 -218.169111 16.321040 -0.101456506 -0.017300143 0.803912001 -0.585775364
1561000854.794322968 140.776783 -219.089759 16.327317 -0.100564626 -0.016833323 0.802531412 -0.587832228
1561000854.894335985 140.477630 -220.028768 16.340514 -0.101514977 -0.018019958 0.801027356 -0.589682258
1561000854.993099213 140.200525 -220.971811 16.359541 -0.102605852 -0.020076946 0.799405026 -0.591625354
1561000855.094101906 139.897258 -221.930695 16.368516 -0.102641889 -0.022256435 0.798297816 -0.593034476
1561000855.193452120 139.626431 -222.872991 16.381543 -0.101830005 -0.023919459 0.797015790 -0.594831355
1561000855.294242620 139.352891 -223.830174 16.395620 -0.099809416 -0.024957088 0.795781769 -0.596780195
1561000855.394229650 139.079425 -224.785676 16.414033 -0.096750924 -0.026518773 0.794531859 -0.598878233
1561000855.493093967 138.808418 -225.752404 16.427629 -0.093073272 -0.027296730 0.793464171 -0.600838468
1561000855.594136477 138.543196 -226.733711 16.444661 -0.090301399 -0.028291860 0.792142706 -0.602955356
1561000855.693435192 138.276270 -227.709474 16.462290 -0.089051266 -0.028931977 0.790627376 -0.605095996
1561000855.794282913 138.009021 -228.714988 16.478070 -0.088762006 -0.028960081 0.789083838 -0.607148513
1561000855.894136429 137.749481 -229.706359 16.497635 -0.089715867 -0.029650606 0.787345748 -0.609227854
1561000855.985062599 137.502224 -230.670603 16.522153 -0.091635507 -0.030348080 0.785470079 -0.611325350
1561000856.086218834 137.229325 -231.703911 16.536409 -0.092283151 -0.030694207 0.783696528 -0.613483037
1561000856.185391903 136.980264 -232.702199 16.559025 -0.092600313 -0.030769435 0.781637891 -0.616052458
1561000856.286617041 136.743627 -233.692545 16.580221 -0.092035645 -0.030619543 0.779951174 -0.618278295
1561000856.386654139 136.505920 -234.678639 16.597840 -0.092159066 -0.030806778 0.778187314 -0.620469301
1561000856.486753702 136.279285 -235.669344 16.613427 -0.093115732 -0.030277706 0.776163699 -0.622882519
1561000856.585811853 136.059925 -236.667105 16.627380 -0.095380346 -0.030036240 0.774093590 -0.625123610
1561000856.686347961 135.843327 -237.664363 16.637790 -0.097606441 -0.028608043 0.771625090 -0.627892732
1561000856.785465002 135.627404 -238.654946 16.660150 -0.099248965 -0.027579073 0.769366815 -0.630447255
1561000856.886777878 135.426217 -239.654594 16.679606 -0.098706591 -0.026416241 0.767476517 -0.632881495
1561000856.985339403 135.224597 -240.635811 16.689806 -0.098882695 -0.025928658 0.765626485 -0.635111016
1561000857.086637735 135.035095 -241.648476 16.727915 -0.098062126 -0.025999213 0.764042909 -0.637139147
1561000857.186964273 134.857419 -242.640349 16.759399 -0.094711945 -0.027000915 0.763000865 -0.638850748
1561000857.287304640 134.701367 -243.636405 16.789045 -0.091100299 -0.027081026 0.761852211 -0.640740635
1561000857.387345552 134.528473 -244.640274 16.812912 -0.088679176 -0.028491804 0.760669138 -0.642422512
1561000857.485401869 134.363238 -245.625841 16.837772 -0.088415649 -0.030203546 0.759287201 -0.644013482
1561000857.587270737 134.210564 -246.635627 16.859212 -0.087504381 -0.031448365 0.757838839 -0.645781912
1561000857.686910629 134.052383 -247.633836 16.887040 -0.086633793 -0.031455901 0.756255241 -0.647752362
1561000857.786237001 133.903133 -248.622110 16.914765 -0.085717598 -0.029326327 0.754389279 -0.650145580
1561000857.886560440 133.751910 -249.619180 16.945303 -0.085096073 -0.027747844 0.752473015 -0.652512894
1561000857.985302687 133.609124 -250.604547 16.984164 -0.085928244 -0.027183590 0.750534583 -0.654656574
1561000858.086393833 133.464611 -251.624282 17.017577 -0.087452315 -0.028781835 0.748404132 -0.656821859
1561000858.185769081 133.321569 -252.628642 17.033928 -0.091358126 -0.028975642 0.746141015 -0.658853315
1561000858.286380291 133.203520 -253.639731 17.082808 -0.093023256 -0.029270104 0.744238224 -0.660756688
1561000858.386300564 133.095077 -254.634502 17.117294 -0.090979257 -0.029611534 0.743177429 -0.662218423
1561000858.485055923 132.978557 -255.626046 17.147162 -0.087844858 -0.028737357 0.741741653 -0.664286659
1561000858.587024689 132.872512 -256.637673 17.175154 -0.087280911 -0.028586660 0.739833400 -0.666491850
1561000858.685417652 132.760904 -257.653922 17.206425 -0.089178676 -0.030412098 0.737916161 -0.668282880
1561000858.786185980 132.661533 -258.682216 17.237440 -0.091415420 -0.033539816 0.735679992 -0.670293406
1561000858.886291265 132.572423 -259.704488 17.267773 -0.091952848 -0.036685560 0.733464488 -0.672479508
1561000858.985234737 132.493529 -260.697545 17.286626 -0.088614620 -0.035740640 0.732039559 -0.674528086
1561000859.086422920 132.414388 -261.700632 17.313593 -0.083976281 -0.031702989 0.730980351 -0.676469239
1561000859.186197042 132.342558 -262.700158 17.350966 -0.080122692 -0.028176879 0.729957748 -0.678194739
1561000859.286254644 132.264054 -263.709888 17.385164 -0.079499923 -0.027003189 0.728785509 -0.679575067
1561000859.386331558 132.184959 -264.728707 17.426075 -0.082177438 -0.028976045 0.727373890 -0.680686772
1561000859.485122442 132.110635 -265.747259 17.471357 -0.084537574 -0.030410847 0.726067279 -0.681729334
1561000859.586440086 132.034386 -266.777377 17.508661 -0.084658822 -0.030250438 0.725027699 -0.682826940
1561000859.685040951 131.968334 -267.773194 17.543807 -0.084576430 -0.028871621 0.724067415 -0.683914933
1561000859.786092520 131.908804 -268.793741 17.588356 -0.084775092 -0.026634559 0.722830526 -0.685288125
1561000859.885986090 131.848742 -269.809000 17.635555 -0.084141322 -0.025259371 0.721478111 -0.686841712
1561000859.986210823 131.792364 -270.838435 17.682658 -0.083407864 -0.024761260 0.720028195 -0.688468886
1561000860.086920500 131.742622 -271.860339 17.731853 -0.083212392 -0.025435648 0.718599115 -0.689959446
1561000860.186558723 131.699173 -272.882176 17.779357 -0.083375898 -0.026035835 0.717111918 -0.691463008
1561000860.286000252 131.667455 -273.896205 17.826087 -0.084197818 -0.027766719 0.715838083 -0.692615027
1561000860.387226105 131.631445 -274.932127 17.864078 -0.085629725 -0.028020885 0.713777396 -0.694553244
1561000860.485242605 131.602408 -275.951141 17.910043 -0.084574747 -0.027657270 0.712124494 -0.696391335
1561000860.587164402 131.576988 -276.968954 17.955031 -0.081950026 -0.026498017 0.710414983 -0.698493093
1561000860.686569214 131.548863 -277.977871 18.000292 -0.079895157 -0.025002640 0.708435901 -0.700792555
1561000860.786372662 131.541584 -279.003501 18.051083 -0.080120752 -0.025730687 0.706366231 -0.702826682
1561000860.886844635 131.525659 -280.037380 18.079010 -0.082199156 -0.026337450 0.704198911 -0.704736498
1561000860.985849142 131.517449 -281.063507 18.133483 -0.087292472 -0.025624418 0.701430209 -0.706908110
1561000861.087421417 131.534517 -282.099886 18.201553 -0.087128215 -0.029590754 0.699202457 -0.708977423
1561000861.187074900 131.560628 -283.118605 18.261448 -0.084954860 -0.031675109 0.697168385 -0.711150900
1561000861.288581610 131.581741 -284.140989 18.298511 -0.081714678 -0.031618009 0.694568004 -0.714071636
1561000861.388399601 131.613444 -285.161253 18.321038 -0.079803860 -0.029260190 0.692337014 -0.716550517
1561000861.486948013 131.649931 -286.181494 18.368887 -0.079893763 -0.028903739 0.689176856 -0.719594901
1561000861.588628292 131.703064 -287.231539 18.432530 -0.078892539 -0.030266309 0.685653585 -0.723006971
1561000861.687599421 131.763815 -288.256897 18.479609 -0.077863481 -0.031277312 0.681749668 -0.726757455
1561000861.787151575 131.838115 -289.286650 18.532216 -0.077435645 -0.030705622 0.677618005 -0.730681001
1561000861.888569117 131.929001 -290.321510 18.594383 -0.077211804 -0.032880005 0.673671643 -0.734250475
1561000861.986772060 132.028282 -291.348816 18.648027 -0.077299037 -0.037051959 0.670178921 -0.737232816
1561000862.088396072 132.134388 -292.388096 18.688381 -0.077615644 -0.039569200 0.666445847 -0.740445827
1561000862.186939478 132.246866 -293.418323 18.716728 -0.077905355 -0.039135461 0.662846740 -0.743662135
1561000862.288359165 132.366352 -294.450660 18.756624 -0.078790814 -0.037268430 0.659048950 -0.747032498
1561000862.388269663 132.493779 -295.473907 18.797308 -0.078825341 -0.035713047 0.655387673 -0.750318693
1561000862.488193274 132.633164 -296.509530 18.845239 -0.079660129 -0.034643567 0.651542925 -0.753621857
1561000862.588199615 132.791819 -297.528342 18.907403 -0.077515082 -0.034944352 0.647799687 -0.757050771
1561000862.687339067 132.961334 -298.539278 18.974281 -0.073660828 -0.034069048 0.644529262 -0.760260095
1561000862.786695004 133.137911 -299.547215 19.033219 -0.067336563 -0.032679158 0.640961664 -0.763914920
1561000862.888214350 133.322507 -300.575440 19.086171 -0.064902466 -0.031152438 0.637556840 -0.767032249
1561000862.986775875 133.510218 -301.597651 19.154765 -0.066116547 -0.031180419 0.633910891 -0.769943742
1561000863.087428093 133.712785 -302.633308 19.230458 -0.067556088 -0.033495574 0.630791238 -0.772280154
1561000863.188323975 133.923450 -303.663913 19.299018 -0.068739039 -0.037618648 0.627605620 -0.774577928
1561000863.288430691 134.144882 -304.687005 19.355721 -0.070076575 -0.040271011 0.624963655 -0.776458594
1561000863.389791489 134.376366 -305.715971 19.407724 -0.071027436 -0.040708775 0.622595339 -0.778249923
1561000863.488247156 134.605788 -306.715310 19.459582 -0.068880678 -0.042165211 0.620799193 -0.779798634
1561000863.589865208 134.849185 -307.733291 19.517386 -0.066053722 -0.042770590 0.619437607 -0.781091950
1561000863.688482523 135.087494 -308.727881 19.573647 -0.062648149 -0.042472272 0.618510193 -0.782123044
1561000863.789609194 135.329372 -309.751711 19.636135 -0.060847488 -0.042947624 0.617654548 -0.782915030
1561000863.889846802 135.577823 -310.773385 19.697056 -0.060660852 -0.044720205 0.616879018 -0.783441537
1561000863.988219261 135.815242 -311.772315 19.755936 -0.061131472 -0.046018432 0.615673019 -0.784278000
1561000864.089657545 136.068254 -312.799070 19.817470 -0.060974498 -0.047624289 0.615132791 -0.784618179
1561000864.188581228 136.315467 -313.783899 19.870248 -0.061507830 -0.048024108 0.614436974 -0.785097241
1561000864.287930727 136.561367 -314.780136 19.930418 -0.060246172 -0.048702236 0.614463155 -0.785132805
1561000864.389504194 136.808440 -315.782654 19.993834 -0.059129545 -0.048961034 0.614648320 -0.785056658
1561000864.487970829 137.046410 -316.750747 20.046058 -0.058925120 -0.048591889 0.615232255 -0.784637452
1561000864.589492321 137.288241 -317.743067 20.097079 -0.059544656 -0.047191206 0.615270333 -0.784646316
1561000864.688722610 137.523219 -318.722233 20.154086 -0.059230775 -0.047508319 0.615706113 -0.784309032
1561000864.789917231 137.757552 -319.713456 20.224223 -0.060351515 -0.047847504 0.616339134 -0.783705546
1561000864.891318083 137.990393 -320.691826 20.287662 -0.060631794 -0.048472407 0.616908591 -0.783197294
1561000864.990149260 138.223962 -321.666153 20.338732 -0.060443847 -0.047757153 0.617618513 -0.782696089
1561000865.091492414 138.458870 -322.654432 20.390251 -0.059914955 -0.045619219 0.618829731 -0.781907187
1561000865.189548254 138.670016 -323.607433 20.448286 -0.060469996 -0.042634351 0.619859412 -0.781217000
1561000865.290952206 138.887653 -324.585505 20.522442 -0.060293832 -0.040017047 0.620995184 -0.780466701
1561000865.390984297 139.101608 -325.553239 20.592369 -0.059729709 -0.038599478 0.621903932 -0.779857642
1561000865.490374327 139.313127 -326.517852 20.656675 -0.059964003 -0.039001176 0.622968976 -0.778969115
1561000865.591106892 139.529515 -327.494982 20.721454 -0.062074592 -0.041445587 0.623962664 -0.777881483
1561000865.689819098 139.737190 -328.449883 20.781091 -0.063844616 -0.044235652 0.624475588 -0.777172639
1561000865.789503336 139.939026 -329.403280 20.831619 -0.064122779 -0.046055741 0.625908917 -0.775889918
1561000865.890933275 140.135403 -330.342396 20.884446 -0.064016133 -0.046329982 0.627368481 -0.774702689
1561000865.989778280 140.326437 -331.260622 20.941184 -0.063421115 -0.045427716 0.628540040 -0.773854963
1561000866.091110468 140.514127 -332.191397 20.997531 -0.061863517 -0.045308167 0.630250524 -0.772595853
1561000866.190095901 140.697274 -333.101975 21.053525 -0.059104990 -0.045561314 0.632852980 -0.770667161
1561000866.291534424 140.877519 -334.021928 21.108379 -0.056275472 -0.044261645 0.635790588 -0.768533868
1561000866.392870188 141.045241 -334.937542 21.168347 -0.053986935 -0.042916763 0.639439582 -0.765741852
1561000866.491155386 141.198837 -335.840636 21.228747 -0.052208457 -0.042627800 0.643246241 -0.762686974
1561000866.591423512 141.347420 -336.751394 21.290540 -0.052798628 -0.042704802 0.646750478 -0.759672576
1561000866.691462278 141.484190 -337.655750 21.350154 -0.055054868 -0.042986106 0.650098149 -0.756633037
1561000866.792206287 141.608228 -338.577395 21.409253 -0.057599077 -0.043148407 0.653369847 -0.753610247
1561000866.892293453 141.720163 -339.480284 21.471906 -0.060053079 -0.044470547 0.656956134 -0.750216393
1561000866.991171598 141.826894 -340.380557 21.531666 -0.061095360 -0.045956421 0.660318671 -0.747084076
1561000867.092915058 141.930192 -341.295047 21.575444 -0.062263322 -0.046208122 0.663816615 -0.743865304
1561000867.191556215 142.016977 -342.191730 21.618717 -0.064476864 -0.044936926 0.667009040 -0.740892939
1561000867.291521072 142.095405 -343.090132 21.667188 -0.065541417 -0.042245371 0.670232577 -0.738043321
1561000867.393126249 142.163237 -343.984522 21.721972 -0.064186758 -0.039758978 0.674165188 -0.734711225
1561000867.492095947 142.224044 -344.871083 21.774738 -0.062532314 -0.038043458 0.677629455 -0.731751820
1561000867.592366695 142.280719 -345.766525 21.826863 -0.063289851 -0.037636651 0.681463248 -0.728138530
1561000867.691293955 142.324409 -346.644203 21.890092 -0.065488281 -0.039677761 0.685619551 -0.723921813
1561000867.791201591 142.357291 -347.528403 21.938521 -0.067056479 -0.041133016 0.689653405 -0.719853933
1561000867.892363310 142.369586 -348.414459 21.984560 -0.067779412 -0.040298860 0.694844154 -0.714824143
1561000867.991159678 142.367410 -349.283051 22.024819 -0.067367752 -0.037257073 0.700252071 -0.709732720
1561000868.092520952 142.356033 -350.156740 22.068986 -0.067887920 -0.034332501 0.706474121 -0.703638278
1561000868.191257238 142.317543 -351.026452 22.120745 -0.069284973 -0.033886489 0.712891447 -0.697020145
1561000868.292544365 142.269264 -351.900098 22.167516 -0.072659020 -0.032889386 0.718773590 -0.690654386
1561000868.392773867 142.200816 -352.761196 22.212356 -0.075601262 -0.032998369 0.724838405 -0.683962604
1561000868.491302013 142.123035 -353.609958 22.258034 -0.078166339 -0.032580927 0.731691146 -0.676355360
1561000868.592655659 142.025552 -354.470650 22.299319 -0.078704604 -0.032196831 0.739090028 -0.668217690
1561000868.691373587 141.905328 -355.317753 22.337807 -0.079007847 -0.030607931 0.745793316 -0.660767163
1561000868.792408228 141.767849 -356.160564 22.376302 -0.078626179 -0.028057359 0.752584644 -0.653182258
1561000868.892355442 141.615404 -356.983373 22.419845 -0.077377936 -0.026259560 0.759238614 -0.645662310
1561000868.992595911 141.443673 -357.825695 22.462790 -0.076825241 -0.024307210 0.765383994 -0.638509502
1561000869.092417955 141.265078 -358.651133 22.500475 -0.077590160 -0.025653134 0.771631157 -0.630798733
1561000869.191066980 141.053125 -359.457801 22.527710 -0.083619656 -0.025223407 0.777116083 -0.623267300
1561000869.292294502 140.847249 -360.255882 22.583437 -0.086407110 -0.024832121 0.782805081 -0.615738080
1561000869.392442942 140.647931 -361.022776 22.636077 -0.082706412 -0.023975153 0.789229089 -0.608031484
1561000869.492010117 140.420996 -361.772331 22.670263 -0.078879953 -0.021755554 0.795534186 -0.600358233
1561000869.592391968 140.165724 -362.513352 22.694624 -0.081101358 -0.019558517 0.800597288 -0.593366680
1561000869.691181421 139.928085 -363.219534 22.729986 -0.087364860 -0.019959589 0.805667633 -0.585549879
1561000869.792562962 139.660552 -363.920240 22.767970 -0.091991916 -0.022130414 0.810632941 -0.577859815
1561000869.892659187 139.401070 -364.585041 22.797109 -0.093691971 -0.022723264 0.816075359 -0.569847766
1561000869.991239309 139.134946 -365.230248 22.816800 -0.092621553 -0.020117796 0.821996993 -0.561549167
1561000870.092490673 138.851584 -365.874749 22.834423 -0.091688613 -0.016303757 0.827560671 -0.553597979
1561000870.191358328 138.556894 -366.501057 22.859412 -0.090463694 -0.013958609 0.833385132 -0.545060271
1561000870.292388201 138.253204 -367.117212 22.885638 -0.090349561 -0.012432421 0.839307927 -0.535952045
1561000870.392344236 137.943653 -367.719676 22.909551 -0.089740721 -0.011201677 0.845009562 -0.527048352
1561000870.492326736 137.612867 -368.319963 22.938493 -0.089341653 -0.010625025 0.850700585 -0.517893514
1561000870.592434645 137.270887 -368.904410 22.964182 -0.089137775 -0.009588594 0.856456216 -0.508375123
1561000870.691090345 136.921647 -369.478497 22.988817 -0.089906276 -0.008614152 0.862110676 -0.498605897
1561000870.792562723 136.552340 -370.044637 23.016557 -0.090558651 -0.008689965 0.867915680 -0.488309315
1561000870.892611265 136.195338 -370.589212 23.040904 -0.091274569 -0.009093866 0.874038961 -0.477118591
1561000870.991383791 135.806863 -371.128207 23.062994 -0.092399591 -0.009773701 0.879753541 -0.466262262
1561000871.092788696 135.423782 -371.670814 23.103243 -0.090401551 -0.013627991 0.885803551 -0.454965830
1561000871.191549540 135.016344 -372.176969 23.107645 -0.085439920 -0.010606242 0.891524201 -0.444715782
1561000871.293057442 134.588134 -372.671312 23.117593 -0.081902130 -0.003070954 0.897126419 -0.434104593
1561000871.393258810 134.144886 -373.138404 23.127384 -0.082023411 0.002901086 0.902633877 -0.422511334
1561000871.491327524 133.712181 -373.606553 23.162696 -0.087740601 0.002157176 0.907715955 -0.410303154
1561000871.592415810 133.238848 -374.086338 23.202221 -0.099425441 -0.004496145 0.912322830 -0.397191920
1561000871.691081524 132.757425 -374.561294 23.202483 -0.111188186 -0.012363661 0.915654581 -0.386084207
1561000871.792042255 132.263938 -375.012777 23.192852 -0.116167880 -0.012026568 0.919752859 -0.374719981
1561000871.892248631 131.788128 -375.423687 23.193669 -0.109886366 -0.005841784 0.925593523 -0.362170526
1561000871.990837574 131.323293 -375.812621 23.194817 -0.098198702 0.000926784 0.932346140 -0.347975331
1561000872.091921568 130.810762 -376.204045 23.198636 -0.089864565 0.004712230 0.938703320 -0.332773545
1561000872.191268921 130.257246 -376.579992 23.203407 -0.090578611 0.007279233 0.943515463 -0.318623757
1561000872.292386293 129.684238 -376.955765 23.213153 -0.098165088 0.008122283 0.947442716 -0.304384533
1561000872.392513037 129.117009 -377.311566 23.231165 -0.104360177 0.007743716 0.951328336 -0.289867876
1561000872.491271257 128.541776 -377.647777 23.238471 -0.105320876 0.007753524 0.955608678 -0.275062631
1561000872.593823195 127.950952 -377.977516 23.244887 -0.103610112 0.007740156 0.959962749 -0.260147180
1561000872.692731619 127.355414 -378.277825 23.244575 -0.101934209 0.009683589 0.963983254 -0.245462688
1561000872.792932510 126.735341 -378.576811 23.237754 -0.101865396 0.012446753 0.967446025 -0.231336786
1561000872.894023895 126.090201 -378.853692 23.228774 -0.103297551 0.015093923 0.970244954 -0.218464000
1561000872.992580891 125.442631 -379.110874 23.228378 -0.105259554 0.017135032 0.972584228 -0.206656081
1561000873.093592405 124.770941 -379.362114 23.229758 -0.106263638 0.019091281 0.974644538 -0.195988743
1561000873.192583799 124.105351 -379.599848 23.231806 -0.106442224 0.020389975 0.976511694 -0.186223556
1561000873.293694973 123.418528 -379.831877 23.228737 -0.106063838 0.021851323 0.978195482 -0.177219018
1561000873.393817663 122.730448 -380.068119 23.227245 -0.106552460 0.022604839 0.979635687 -0.168669841
1561000873.492455006 122.028838 -380.291839 23.221049 -0.107749815 0.023727736 0.980775606 -0.160953976
1561000873.593667269 121.308463 -380.506384 23.210530 -0.108409930 0.026120945 0.981691395 -0.154424703
1561000873.692740202 120.584525 -380.714518 23.206889 -0.108945688 0.027505970 0.982488331 -0.148630205
1561000873.793896437 119.846545 -380.916685 23.202400 -0.109087506 0.027953047 0.983124012 -0.144172537
1561000873.893952608 119.104212 -381.122713 23.198197 -0.109594000 0.028140918 0.983558123 -0.140750354
1561000873.992596388 118.354907 -381.326653 23.192314 -0.109811627 0.027330149 0.983934828 -0.138082305
1561000874.093741179 117.594380 -381.535211 23.187277 -0.109324818 0.026914625 0.984268237 -0.136160655
1561000874.192820072 116.837322 -381.746078 23.180021 -0.109511041 0.025944621 0.984476419 -0.134686265
1561000874.293826580 116.064193 -381.952532 23.168929 -0.109655258 0.025686406 0.984575950 -0.133888501
1561000874.394186258 115.297093 -382.153357 23.156213 -0.109675108 0.025515817 0.984691729 -0.133050792
1561000874.493761063 114.519752 -382.363898 23.143700 -0.109745430 0.025679564 0.984738541 -0.132614128
1561000874.594103098 113.725212 -382.568630 23.128513 -0.109803832 0.026204074 0.984770059 -0.132228572
1561000874.692945242 112.932027 -382.773757 23.115326 -0.109517380 0.027111607 0.984825565 -0.131869293
1561000874.792963266 112.124127 -382.976165 23.103201 -0.109929001 0.028804955 0.984777656 -0.131525118
1561000874.893836021 111.315604 -383.187313 23.093456 -0.110384696 0.030100613 0.984642139 -0.131867472
1561000874.993784428 110.493209 -383.395645 23.081461 -0.110174649 0.031343822 0.984618013 -0.131933616
1561000875.093783617 109.662061 -383.600221 23.066043 -0.110053633 0.032665673 0.984583656 -0.131970362
1561000875.192910433 108.828360 -383.807913 23.058956 -0.109511425 0.033661201 0.984552359 -0.132404015
1561000875.293983698 107.989636 -384.031137 23.052279 -0.109093899 0.033227280 0.984606417 -0.132456302
1561000875.394278526 107.147000 -384.239777 23.045669 -0.108099609 0.033198310 0.984721356 -0.132424313
1561000875.493526220 106.293308 -384.455781 23.044105 -0.107148890 0.033358882 0.984819081 -0.132429902
1561000875.593987465 105.430356 -384.681159 23.036833 -0.106317315 0.033528435 0.984932902 -0.132210629
1561000875.692781210 104.567160 -384.906666 23.032148 -0.105811517 0.033519206 0.985075624 -0.131553795
1561000875.794225931 103.676925 -385.129413 23.022429 -0.105481954 0.034010623 0.985184298 -0.130876787
1561000875.893841982 102.797510 -385.351601 23.015147 -0.105712175 0.034652193 0.985169782 -0.130631778
1561000875.993114948 101.901764 -385.580099 23.013772 -0.106839972 0.037009463 0.984970573 -0.130569868
1561000876.093847752 100.989395 -385.826995 23.014102 -0.106977794 0.035244414 0.985093805 -0.130014530
1561000876.192640543 100.085197 -386.057327 23.004061 -0.108267085 0.038363841 0.984856227 -0.129864031
1561000876.293836117 99.164285 -386.309470 23.004630 -0.108463820 0.038326231 0.984808288 -0.130074348
1561000876.394009590 98.249245 -386.566325 23.007541 -0.109278171 0.035087047 0.984882331 -0.129745810
1561000876.492722273 97.324249 -386.818259 23.000965 -0.109004018 0.032890443 0.984886974 -0.130514336
1561000876.594220638 96.398970 -387.075442 22.993236 -0.107862900 0.032709194 0.984952379 -0.131013415
1561000876.692855597 95.476163 -387.323322 22.988858 -0.106021866 0.032834510 0.985187431 -0.130717197
1561000876.794193506 94.531665 -387.579329 22.987475 -0.104466026 0.032404101 0.985371106 -0.130692800
1561000876.894265652 93.586299 -387.834176 22.983539 -0.103650224 0.031951990 0.985471548 -0.130696323
1561000876.992853642 92.639425 -388.083156 22.983703 -0.104632650 0.032492288 0.985319779 -0.130924376
1561000877.094144344 91.674649 -388.343814 22.989475 -0.105996093 0.032352642 0.985164877 -0.131027863
1561000877.193130970 90.721867 -388.596089 22.992649 -0.106543272 0.031126114 0.985195857 -0.130647690
1561000877.294479609 89.749966 -388.853478 22.990968 -0.106007575 0.029759571 0.985322276 -0.130448357
1561000877.394570589 88.779271 -389.108219 22.986468 -0.105283066 0.029222846 0.985433979 -0.130312600
1561000877.492926836 87.807257 -389.358654 22.973231 -0.103954421 0.029710338 0.985560046 -0.130315658
1561000877.593836308 86.817311 -389.614997 22.965440 -0.103969117 0.030531352 0.985497115 -0.130589797
1561000877.692679882 85.835171 -389.854575 22.960622 -0.104469773 0.031479111 0.985371786 -0.130910563
1561000877.793764114 84.839165 -390.104010 22.958098 -0.104705675 0.032948370 0.985231902 -0.131412424
1561000877.893823385 83.850902 -390.347081 22.959852 -0.105529048 0.033665872 0.985023545 -0.132131920
1561000877.992426395 82.854040 -390.606395 22.962044 -0.106193013 0.033829475 0.984885446 -0.132586832
1561000878.093654156 81.830487 -390.877999 22.958919 -0.106284970 0.034012536 0.984834913 -0.132841433
1561000878.185017347 80.863760 -391.135438 22.957981 -0.106055754 0.034024721 0.984836816 -0.133007298
1561000878.285387754 79.811466 -391.415280 22.956539 -0.105665584 0.033830109 0.984862307 -0.133178619
1561000878.386007071 78.776106 -391.687710 22.955673 -0.105421331 0.033884307 0.984879458 -0.133231565
1561000878.484843969 77.754058 -391.962403 22.956151 -0.105814071 0.032995564 0.984866164 -0.133241561
1561000878.586118460 76.703573 -392.251528 22.954370 -0.105693840 0.032148540 0.984920429 -0.133142903
1561000878.685236216 75.670920 -392.526244 22.951170 -0.105502043 0.031453205 0.984991097 -0.132938157
1561000878.785998583 74.626354 -392.797693 22.946015 -0.105601892 0.031123420 0.985018282 -0.132734916
1561000878.886228323 73.572897 -393.071751 22.940457 -0.106024093 0.031601389 0.984910537 -0.133084474
1561000878.985020638 72.524315 -393.355162 22.938583 -0.106358035 0.031487751 0.984859597 -0.133221862
1561000879.086344004 71.465380 -393.637837 22.936114 -0.106618776 0.031461308 0.984887046 -0.132816148
1561000879.185192347 70.430918 -393.914222 22.934852 -0.106749855 0.030656621 0.984958431 -0.132368912
1561000879.286033392 69.371920 -394.190714 22.931750 -0.107245451 0.030190148 0.984951489 -0.132126957
1561000879.386126280 68.326021 -394.465207 22.925707 -0.107764034 0.029825423 0.984978035 -0.131588860
1561000879.486286163 67.276353 -394.747737 22.923043 -0.108844262 0.029698676 0.984903294 -0.131287532
1561000879.586157322 66.208824 -395.022074 22.916387 -0.108487312 0.029965835 0.985062917 -0.130321151
1561000879.685005665 65.174378 -395.288701 22.908960 -0.107622234 0.030278618 0.985109825 -0.130611230
1561000879.785212994 64.118992 -395.558536 22.904592 -0.106951960 0.030428477 0.985336179 -0.129414067
1561000879.886291981 63.070677 -395.826041 22.904977 -0.107048970 0.029950786 0.985389385 -0.129039637
1561000879.985234022 62.013073 -396.102594 22.907973 -0.107470879 0.029629175 0.985452881 -0.128276035
1561000880.086106062 60.954101 -396.380275 22.907683 -0.107203079 0.029067990 0.985534066 -0.128004516
1561000880.184831142 59.918279 -396.642837 22.911225 -0.106614359 0.029212430 0.985561589 -0.128251184
1561000880.285908937 58.877220 -396.903790 22.907527 -0.105788781 0.029479490 0.985627670 -0.128365840
1561000880.386026859 57.848469 -397.165743 22.906389 -0.105903035 0.030075882 0.985623105 -0.128168185
1561000880.484945297 56.834412 -397.419448 22.912172 -0.106801430 0.030864521 0.985531721 -0.127937727
1561000880.585868597 55.794858 -397.676076 22.911921 -0.108119502 0.032141098 0.985407348 -0.127473455
1561000880.684758425 54.792546 -397.930343 22.906329 -0.109081907 0.031957701 0.985221244 -0.128136425
1561000880.785991907 53.756850 -398.195827 22.908022 -0.109336016 0.032159551 0.985204464 -0.127998297
1561000880.886410475 52.748938 -398.446391 22.908535 -0.106497350 0.033646778 0.985378943 -0.128664478
1561000880.985992670 51.746437 -398.703735 22.912826 -0.105252495 0.034569419 0.985570292 -0.127976824
1561000881.084818125 50.744268 -398.944396 22.918351 -0.104402731 0.035540897 0.985603810 -0.128148527
1561000881.184985161 49.704769 -399.214757 22.918744 -0.104985641 0.037002763 0.985458524 -0.128375649
1561000881.285832882 48.677296 -399.474794 22.920403 -0.105966075 0.037278171 0.985127064 -0.130023829
1561000881.386384964 47.665120 -399.721683 22.924402 -0.106465735 0.036901298 0.984837247 -0.131905033
1561000881.485006332 46.657063 -399.987739 22.929827 -0.106769274 0.035995624 0.984833871 -0.131935153
1561000881.586257696 45.636548 -400.259134 22.931437 -0.107012688 0.034823816 0.984830901 -0.132074533
1561000881.685531139 44.642359 -400.524790 22.918927 -0.104597709 0.034240175 0.985117969 -0.132020896
1561000881.786078215 43.641416 -400.797662 22.922020 -0.105703246 0.034564663 0.985013363 -0.131836197
1561000881.886461020 42.654295 -401.052877 22.927020 -0.108519680 0.032974041 0.984814998 -0.131436717
1561000881.984720707 41.652407 -401.308744 22.928020 -0.112423408 0.033088884 0.984398462 -0.131246984
1561000882.085684776 40.649307 -401.563220 22.923111 -0.112173786 0.033182599 0.984474972 -0.130862472
1561000882.184692621 39.652753 -401.827169 22.912991 -0.109536101 0.033936702 0.984781728 -0.130595141
1561000882.285884857 38.641226 -402.092746 22.909440 -0.106975318 0.034676630 0.985030802 -0.130645063
1561000882.387290001 37.643416 -402.348169 22.909177 -0.105531557 0.035124118 0.985115719 -0.131058793
1561000882.485165119 36.669697 -402.609087 22.914194 -0.106156267 0.035002794 0.984991432 -0.131520076
1561000882.585596323 35.663362 -402.871833 22.916372 -0.107045243 0.035014936 0.984859911 -0.131780974
1561000882.685368776 34.688064 -403.121044 22.920467 -0.107648555 0.034655389 0.984746717 -0.132229708
1561000882.786082029 33.715239 -403.379725 22.914466 -0.107392179 0.034741859 0.984697964 -0.132777417
1561000882.885799170 32.752594 -403.634315 22.913614 -0.107068142 0.034873596 0.984697999 -0.133004122
1561000882.985943556 31.789155 -403.886431 22.915655 -0.107168370 0.035496312 0.984619244 -0.133341282
1561000883.086923838 30.823079 -404.132841 22.918652 -0.107783585 0.035674210 0.984531940 -0.133442526
1561000883.185138702 29.892747 -404.375382 22.923909 -0.108711494 0.035509867 0.984397566 -0.133724692
1561000883.287143946 28.947919 -404.633592 22.928716 -0.109713266 0.035097303 0.984359455 -0.133295322
1561000883.387141943 28.046685 -404.868173 22.936432 -0.110238590 0.034595440 0.984393980 -0.132736960
1561000883.487781048 27.152829 -405.096997 22.938820 -0.109747581 0.033619845 0.984536745 -0.132335076
1561000883.586731195 26.276813 -405.322644 22.936044 -0.109093189 0.032742712 0.984683304 -0.132005232
1561000883.685122967 25.400093 -405.547941 22.937749 -0.108521100 0.032108464 0.984874100 -0.131206799
1561000883.785098553 24.532247 -405.780822 22.936917 -0.108385964 0.031237662 0.984956130 -0.130912617
1561000883.886617184 23.662154 -406.010438 22.938623 -0.108620784 0.030365363 0.985099483 -0.129840203
1561000883.984773397 22.829950 -406.223059 22.942935 -0.109487718 0.029298844 0.984987097 -0.130209200
1561000884.086572647 21.997170 -406.434734 22.943326 -0.109396468 0.028516316 0.985103816 -0.129575088
1561000884.185285807 21.187726 -406.630514 22.943318 -0.109694092 0.028075844 0.985201919 -0.128670632
1561000884.286631823 20.397777 -406.834064 22.940674 -0.109294601 0.028096226 0.985269685 -0.128487119
1561000884.386806011 19.623712 -407.032888 22.946142 -0.108637361 0.027437802 0.985382011 -0.128325301
1561000884.484713554 18.893194 -407.213829 22.939005 -0.106301113 0.027740300 0.985672873 -0.127982567
1561000884.586769342 18.146744 -407.406099 22.939226 -0.103902244 0.028713192 0.985852632 -0.128352892
1561000884.685124874 17.412669 -407.598956 22.939843 -0.101882004 0.029865681 0.986055212 -0.128153099
1561000884.785817146 16.653657 -407.781520 22.944230 -0.101756479 0.031081762 0.986044781 -0.128043874
1561000884.887610435 15.903540 -407.972318 22.947870 -0.103745410 0.031491239 0.985817975 -0.128094155
1561000884.985341787 15.161132 -408.160472 22.948182 -0.105657430 0.032697989 0.985567033 -0.128159949
1561000885.086368084 14.422809 -408.344939 22.951914 -0.106843144 0.033288033 0.985441000 -0.127994085
1561000885.184229612 13.711466 -408.527413 22.966403 -0.103565515 0.034004766 0.985807547 -0.127676699
1561000885.286230803 12.960990 -408.721754 22.973974 -0.099475907 0.034435415 0.986173806 -0.127984258
1561000885.386425257 12.216887 -408.907418 22.962849 -0.101788711 0.034087089 0.985936145 -0.128089990
1561000885.486494303 11.460145 -409.098268 22.957286 -0.108988326 0.032017185 0.985156137 -0.128700543
1561000885.586682081 10.725244 -409.288192 22.965852 -0.115813971 0.029553131 0.984496083 -0.128379123
1561000885.685230255 10.027064 -409.474634 22.978952 -0.114787108 0.028090166 0.984720118 -0.127910718
1561000885.786813736 9.320513 -409.665609 22.971466 -0.105001293 0.028398500 0.985863709 -0.127440189
1561000885.888082027 8.611914 -409.846218 22.966609 -0.097527882 0.028630111 0.986584535 -0.127748126
1561000885.986366749 7.891685 -410.032522 22.969061 -0.096026137 0.028238930 0.986679124 -0.128241378
1561000886.087970495 7.139966 -410.225381 22.975399 -0.099038618 0.026334123 0.986477145 -0.127908982
1561000886.186318159 6.414702 -410.417719 22.990080 -0.102973277 0.023595670 0.986113332 -0.128141503
1561000886.286524773 5.681374 -410.607650 22.990760 -0.104612812 0.022181424 0.985951017 -0.128314991
1561000886.387984037 4.955259 -410.796769 22.995132 -0.105011483 0.021026650 0.985969724 -0.128039726
1561000886.486156940 4.238448 -410.988086 22.992575 -0.103588057 0.021397260 0.986089271 -0.128217085
1561000886.587652445 3.519030 -411.177776 22.994478 -0.102653110 0.021592231 0.986219637 -0.127933350
1561000886.686399221 2.794521 -411.357747 22.994674 -0.101745042 0.022440652 0.986292938 -0.127947659
1561000886.788049221 2.062224 -411.545030 22.995116 -0.101320885 0.023094555 0.986314401 -0.128002427
1561000886.887800455 1.336134 -411.719039 22.991518 -0.101269596 0.024625942 0.986232879 -0.128385128
1561000886.987319231 0.597908 -411.908739 22.994900 -0.102215470 0.026577321 0.986137749 -0.127976495
1561000887.087967873 -0.142006 -412.098047 23.001652 -0.103052341 0.027690261 0.986028627 -0.127910167
1561000887.186514139 -0.874449 -412.281627 23.007435 -0.103807074 0.028350684 0.985963442 -0.127657433
1561000887.289673328 -1.642153 -412.466948 23.007980 -0.104141255 0.029408471 0.985929402 -0.127408618
1561000887.390467644 -2.390639 -412.652729 23.003521 -0.104388632 0.030987739 0.985884053 -0.127182577
1561000887.489010096 -3.132271 -412.832340 23.006138 -0.104939140 0.031992213 0.985916768 -0.126223620
1561000887.589905500 -3.888166 -413.014654 23.008415 -0.105128738 0.032223134 0.985882820 -0.126272260
1561000887.688088417 -4.627563 -413.195200 23.009092 -0.104787213 0.032207431 0.985933427 -0.126164969
1561000887.789899826 -5.399997 -413.386179 23.012043 -0.104166097 0.032039549 0.986062969 -0.125708845
1561000887.889780760 -6.147199 -413.578064 23.018583 -0.104023659 0.032121128 0.986091153 -0.125584828
1561000887.989644527 -6.902247 -413.770141 23.019399 -0.103539868 0.032034978 0.986288390 -0.124452674
1561000888.089497089 -7.668832 -413.946470 23.016395 -0.103413189 0.032062879 0.986292254 -0.124520172
1561000888.187629461 -8.425516 -414.135908 23.014161 -0.103169425 0.032560336 0.986349893 -0.124136148
1561000888.289185524 -9.208047 -414.316430 23.016170 -0.101910234 0.034807595 0.986377237 -0.124349034
1561000888.390936136 -9.980271 -414.497243 23.022732 -0.100920519 0.036065521 0.986408971 -0.124545847
1561000888.490591764 -10.750635 -414.694805 23.039286 -0.101042988 0.035514510 0.986407606 -0.124615687
1561000888.590508938 -11.520770 -414.899668 23.054176 -0.102541169 0.034061677 0.986311584 -0.124557501
1561000888.689139605 -12.288622 -415.092678 23.060487 -0.103982149 0.032298600 0.986219803 -0.124559279
1561000888.791999340 -13.077128 -415.287150 23.068593 -0.103462517 0.030816802 0.986294384 -0.124776680
1561000888.893402576 -13.846705 -415.479720 23.065351 -0.102123100 0.029663907 0.986454761 -0.124891667
1561000888.992777824 -14.619932 -415.664200 23.064708 -0.101228608 0.029105235 0.986514458 -0.125279202
1561000889.093769550 -15.411950 -415.867477 23.063490 -0.101899805 0.028726407 0.986337247 -0.126214334
1561000889.192601681 -16.193956 -416.071503 23.068898 -0.103104285 0.028950268 0.986183196 -0.126388659
1561000889.285876989 -16.942701 -416.269330 23.070623 -0.104216722 0.029939850 0.985944206 -0.127108237
1561000889.385849237 -17.733530 -416.477832 23.074719 -0.104037081 0.031417341 0.985875170 -0.127433851
1561000889.484553814 -18.505583 -416.671978 23.083445 -0.103804370 0.031619932 0.985769117 -0.128390348
1561000889.585926294 -19.296042 -416.869586 23.088792 -0.104174077 0.031132288 0.985772259 -0.128185790
1561000889.684666634 -20.074174 -417.066608 23.091320 -0.104796633 0.030661888 0.985648695 -0.128740687
1561000889.784691334 -20.854561 -417.261329 23.091412 -0.104899370 0.030712597 0.985491385 -0.129844481
1561000889.884907007 -21.629690 -417.462784 23.089456 -0.104820679 0.030708909 0.985513831 -0.129738495
1561000889.985823631 -22.394259 -417.663690 23.090889 -0.104614697 0.030707474 0.985436825 -0.130487858
1561000890.085839510 -23.167326 -417.865715 23.093676 -0.104592669 0.031008247 0.985360475 -0.131009908
1561000890.184747219 -23.931757 -418.060406 23.104400 -0.105191395 0.030467918 0.985251860 -0.131473377
1561000890.286105394 -24.698054 -418.264557 23.105691 -0.105313795 0.030089687 0.985260208 -0.131399913
1561000890.386276245 -25.458893 -418.471903 23.108013 -0.104534677 0.029699496 0.985322543 -0.131643186
1561000890.485972166 -26.216341 -418.668620 23.108897 -0.103308683 0.029642747 0.985408828 -0.131977519
1561000890.586155176 -26.970018 -418.872710 23.110408 -0.102198965 0.030155068 0.985501843 -0.132030908
1561000890.684797049 -27.714090 -419.071824 23.119207 -0.101707916 0.029847961 0.985481866 -0.132627642
1561000890.785772085 -28.489333 -419.269040 23.129181 -0.101549076 0.029661602 0.985491788 -0.132717405
1561000890.886117697 -29.259695 -419.479836 23.134531 -0.101759017 0.029247533 0.985463997 -0.132854785
1561000890.984572887 -30.001946 -419.672978 23.137817 -0.101005249 0.029361945 0.985488148 -0.133225096
1561000891.085814714 -30.744635 -419.874737 23.146177 -0.093917324 0.032031999 0.986102037 -0.133252621
1561000891.184544563 -31.459371 -420.059963 23.155863 -0.084332720 0.036046458 0.986714566 -0.134100746
1561000891.285807610 -32.231375 -420.250643 23.180436 -0.080891726 0.039147170 0.986828446 -0.134512624
1561000891.386046648 -33.026918 -420.458899 23.218594 -0.088863003 0.038953309 0.986039397 -0.135322996
1561000891.485222578 -33.829415 -420.674777 23.249440 -0.105429335 0.035326511 0.984525293 -0.135449769
1561000891.585948944 -34.633971 -420.890513 23.246262 -0.121989558 0.032139707 0.982517438 -0.136912643
1561000891.684765577 -35.389112 -421.100775 23.216305 -0.129584728 0.032429683 0.981462290 -0.137433208
1561000891.785688639 -36.137250 -421.303275 23.189933 -0.124902126 0.034327569 0.981942750 -0.137874987
1561000891.885642529 -36.853962 -421.508719 23.171693 -0.111173810 0.037626711 0.983428340 -0.138178561
1561000891.984293222 -37.595260 -421.710935 23.163324 -0.096428995 0.040230942 0.984811522 -0.138669345
1561000892.085436821 -38.403162 -421.929956 23.185933 -0.090875917 0.040858911 0.985264905 -0.139015052
1561000892.184521198 -39.212865 -422.166061 23.222005 -0.095790265 0.037675879 0.984924481 -0.139027047
1561000892.286116362 -40.031392 -422.396913 23.247180 -0.102437992 0.034554216 0.984403418 -0.138788960
1561000892.386086464 -40.835597 -422.609715 23.246957 -0.107004209 0.032509263 0.983973566 -0.138885810
1561000892.486127615 -41.624887 -422.823956 23.240549 -0.105652055 0.032565550 0.984054354 -0.139334693
1561000892.585577250 -42.410098 -423.044563 23.240831 -0.101969580 0.033127933 0.984490668 -0.138862774
1561000892.684579134 -43.216851 -423.271398 23.248328 -0.099355183 0.032735764 0.984800866 -0.138651256
1561000892.784644604 -44.031271 -423.494708 23.262034 -0.099070561 0.032529243 0.984786891 -0.139002343
1561000892.885777235 -44.862545 -423.723080 23.276608 -0.100414224 0.031986111 0.984685027 -0.138885818
1561000892.984470606 -45.674513 -423.942380 23.288661 -0.101969216 0.030988266 0.984548488 -0.138947042
1561000893.085635662 -46.498222 -424.164145 23.295666 -0.102390391 0.030777741 0.984456369 -0.139336267
1561000893.184586525 -47.321287 -424.400103 23.305231 -0.101617229 0.030794410 0.984546677 -0.139260489
1561000893.285803080 -48.160364 -424.640222 23.313496 -0.100865611 0.031250003 0.984607470 -0.139275614
1561000893.386007309 -49.001660 -424.871052 23.324798 -0.100924653 0.031282204 0.984595704 -0.139308787
1561000893.484740496 -49.835015 -425.098659 23.336075 -0.101176934 0.031301191 0.984548653 -0.139453980
1561000893.585797071 -50.688775 -425.334732 23.344190 -0.101145367 0.031582249 0.984601558 -0.139039380
1561000893.685594320 -51.540420 -425.571946 23.351921 -0.100086885 0.031779234 0.984786534 -0.138449187
1561000893.785679817 -52.399001 -425.804951 23.361788 -0.099263959 0.031587728 0.984946141 -0.137949199
1561000893.885564804 -53.263858 -426.037547 23.380022 -0.098437698 0.031734800 0.985114425 -0.137304377
1561000893.984485149 -54.140377 -426.285388 23.396305 -0.098627535 0.030884488 0.985185334 -0.136852529
1561000894.085658550 -55.033224 -426.534606 23.414537 -0.100034877 0.029290727 0.985213891 -0.135973032
1561000894.184957027 -55.910340 -426.770985 23.424551 -0.101247747 0.028051236 0.985187187 -0.135529435
1561000894.285581350 -56.806506 -427.010884 23.431573 -0.101816778 0.028359620 0.985195735 -0.134975701
1561000894.385798454 -57.700524 -427.246347 23.437611 -0.101759793 0.028457741 0.985243712 -0.134647426
1561000894.484266520 -58.575007 -427.478204 23.441835 -0.100709232 0.028817528 0.985349839 -0.134584158
1561000894.585440636 -59.491476 -427.722984 23.448411 -0.099166606 0.029627052 0.985612896 -0.133624254
1561000894.684199810 -60.383420 -427.956679 23.456415 -0.098819485 0.030484445 0.985667342 -0.133286528
1561000894.785492659 -61.311498 -428.202154 23.472616 -0.099765713 0.031523074 0.985498668 -0.133586952
1561000894.885425091 -62.230399 -428.443850 23.490621 -0.100944372 0.032293543 0.985375099 -0.133428911
1561000894.984629631 -63.136783 -428.682404 23.503971 -0.101442074 0.031731220 0.985323325 -0.133568636
1561000895.085480452 -64.066243 -428.929288 23.516279 -0.101157595 0.031445133 0.985365161 -0.133543418
1561000895.184426308 -64.998001 -429.181954 23.524835 -0.100488050 0.032110648 0.985429416 -0.133416356
1561000895.284456730 -65.925838 -429.423706 23.536213 -0.099868507 0.031896829 0.985492289 -0.133468428
1561000895.386032104 -66.858312 -429.666428 23.553326 -0.099551861 0.032006278 0.985387469 -0.134449103
1561000895.484447956 -67.793722 -429.917216 23.569342 -0.099299134 0.031726261 0.985444565 -0.134283786
1561000895.585673809 -68.754417 -430.172723 23.583455 -0.099486599 0.031669182 0.985405397 -0.134445837
1561000895.684838533 -69.702601 -430.426529 23.598459 -0.099783321 0.031463269 0.985355681 -0.134638526
1561000895.785743237 -70.661752 -430.690713 23.610605 -0.099546458 0.031300753 0.985397144 -0.134548258
1561000895.886014223 -71.617468 -430.953404 23.627125 -0.099209105 0.031585147 0.985426496 -0.134515992
1561000895.984343529 -72.557107 -431.204871 23.639966 -0.099174960 0.031474103 0.985330363 -0.135269305
1561000896.086428404 -73.549095 -431.467920 23.652990 -0.099703649 0.031704907 0.985260613 -0.135334791
1561000896.185839653 -74.499738 -431.720997 23.667549 -0.101156285 0.031481229 0.985067802 -0.135712061
1561000896.284812212 -75.471165 -431.984010 23.678407 -0.101745864 0.030819044 0.985043981 -0.135596172
1561000896.386693954 -76.460617 -432.252897 23.689684 -0.101671947 0.030555402 0.985083412 -0.135424714
1561000896.486507416 -77.441801 -432.521192 23.696709 -0.100813455 0.030023823 0.985199325 -0.135342186
1561000896.586625099 -78.413895 -432.788821 23.709305 -0.100259417 0.030408943 0.985191767 -0.135722245
1561000896.684798717 -79.397121 -433.057071 23.727003 -0.100174687 0.030203854 0.985195748 -0.135801684
1561000896.786543369 -80.398816 -433.330460 23.736722 -0.100084089 0.029848426 0.985197382 -0.135935147
1561000896.886681080 -81.401409 -433.603912 23.751615 -0.100426539 0.029549376 0.985153392 -0.136066669
1561000896.986722708 -82.389364 -433.874356 23.766970 -0.100602073 0.029253786 0.985145058 -0.136061211
1561000897.086859941 -83.402941 -434.147636 23.779968 -0.100644075 0.029405177 0.985143488 -0.136008875
1561000897.185007811 -84.399881 -434.408958 23.788417 -0.100609803 0.029278972 0.985194621 -0.135690704
1561000897.287002802 -85.411472 -434.681500 23.801813 -0.100562273 0.030013979 0.985254194 -0.135131653
1561000897.386970758 -86.422600 -434.948228 23.813086 -0.100195668 0.031158890 0.985333125 -0.134568143
1561000897.485083580 -87.438986 -435.221196 23.827173 -0.100285894 0.031969051 0.985333936 -0.134304705
1561000897.587006569 -88.460346 -435.491149 23.839575 -0.100443871 0.033324431 0.985399896 -0.133369993
1561000897.685225964 -89.461105 -435.750356 23.853393 -0.101080013 0.033902713 0.985391558 -0.132804049
1561000897.786703587 -90.497187 -436.019515 23.864817 -0.100345912 0.034138597 0.985491870 -0.132555752
1561000897.886694670 -91.514046 -436.284420 23.877700 -0.099076886 0.034417599 0.985617397 -0.132504895
1561000897.986601830 -92.546530 -436.551922 23.902159 -0.098826964 0.034911138 0.985628275 -0.132481501
1561000898.087669849 -93.583826 -436.822718 23.920184 -0.098669004 0.034471181 0.985643832 -0.132598648
1561000898.184745789 -94.601550 -437.092856 23.946235 -0.099655326 0.033623810 0.985540648 -0.132845347
1561000898.286653996 -95.649347 -437.372397 23.964063 -0.099732302 0.032946290 0.985535304 -0.132996898
1561000898.386683941 -96.684724 -437.653037 23.975343 -0.099422150 0.032027539 0.985596931 -0.132996850
1561000898.485781908 -97.715027 -437.928972 23.988042 -0.098304298 0.032009336 0.985676042 -0.133245666
1561000898.586962938 -98.764988 -438.208399 24.006685 -0.097300551 0.032600641 0.985731217 -0.133430761
1561000898.685339689 -99.803364 -438.478956 24.024128 -0.097130180 0.032897795 0.985706997 -0.133660686
1561000898.785719633 -100.847147 -438.754373 24.053806 -0.098415652 0.033327252 0.985505808 -0.134096816
1561000898.887355089 -101.903789 -439.040157 24.070402 -0.099115109 0.032729860 0.985474603 -0.133958049
1561000898.985947847 -102.941766 -439.325726 24.091772 -0.099789919 0.031587889 0.985414003 -0.134176826
1561000899.086993694 -103.987191 -439.610538 24.100319 -0.101121924 0.030258113 0.985252751 -0.134669296
1561000899.186940432 -105.037605 -439.886326 24.108297 -0.102028891 0.032581185 0.985008829 -0.135226401
1561000899.286822319 -106.074819 -440.181605 24.129615 -0.100405061 0.027970048 0.985355745 -0.134946496
1561000899.387273550 -107.135092 -440.466980 24.127733 -0.097101052 0.030815370 0.985520907 -0.135537227
1561000899.486770868 -108.184870 -440.745793 24.147799 -0.095621891 0.034262720 0.985467101 -0.136151068
1561000899.586809874 -109.246278 -441.023951 24.175556 -0.095377004 0.036194395 0.985464282 -0.135843078
1561000899.684721470 -110.300861 -441.311198 24.205859 -0.098072003 0.036230596 0.985177994 -0.135990980
1561000899.786564827 -111.363421 -441.596491 24.229949 -0.100110207 0.036629284 0.984946470 -0.136076057
1561000899.887702942 -112.422128 -441.883811 24.252087 -0.100473316 0.035793266 0.985004761 -0.135608171
1561000899.987822056 -113.468334 -442.173329 24.277314 -0.100590898 0.034369655 0.985102259 -0.135180390
1561000900.087816477 -114.507813 -442.460249 24.294094 -0.100593070 0.032437583 0.985176773 -0.135113148
1561000900.187907219 -115.555219 -442.746524 24.310957 -0.101287566 0.031372049 0.985183320 -0.134797812
1561000900.287814617 -116.589966 -443.024970 24.326544 -0.101225234 0.030676293 0.985226041 -0.134692482
1561000900.387785673 -117.639436 -443.306747 24.338052 -0.100442231 0.030340006 0.985366743 -0.134325070
1561000900.486164570 -118.666027 -443.582659 24.359832 -0.099869975 0.030537123 0.985399603 -0.134465962
1561000900.587921858 -119.718625 -443.861805 24.379544 -0.099007310 0.030634813 0.985533973 -0.134096416
1561000900.686345816 -120.721178 -444.129760 24.400864 -0.098181463 0.030519676 0.985582440 -0.134373372
1561000900.786806583 -121.749193 -444.402793 24.425361 -0.098503603 0.030071785 0.985633261 -0.133864869
1561000900.888228655 -122.780341 -444.677414 24.448292 -0.099181784 0.029850362 0.985572560 -0.133860594
1561000900.988233089 -123.778286 -444.941554 24.472756 -0.100644790 0.030214416 0.985418810 -0.133818845
1561000901.087932348 -124.774576 -445.203169 24.490526 -0.101377438 0.031222135 0.985326921 -0.133711076
1561000901.186151743 -125.757517 -445.462375 24.511267 -0.102426209 0.032484794 0.985135398 -0.134021855
1561000901.287804127 -126.728229 -445.714979 24.528338 -0.103181506 0.033266691 0.985032741 -0.134005237
1561000901.387746572 -127.674576 -445.965959 24.547106 -0.103696528 0.033802480 0.984954499 -0.134048709
1561000901.487755775 -128.614464 -446.217256 24.570262 -0.103760602 0.034685769 0.984949957 -0.133806643
1561000901.587847233 -129.538207 -446.463244 24.584638 -0.102927384 0.034731265 0.985070076 -0.133553880
1561000901.686299801 -130.432347 -446.701374 24.603605 -0.102836098 0.034728617 0.985081383 -0.133541486
1561000901.788129330 -131.330053 -446.941581 24.618652 -0.102215795 0.034782826 0.985159089 -0.133430344
1561000901.888189793 -132.199736 -447.172988 24.638416 -0.101990454 0.034332428 0.985229364 -0.133200347
1561000901.986554861 -133.051226 -447.400478 24.659763 -0.102313716 0.033638189 0.985235039 -0.133087542
1561000902.088332891 -133.910018 -447.632368 24.676949 -0.101496958 0.033386349 0.985351500 -0.132914038
1561000902.186386347 -134.726090 -447.851745 24.697547 -0.101342960 0.033182710 0.985404114 -0.132692291
1561000902.287969112 -135.539157 -448.063557 24.714301 -0.100041281 0.032829121 0.985542724 -0.132738580
1561000902.389261961 -136.353336 -448.276875 24.726223 -0.098818345 0.032443809 0.985737653 -0.132301219
1561000902.488210440 -137.134026 -448.483632 24.744544 -0.099278744 0.031702831 0.985712964 -0.132320120
1561000902.589056015 -137.918897 -448.695587 24.769342 -0.099689841 0.030990514 0.985755308 -0.131863549
1561000902.689269304 -138.687235 -448.900611 24.782651 -0.099032284 0.030382223 0.985827651 -0.131959729
1561000902.789036274 -139.437399 -449.096539 24.797014 -0.099022699 0.030391038 0.985855574 -0.131756129
1561000902.889103174 -140.182310 -449.291545 24.814916 -0.098633440 0.029795522 0.985923832 -0.131673343
1561000902.990293503 -140.926231 -449.485940 24.832121 -0.098880694 0.028784864 0.985942522 -0.131572727
1561000903.089672327 -141.641411 -449.677281 24.850347 -0.099451038 0.028110886 0.985898600 -0.131617700
1561000903.188215733 -142.351664 -449.863618 24.863227 -0.100397919 0.027740446 0.985784217 -0.131833997
1561000903.289740086 -143.077635 -450.057580 24.877460 -0.100839723 0.027018020 0.985811818 -0.131439859
1561000903.389268875 -143.781820 -450.240517 24.879558 -0.100505065 0.027129214 0.985853211 -0.131362797
1561000903.489741564 -144.487251 -450.419559 24.884561 -0.100566647 0.029900228 0.985726068 -0.131667932
1561000903.589531422 -145.193673 -450.597638 24.892128 -0.099295568 0.031859018 0.985775653 -0.131801954
1561000903.687847614 -145.874760 -450.782333 24.913506 -0.099195542 0.030999275 0.985830660 -0.131670802
1561000903.789364100 -146.568571 -450.970649 24.929987 -0.098980639 0.029099762 0.985931035 -0.131514375
1561000903.889312983 -147.276307 -451.150132 24.932191 -0.098974733 0.029920826 0.985821866 -0.132151408
1561000903.989522457 -147.958598 -451.322084 24.941189 -0.099164533 0.032655656 0.985631222 -0.132782143
1561000904.089727640 -148.629405 -451.502021 24.959874 -0.096463442 0.032513316 0.985898454 -0.132822919
1561000904.188215494 -149.284197 -451.682711 24.978842 -0.087580095 0.031326996 0.986819384 -0.132422997
1561000904.289574385 -149.954456 -451.860624 25.003088 -0.079768071 0.032198511 0.987378429 -0.132981758
1561000904.389517784 -150.634432 -452.033700 25.030529 -0.078330576 0.034740146 0.987363736 -0.133305277
1561000904.489326954 -151.327807 -452.213626 25.076578 -0.085821257 0.037072221 0.986574050 -0.133910439
1561000904.589414597 -152.034183 -452.403412 25.114416 -0.099608502 0.034552638 0.985321791 -0.134258072
1561000904.687790632 -152.720395 -452.591046 25.128470 -0.109032780 0.031303810 0.984434163 -0.134243448
1561000904.789264917 -153.410737 -452.777194 25.129046 -0.109643092 0.029890298 0.984448986 -0.133959536
1561000904.889287472 -154.072281 -452.949893 25.108881 -0.101119544 0.032417701 0.985247475 -0.134206345
1561000904.989381075 -154.740511 -453.126272 25.113319 -0.093273868 0.036173886 0.985901413 -0.134126209
1561000905.087978840 -155.420722 -453.302420 25.130089 -0.089761287 0.039028951 0.986086792 -0.134359561
1561000905.189596176 -156.135017 -453.486601 25.159694 -0.092192891 0.039311320 0.985805382 -0.134695362
1561000905.289760351 -156.841759 -453.671407 25.179669 -0.096335544 0.038947865 0.985437562 -0.134593231
1561000905.389706612 -157.544701 -453.857225 25.192970 -0.098609086 0.038546337 0.985178584 -0.134957719
1561000905.488651991 -158.239706 -454.043690 25.209730 -0.098475244 0.038925843 0.985188296 -0.134875598
1561000905.589407444 -158.939642 -454.232840 25.225319 -0.096251657 0.039250734 0.985393449 -0.134887910
1561000905.688067436 -159.640121 -454.419356 25.238924 -0.093721756 0.039077753 0.985612172 -0.135121453
1561000905.789299965 -160.350167 -454.613283 25.262730 -0.092982002 0.038700473 0.985717275 -0.134974345
1561000905.888861418 -161.062589 -454.809367 25.282126 -0.093234828 0.037615387 0.985691141 -0.135297169
1561000905.989447355 -161.779836 -455.006391 25.300982 -0.094601402 0.036410287 0.985624067 -0.135166805
1561000906.090049744 -162.497505 -455.195981 25.319899 -0.096655396 0.036193109 0.985449808 -0.135042474
1561000906.187967777 -163.204851 -455.386437 25.339046 -0.097938095 0.036438711 0.985326396 -0.134952746
1561000906.289604902 -163.933520 -455.573233 25.352182 -0.097909056 0.036813287 0.985287874 -0.135153262
1561000906.389497042 -164.643354 -455.760500 25.364769 -0.097931408 0.037124751 0.985285235 -0.135071087
1561000906.489364862 -165.359911 -455.950660 25.372584 -0.098843093 0.038148107 0.985206707 -0.134694131
1561000906.589335918 -166.078885 -456.132847 25.379239 -0.101151116 0.039316515 0.984991308 -0.134219172
1561000906.688828707 -166.795233 -456.325955 25.398884 -0.104093243 0.040387823 0.984705149 -0.133750479
1561000906.789369106 -167.510795 -456.522392 25.418238 -0.101024786 0.039178637 0.985167628 -0.133055521
1561000906.889418840 -168.213200 -456.717786 25.435800 -0.093742456 0.039363670 0.985998890 -0.132170507
1561000906.990430355 -168.932920 -456.898282 25.443460 -0.088410507 0.040330246 0.986511745 -0.131725585
1561000907.089391708 -169.654762 -457.067770 25.460617 -0.087507542 0.041413629 0.986569992 -0.131556040
1561000907.187846422 -170.391462 -457.253147 25.488102 -0.094129655 0.040644544 0.986052631 -0.131102393
1561000907.289130449 -171.131335 -457.451064 25.511846 -0.100628371 0.039013486 0.985602334 -0.130153438
1561000907.389406919 -171.853928 -457.631872 25.529017 -0.101033353 0.039570635 0.985645065 -0.129345400
1561000907.489480972 -172.577392 -457.812966 25.545102 -0.097771392 0.040222889 0.986046944 -0.128585762
1561000907.589342117 -173.303310 -457.988094 25.562246 -0.094011534 0.040968909 0.986485350 -0.127789024
1561000907.687901735 -174.019768 -458.167600 25.586245 -0.093320526 0.041263375 0.986664068 -0.126817307
1561000907.789552689 -174.749409 -458.347691 25.606254 -0.092420681 0.041449149 0.986887202 -0.125674323
1561000907.889643908 -175.471617 -458.518375 25.643218 -0.087828181 0.042625278 0.987439938 -0.124224256
1561000907.987939119 -176.184389 -458.691379 25.672805 -0.084067095 0.043320899 0.987957051 -0.122461782
1561000908.089422703 -176.928341 -458.867004 25.692846 -0.085169338 0.042121538 0.988120167 -0.120791125
1561000908.187925577 -177.677383 -459.035860 25.701068 -0.097035777 0.040370417 0.987261619 -0.119452011
1561000908.289545059 -178.450188 -459.209381 25.717212 -0.111786034 0.040318372 0.985867490 -0.118083036
1561000908.389443398 -179.189853 -459.379216 25.730700 -0.116389730 0.039548513 0.985677064 -0.115455932
1561000908.489332199 -179.902963 -459.544837 25.733654 -0.108178499 0.039526515 0.986999601 -0.112101985
1561000908.589207411 -180.626372 -459.698766 25.740951 -0.094137725 0.041961772 0.988689193 -0.108954021
1561000908.687993765 -181.363014 -459.836555 25.740951 -0.086046275 0.043403540 0.989729429 -0.105583277
1561000908.789226055 -182.143493 -459.984853 25.765507 -0.088106331 0.043838535 0.989888938 -0.102153547
1561000908.889474630 -182.910806 -460.120202 25.791929 -0.095085675 0.042839054 0.989675837 -0.098312094
1561000908.989305496 -183.678423 -460.260314 25.810408 -0.099954436 0.042094340 0.989586301 -0.094636835
1561000909.089236021 -184.444802 -460.397686 25.824235 -0.100966191 0.042418695 0.989861056 -0.090452045
1561000909.187848330 -185.198386 -460.512598 25.835899 -0.099788289 0.043652056 0.990289041 -0.086396817
1561000909.289321899 -185.996718 -460.636427 25.835534 -0.097591772 0.045114328 0.990792515 -0.082284477
1561000909.389849663 -186.775503 -460.744446 25.846079 -0.097529841 0.046376862 0.991055581 -0.078396122
1561000909.487838030 -187.561357 -460.849050 25.853884 -0.098690530 0.047949412 0.991177486 -0.074352033
1561000909.589385033 -188.360867 -460.942679 25.866129 -0.100264616 0.048949223 0.991292992 -0.069922708
1561000909.688089371 -189.153862 -461.029292 25.869834 -0.100986740 0.051057768 0.991400733 -0.065721914
1561000909.789591789 -189.967133 -461.113443 25.875363 -0.100667349 0.051955684 0.991677040 -0.061182837
1561000909.889715910 -190.773935 -461.194041 25.876936 -0.099491371 0.053255689 0.992007818 -0.056442774
1561000909.989523172 -191.592220 -461.255603 25.883199 -0.099103490 0.054950579 0.992174472 -0.052428520
1561000910.089343309 -192.413712 -461.308124 25.890695 -0.100076008 0.058064910 0.992110153 -0.048277347
1561000910.187537670 -193.241109 -461.365202 25.908447 -0.100905389 0.058905470 0.992191124 -0.043646553
1561000910.287709236 -194.079812 -461.416644 25.926648 -0.100721006 0.056482521 0.992552244 -0.038794929
1561000910.387338400 -194.909872 -461.459769 25.926246 -0.099775180 0.056013121 0.992839936 -0.034297318
1561000910.490407228 -195.764441 -461.493940 25.926194 -0.099412126 0.057259146 0.992947591 -0.029894820
1561000910.590402126 -196.600299 -461.523081 25.932945 -0.100206994 0.058865456 0.992907274 -0.025071124
1561000910.689021826 -197.446313 -461.551014 25.940706 -0.100476136 0.056800619 0.993103619 -0.020577606
1561000910.789587259 -198.314613 -461.574510 25.944238 -0.099124029 0.055082390 0.993422550 -0.015874347
1561000910.890298128 -199.179516 -461.577859 25.944231 -0.098748618 0.056001144 0.993466009 -0.011741828
1561000910.988979101 -200.040721 -461.572133 25.952710 -0.098643442 0.056895990 0.993474528 -0.006378119
1561000911.090563297 -200.928330 -461.559843 25.957399 -0.099185044 0.057470861 0.993406205 -0.001881360
1561000911.189390182 -201.795632 -461.543204 25.964832 -0.099593372 0.056448810 0.993419124 0.003624301
1561000911.290751696 -202.670426 -461.514587 25.968836 -0.099708047 0.056274354 0.993371727 0.010203618
1561000911.389676332 -203.538756 -461.464859 25.970259 -0.098877060 0.056908391 0.993337227 0.016306946
1561000911.491091013 -204.425584 -461.405881 25.967725 -0.097495551 0.058043350 0.993296821 0.022068340
1561000911.590926409 -205.310549 -461.336952 25.970552 -0.096319735 0.058255020 0.993237153 0.028439750
1561000911.689503193 -206.189574 -461.266762 25.974879 -0.095386582 0.058279586 0.993133286 0.034513273
1561000911.789690971 -207.080243 -461.177124 25.977719 -0.095293850 0.058291106 0.992905508 0.040741645
1561000911.889990807 -207.975652 -461.076854 25.988771 -0.095602871 0.058203466 0.992609982 0.046881454
1561000911.992139101 -208.878919 -460.963887 25.995668 -0.095161289 0.058116578 0.992351892 0.052957674
1561000912.091301441 -209.762831 -460.844438 26.002732 -0.094751211 0.057396981 0.992084119 0.059134554
1561000912.191133499 -210.661034 -460.706969 26.003849 -0.095023746 0.057523030 0.991706626 0.064649488
1561000912.292020798 -211.573251 -460.567261 26.005299 -0.095407531 0.057851335 0.991327654 0.069426996
1561000912.392069101 -212.480153 -460.415724 26.004532 -0.096263802 0.058084415 0.990907726 0.073901020
1561000912.490847111 -213.379764 -460.260456 26.009330 -0.097040451 0.057822096 0.990479065 0.078682766
1561000912.592536449 -214.298592 -460.094165 26.005652 -0.097256748 0.058333935 0.990039202 0.083430543
1561000912.691112518 -215.202454 -459.917071 26.005046 -0.097679190 0.058517949 0.989541690 0.088553203
1561000912.792565107 -216.116716 -459.727896 26.002006 -0.097514402 0.058775937 0.989039980 0.094001326
1561000912.891014814 -217.021478 -459.532810 25.995737 -0.097568594 0.060118085 0.988410074 0.099557574
1561000912.992203712 -217.934268 -459.315975 25.986274 -0.098062750 0.061221769 0.987712628 0.105163472
1561000913.092192411 -218.847438 -459.092417 25.979302 -0.098837236 0.062579417 0.986914254 0.110974201
1561000913.190974236 -219.755985 -458.856870 25.971830 -0.098949990 0.063094298 0.986218248 0.116625792
1561000913.291935444 -220.674168 -458.610363 25.962480 -0.097873539 0.064123359 0.985571515 0.122301896
1561000913.392442465 -221.597624 -458.354897 25.955753 -0.097359371 0.064186489 0.984922943 0.127781233
1561000913.491456747 -222.509347 -458.092943 25.949460 -0.097193898 0.064462163 0.984232438 0.132983022
1561000913.592390537 -223.422519 -457.819651 25.944022 -0.097250937 0.064981455 0.983493649 0.138057627
1561000913.691859007 -224.331073 -457.541183 25.937408 -0.097257481 0.065281179 0.982677240 0.143613343
1561000913.792098761 -225.253394 -457.249288 25.928870 -0.097747329 0.065168692 0.981839891 0.148959489
1561000913.890947104 -226.161863 -456.942871 25.914752 -0.097838031 0.065439910 0.981048572 0.153912436
1561000913.992276192 -227.082084 -456.621844 25.900721 -0.097390286 0.066199488 0.980182106 0.159297832
1561000914.092219830 -227.991968 -456.299541 25.887899 -0.097152475 0.067496664 0.979234640 0.164636314
1561000914.190647840 -228.902467 -455.961488 25.877768 -0.097774331 0.068149574 0.978149798 0.170349018
1561000914.291926146 -229.817429 -455.617077 25.858051 -0.098176804 0.069333174 0.977086361 0.175660094
1561000914.393311977 -230.733696 -455.250644 25.838898 -0.099258453 0.071160005 0.975878151 0.180958136
1561000914.492056370 -231.629837 -454.874178 25.820459 -0.100260722 0.073653009 0.974589773 0.186273446
1561000914.593222618 -232.549941 -454.477029 25.793680 -0.101486302 0.076354049 0.973104524 0.192193066
1561000914.692891836 -233.447376 -454.080858 25.777006 -0.102828162 0.078153187 0.971625692 0.198146317
1561000914.793418169 -234.349047 -453.674119 25.752823 -0.101931208 0.077194432 0.970622469 0.203821175
1561000914.893198252 -235.248753 -453.256948 25.730087 -0.099135306 0.073834999 0.969763087 0.210428463
1561000914.993697166 -236.149854 -452.828817 25.716629 -0.096169226 0.068827543 0.969090727 0.216511921
1561000915.093740463 -237.053497 -452.412103 25.722327 -0.094922980 0.060241895 0.968243679 0.223304098
1561000915.192480564 -237.944236 -451.975985 25.701300 -0.093992167 0.054199312 0.967307297 0.229225871
1561000915.293651581 -238.838098 -451.502521 25.676972 -0.092626891 0.056335438 0.965852056 0.235321872
1561000915.393397331 -239.703636 -451.021601 25.672317 -0.093987608 0.058399485 0.964159944 0.241146081
1561000915.493034124 -240.577985 -450.518455 25.655741 -0.097318953 0.060412530 0.961994134 0.247884314
1561000915.593575954 -241.469687 -449.998539 25.632097 -0.101313555 0.063468245 0.960168589 0.252554204
1561000915.693239212 -242.330916 -449.471530 25.603179 -0.103870243 0.067177141 0.958184801 0.258031184
1561000915.793272257 -243.203647 -448.939326 25.574144 -0.103645508 0.070301023 0.956378898 0.263921916
1561000915.892035007 -244.066958 -448.396422 25.541336 -0.102772924 0.072104096 0.955234511 0.267891312
1561000915.991886616 -244.927868 -447.846802 25.503949 -0.102831792 0.073374529 0.954105153 0.271523769
1561000916.093582392 -245.776990 -447.306037 25.474223 -0.102243767 0.074054886 0.952978274 0.275489554
1561000916.193789005 -246.618403 -446.763543 25.449306 -0.100810531 0.074013444 0.951882171 0.279784881
1561000916.293759584 -247.450407 -446.216499 25.421492 -0.099085748 0.073752965 0.950890362 0.283813378
1561000916.393654346 -248.278517 -445.654533 25.398040 -0.098753799 0.073975330 0.949811475 0.287460430
1561000916.493237495 -249.098715 -445.078113 25.368946 -0.099380376 0.074145184 0.948558785 0.291311282
1561000916.593130112 -249.915984 -444.498670 25.343161 -0.100022194 0.074762652 0.947258714 0.295139012
1561000916.692080498 -250.728928 -443.918487 25.309147 -0.099628693 0.074963709 0.946005493 0.299212588
1561000916.793358326 -251.547848 -443.330848 25.278150 -0.099637687 0.075117983 0.944620855 0.303514513
1561000916.893529892 -252.341986 -442.749156 25.250476 -0.098880696 0.075885735 0.943271941 0.307736914
1561000916.994106054 -253.127652 -442.142048 25.216681 -0.097693414 0.076072142 0.942025575 0.311860293
1561000917.093571186 -253.906847 -441.538177 25.190361 -0.097141997 0.077269837 0.940535253 0.316206014
1561000917.192413568 -254.682627 -440.933743 25.160281 -0.097019243 0.077966145 0.938991458 0.320629986
1561000917.292639494 -255.456503 -440.322849 25.131823 -0.097202034 0.078520310 0.937670287 0.324284994
1561000917.393439770 -256.216000 -439.695680 25.104274 -0.097972224 0.079663862 0.936033954 0.328474581
1561000917.492129803 -256.957761 -439.067840 25.078214 -0.097707364 0.079809334 0.934330536 0.333331952
1561000917.593234539 -257.712725 -438.429715 25.049349 -0.096999864 0.078631898 0.932711946 0.338314170
1561000917.691972971 -258.442829 -437.795276 25.018247 -0.096427442 0.077724504 0.931093257 0.343112222
1561000917.793150425 -259.167513 -437.138801 24.986293 -0.097225000 0.077969391 0.929149237 0.348065754
1561000917.891916990 -259.881923 -436.499353 24.955976 -0.099215091 0.078790990 0.926826306 0.353470429
1561000917.992984772 -260.590436 -435.842453 24.919051 -0.100744507 0.078925011 0.924672401 0.358611682
1561000918.093030691 -261.297655 -435.185922 24.883333 -0.101577855 0.078447597 0.922664273 0.363618692
1561000918.191971064 -261.977149 -434.517883 24.844441 -0.101687433 0.077384587 0.920628319 0.368937380
1561000918.293709040 -262.659684 -433.839792 24.805212 -0.101384748 0.077310584 0.918654237 0.373923253
1561000918.393529415 -263.328099 -433.161229 24.769022 -0.100872460 0.076842512 0.916533091 0.379324489
1561000918.493708611 -263.991455 -432.478581 24.727673 -0.099093075 0.077009248 0.914340651 0.385008197
1561000918.593586206 -264.650040 -431.788280 24.686613 -0.098093678 0.076862786 0.912059272 0.390663060
1561000918.693655729 -265.287890 -431.087780 24.651869 -0.096865728 0.077181773 0.909673531 0.396426629
1561000918.785832405 -265.897678 -430.394473 24.618280 -0.095357621 0.077544587 0.907393357 0.401909265
1561000918.886433125 -266.536065 -429.653817 24.585516 -0.093771756 0.078656385 0.904795557 0.407878697
1561000918.985827208 -267.149344 -428.924070 24.548560 -0.093414136 0.080627031 0.902212893 0.413261391
1561000919.085566759 -267.754557 -428.193906 24.520773 -0.093728317 0.082766320 0.899271300 0.419137052
1561000919.184438944 -268.342848 -427.459058 24.487710 -0.093476609 0.084105093 0.896556854 0.424704915
1561000919.285326958 -268.925438 -426.704495 24.458546 -0.093327241 0.085046010 0.893663036 0.430608385
1561000919.384761810 -269.495501 -425.950635 24.420035 -0.092392667 0.086097341 0.891090379 0.435899966
1561000919.483713388 -270.059654 -425.190150 24.381106 -0.091211969 0.086802384 0.888321017 0.441623701
1561000919.585086823 -270.616591 -424.414516 24.341289 -0.090350037 0.087035203 0.885781100 0.446826126
1561000919.684074402 -271.154859 -423.643943 24.303458 -0.088355427 0.088033261 0.883140790 0.452223185
1561000919.785260916 -271.694513 -422.849293 24.265969 -0.086297132 0.089621544 0.880631621 0.457174729
1561000919.885438204 -272.224821 -422.056007 24.236006 -0.085616529 0.091412370 0.877669690 0.462611612
1561000919.985725641 -272.743014 -421.254414 24.209680 -0.085535109 0.092545320 0.874895329 0.467629417
1561000920.085817337 -273.260028 -420.447570 24.176888 -0.085669336 0.093034076 0.871996873 0.472892037
1561000920.184380293 -273.756059 -419.643235 24.140801 -0.085534256 0.093509957 0.868896992 0.478495346
1561000920.285293818 -274.260362 -418.816300 24.107328 -0.086159487 0.093850730 0.866169143 0.483238656
1561000920.385980129 -274.749958 -417.989308 24.064726 -0.087106583 0.093953714 0.862802781 0.489036302
1561000920.484246969 -275.219298 -417.153934 24.027307 -0.087454803 0.094393303 0.859764550 0.494212991
1561000920.585358381 -275.694074 -416.297711 23.984389 -0.087313624 0.094003119 0.856833877 0.499375061
1561000920.684397221 -276.146218 -415.455996 23.937653 -0.086609940 0.093923959 0.853867397 0.504566622
1561000920.785903931 -276.614120 -414.588611 23.897854 -0.086551731 0.093829989 0.851331061 0.508861628
1561000920.885272980 -277.049364 -413.745960 23.859600 -0.086840374 0.093526227 0.848244808 0.513996440
1561000920.984333277 -277.480408 -412.872776 23.813992 -0.086640607 0.093106501 0.845294758 0.518942537
1561000921.085540533 -277.908257 -411.989421 23.772154 -0.086905059 0.092506754 0.842515524 0.523505113
1561000921.184553862 -278.322186 -411.114718 23.732758 -0.086950823 0.092182972 0.839177975 0.528887682
1561000921.285598755 -278.725931 -410.214526 23.687874 -0.087085996 0.091653835 0.836358584 0.533404090
1561000921.385827541 -279.113528 -409.318161 23.642731 -0.086298215 0.091941541 0.833383990 0.538117548
1561000921.484507322 -279.497511 -408.420540 23.602110 -0.085770343 0.091949033 0.830441423 0.542730012
1561000921.585769653 -279.885602 -407.500694 23.558187 -0.085493600 0.091976552 0.827400527 0.547393392
1561000921.684574366 -280.262146 -406.572610 23.517533 -0.086570836 0.091845979 0.824363532 0.551810270
1561000921.785516024 -280.635363 -405.636511 23.471971 -0.086920147 0.091886405 0.820905624 0.556880359
1561000921.885293722 -280.989885 -404.697144 23.420473 -0.086872721 0.092316098 0.817887832 0.561240023
1561000921.985338449 -281.332962 -403.759682 23.372671 -0.087266063 0.092976834 0.814708567 0.565676492
1561000922.085092306 -281.672707 -402.819111 23.320966 -0.086238612 0.094143765 0.812065606 0.569428929
1561000922.184063196 -281.987431 -401.864058 23.265971 -0.084653504 0.095170740 0.809436773 0.573226329
1561000922.285270214 -282.306059 -400.900850 23.220258 -0.083216988 0.096716413 0.806915298 0.576722265
1561000922.384356737 -282.619474 -399.931214 23.172531 -0.082296045 0.097895127 0.804709772 0.579729324
1561000922.485334158 -282.924719 -398.959704 23.128593 -0.082119761 0.099559724 0.803271816 0.581462462
1561000922.585457087 -283.238002 -397.982407 23.079091 -0.081929234 0.100721628 0.801881141 0.583206130
1561000922.684256077 -283.544083 -397.017857 23.032517 -0.081270578 0.101265557 0.800692611 0.584834783
1561000922.785349846 -283.844368 -396.036191 22.986764 -0.080356458 0.101574726 0.799563296 0.586450297
1561000922.884174585 -284.130039 -395.054210 22.937191 -0.079507623 0.100814708 0.798680787 0.587897894
1561000922.985204220 -284.434150 -394.047926 22.889202 -0.077999805 0.101191083 0.797705380 0.589357720
1561000923.085228682 -284.730465 -393.054867 22.841494 -0.077905949 0.101427766 0.797707832 0.589326129
1561000923.184615612 -285.029591 -392.063198 22.801947 -0.078226687 0.102042955 0.797402947 0.589589995
1561000923.286307096 -285.327005 -391.050772 22.758810 -0.078317750 0.100872871 0.796530839 0.590956526
1561000923.384108782 -285.620701 -390.070882 22.717681 -0.078592532 0.099915166 0.796301961 0.591391039
1561000923.485481024 -285.927844 -389.051691 22.676091 -0.078812506 0.099183304 0.796198897 0.591623679
1561000923.585230827 -286.234996 -388.048241 22.629416 -0.079291730 0.098942283 0.795997209 0.591871345
1561000923.684169054 -286.525277 -387.059092 22.576836 -0.079888106 0.098634664 0.795639441 0.592323369
1561000923.785403252 -286.819172 -386.040717 22.527879 -0.080480733 0.098853076 0.795111189 0.592915777
1561000923.885421515 -287.119702 -385.024350 22.488864 -0.081434226 0.098515146 0.794695913 0.593398382
1561000923.985373735 -287.418786 -384.004174 22.438829 -0.081506206 0.096996076 0.794190408 0.594314811
1561000924.085409880 -287.723965 -382.980786 22.389950 -0.080982920 0.095973685 0.794433690 0.594227171
1561000924.184207201 -288.015647 -381.958755 22.346134 -0.081177755 0.095269632 0.794294595 0.594499761
1561000924.285397768 -288.309727 -380.913641 22.300721 -0.081605006 0.094893917 0.794145657 0.594700297
1561000924.385472298 -288.609572 -379.881555 22.249937 -0.082318862 0.095114082 0.794116677 0.594605431
1561000924.484362841 -288.916604 -378.844792 22.206305 -0.082234925 0.095590925 0.793946449 0.594767877
1561000924.585291624 -289.217516 -377.795043 22.158338 -0.082554546 0.094731714 0.793771706 0.595094218
1561000924.685387850 -289.518464 -376.758198 22.112586 -0.083061664 0.094449533 0.793848300 0.594966320
1561000924.785449266 -289.823283 -375.710854 22.063650 -0.085086197 0.094553162 0.793685657 0.594880758
1561000924.886317968 -290.134944 -374.651458 22.010290 -0.086266092 0.095251669 0.793536198 0.594798776
1561000924.985493660 -290.441885 -373.609406 21.949996 -0.087262929 0.095666026 0.793352712 0.594831630
1561000925.085477352 -290.740710 -372.558904 21.889536 -0.086900042 0.095608408 0.793445005 0.594770913
1561000925.185674667 -291.043833 -371.495569 21.829616 -0.085291236 0.095949920 0.793493237 0.594884443
1561000925.285821676 -291.336095 -370.432371 21.772588 -0.085544223 0.097278190 0.793482377 0.594646834
1561000925.385540962 -291.642385 -369.368881 21.713668 -0.085538316 0.097833877 0.793496462 0.594537714
1561000925.486171246 -291.951110 -368.296072 21.662090 -0.083997569 0.096830303 0.793665530 0.594695996
1561000925.585744619 -292.249078 -367.240521 21.613840 -0.081729143 0.094857854 0.794033606 0.594838606
1561000925.686099052 -292.566358 -366.156418 21.566411 -0.080964772 0.093737234 0.794429558 0.594592057
1561000925.785203457 -292.885124 -365.089846 21.522580 -0.081826736 0.093425601 0.794692236 0.594171938
1561000925.885359287 -293.198295 -364.015590 21.477085 -0.082513047 0.093653896 0.794678241 0.594059793
1561000925.985474825 -293.510469 -362.923684 21.430167 -0.083576341 0.093586332 0.794697924 0.593895448
1561000926.085676670 -293.822809 -361.837213 21.388316 -0.083736340 0.093565735 0.794730571 0.593832466
1561000926.184487820 -294.132190 -360.762186 21.338753 -0.083139400 0.092929810 0.794784368 0.593944188
1561000926.286433220 -294.448497 -359.661869 21.290009 -0.083131737 0.092524074 0.794634956 0.594208462
1561000926.384468555 -294.756886 -358.590898 21.246485 -0.083763730 0.092628934 0.794285425 0.594570587
1561000926.486221075 -295.085979 -357.501979 21.203709 -0.083859729 0.092510238 0.794106492 0.594814493
1561000926.586228371 -295.390882 -356.434828 21.156765 -0.083767881 0.092094741 0.793658819 0.595489025
1561000926.684327126 -295.687773 -355.379215 21.106375 -0.083307548 0.091707003 0.793532706 0.595781439
1561000926.786428690 -296.001313 -354.303453 21.056009 -0.082716876 0.092347033 0.793519900 0.595781933
1561000926.886185408 -296.300944 -353.252485 21.016164 -0.082781993 0.093330823 0.793259523 0.595966298
1561000926.984449148 -296.593169 -352.192781 20.973119 -0.082914165 0.094193691 0.792892492 0.596300500
1561000927.086405754 -296.900835 -351.112002 20.923980 -0.082113796 0.095110523 0.792872318 0.596292545
1561000927.184647322 -297.194848 -350.070846 20.886592 -0.081355168 0.095637107 0.792627816 0.596637264
1561000927.286462307 -297.487212 -349.021976 20.843753 -0.080873199 0.095685973 0.792428882 0.596959116
1561000927.386510134 -297.788974 -347.965754 20.800150 -0.080127318 0.095757789 0.792416121 0.597065114
1561000927.486778021 -298.092945 -346.927879 20.759583 -0.079913468 0.096595742 0.792205244 0.597238606
1561000927.586479664 -298.380257 -345.878567 20.714897 -0.079274173 0.097638549 0.792541864 0.596707393
1561000927.685832977 -298.662711 -344.846158 20.672240 -0.079839848 0.098809233 0.792357126 0.596684606
1561000927.786541462 -298.940339 -343.797979 20.629315 -0.079534543 0.099600684 0.792441531 0.596481668
1561000927.886477232 -299.233386 -342.757875 20.588620 -0.079186170 0.099300916 0.792719889 0.596208064
1561000927.986595631 -299.525077 -341.732904 20.546043 -0.078208842 0.098758482 0.793061728 0.595972512
1561000928.086682796 -299.813356 -340.707732 20.507961 -0.077750016 0.097912768 0.793256377 0.595913035
1561000928.184911966 -300.110852 -339.683981 20.473711 -0.078088787 0.097485267 0.793527157 0.595578219
1561000928.286562204 -300.408508 -338.658346 20.432986 -0.078393361 0.096370500 0.794159837 0.594875920
1561000928.386596680 -300.709213 -337.636813 20.391783 -0.078985574 0.096346427 0.794334229 0.594568564
1561000928.486389399 -301.005375 -336.611667 20.353597 -0.078987271 0.096519424 0.794289152 0.594600500
1561000928.586325407 -301.281010 -335.606637 20.312225 -0.079035402 0.097020343 0.794445306 0.594303890
1561000928.684667587 -301.568821 -334.611526 20.272225 -0.078854486 0.097116890 0.794817989 0.593813644
1561000928.786396027 -301.862058 -333.588372 20.229710 -0.078061750 0.097618608 0.794896760 0.593730673
1561000928.884821177 -302.152795 -332.590708 20.190355 -0.077641545 0.098395158 0.794525560 0.594154288
1561000928.986545563 -302.447064 -331.578134 20.153297 -0.077315221 0.099201082 0.794560372 0.594016260
1561000929.086470127 -302.744158 -330.579278 20.112989 -0.076994389 0.099367165 0.794708039 0.593832605
1561000929.185882330 -303.034974 -329.590181 20.077392 -0.077099371 0.099488513 0.794546339 0.594015015
1561000929.286429644 -303.318251 -328.590331 20.039727 -0.077072198 0.099387029 0.794449753 0.594164695
1561000929.386607885 -303.608874 -327.595565 20.008143 -0.078278995 0.098579659 0.794274799 0.594375297
1561000929.484867334 -303.899637 -326.618741 19.970579 -0.078697610 0.097371932 0.794489526 0.594232098
1561000929.586496830 -304.187554 -325.634933 19.935133 -0.078726340 0.096011118 0.794531084 0.594394133
1561000929.687164307 -304.472499 -324.651971 19.899532 -0.079430537 0.094675054 0.794494534 0.594563587
1561000929.787766218 -304.747925 -323.676067 19.864586 -0.079661371 0.093125402 0.794475755 0.594802488
1561000929.889336348 -305.026646 -322.710159 19.827116 -0.079944663 0.091940270 0.794551384 0.594847826
1561000929.990787268 -305.319952 -321.728421 19.794377 -0.080697777 0.091991915 0.794640262 0.594619383
1561000930.090755701 -305.604652 -320.763743 19.749222 -0.081069783 0.092435272 0.794637765 0.594503350
1561000930.189323187 -305.875705 -319.802251 19.714570 -0.081330977 0.093546914 0.794469450 0.594518747
1561000930.290858030 -306.146856 -318.833449 19.681386 -0.081374464 0.094569259 0.794292240 0.594587832
1561000930.389357090 -306.424253 -317.879428 19.640108 -0.080263765 0.094472186 0.794135501 0.594963478
1561000930.490676165 -306.703992 -316.912438 19.601950 -0.079508992 0.094784029 0.793984062 0.595217286
1561000930.590530634 -306.975735 -315.962243 19.567172 -0.078997753 0.095283652 0.793947202 0.595254752
1561000930.689038277 -307.257390 -315.003554 19.532178 -0.078502558 0.095613950 0.793817852 0.595439786
1561000930.789439917 -307.535890 -314.043505 19.502740 -0.078752537 0.096016520 0.793505544 0.595758187
1561000930.890075684 -307.803095 -313.096856 19.465911 -0.078251292 0.095986534 0.793396426 0.595974356
1561000930.990764618 -308.066414 -312.163675 19.429849 -0.077612276 0.096096428 0.793520650 0.595874810
1561000931.090853214 -308.328769 -311.224678 19.395737 -0.076845029 0.096169406 0.793524235 0.595957696
1561000931.189340115 -308.594815 -310.283261 19.366272 -0.076577577 0.096677930 0.793817896 0.595518598
1561000931.290950537 -308.878888 -309.338334 19.336091 -0.076191711 0.096372075 0.793807357 0.595631703
1561000931.390582085 -309.143187 -308.399575 19.309983 -0.076741255 0.096093204 0.793919254 0.595457046
1561000931.489795208 -309.398632 -307.483614 19.277176 -0.076412000 0.095397472 0.793846216 0.595708581
1561000931.590565205 -309.661536 -306.561273 19.245232 -0.076858009 0.094765224 0.794043884 0.595488630
1561000931.688845873 -309.927917 -305.642352 19.216518 -0.077496233 0.094234221 0.794042438 0.595492110
1561000931.790276289 -310.199857 -304.717378 19.190993 -0.077776928 0.093688904 0.793780739 0.595890322
1561000931.888597488 -310.450960 -303.806951 19.156992 -0.077510890 0.093145580 0.793883048 0.595873870
1561000931.988764286 -310.711982 -302.886787 19.123208 -0.077988635 0.092801206 0.793529647 0.596335819
1561000932.090059042 -310.973015 -301.975690 19.094362 -0.078461519 0.092582363 0.793485480 0.596366572
1561000932.190312147 -311.238835 -301.066441 19.069232 -0.078485030 0.092514139 0.793378904 0.596515841
1561000932.290495634 -311.496103 -300.159994 19.035318 -0.078827928 0.091907503 0.793689496 0.596151115
1561000932.390627384 -311.745795 -299.272130 19.005685 -0.079800484 0.092162473 0.793313114 0.596483247
1561000932.490739584 -312.008686 -298.382868 18.980573 -0.080694676 0.092460201 0.793292778 0.596343901
1561000932.590719700 -312.248071 -297.510501 18.949028 -0.081007110 0.091907907 0.793631879 0.595935589
1561000932.689585924 -312.502729 -296.647860 18.920482 -0.079820072 0.091447715 0.793591578 0.596220160
1561000932.790583134 -312.751619 -295.775128 18.892279 -0.079697155 0.091697985 0.793813811 0.595902237
1561000932.890591383 -313.002426 -294.909537 18.865950 -0.079823955 0.092381536 0.793504535 0.596191530
1561000932.990682602 -313.240992 -294.061785 18.838566 -0.080254102 0.093069728 0.793666054 0.595811632
1561000933.090950012 -313.482979 -293.225686 18.816907 -0.080509611 0.093462062 0.793556314 0.595861916
1561000933.189150810 -313.707335 -292.413793 18.790640 -0.080451420 0.093529522 0.793773193 0.595570244
1561000933.290521383 -313.936031 -291.600322 18.759299 -0.080066789 0.093587110 0.794101766 0.595174888
1561000933.389219999 -314.171598 -290.800525 18.739325 -0.079896486 0.094266147 0.793714406 0.595607158
1561000933.490780592 -314.392277 -289.992839 18.714610 -0.079803577 0.094398976 0.793897699 0.595354236
1561000933.590929270 -314.620110 -289.224005 18.689911 -0.079224312 0.093601186 0.793981230 0.595446162
1561000933.690631628 -314.844984 -288.462632 18.667421 -0.078798096 0.093431804 0.794252095 0.595168017
1561000933.790601969 -315.062831 -287.720381 18.644732 -0.078503724 0.093131118 0.794378493 0.595085347
1561000933.889114618 -315.269430 -286.999899 18.620101 -0.078565344 0.093384515 0.794750430 0.594540641
1561000933.990475893 -315.464104 -286.292570 18.606255 -0.078799182 0.094180174 0.794509291 0.594706457
1561000934.090357304 -315.670134 -285.600365 18.592410 -0.079128322 0.094620713 0.794843599 0.594145842
1561000934.189001560 -315.871947 -284.925789 18.567175 -0.079226209 0.094439813 0.794853605 0.594148194
1561000934.290639400 -316.068759 -284.271811 18.550465 -0.079160617 0.094501034 0.794918692 0.594060118
1561000934.390070677 -316.250620 -283.643566 18.530353 -0.078800579 0.094623299 0.794840766 0.594192777
1561000934.490214348 -316.433238 -283.026703 18.513099 -0.078586102 0.094686497 0.794541530 0.594611175
1561000934.590579033 -316.598229 -282.438569 18.498424 -0.078376874 0.094223055 0.794455892 0.594826796
1561000934.688956261 -316.756322 -281.869432 18.491555 -0.075162543 0.090799934 0.794622473 0.595551080
1561000934.790589809 -316.915323 -281.308893 18.483123 -0.067312505 0.085786036 0.795453569 0.596123647
1561000934.890115023 -317.080363 -280.764534 18.471123 -0.060612418 0.082766523 0.795769569 0.596847242
1561000934.988935232 -317.230735 -280.221000 18.463887 -0.059683569 0.083757960 0.795943286 0.596570834
1561000935.090340137 -317.399512 -279.663610 18.464733 -0.064930615 0.087258710 0.795333358 0.596334455
1561000935.189188242 -317.553954 -279.112728 18.457310 -0.077425412 0.093018634 0.793932619 0.595838766
1561000935.290330410 -317.708630 -278.551921 18.434815 -0.091221764 0.100820176 0.792124500 0.595023242
1561000935.389291048 -317.853488 -278.006208 18.396333 -0.097719635 0.104545920 0.791220195 0.594551618
1561000935.490899563 -318.005990 -277.481587 18.372458 -0.093937161 0.102850938 0.791608041 0.594940505
1561000935.592148542 -318.158064 -276.962389 18.356090 -0.086029889 0.098212407 0.792411152 0.595850441
1561000935.691635370 -318.303949 -276.469453 18.329265 -0.078898688 0.092594329 0.793048922 0.596887506
1561000935.792062283 -318.452301 -275.967141 18.297494 -0.073280282 0.087703389 0.793432449 0.597831970
1561000935.891679287 -318.598757 -275.458702 18.278539 -0.072481920 0.086421814 0.793306460 0.598282962
1561000935.990610838 -318.757350 -274.930549 18.268962 -0.076396750 0.088650583 0.792472280 0.598575222
1561000936.091818094 -318.913895 -274.409493 18.261185 -0.080731018 0.091264821 0.791763048 0.598552012
1561000936.191116095 -319.056414 -273.897456 18.252541 -0.082466450 0.091671172 0.790560195 0.599841862
1561000936.291649580 -319.189603 -273.387183 18.232303 -0.081121350 0.090622497 0.789448429 0.601646131
1561000936.391624928 -319.312341 -272.888041 18.213545 -0.079626110 0.089320361 0.788009531 0.603922623
1561000936.492001772 -319.433351 -272.392647 18.187959 -0.078223793 0.089359987 0.785095383 0.607882448
1561000936.592185020 -319.546718 -271.886651 18.168054 -0.077674750 0.089777382 0.781322141 0.612733521
1561000936.692083359 -319.649569 -271.374115 18.154063 -0.077548925 0.090797470 0.777066161 0.617988807
1561000936.791993380 -319.751233 -270.857001 18.141789 -0.077525524 0.091674147 0.772272108 0.623844079
1561000936.890595198 -319.837840 -270.355103 18.129240 -0.077430395 0.092052908 0.767045796 0.630215473
1561000936.993040800 -319.914556 -269.830384 18.102136 -0.076848992 0.093139359 0.761183762 0.637195867
1561000937.092852831 -319.977168 -269.316379 18.083341 -0.075364660 0.095158364 0.754909268 0.644497518
1561000937.191867113 -320.028313 -268.814077 18.069743 -0.073678128 0.095490132 0.748407609 0.652180357
1561000937.293199539 -320.071306 -268.292028 18.057598 -0.072596719 0.095633612 0.741815652 0.659767738
1561000937.392804623 -320.108248 -267.772555 18.041459 -0.073118138 0.096056978 0.734550947 0.667728763
1561000937.493496656 -320.131961 -267.245173 18.019135 -0.072884853 0.097200692 0.726961868 0.675844854
1561000937.593643188 -320.140683 -266.725570 18.018711 -0.073081435 0.097025825 0.719827678 0.683442176
1561000937.692940712 -320.145996 -266.217187 18.014507 -0.073421743 0.094812108 0.711976250 0.691888525
1561000937.793377399 -320.147812 -265.695951 17.996215 -0.074205809 0.092836854 0.703437632 0.700749823
1561000937.892723322 -320.127225 -265.180338 17.968107 -0.074638472 0.091987151 0.695168773 0.709018927
1561000937.992430925 -320.099882 -264.676123 17.938004 -0.074016857 0.093247959 0.686318685 0.717490756
1561000938.094595432 -320.050702 -264.171528 17.919922 -0.074002212 0.094871107 0.677348232 0.725756515
1561000938.192024231 -319.997274 -263.674675 17.911682 -0.076210918 0.095461948 0.667933267 0.734128097
1561000938.292981863 -319.931290 -263.166538 17.906649 -0.079016024 0.095167400 0.658464235 0.742377589
1561000938.391936302 -319.839320 -262.678382 17.867706 -0.077189978 0.095036146 0.649184056 0.750712928
1561000938.493001699 -319.731323 -262.207098 17.845454 -0.070637541 0.096261070 0.639519089 0.759446825
1561000938.593028784 -319.607898 -261.739872 17.831444 -0.064838222 0.096097193 0.629663142 0.768170334
1561000938.692007065 -319.489187 -261.267107 17.841902 -0.063486815 0.094943467 0.618967980 0.777067437
1561000938.792706728 -319.364950 -260.798925 17.840851 -0.065986549 0.092808178 0.606893839 0.786582663
1561000938.892095804 -319.215599 -260.344884 17.820671 -0.069425396 0.091150722 0.594776977 0.795683359
1561000938.993275404 -319.051106 -259.898648 17.780061 -0.068528671 0.093666687 0.581734015 0.805056463
1561000939.093665838 -318.861623 -259.482434 17.752938 -0.064516644 0.097053056 0.568593819 0.814321420
1561000939.192321777 -318.671009 -259.078186 17.755773 -0.061723417 0.098868220 0.553388771 0.824727933
1561000939.293448925 -318.444787 -258.664241 17.760971 -0.060325019 0.098423391 0.537492460 0.835329625
1561000939.392318726 -318.208711 -258.260539 17.760393 -0.060164299 0.098602032 0.521543560 0.845369867
1561000939.493490458 -317.964739 -257.858667 17.740855 -0.060425888 0.099072373 0.506043031 0.854665916
1561000939.593824625 -317.702733 -257.466415 17.720013 -0.060456495 0.101269252 0.489685727 0.863885085
1561000939.692406416 -317.436340 -257.091497 17.694126 -0.059164230 0.104080466 0.473079152 0.872847619
1561000939.793422937 -317.144550 -256.727552 17.677110 -0.057677398 0.106784200 0.455307808 0.882023385
1561000939.892936945 -316.849157 -256.392890 17.665086 -0.055776115 0.108969340 0.436610354 0.891283404
1561000939.985515356 -316.543160 -256.079497 17.657033 -0.053369853 0.110873668 0.417975848 0.900086040
1561000940.085199356 -316.211991 -255.740877 17.639943 -0.051627152 0.111026828 0.398369186 0.909015771
1561000940.185336590 -315.855771 -255.428748 17.614913 -0.049364039 0.111279394 0.379278841 0.917239145
1561000940.285458326 -315.489949 -255.137904 17.586804 -0.046080680 0.112058159 0.359944328 0.925072765
1561000940.384671450 -315.101944 -254.868127 17.562155 -0.041713605 0.113077048 0.340577641 0.932459343
1561000940.485157967 -314.717568 -254.602722 17.547135 -0.036722867 0.113487035 0.321138832 0.939490274
1561000940.585116148 -314.314019 -254.357420 17.542038 -0.033229244 0.113746305 0.302618617 0.945716431
1561000940.683906555 -313.911128 -254.114348 17.537055 -0.032040496 0.112956518 0.284991119 0.951311880
1561000940.785336971 -313.491562 -253.883088 17.522679 -0.031132168 0.111792022 0.268386820 0.956295899
1561000940.885416746 -313.050828 -253.661114 17.490165 -0.027934751 0.110800129 0.253913444 0.960453509
1561000940.985521317 -312.601033 -253.438427 17.466312 -0.022779616 0.110608271 0.240927826 0.963950560
1561000941.085351467 -312.138481 -253.241941 17.453332 -0.018466177 0.110730639 0.230150236 0.966658468
1561000941.184454441 -311.671722 -253.029352 17.460738 -0.017271968 0.110872281 0.219466528 0.969145737
1561000941.285443783 -311.199691 -252.811033 17.463015 -0.018771936 0.110512285 0.210047442 0.971243904
1561000941.385291100 -310.701680 -252.623761 17.452270 -0.020600510 0.110544568 0.201673805 0.972976461
1561000941.484291553 -310.217381 -252.442681 17.434789 -0.020641884 0.110814866 0.193041776 0.974694235
1561000941.585270882 -309.728546 -252.255993 17.420538 -0.019515465 0.108956517 0.184268233 0.976623183
1561000941.683974504 -309.258841 -252.088007 17.406469 -0.015862901 0.102383935 0.177476942 0.978656136
1561000941.785223484 -308.756428 -251.937289 17.389651 -0.009728327 0.095035212 0.171925670 0.980466844
1561000941.885318756 -308.252395 -251.786863 17.390100 -0.002725727 0.092024840 0.166663929 0.981706236
1561000941.984332800 -307.738549 -251.621449 17.413688 -0.000135257 0.091858521 0.162451260 0.982431464
1561000942.085453749 -307.214401 -251.429552 17.446552 -0.005506585 0.095401134 0.158067995 0.982793371
1561000942.184547901 -306.672410 -251.247132 17.450167 -0.013955376 0.105948369 0.152813994 0.982460215
1561000942.285739899 -306.087177 -251.087230 17.406447 -0.017049586 0.118496603 0.149227935 0.981528854
1561000942.385679722 -305.505983 -250.947292 17.359794 -0.013145043 0.129044495 0.147557073 0.980510906
1561000942.485630989 -304.955852 -250.789996 17.348506 -0.007701052 0.130780455 0.146469024 0.980501908
1561000942.585217714 -304.430108 -250.605744 17.368144 -0.006523993 0.124388811 0.144620175 0.981615946
1561000942.683999300 -303.891882 -250.413555 17.371839 -0.009548296 0.114586401 0.142517769 0.983090775
1561000942.785313606 -303.324195 -250.237416 17.341267 -0.012349955 0.105068342 0.141464743 0.984274275
1561000942.885285854 -302.736699 -250.072454 17.292795 -0.011278540 0.100404887 0.140602339 0.984897272
1561000942.985298872 -302.108893 -249.915116 17.275504 -0.008954026 0.104205064 0.140475594 0.984544431
1561000943.085136175 -301.483249 -249.751638 17.278660 -0.008346878 0.109482909 0.140172758 0.984020030
1561000943.185180664 -300.867235 -249.576132 17.285199 -0.009234371 0.111538056 0.140192296 0.983778486
1561000943.285407305 -300.258812 -249.387091 17.283978 -0.011169580 0.110865396 0.139681236 0.983907138
1561000943.384799480 -299.640564 -249.202361 17.268293 -0.012198865 0.109287842 0.139362499 0.984116583
1561000943.485556602 -299.002128 -249.009497 17.252648 -0.012049856 0.108628272 0.139190296 0.984215810
1561000943.585467815 -298.367282 -248.821134 17.238546 -0.011215143 0.109154500 0.138625465 0.984247172
1561000943.685554981 -297.709080 -248.639076 17.228779 -0.011324332 0.110100746 0.138119735 0.984211626
1561000943.785513163 -297.056375 -248.454705 17.218205 -0.011307152 0.110578511 0.138175538 0.984150426
1561000943.885021925 -296.396416 -248.263264 17.210530 -0.011871989 0.110344419 0.137654758 0.984243025
1561000943.985436916 -295.733777 -248.071030 17.194373 -0.011632382 0.109892688 0.137555774 0.984310263
1561000944.085392952 -295.062737 -247.882681 17.183522 -0.011211725 0.109746352 0.137372975 0.984356999
1561000944.184352875 -294.378669 -247.702933 17.174232 -0.010762579 0.109209974 0.136719445 0.984512642
1561000944.285671473 -293.686341 -247.506375 17.169946 -0.010707426 0.108934794 0.136547122 0.984567644
1561000944.385811567 -292.982864 -247.309502 17.151756 -0.010348128 0.108192863 0.136440675 0.984668047
1561000944.485756397 -292.276848 -247.113852 17.141008 -0.009550126 0.108523065 0.136721412 0.984600830
1561000944.585425615 -291.555319 -246.918443 17.130429 -0.008896897 0.108942037 0.136871807 0.984539784
1561000944.684311628 -290.832306 -246.726101 17.125019 -0.009300451 0.109405835 0.137078860 0.984455815
1561000944.785470963 -290.102228 -246.489648 17.116433 -0.010523034 0.109635183 0.136580656 0.984487236
1561000944.885225534 -289.378827 -246.280240 17.098046 -0.009637685 0.109420364 0.137210913 0.984432560
1561000944.985531569 -288.629090 -246.068709 17.088090 -0.009108782 0.109507080 0.137697799 0.984359968
1561000945.084633112 -287.896727 -245.858959 17.077075 -0.009096157 0.108862819 0.137200450 0.984500982
1561000945.183940411 -287.146092 -245.651824 17.066539 -0.008990515 0.108839742 0.137412208 0.984474970
1561000945.285072088 -286.380451 -245.432702 17.054302 -0.009511785 0.109633578 0.137780998 0.984330433
1561000945.384062290 -285.609545 -245.227544 17.039130 -0.009654988 0.111011353 0.138079906 0.984132715
1561000945.484208822 -284.839211 -245.010575 17.023661 -0.009705209 0.112759279 0.137429823 0.984024490
1561000945.585441351 -284.051827 -244.778269 17.011131 -0.010017188 0.113493112 0.137919003 0.983868547
1561000945.684372187 -283.257312 -244.547472 16.994675 -0.009775465 0.112169050 0.137830199 0.984035254
1561000945.785652399 -282.452343 -244.304636 16.982214 -0.010259112 0.109871845 0.137893852 0.984280556
1561000945.885263205 -281.664182 -244.071470 16.970481 -0.010387304 0.107620548 0.138067491 0.984503575
1561000945.984427214 -280.847298 -243.840475 16.955124 -0.010960673 0.106424177 0.138242422 0.984602859
1561000946.085475206 -280.011144 -243.616645 16.940963 -0.011197029 0.107377988 0.139349798 0.984340504
1561000946.185406208 -279.190033 -243.363468 16.931019 -0.011711513 0.108913907 0.139768830 0.984106333
1561000946.285379171 -278.361918 -243.120277 16.921715 -0.012661047 0.109980488 0.140047758 0.983936286
1561000946.384283066 -277.530838 -242.879762 16.910414 -0.013116527 0.109455976 0.140465235 0.983929298
1561000946.485341549 -276.671319 -242.620261 16.892996 -0.012958182 0.107938081 0.141292390 0.983980649
1561000946.585278749 -275.832079 -242.377272 16.872225 -0.012140838 0.107555829 0.141937281 0.983940116
1561000946.685132027 -274.977194 -242.123738 16.865949 -0.012139469 0.108676770 0.142556689 0.983727393
1561000946.785168409 -274.129366 -241.866115 16.856092 -0.012742010 0.109406440 0.142686731 0.983620033
1561000946.885191917 -273.271297 -241.602098 16.843191 -0.013199262 0.109021217 0.142735274 0.983649732
1561000946.985146761 -272.399517 -241.333973 16.824818 -0.013160615 0.107699690 0.143121799 0.983739664
1561000947.085332155 -271.520811 -241.080683 16.816644 -0.012986851 0.106917300 0.143283554 0.983803769
1561000947.185409069 -270.627455 -240.818733 16.804643 -0.013619219 0.107389889 0.143676475 0.983686433
1561000947.285435200 -269.728556 -240.552907 16.788228 -0.013543437 0.109111587 0.143564414 0.983514360
1561000947.385713816 -268.818341 -240.291692 16.770570 -0.013469000 0.110695328 0.144000080 0.983274686
1561000947.485692024 -267.915408 -240.026996 16.753191 -0.012622283 0.110018820 0.143933885 0.983371534
1561000947.585533142 -267.006206 -239.755968 16.741931 -0.011527188 0.107717961 0.144321919 0.983582812
1561000947.685474157 -266.103946 -239.475824 16.734779 -0.011047034 0.104859693 0.144184151 0.983917343
1561000947.785414696 -265.183223 -239.204312 16.726084 -0.011133829 0.103979999 0.144565009 0.983953838
1561000947.885055780 -264.245856 -238.933299 16.715187 -0.011648341 0.106222971 0.144777241 0.983677054
1561000947.986113071 -263.293808 -238.653483 16.705863 -0.012293326 0.109529800 0.145246998 0.983237208
1561000948.085165501 -262.358587 -238.370431 16.691704 -0.012369047 0.110839638 0.144550941 0.983192050
1561000948.184691668 -261.414506 -238.074543 16.676813 -0.012638233 0.109663641 0.144297433 0.983357723
1561000948.285302401 -260.464278 -237.784537 16.661165 -0.012168195 0.107812953 0.144389269 0.983554798
1561000948.384161472 -259.506671 -237.496515 16.647593 -0.012109087 0.106447278 0.144446241 0.983695903
1561000948.485171080 -258.540666 -237.203895 16.638148 -0.012448480 0.106203138 0.144889724 0.983652833
1561000948.585386515 -257.565721 -236.925456 16.630753 -0.013938957 0.108260781 0.144563348 0.983456530
1561000948.685260296 -256.601319 -236.633153 16.623016 -0.015151441 0.111264874 0.144098785 0.983171451
1561000948.785410404 -255.630978 -236.337014 16.608732 -0.016305482 0.112583564 0.143693435 0.983062190
1561000948.884781599 -254.669206 -236.044969 16.589319 -0.016715441 0.112360951 0.143558850 0.983100436
1561000948.984304905 -253.707289 -235.763249 16.570270 -0.016405460 0.111076338 0.143340077 0.983283545
1561000949.085188627 -252.755051 -235.466330 16.554956 -0.015840924 0.109396437 0.142762560 0.983565115
1561000949.184095621 -251.805587 -235.185489 16.547268 -0.016136268 0.107352062 0.142284647 0.983854783
1561000949.284937620 -250.856424 -234.897471 16.543070 -0.016436356 0.106409815 0.142281913 0.983952567
1561000949.384917021 -249.905118 -234.613876 16.536410 -0.017208649 0.107005264 0.142099178 0.983901194
1561000949.484980345 -248.954291 -234.325480 16.528317 -0.017570348 0.109333447 0.141376767 0.983742898
1561000949.585278988 -247.996933 -234.040515 16.511446 -0.017834421 0.110799380 0.141036953 0.983622900
1561000949.684110165 -247.048403 -233.761805 16.491390 -0.017301531 0.110817888 0.140630080 0.983688585
1561000949.785906553 -246.090517 -233.480791 16.474222 -0.016555531 0.109315562 0.140634425 0.983868884
1561000949.884867191 -245.144186 -233.201614 16.461028 -0.015277923 0.107134133 0.140090767 0.984207011
1561000949.985026836 -244.205873 -232.930423 16.452362 -0.014405261 0.106120147 0.140737532 0.984237751
1561000950.084852219 -243.263462 -232.647192 16.453526 -0.014471011 0.106527066 0.140351287 0.984247982
1561000950.183718443 -242.308632 -232.365595 16.452669 -0.014999847 0.107678849 0.140139940 0.984144841
1561000950.284357786 -241.347022 -232.080348 16.442627 -0.015445590 0.108343447 0.140102132 0.984070386
1561000950.384089947 -240.391110 -231.795828 16.429809 -0.015421280 0.108136384 0.139631506 0.984160429
1561000950.485162020 -239.439805 -231.518993 16.418693 -0.015133331 0.107095686 0.139902052 0.984240272
1561000950.585227728 -238.480904 -231.240161 16.407008 -0.014384993 0.106239537 0.139738091 0.984367563
1561000950.684036016 -237.527324 -230.960596 16.401029 -0.014019584 0.106726412 0.139478830 0.984356937
1561000950.785015583 -236.557825 -230.684736 16.394448 -0.013682430 0.107730418 0.139560692 0.984240703
1561000950.885850191 -235.593567 -230.407301 16.382456 -0.014025381 0.108276743 0.139345050 0.984206479
1561000950.984353065 -234.640194 -230.125294 16.368089 -0.013713379 0.108181913 0.139298175 0.984227939
1561000951.084622860 -233.666326 -229.851771 16.353392 -0.013592087 0.107327427 0.139086246 0.984353135
1561000951.183506489 -232.702157 -229.566099 16.348839 -0.012933151 0.106855930 0.138951777 0.984432297
1561000951.284728765 -231.712392 -229.284215 16.338541 -0.012935324 0.105645183 0.139174494 0.984531479
1561000951.384571314 -230.727090 -229.004925 16.329278 -0.012090221 0.105150440 0.139222152 0.984588444
1561000951.485527039 -229.739729 -228.715339 16.321211 -0.011771856 0.105898059 0.139126484 0.984525696
1561000951.585792303 -228.755903 -228.430106 16.315728 -0.011097501 0.106794086 0.139240028 0.984420684
1561000951.683954239 -227.770352 -228.145389 16.308176 -0.011049922 0.107521415 0.139284910 0.984335694
1561000951.785044670 -226.769080 -227.853160 16.300255 -0.011018419 0.108623403 0.139491298 0.984185820
1561000951.883976698 -225.780932 -227.564450 16.285721 -0.010781166 0.107845801 0.139364099 0.984291978
1561000951.984986067 -224.777353 -227.268554 16.278070 -0.010273799 0.105863420 0.139809065 0.984449496
1561000952.084914684 -223.780140 -226.978411 16.278568 -0.010759222 0.104213198 0.139860860 0.984613015
1561000952.183744192 -222.772425 -226.684599 16.274075 -0.011603315 0.105241434 0.140351137 0.984424279
1561000952.284785032 -221.746677 -226.395654 16.266086 -0.012753761 0.107138524 0.140307010 0.984211675
1561000952.385110378 -220.739276 -226.097103 16.259316 -0.013136085 0.108038400 0.140348743 0.984102321
1561000952.484282970 -219.739162 -225.785576 16.250989 -0.013970433 0.106366748 0.140112017 0.984306642
1561000952.584971666 -218.721352 -225.483247 16.238048 -0.014508044 0.104359225 0.140469956 0.984462727
1561000952.683932304 -217.706023 -225.190186 16.229311 -0.015028876 0.104423553 0.140785564 0.984403007
1561000952.785142183 -216.667600 -224.890157 16.219613 -0.015111100 0.106719874 0.140935798 0.984133946
1561000952.885421753 -215.636927 -224.589430 16.210561 -0.015651766 0.108561628 0.140888113 0.983930859
1561000952.984917641 -214.622848 -224.288679 16.198085 -0.015260166 0.108803736 0.140753812 0.983929489
1561000953.085067034 -213.597754 -223.984441 16.188995 -0.014334086 0.107400948 0.141182254 0.984036148
1561000953.183916330 -212.564918 -223.680438 16.180889 -0.014280696 0.105640788 0.141510394 0.984180316
1561000953.285813093 -211.509607 -223.366781 16.171366 -0.014323583 0.105490645 0.141942335 0.984133595
1561000953.383930683 -210.474504 -223.061694 16.161022 -0.014333229 0.107073377 0.141936403 0.983963367
1561000953.485931873 -209.416126 -222.751178 16.156699 -0.013904428 0.108414133 0.142148359 0.983792095
1561000953.586206436 -208.373758 -222.439099 16.146307 -0.014220610 0.107683793 0.142172623 0.983864279
1561000953.684051275 -207.341854 -222.132635 16.136230 -0.013844173 0.105749970 0.142294178 0.984061812
1561000953.785928488 -206.277040 -221.818646 16.125010 -0.013446824 0.105114539 0.142804476 0.984061481
1561000953.885986567 -205.207506 -221.500206 16.115836 -0.013571002 0.106826827 0.142980954 0.983849736
1561000953.985918999 -204.153975 -221.185991 16.102803 -0.013756493 0.109096176 0.142941458 0.983603845
1561000954.085774899 -203.100731 -220.872643 16.094120 -0.013024908 0.109536276 0.142707821 0.983598817
1561000954.183897734 -202.044486 -220.552683 16.082988 -0.012326122 0.108007543 0.143014569 0.983732316
1561000954.285753012 -200.964387 -220.232933 16.074488 -0.011565355 0.105793849 0.143501041 0.983911254
1561000954.385541916 -199.910189 -219.912729 16.062789 -0.010636820 0.105090066 0.143788148 0.983955235
1561000954.485032558 -198.848164 -219.600692 16.060320 -0.010624285 0.105582553 0.143816870 0.983898449
1561000954.585534334 -197.772410 -219.281631 16.058806 -0.010175899 0.106286453 0.143781627 0.983832549
1561000954.683674097 -196.710195 -218.968954 16.053820 -0.009670787 0.105983850 0.143740652 0.983876275
1561000954.785400391 -195.612898 -218.643911 16.051923 -0.009681336 0.105800336 0.144107690 0.983842230
1561000954.883682489 -194.534854 -218.318580 16.048155 -0.009416218 0.106001764 0.144361349 0.983785933
1561000954.985439539 -193.428723 -217.978309 16.035659 -0.009321863 0.106234217 0.144532453 0.983736633
1561000955.086703777 -192.327886 -217.643736 16.025205 -0.010352751 0.106916526 0.144706227 0.983626852
1561000955.185409784 -191.256116 -217.307729 16.020189 -0.011860003 0.107189201 0.144743700 0.983574642
1561000955.286662579 -190.166538 -216.967354 16.011040 -0.012933044 0.106778147 0.144875699 0.983586395
1561000955.386850834 -189.086565 -216.625915 16.000380 -0.013056660 0.105877630 0.145111006 0.983647420
1561000955.485283613 -187.998665 -216.296676 15.991128 -0.013359013 0.105527099 0.145038612 0.983691704
1561000955.587283850 -186.885900 -215.957236 15.979846 -0.013603067 0.105793710 0.145211155 0.983634265
1561000955.685685873 -185.793029 -215.621459 15.969768 -0.013400001 0.106291698 0.145234688 0.983579890
1561000955.787601233 -184.667091 -215.285560 15.964385 -0.013333062 0.107157477 0.145445513 0.983455697
1561000955.888366222 -183.558489 -214.949989 15.948367 -0.013831139 0.107973566 0.145541175 0.983345400
1561000955.988884687 -182.452919 -214.617791 15.942505 -0.013124793 0.108639823 0.145601706 0.983272735
1561000956.088726044 -181.345239 -214.276321 15.934255 -0.013125075 0.106642013 0.145692200 0.983478010
1561000956.188635349 -180.239093 -213.935178 15.922844 -0.013216377 0.104523563 0.145671027 0.983707326
1561000956.288421392 -179.124063 -213.597733 15.918418 -0.012873379 0.104678771 0.146164910 0.983622107
1561000956.388401508 -178.016259 -213.257176 15.915564 -0.013585032 0.106043473 0.146047607 0.983483770
1561000956.486763477 -176.894892 -212.920094 15.905686 -0.013772609 0.107649277 0.145947682 0.983321525
1561000956.588392258 -175.768163 -212.573900 15.901218 -0.013818898 0.107996442 0.146129467 0.983255809
1561000956.687091112 -174.655255 -212.236782 15.891469 -0.014062713 0.107116896 0.146127439 0.983348861
1561000956.788536072 -173.524522 -211.895648 15.881789 -0.014114627 0.106138007 0.146561652 0.983389639
1561000956.887017727 -172.412818 -211.552735 15.878404 -0.014063920 0.106154233 0.146514548 0.983395634
1561000956.988505363 -171.295453 -211.201771 15.876900 -0.014352358 0.106207323 0.146711178 0.983356418
1561000957.088414669 -170.181870 -210.860210 15.868313 -0.015053904 0.107165252 0.146973480 0.983202820
1561000957.187021732 -169.088094 -210.527570 15.856721 -0.015009184 0.108149105 0.147532775 0.983011992
1561000957.288455248 -167.968811 -210.177450 15.849430 -0.014427838 0.108950298 0.147430413 0.982947579
1561000957.388379097 -166.882396 -209.841270 15.839950 -0.013982346 0.106919619 0.148012201 0.983089557
1561000957.488420963 -165.786445 -209.502435 15.834807 -0.013534450 0.105175519 0.148757030 0.983171539
1561000957.588378429 -164.687808 -209.160666 15.832420 -0.013214811 0.105673804 0.149296458 0.983040683
1561000957.687039614 -163.614249 -208.824461 15.829075 -0.013850791 0.107195797 0.149564141 0.982826426
1561000957.788133144 -162.518730 -208.481454 15.828229 -0.013832352 0.108089258 0.149635527 0.982717959
1561000957.889079094 -161.437836 -208.142342 15.822188 -0.013889908 0.107134093 0.150169111 0.982740350
1561000957.988786459 -160.377703 -207.803438 15.816760 -0.014584211 0.106085808 0.150447412 0.982801444
1561000958.090153933 -159.314576 -207.466554 15.814532 -0.014553489 0.106376460 0.150893659 0.982702065
1561000958.188767672 -158.262051 -207.134907 15.815567 -0.015160434 0.107090577 0.151145296 0.982576648
1561000958.290233135 -157.197820 -206.792454 15.814961 -0.016179099 0.106968631 0.151180104 0.982568331
1561000958.389962673 -156.168702 -206.466755 15.809476 -0.016716639 0.107347241 0.151222718 0.982511483
1561000958.489778042 -155.126962 -206.136371 15.801221 -0.016544288 0.109068485 0.151359907 0.982303686
1561000958.591312885 -154.105472 -205.817307 15.791854 -0.017049993 0.109571140 0.151489491 0.982219119
1561000958.689979792 -153.091708 -205.496458 15.786093 -0.017037645 0.108621615 0.151336977 0.982348300
1561000958.791182995 -152.081102 -205.182693 15.778703 -0.016905045 0.106836705 0.151452031 0.982528585
1561000958.891231060 -151.083531 -204.861794 15.772840 -0.015939375 0.106142939 0.151389383 0.982629568
1561000958.991314650 -150.117640 -204.550333 15.772612 -0.015991199 0.106274327 0.150920976 0.982686577
1561000959.091128826 -149.148961 -204.248061 15.768251 -0.014477507 0.104453351 0.151226509 0.982858302
1561000959.189853430 -148.195833 -203.940335 15.783280 -0.013224215 0.101482575 0.151379396 0.983163611
1561000959.292696953 -147.230767 -203.631973 15.792147 -0.014329564 0.100281004 0.151086411 0.983316470
1561000959.391457558 -146.285973 -203.328791 15.792302 -0.015389419 0.103633942 0.151083864 0.982953121
1561000959.491301537 -145.354270 -203.041241 15.792948 -0.015224088 0.107676688 0.150945258 0.982542359
1561000959.591312647 -144.441657 -202.752562 15.794150 -0.014280477 0.108351810 0.150657992 0.982526398
1561000959.689921856 -143.549444 -202.474040 15.786560 -0.013548056 0.106434561 0.150743888 0.982733135
1561000959.791233540 -142.636784 -202.188684 15.780876 -0.011971283 0.106436639 0.150948825 0.982721925
1561000959.891107559 -141.745955 -201.909787 15.780192 -0.010810932 0.107773215 0.150931929 0.982592291
1561000959.989674091 -140.865223 -201.639546 15.781091 -0.010629215 0.108085769 0.150881746 0.982567649
1561000960.090940475 -139.984968 -201.359283 15.782118 -0.010371620 0.106979141 0.150691026 0.982720768
1561000960.189781189 -139.120461 -201.089284 15.776470 -0.010696456 0.105453304 0.150324766 0.982938274
1561000960.291163206 -138.257270 -200.814698 15.771429 -0.010470837 0.104963745 0.150209637 0.983010701
1561000960.391526222 -137.408673 -200.545896 15.772966 -0.010106876 0.106274122 0.149722832 0.982947982
1561000960.491475821 -136.561089 -200.284595 15.774896 -0.009970693 0.107285678 0.148903425 0.982963956
1561000960.591658831 -135.725622 -200.023736 15.780497 -0.010948982 0.107941535 0.148093077 0.983004163
1561000960.690536022 -134.897110 -199.759641 15.781297 -0.012447206 0.107814643 0.147427101 0.983100361
1561000960.791438580 -134.069321 -199.500758 15.773501 -0.013355322 0.106413968 0.146662295 0.983355416
1561000960.891407728 -133.249548 -199.248744 15.767205 -0.013656077 0.105388368 0.145966545 0.983565235
1561000960.990225315 -132.440181 -199.004519 15.762766 -0.013978953 0.104553177 0.145751549 0.983681711
1561000961.090926886 -131.633356 -198.759129 15.758464 -0.014066955 0.104786457 0.145357072 0.983714004
1561000961.189651489 -130.842263 -198.522131 15.754714 -0.013913585 0.104974341 0.145780259 0.983633527
1561000961.291135073 -130.041225 -198.273957 15.755919 -0.014139044 0.104843552 0.146085919 0.983598913
1561000961.392426968 -129.241159 -198.018496 15.755831 -0.014655323 0.103892308 0.146290103 0.983661942
1561000961.492033958 -128.433671 -197.777514 15.752071 -0.014806731 0.102966486 0.146569567 0.983715419
1561000961.592827797 -127.648102 -197.527899 15.744799 -0.014439457 0.102770811 0.147561262 0.983593075
1561000961.692653179 -126.864772 -197.289625 15.746672 -0.013873521 0.103313589 0.147528239 0.983549311
1561000961.791678667 -126.082079 -197.047209 15.750291 -0.013965630 0.103591868 0.147681335 0.983495760
1561000961.891368389 -125.305350 -196.807865 15.753648 -0.014678532 0.102922766 0.147634331 0.983562682
1561000961.992475271 -124.514644 -196.566928 15.747792 -0.014397425 0.102367321 0.147481804 0.983647682
1561000962.092440605 -123.752872 -196.335741 15.746945 -0.013511966 0.102694078 0.147389041 0.983640089
1561000962.191398144 -122.993450 -196.102888 15.747295 -0.012906504 0.103250816 0.146291197 0.983753819
1561000962.284523726 -122.264960 -195.880558 15.752302 -0.012475083 0.103709260 0.144764285 0.983937022
1561000962.384649754 -121.501467 -195.655211 15.758258 -0.011754366 0.102286193 0.142702949 0.984395875
1561000962.483613014 -120.758320 -195.438263 15.763568 -0.011349692 0.100745230 0.140603000 0.984861604
1561000962.584870100 -120.023009 -195.227320 15.774734 -0.010435466 0.100040595 0.136761273 0.985484315
1561000962.683688641 -119.314216 -195.026573 15.783010 -0.011517304 0.100004383 0.132134886 0.986106915
1561000962.784689188 -118.603822 -194.835997 15.798777 -0.013145413 0.101053958 0.125706635 0.986819709
1561000962.884744883 -117.907505 -194.665899 15.806864 -0.015300123 0.102175690 0.118630976 0.987548847
1561000962.984386444 -117.221232 -194.511475 15.809477 -0.015188497 0.103215634 0.109755503 0.988468296
1561000963.084700346 -116.525093 -194.377226 15.817266 -0.015395030 0.104438223 0.099728508 0.989398744
1561000963.183694601 -115.850013 -194.260874 15.822900 -0.016325332 0.105229863 0.088989243 0.990323722
1561000963.284952402 -115.174819 -194.157688 15.828458 -0.017096977 0.105355629 0.076408780 0.991347357
1561000963.384372950 -114.509325 -194.072331 15.820604 -0.017079375 0.103419222 0.063208911 0.992480425
1561000963.485167742 -113.854121 -194.020816 15.822613 -0.016354688 0.101014465 0.048282621 0.993578075
1561000963.585233450 -113.200380 -193.986547 15.829157 -0.016317162 0.099017057 0.032921571 0.994407131
1561000963.683647394 -112.557779 -193.970422 15.830706 -0.015482573 0.098123264 0.016364015 0.994919260
1561000963.784937859 -111.903887 -193.984266 15.831814 -0.014009661 0.097184063 -0.000290306 0.995167776
1561000963.884650707 -111.249118 -194.023512 15.837498 -0.011595394 0.095923412 -0.017961471 0.995159099
1561000963.983434916 -110.607528 -194.086562 15.852473 -0.009788525 0.094627007 -0.035342338 0.994837089
1561000964.084925890 -109.982081 -194.167595 15.871991 -0.008447791 0.094049616 -0.054067700 0.994062366
1561000964.183969259 -109.355604 -194.275133 15.887225 -0.007003791 0.092166825 -0.072638512 0.993065894
1561000964.285007715 -108.725182 -194.408696 15.900138 -0.004637692 0.091134576 -0.091138450 0.991648508
1561000964.385648012 -108.125255 -194.558038 15.910300 -0.001546263 0.090344999 -0.109450292 0.989876772
1561000964.484849691 -107.518056 -194.735584 15.924409 0.001465159 0.090282864 -0.127536409 0.987715203
1561000964.584822893 -106.918139 -194.932631 15.942841 0.004690435 0.089968692 -0.145114276 0.985304766
1561000964.683777809 -106.344017 -195.153379 15.965334 0.007661813 0.089333619 -0.163437532 0.982470852
1561000964.783824682 -105.774141 -195.389953 15.994437 0.008932058 0.088902273 -0.182296529 0.979175459
1561000964.884946346 -105.212550 -195.652711 16.007201 0.010918872 0.086749130 -0.201675716 0.975542040
1561000964.984812975 -104.668112 -195.939705 16.024392 0.013613698 0.084433828 -0.220209916 0.971696037
1561000965.085591793 -104.136621 -196.240291 16.046338 0.016848328 0.082280931 -0.239057545 0.967366256
1561000965.183646679 -103.629972 -196.560871 16.075921 0.018840013 0.080544709 -0.257008003 0.962862654
1561000965.284957170 -103.114853 -196.906585 16.103430 0.020133066 0.079679955 -0.275766724 0.957704797
1561000965.384976149 -102.616317 -197.264483 16.127391 0.020889261 0.079641482 -0.294451280 0.952113080
1561000965.483543396 -102.134928 -197.642731 16.135010 0.023143152 0.078955054 -0.312407372 0.946378427
1561000965.584986448 -101.673455 -198.048050 16.160381 0.028418507 0.076281958 -0.329808311 0.940531727
1561000965.684486866 -101.237266 -198.454404 16.199457 0.030297305 0.074000385 -0.348268226 0.933978190
1561000965.785499334 -100.799246 -198.875776 16.243533 0.028944406 0.074274239 -0.366989440 0.926803275
1561000965.884537458 -100.370939 -199.311623 16.276028 0.026551398 0.076553909 -0.385588107 0.919106269
1561000965.983076572 -99.962634 -199.767212 16.295443 0.028884332 0.079919841 -0.402289889 0.911559850
1561000966.084619522 -99.572155 -200.260403 16.297589 0.033390120 0.079923743 -0.418523077 0.904066220
1561000966.183230400 -99.223183 -200.750558 16.325336 0.036272881 0.076307984 -0.435038021 0.896439228
1561000966.284712315 -98.866531 -201.252159 16.365011 0.035039501 0.072995773 -0.451947661 0.888362067
1561000966.384607792 -98.538153 -201.764295 16.378621 0.033906451 0.070550920 -0.468731334 0.879865818
1561000966.483518124 -98.219258 -202.300776 16.387318 0.037700796 0.070332711 -0.484014524 0.871413736
1561000966.585576057 -97.926865 -202.877235 16.402655 0.046521697 0.069557902 -0.497364075 0.863496617
1561000966.683497667 -97.664128 -203.446080 16.428147 0.053160340 0.068939873 -0.510287853 0.855586103
1561000966.784542799 -97.400954 -204.020727 16.468581 0.056477856 0.068512261 -0.523593733 0.847328699
1561000966.884462595 -97.146888 -204.606976 16.500017 0.056175791 0.066214833 -0.535557116 0.840022888
1561000966.983263731 -96.903805 -205.184245 16.512407 0.056455580 0.062908222 -0.546272166 0.833331893
1561000967.084389925 -96.664100 -205.793624 16.517770 0.059453995 0.060426065 -0.554357824 0.827950069
1561000967.183247328 -96.435153 -206.409652 16.537326 0.063817740 0.059474856 -0.560581741 0.823491438
1561000967.284685612 -96.214331 -207.040801 16.568927 0.067630747 0.060424882 -0.565445633 0.819784210
1561000967.384592533 -95.993794 -207.666575 16.609292 0.069236924 0.061337241 -0.569844276 0.816530154
1561000967.483224154 -95.770042 -208.275291 16.636225 0.066031483 0.061072585 -0.574010767 0.813892881
1561000967.584946394 -95.537543 -208.910780 16.651417 0.062962188 0.059251526 -0.577583628 0.811740212
1561000967.683718204 -95.330713 -209.543206 16.659894 0.062469509 0.056814474 -0.580454686 0.809902484
1561000967.784705877 -95.127586 -210.201877 16.659247 0.066180658 0.055180672 -0.582339970 0.808365866
1561000967.884687185 -94.945374 -210.856638 16.694889 0.072590446 0.055568008 -0.583458771 0.806981218
1561000967.984691620 -94.724007 -211.514230 16.743645 0.073677757 0.058923673 -0.585529554 0.805142677
1561000968.084750652 -94.501745 -212.171005 16.777867 0.070459421 0.062287487 -0.587741252 0.803564534
1561000968.183260441 -94.284852 -212.833991 16.777800 0.066860537 0.062273789 -0.589462385 0.802611824
1561000968.284327745 -94.086294 -213.499546 16.775896 0.067723971 0.058849704 -0.590989914 0.801673935
1561000968.383413315 -93.890222 -214.173065 16.792151 0.069900196 0.055272014 -0.591691913 0.801223843
1561000968.483355999 -93.683557 -214.851650 16.827586 0.070466469 0.054367258 -0.592689794 0.800498274
1561000968.584438324 -93.478510 -215.546318 16.857351 0.069360523 0.055309752 -0.593566877 0.799880185
1561000968.683402777 -93.268071 -216.225281 16.885545 0.067946611 0.056670122 -0.594249883 0.799399044
1561000968.784822464 -93.056398 -216.920236 16.903201 0.067213791 0.057027557 -0.594082629 0.799559875
1561000968.885429621 -92.846479 -217.629881 16.921674 0.068510141 0.056438949 -0.594307930 0.799324145
1561000968.983834982 -92.646083 -218.325362 16.944853 0.070285835 0.056148622 -0.594058546 0.799375805
1561000969.084949970 -92.433238 -219.027666 16.973802 0.071316754 0.056504620 -0.594339840 0.799050250
1561000969.183634043 -92.219740 -219.731766 17.000921 0.070868921 0.057095465 -0.594785681 0.798716281
1561000969.283847332 -92.004899 -220.451388 17.020428 0.069825834 0.057193739 -0.594511310 0.799005338
1561000969.383179426 -91.787813 -221.178984 17.035984 0.068993305 0.056873998 -0.594677704 0.798976658
1561000969.484140873 -91.563877 -221.909126 17.059167 0.069188749 0.056362742 -0.594714351 0.798968709
1561000969.584017515 -91.346825 -222.635180 17.084023 0.068208265 0.056076051 -0.594339047 0.799352367
1561000969.683040142 -91.129654 -223.373491 17.107761 0.067975683 0.056532203 -0.594667890 0.799095437
1561000969.784004211 -90.908780 -224.118072 17.127871 0.068786432 0.056882274 -0.594475019 0.799144721
1561000969.883886576 -90.688514 -224.857697 17.156944 0.069638480 0.057205571 -0.594652926 0.798915454
1561000969.984343052 -90.467396 -225.599902 17.185408 0.069793904 0.057666977 -0.594454234 0.799016580
1561000970.084389687 -90.249578 -226.336137 17.214452 0.068917700 0.057173947 -0.594586548 0.799029616
1561000970.183631182 -90.021826 -227.090496 17.239417 0.067764519 0.056030623 -0.594560273 0.799228767
1561000970.284636497 -89.801147 -227.853251 17.263104 0.067731529 0.055149346 -0.594318255 0.799472827
1561000970.384439945 -89.565581 -228.620489 17.295240 0.068434418 0.056280674 -0.594375270 0.799291721
1561000970.485275269 -89.342893 -229.385817 17.320233 0.069316990 0.057567904 -0.594120303 0.799313553
1561000970.584341288 -89.113002 -230.135029 17.352570 0.069787773 0.058600526 -0.594050031 0.799249777
1561000970.684443235 -88.885757 -230.887993 17.378741 0.068581490 0.058356545 -0.594082207 0.799348124
1561000970.784308672 -88.657683 -231.634293 17.406825 0.068245784 0.056960386 -0.593594897 0.799839437
1561000970.883879185 -88.428225 -232.382260 17.428062 0.067336357 0.056563972 -0.593069111 0.800334531
1561000970.983227730 -88.201709 -233.122707 17.451830 0.067881972 0.057735809 -0.592310710 0.800766281
1561000971.084427357 -87.967125 -233.868154 17.479594 0.068313073 0.060318004 -0.591517937 0.801125204
1561000971.183258295 -87.733030 -234.596670 17.516634 0.067773412 0.061492024 -0.590652033 0.801720445
1561000971.284656525 -87.497526 -235.340241 17.534929 0.065620940 0.060310470 -0.589478893 0.802851900
1561000971.383232355 -87.269287 -236.061609 17.559631 0.065814141 0.057951797 -0.587911010 0.804158400
1561000971.483886957 -87.032430 -236.777818 17.593322 0.065121882 0.057831463 -0.586392811 0.805331071
1561000971.585474491 -86.789750 -237.498884 17.626338 0.064006323 0.059663974 -0.585056875 0.806257932
1561000971.684720755 -86.547202 -238.209549 17.650692 0.063283319 0.062496693 -0.583779442 0.807025989
1561000971.785248280 -86.308814 -238.921971 17.674453 0.064306955 0.064289544 -0.581740166 0.808275850
1561000971.884037495 -86.062824 -239.608537 17.706470 0.064665065 0.065320766 -0.579792878 0.809562749
1561000971.985054255 -85.807260 -240.304994 17.737340 0.062714275 0.066396890 -0.577289019 0.811415899
1561000972.085093737 -85.554571 -240.971342 17.763705 0.060140857 0.066614351 -0.574546622 0.813536591
1561000972.183376312 -85.307574 -241.630829 17.782543 0.057872194 0.065939746 -0.570642698 0.816498420
1561000972.285013199 -85.052052 -242.294761 17.800000 0.056952425 0.065113908 -0.566385570 0.819587693
1561000972.383723259 -84.795350 -242.936439 17.820301 0.057995191 0.064890471 -0.561488352 0.822895263
1561000972.485286236 -84.533286 -243.566237 17.847406 0.059600896 0.065433913 -0.555987000 0.826465119
1561000972.585299015 -84.264679 -244.183777 17.864945 0.061707465 0.065781434 -0.549933850 0.830323884
1561000972.685008764 -83.989363 -244.786109 17.890119 0.063066768 0.066893204 -0.542672800 0.834897667
1561000972.785479307 -83.692867 -245.369319 17.923222 0.061451579 0.068280216 -0.534975349 0.839858852
1561000972.884397268 -83.393078 -245.924233 17.955118 0.058985576 0.068580921 -0.526344167 0.845446141
1561000972.985361814 -83.089444 -246.470318 17.970016 0.056521252 0.067195481 -0.517015305 0.851460680
1561000973.085532427 -82.785618 -246.998291 17.980187 0.056210785 0.065261359 -0.505558464 0.858482348
1561000973.183577061 -82.473954 -247.501236 18.001791 0.056281554 0.065533581 -0.493398267 0.865503256
1561000973.283831596 -82.133513 -247.986079 18.022328 0.055530923 0.067922352 -0.480593905 0.872543620
1561000973.383857250 -81.787316 -248.449911 18.051484 0.053939887 0.072007607 -0.466984771 0.879676427
1561000973.483830929 -81.426075 -248.904573 18.073620 0.052011813 0.074781450 -0.452457116 0.887121787
1561000973.584774017 -81.060204 -249.329768 18.092908 0.049909681 0.077178855 -0.435977467 0.895251974
1561000973.683710814 -80.685716 -249.722379 18.107179 0.048355584 0.077815080 -0.419499684 0.903120460
1561000973.785025597 -80.300791 -250.104882 18.121708 0.046491501 0.078023626 -0.401251909 0.911453652
1561000973.883437157 -79.917588 -250.441269 18.136615 0.044471772 0.078978940 -0.382381138 0.919548397
1561000973.985337496 -79.509829 -250.777013 18.152451 0.042097060 0.079892374 -0.363238287 0.927309546
1561000974.085320950 -79.093649 -251.079213 18.172507 0.038737868 0.081205186 -0.343714447 0.934754232
1561000974.183490753 -78.675525 -251.350602 18.179853 0.035662723 0.081931251 -0.323293513 0.942070456
1561000974.285704136 -78.243221 -251.597331 18.182427 0.034231694 0.083951002 -0.301763895 0.949062154
1561000974.384006262 -77.808067 -251.825958 18.179992 0.034566689 0.086540400 -0.278877403 0.955794589
1561000974.485372782 -77.374527 -252.045651 18.178839 0.036332507 0.088264510 -0.254733872 0.962288927
1561000974.586887360 -76.926423 -252.236977 18.212901 0.035592380 0.090535905 -0.230792127 0.968127795
1561000974.685586214 -76.482674 -252.373975 18.248852 0.029554850 0.091548008 -0.206380541 0.973731249
1561000974.786907196 -76.029244 -252.474307 18.273701 0.021541134 0.091780772 -0.181490210 0.978863409
1561000974.885524750 -75.572528 -252.555153 18.257478 0.014790248 0.090184863 -0.155970909 0.983524791
1561000974.985458374 -75.104735 -252.623797 18.234991 0.013332692 0.090028172 -0.128495488 0.987525229
1561000975.087263584 -74.637919 -252.682533 18.226413 0.014956537 0.091469353 -0.099876710 0.990673661
1561000975.186519623 -74.182051 -252.698595 18.239089 0.013611565 0.094496223 -0.072720972 0.992772305
1561000975.287033558 -73.713835 -252.683327 18.274644 0.007782075 0.098970036 -0.045747839 0.994007800
1561000975.385408640 -73.253724 -252.644817 18.289460 -0.001141823 0.102308967 -0.018721187 0.994575834
1561000975.487001896 -72.790735 -252.574822 18.283696 -0.008309832 0.104418740 0.008402075 0.994463211
1561000975.587198019 -72.346925 -252.474417 18.280854 -0.015503819 0.104695673 0.035561302 0.993747373
1561000975.685003996 -71.928547 -252.353186 18.259563 -0.021157837 0.101828239 0.062968735 0.992581631
1561000975.786659002 -71.500239 -252.220450 18.240669 -0.022305217 0.098287461 0.090548577 0.990778990
1561000975.885049582 -71.067665 -252.095809 18.231261 -0.021496369 0.096028517 0.119148775 0.987987854
1561000975.985083580 -70.645336 -251.927270 18.237876 -0.020581370 0.095794876 0.146918549 0.984283846
1561000976.086943388 -70.244326 -251.725624 18.249404 -0.022278660 0.095965783 0.173854340 0.979831056
1561000976.187207937 -69.872482 -251.512276 18.268163 -0.028642331 0.095970257 0.199606989 0.974744262
1561000976.287299633 -69.508513 -251.263530 18.277842 -0.037376553 0.095441413 0.223508302 0.969297668
1561000976.385954142 -69.140211 -250.994982 18.259668 -0.045223761 0.093822127 0.246569964 0.963512051
1561000976.485713482 -68.768342 -250.736125 18.223402 -0.048773925 0.092690911 0.269303873 0.957342636
1561000976.587063551 -68.406256 -250.463612 18.197779 -0.047923754 0.094046375 0.291060202 0.950864108
1561000976.685241222 -68.059972 -250.180965 18.190590 -0.045618350 0.096122199 0.310238604 0.944685925
1561000976.787432194 -67.715778 -249.870233 18.199141 -0.045508200 0.097160610 0.328998698 0.938215688
1561000976.885406971 -67.397888 -249.549868 18.206915 -0.048221977 0.096343785 0.345933276 0.932052941
1561000976.988823652 -67.082903 -249.200634 18.204757 -0.051900892 0.095028797 0.361916707 0.925900709
1561000977.088373184 -66.759446 -248.848355 18.190368 -0.054769901 0.093999156 0.377659835 0.919531112
1561000977.188319206 -66.440027 -248.483248 18.173549 -0.055933972 0.093970623 0.392586195 0.913190557
1561000977.288352728 -66.117687 -248.099951 18.171873 -0.056878376 0.093926978 0.407091536 0.906762954
1561000977.387111187 -65.809891 -247.696958 18.169941 -0.059248669 0.092466974 0.418844739 0.901392555
1561000977.488684177 -65.497437 -247.264529 18.167583 -0.062820623 0.090398627 0.428748357 0.896691978
1561000977.589176416 -65.197191 -246.844897 18.152598 -0.065351958 0.087830336 0.436346556 0.893093856
1561000977.688554764 -64.891270 -246.431240 18.131540 -0.065744262 0.086271822 0.443686132 0.889593998
1561000977.788650036 -64.579183 -245.994063 18.113565 -0.064876812 0.086118967 0.449319056 0.886840971
1561000977.886802435 -64.258781 -245.550548 18.106225 -0.064973744 0.087252641 0.454686562 0.883982759
1561000977.988249302 -63.946063 -245.076033 18.105009 -0.066904676 0.088309414 0.459195384 0.881399348
1561000978.088636637 -63.648281 -244.610321 18.098712 -0.069443912 0.088525288 0.462566590 0.879416265
1561000978.187677383 -63.347749 -244.146440 18.086074 -0.071219283 0.088568890 0.466445234 0.877218450
1561000978.288118839 -63.043798 -243.671250 18.074953 -0.072488740 0.088318681 0.469409612 0.875556857
1561000978.386617661 -62.744893 -243.189146 18.059383 -0.072823216 0.087750366 0.472775078 0.873773642
1561000978.487805843 -62.437076 -242.704913 18.034510 -0.072056655 0.087467315 0.476025839 0.872099024
1561000978.587914228 -62.126727 -242.215558 18.015377 -0.070946835 0.087358138 0.479366320 0.870369481
1561000978.687939882 -61.819919 -241.719344 18.007650 -0.070531804 0.087637137 0.482043400 0.868895366
1561000978.788264513 -61.522565 -241.216849 18.004152 -0.071105355 0.088261126 0.484436521 0.867453318
1561000978.886841297 -61.233883 -240.699664 17.993758 -0.072563091 0.087958408 0.486417293 0.866254081
1561000978.988387108 -60.924912 -240.163968 17.974756 -0.073328077 0.087377497 0.488906416 0.864846046
1561000979.086934328 -60.615008 -239.638584 17.948014 -0.073079329 0.087227414 0.490710902 0.863859711
1561000979.187030792 -60.282802 -239.098855 17.927580 -0.071152933 0.087267343 0.493333097 0.862521957
1561000979.287875175 -59.959396 -238.547779 17.915058 -0.070607439 0.087447284 0.495526510 0.861290335
1561000979.386244774 -59.639055 -237.992829 17.905282 -0.071283372 0.088024604 0.497622969 0.859966122
1561000979.487649918 -59.313558 -237.418020 17.888629 -0.072546942 0.088611526 0.499707844 0.858590129
1561000979.588452578 -58.998947 -236.843871 17.870208 -0.072794974 0.089044635 0.501102658 0.857710949
1561000979.686301947 -58.693996 -236.277786 17.855072 -0.072335365 0.089681588 0.502758961 0.856713625
1561000979.789393663 -58.370495 -235.685842 17.839154 -0.071294038 0.089343704 0.505131553 0.855439640
1561000979.888055325 -58.057535 -235.109650 17.820763 -0.071003136 0.088736673 0.507016217 0.854411442
1561000979.989781141 -57.755378 -234.513245 17.816104 -0.071060955 0.086086747 0.508222344 0.853961042
1561000980.088529825 -57.449414 -233.916362 17.818895 -0.069235441 0.077835455 0.509987143 0.853850812
1561000980.190017700 -57.145185 -233.318555 17.812208 -0.067196211 0.070826683 0.511942871 0.853453424
1561000980.290025949 -56.829120 -232.718088 17.798629 -0.067136063 0.069065032 0.513663752 0.852568074
1561000980.388288260 -56.499935 -232.099824 17.771400 -0.069446268 0.077224327 0.514552823 0.851145705
1561000980.489541292 -56.154072 -231.453209 17.757663 -0.074068876 0.093240920 0.514088173 0.849431152
1561000980.589478970 -55.825754 -230.805149 17.750656 -0.080554111 0.106404476 0.513321035 0.847756237
1561000980.688309193 -55.519571 -230.169752 17.747641 -0.085483313 0.108201452 0.513206512 0.847115178
1561000980.789653301 -55.199568 -229.527791 17.712489 -0.083927468 0.099756067 0.514499381 0.847523034
1561000980.888385773 -54.874904 -228.903705 17.662671 -0.077144241 0.090398862 0.516768924 0.847836477
1561000980.989814758 -54.546050 -228.265859 17.618901 -0.070588882 0.085645878 0.518610206 0.847776767
1561000981.088310719 -54.215816 -227.613460 17.611388 -0.070696339 0.086621448 0.519657104 0.847027300
1561000981.188538790 -53.891185 -226.936462 17.601703 -0.074667226 0.089020581 0.519339970 0.846632233
1561000981.289541245 -53.570544 -226.261271 17.582190 -0.077635245 0.090073574 0.519357597 0.846242995
1561000981.388079643 -53.235667 -225.599304 17.548739 -0.077503408 0.089499930 0.519464876 0.846250097
1561000981.489538670 -52.882519 -224.922837 17.514663 -0.074773304 0.088867706 0.519859219 0.846320197
1561000981.590112925 -52.541797 -224.244942 17.492495 -0.072101921 0.088665955 0.520192539 0.846368350
1561000981.690110922 -52.198297 -223.560601 17.476086 -0.071123636 0.088842935 0.520490907 0.846249122
1561000981.791241646 -51.844550 -222.866632 17.464732 -0.071249889 0.090016211 0.519663338 0.846623027
1561000981.890524149 -51.510670 -222.187592 17.452448 -0.072664525 0.090838968 0.519058992 0.846785635
1561000981.991343975 -51.170262 -221.499415 17.432848 -0.073119945 0.091350115 0.518371574 0.847112473
1561000982.089827299 -50.816833 -220.818164 17.404646 -0.072406954 0.091656479 0.517387527 0.847741983
1561000982.190962315 -50.458367 -220.140075 17.373817 -0.071037317 0.091862971 0.516611202 0.848308765
1561000982.290940762 -50.110606 -219.466956 17.365048 -0.070526981 0.092954557 0.515334943 0.849008417
1561000982.389489651 -49.767458 -218.798294 17.350872 -0.071708518 0.092772896 0.514185368 0.849626086
1561000982.491021633 -49.413045 -218.100377 17.335698 -0.072957200 0.093177668 0.512583531 0.850442998
1561000982.591684818 -49.067416 -217.419114 17.312774 -0.074491564 0.093712789 0.510901656 0.851262837
1561000982.692216396 -48.716460 -216.744100 17.287817 -0.075607957 0.094166760 0.508339149 0.852647270
1561000982.792111158 -48.343156 -216.077445 17.262646 -0.075628350 0.094465780 0.505687554 0.854187724
1561000982.891155481 -47.985321 -215.423346 17.236318 -0.074395130 0.094250275 0.503205429 0.855784171
1561000982.992078066 -47.617611 -214.764835 17.217814 -0.074065659 0.093601106 0.499748696 0.857906960
1561000983.091119051 -47.251315 -214.116380 17.195725 -0.074713087 0.093670573 0.495917538 0.860063703
1561000983.192522049 -46.868935 -213.452744 17.172586 -0.075976616 0.094583050 0.491652650 0.862298830
1561000983.292391062 -46.488569 -212.814680 17.150197 -0.076642270 0.095225337 0.486750618 0.864946203
1561000983.391312599 -46.111273 -212.178629 17.132865 -0.078175168 0.094978855 0.481065329 0.868011411
1561000983.492416382 -45.707237 -211.549016 17.102264 -0.077492187 0.094126054 0.474802741 0.871606336
1561000983.591967583 -45.297277 -210.941072 17.073460 -0.076449621 0.093038270 0.468423668 0.875259163
1561000983.691625118 -44.877012 -210.332045 17.049732 -0.074984793 0.092413202 0.461741848 0.878994623
1561000983.792779207 -44.446045 -209.726867 17.030057 -0.074085837 0.092469764 0.453906768 0.883136047
1561000983.892564774 -44.012766 -209.134967 17.014464 -0.073670139 0.091943397 0.446929055 0.886777053
1561000983.992566824 -43.577858 -208.562574 16.997566 -0.073085341 0.090798881 0.439237142 0.890777654
1561000984.091455460 -43.123165 -207.993226 16.982603 -0.071226017 0.088504605 0.431700553 0.894834299
1561000984.192534924 -42.649378 -207.432071 16.969632 -0.068294047 0.087362324 0.424096457 0.898802505
1561000984.292322159 -42.166383 -206.892423 16.953649 -0.067030766 0.088461271 0.415531468 0.902781856
1561000984.390987635 -41.667414 -206.351592 16.940658 -0.066090094 0.091494790 0.407514388 0.906196903
1561000984.492233753 -41.156434 -205.827664 16.912986 -0.062044040 0.094371489 0.400125392 0.909474700
1561000984.591433525 -40.676443 -205.338144 16.923954 -0.054539731 0.091032039 0.393146712 0.913331401
1561000984.692344427 -40.187799 -204.847250 16.937789 -0.047937875 0.083328029 0.385554418 0.917663441
1561000984.792350292 -39.677899 -204.362029 16.944067 -0.044542871 0.080091016 0.377450745 0.921483748
1561000984.891396523 -39.127411 -203.867327 16.934296 -0.044437325 0.087887348 0.369578566 0.923965812
1561000984.992465496 -38.549424 -203.375237 16.908990 -0.045657659 0.107197472 0.360430439 0.925480405
1561000985.084165573 -38.010981 -202.921113 16.895909 -0.045917298 0.124381982 0.351138399 0.926888639
1561000985.183871031 -37.466023 -202.474152 16.894498 -0.043086936 0.124226260 0.342082742 0.930425037
1561000985.284285784 -36.946358 -202.045059 16.899450 -0.040208612 0.109959945 0.334065652 0.935249816
1561000985.382882357 -36.426873 -201.627182 16.875177 -0.035194218 0.092756319 0.325641885 0.940273894
1561000985.484081984 -35.854278 -201.221727 16.846794 -0.030185552 0.086275988 0.317266464 0.943921224
1561000985.582893133 -35.254769 -200.820984 16.854405 -0.027329965 0.092854923 0.308450238 0.946303063
1561000985.683883667 -34.653364 -200.424052 16.877252 -0.029777586 0.101076857 0.297185758 0.948987560
1561000985.784226894 -34.060303 -200.027776 16.887482 -0.032836105 0.104193326 0.287032694 0.951671043
1561000985.883246899 -33.468112 -199.640939 16.888065 -0.035208876 0.102066244 0.277505314 0.954637951
1561000985.985223293 -32.853005 -199.267144 16.882772 -0.035785005 0.097647700 0.268264884 0.957715152
1561000986.083473206 -32.229534 -198.908834 16.864607 -0.034275217 0.094541542 0.259353718 0.960532537
1561000986.184447289 -31.582191 -198.549919 16.861788 -0.032281029 0.094550811 0.250145606 0.963039592
1561000986.284831047 -30.934534 -198.212569 16.878029 -0.032475275 0.096785210 0.240199337 0.965340488
1561000986.383036375 -30.280663 -197.878135 16.890110 -0.034505119 0.097484519 0.230444325 0.967575102
1561000986.484928131 -29.611750 -197.554409 16.892429 -0.036291949 0.096452575 0.220476088 0.969933034
1561000986.583189249 -28.949959 -197.251922 16.888703 -0.037016774 0.094024594 0.211215017 0.972202320
1561000986.684993267 -28.248582 -196.961763 16.884947 -0.035528625 0.091651266 0.202697526 0.974295374
1561000986.785318375 -27.549681 -196.683666 16.886178 -0.032543519 0.090900841 0.194922205 0.976054963
1561000986.883500099 -26.840311 -196.409784 16.897141 -0.029462506 0.092711653 0.188333061 0.977275380
1561000986.985196352 -26.100297 -196.124466 16.915097 -0.027741921 0.095167098 0.183119826 0.978080129
1561000987.083924770 -25.368512 -195.847662 16.928370 -0.027529059 0.097703148 0.178167702 0.978750487
1561000987.185717106 -24.636323 -195.564507 16.938120 -0.027439799 0.098637273 0.173716221 0.979459249
1561000987.285920620 -23.912115 -195.304721 16.938313 -0.026914706 0.097585969 0.170410582 0.980159584
1561000987.385387421 -23.177935 -195.046498 16.942949 -0.026910892 0.094609817 0.167501601 0.980952598
1561000987.485305071 -22.433664 -194.792964 16.949147 -0.027077160 0.091238687 0.165539896 0.981600159
1561000987.583402872 -21.685586 -194.531940 16.959949 -0.026623429 0.089924560 0.163785426 0.982028055
1561000987.685040474 -20.921415 -194.268352 16.974178 -0.026667570 0.090219179 0.162104973 0.982278636
1561000987.785009384 -20.160576 -194.005750 16.992209 -0.025855599 0.092431201 0.159979727 0.982443102
1561000987.884857893 -19.398424 -193.740009 17.012386 -0.026737142 0.094560963 0.157622294 0.982597864
1561000987.984787703 -18.625479 -193.482813 17.015367 -0.026637295 0.094093703 0.156339643 0.982850317
1561000988.083253622 -17.853210 -193.237462 17.024492 -0.025706757 0.093333337 0.154935444 0.983169903
1561000988.185073614 -17.066590 -192.982099 17.037396 -0.024259841 0.091133331 0.153969129 0.983564784
1561000988.285442114 -16.284251 -192.721872 17.058307 -0.024613600 0.089853967 0.152413910 0.983915868
1561000988.383557320 -15.502533 -192.475009 17.077144 -0.025648885 0.089505042 0.151029550 0.984134674
1561000988.485218763 -14.692082 -192.213338 17.098531 -0.026506916 0.090081941 0.149968476 0.984221562
1561000988.583676338 -13.895201 -191.963851 17.110515 -0.027021755 0.090714635 0.148884321 0.984314045
1561000988.683475494 -13.087031 -191.708554 17.125814 -0.025896792 0.091226938 0.149058697 0.984270546
1561000988.785039425 -12.267502 -191.453027 17.136744 -0.024207535 0.090975534 0.150060120 0.984184641
1561000988.883289576 -11.458735 -191.199993 17.155303 -0.023009695 0.091008983 0.151077423 0.984054638
1561000988.985238075 -10.631568 -190.930159 17.176771 -0.022492511 0.090695178 0.151922583 0.983965447
1561000989.083656311 -9.817538 -190.667586 17.194659 -0.022767736 0.090248976 0.152823547 0.983860618
1561000989.185331106 -8.988673 -190.392131 17.216457 -0.023284875 0.090154460 0.153618391 0.983733388
1561000989.286571503 -8.150409 -190.122821 17.235463 -0.023723429 0.090399979 0.154503630 0.983561727
1561000989.385462523 -7.328934 -189.855177 17.249334 -0.023463734 0.091104568 0.155636920 0.983324239
1561000989.486038208 -6.494530 -189.579088 17.268804 -0.023360774 0.092844776 0.156386151 0.983045011
1561000989.584698200 -5.652216 -189.295668 17.280990 -0.022994633 0.094685179 0.157308248 0.982730929
1561000989.686309338 -4.799206 -189.017623 17.292211 -0.022490525 0.095999752 0.158051325 0.982495803
1561000989.786310673 -3.953941 -188.738282 17.300079 -0.021466106 0.096566208 0.158845917 0.982335049
1561000989.889426708 -3.095982 -188.452108 17.306001 -0.020044675 0.095555273 0.159612137 0.982339741
1561000989.987965345 -2.251807 -188.168516 17.315234 -0.019321220 0.094616454 0.160456490 0.982307555
1561000990.086600065 -1.399426 -187.882885 17.328578 -0.018636535 0.093684151 0.160953604 0.982328813
1561000990.188046932 -0.528262 -187.594418 17.342694 -0.018208309 0.092412177 0.161392090 0.982385383
1561000990.287778616 0.333463 -187.308730 17.358390 -0.017297153 0.091074402 0.162033379 0.982421216
1561000990.386688471 1.195206 -187.009262 17.380085 -0.017200203 0.090221190 0.161862697 0.982529774
1561000990.487400770 2.068039 -186.708862 17.406618 -0.017339247 0.089756771 0.162415097 0.982478707
1561000990.587490559 2.940624 -186.404556 17.431258 -0.018624075 0.088972132 0.162333535 0.982540038
1561000990.687641859 3.817010 -186.100832 17.455332 -0.019797113 0.088083088 0.162719264 0.982533401
1561000990.787621737 4.686468 -185.797785 17.486441 -0.021725477 0.087406841 0.162516125 0.982586666
1561000990.889230490 5.578298 -185.496442 17.486686 -0.021026939 0.087689595 0.162503114 0.982578822
1561000990.989285946 6.454701 -185.197833 17.530107 -0.022726992 0.089353970 0.162311098 0.982422750
1561000991.087842226 7.329628 -184.892692 17.555422 -0.025076512 0.088965516 0.161765766 0.982490785
1561000991.188971281 8.226245 -184.580364 17.563699 -0.025255977 0.087239449 0.161903928 0.982618203
1561000991.287661314 9.111829 -184.277193 17.575744 -0.024924217 0.086293184 0.162132779 0.982672495
1561000991.389013767 10.015353 -183.968660 17.607236 -0.025573568 0.088727000 0.161769036 0.982499003
1561000991.489376545 10.909728 -183.664141 17.624537 -0.026513394 0.091216897 0.161874356 0.982228696
1561000991.587658882 11.793963 -183.362937 17.641665 -0.026726890 0.093377366 0.161732042 0.982043323
1561000991.688919544 12.701922 -183.043957 17.656125 -0.026234638 0.093856170 0.161638527 0.982026349
1561000991.789043665 13.600166 -182.738044 17.669903 -0.025855942 0.093663351 0.161700983 0.982044520
1561000991.888275623 14.494417 -182.432816 17.680989 -0.025510879 0.093313450 0.161625130 0.982099339
1561000991.989172459 15.400503 -182.129042 17.691191 -0.024910477 0.093045553 0.161732517 0.982122490
1561000992.087741375 16.299398 -181.824972 17.703389 -0.023681781 0.093098314 0.161710723 0.982151475
1561000992.188979387 17.208751 -181.514738 17.719749 -0.023577652 0.093104913 0.161489553 0.982189744
1561000992.288805962 18.109165 -181.208930 17.742640 -0.024328316 0.092791058 0.161536243 0.982193461
1561000992.387846947 19.004355 -180.901162 17.765614 -0.025240611 0.092144582 0.161397911 0.982254041
1561000992.488774538 19.900304 -180.589582 17.781925 -0.026343076 0.090540495 0.161374588 0.982378086
1561000992.589710236 20.804895 -180.277447 17.802662 -0.026957261 0.089269023 0.161203827 0.982505814
1561000992.688680887 21.687059 -179.976656 17.823300 -0.027703637 0.088575150 0.161116607 0.982562156
1561000992.788914442 22.588910 -179.667912 17.844682 -0.027722785 0.088358526 0.161140943 0.982577129
1561000992.887718201 23.475663 -179.363660 17.864549 -0.027312410 0.088510799 0.161157347 0.982572227
1561000992.989260674 24.370597 -179.064003 17.889187 -0.026865679 0.088732101 0.160861865 0.982613001
1561000993.089370012 25.246039 -178.768618 17.915630 -0.026869111 0.088849534 0.160721774 0.982625220
1561000993.189116478 26.111607 -178.472114 17.942060 -0.026131299 0.088802516 0.160242249 0.982727678
1561000993.288225889 26.982446 -178.178198 17.965669 -0.025650621 0.089136101 0.159832875 0.982776807
1561000993.387355804 27.855201 -177.875142 17.986104 -0.025734275 0.088743348 0.159665394 0.982837386
1561000993.488828182 28.738740 -177.577963 18.005317 -0.026103450 0.088510342 0.159194092 0.982925109
1561000993.587410450 29.589668 -177.293118 18.030429 -0.025297249 0.088153317 0.158816133 0.983039408
1561000993.688840628 30.448170 -177.006241 18.061979 -0.024987151 0.086922313 0.158568762 0.983196878
1561000993.788255453 31.298587 -176.712722 18.086010 -0.025906222 0.085516475 0.158547044 0.983299870
1561000993.887538671 32.149423 -176.416851 18.119602 -0.027261277 0.086526963 0.158152849 0.983238315
1561000993.988674641 33.012423 -176.132931 18.143660 -0.027214851 0.088425803 0.157443381 0.983184525
1561000994.087204456 33.865111 -175.849923 18.162476 -0.026545899 0.089873797 0.157153977 0.983117818
1561000994.188621759 34.718641 -175.565242 18.180331 -0.025361808 0.089217253 0.157148405 0.983209764
1561000994.288608789 35.554824 -175.282586 18.210684 -0.025108373 0.087919904 0.157345821 0.983301557
1561000994.387563944 36.389392 -175.003961 18.234910 -0.025589081 0.084723402 0.157585736 0.983531331
1561000994.488898277 37.232530 -174.723230 18.258800 -0.026078363 0.081350462 0.158077045 0.983724387
1561000994.590086699 38.067322 -174.440033 18.292033 -0.025338262 0.080169641 0.158926589 0.983703787
1561000994.688959599 38.904396 -174.154008 18.321657 -0.025184478 0.081605709 0.159326934 0.983524874
1561000994.788121223 39.742246 -173.869918 18.349930 -0.024973027 0.085866546 0.159719715 0.983103706
1561000994.887884140 40.583020 -173.585143 18.378298 -0.024419519 0.089595399 0.160259063 0.982696995
1561000994.989195108 41.421386 -173.305203 18.403685 -0.024829001 0.092003015 0.160542275 0.982418009
1561000995.088314056 42.245976 -173.025143 18.414687 -0.024766064 0.092000863 0.161241884 0.982305216
1561000995.189236164 43.075403 -172.745173 18.431731 -0.023197130 0.090606103 0.162007356 0.982347211
1561000995.287747622 43.877941 -172.476735 18.466782 -0.021952590 0.086371145 0.162595784 0.982660023
1561000995.390610695 44.693873 -172.195974 18.491048 -0.020629892 0.079527242 0.162853942 0.983223484
1561000995.492012739 45.507742 -171.913789 18.517204 -0.019898200 0.078315225 0.163123886 0.983291099
1561000995.591069937 46.330252 -171.626323 18.552933 -0.022413775 0.086154829 0.162823040 0.982630971
1561000995.691839933 47.174791 -171.329945 18.581873 -0.026788327 0.096986646 0.162242048 0.981607607
1561000995.791187286 47.989842 -171.041085 18.591497 -0.030455413 0.102800611 0.160872594 0.981134298
1561000995.891802073 48.799041 -170.762184 18.596749 -0.030647158 0.096933037 0.160801160 0.981737096
1561000995.991812706 49.585428 -170.484290 18.605800 -0.029839024 0.086383419 0.160490771 0.982797156
1561000996.091159344 50.397260 -170.205296 18.621407 -0.029141623 0.079095469 0.160754764 0.983388315
1561000996.191781759 51.228513 -169.927529 18.649904 -0.028315971 0.078826043 0.160868689 0.983415439
1561000996.291173220 52.052329 -169.647900 18.685063 -0.028733921 0.083126478 0.160173605 0.983162635
1561000996.392056227 52.868933 -169.373368 18.723607 -0.029311375 0.085978734 0.159479672 0.983013090
1561000996.492157698 53.688376 -169.091733 18.747225 -0.028979899 0.085684717 0.159251331 0.983085606
1561000996.591148376 54.494986 -168.824280 18.770725 -0.027438432 0.084076785 0.159735184 0.983190164
1561000996.692040920 55.316472 -168.554770 18.796531 -0.026216800 0.082262239 0.159869949 0.983355075
1561000996.790927887 56.132754 -168.278204 18.834224 -0.025188380 0.080946992 0.160332752 0.983415751
1561000996.891875267 56.955685 -167.999943 18.862798 -0.025445161 0.080416332 0.160414619 0.983439326
1561000996.991891623 57.770004 -167.719852 18.904029 -0.025676945 0.081689893 0.160622724 0.983294359
1561000997.091728926 58.587505 -167.437674 18.938536 -0.026791341 0.081878754 0.160763960 0.983225835
1561000997.191762447 59.397948 -167.148783 18.971541 -0.027248640 0.081817507 0.160882284 0.983199012
1561000997.290721178 60.197755 -166.870116 19.010525 -0.027293775 0.082716530 0.160925571 0.983115449
1561000997.390743256 61.016827 -166.591659 19.035810 -0.027171223 0.081905798 0.161151494 0.983149714
1561000997.491983891 61.839489 -166.316118 19.066297 -0.026607319 0.081947028 0.161291135 0.983138803
1561000997.590656757 62.639478 -166.038272 19.098872 -0.027141665 0.081923328 0.161610595 0.983073707
1561000997.691978931 63.448799 -165.750634 19.134494 -0.026932078 0.081383132 0.162009235 0.983058725
1561000997.791004419 64.249693 -165.478806 19.166718 -0.027772756 0.080571964 0.162424083 0.983033697
1561000997.892395496 65.071692 -165.195152 19.198421 -0.027636380 0.080062262 0.162126811 0.983128253
1561000997.984559536 65.851400 -164.923466 19.231289 -0.027638458 0.079947989 0.162827739 0.983021649
1561000998.084117413 66.671802 -164.643036 19.269132 -0.027940774 0.080652425 0.162691982 0.982978036
1561000998.184180021 67.482338 -164.363171 19.305049 -0.028107651 0.080174517 0.163205343 0.982927272
1561000998.283261538 68.281033 -164.079205 19.336305 -0.028436641 0.079301245 0.163164944 0.982995357
1561000998.384133339 69.083704 -163.794979 19.373679 -0.028257803 0.079199166 0.163665122 0.982925591
1561000998.484097004 69.870446 -163.515786 19.408386 -0.028053633 0.080328826 0.163337797 0.982894215
1561000998.583892584 70.657104 -163.235102 19.445417 -0.027884471 0.081297516 0.164030230 0.982704052
1561000998.682859421 71.449705 -162.956678 19.479197 -0.027886971 0.082251591 0.163666475 0.982685238
1561000998.782958746 72.248408 -162.678676 19.512586 -0.027663209 0.082775402 0.164115381 0.982572705
1561000998.882682323 73.037175 -162.410168 19.540365 -0.027282527 0.082861058 0.164728376 0.982473547
1561000998.984086990 73.825219 -162.136061 19.573437 -0.026638312 0.083048628 0.164625138 0.982492692
1561000999.082993269 74.592266 -161.866768 19.603572 -0.026730621 0.082783312 0.164931721 0.982461157
1561000999.184105873 75.372972 -161.593805 19.636321 -0.026506233 0.082227618 0.164701346 0.982552546
1561000999.283425093 76.134350 -161.326453 19.673274 -0.026964195 0.082146540 0.164918086 0.982510510
1561000999.384214640 76.909950 -161.054919 19.708082 -0.026905391 0.082007738 0.165053683 0.982500948
1561000999.484326124 77.667249 -160.785426 19.732954 -0.026918914 0.081284669 0.165408248 0.982501036
1561000999.584913254 78.424177 -160.517765 19.766582 -0.026825672 0.082151665 0.164992475 0.982501384
1561000999.684185505 79.170953 -160.256056 19.804141 -0.027212661 0.082350714 0.164957379 0.982479971
1561000999.782849789 79.918776 -159.993920 19.834160 -0.027507782 0.081929478 0.164765292 0.982539201
1561000999.884289503 80.682090 -159.723467 19.866129 -0.027759869 0.081509324 0.164667606 0.982583431
1561000999.984319210 81.419478 -159.458430 19.894138 -0.028456441 0.081211573 0.163992767 0.982701014
1561001000.084141016 82.156466 -159.204551 19.925042 -0.028531127 0.081232032 0.163788259 0.982731264
1561001000.184458494 82.889049 -158.952713 19.953595 -0.028528905 0.080299294 0.162717648 0.982985804
1561001000.283620596 83.614102 -158.702415 19.988899 -0.028206036 0.080214574 0.161419106 0.983216107
1561001000.384507418 84.338593 -158.460712 20.026778 -0.028234470 0.079622824 0.159699441 0.983544157
1561001000.485103369 85.060398 -158.224229 20.051488 -0.028766386 0.078610828 0.157580425 0.983951850
1561001000.584955454 85.773799 -157.994175 20.089723 -0.028744861 0.079298505 0.154622039 0.984366550
1561001000.686173439 86.489579 -157.767062 20.126687 -0.027974957 0.080161209 0.151506380 0.984803229
1561001000.784478664 87.201003 -157.544708 20.155303 -0.027047421 0.079954280 0.147957540 0.985385364
1561001000.884636641 87.909740 -157.331547 20.189644 -0.025960466 0.080347594 0.143764990 0.986003015
1561001000.986142159 88.617128 -157.129383 20.224014 -0.025788466 0.079606018 0.138282309 0.986851478
1561001001.084548950 89.312042 -156.939057 20.255401 -0.025316061 0.079080632 0.132193740 0.987739928
1561001001.186443329 90.024221 -156.761696 20.291078 -0.023475870 0.079403551 0.125423166 0.988641992
1561001001.284759998 90.704192 -156.597123 20.317078 -0.021874252 0.079539481 0.117726469 0.989613797
1561001001.386330366 91.424622 -156.451428 20.346881 -0.019242078 0.080650335 0.109774188 0.990492248
1561001001.486531258 92.122600 -156.321965 20.383222 -0.016629934 0.081971539 0.102039940 0.991257768
1561001001.586014509 92.824329 -156.198436 20.415915 -0.014297011 0.082816528 0.093891793 0.992028906
1561001001.686326981 93.532346 -156.086706 20.455825 -0.012544837 0.083432425 0.085730650 0.992739600
1561001001.786206245 94.219308 -155.983020 20.489372 -0.010916329 0.083212712 0.076861127 0.993503319
1561001001.886059999 94.920597 -155.899845 20.517108 -0.009132889 0.082809627 0.067332666 0.994246181
1561001001.986108780 95.615159 -155.829002 20.545898 -0.006789047 0.083198499 0.057515571 0.994848671
1561001002.085974216 96.317669 -155.774035 20.569537 -0.004231162 0.083729951 0.047268431 0.995357769
1561001002.186273813 97.024722 -155.740012 20.598325 -0.001685491 0.084583374 0.037041764 0.995726227
1561001002.284575462 97.723879 -155.711695 20.627965 0.000238661 0.085451621 0.027097464 0.995973740
1561001002.386271238 98.435205 -155.702647 20.655453 0.003089902 0.085901264 0.017784986 0.996140110
1561001002.486663103 99.129041 -155.705632 20.688442 0.004864494 0.085646657 0.008135975 0.996280479
1561001002.584576368 99.821301 -155.710324 20.722818 0.005775476 0.084504727 -0.000694998 0.996406098
1561001002.686505795 100.529924 -155.724528 20.761238 0.005072864 0.082935427 -0.009010926 0.996501272
1561001002.786335945 101.217675 -155.749874 20.787040 0.004461273 0.081254105 -0.017125231 0.996536298
1561001002.886293411 101.911758 -155.789212 20.813449 0.003741447 0.081094754 -0.024679377 0.996393783
1561001002.986269951 102.615258 -155.844881 20.839150 0.004651141 0.082498275 -0.031781136 0.996073472
1561001003.086553335 103.311002 -155.898251 20.869957 0.005245117 0.084264847 -0.038700094 0.995677773
1561001003.186441898 104.003570 -155.962387 20.899947 0.005858562 0.085919203 -0.044761211 0.995278856
1561001003.284529686 104.696409 -156.033622 20.930795 0.006295537 0.086216845 -0.050118963 0.994995031
1561001003.386185408 105.400359 -156.106508 20.960374 0.006105441 0.084562960 -0.054761911 0.994893443
1561001003.485207558 106.086311 -156.191049 20.990970 0.006341521 0.081853152 -0.058480902 0.994906946
1561001003.584503174 106.778035 -156.280348 21.017306 0.006715080 0.079797015 -0.061888259 0.994865412
1561001003.686105967 107.456493 -156.364447 21.047419 0.007039728 0.079626095 -0.064628883 0.994702586
1561001003.785104275 108.143301 -156.454166 21.083665 0.006994160 0.081405141 -0.067071722 0.994397138
1561001003.887629747 108.826266 -156.538026 21.122570 0.006623320 0.083680079 -0.068965650 0.994081242
1561001003.984642029 109.499888 -156.637698 21.155905 0.005171671 0.085738447 -0.070247014 0.993824698
1561001004.084979057 110.179732 -156.735969 21.180676 0.005412295 0.085895637 -0.071208491 0.993741414
1561001004.186522007 110.864109 -156.840383 21.205496 0.005167266 0.085478444 -0.071636148 0.993747955
1561001004.285167694 111.519873 -156.932765 21.222747 0.006473239 0.084632198 -0.071937017 0.993791001
1561001004.386288166 112.180823 -157.027178 21.255236 0.006798903 0.084252948 -0.071454954 0.993855827
1561001004.485669851 112.834986 -157.118197 21.286171 0.006826387 0.082341569 -0.071042111 0.994045414
1561001004.586616039 113.491633 -157.205809 21.326179 0.005980125 0.080614822 -0.070764508 0.994212187
1561001004.686793089 114.119012 -157.290027 21.354270 0.005503195 0.078557337 -0.070990215 0.994363540
1561001004.785786629 114.750118 -157.380098 21.380214 0.006441254 0.077571338 -0.069988711 0.994506299
1561001004.886181116 115.374509 -157.475508 21.412252 0.007676449 0.077993153 -0.069356149 0.994508856
1561001004.984526634 115.993350 -157.565826 21.446949 0.008143082 0.078837819 -0.069531917 0.994426267
1561001005.086465597 116.601109 -157.649828 21.487395 0.008112112 0.079634627 -0.069700942 0.994351195
1561001005.186216593 117.187192 -157.728222 21.525648 0.007488031 0.080480268 -0.070014114 0.994266000
1561001005.284398317 117.768078 -157.806386 21.556958 0.006313962 0.080595216 -0.070626402 0.994221533
1561001005.386128187 118.332446 -157.887474 21.583631 0.006142954 0.080534154 -0.071188197 0.994187485
1561001005.485214233 118.883008 -157.968382 21.608939 0.006431393 0.080603214 -0.071285958 0.994173059
1561001005.586306572 119.415843 -158.047399 21.638349 0.006846532 0.081012904 -0.071591680 0.994115016
1561001005.686416626 119.938113 -158.125979 21.665843 0.007497525 0.081212241 -0.071933814 0.994069356
1561001005.784831524 120.464919 -158.202980 21.694596 0.007743263 0.081766891 -0.072205845 0.994002280
1561001005.886323929 120.994897 -158.276688 21.729509 0.006516020 0.082368884 -0.072475505 0.993941754
1561001005.984700203 121.473566 -158.343187 21.747337 0.005969814 0.082377617 -0.073444331 0.993873342
1561001006.086145401 121.962916 -158.417576 21.768566 0.006281081 0.082842547 -0.073312502 0.993842511
1561001006.186124802 122.413896 -158.488584 21.788013 0.007418689 0.083472470 -0.073591606 0.993761332
1561001006.284197569 122.862488 -158.557933 21.813113 0.008069050 0.083476079 -0.074139724 0.993715219
1561001006.386202574 123.302360 -158.624961 21.839870 0.008221686 0.082675432 -0.074551822 0.993750071
1561001006.485046625 123.711598 -158.686856 21.870705 0.006509177 0.082560324 -0.075445398 0.993704893
1561001006.586048841 124.112324 -158.747151 21.885616 0.005664214 0.082176414 -0.075655588 0.993725911
1561001006.686694145 124.497366 -158.809827 21.893085 0.006100193 0.081212323 -0.076354547 0.993749128
1561001006.786047935 124.882725 -158.879156 21.904428 0.007947260 0.079061490 -0.077690777 0.993805949
1561001006.887555599 125.265203 -158.945825 21.924201 0.009898642 0.078096781 -0.078987608 0.993762480
1561001006.985695839 125.645436 -159.008287 21.944906 0.010750218 0.079891423 -0.081303921 0.993424112
1561001007.086557388 126.023146 -159.065557 21.977768 0.009667639 0.080741590 -0.084244822 0.993121414
1561001007.187033415 126.379857 -159.132757 22.007259 0.007732128 0.077698728 -0.087474686 0.993101858
1561001007.284661293 126.721043 -159.206968 22.035541 0.007071820 0.070203833 -0.091166229 0.993332839
1561001007.386380672 127.063869 -159.281795 22.056779 0.008783049 0.063533719 -0.094678694 0.993439615
1561001007.485439539 127.400068 -159.360068 22.074698 0.011840541 0.060114822 -0.098275468 0.993271334
1561001007.585498571 127.739036 -159.440542 22.091133 0.014475989 0.058708140 -0.102146095 0.992929995
1561001007.686360836 128.093480 -159.523378 22.110421 0.015132824 0.057494041 -0.106266938 0.992558699
1561001007.785144091 128.440215 -159.603200 22.130426 0.014522255 0.057969826 -0.110564077 0.992070657
1561001007.885955811 128.796498 -159.688252 22.144923 0.014777603 0.060680760 -0.114620532 0.991444200
1561001007.984122753 129.137083 -159.780997 22.168222 0.017613380 0.067682187 -0.118517063 0.990486040
1561001008.085806370 129.483081 -159.875157 22.211421 0.021237288 0.076877000 -0.122402315 0.989270730
1561001008.185726166 129.826006 -159.966818 22.256953 0.022122859 0.084914040 -0.126575319 0.988068253
1561001008.285509348 130.168642 -160.063969 22.268094 0.021763790 0.090731343 -0.131119476 0.986965979
1561001008.386263609 130.505944 -160.178099 22.260582 0.024223538 0.094480051 -0.135261865 0.985997448
1561001008.484771729 130.810889 -160.292994 22.255131 0.028849195 0.093623859 -0.138540702 0.985499250
1561001008.586199284 131.114721 -160.410147 22.279355 0.031712602 0.089901740 -0.142344609 0.985215713
1561001008.686268806 131.412851 -160.508817 22.323193 0.032242542 0.086664475 -0.145986115 0.984955705
1561001008.785772085 131.714310 -160.594763 22.355370 0.030513883 0.085160990 -0.149869692 0.984558573
1561001008.886486530 132.002337 -160.687821 22.370449 0.028690929 0.083804442 -0.153289950 0.984203148
1561001008.984809399 132.274911 -160.783986 22.364265 0.027861271 0.081827943 -0.155914711 0.983980965
1561001009.087753057 132.539502 -160.885556 22.352417 0.027719736 0.078957057 -0.158186254 0.983856955
1561001009.187955141 132.791826 -160.989534 22.327557 0.030037844 0.073721273 -0.158348559 0.984169008
1561001009.286217213 133.034516 -161.092781 22.323786 0.033422032 0.070337020 -0.157662902 0.984417635
1561001009.387725353 133.286943 -161.183076 22.348801 0.036693109 0.070614571 -0.157238315 0.984349181
1561001009.486407995 133.539815 -161.265686 22.390386 0.036296657 0.073404119 -0.156399337 0.984293470
1561001009.587465048 133.779740 -161.334441 22.427321 0.033898542 0.076176238 -0.155003239 0.984389184
1561001009.687361002 134.012429 -161.393610 22.445806 0.030136310 0.078006315 -0.153733882 0.984567271
1561001009.787178755 134.206735 -161.452235 22.450961 0.027991336 0.078054248 -0.151721361 0.984938906
1561001009.887289286 134.382760 -161.503341 22.451125 0.027048161 0.076608550 -0.149053261 0.985485998
1561001009.986159563 134.541688 -161.546090 22.456374 0.026634248 0.074665388 -0.147148984 0.985932489
1561001010.086577654 134.685968 -161.586607 22.467193 0.026136043 0.073739263 -0.144396750 0.986422327
1561001010.188104868 134.821704 -161.610447 22.478134 0.025114765 0.073634853 -0.141412358 0.986888901
1561001010.286673069 134.939562 -161.641691 22.481673 0.024446714 0.074053910 -0.139137543 0.987197610
1561001010.388260841 135.038794 -161.667016 22.484305 0.024057963 0.074418781 -0.136587257 0.987535812
1561001010.486746311 135.131092 -161.693381 22.486217 0.023908862 0.073475876 -0.134346876 0.987917294
1561001010.588370800 135.206526 -161.708769 22.487049 0.023791905 0.072504739 -0.132300982 0.988267908
1561001010.689369678 135.278104 -161.722007 22.490963 0.023819238 0.072259180 -0.130485200 0.988526614
1561001010.789109945 135.339919 -161.736116 22.496639 0.023608162 0.072465744 -0.128775778 0.988740699
1561001010.888892889 135.394009 -161.746929 22.501911 0.023434260 0.072844887 -0.127628447 0.988865733
1561001010.988343000 135.431361 -161.754581 22.503865 0.022931174 0.072943053 -0.126608618 0.989001380
1561001011.088702917 135.458280 -161.759316 22.507152 0.022966285 0.073069948 -0.125896221 0.989082137
1561001011.188750744 135.474300 -161.762261 22.506625 0.022802033 0.072642102 -0.125453976 0.989173641
1561001011.287417412 135.481399 -161.768858 22.506729 0.022804468 0.072381656 -0.125105038 0.989236868
1561001011.388892174 135.484356 -161.770312 22.507061 0.022687691 0.072273275 -0.124798133 0.989286242
1561001011.488420486 135.484657 -161.774337 22.505386 0.022782946 0.072265349 -0.124780357 0.989286874
1561001011.588775158 135.479892 -161.775681 22.503864 0.022928877 0.071629851 -0.124884493 0.989316579
1561001011.689348459 135.485161 -161.773811 22.504274 0.022764181 0.070437201 -0.124774567 0.989419881
1561001011.788794518 135.494092 -161.770861 22.504639 0.022789393 0.069915329 -0.124638022 0.989473524
1561001011.889159441 135.487270 -161.771756 22.505131 0.022732675 0.070225899 -0.124811946 0.989430911
1561001011.989153385 135.487259 -161.768311 22.504433 0.022563518 0.070259924 -0.124622830 0.989456205
1561001012.088875771 135.493813 -161.767048 22.504869 0.022674889 0.070581012 -0.124751977 0.989414531
1561001012.187576056 135.505220 -161.770555 22.504937 0.022708174 0.070378040 -0.124679408 0.989437373
1561001012.287864685 135.505523 -161.777278 22.506954 0.022751942 0.070731823 -0.124331091 0.989454970
1561001012.388856411 135.505867 -161.777573 22.506323 0.022801445 0.070552475 -0.124318062 0.989468272
1561001012.487510920 135.505432 -161.776857 22.505460 0.022581815 0.070752483 -0.124137032 0.989481756
1561001012.589137793 135.505153 -161.775336 22.506339 0.022691912 0.070786492 -0.124168523 0.989472853
1561001012.689310074 135.510226 -161.777210 22.507264 0.022717770 0.070750767 -0.124219482 0.989468419
1561001012.789607286 135.517934 -161.776202 22.507235 0.022688153 0.070698522 -0.124034874 0.989495991
1561001012.889276743 135.517807 -161.779231 22.507670 0.022651298 0.070547097 -0.123876097 0.989527533
1561001012.988078833 135.515457 -161.780490 22.506945 0.022615721 0.070637429 -0.123984789 0.989508289
1561001013.089468002 135.521863 -161.779679 22.508265 0.022649059 0.070648112 -0.123971937 0.989508375
1561001013.189131260 135.523667 -161.779944 22.506880 0.022593619 0.070611105 -0.123853552 0.989527108
1561001013.289026499 135.523787 -161.781259 22.505399 0.022685522 0.070423604 -0.123921464 0.989529865
1561001013.388990879 135.524867 -161.779636 22.508174 0.022557553 0.070731463 -0.123959312 0.989506092
1561001013.487493753 135.521689 -161.777453 22.507810 0.022677118 0.070650813 -0.123948376 0.989510491
1561001013.588990927 135.516718 -161.778896 22.506430 0.022573504 0.070755512 -0.123933134 0.989507288
1561001013.690579414 135.521530 -161.777522 22.505716 0.022708625 0.070622579 -0.123968136 0.989509308
1561001013.790483952 135.522148 -161.779969 22.506500 0.022642487 0.070585282 -0.123861547 0.989526833
1561001013.890450239 135.522810 -161.775596 22.507179 0.022804885 0.070620164 -0.124127831 0.989487247
1561001013.989123821 135.523151 -161.777433 22.508408 0.022653067 0.070698409 -0.123897062 0.989514068
1561001014.091803074 135.522499 -161.779442 22.506829 0.022675455 0.070709063 -0.124021072 0.989497259
1561001014.191874743 135.516296 -161.781095 22.505630 0.022630450 0.070707951 -0.123973685 0.989504307
1561001014.290810585 135.515461 -161.777635 22.507575 0.022692834 0.070808186 -0.124029805 0.989488678
1561001014.391991377 135.513666 -161.779333 22.506693 0.022674297 0.070708663 -0.124119075 0.989485026
1561001014.490945578 135.516825 -161.777495 22.507052 0.022717645 0.070782214 -0.123882514 0.989508418
1561001014.592012167 135.521589 -161.777143 22.506107 0.022675306 0.070700398 -0.123979062 0.989503146
1561001014.692126036 135.522891 -161.778344 22.506379 0.022664524 0.070776614 -0.124017266 0.989493157
1561001014.791890860 135.520868 -161.776638 22.507071 0.022607600 0.070773660 -0.123914670 0.989507524
1561001014.891716003 135.520390 -161.777038 22.508285 0.022711103 0.070794691 -0.123981017 0.989495339
1561001014.990618706 135.522082 -161.779014 22.507977 0.022679020 0.070648949 -0.124048165 0.989498075
1561001015.091563225 135.520664 -161.777143 22.507141 0.022742891 0.070866677 -0.124042963 0.989481692
1561001015.191788197 135.520861 -161.776420 22.507827 0.022839470 0.070773625 -0.124064580 0.989483417
1561001015.290960550 135.527190 -161.773170 22.507951 0.022757131 0.070714763 -0.123838748 0.989517812
1561001015.392151356 135.520040 -161.777227 22.508378 0.022745878 0.070767266 -0.123935487 0.989502205
1561001015.492509127 135.518542 -161.775230 22.508292 0.022768081 0.070938459 -0.123856437 0.989499334
1561001015.592401981 135.519783 -161.779247 22.506668 0.022669796 0.070775119 -0.124090868 0.989483916
1561001015.691495180 135.520214 -161.776057 22.506822 0.022751863 0.070720484 -0.123996946 0.989497713
1561001015.790975332 135.518387 -161.777027 22.507361 0.022796380 0.070896909 -0.123963397 0.989488267
1561001015.891897917 135.525324 -161.780510 22.506300 0.022732913 0.070736176 -0.124115553 0.989482156
1561001015.990660667 135.524811 -161.780860 22.505919 0.022760615 0.070676622 -0.123905516 0.989512098
1561001016.092030048 135.522804 -161.779489 22.506904 0.022712555 0.070717458 -0.123943426 0.989505537
1561001016.190917730 135.522613 -161.777064 22.507391 0.022731542 0.070690119 -0.123955732 0.989505513
1561001016.292119503 135.517969 -161.779376 22.508139 0.022807181 0.070800773 -0.123976537 0.989493255
1561001016.392023563 135.522655 -161.776977 22.507696 0.022708837 0.070773582 -0.124021681 0.989491805
1561001016.490915298 135.526352 -161.779447 22.508252 0.022753909 0.070699072 -0.124049069 0.989492663
1561001016.592010736 135.525044 -161.777642 22.506764 0.022779301 0.070702878 -0.124078579 0.989488106
1561001016.690917730 135.520157 -161.774728 22.506494 0.022669088 0.070758741 -0.124012982 0.989494868
1561001016.792147160 135.517858 -161.779669 22.506985 0.022661483 0.070751525 -0.123905576 0.989509013
1561001016.891812325 135.516772 -161.779996 22.509142 0.022654771 0.070897706 -0.123932108 0.989495381
1561001016.990856171 135.518072 -161.782434 22.509624 0.022729557 0.070793561 -0.123995754 0.989493149
1561001017.091044426 135.521088 -161.778048 22.508022 0.022664552 0.070645045 -0.123848515 0.989523694
1561001017.190616369 135.527419 -161.779258 22.505233 0.022710688 0.070277482 -0.123797131 0.989555239
1561001017.291862249 135.531179 -161.781616 22.507031 0.022773390 0.069974170 -0.123567372 0.989604008
1561001017.391887426 135.542232 -161.782173 22.506356 0.022655498 0.070021427 -0.123512882 0.989610174
1561001017.490731001 135.547129 -161.781988 22.507793 0.022684271 0.070115629 -0.123115223 0.989652396
1561001017.591810465 135.563067 -161.786207 22.508749 0.022652839 0.070202157 -0.122962780 0.989665934
1561001017.691565514 135.578238 -161.791221 22.508082 0.022551406 0.069943716 -0.122388206 0.989757767
1561001017.790792227 135.605885 -161.792782 22.509593 0.022496849 0.069552014 -0.121748991 0.989865441
1561001017.892034292 135.626551 -161.798963 22.511275 0.022437411 0.069403907 -0.121402311 0.989919764
1561001017.990814686 135.658687 -161.805146 22.513242 0.022324855 0.069289819 -0.120273738 0.990068053
1561001018.092070818 135.696115 -161.816607 22.514156 0.022317953 0.069322635 -0.119538647 0.990154934
1561001018.191148043 135.738526 -161.826230 22.515681 0.022097017 0.069218016 -0.118174907 0.990330894
1561001018.291330338 135.785660 -161.835114 22.521608 0.022086084 0.068958579 -0.116834817 0.990508225
1561001018.392001390 135.845935 -161.841546 22.526915 0.021800742 0.069024712 -0.115606367 0.990654069
1561001018.491668701 135.912468 -161.854755 22.530543 0.021652692 0.068694384 -0.114118259 0.990852797
1561001018.591997862 135.985799 -161.863139 22.533401 0.021274876 0.068640800 -0.112744247 0.991021975
1561001018.691225290 136.057331 -161.878164 22.537268 0.020954623 0.068594123 -0.111096210 0.991218130
1561001018.791846275 136.140437 -161.891418 22.541192 0.020817147 0.068591296 -0.109278505 0.991423264
1561001018.891655207 136.228660 -161.908460 22.544349 0.020827608 0.068044405 -0.107444822 0.991661122
1561001018.990707874 136.316764 -161.926595 22.549734 0.020635076 0.067472953 -0.105289153 0.991935375
1561001019.091928482 136.435048 -161.943511 22.556723 0.020391807 0.067255264 -0.103149586 0.992179957
1561001019.191161871 136.552173 -161.961606 22.569696 0.019181192 0.067477804 -0.100846168 0.992425755
1561001019.291254997 136.677587 -161.978523 22.578781 0.018526082 0.068240494 -0.097439497 0.992726329
1561001019.391832352 136.809666 -161.992786 22.585336 0.017927575 0.068803905 -0.094332022 0.992998537
1561001019.490834713 136.950066 -162.013457 22.590727 0.017532422 0.068153277 -0.090246710 0.993430056
1561001019.591900826 137.095539 -162.027663 22.601834 0.016908913 0.068190301 -0.085600251 0.993849470
1561001019.690919399 137.253671 -162.038073 22.614547 0.015931129 0.068643941 -0.080235269 0.994281907
1561001019.792137384 137.413825 -162.050812 22.621103 0.015093980 0.068855334 -0.074007554 0.994763287
1561001019.891392469 137.582036 -162.064328 22.629192 0.015146778 0.068894649 -0.066384801 0.995297524
1561001019.991666555 137.754790 -162.073371 22.637584 0.015100856 0.068242826 -0.057875820 0.995874124
1561001020.091975451 137.938912 -162.067724 22.655648 0.014430504 0.067660127 -0.048260259 0.996436057
1561001020.191069603 138.131652 -162.057382 22.673300 0.012573772 0.067133361 -0.038597418 0.996917876
1561001020.291010857 138.333676 -162.049547 22.687642 0.010458964 0.066829345 -0.028296029 0.997308269
1561001020.391906977 138.533925 -162.033667 22.694727 0.008736657 0.066525619 -0.017455520 0.997593764
1561001020.490751505 138.741823 -162.015518 22.701773 0.007886907 0.066300239 -0.005793343 0.997751729
1561001020.591746330 138.958040 -161.990969 22.711480 0.007451428 0.065848793 0.006907146 0.997777883
1561001020.691078186 139.179347 -161.950558 22.716665 0.007692371 0.065671323 0.020366864 0.997603777
1561001020.791775703 139.406480 -161.915253 22.724481 0.008967808 0.066111736 0.034345198 0.997180638
1561001020.891840219 139.641052 -161.879808 22.745291 0.009020528 0.066390264 0.048800901 0.996558797
1561001020.990699530 139.884052 -161.824188 22.772706 0.007738271 0.066501187 0.063523385 0.995732138
1561001021.091811180 140.113407 -161.758116 22.801587 0.004422627 0.066436401 0.077979915 0.994728997
1561001021.191092253 140.353109 -161.679605 22.825122 -0.000050994 0.066839143 0.093720407 0.993352411
1561001021.291859627 140.593053 -161.588230 22.834483 -0.004733132 0.068499723 0.109320691 0.991632176
1561001021.391914129 140.831659 -161.482388 22.834437 -0.007920811 0.069249858 0.125859343 0.989596455
1561001021.490903616 141.082331 -161.382556 22.836422 -0.009546208 0.069819027 0.142319184 0.987309183
1561001021.592318058 141.342367 -161.265210 22.850372 -0.010162664 0.070126063 0.159212373 0.984698165
1561001021.691451311 141.594655 -161.138411 22.878761 -0.012533039 0.070845810 0.176189873 0.981723445
1561001021.791908741 141.848536 -161.006429 22.901908 -0.016055895 0.071510379 0.193053081 0.978447230
1561001021.892222881 142.086195 -160.856851 22.906226 -0.018018983 0.070722924 0.210702859 0.974821978
1561001021.992000341 142.335593 -160.708172 22.913300 -0.018026114 0.069947152 0.228651630 0.970824849
1561001022.091892242 142.590551 -160.546367 22.927247 -0.018672382 0.070431436 0.246367917 0.966433445
1561001022.190582752 142.850863 -160.365576 22.952281 -0.020666100 0.071614047 0.264152302 0.961596538
1561001022.291969538 143.086288 -160.172827 22.979649 -0.024058486 0.072633043 0.281313657 0.956560639
1561001022.391752481 143.318475 -159.961199 22.997445 -0.027769893 0.072032634 0.298136827 0.951396114
1561001022.491465092 143.547417 -159.751604 23.001155 -0.030699960 0.070749739 0.314458079 0.946133238
1561001022.592014551 143.787445 -159.523954 23.003871 -0.032229305 0.069065073 0.330681322 0.940659955
1561001022.691372156 144.010491 -159.293601 22.999908 -0.032615730 0.068414646 0.346396390 0.935021493
1561001022.791198730 144.239424 -159.055905 22.999895 -0.030321344 0.069114322 0.361872958 0.929167255
1561001022.892334223 144.467846 -158.806106 23.026431 -0.029580924 0.069397375 0.377407914 0.922969252
1561001022.990995884 144.684467 -158.553169 23.071725 -0.030566980 0.068410076 0.391346605 0.917187852
1561001023.092298985 144.889892 -158.281554 23.117212 -0.033990769 0.065814269 0.405387170 0.911139041
1561001023.190953255 145.088533 -157.996295 23.125554 -0.037645129 0.061653025 0.416880626 0.906086250
1561001023.291858673 145.293096 -157.705918 23.127990 -0.038621408 0.058302601 0.429056320 0.900566415
1561001023.392302036 145.493852 -157.414354 23.118721 -0.037318144 0.055434934 0.439664962 0.895672398
1561001023.491256237 145.713677 -157.115870 23.125392 -0.035127574 0.054843672 0.450115064 0.890592306
1561001023.592007160 145.928020 -156.800673 23.162512 -0.036510506 0.058204826 0.459591816 0.885468545
1561001023.691043377 146.128909 -156.479170 23.204714 -0.039906321 0.062277726 0.467164550 0.881071083
1561001023.792043447 146.331262 -156.135524 23.235513 -0.046000116 0.065418976 0.473682805 0.877056981
1561001023.892089367 146.527046 -155.784005 23.247407 -0.052459870 0.069439968 0.478812733 0.873592822
1561001023.991906404 146.726172 -155.425045 23.250100 -0.058330711 0.073837155 0.482467179 0.870845006
1561001024.091767550 146.946576 -155.047161 23.251577 -0.061655684 0.079693306 0.486290720 0.867968254
1561001024.190478563 147.145986 -154.679844 23.229299 -0.060338632 0.084496409 0.489919476 0.865562542
1561001024.291796446 147.359731 -154.301514 23.236328 -0.057789886 0.085053324 0.493308685 0.863755059
1561001024.392264605 147.557033 -153.924417 23.255266 -0.054906432 0.082402739 0.496687209 0.862262656
1561001024.490728378 147.753134 -153.551937 23.275763 -0.054004250 0.077373228 0.499927540 0.860911947
1561001024.593524456 147.966741 -153.153405 23.292292 -0.054759428 0.072104627 0.502584036 0.859774165
1561001024.683430195 148.175774 -152.758387 23.289725 -0.056183723 0.068028399 0.504210412 0.859061923
1561001024.784059286 148.408995 -152.334170 23.274059 -0.056179205 0.065906304 0.506076668 0.858129747
1561001024.884156942 148.667884 -151.900045 23.263945 -0.054645831 0.068212595 0.507731954 0.857070089
1561001024.984085083 148.924019 -151.460149 23.278995 -0.053528688 0.071518955 0.509548588 0.855792004
1561001025.083487511 149.156551 -151.024015 23.309586 -0.053308421 0.073913556 0.510726028 0.854899949
1561001025.182974815 149.386579 -150.570589 23.344010 -0.055402099 0.073624609 0.511979184 0.854041767
1561001025.282843590 149.606447 -150.114482 23.351773 -0.057413074 0.071580943 0.512554927 0.853737286
1561001025.383862734 149.846631 -149.650528 23.344910 -0.057644206 0.069962481 0.513393438 0.853351964
1561001025.482723713 150.097229 -149.188665 23.341369 -0.056623726 0.070065971 0.514105898 0.852982789
1561001025.583863735 150.342020 -148.717610 23.353510 -0.054951855 0.071916345 0.515164023 0.852299456
1561001025.683580160 150.591898 -148.240379 23.371010 -0.054888090 0.072757162 0.515671585 0.851925179
1561001025.783916235 150.834654 -147.761027 23.388316 -0.055697780 0.072655058 0.515026027 0.852271782
1561001025.884295464 151.097665 -147.267062 23.401943 -0.057526272 0.072361520 0.514463930 0.852514753
1561001025.984165907 151.360781 -146.775991 23.405875 -0.057476318 0.072358571 0.513314369 0.853211034
1561001026.084345579 151.646518 -146.270122 23.407264 -0.056084670 0.073162303 0.512340443 0.853820273
1561001026.182954311 151.924880 -145.767579 23.417636 -0.055030074 0.073931311 0.511297657 0.854447516
1561001026.283938646 152.204022 -145.244502 23.433948 -0.055039945 0.074430136 0.510879863 0.854653453
1561001026.383793831 152.482265 -144.724888 23.447779 -0.055507302 0.074633043 0.509429529 0.855470867
1561001026.483632088 152.761751 -144.210276 23.460910 -0.056177121 0.074488163 0.508225150 0.856155851
1561001026.583564520 153.053527 -143.680020 23.465442 -0.055993921 0.074209740 0.507195273 0.856802516
1561001026.682362556 153.345413 -143.149940 23.471017 -0.055411612 0.074104546 0.506576588 0.857215393
1561001026.783733606 153.638020 -142.609056 23.476016 -0.054159769 0.074079087 0.505319206 0.858039340
1561001026.883764982 153.951940 -142.063119 23.487244 -0.053725682 0.074063302 0.504513004 0.858542257
1561001026.983581543 154.260426 -141.508308 23.498296 -0.053854395 0.074127115 0.503388172 0.859188701
1561001027.083493233 154.584548 -140.953444 23.511061 -0.054179440 0.074588829 0.501989789 0.859946130
1561001027.182608604 154.901498 -140.389264 23.521568 -0.054787562 0.075342844 0.501146090 0.860333874
1561001027.283847570 155.233789 -139.814496 23.530607 -0.054402171 0.075911712 0.500436134 0.860721495
1561001027.384040833 155.561282 -139.251079 23.544607 -0.054248173 0.076586233 0.499048048 0.861477063
1561001027.483074427 155.893150 -138.680138 23.551565 -0.053531224 0.076476153 0.497786621 0.862261147
1561001027.584723234 156.223703 -138.095789 23.555723 -0.052508663 0.075835172 0.496774514 0.862964049
1561001027.682981491 156.545674 -137.524698 23.563883 -0.052097882 0.075744068 0.496158296 0.863351372
1561001027.784042597 156.897737 -136.931112 23.577956 -0.051446685 0.075893210 0.495236559 0.863906366
1561001027.883742809 157.249039 -136.346016 23.593115 -0.050946855 0.076451986 0.494300717 0.864422531
1561001027.982734203 157.601486 -135.753529 23.609586 -0.050320259 0.076379955 0.493540256 0.864899988
1561001028.083581209 157.956300 -135.152622 23.619873 -0.050114953 0.076462309 0.492245514 0.865642167
1561001028.182401419 158.312585 -134.548364 23.634332 -0.049964361 0.076500367 0.491399568 0.866128005
1561001028.283248901 158.683279 -133.931074 23.645963 -0.049519287 0.076517475 0.490482452 0.866671726
1561001028.383744240 159.055097 -133.321270 23.661824 -0.049168516 0.076629576 0.489374262 0.867308017
1561001028.482474804 159.428920 -132.708220 23.679807 -0.048875017 0.076835319 0.488750611 0.867658001
1561001028.583679914 159.810016 -132.082903 23.698044 -0.048417951 0.076435725 0.487538519 0.868400527
1561001028.682441473 160.180576 -131.468169 23.715509 -0.048541875 0.075946318 0.486454928 0.869043984
1561001028.783564568 160.558876 -130.849203 23.728597 -0.048035596 0.075321139 0.485648916 0.869577160
1561001028.883728266 160.933988 -130.224304 23.741073 -0.047701735 0.074533708 0.484613236 0.870240934
1561001028.983829975 161.321437 -129.601848 23.749806 -0.047204415 0.074714089 0.483772131 0.870720433
1561001029.083940744 161.711602 -128.981506 23.764100 -0.046463350 0.075436207 0.482613303 0.871340884
1561001029.183998823 162.093921 -128.360535 23.792162 -0.046549249 0.077176609 0.481244270 0.871940876
1561001029.283761024 162.478272 -127.732138 23.816652 -0.049306992 0.077474671 0.480300730 0.872283041
1561001029.383507729 162.855357 -127.106372 23.853531 -0.053733722 0.077363338 0.478984350 0.872755174
1561001029.482422590 163.230542 -126.473206 23.860434 -0.059442043 0.076320142 0.477899709 0.873071445
1561001029.583455324 163.618916 -125.847283 23.840429 -0.059766732 0.076266231 0.476904929 0.873597784
1561001029.682471037 164.014501 -125.241492 23.832770 -0.054449524 0.075642464 0.476609708 0.874160542
1561001029.783788204 164.414581 -124.629579 23.848096 -0.049434592 0.073260108 0.476659698 0.874634044
1561001029.883648634 164.803837 -124.017094 23.883054 -0.048412846 0.069214395 0.475746089 0.875517688
1561001029.982813120 165.183735 -123.398466 23.914080 -0.050101455 0.068161804 0.474686874 0.876080010
1561001030.083766460 165.589202 -122.759464 23.947188 -0.054278543 0.070554943 0.474152989 0.875930810
1561001030.182829857 165.978706 -122.137884 23.954648 -0.058134536 0.074096822 0.472907479 0.876064240
1561001030.283693790 166.388380 -121.512504 23.955064 -0.058368901 0.076977351 0.471987621 0.876296322
1561001030.383532047 166.794540 -120.904144 23.970272 -0.057453030 0.077557515 0.471328686 0.876660282
1561001030.484431028 167.193418 -120.284440 23.990169 -0.056455130 0.075586166 0.470165820 0.877521311
1561001030.583477974 167.592339 -119.664468 23.994611 -0.056146473 0.072461937 0.469064653 0.878393530
1561001030.682173967 167.997325 -119.063952 23.998184 -0.054447309 0.072985119 0.468063494 0.878991029
1561001030.784224749 168.416794 -118.443039 24.013837 -0.052619945 0.075003367 0.466984131 0.879506372
1561001030.884786606 168.839474 -117.827921 24.034088 -0.051955289 0.076412900 0.466041293 0.879924559
1561001030.984553576 169.256250 -117.204232 24.051466 -0.051611925 0.076377552 0.464987256 0.880505270
1561001031.084239006 169.674866 -116.589757 24.070547 -0.050701739 0.076700362 0.464207607 0.880941363
1561001031.182499409 170.097653 -115.977736 24.084821 -0.049873407 0.077092855 0.463364507 0.881398133
1561001031.282992601 170.523837 -115.358126 24.099470 -0.049149675 0.078756689 0.462205897 0.881899882
1561001031.384526730 170.957666 -114.728905 24.111453 -0.049041529 0.079999034 0.460796047 0.882531634
1561001031.484557390 171.385746 -114.111970 24.126330 -0.049029305 0.080468526 0.459444515 0.883194022
1561001031.584525108 171.815750 -113.494711 24.142377 -0.049065094 0.079636268 0.457774394 0.884134201
1561001031.682759285 172.251690 -112.882288 24.150307 -0.048308597 0.078585335 0.456239509 0.885062786
1561001031.784438610 172.691904 -112.269284 24.165464 -0.047509117 0.078389004 0.454627549 0.885952504
1561001031.884510040 173.142453 -111.640586 24.184137 -0.047212310 0.078155100 0.452820114 0.886914158
1561001031.982612133 173.584505 -111.028375 24.201723 -0.047442230 0.078232061 0.450886959 0.887879457
1561001032.084543467 174.036928 -110.407395 24.220412 -0.048584515 0.077915008 0.448461094 0.889073363
1561001032.184772015 174.488197 -109.793283 24.238632 -0.049110662 0.077800940 0.446141028 0.890220950
1561001032.284749508 174.950760 -109.182989 24.255682 -0.048849698 0.077661611 0.443803120 0.891415263
1561001032.383053064 175.412616 -108.564853 24.272594 -0.048647327 0.077819988 0.441688914 0.892461982
1561001032.484600067 175.886598 -107.947947 24.289299 -0.048137360 0.077824295 0.439376096 0.893630136
1561001032.584528208 176.362946 -107.337772 24.302923 -0.047635960 0.077629494 0.437094693 0.894791991
1561001032.684642315 176.845134 -106.722398 24.315367 -0.047039962 0.078063189 0.434919806 0.895844932
1561001032.784624338 177.330710 -106.111173 24.329024 -0.046846600 0.078614037 0.432425525 0.897013598
1561001032.884482861 177.822995 -105.489419 24.351123 -0.047478314 0.079020619 0.430134470 0.898045594
1561001032.984437704 178.310367 -104.884145 24.369828 -0.047479842 0.078608783 0.427720977 0.899233612
1561001033.084437132 178.807287 -104.281716 24.384590 -0.046936025 0.078053445 0.425395073 0.900413073
1561001033.182887554 179.306015 -103.675851 24.401919 -0.046104763 0.077193783 0.423279729 0.901526340
1561001033.284401655 179.815607 -103.066338 24.422043 -0.044952575 0.076634276 0.421270680 0.902572694
1561001033.384232521 180.328783 -102.456138 24.444750 -0.044647470 0.075921898 0.419324948 0.903553572
1561001033.484555006 180.847579 -101.850617 24.461572 -0.043599131 0.075629550 0.417681646 0.904390032
1561001033.586239815 181.358271 -101.248732 24.487421 -0.043501412 0.075654303 0.415869837 0.905227227
1561001033.685162067 181.869946 -100.655857 24.511292 -0.043112386 0.075530192 0.413975646 0.906123985
1561001033.786155939 182.395155 -100.048082 24.538470 -0.042962153 0.075558461 0.412271893 0.906905209
1561001033.884553194 182.917350 -99.452186 24.564162 -0.042595851 0.075800395 0.410461399 0.907723159
1561001033.986463070 183.453289 -98.836905 24.586145 -0.042230968 0.075940212 0.408767820 0.908492432
1561001034.086306572 183.990368 -98.237288 24.610691 -0.042830900 0.076357001 0.406834453 0.909296899
1561001034.184576511 184.520088 -97.640106 24.634120 -0.043104464 0.076057296 0.404998473 0.910128304
1561001034.286199570 185.063441 -97.036401 24.658763 -0.042606966 0.075979346 0.403073210 0.911012499
1561001034.385314703 185.603400 -96.442864 24.681310 -0.042362067 0.075760398 0.401426468 0.911768945
1561001034.485735893 186.157381 -95.837141 24.703638 -0.042085184 0.075100685 0.399489781 0.912686496
1561001034.585570812 186.704954 -95.241361 24.723481 -0.042290250 0.075003777 0.397586157 0.913515854
1561001034.685150146 187.262176 -94.643861 24.750535 -0.042553360 0.075167358 0.395786528 0.914271352
1561001034.785887003 187.819557 -94.045542 24.783611 -0.043191501 0.075318413 0.393909621 0.915039257
1561001034.885006905 188.379446 -93.451464 24.808517 -0.043533088 0.074561225 0.391873499 0.915958872
1561001034.985762119 188.950104 -92.852112 24.836505 -0.043768654 0.073516304 0.389992842 0.916834359
1561001035.085786581 189.522134 -92.261941 24.862827 -0.043324664 0.072440882 0.388390265 0.917620997
1561001035.184232473 190.088843 -91.674191 24.890972 -0.042857634 0.072214325 0.386409470 0.918496617
1561001035.285921812 190.672687 -91.077593 24.920885 -0.042738430 0.071985021 0.384608083 0.919275914
1561001035.384994984 191.252009 -90.491329 24.948991 -0.043154137 0.072226689 0.382319483 0.920191740
1561001035.485539913 191.842598 -89.899088 24.981592 -0.043094995 0.072890860 0.380211618 0.921015130
1561001035.586358786 192.434916 -89.311402 25.003940 -0.042164734 0.072950510 0.378021546 0.921954483
1561001035.684487343 193.027554 -88.737609 25.031792 -0.039391554 0.074814475 0.375748559 0.922856500
1561001035.786295891 193.639987 -88.146967 25.076325 -0.040168222 0.074316766 0.372792023 0.924061491
1561001035.885354519 194.248216 -87.559133 25.111993 -0.040921879 0.072003616 0.370009335 0.925329115
1561001035.986364841 194.862512 -86.978867 25.135373 -0.039861012 0.070091717 0.367299557 0.926600932
1561001036.086345434 195.476455 -86.406919 25.164148 -0.038747258 0.069542196 0.365116595 0.927551834
1561001036.184529781 196.091576 -85.829724 25.204917 -0.039445085 0.071263255 0.361887223 0.928656703
1561001036.286452055 196.722186 -85.243366 25.240326 -0.041654336 0.072798352 0.358971142 0.929572501
1561001036.384920597 197.350244 -84.673671 25.272458 -0.042648413 0.074078768 0.356113602 0.930524880
1561001036.484282732 197.989462 -84.097808 25.296977 -0.042636719 0.073840718 0.353110599 0.931688018
1561001036.585771322 198.636397 -83.529504 25.323907 -0.041035338 0.072563432 0.350479867 0.932852889
1561001036.684869051 199.282657 -82.974073 25.355172 -0.039163540 0.071593571 0.347995696 0.933937671
1561001036.784768581 199.936906 -82.413943 25.388254 -0.037679569 0.070900383 0.345223160 0.935079866
1561001036.884650469 200.591156 -81.857295 25.424121 -0.037113202 0.071388067 0.342523665 0.936057633
1561001036.986030817 201.261284 -81.293352 25.460635 -0.036814028 0.072196382 0.339847212 0.936982541
1561001037.087554216 201.930695 -80.749247 25.493947 -0.035868283 0.072598133 0.336909394 0.938048526
1561001037.187634706 202.602559 -80.195395 25.535030 -0.035435291 0.072852663 0.334618989 0.938864720
1561001037.288882256 203.276308 -79.640828 25.573840 -0.033799194 0.072303874 0.332676460 0.939657457
1561001037.387960434 203.947458 -79.100798 25.613157 -0.033394072 0.071657596 0.330773364 0.940393006
1561001037.488841534 204.631126 -78.556518 25.648923 -0.032137276 0.071342547 0.329022913 0.941074577
1561001037.588985920 205.308494 -78.014039 25.692285 -0.031481434 0.071970578 0.327515781 0.941574515
1561001037.688245535 206.001064 -77.465117 25.731248 -0.030893782 0.072388184 0.325656487 0.942206653
1561001037.788607359 206.696451 -76.920303 25.773535 -0.030300302 0.073470973 0.323925013 0.942738826
1561001037.887475252 207.394614 -76.381762 25.815060 -0.030160385 0.073809515 0.322112959 0.943337558
1561001037.987691879 208.104345 -75.836004 25.855346 -0.029619540 0.074164220 0.320838584 0.943761068
1561001038.088774920 208.813780 -75.287124 25.904455 -0.030631063 0.074548793 0.319189887 0.944257397
1561001038.187298059 209.511399 -74.746233 25.942479 -0.031808518 0.074378355 0.317929379 0.944657074
1561001038.288718700 210.222259 -74.200827 25.985204 -0.034072086 0.073713742 0.316740131 0.945029664
1561001038.387589455 210.920402 -73.662389 26.020528 -0.035076242 0.072942977 0.315587736 0.945438184
1561001038.488727570 211.635890 -73.113945 26.052260 -0.035550578 0.071569759 0.314419194 0.945914635
1561001038.588848114 212.352204 -72.575911 26.092721 -0.035882967 0.070564988 0.313600629 0.946249249
1561001038.687446833 213.068029 -72.035400 26.135791 -0.035480095 0.069895052 0.312208934 0.946774221
1561001038.789086580 213.796612 -71.498302 26.175536 -0.034095030 0.069644203 0.311110766 0.947204996
1561001038.888062239 214.506915 -70.982396 26.221251 -0.031561941 0.070576301 0.310320248 0.947483073
1561001038.989351034 215.229978 -70.458440 26.262547 -0.028402628 0.070379458 0.309553968 0.947848281
1561001039.090661526 215.944365 -69.941622 26.314206 -0.026678938 0.070453571 0.308061076 0.948379092
1561001039.189191818 216.652526 -69.434353 26.362616 -0.025609143 0.070942533 0.306295716 0.948943762
1561001039.290376425 217.378526 -68.912908 26.411994 -0.025285540 0.072132288 0.305115498 0.949242913
1561001039.389317751 218.079467 -68.403027 26.462656 -0.026483680 0.072564771 0.303543323 0.949681220
1561001039.489052057 218.782027 -67.890702 26.514193 -0.028039443 0.071311035 0.302129295 0.950182306
1561001039.590386152 219.483850 -67.386774 26.568876 -0.028201079 0.069592468 0.300280209 0.950890837
1561001039.688780069 220.179523 -66.899050 26.611837 -0.028154788 0.068050061 0.299072526 0.951384318
1561001039.790158749 220.887662 -66.405565 26.657360 -0.029112892 0.068185030 0.297364145 0.951881193
1561001039.889310122 221.567826 -65.924246 26.704417 -0.030681689 0.069017416 0.295987654 0.952200892
1561001039.990466356 222.258923 -65.444794 26.751810 -0.031401486 0.069827531 0.294711070 0.952514277
1561001040.090459347 222.945213 -64.971936 26.799950 -0.030934519 0.069822884 0.293761305 0.952823234
1561001040.190517902 223.624254 -64.497572 26.843707 -0.030284486 0.069146668 0.292856024 0.953172040
1561001040.290470362 224.298654 -64.029597 26.891994 -0.030804316 0.068323890 0.292234276 0.953405511
1561001040.389506817 224.967378 -63.564673 26.945187 -0.033379709 0.067878863 0.291297627 0.953637220
1561001040.489447594 225.641431 -63.098402 26.990914 -0.035214560 0.066925000 0.290066320 0.954013894
1561001040.590554714 226.315671 -62.642581 27.041905 -0.035369720 0.065641988 0.289834755 0.954167662
1561001040.690619946 226.987395 -62.198794 27.078284 -0.032819890 0.065630667 0.289870930 0.954248560
1561001040.790631771 227.651510 -61.753980 27.125522 -0.032126355 0.067181063 0.289678691 0.954222646
1561001040.889661074 228.314241 -61.302614 27.175689 -0.032769544 0.067882869 0.289343889 0.954252685
1561001040.990201235 228.964155 -60.856456 27.226336 -0.033263392 0.068296813 0.288912852 0.954336658
1561001041.090152502 229.606205 -60.417843 27.273733 -0.033388119 0.067273256 0.289077736 0.954355073
1561001041.188931227 230.242680 -59.985771 27.311891 -0.031915768 0.067055475 0.288991889 0.954446769
1561001041.289863348 230.885190 -59.553343 27.358883 -0.031614804 0.066838413 0.289016035 0.954464699
1561001041.388670206 231.520213 -59.121165 27.408420 -0.032588007 0.067629486 0.288737779 0.954460460
1561001041.490232468 232.162163 -58.675067 27.453458 -0.033662430 0.068433451 0.288207130 0.954526246
1561001041.590464115 232.792576 -58.248939 27.493896 -0.035181825 0.068656548 0.288121652 0.954481237
1561001041.689182997 233.409319 -57.831353 27.532617 -0.035474031 0.068642375 0.287861045 0.954550070
1561001041.790416241 234.039477 -57.408156 27.573838 -0.035338385 0.067760940 0.288131958 0.954536342
1561001041.889254332 234.650896 -56.995984 27.620353 -0.034760497 0.066803368 0.288597726 0.954484348
1561001041.990231752 235.266852 -56.571262 27.665234 -0.035082914 0.065407748 0.288956768 0.954460581
1561001042.090037346 235.871355 -56.148788 27.709419 -0.036438533 0.065495006 0.289335136 0.954289168
1561001042.189151049 236.473150 -55.738069 27.746699 -0.037024631 0.066494186 0.289557117 0.954130167
1561001042.289156914 237.078436 -55.322049 27.787159 -0.037467541 0.067761093 0.289978138 0.953895852
1561001042.390456438 237.676819 -54.907715 27.826057 -0.037845413 0.068106078 0.290350022 0.953743231
1561001042.491461039 238.264845 -54.498789 27.871358 -0.038789084 0.068269676 0.290685887 0.953591303
1561001042.591639280 238.855958 -54.086536 27.912597 -0.039916531 0.067467425 0.291161480 0.953456769
1561001042.690447569 239.426485 -53.686477 27.950341 -0.041174846 0.067222628 0.291315265 0.953373572
1561001042.791530371 240.011919 -53.286196 27.985197 -0.042030577 0.066791433 0.291791149 0.953220992
1561001042.891321659 240.583735 -52.887954 28.023051 -0.041519188 0.066579992 0.292464635 0.953051782
1561001042.991852760 241.156480 -52.491755 28.059891 -0.041284899 0.066190759 0.292881866 0.952960940
1561001043.092053413 241.728848 -52.093809 28.097453 -0.041231345 0.065983804 0.293133387 0.952900274
1561001043.191898346 242.290840 -51.700822 28.130817 -0.041887738 0.065480406 0.293398557 0.952824759
1561001043.291934252 242.859483 -51.304887 28.166994 -0.041847560 0.065748527 0.294246867 0.952546426
1561001043.391823769 243.413422 -50.914515 28.208889 -0.042202189 0.066875510 0.294586663 0.952347279
1561001043.491522074 243.959094 -50.530500 28.249772 -0.042493547 0.067934175 0.294712590 0.952220424
1561001043.591304779 244.503411 -50.156297 28.282060 -0.042204198 0.068649037 0.295076556 0.952069295
1561001043.690228939 245.029941 -49.790585 28.316333 -0.041993366 0.069154632 0.295045009 0.952051804
1561001043.791324615 245.546578 -49.428312 28.352824 -0.041900120 0.069657665 0.295314377 0.951935716
1561001043.891613722 246.045491 -49.077791 28.388765 -0.042902142 0.069254668 0.295183233 0.951961163
1561001043.991505146 246.559124 -48.716019 28.423387 -0.043388088 0.069018441 0.294860460 0.952056321
1561001044.083869457 247.028924 -48.384953 28.451489 -0.043673070 0.068187984 0.295184788 0.952002627
1561001044.183942556 247.518185 -48.042014 28.478296 -0.043426803 0.067343478 0.295341752 0.952025324
1561001044.283908844 247.990418 -47.715233 28.507555 -0.043275908 0.066129375 0.295072358 0.952200822
1561001044.382914782 248.454357 -47.386697 28.541676 -0.043285570 0.064667028 0.295109014 0.952289454
1561001044.483796358 248.927676 -47.056974 28.575987 -0.043448622 0.063556509 0.295086936 0.952363632
1561001044.583940029 249.378149 -46.740712 28.611174 -0.044007103 0.062903653 0.295107174 0.952375063
1561001044.683817148 249.826120 -46.413754 28.642757 -0.043920201 0.062439169 0.295010601 0.952439558
1561001044.783472300 250.265511 -46.105890 28.675794 -0.044152553 0.058936947 0.294995998 0.952656470
1561001044.882616043 250.695947 -45.798404 28.725563 -0.042557820 0.052892873 0.295125181 0.953043705
1561001044.983585119 251.131093 -45.489797 28.771480 -0.041560929 0.048004150 0.295494570 0.953232002
1561001045.082805872 251.571256 -45.185012 28.802739 -0.041465936 0.047486611 0.295659339 0.953210970
1561001045.183072805 252.020521 -44.875012 28.820514 -0.042239495 0.052051362 0.295813834 0.952890684
1561001045.283780098 252.467218 -44.560278 28.849713 -0.045472016 0.062959475 0.295184863 0.952278476
1561001045.382571697 252.900772 -44.252207 28.888618 -0.050287848 0.074640100 0.293906401 0.951587629
1561001045.483532429 253.320726 -43.954819 28.935333 -0.053208512 0.077926405 0.293177835 0.951390081
1561001045.583571672 253.721563 -43.670481 28.980271 -0.052546507 0.072480623 0.293005855 0.951910181
1561001045.683448315 254.122527 -43.397711 29.009297 -0.049820012 0.065476042 0.293570440 0.952390283
1561001045.783589602 254.514366 -43.128330 29.022379 -0.046578227 0.058055192 0.294732698 0.952676598
1561001045.883589029 254.908249 -42.852152 29.031851 -0.044034633 0.052118522 0.295290227 0.952968149
1561001045.983900785 255.312230 -42.565301 29.057042 -0.044628572 0.051627015 0.295386654 0.952937388
1561001046.083928108 255.701430 -42.272197 29.090859 -0.046977473 0.056100291 0.294959875 0.952703808
1561001046.183792830 256.096210 -41.991412 29.137450 -0.049598002 0.059957327 0.294514876 0.952473698
1561001046.283720970 256.485751 -41.717015 29.169750 -0.050128629 0.060342056 0.294424913 0.952449436
1561001046.382549763 256.871439 -41.451206 29.205115 -0.049571784 0.059047725 0.294500067 0.952536464
1561001046.483197927 257.248856 -41.186656 29.239121 -0.049068434 0.057081967 0.294747004 0.952605974
1561001046.582651854 257.616335 -40.925965 29.267588 -0.049563402 0.055728646 0.294871528 0.952621945
1561001046.682537794 257.989335 -40.658270 29.294872 -0.050637531 0.055170580 0.294729096 0.952642014
1561001046.784588814 258.365690 -40.386500 29.323670 -0.052090585 0.055323351 0.294706666 0.952561745
1561001046.882744789 258.718300 -40.128562 29.352441 -0.053191269 0.056006049 0.294704812 0.952461593
1561001046.984536171 259.085319 -39.869532 29.381193 -0.053747203 0.056529573 0.294756141 0.952383569
1561001047.084312201 259.440082 -39.623621 29.409228 -0.053726135 0.057656338 0.294820040 0.952297429
1561001047.182418346 259.794560 -39.377373 29.438528 -0.054147945 0.058306258 0.295081093 0.952153102
1561001047.284220219 260.146660 -39.127330 29.471022 -0.054170397 0.057628433 0.295044818 0.952204331
1561001047.384638309 260.482662 -38.882908 29.502956 -0.054422703 0.056781329 0.294938246 0.952273848
1561001047.483953476 260.820545 -38.641755 29.530262 -0.054909807 0.056232959 0.295111113 0.952224867
1561001047.582661629 261.156501 -38.401364 29.558993 -0.055595832 0.056161012 0.295025020 0.952215985
1561001047.684323549 261.495368 -38.162269 29.582405 -0.055996100 0.055822684 0.295612831 0.952030104
1561001047.784392118 261.827245 -37.923379 29.598223 -0.055226530 0.054580111 0.295686930 0.952124089
1561001047.884647369 262.152974 -37.689131 29.625659 -0.055272396 0.054944987 0.295960134 0.952015551
1561001047.984635353 262.478981 -37.462904 29.657833 -0.055642826 0.055320842 0.296276830 0.951873689
1561001048.082846642 262.805595 -37.231746 29.689700 -0.055978770 0.055460493 0.296809277 0.951679969
1561001048.184401035 263.123296 -36.997985 29.716633 -0.056255154 0.055054687 0.297223625 0.951557910
1561001048.284323692 263.429461 -36.768561 29.741786 -0.056567855 0.054290631 0.297521096 0.951490306
1561001048.382706404 263.742732 -36.542039 29.766911 -0.056819588 0.053247556 0.297996794 0.951385381
1561001048.482937098 264.060339 -36.315395 29.794620 -0.057049617 0.052588604 0.298822289 0.951149315
1561001048.584648371 264.381204 -36.082863 29.818164 -0.057139995 0.052274354 0.299850907 0.950837445
1561001048.685214043 264.697150 -35.852695 29.843105 -0.057324016 0.052754818 0.300732339 0.950521408
1561001048.784650564 265.006546 -35.621193 29.867302 -0.057599342 0.053218104 0.301932072 0.950098507
1561001048.882723331 265.318746 -35.387295 29.895104 -0.058212032 0.053469234 0.303472677 0.949556072
1561001048.985802650 265.628575 -35.158669 29.922992 -0.058632866 0.053473354 0.305053327 0.949023316
1561001049.085938215 265.940753 -34.926353 29.948656 -0.059180037 0.053086617 0.307063526 0.948362550
1561001049.184611797 266.249236 -34.692519 29.970455 -0.059178247 0.053337433 0.309675897 0.947498756
1561001049.285605431 266.572889 -34.435291 29.997718 -0.059773834 0.053664124 0.312336838 0.946569042
1561001049.383944273 266.880527 -34.193185 30.020163 -0.060353049 0.053707882 0.315265023 0.945558533
1561001049.485827684 267.200602 -33.934831 30.046254 -0.061479540 0.053757457 0.318462270 0.944411025
1561001049.584794760 267.508370 -33.678696 30.069930 -0.062572259 0.053777568 0.321615736 0.943268787
1561001049.685948610 267.824770 -33.419100 30.091815 -0.062968956 0.053737895 0.325054413 0.942065167
1561001049.785964012 268.142565 -33.151322 30.112658 -0.062560162 0.053738019 0.328303633 0.940965024
1561001049.884330034 268.453910 -32.877863 30.140912 -0.062358474 0.053485417 0.331615279 0.939830856
1561001049.985788584 268.772316 -32.613565 30.170626 -0.062983298 0.053083310 0.335150583 0.938557059
1561001050.084744692 269.087113 -32.323733 30.196102 -0.064677781 0.051952797 0.338297538 0.937375308
1561001050.184565067 269.412631 -32.041102 30.214232 -0.065485162 0.051453412 0.341907157 0.936036183
1561001050.285571337 269.731725 -31.745880 30.228948 -0.065545872 0.051224831 0.345538673 0.934709998
1561001050.385581255 270.062106 -31.451337 30.248448 -0.064992335 0.052009141 0.349771362 0.933129701
1561001050.485752821 270.386164 -31.151208 30.276015 -0.064377153 0.053107767 0.354062273 0.931490770
1561001050.586269379 270.708255 -30.844495 30.303636 -0.064096901 0.053801880 0.358784384 0.929661611
1561001050.686586857 271.020726 -30.531920 30.332057 -0.064503529 0.053659413 0.363685209 0.927735431
1561001050.787702084 271.333828 -30.213306 30.358826 -0.064858229 0.052984749 0.368738857 0.925752495
1561001050.885810852 271.649996 -29.888599 30.381079 -0.065382077 0.052044118 0.374292946 0.923537430
1561001050.987944365 271.976482 -29.548767 30.395833 -0.065389030 0.051641797 0.380884657 0.920860618
1561001051.086416483 272.289686 -29.222500 30.414839 -0.064552356 0.051943902 0.388130795 0.917872164
1561001051.187693119 272.611189 -28.850069 30.438738 -0.064048990 0.052459012 0.395380858 0.914778529
1561001051.287593842 272.911651 -28.490777 30.474783 -0.065644530 0.053005007 0.403331028 0.911156050
1561001051.386906385 273.211466 -28.127049 30.498407 -0.067746987 0.053281199 0.411829597 0.907175751
1561001051.486081123 273.510711 -27.737340 30.511823 -0.069087319 0.054005318 0.420496642 0.903046478
1561001051.585965633 273.804635 -27.351054 30.517872 -0.069067100 0.055225888 0.430063248 0.898457255
1561001051.685472012 274.093037 -26.955941 30.530337 -0.067697574 0.056560158 0.440762985 0.893278220
1561001051.787038803 274.372009 -26.559530 30.561087 -0.067751671 0.057423128 0.451512323 0.887833834
1561001051.885551691 274.622739 -26.144310 30.602209 -0.070031430 0.056288234 0.462773139 0.881911705
1561001051.987123013 274.866411 -25.709732 30.623060 -0.072857746 0.053900016 0.473607075 0.876061000
1561001052.087395191 275.109625 -25.266627 30.618624 -0.073698531 0.051547052 0.484735998 0.870024391
1561001052.188537359 275.350261 -24.822144 30.608503 -0.072763628 0.052210983 0.496548099 0.863376773
1561001052.288499594 275.579031 -24.365270 30.618892 -0.071984783 0.054531235 0.508576969 0.856267483
1561001052.387208223 275.789454 -23.893412 30.674408 -0.075355932 0.056071356 0.518345528 0.849997294
1561001052.488564968 275.980146 -23.406589 30.704416 -0.082404216 0.054815114 0.528567667 0.843102052
1561001052.587393999 276.164442 -22.932780 30.705767 -0.087114851 0.052148565 0.540016412 0.835508112
1561001052.688647270 276.351971 -22.445833 30.681954 -0.086670182 0.049971533 0.551643924 0.828058033
1561001052.788615704 276.520688 -21.954568 30.669886 -0.083131188 0.049488348 0.564540420 0.819715941
1561001052.887225151 276.677929 -21.453426 30.699592 -0.082563337 0.048817589 0.576632655 0.811353757
1561001052.988583565 276.791856 -20.941318 30.733103 -0.085820780 0.046390207 0.588344000 0.802704230
1561001053.088000536 276.903320 -20.415957 30.738378 -0.089589955 0.043538850 0.599417796 0.794214275
1561001053.187639475 277.022360 -19.877473 30.718189 -0.090901272 0.043038572 0.610963377 0.785244161
1561001053.288678408 277.119587 -19.336023 30.728844 -0.091251160 0.043427096 0.622668235 0.775932718
1561001053.387157440 277.186984 -18.810328 30.745753 -0.093557569 0.042290955 0.633598589 0.766818939
1561001053.488769293 277.233760 -18.269325 30.760495 -0.096907462 0.040600061 0.644475030 0.757372111
1561001053.587111712 277.290599 -17.723206 30.744243 -0.098798677 0.039380644 0.655271894 0.747868125
1561001053.688352585 277.331081 -17.153408 30.722531 -0.099433686 0.041203234 0.666691464 0.737521341
1561001053.788466215 277.350527 -16.581403 30.725412 -0.100587464 0.044459116 0.676749214 0.727953330
1561001053.887021542 277.343264 -16.007766 30.740682 -0.103792312 0.046023534 0.686390370 0.718315565
1561001053.987121582 277.320534 -15.431603 30.736653 -0.106300200 0.045163520 0.696639143 0.708063859
1561001054.087251425 277.291112 -14.864936 30.719239 -0.107040010 0.043330806 0.706025177 0.698708327
1561001054.188841343 277.236988 -14.281861 30.699350 -0.106328965 0.042776772 0.714910827 0.689758514
1561001054.289001703 277.180993 -13.712431 30.697704 -0.107080179 0.042090378 0.723691905 0.680464739
1561001054.389043093 277.102391 -13.119687 30.685550 -0.108849938 0.041512147 0.731510990 0.671803620
1561001054.489046097 277.023590 -12.545901 30.666304 -0.110295759 0.041817568 0.737842874 0.664585607
1561001054.588755369 276.930724 -11.953811 30.651018 -0.110748161 0.042482984 0.743618246 0.657998438
1561001054.689153194 276.835433 -11.375428 30.643503 -0.110868371 0.041923552 0.748901738 0.651994484
1561001054.789282084 276.721014 -10.790228 30.633798 -0.111099182 0.041100191 0.753718418 0.646433517
1561001054.887433290 276.608475 -10.198990 30.616708 -0.111221728 0.039898268 0.758112289 0.641329566
1561001054.988718748 276.483529 -9.584145 30.593944 -0.111920667 0.039984492 0.762950483 0.635438089
1561001055.088760853 276.349860 -8.970583 30.586691 -0.114040812 0.041789658 0.766849109 0.630230721
1561001055.188452959 276.207426 -8.363344 30.573672 -0.116220744 0.041643841 0.770850747 0.624938121
1561001055.288682222 276.048464 -7.764451 30.550991 -0.117318633 0.041975644 0.774585567 0.620073852
1561001055.388660669 275.898969 -7.161841 30.524866 -0.117158967 0.041677497 0.778207505 0.615572775
1561001055.489235640 275.739697 -6.544956 30.506117 -0.117015682 0.041114405 0.782068110 0.610726131
1561001055.587567329 275.564750 -5.944730 30.485313 -0.117807560 0.040642559 0.785681981 0.605948335
1561001055.688968658 275.387763 -5.347009 30.465918 -0.118982477 0.040050796 0.788802698 0.601688797
1561001055.788998604 275.210341 -4.749840 30.440998 -0.119722854 0.040254738 0.791740883 0.597655728
1561001055.887397051 275.024812 -4.155530 30.409122 -0.119459506 0.041175567 0.794843404 0.593513236
1561001055.988837242 274.839042 -3.557644 30.385391 -0.118468517 0.042538500 0.797603726 0.589901672
1561001056.087354183 274.646488 -2.972706 30.367413 -0.119239433 0.043146818 0.800255353 0.586098694
1561001056.188796043 274.429287 -2.383712 30.339623 -0.121795903 0.043766058 0.802373992 0.582620174
1561001056.289220572 274.226938 -1.792648 30.312893 -0.122895521 0.044069627 0.804535951 0.579375925
1561001056.388934612 274.026942 -1.235823 30.287876 -0.122169763 0.043857927 0.805704324 0.577920040
1561001056.489039183 273.833318 -0.688955 30.270005 -0.120547301 0.043083522 0.806239383 0.577572693
1561001056.589157343 273.640652 -0.119375 30.246423 -0.117092791 0.041128447 0.806499444 0.578062606
1561001056.690208673 273.458615 0.452105 30.218346 -0.114387743 0.040139592 0.806608280 0.578521685
1561001056.790133476 273.282192 1.036457 30.192240 -0.112900174 0.042229177 0.806307011 0.579084839
1561001056.889648676 273.095240 1.603317 30.177254 -0.113285899 0.044984987 0.806334980 0.578762954
1561001056.989887476 272.907413 2.159500 30.167781 -0.114455763 0.046722450 0.805953208 0.578926867
1561001057.088593960 272.725952 2.702320 30.157968 -0.115581244 0.047095588 0.805690598 0.579038549
1561001057.189893723 272.533471 3.219389 30.138688 -0.115744955 0.046809675 0.805565302 0.579203336
1561001057.289996862 272.351800 3.731637 30.115949 -0.115101205 0.047365206 0.805995932 0.578687141
1561001057.388690948 272.181607 4.240913 30.096477 -0.113923064 0.048192760 0.806613799 0.577990633
1561001057.490047455 272.004121 4.749940 30.082664 -0.112429813 0.048688420 0.806932896 0.577796050
1561001057.590004206 271.834264 5.235112 30.069855 -0.111616003 0.048527109 0.807572751 0.577072993
1561001057.689964771 271.648835 5.734946 30.052055 -0.110437432 0.048453822 0.808280120 0.576315060
1561001057.790200949 271.469463 6.230863 30.031036 -0.110015421 0.048523191 0.808591310 0.575953297
1561001057.890137911 271.300803 6.720412 30.013819 -0.109754178 0.048606779 0.808878908 0.575592142
1561001057.990380526 271.132118 7.200387 30.006907 -0.107905304 0.048497914 0.809507481 0.575066984
1561001058.088928223 270.970762 7.675576 30.005482 -0.101779336 0.045772827 0.810535951 0.574958510
1561001058.190022469 270.798914 8.158025 29.994030 -0.096932410 0.043703682 0.811928138 0.573991982
1561001058.291175842 270.623712 8.648312 29.976587 -0.098149171 0.044937898 0.812068133 0.573491650
1561001058.391206264 270.456066 9.139837 29.944828 -0.105199451 0.050239795 0.811334514 0.572839720
1561001058.491060495 270.274949 9.623441 29.919307 -0.112494608 0.055455868 0.810401008 0.572293470
1561001058.590013981 270.101051 10.111669 29.913731 -0.117944920 0.059597888 0.809717741 0.571746681
1561001058.691048622 269.923189 10.612376 29.921977 -0.118258617 0.059818863 0.809891205 0.571413019
1561001058.791085720 269.745983 11.067321 29.911176 -0.114367803 0.058421330 0.810669246 0.571246293
1561001058.883384228 269.582764 11.517574 29.883537 -0.107085430 0.054285686 0.811238689 0.572256554
1561001058.983612299 269.403465 11.981744 29.843562 -0.100159130 0.050413095 0.812074835 0.572678907
1561001059.082769156 269.229321 12.481456 29.809446 -0.098014929 0.049956663 0.812178273 0.572943155
1561001059.183719873 269.055381 12.984576 29.802119 -0.101367545 0.053032099 0.811401614 0.573183774
1561001059.283688068 268.895632 13.482151 29.797793 -0.105030115 0.056752737 0.810564177 0.573352873
1561001059.384047747 268.735441 13.948055 29.791259 -0.106193095 0.057950459 0.810346126 0.573327068
1561001059.483585358 268.567310 14.415482 29.782990 -0.105710574 0.058581775 0.810173909 0.573595404
1561001059.582391024 268.413774 14.885333 29.767128 -0.103776750 0.058131101 0.809945326 0.574316750
1561001059.682520390 268.249361 15.362321 29.748986 -0.102685079 0.057853559 0.809798185 0.574748328
1561001059.782324314 268.083041 15.830059 29.731080 -0.102876647 0.057842452 0.808896376 0.575983766
1561001059.883408785 267.919543 16.310899 29.710953 -0.103005112 0.058430703 0.808125804 0.576982222
1561001059.983484745 267.756001 16.791678 29.696918 -0.103154605 0.060129076 0.807384336 0.577818445
1561001060.082146168 267.599691 17.257927 29.686545 -0.103349094 0.061365250 0.806511200 0.578872140
1561001060.183033705 267.440023 17.718637 29.677947 -0.103337062 0.061753304 0.805932410 0.579638621
1561001060.283139467 267.291309 18.151674 29.665820 -0.103475218 0.061658962 0.805100080 0.580779573
1561001060.382140636 267.138418 18.606133 29.647621 -0.102965033 0.061746298 0.804625894 0.581517641
1561001060.483460426 267.004673 19.040750 29.628793 -0.102476674 0.062097122 0.804353387 0.581943388
1561001060.582479239 266.869993 19.464659 29.618340 -0.101972933 0.062809096 0.803826813 0.582682583
1561001060.683787346 266.742032 19.881845 29.613615 -0.101896717 0.063089350 0.803536117 0.583066463
1561001060.784933805 266.606990 20.295694 29.602558 -0.101181624 0.062321494 0.803603513 0.583180679
1561001060.884977102 266.478599 20.699367 29.583212 -0.099797651 0.061410287 0.803367069 0.583841209
1561001060.983646870 266.351241 21.113513 29.568946 -0.098778239 0.061435448 0.803591691 0.583702783
1561001061.082944870 266.218523 21.516668 29.556936 -0.097747039 0.061607216 0.803814834 0.583551008
1561001061.185359716 266.076894 21.941474 29.552928 -0.098010562 0.062144801 0.803803068 0.583466008
1561001061.284133673 265.939075 22.342108 29.546118 -0.098646402 0.060950586 0.803785300 0.583509302
1561001061.384082556 265.803861 22.743465 29.534596 -0.098935279 0.059649384 0.804099800 0.583161447
1561001061.484185696 265.671063 23.148477 29.515687 -0.098983260 0.059263566 0.804448352 0.582711758
1561001061.582356691 265.549242 23.520390 29.502326 -0.094646177 0.058154493 0.805056459 0.582704260
1561001061.684498310 265.443078 23.898622 29.506097 -0.086870415 0.055520795 0.806291800 0.582464167
1561001061.784070730 265.300560 24.280990 29.519880 -0.081447687 0.053168992 0.806984811 0.582507379
1561001061.882775545 265.152212 24.644613 29.530051 -0.082262864 0.050360396 0.807149385 0.582414390
1561001061.984380245 264.993676 25.033545 29.519308 -0.086381519 0.048713388 0.806504368 0.582851563
1561001062.082633257 264.868297 25.439680 29.486366 -0.089539272 0.049660668 0.806616040 0.582140105
1561001062.183088303 264.744613 25.856906 29.449286 -0.091270278 0.054252626 0.806513101 0.581603823
1561001062.283927917 264.625347 26.290848 29.442666 -0.096787263 0.063625235 0.805843814 0.580689076
1561001062.384415865 264.473775 26.714512 29.458942 -0.107816257 0.072413342 0.804146769 0.580068907
1561001062.484482050 264.317482 27.122305 29.471994 -0.117544798 0.074942531 0.803249456 0.579100292
1561001062.582787037 264.170059 27.517318 29.468166 -0.120269105 0.071025403 0.802930136 0.579477292
1561001062.684537411 264.038433 27.917533 29.439708 -0.117228331 0.065646543 0.803897272 0.579393843
1561001062.783223391 263.914936 28.304225 29.409599 -0.110917881 0.063922658 0.804964737 0.579346951
1561001062.884403229 263.793883 28.720687 29.378232 -0.104398117 0.063508406 0.806258624 0.578804585
1561001062.984252930 263.660224 29.130697 29.359686 -0.099210312 0.061591810 0.807331416 0.578428689
1561001063.082421780 263.505467 29.537534 29.342694 -0.095239320 0.057131180 0.807975402 0.578654689
1561001063.184089899 263.344465 29.955821 29.327268 -0.095605516 0.053695246 0.808196557 0.578614492
1561001063.282417297 263.185694 30.371052 29.311102 -0.097682385 0.053659467 0.807842131 0.578765846
1561001063.385558367 263.030773 30.807700 29.298946 -0.099879067 0.055239976 0.807706192 0.578431866
1561001063.485841036 262.889754 31.231782 29.287713 -0.099928047 0.056449094 0.807826450 0.578138661
1561001063.583967686 262.740773 31.671055 29.281305 -0.099172657 0.056933157 0.808266635 0.577605788
1561001063.685844183 262.581726 32.118514 29.274546 -0.098995429 0.056168187 0.808398151 0.577527028
1561001063.784738302 262.425841 32.570077 29.266876 -0.099292955 0.054859290 0.808251168 0.577807422
1561001063.884446383 262.265978 33.025253 29.252186 -0.099758460 0.053847904 0.808589057 0.577349451
1561001063.985860348 262.111770 33.477024 29.237170 -0.100388142 0.054033437 0.808758777 0.576985138
1561001064.084208965 261.950209 33.926065 29.227836 -0.100418219 0.054213354 0.808792424 0.576915859
1561001064.185669899 261.790136 34.390715 29.213137 -0.100494124 0.054583561 0.809046228 0.576511723
1561001064.284376144 261.623524 34.847796 29.207956 -0.099975167 0.054158808 0.809200392 0.576425637
1561001064.385807276 261.459000 35.312109 29.198237 -0.099823271 0.053461025 0.809542674 0.576036364
1561001064.485794783 261.297563 35.778421 29.188404 -0.099838607 0.052433873 0.809596742 0.576052130
1561001064.584135056 261.125768 36.232946 29.173649 -0.099923242 0.052070839 0.809660786 0.575980369
1561001064.685810089 260.952278 36.728097 29.159933 -0.100679992 0.051692329 0.809791762 0.575698484
1561001064.784161806 260.784609 37.204112 29.145007 -0.100673416 0.052207047 0.809939208 0.575445711
1561001064.885569811 260.615772 37.672119 29.135262 -0.099960056 0.052918375 0.810259781 0.575053668
1561001064.985643148 260.440995 38.163733 29.129856 -0.099826089 0.052594674 0.810505584 0.574760168
1561001065.085786581 260.276411 38.636872 29.130642 -0.100634308 0.052195358 0.810708730 0.574368989
1561001065.186112881 260.096742 39.117366 29.117526 -0.100755990 0.051699210 0.810842825 0.574203217
1561001065.284489393 259.931924 39.590893 29.103734 -0.100885898 0.051727961 0.811411268 0.573374230
1561001065.385910034 259.758296 40.085643 29.095546 -0.101590048 0.051660543 0.811490566 0.573143709
1561001065.485925913 259.566509 40.543680 29.081047 -0.101747853 0.051845914 0.811339676 0.573312572
1561001065.584256887 259.404144 41.007271 29.072549 -0.102087475 0.052123221 0.810976240 0.573741105
1561001065.686115265 259.242096 41.478183 29.063201 -0.102078288 0.052096824 0.811033184 0.573664640
1561001065.784687757 259.073355 41.945416 29.049950 -0.101709596 0.052297070 0.811129792 0.573575309
1561001065.886231422 258.918624 42.425040 29.043354 -0.101519119 0.052124961 0.810682757 0.574256323
1561001065.985972166 258.758317 42.888083 29.033640 -0.101599619 0.052069786 0.810457714 0.574564660
1561001066.084078074 258.587264 43.333880 29.021272 -0.102116391 0.052303130 0.810091446 0.574968238
1561001066.185680389 258.423189 43.801697 29.010709 -0.102326255 0.052713260 0.810011564 0.575006013
1561001066.284209013 258.258777 44.260594 28.996236 -0.102282433 0.053338698 0.809861096 0.575168056
1561001066.385867834 258.113434 44.722644 28.987023 -0.102506021 0.053682223 0.809856029 0.575103423
1561001066.487525940 257.942888 45.185985 28.975829 -0.102331376 0.054216830 0.809461820 0.575639112
1561001066.587247372 257.768373 45.648286 28.966994 -0.102563206 0.054717715 0.808909693 0.576326182
1561001066.688665390 257.614313 46.118653 28.953025 -0.102330043 0.055202755 0.809103505 0.576049249
1561001066.787299633 257.463384 46.568114 28.944558 -0.102212173 0.055763261 0.809223774 0.575847214
1561001066.888620138 257.302270 47.029651 28.931338 -0.102067387 0.056288628 0.809131756 0.575951075
1561001066.988610029 257.136533 47.492637 28.919460 -0.101789996 0.056782192 0.809164649 0.575905505
1561001067.087073803 256.980265 47.930778 28.907169 -0.102174674 0.057229022 0.809583272 0.575204399
1561001067.188369751 256.835807 48.382347 28.884798 -0.101470557 0.058719320 0.809539800 0.575240019
1561001067.286655903 256.678790 48.814536 28.878028 -0.101080098 0.059665872 0.809715981 0.574963328
1561001067.388001680 256.509036 49.260750 28.871971 -0.100264308 0.059716257 0.809891212 0.574854122
1561001067.488376617 256.353915 49.703564 28.861947 -0.099988422 0.059014084 0.810267768 0.574443903
1561001067.586827517 256.205214 50.146217 28.848444 -0.099776475 0.058928318 0.810404014 0.574297347
1561001067.688380718 256.056358 50.580800 28.829838 -0.098293630 0.058874977 0.810640122 0.574225298
1561001067.787022114 255.910923 50.986999 28.827664 -0.091851217 0.057497832 0.811671730 0.573974177
1561001067.888447046 255.762775 51.412940 28.832348 -0.084555078 0.054477183 0.813089641 0.573382865
1561001067.988378763 255.597191 51.847241 28.842437 -0.081488878 0.052927772 0.813408884 0.573519138
1561001068.088319778 255.441874 52.274797 28.833203 -0.082628230 0.052196507 0.813435530 0.573385332
1561001068.188484192 255.289667 52.707901 28.815115 -0.085363953 0.054214892 0.813075385 0.573308084
1561001068.287070751 255.126726 53.165895 28.791137 -0.090166849 0.057514882 0.812906249 0.572490531
1561001068.389976263 254.957327 53.624720 28.779510 -0.098844200 0.065164564 0.811808094 0.571796312
1561001068.489779949 254.782009 54.093567 28.780963 -0.109206724 0.073507435 0.810303018 0.571033771
1561001068.588541746 254.639723 54.526037 28.780348 -0.114978831 0.076833783 0.809502564 0.570597965
1561001068.689914227 254.488086 54.967769 28.763206 -0.112739989 0.074514511 0.810019916 0.570618103
1561001068.788717270 254.337703 55.397633 28.751094 -0.106966188 0.071042925 0.811215293 0.570474264
1561001068.890141726 254.180548 55.840746 28.729169 -0.100427245 0.067475732 0.811935601 0.571070901
1561001068.988807440 254.029891 56.268766 28.703532 -0.095098472 0.063808843 0.812645436 0.571394879
1561001069.089428186 253.869118 56.709667 28.673719 -0.090757611 0.060929233 0.813069199 0.571812174
1561001069.190011501 253.704228 57.178888 28.653404 -0.090104736 0.060307748 0.813195034 0.571802369
1561001069.288758755 253.535659 57.644159 28.645051 -0.092282600 0.062486671 0.812829161 0.571741282
1561001069.390188932 253.360562 58.116150 28.641935 -0.094482459 0.064461750 0.812216823 0.572032849
1561001069.491412163 253.185082 58.588571 28.634473 -0.094919712 0.065608993 0.812225711 0.571817368
1561001069.590254784 253.026215 59.063273 28.623457 -0.094121976 0.065104369 0.812306286 0.571892449
1561001069.691448450 252.859925 59.534028 28.611836 -0.093240948 0.065028570 0.812163122 0.572248613
1561001069.790375471 252.690235 60.004247 28.598647 -0.092647839 0.064893488 0.811949044 0.572663918
1561001069.891555548 252.501255 60.500078 28.584424 -0.092589077 0.064890670 0.811921051 0.572713428
1561001069.991385698 252.338679 60.982815 28.576009 -0.092944538 0.065243200 0.811643387 0.573009293
1561001070.091350317 252.168773 61.471179 28.567537 -0.092760649 0.065809039 0.811494999 0.573184524
1561001070.191238165 251.985869 61.975381 28.553594 -0.092340656 0.065885637 0.811829285 0.572770023
1561001070.289928913 251.814909 62.453631 28.546370 -0.092097385 0.065677424 0.811641839 0.573098659
1561001070.392473221 251.630965 62.955134 28.536153 -0.092139648 0.065502230 0.811883220 0.572769918
1561001070.481939077 251.464339 63.430385 28.523326 -0.092187125 0.064535970 0.811895551 0.572854481
1561001070.583059311 251.279112 63.945302 28.510218 -0.091752018 0.064003907 0.812145985 0.572628996
1561001070.683089256 251.098060 64.459767 28.500753 -0.091491709 0.063971979 0.812096893 0.572743825
1561001070.782217503 250.913925 64.967035 28.488211 -0.091533926 0.064359238 0.812347304 0.572338437
1561001070.883188009 250.719793 65.469810 28.478923 -0.091426243 0.063783469 0.812437348 0.572292292
1561001070.983183146 250.537101 65.992785 28.468673 -0.091862890 0.063737970 0.812103551 0.572701060
1561001071.082998991 250.352233 66.505072 28.455209 -0.092368314 0.063533178 0.811874510 0.572967199
1561001071.183083773 250.169716 67.023469 28.447345 -0.092259863 0.063691263 0.811943821 0.572868896
1561001071.282132864 249.987948 67.547646 28.440837 -0.092369145 0.063562642 0.812174507 0.572538471
1561001071.383422852 249.804283 68.069739 28.432756 -0.092121648 0.062938972 0.812204714 0.572604392
1561001071.483483076 249.610656 68.577079 28.421020 -0.091523340 0.062269331 0.811977307 0.573095857
1561001071.583646774 249.423541 69.101588 28.412587 -0.091347212 0.061873761 0.811863581 0.573327873
1561001071.683470726 249.241097 69.635563 28.402925 -0.091254074 0.061822771 0.811514880 0.573841650
1561001071.782249451 249.052955 70.164081 28.395605 -0.091363232 0.061333303 0.810992927 0.574614182
1561001071.883247137 248.853993 70.713181 28.386620 -0.091856464 0.061439112 0.811023859 0.574480571
1561001071.983281374 248.658576 71.251636 28.376213 -0.092591867 0.061896374 0.810968675 0.574391324
1561001072.083230257 248.472654 71.778700 28.362244 -0.093218201 0.061833967 0.810586127 0.574836549
1561001072.183196306 248.287958 72.310920 28.353875 -0.093685138 0.062147750 0.810193177 0.575280599
1561001072.283281565 248.092912 72.840863 28.343731 -0.093763090 0.062153056 0.809983646 0.575562312
1561001072.383306742 247.902450 73.382038 28.336806 -0.093640389 0.062080648 0.809819561 0.575820935
1561001072.483091116 247.714131 73.920374 28.326176 -0.093604519 0.061307523 0.809825359 0.575901441
1561001072.583111048 247.523378 74.463874 28.312791 -0.093615758 0.061111518 0.809905756 0.575807379
1561001072.683095932 247.328137 75.001157 28.306295 -0.093702384 0.061081699 0.810101297 0.575521310
1561001072.781921387 247.133710 75.529215 28.296279 -0.094312269 0.060523416 0.810366270 0.575107486
1561001072.883060217 246.945940 76.063419 28.289083 -0.095131809 0.060272809 0.810244466 0.575170438
1561001072.983287334 246.764243 76.588425 28.275143 -0.095311006 0.059449414 0.810481508 0.574892429
1561001073.082601309 246.571998 77.119920 28.261788 -0.095214985 0.059261695 0.810629777 0.574718646
1561001073.185176849 246.376437 77.668522 28.250745 -0.094956489 0.058863579 0.810730184 0.574660693
1561001073.283574343 246.188128 78.191613 28.244455 -0.094608161 0.058810990 0.811009658 0.574329085
1561001073.383621693 246.006348 78.718364 28.241132 -0.094943205 0.057997239 0.811188341 0.574104158
1561001073.483099222 245.813410 79.247305 28.229457 -0.094821439 0.056792266 0.811196228 0.574233588
1561001073.582269430 245.625026 79.782562 28.220020 -0.094642465 0.056608177 0.811250265 0.574204951
1561001073.683149099 245.441363 80.316572 28.206412 -0.094246414 0.056412136 0.811505172 0.573929124
1561001073.781948090 245.244704 80.847662 28.201629 -0.094289526 0.056799838 0.811537761 0.573837718
1561001073.883282185 245.047926 81.393940 28.190910 -0.095017176 0.057067754 0.811420269 0.573857259
1561001073.982235670 244.858545 81.930282 28.181815 -0.095144684 0.056919341 0.811475892 0.573772215
1561001074.083472252 244.662660 82.483820 28.171599 -0.094791014 0.057139981 0.811542904 0.573714041
1561001074.183619499 244.465482 83.026584 28.165273 -0.094575600 0.057909324 0.811579854 0.573620177
1561001074.282670736 244.273553 83.574775 28.158477 -0.094659406 0.058431958 0.811297483 0.573952697
1561001074.383072138 244.074570 84.130502 28.145408 -0.094732368 0.058558629 0.811427563 0.573743824
1561001074.482825279 243.875402 84.677450 28.135070 -0.094955870 0.059238606 0.811184344 0.573980949
1561001074.583816051 243.679371 85.233195 28.123754 -0.095207535 0.060025072 0.811482261 0.573436184
1561001074.683584929 243.484841 85.782383 28.115042 -0.095288589 0.060854598 0.811853372 0.572809658
1561001074.782573938 243.287582 86.335478 28.106854 -0.095272440 0.060778173 0.812117509 0.572445917
1561001074.883599281 243.082573 86.884524 28.096535 -0.094905477 0.059973163 0.812017345 0.572733796
1561001074.982517719 242.871112 87.430164 28.084817 -0.095259663 0.059535085 0.812722054 0.571720241
1561001075.083357573 242.669244 87.993515 28.071844 -0.095430746 0.059419348 0.812885655 0.571471107
1561001075.184128046 242.460704 88.554149 28.056562 -0.095362524 0.059832321 0.813019775 0.571248569
1561001075.283576488 242.268037 89.103315 28.049093 -0.096025563 0.060440115 0.813353267 0.570598411
1561001075.384193420 242.069376 89.656529 28.039681 -0.097190854 0.060935108 0.813453358 0.570205651
1561001075.482441187 241.876555 90.197502 28.031721 -0.097792335 0.060969519 0.813459803 0.570089929
1561001075.584443092 241.663701 90.759405 28.011878 -0.097864620 0.060878436 0.813069432 0.570643873
1561001075.684878588 241.457957 91.312393 27.998843 -0.097574326 0.060970301 0.813274180 0.570391955
1561001075.783499002 241.255446 91.861377 27.982764 -0.097477971 0.061159477 0.813542141 0.570005919
1561001075.884480476 241.054568 92.407403 27.970608 -0.097108522 0.061437773 0.813724015 0.569779398
1561001075.983170748 240.854349 92.937616 27.956588 -0.096874120 0.061556817 0.813634135 0.569934784
1561001076.084552526 240.655230 93.477103 27.948331 -0.097074901 0.061591423 0.814066044 0.569279752
1561001076.184798956 240.461649 94.016410 27.939342 -0.096952481 0.061168425 0.814019410 0.569412891
1561001076.282488346 240.269853 94.548319 27.928431 -0.097070996 0.060841969 0.814091233 0.569324987
1561001076.384285212 240.072847 95.093685 27.916646 -0.097061758 0.060379204 0.814282429 0.569102357
1561001076.482762575 239.874009 95.621164 27.904505 -0.097238227 0.059597397 0.814219068 0.569245279
1561001076.583029270 239.662884 96.149952 27.890853 -0.097528771 0.059029775 0.813962120 0.569622060
1561001076.684256077 239.463349 96.676002 27.880608 -0.098067197 0.058837181 0.813933212 0.569590850
1561001076.782493114 239.275842 97.192644 27.869078 -0.098309672 0.058451721 0.813386899 0.570368615
1561001076.884339333 239.081767 97.720042 27.856102 -0.098520096 0.058222581 0.813116373 0.570741348
1561001076.983100176 238.881457 98.230367 27.841590 -0.098970988 0.058497455 0.812916513 0.570919901
1561001077.084511042 238.696792 98.748743 27.828320 -0.099065822 0.058618413 0.812526807 0.571445564
1561001077.184492826 238.518936 99.248155 27.818042 -0.098979780 0.058753364 0.812169790 0.571953912
1561001077.282763243 238.345073 99.749799 27.808467 -0.098936490 0.058644963 0.811757901 0.572556940
1561001077.384581327 238.165566 100.259841 27.796406 -0.098483130 0.058734570 0.811584067 0.572872260
1561001077.483135462 237.980903 100.758013 27.787662 -0.098127211 0.058754710 0.811186916 0.573493436
1561001077.584319115 237.802743 101.252494 27.775053 -0.098018044 0.058615863 0.810805313 0.574065666
1561001077.684247017 237.628054 101.751109 27.761222 -0.098212582 0.059416504 0.810597212 0.574243962
1561001077.782429457 237.479096 102.218973 27.755755 -0.098276957 0.060232298 0.810437099 0.574373937
1561001077.884387255 237.310839 102.694163 27.749354 -0.097965820 0.060447840 0.810086884 0.574898250
1561001077.983203411 237.141343 103.147699 27.741208 -0.098142392 0.060589858 0.809986024 0.574995288
1561001078.084416151 236.970285 103.599466 27.731557 -0.098046315 0.060977472 0.809719209 0.575346391
1561001078.184631824 236.823217 104.040192 27.720699 -0.097787357 0.060959685 0.810014310 0.574976841
1561001078.282338142 236.673479 104.478045 27.714159 -0.097676704 0.060864304 0.809853642 0.575232020
1561001078.384208202 236.530640 104.903138 27.710454 -0.097449459 0.060458844 0.809708734 0.575517243
1561001078.482391357 236.387092 105.314627 27.700900 -0.096904920 0.059075796 0.809572524 0.575944282
1561001078.582772493 236.241360 105.738104 27.693231 -0.096397060 0.058493595 0.809678369 0.575940140
1561001078.684144497 236.092910 106.160560 27.680823 -0.095646560 0.058454820 0.809477742 0.576351069
1561001078.784902334 235.956054 106.571678 27.674084 -0.095468940 0.058526778 0.809408505 0.576470441
1561001078.884029627 235.812426 106.975933 27.668283 -0.095451901 0.058803126 0.809209655 0.576724250
1561001078.983920813 235.652885 107.385747 27.661874 -0.095679384 0.058473505 0.808746930 0.577368779
1561001079.085351944 235.514841 107.790916 27.657150 -0.096122393 0.057842376 0.808712197 0.577407419
1561001079.185181856 235.380678 108.199666 27.650461 -0.096589417 0.057539434 0.808629189 0.577476002
1561001079.283475876 235.241917 108.607519 27.637516 -0.096331867 0.057445843 0.808258409 0.578047135
1561001079.385140181 235.088322 109.023030 27.625133 -0.095891191 0.057862587 0.808237205 0.578108485
1561001079.483640909 234.950172 109.411160 27.621112 -0.095652232 0.058236451 0.808003255 0.578437469
1561001079.585520744 234.809775 109.819866 27.619247 -0.095672040 0.057985491 0.808075404 0.578358613
1561001079.685577631 234.680880 110.205967 27.615972 -0.095390900 0.057858760 0.807941165 0.578605232
1561001079.783645391 234.556291 110.594761 27.609855 -0.095529282 0.057810981 0.807977137 0.578536941
1561001079.885437727 234.411905 110.982878 27.601859 -0.095889593 0.057978286 0.807788497 0.578723982
1561001079.985482454 234.274783 111.359138 27.595378 -0.096282515 0.058244176 0.808391368 0.577789485
1561001080.085436821 234.146152 111.731664 27.586413 -0.095768701 0.057985308 0.808035278 0.578398694
1561001080.185312510 234.011332 112.098051 27.583722 -0.095900476 0.057718397 0.808772290 0.577372556
1561001080.284849644 233.887889 112.461322 27.580257 -0.095888994 0.057494558 0.808822539 0.577326404
1561001080.385543823 233.769124 112.818805 27.571077 -0.096233426 0.057514918 0.809099317 0.576879066
1561001080.484827042 233.654008 113.155800 27.565744 -0.096543292 0.058197584 0.809230395 0.576574889
1561001080.585418224 233.535062 113.480865 27.561246 -0.096669859 0.058567114 0.809403795 0.576272790
1561001080.685405970 233.428049 113.804500 27.557597 -0.096133869 0.058482373 0.809618334 0.576069653
1561001080.784578800 233.323335 114.121924 27.553022 -0.096303411 0.058203463 0.809822230 0.575782916
1561001080.885074615 233.201619 114.423985 27.549409 -0.096532630 0.058229140 0.810032686 0.575445798
1561001080.983289003 233.083071 114.737636 27.541468 -0.096347511 0.058246623 0.809955050 0.575584316
1561001081.084763527 232.972360 115.035842 27.536224 -0.096306935 0.057991426 0.810749595 0.574497227
1561001081.184940577 232.871183 115.345324 27.530126 -0.095918779 0.058021476 0.810741201 0.574570972
1561001081.283399343 232.767694 115.646948 27.522920 -0.095530178 0.058106492 0.811330668 0.573794534
1561001081.385087013 232.661432 115.962453 27.517821 -0.094704801 0.058562586 0.811813346 0.573201984
1561001081.483713627 232.564464 116.243688 27.515773 -0.094616409 0.058716275 0.812002791 0.572932458
1561001081.585238934 232.458566 116.539376 27.514753 -0.094973709 0.058567685 0.812024271 0.572858101
1561001081.686723471 232.346226 116.839434 27.511645 -0.095211482 0.058307399 0.812085238 0.572758751
1561001081.786685944 232.233718 117.129416 27.503372 -0.095306084 0.057848710 0.812317679 0.572459837
1561001081.887049198 232.134945 117.420589 27.496017 -0.095348031 0.057986008 0.812297175 0.572468056
1561001081.985136747 232.033544 117.714956 27.490033 -0.095366085 0.058004953 0.812425470 0.572281042
1561001082.087326765 231.924788 118.015407 27.478459 -0.094899027 0.058354416 0.812524513 0.572182535
1561001082.186716318 231.816738 118.305937 27.476232 -0.092876791 0.058444424 0.812796004 0.572119574
1561001082.285029411 231.716482 118.580711 27.486080 -0.089336154 0.056468336 0.813533017 0.571834250
1561001082.386585474 231.614938 118.856913 27.502464 -0.085522411 0.053796426 0.813922866 0.572120119
1561001082.484943867 231.505914 119.119185 27.510955 -0.084029833 0.050730979 0.814286647 0.572103671
1561001082.587628126 231.402955 119.386627 27.509406 -0.083656825 0.048287677 0.814504959 0.572059008
1561001082.686302662 231.298054 119.666624 27.498082 -0.083623497 0.046737930 0.814580277 0.572085351
1561001082.787648916 231.189407 119.956474 27.477714 -0.082898290 0.046701238 0.814740058 0.571966350
1561001082.887762547 231.092351 120.239780 27.463775 -0.081755983 0.047426139 0.814928644 0.571802435
1561001082.987987041 231.001380 120.515753 27.457760 -0.081375205 0.048664265 0.814900269 0.571793159
1561001083.087826014 230.903183 120.798146 27.463983 -0.082398291 0.050729206 0.815111909 0.571165165
1561001083.188112020 230.801145 121.090255 27.474918 -0.086400537 0.053703911 0.814534079 0.571126142
1561001083.287912607 230.698414 121.366285 27.486939 -0.091820518 0.057378479 0.813854328 0.570892139
1561001083.387866974 230.592564 121.644302 27.491753 -0.096230100 0.059954331 0.813010608 0.571103315
1561001083.486412525 230.492454 121.927872 27.493051 -0.099414792 0.061081862 0.812813624 0.570718598
1561001083.587736607 230.388241 122.194269 27.489738 -0.101504441 0.061136843 0.812660981 0.570562236
1561001083.687691212 230.280234 122.460555 27.482413 -0.102069141 0.060604544 0.812728151 0.570422592
1561001083.786313534 230.179977 122.713547 27.473769 -0.102331548 0.060685177 0.812612379 0.570531931
1561001083.887817860 230.082083 122.977290 27.466129 -0.102380185 0.061215187 0.812558818 0.570542869
1561001083.986575603 229.990049 123.242486 27.459461 -0.102439279 0.061329977 0.812875239 0.570069008
1561001084.088142633 229.897123 123.502273 27.454790 -0.102159316 0.061557223 0.812883777 0.570082579
1561001084.189690351 229.808332 123.756046 27.448960 -0.101849856 0.060736360 0.813384230 0.569511892
1561001084.288906097 229.717004 124.009612 27.439009 -0.100752154 0.059684481 0.813335946 0.569887186
1561001084.389524937 229.627544 124.263415 27.425906 -0.099089678 0.058600251 0.813617985 0.569888604
1561001084.487960339 229.534485 124.519405 27.414603 -0.097360743 0.057868535 0.813810009 0.569987182
1561001084.589037180 229.439690 124.773738 27.411800 -0.096209418 0.057067096 0.814105612 0.569841335
1561001084.687825203 229.337677 125.022875 27.413979 -0.096308145 0.056533631 0.814152165 0.569811321
1561001084.788902998 229.237219 125.281966 27.410674 -0.096668816 0.055891183 0.814308430 0.569590289
1561001084.888893366 229.139334 125.521732 27.404343 -0.096759817 0.055536570 0.814294186 0.569629884
1561001084.989115000 229.055362 125.765585 27.398310 -0.096101599 0.054789431 0.814391513 0.569674524
1561001085.089356422 228.959576 126.009736 27.391256 -0.094726219 0.053845207 0.814681529 0.569580235
1561001085.188716888 228.856971 126.260821 27.385272 -0.093623872 0.052774487 0.815031466 0.569362041
1561001085.288328886 228.782086 126.502279 27.384031 -0.092970532 0.052326457 0.815469558 0.568882960
1561001085.389575005 228.687727 126.748268 27.381957 -0.092874206 0.051637106 0.815679390 0.568660816
1561001085.489211321 228.600689 126.979596 27.379127 -0.092894760 0.051715949 0.816014074 0.568169917
1561001085.589471102 228.505136 127.204398 27.372436 -0.092411519 0.051634407 0.816277400 0.567877809
1561001085.689117432 228.413028 127.441502 27.371904 -0.091798354 0.051708692 0.816570595 0.567548884
1561001085.789865255 228.323844 127.680087 27.375020 -0.091607622 0.051385185 0.817134275 0.566797303
1561001085.889647245 228.238164 127.912928 27.376424 -0.091543564 0.050430657 0.817812119 0.565915066
1561001085.988338232 228.144257 128.138527 27.374885 -0.090849461 0.049241303 0.818202284 0.565567584
1561001086.089690447 228.055561 128.371560 27.369805 -0.090749151 0.048350608 0.819504451 0.563772352
1561001086.188564301 227.958577 128.596503 27.369304 -0.090414269 0.048463248 0.820579699 0.562250417
1561001086.289535522 227.867690 128.830191 27.368828 -0.090294560 0.048328565 0.821888278 0.560366756
1561001086.389413595 227.767845 129.065005 27.371370 -0.089902766 0.048172620 0.823514989 0.558050136
1561001086.489204407 227.660093 129.296781 27.373306 -0.089765343 0.047245804 0.825444459 0.555294032
1561001086.590790749 227.550328 129.528579 27.373381 -0.089316693 0.046002264 0.827255469 0.552770032
1561001086.689782381 227.447455 129.767132 27.377633 -0.090014785 0.044434207 0.829690414 0.549123626
1561001086.789778709 227.346439 129.996373 27.361844 -0.090200710 0.044192536 0.832321218 0.545116723
1561001086.890481472 227.241667 130.230725 27.351972 -0.089336098 0.045363773 0.835119168 0.540867050
1561001086.989774704 227.130537 130.465813 27.350641 -0.088073879 0.048061866 0.838576174 0.535465265
1561001087.090443134 226.989941 130.698044 27.366194 -0.087829506 0.047745335 0.842093080 0.529986420
1561001087.189140797 226.857399 130.923366 27.383003 -0.088314476 0.045504085 0.845959900 0.523910086
1561001087.290183783 226.714675 131.144018 27.382646 -0.089165454 0.042597415 0.850327131 0.516893367
1561001087.390208960 226.571025 131.375544 27.371119 -0.089081176 0.041416081 0.854730782 0.509690635
1561001087.489197493 226.418599 131.615498 27.359939 -0.088881477 0.041559986 0.859651289 0.501370634
1561001087.590369701 226.270337 131.843741 27.363788 -0.089109803 0.041909861 0.864547257 0.492809341
1561001087.689253092 226.103316 132.066306 27.372684 -0.089678146 0.041034723 0.869530850 0.483931898
1561001087.790531874 225.922231 132.291643 27.379002 -0.090687070 0.038315026 0.874382303 0.475145663
1561001087.890367508 225.753573 132.522042 27.364703 -0.090620450 0.036486056 0.879953132 0.464907720
1561001087.989744425 225.576024 132.743843 27.349953 -0.090510440 0.036584260 0.885529728 0.454209812
1561001088.090362787 225.381826 132.976865 27.355203 -0.091600508 0.037809874 0.890436652 0.444187269
1561001088.189782381 225.182793 133.198608 27.366061 -0.094322969 0.037183469 0.895526876 0.433303798
1561001088.290704012 224.970701 133.407283 27.382277 -0.096830654 0.035142334 0.900983181 0.421447682
1561001088.383211851 224.750730 133.608529 27.379049 -0.097718656 0.031948831 0.906362782 0.409800982
1561001088.481944084 224.522410 133.824690 27.369186 -0.097153055 0.029889800 0.912195466 0.396947498
1561001088.583049536 224.274520 134.034154 27.353003 -0.096455931 0.029850764 0.917777667 0.384043407
1561001088.682126045 224.024010 134.241656 27.343116 -0.096668436 0.030737050 0.923059008 0.371042471
1561001088.782938957 223.765222 134.450355 27.339219 -0.098840729 0.031217972 0.928376774 0.356892861
1561001088.882764816 223.509829 134.650634 27.340244 -0.101055253 0.031316059 0.933524833 0.342547116
1561001088.982557535 223.226741 134.843155 27.345235 -0.103819738 0.029985283 0.938133082 0.328981253
1561001089.082492590 222.934503 135.027049 27.342779 -0.106484066 0.027510681 0.942967965 0.314190584
1561001089.181574821 222.626360 135.205453 27.337995 -0.109165938 0.024790923 0.947515968 0.299469027
1561001089.281428576 222.308911 135.373745 27.328047 -0.111496027 0.022841023 0.951929328 0.284389659
1561001089.382590294 221.986523 135.546152 27.302839 -0.112810978 0.022448522 0.956368951 0.268566895
1561001089.481361389 221.655621 135.708182 27.279303 -0.112960370 0.023726523 0.960754163 0.252246794
1561001089.582539797 221.311202 135.863514 27.272952 -0.113551832 0.024777845 0.965017192 0.235018850
1561001089.681478024 220.959221 136.009879 27.271547 -0.113409309 0.024174321 0.968890570 0.218643534
1561001089.782533884 220.600464 136.134397 27.267281 -0.114459161 0.022556955 0.972508571 0.201537501
1561001089.882657528 220.229309 136.234898 27.255571 -0.115667058 0.020232986 0.975777482 0.184580777
1561001089.982871771 219.836902 136.345044 27.234080 -0.116738740 0.017882120 0.978764342 0.167548976
1561001090.082680941 219.437404 136.445169 27.207157 -0.117293525 0.016553878 0.981507505 0.150370260
1561001090.181905270 219.026935 136.525623 27.181940 -0.118067351 0.016743042 0.983973768 0.132572225
1561001090.282462835 218.597009 136.607771 27.162004 -0.119193209 0.016701664 0.986070230 0.114802156
1561001090.382484913 218.170052 136.673245 27.144556 -0.120428493 0.016893793 0.987870522 0.096557803
1561001090.482252598 217.734717 136.723937 27.121106 -0.121179641 0.017052645 0.989436375 0.077719769
1561001090.582631588 217.274193 136.743109 27.103330 -0.122472115 0.017206782 0.990561107 0.059103316
1561001090.681511641 216.825570 136.759812 27.090019 -0.124240591 0.016460614 0.991310856 0.039951349
1561001090.782689095 216.339492 136.743930 27.067719 -0.126288025 0.015162785 0.991643850 0.021538324
1561001090.882676601 215.857685 136.722134 27.041940 -0.128095990 0.013906603 0.991661134 0.002493772
1561001090.981528997 215.382778 136.676662 27.008527 -0.128959835 0.013632729 0.991415969 -0.016669887
1561001091.082626343 214.892177 136.620247 26.976865 -0.129482598 0.013953561 0.990834352 -0.035872570
1561001091.181734085 214.395908 136.535671 26.953144 -0.130323347 0.013390493 0.989897210 -0.054222086
1561001091.283236027 213.895489 136.434206 26.930801 -0.131359771 0.011678345 0.988647231 -0.072006111
1561001091.383074284 213.394035 136.329740 26.904193 -0.132539317 0.009959804 0.987210581 -0.088030685
1561001091.483327389 212.876362 136.198159 26.873959 -0.132834637 0.007633955 0.985797251 -0.102471758
1561001091.583764553 212.377260 136.041877 26.844652 -0.132372329 0.005496605 0.984506924 -0.114862831
1561001091.687133789 211.852241 135.877003 26.810908 -0.131701709 0.003386245 0.983152482 -0.126705923
1561001091.787733078 211.342031 135.714369 26.769282 -0.130954096 0.002470694 0.981896067 -0.136839449
1561001091.887940884 210.801991 135.555484 26.739791 -0.131103080 0.002006964 0.980737115 -0.144784892
1561001091.986210823 210.268453 135.380611 26.709348 -0.130681920 0.001438533 0.979620844 -0.152522679
1561001092.087533474 209.716599 135.194869 26.678530 -0.130340058 0.000968376 0.978591695 -0.159275945
1561001092.186325550 209.168339 135.001004 26.642067 -0.130335346 0.000811473 0.977519764 -0.165732163
1561001092.287664652 208.599698 134.791282 26.605800 -0.130674462 0.000755715 0.976405316 -0.171919380
1561001092.387819529 208.035302 134.578103 26.566898 -0.131260736 0.000625642 0.975116036 -0.178658738
1561001092.487199306 207.464495 134.360153 26.528561 -0.132333815 0.000722166 0.973707609 -0.185420422
1561001092.587547064 206.889325 134.126182 26.493001 -0.133308449 0.000980135 0.972390796 -0.191530770
1561001092.686241150 206.314466 133.876474 26.457496 -0.134158312 0.001623228 0.970897007 -0.198388293
1561001092.787710190 205.717012 133.617926 26.418194 -0.134585978 0.002556173 0.969414120 -0.205222669
1561001092.887659550 205.129389 133.341755 26.380374 -0.134519541 0.003458632 0.967973382 -0.211943535
1561001092.989364862 204.526550 133.048966 26.344070 -0.133867889 0.004107406 0.966555862 -0.218705929
1561001093.089314938 203.930713 132.759369 26.302196 -0.133568384 0.004209343 0.964939899 -0.225904314
1561001093.187972784 203.349523 132.467373 26.260755 -0.133565312 0.005485128 0.963214058 -0.233128505
1561001093.288154364 202.746592 132.150983 26.224762 -0.134031485 0.006578900 0.961341608 -0.240446651
1561001093.389076948 202.141398 131.817010 26.196984 -0.133528730 0.006499400 0.959713019 -0.247141168
1561001093.487618446 201.545318 131.483460 26.165960 -0.133512765 0.004776496 0.958493958 -0.251874688
1561001093.589133263 200.934251 131.132180 26.122951 -0.133275835 0.003701272 0.957481505 -0.255837879
1561001093.689300299 200.313458 130.771751 26.074983 -0.133349781 0.004176962 0.956423054 -0.259721642
1561001093.789328098 199.698659 130.401358 26.037284 -0.133305848 0.005307775 0.955290141 -0.263860049
1561001093.889569044 199.081502 130.033901 26.005219 -0.133081512 0.005231847 0.954344040 -0.267375003
1561001093.989547729 198.460630 129.652019 25.970518 -0.133016216 0.004254440 0.953425634 -0.270680894
1561001094.089104176 197.849211 129.276719 25.935114 -0.133548798 0.003577497 0.952517542 -0.273609672
1561001094.188892841 197.235239 128.881345 25.891385 -0.134188130 0.003539942 0.951480602 -0.276885678
1561001094.288731098 196.617715 128.488003 25.857197 -0.134954146 0.003555768 0.950615939 -0.279471056
1561001094.390043020 195.984144 128.089081 25.820647 -0.134739862 0.003167412 0.949922430 -0.281926433
1561001094.488033533 195.386150 127.696954 25.785225 -0.133907635 0.002853257 0.949160743 -0.284876268
1561001094.589184999 194.771711 127.291897 25.749708 -0.133441645 0.001844724 0.948267692 -0.288059559
1561001094.687920570 194.174656 126.905085 25.711308 -0.133884983 0.001643379 0.947316119 -0.290971274
1561001094.789109945 193.568516 126.492320 25.670278 -0.134935100 0.001702524 0.946517866 -0.293076012
1561001094.890449286 192.957174 126.076673 25.630205 -0.136446653 0.001990235 0.945656452 -0.295147801
1561001094.987658262 192.379431 125.680144 25.586828 -0.137930334 0.003137519 0.944743653 -0.297363092
1561001095.088873148 191.779342 125.282811 25.539973 -0.138544075 0.005312445 0.943981580 -0.299459669
1561001095.187623024 191.187872 124.880273 25.501323 -0.137958632 0.008465036 0.943559508 -0.300983744
1561001095.288948059 190.624186 124.472417 25.465093 -0.133034560 0.012780077 0.943706999 -0.302581520
1561001095.388879299 190.070753 124.071420 25.479076 -0.124324326 0.015304460 0.944320756 -0.304249149
1561001095.489067078 189.504721 123.669421 25.470571 -0.116017080 0.015836705 0.944887523 -0.305739767
1561001095.588995218 188.924016 123.254538 25.452440 -0.114100147 0.014380532 0.944716195 -0.307059714
1561001095.687527657 188.317076 122.845222 25.419026 -0.121425845 0.012650316 0.943534272 -0.307959105
1561001095.790446520 187.688125 122.425337 25.394142 -0.136814788 0.009107437 0.941536463 -0.307746417
1561001095.890566111 187.086776 121.992410 25.372260 -0.150455416 0.004285406 0.939575801 -0.307477020
1561001095.990632296 186.526283 121.553522 25.351410 -0.157999138 -0.003042917 0.938547415 -0.306848110
1561001096.090689659 185.974394 121.130928 25.298619 -0.155422824 -0.008121109 0.939229902 -0.305982000
1561001096.189648628 185.421401 120.724356 25.211737 -0.145210952 -0.005705396 0.940872757 -0.306006018
1561001096.290751934 184.847896 120.319649 25.137890 -0.134323811 0.000785289 0.942364449 -0.306440439
1561001096.390650988 184.280604 119.908546 25.104186 -0.127623704 0.004914089 0.943481186 -0.305828863
1561001096.489273310 183.678174 119.481294 25.083701 -0.125750357 0.003726598 0.943821935 -0.305570149
1561001096.590278149 183.060481 119.040214 25.057099 -0.128701980 0.000265812 0.943687629 -0.304777604
1561001096.689218998 182.443598 118.613209 25.016307 -0.131875145 -0.002161250 0.943481775 -0.304050022
1561001096.790377855 181.822850 118.178514 24.976408 -0.133877970 -0.002359505 0.943388114 -0.303463323
1561001096.890539169 181.212283 117.756729 24.936344 -0.133577556 -0.001404789 0.943518193 -0.303197101
1561001096.990397930 180.599851 117.325248 24.905293 -0.132411226 -0.000678250 0.943912232 -0.302483893
1561001097.090426683 179.996944 116.886543 24.874573 -0.130498661 -0.000788489 0.944377497 -0.301861923
1561001097.189634085 179.376920 116.456547 24.838526 -0.129562257 -0.001710638 0.944621739 -0.301497040
1561001097.290754557 178.741798 116.021508 24.796139 -0.130085428 -0.002158600 0.944660698 -0.301146622
1561001097.390887499 178.103480 115.580393 24.756480 -0.131607782 -0.002268368 0.944694353 -0.300377805
1561001097.490662813 177.455207 115.136670 24.722068 -0.132882567 -0.002410838 0.944690436 -0.299827269
1561001097.590381384 176.822735 114.682748 24.687446 -0.132646796 -0.002575814 0.944842406 -0.299451200
1561001097.690352201 176.190029 114.233432 24.649241 -0.131472293 -0.002402370 0.944949828 -0.299631586
1561001097.790328741 175.538084 113.786107 24.608232 -0.130715132 -0.002256057 0.945055743 -0.299629949
1561001097.889655590 174.899331 113.337459 24.572233 -0.130552136 -0.002373785 0.945023903 -0.299800481
1561001097.990451336 174.228707 112.869335 24.532515 -0.130810851 -0.002573276 0.945092430 -0.299469860
1561001098.090381145 173.567568 112.410613 24.500784 -0.131336549 -0.003037054 0.945091127 -0.299239450
1561001098.189395189 172.912510 111.955986 24.467398 -0.131118493 -0.003824759 0.945053877 -0.299443620
1561001098.290576696 172.246924 111.495526 24.427925 -0.130312507 -0.004222265 0.945191837 -0.299354663
1561001098.390345812 171.583454 111.036618 24.387210 -0.129614468 -0.004734789 0.945376826 -0.299065760
1561001098.490567923 170.899011 110.565582 24.343782 -0.129101405 -0.004593516 0.945428525 -0.299126447
1561001098.590574980 170.224782 110.100015 24.305914 -0.129872260 -0.004626889 0.945397148 -0.298891320
1561001098.689329624 169.541126 109.632026 24.269657 -0.131041835 -0.005109150 0.945360161 -0.298489698
1561001098.790410042 168.853842 109.159813 24.229026 -0.130918082 -0.005228712 0.945393764 -0.298435499
1561001098.890415907 168.165902 108.690173 24.191710 -0.130300060 -0.005375220 0.945576757 -0.298123460
1561001098.990550041 167.481234 108.211283 24.150358 -0.129563524 -0.004882859 0.945674268 -0.298143638
1561001099.090441942 166.801537 107.740553 24.113745 -0.128557284 -0.004283717 0.945807761 -0.298164977
1561001099.189242125 166.115060 107.265316 24.072455 -0.128628402 -0.003525054 0.946016522 -0.297481173
1561001099.290369034 165.402338 106.804279 24.032477 -0.130317583 -0.003140181 0.945905123 -0.297104300
1561001099.390451670 164.707504 106.333969 23.989101 -0.132346215 -0.001838283 0.946002871 -0.295904830
1561001099.489946127 164.002512 105.862704 23.955898 -0.133697958 -0.000087322 0.946042148 -0.295176392
1561001099.590730429 163.313698 105.381123 23.925465 -0.132345138 0.000656852 0.946547823 -0.294162458
1561001099.689605474 162.622938 104.906492 23.895424 -0.129690797 0.000747481 0.947327538 -0.292831478
1561001099.790673971 161.923768 104.435879 23.859619 -0.127788585 0.001028734 0.947770725 -0.292232224
1561001099.890444994 161.239204 103.971142 23.827818 -0.127331951 -0.000142358 0.948159685 -0.291169652
1561001099.990074396 160.550852 103.495487 23.798980 -0.127862981 -0.001496887 0.948467142 -0.289929127
1561001100.090720892 159.846003 103.024187 23.764531 -0.128456992 -0.003049062 0.948727133 -0.288801544
1561001100.189621210 159.154971 102.561150 23.729406 -0.129245266 -0.004132943 0.948853053 -0.288021637
1561001100.290729523 158.449818 102.088960 23.693705 -0.129906400 -0.005217618 0.949159187 -0.286694858
1561001100.390028238 157.754811 101.625185 23.655757 -0.129972824 -0.006748324 0.949569712 -0.285269851
1561001100.490555763 157.044057 101.169077 23.616004 -0.128980459 -0.007123474 0.949869833 -0.284711429
1561001100.590602636 156.352403 100.719780 23.580379 -0.128131859 -0.007173414 0.950327660 -0.283563233
1561001100.690161467 155.647822 100.274804 23.533597 -0.127672088 -0.006928042 0.950603011 -0.282852886
1561001100.790366173 154.957604 99.825907 23.491849 -0.128429114 -0.006428862 0.950814233 -0.281810091
1561001100.889676809 154.255622 99.371667 23.460168 -0.130376895 -0.006093819 0.950857737 -0.280774454
1561001100.989704609 153.563853 98.927752 23.424877 -0.131383741 -0.006469744 0.951052721 -0.279634006
1561001101.090593576 152.844989 98.484070 23.382694 -0.131856737 -0.006342841 0.951358061 -0.278372787
1561001101.190384626 152.139007 98.043940 23.341446 -0.132043769 -0.005243539 0.951525551 -0.277733817
1561001101.290536880 151.443710 97.615511 23.301514 -0.132367931 -0.004149070 0.951702629 -0.276990293
1561001101.389741421 150.752612 97.175427 23.257768 -0.132442541 -0.004007021 0.952060351 -0.275724511
1561001101.489724636 150.058717 96.740315 23.228819 -0.132999863 -0.004769487 0.952225383 -0.274872894
1561001101.590873003 149.361841 96.302477 23.183317 -0.132372094 -0.004316462 0.952550696 -0.274055045
1561001101.689607620 148.659270 95.883419 23.136106 -0.132093049 -0.002746944 0.952671304 -0.273790552
1561001101.790672779 147.955312 95.453357 23.094018 -0.131783399 -0.001231311 0.952931889 -0.273042916
1561001101.889776468 147.263730 95.029200 23.058337 -0.131598501 -0.000203449 0.953022662 -0.272817887
1561001101.989432812 146.564336 94.613004 23.025127 -0.131963928 -0.000212536 0.953125217 -0.272282569
1561001102.090445757 145.858873 94.176089 22.989895 -0.132774045 0.000800897 0.953115993 -0.271919686
1561001102.189796686 145.169788 93.759835 22.953092 -0.132559065 0.001741355 0.953142332 -0.271927854
1561001102.290591717 144.488333 93.336175 22.918905 -0.131354172 0.002981150 0.953495497 -0.271262845
1561001102.390011549 143.791763 92.924851 22.883062 -0.129427519 0.004390621 0.953728365 -0.271351148
1561001102.490508556 143.102764 92.514250 22.851236 -0.128830875 0.005260127 0.953934124 -0.270895964
1561001102.590492249 142.405342 92.104021 22.817924 -0.129946899 0.006673168 0.953744970 -0.270997794
1561001102.689715862 141.727752 91.693001 22.790680 -0.129600954 0.007452967 0.953927615 -0.270499819
1561001102.790379286 141.042276 91.281658 22.759782 -0.124668504 0.009538541 0.954663341 -0.270156779
1561001102.889591217 140.380963 90.883547 22.736558 -0.119398609 0.012371134 0.955077745 -0.270956506
1561001102.990125179 139.693163 90.462581 22.713511 -0.117924176 0.014667124 0.955227904 -0.270958329
1561001103.090093851 139.000156 90.021945 22.716938 -0.124610514 0.012231865 0.954544447 -0.270494917
1561001103.188939810 138.312810 89.582306 22.708139 -0.135210059 0.005568693 0.953288161 -0.270053535
1561001103.290109634 137.629555 89.161047 22.658051 -0.144223380 0.000568243 0.952095543 -0.269654170
1561001103.389504194 136.946298 88.757450 22.602410 -0.148302698 -0.000441699 0.951528418 -0.269443471
1561001103.490766764 136.287485 88.358611 22.545573 -0.144567111 0.000161014 0.952211240 -0.269061477
1561001103.591040850 135.638319 87.966442 22.498007 -0.136380770 0.000688504 0.953461881 -0.268905657
1561001103.689350843 134.986265 87.556964 22.450483 -0.129709712 0.001409045 0.954441468 -0.268728280
1561001103.790859938 134.307249 87.157984 22.404100 -0.127573836 0.002742452 0.954848344 -0.268294679
1561001103.889698267 133.644534 86.764885 22.373749 -0.128484638 0.003301739 0.954895073 -0.267686750
1561001103.990520477 132.962208 86.351451 22.352193 -0.130446417 0.001705146 0.954633020 -0.267687544
1561001104.082731485 132.323047 85.956303 22.324964 -0.130876281 0.000221092 0.954753074 -0.267054148
1561001104.181656361 131.643242 85.550618 22.287863 -0.130648734 -0.000212726 0.955236706 -0.265431155
1561001104.282799006 130.957040 85.135688 22.245154 -0.130217032 0.000473775 0.955357493 -0.265208147
1561001104.382025242 130.284505 84.744197 22.213890 -0.130797570 0.001139097 0.955448465 -0.264592005
1561001104.482827663 129.624912 84.357521 22.179200 -0.131085143 0.001564241 0.955605494 -0.263879475
1561001104.582721710 128.978058 83.989906 22.154585 -0.132523181 0.001522523 0.955526913 -0.263445642
1561001104.681437254 128.339170 83.613601 22.125376 -0.133551796 0.001472458 0.955521474 -0.262945739
1561001104.782527924 127.712584 83.246246 22.094180 -0.133746163 0.001552920 0.955715221 -0.262141124
1561001104.881752968 127.096261 82.885555 22.061176 -0.133008009 0.001540690 0.955986019 -0.261528635
1561001104.982408285 126.483282 82.525314 22.028771 -0.132324534 0.002206338 0.956178775 -0.261165655
1561001105.083443165 125.870635 82.176886 21.996590 -0.132392364 0.002614134 0.956329127 -0.260576342
1561001105.182689190 125.275763 81.831602 21.968774 -0.131840610 0.002834765 0.956555338 -0.260022891
1561001105.284148932 124.676717 81.483609 21.940681 -0.131168729 0.002474950 0.956807311 -0.259438640
1561001105.382358551 124.087312 81.148590 21.908400 -0.130869963 0.002572480 0.956961645 -0.259019006
1561001105.482003927 123.484498 80.802774 21.874000 -0.131186051 0.003239295 0.957057220 -0.258497978
1561001105.583657503 122.879563 80.466236 21.839320 -0.131447749 0.004024047 0.957305168 -0.257433705
1561001105.681514263 122.296479 80.139505 21.814953 -0.132788290 0.004479091 0.957207129 -0.257102549
1561001105.782574654 121.694151 79.802299 21.790095 -0.132663952 0.003928090 0.957486632 -0.256133160
1561001105.882048607 121.110834 79.458506 21.764402 -0.131843270 0.002814114 0.957597994 -0.256155254
1561001105.983881950 120.530844 79.119874 21.734137 -0.130288592 0.002265488 0.957968955 -0.255568446
1561001106.083759308 119.959008 78.789370 21.702686 -0.129525375 0.002508797 0.958236993 -0.254948520
1561001106.181709290 119.391190 78.473650 21.671817 -0.129820686 0.002909974 0.958272110 -0.254661903
1561001106.283956289 118.803006 78.144385 21.644533 -0.130822454 0.002691272 0.958394565 -0.253688983
1561001106.381919622 118.234219 77.831621 21.619680 -0.132380970 0.001889742 0.958241385 -0.253466282
1561001106.483802080 117.667556 77.504387 21.588875 -0.133637532 0.001823033 0.958274884 -0.252679506
1561001106.583737135 117.117627 77.192795 21.559563 -0.134364311 0.002521900 0.958281738 -0.252261732
1561001106.681407452 116.590402 76.908684 21.526930 -0.134397437 0.004052208 0.958422978 -0.251686915
1561001106.783570051 116.060424 76.613723 21.494458 -0.134220004 0.005470124 0.958428287 -0.251734557
1561001106.881993532 115.538048 76.331321 21.474030 -0.134262587 0.007396452 0.958441137 -0.251613665
1561001106.983604193 115.019081 76.044027 21.457581 -0.131220272 0.007553129 0.958919275 -0.251392152
1561001107.083695889 114.529064 75.766764 21.442967 -0.124074825 0.007700201 0.959936624 -0.251133076
1561001107.181663513 114.032284 75.487098 21.420273 -0.118523835 0.009624957 0.960680064 -0.250904914
1561001107.283364534 113.513563 75.203751 21.389787 -0.116152945 0.012014503 0.961086368 -0.250354025
1561001107.381760359 113.011612 74.941842 21.373045 -0.116785211 0.013465875 0.961018990 -0.250244653
1561001107.483498096 112.490870 74.653056 21.364581 -0.121542306 0.012287264 0.960448316 -0.250230941
1561001107.583665133 111.966296 74.368734 21.354839 -0.129117840 0.009049869 0.959804829 -0.249040906
1561001107.683578253 111.444824 74.087587 21.330237 -0.136348833 0.006222085 0.959250211 -0.247405161
1561001107.783552885 110.910092 73.795924 21.296794 -0.142169496 0.004645903 0.958552429 -0.246867356
1561001107.881962061 110.389127 73.519072 21.262481 -0.145836923 0.004351230 0.958303917 -0.245695465
1561001107.982778072 109.844467 73.222490 21.230394 -0.146684525 0.004061177 0.958466544 -0.244558869
1561001108.083726645 109.324854 72.940490 21.195127 -0.143795962 0.002998197 0.959094384 -0.243827184
1561001108.183215380 108.804462 72.665993 21.152300 -0.139560561 0.003055593 0.960059609 -0.242485173
1561001108.283457518 108.263511 72.384725 21.105038 -0.136187580 0.004049986 0.960675995 -0.241946632
1561001108.381596327 107.728925 72.096315 21.053780 -0.134098863 0.005867764 0.961205732 -0.240970134
1561001108.483378649 107.164932 71.811418 21.016940 -0.133249933 0.007922668 0.961639861 -0.239646539
1561001108.583629370 106.601177 71.520004 20.989458 -0.132766133 0.009410906 0.961959151 -0.238577409
1561001108.684821367 106.025409 71.224228 20.964435 -0.132496405 0.009888903 0.962217045 -0.237666301
1561001108.783529997 105.469022 70.934111 20.931812 -0.131556115 0.010703400 0.962651274 -0.236391519
1561001108.884225368 104.887294 70.646849 20.902069 -0.131402559 0.011028430 0.962844067 -0.235675718
1561001108.984730244 104.308519 70.348161 20.874263 -0.131799973 0.010773890 0.962978870 -0.234913571
1561001109.086652040 103.720639 70.039763 20.839625 -0.132765387 0.010222972 0.963102976 -0.233883519
1561001109.186089754 103.127100 69.741800 20.802744 -0.133427504 0.009879280 0.963130983 -0.233405677
1561001109.287386417 102.538964 69.442122 20.773011 -0.133653587 0.010322453 0.963272822 -0.232670659
1561001109.385946989 101.935625 69.133360 20.752039 -0.132367848 0.009769586 0.963486839 -0.232543372
1561001109.487315893 101.340176 68.811800 20.729792 -0.129532823 0.008003109 0.964050900 -0.231868626
1561001109.588815928 100.724665 68.490014 20.697433 -0.126443982 0.005785882 0.964577139 -0.231450611
1561001109.687434673 100.115110 68.183029 20.659756 -0.124105555 0.005493749 0.964910408 -0.231334249
1561001109.789162874 99.476170 67.862144 20.624992 -0.122766590 0.006073562 0.965066019 -0.231385078
1561001109.887689352 98.845108 67.550280 20.601983 -0.123034498 0.005397756 0.965117233 -0.231045671
1561001109.989278793 98.203235 67.224221 20.578074 -0.123991576 0.003629989 0.965111657 -0.230591419
1561001110.089261293 97.554724 66.905167 20.544302 -0.126711525 0.002046957 0.964959042 -0.229769550
1561001110.189591169 96.899049 66.580268 20.506333 -0.129551247 0.001744463 0.964673243 -0.229388243
1561001110.288885593 96.231300 66.254400 20.471514 -0.131669856 0.002446564 0.964464428 -0.229053334
1561001110.390015364 95.569282 65.928659 20.437263 -0.131942973 0.003101219 0.964580023 -0.228400554
1561001110.489656448 94.907704 65.595484 20.402606 -0.130913520 0.004198857 0.964820201 -0.227960521
1561001110.589281321 94.239591 65.267266 20.359103 -0.129623146 0.005142645 0.965054099 -0.227688339
1561001110.690397978 93.556014 64.936307 20.316022 -0.129412749 0.007007549 0.965241994 -0.226960632
1561001110.790363073 92.858004 64.594945 20.280698 -0.130291004 0.008792369 0.965163295 -0.226730595
1561001110.889260530 92.163864 64.255032 20.255899 -0.131174425 0.009225943 0.965283218 -0.225691074
1561001110.990275145 91.463024 63.913599 20.225161 -0.131074017 0.008480513 0.965393782 -0.225305414
1561001111.090206861 90.764248 63.580375 20.187716 -0.130373165 0.008627504 0.965705510 -0.224368606
1561001111.190068722 90.056867 63.235366 20.147315 -0.129488859 0.009523819 0.965966981 -0.223717956
1561001111.290091276 89.331762 62.889357 20.112324 -0.128760848 0.010025038 0.966218224 -0.223030237
1561001111.389412880 88.609807 62.537685 20.077863 -0.128665580 0.009520645 0.966423570 -0.222216131
1561001111.490041971 87.860245 62.186797 20.041699 -0.129824196 0.008754739 0.966410525 -0.221629714
1561001111.589027405 87.128279 61.850734 20.003176 -0.130767322 0.008409234 0.966490643 -0.220737468
1561001111.690150738 86.366416 61.496728 19.958537 -0.131057998 0.008579724 0.966618896 -0.219995682
1561001111.790184498 85.625670 61.140235 19.919080 -0.131418510 0.009720726 0.966771527 -0.219060488
1561001111.890267611 84.877596 60.794125 19.876126 -0.131143553 0.011647972 0.967091208 -0.217716073
1561001111.990479469 84.111250 60.458188 19.832782 -0.131356738 0.013725282 0.967311449 -0.216484607
1561001112.089253664 83.345320 60.104833 19.800507 -0.130265729 0.015817950 0.967682771 -0.215338541
1561001112.190056801 82.574179 59.757589 19.775784 -0.125617049 0.016718473 0.968578859 -0.213999633
1561001112.290314913 81.823164 59.405264 19.746377 -0.119816578 0.018518821 0.969521531 -0.212906182
1561001112.389015675 81.036980 59.052676 19.715554 -0.117784107 0.019505008 0.969951612 -0.211991343
1561001112.490427732 80.218826 58.686284 19.687318 -0.124305423 0.018411656 0.969376008 -0.210996037
1561001112.590256214 79.394157 58.317107 19.661396 -0.136572966 0.014928247 0.968075707 -0.209653043
1561001112.690253973 78.578341 57.955560 19.624267 -0.147178321 0.009545302 0.966900131 -0.208210387
1561001112.789028406 77.767652 57.589890 19.557068 -0.150266181 0.005957303 0.966742235 -0.206867193
1561001112.890160561 76.956975 57.229481 19.479532 -0.143841274 0.007208920 0.967926144 -0.205856014
1561001112.990030527 76.165605 56.881244 19.416287 -0.132880790 0.010974912 0.969675712 -0.204820070
1561001113.089967012 75.333702 56.513305 19.366135 -0.125694222 0.013278685 0.970596914 -0.204856706
1561001113.189855099 74.478755 56.153285 19.328877 -0.125960923 0.013296370 0.970679693 -0.204298768
1561001113.289675474 73.633704 55.790129 19.297553 -0.129568751 0.011659581 0.970297422 -0.203958097
1561001113.388624191 72.777604 55.417476 19.260382 -0.132441538 0.009419492 0.970120188 -0.203069772
1561001113.489856482 71.908301 55.036931 19.211939 -0.132828879 0.008465668 0.970216261 -0.202398685
1561001113.589791536 71.055528 54.676370 19.161362 -0.131876203 0.008414223 0.970497714 -0.201673141
1561001113.689847231 70.182791 54.289883 19.113202 -0.130609658 0.008316513 0.970816141 -0.200967592
1561001113.791539192 69.303870 53.917348 19.065284 -0.130320537 0.008489595 0.971021417 -0.200154669
1561001113.889017105 68.445290 53.556899 19.023934 -0.131541166 0.008288191 0.970942039 -0.199749304
1561001113.990167379 67.554249 53.188116 18.983129 -0.132118152 0.007611140 0.971058133 -0.198828989
1561001114.089741707 66.695593 52.829006 18.943898 -0.131964313 0.006310570 0.971253433 -0.198021126
1561001114.190043688 65.820877 52.461344 18.895606 -0.131085434 0.005457382 0.971508109 -0.197379888
1561001114.289926767 64.951157 52.089613 18.850354 -0.130872629 0.005078275 0.971685323 -0.196657568
1561001114.388837099 64.077173 51.728313 18.799954 -0.131080320 0.004728843 0.971793986 -0.195989888
1561001114.489863396 63.193795 51.356097 18.758551 -0.132064673 0.004495784 0.971829305 -0.195157660
1561001114.589346886 62.331097 50.986259 18.711757 -0.132342442 0.004452200 0.971957965 -0.194327996
1561001114.689473391 61.469356 50.611623 18.666414 -0.131404407 0.004473706 0.972139887 -0.194053877
1561001114.790091038 60.604194 50.262921 18.623030 -0.129961765 0.004668769 0.972449394 -0.193469165
1561001114.888798714 59.748625 49.931643 18.583083 -0.128899629 0.004524640 0.972540402 -0.193725527
1561001114.990440845 58.865798 49.568892 18.538801 -0.128820246 0.003960180 0.972714063 -0.192917112
1561001115.089070320 57.991648 49.216078 18.494762 -0.129720098 0.003532377 0.972654338 -0.192623356
1561001115.190121889 57.118927 48.847544 18.455069 -0.129744644 0.003138004 0.972800037 -0.191876438
1561001115.289946079 56.246396 48.485033 18.411886 -0.129280556 0.003021304 0.972952135 -0.191419834
1561001115.390235424 55.363977 48.126728 18.365319 -0.128339892 0.003081206 0.973240527 -0.190583984
1561001115.490111113 54.481859 47.778308 18.319357 -0.128079748 0.003397410 0.973260784 -0.190650158
1561001115.589249372 53.612685 47.440804 18.280138 -0.128575753 0.003311446 0.973276696 -0.190236123
1561001115.690066814 52.740377 47.082702 18.242053 -0.129072866 0.002758502 0.973243092 -0.190080166
1561001115.789912939 51.847815 46.708585 18.200594 -0.128781056 0.002159527 0.973517989 -0.188874301
1561001115.889833212 50.949657 46.345187 18.157492 -0.127916399 0.001571944 0.973746887 -0.188286811
1561001115.990028143 50.063556 46.008046 18.114224 -0.126896870 0.001436437 0.974159051 -0.186840213
1561001116.089177608 49.166164 45.661346 18.065503 -0.126317197 0.002225621 0.974289332 -0.186545732
1561001116.188856363 48.268154 45.314244 18.032687 -0.124134837 0.003445029 0.974605649 -0.186339752
1561001116.291566610 47.360575 44.971197 17.994931 -0.118937640 0.005159685 0.975291486 -0.186101404
1561001116.381500244 46.517779 44.651538 17.964239 -0.115634424 0.009066423 0.975800415 -0.185364586
1561001116.482177734 45.561807 44.306212 17.933155 -0.118233735 0.011147537 0.975467076 -0.185365855
1561001116.581154346 44.625209 43.944016 17.910229 -0.128583850 0.009573203 0.974316259 -0.184614123
1561001116.682467222 43.675801 43.573053 17.878579 -0.139287958 0.004872414 0.972909176 -0.184452866
1561001116.782732010 42.771926 43.192404 17.831984 -0.144456873 0.000308314 0.972207248 -0.184242188
1561001116.882263184 41.886304 42.829070 17.765251 -0.138717987 -0.000901948 0.973163461 -0.183601155
1561001116.982228994 40.980039 42.472311 17.703451 -0.127959222 0.000420577 0.974616402 -0.183709364
1561001117.081355095 40.063896 42.111484 17.640627 -0.121869732 0.002149379 0.975335230 -0.184022657
1561001117.181170464 39.119330 41.762740 17.597359 -0.124345687 0.002392000 0.975098309 -0.183618400
1561001117.282702684 38.160406 41.395845 17.567457 -0.129186813 0.000768913 0.974657745 -0.182626550
1561001117.381185055 37.233373 41.025583 17.529537 -0.130591192 -0.001149157 0.974584536 -0.182015388
1561001117.482522726 36.296061 40.677424 17.480252 -0.128122094 -0.001967902 0.974839342 -0.182398228
1561001117.581364870 35.383174 40.329472 17.428838 -0.124939158 -0.001374765 0.975452829 -0.181328695
1561001117.682261229 34.432888 39.974263 17.383180 -0.123300544 -0.000735238 0.975680469 -0.181229295
1561001117.782183886 33.473304 39.606533 17.342446 -0.123793210 -0.000560765 0.975744779 -0.180546538
1561001117.881141186 32.528103 39.246528 17.305355 -0.125546478 -0.000432536 0.975569964 -0.180280728
1561001117.982579470 31.550519 38.873375 17.262055 -0.126586572 -0.000436219 0.975586383 -0.179462695
1561001118.081548691 30.583933 38.514497 17.218829 -0.126253778 0.000017830 0.975747459 -0.178820804
1561001118.181528807 29.602844 38.155040 17.169336 -0.124726844 0.000699869 0.975967875 -0.178688083
1561001118.282244682 28.627653 37.793460 17.126789 -0.124274734 0.001784674 0.976039736 -0.178603023
1561001118.381539345 27.659100 37.452036 17.084301 -0.124637280 0.002734223 0.976041130 -0.178330548
1561001118.482189178 26.665509 37.081762 17.049250 -0.125083872 0.003226646 0.975910964 -0.178721584
1561001118.581086397 25.692392 36.712005 17.014429 -0.125451527 0.002996077 0.975801700 -0.179064180
1561001118.682058573 24.703988 36.338563 16.972006 -0.125635890 0.002494431 0.975713430 -0.179423250
1561001118.782029152 23.704741 35.968497 16.927513 -0.126002769 0.002553913 0.975651859 -0.179499945
1561001118.881407499 22.717864 35.589561 16.883011 -0.126404133 0.003233902 0.975737251 -0.178741024
1561001118.981834173 21.722035 35.217218 16.837691 -0.126480607 0.003466219 0.975721593 -0.178768044
1561001119.081171513 20.713823 34.838906 16.790738 -0.126103350 0.004115020 0.975763566 -0.178791708
1561001119.181607962 19.700423 34.476219 16.749208 -0.127140658 0.004907809 0.975538939 -0.179262223
1561001119.283392668 18.690630 34.099182 16.708989 -0.127149205 0.005541391 0.975445381 -0.179746161
1561001119.382990360 17.701382 33.729366 16.670096 -0.127154870 0.006291096 0.975457153 -0.179653564
1561001119.483072758 16.719095 33.343334 16.628490 -0.127138961 0.006511268 0.975351850 -0.180227792
1561001119.583230019 15.707231 32.962866 16.589558 -0.127601504 0.006506883 0.975338013 -0.179975769
1561001119.682877064 14.737370 32.599602 16.551543 -0.127427396 0.006316473 0.975301697 -0.180302413
1561001119.784595490 13.749460 32.225962 16.512423 -0.126606696 0.006357421 0.975376525 -0.180474268
1561001119.882724524 12.786757 31.861472 16.468574 -0.126361991 0.006352128 0.975340951 -0.180837850
1561001119.984459162 11.777382 31.484734 16.432097 -0.127191712 0.006215674 0.975158736 -0.181243132
1561001120.083081961 10.806594 31.119053 16.394068 -0.127633515 0.005259334 0.975176511 -0.180866796
1561001120.184496641 9.830246 30.749961 16.353634 -0.127515707 0.004885723 0.975159187 -0.181053678
1561001120.284540892 8.850071 30.372551 16.311506 -0.127052264 0.005533829 0.975313183 -0.180530590
1561001120.384683847 7.868221 29.992115 16.279441 -0.126983386 0.006028141 0.975281059 -0.180736653
1561001120.484637022 6.871731 29.621611 16.241453 -0.126487866 0.005538943 0.975364539 -0.180649260
1561001120.583133936 5.919129 29.232529 16.200284 -0.126112244 0.004897402 0.975604489 -0.179631843
1561001120.683198690 4.924511 28.865336 16.162323 -0.125825574 0.004609219 0.975601190 -0.179858269
1561001120.784907341 3.931584 28.487982 16.130710 -0.126505643 0.004122729 0.975532392 -0.179766177
1561001120.884451866 2.979326 28.115296 16.092398 -0.126120164 0.004004154 0.975796744 -0.178601190
1561001120.984592199 2.007080 27.752554 16.054138 -0.126021869 0.003866806 0.975898048 -0.178119445
1561001121.082983017 1.030445 27.398049 16.013584 -0.125886219 0.004378714 0.975807499 -0.178698664
1561001121.183065176 0.039819 27.022486 15.977706 -0.125742110 0.004839118 0.976024574 -0.177599369
1561001121.284290314 -0.935107 26.662168 15.943210 -0.125964141 0.005028407 0.976080873 -0.177126732
1561001121.382600307 -1.895889 26.307778 15.908656 -0.126573887 0.004966112 0.976099911 -0.176588089
1561001121.484465599 -2.877677 25.941911 15.866913 -0.126719124 0.006121537 0.976118922 -0.176342394
1561001121.583061934 -3.839152 25.579359 15.825602 -0.125340590 0.007612877 0.976345657 -0.176014029
1561001121.685023308 -4.832067 25.210279 15.797915 -0.124349117 0.008707993 0.976602913 -0.175237607
1561001121.785060883 -5.817629 24.853745 15.767406 -0.121022995 0.010433081 0.977025454 -0.175116670
1561001121.883212090 -6.778060 24.511745 15.738275 -0.115537508 0.014741041 0.977709394 -0.174694380
1561001121.985312223 -7.781363 24.155392 15.707485 -0.113242513 0.018517157 0.977928624 -0.174610578
1561001122.082844734 -8.784396 23.812349 15.679306 -0.120874299 0.019699433 0.977120706 -0.173886348
1561001122.184592962 -9.813879 23.436165 15.653196 -0.134348125 0.016712267 0.975595054 -0.172874440
1561001122.285266876 -10.796678 23.073105 15.612519 -0.144336038 0.012030628 0.974374009 -0.172097829
1561001122.383684158 -11.766000 22.720012 15.571082 -0.143623347 0.008134170 0.974783296 -0.170598050
1561001122.484297514 -12.730994 22.367724 15.518629 -0.132722668 0.008709106 0.976512929 -0.169503226
1561001122.582571983 -13.710696 22.031722 15.460480 -0.121162932 0.011427739 0.978145003 -0.168586192
1561001122.684171438 -14.736274 21.693760 15.409711 -0.118487823 0.013443195 0.978619149 -0.167584240
1561001122.784415722 -15.748068 21.349961 15.376422 -0.121980018 0.013455197 0.978389678 -0.166413557
1561001122.884340763 -16.763181 20.989365 15.351798 -0.125213779 0.012016888 0.978200512 -0.165229727
1561001122.984551907 -17.761923 20.628462 15.322191 -0.125489719 0.010733393 0.978362483 -0.164146204
1561001123.082883120 -18.754900 20.289643 15.290796 -0.123731521 0.009340514 0.978805826 -0.162918448
1561001123.184447765 -19.772515 19.940657 15.255650 -0.121564566 0.008483412 0.979234226 -0.162019808
1561001123.283259392 -20.788580 19.607531 15.216895 -0.120952784 0.008712836 0.979251633 -0.162359937
1561001123.384312630 -21.804935 19.265713 15.182247 -0.121899392 0.009042029 0.979187580 -0.162019948
1561001123.484227657 -22.830781 18.916102 15.157560 -0.123261349 0.008504102 0.979095466 -0.161574716
1561001123.583727360 -23.854882 18.572885 15.130498 -0.123679707 0.007975738 0.978991619 -0.161910863
1561001123.684306860 -24.883601 18.226606 15.097565 -0.123396564 0.007756561 0.979014061 -0.162001829
1561001123.784292459 -25.924282 17.886971 15.064785 -0.122902539 0.007661354 0.978993773 -0.162503727
1561001123.884437084 -26.950061 17.535914 15.024597 -0.122279921 0.007861618 0.979018749 -0.162813099
1561001123.984747887 -27.976803 17.189827 14.992392 -0.122379502 0.007726331 0.979140228 -0.162012266
1561001124.083253384 -29.006735 16.840980 14.960840 -0.122504265 0.007517958 0.979088285 -0.162241535
1561001124.183132410 -30.037117 16.482046 14.929300 -0.122595787 0.007600336 0.979043419 -0.162439196
1561001124.284449816 -31.075694 16.121783 14.893986 -0.122575871 0.008006490 0.979056696 -0.162354670
1561001124.382679939 -32.087675 15.792009 14.860621 -0.122463292 0.008641242 0.979058100 -0.162398609
1561001124.484482527 -33.107459 15.437823 14.835224 -0.122326986 0.008377646 0.979037760 -0.162637597
1561001124.582497597 -34.101419 15.094412 14.806769 -0.122349988 0.008257958 0.979039644 -0.162615072
1561001124.684333324 -35.124716 14.754606 14.776141 -0.122454477 0.008417194 0.978929807 -0.163188497
1561001124.784410715 -36.148456 14.405578 14.751035 -0.122548187 0.008683639 0.978880814 -0.163397942
1561001124.885035276 -37.184102 14.054029 14.720240 -0.122015179 0.009341430 0.978853439 -0.163923699
1561001124.985195160 -38.209062 13.715692 14.691714 -0.121786293 0.009850222 0.978896263 -0.163808361
1561001125.083256721 -39.231424 13.379476 14.661597 -0.122094975 0.010589575 0.978748241 -0.164415812
1561001125.184480906 -40.249057 13.021835 14.636094 -0.122414247 0.010863329 0.978672440 -0.164611652
1561001125.284398794 -41.257903 12.685078 14.608343 -0.122593067 0.011239073 0.978625071 -0.164734922
1561001125.384473324 -42.269735 12.340221 14.584659 -0.122779592 0.011355889 0.978511336 -0.165262766
1561001125.484459639 -43.285157 11.987992 14.559826 -0.122255250 0.011293440 0.978578969 -0.165255300
1561001125.583213568 -44.292929 11.650651 14.531621 -0.121676017 0.011786456 0.978605109 -0.165493404
1561001125.684834003 -45.315180 11.312707 14.502357 -0.121181782 0.012551531 0.978539387 -0.166186951
1561001125.784115553 -46.301798 10.968988 14.475745 -0.121219236 0.012880264 0.978533917 -0.166166692
1561001125.883660078 -47.290099 10.627363 14.455370 -0.121579285 0.012927811 0.978459460 -0.166338312
1561001125.984602213 -48.302108 10.285886 14.429597 -0.121452189 0.012561212 0.978542062 -0.165972935
1561001126.083886385 -49.282501 9.952256 14.404206 -0.121550958 0.012124946 0.978501207 -0.166173819
1561001126.184541464 -50.272243 9.613844 14.377249 -0.121209564 0.012102080 0.978637960 -0.165618614
1561001126.284538746 -51.242135 9.275586 14.356236 -0.120574443 0.011943202 0.978691761 -0.165775754
1561001126.383444071 -52.216499 8.944639 14.337601 -0.118862989 0.011948701 0.978922857 -0.165646787
1561001126.484450340 -53.196870 8.611825 14.323213 -0.116668560 0.012169740 0.979209717 -0.165495240
1561001126.582945585 -54.156914 8.294832 14.323557 -0.110672310 0.011964350 0.979918760 -0.165431915
1561001126.684654236 -55.131412 7.956720 14.313824 -0.103079099 0.013088191 0.980820952 -0.164904999
1561001126.783430576 -56.111154 7.611001 14.301159 -0.103774205 0.013580898 0.980765361 -0.164759768
1561001126.884403229 -57.128834 7.256890 14.276629 -0.116319992 0.011056061 0.979387053 -0.164767788
1561001126.984391212 -58.128777 6.928192 14.256695 -0.133915808 0.007870842 0.977252072 -0.164265013
1561001127.082619905 -59.082339 6.602478 14.226945 -0.143156134 0.005252125 0.976046569 -0.163743188
1561001127.184255838 -60.011193 6.278314 14.187987 -0.137898096 0.004895529 0.976877551 -0.163310745
1561001127.283185959 -60.928837 5.968972 14.139715 -0.123345200 0.007375410 0.978863785 -0.162963967
1561001127.384677172 -61.899399 5.635195 14.094589 -0.112316436 0.010850387 0.980006201 -0.163875360
1561001127.484930515 -62.890076 5.305355 14.082817 -0.112964217 0.011177662 0.979999430 -0.163448046
1561001127.582696676 -63.859843 4.978224 14.071000 -0.118267293 0.009437352 0.979404120 -0.163374887
1561001127.684265375 -64.839547 4.652887 14.054596 -0.122151198 0.007906803 0.979050198 -0.162718397
1561001127.782549143 -65.786084 4.329267 14.032286 -0.122816735 0.007407927 0.979035816 -0.162326965
1561001127.882879019 -66.767769 3.997449 14.002679 -0.120976523 0.007913649 0.979286539 -0.162172530
1561001127.984434128 -67.730133 3.675766 13.977287 -0.118836343 0.008838052 0.979559878 -0.162056344
1561001128.083887339 -68.685579 3.354232 13.960702 -0.117237005 0.008725700 0.979829235 -0.161598319
1561001128.184487581 -69.639728 3.035449 13.944389 -0.117124737 0.008372138 0.979860733 -0.161507423
1561001128.282767296 -70.595365 2.724720 13.928221 -0.118002624 0.007637464 0.979827266 -0.161107352
1561001128.384371281 -71.567018 2.402516 13.913357 -0.119068309 0.007011797 0.979733553 -0.160921523
1561001128.484718084 -72.512519 2.078383 13.897339 -0.119317454 0.006526006 0.979855168 -0.160014393
1561001128.582545757 -73.450962 1.773122 13.874573 -0.118782787 0.005820927 0.980011377 -0.159481870
1561001128.684162617 -74.410490 1.459363 13.850922 -0.117945850 0.005841606 0.980401872 -0.157692173
1561001128.783115625 -75.353236 1.151974 13.832546 -0.117938536 0.006295920 0.980773229 -0.155353587
1561001128.884294271 -76.307581 0.848345 13.815204 -0.118005809 0.006172802 0.980923743 -0.154353928
1561001128.984312534 -77.259422 0.552329 13.799519 -0.118222219 0.006186129 0.981253127 -0.152077410
1561001129.082503557 -78.196953 0.261038 13.780420 -0.118419411 0.006303332 0.981533341 -0.150098007
1561001129.184220552 -79.140471 -0.030692 13.768697 -0.118641357 0.005696601 0.981812296 -0.148109392
1561001129.283439159 -80.060301 -0.302638 13.750847 -0.117822928 0.005532615 0.982255573 -0.145811993
1561001129.384477615 -80.994197 -0.582371 13.731858 -0.116555707 0.005734939 0.982769991 -0.143335350
1561001129.484252691 -81.925109 -0.855464 13.721704 -0.115777002 0.005721493 0.983190537 -0.141064941
1561001129.584262609 -82.868881 -1.130908 13.708259 -0.114824642 0.006052222 0.983676413 -0.138417436
1561001129.684071064 -83.793594 -1.384713 13.697116 -0.114531524 0.006025899 0.983977201 -0.136510390
1561001129.782987833 -84.718227 -1.630841 13.679626 -0.114782041 0.006446947 0.984301057 -0.133921428
1561001129.883878469 -85.682735 -1.893486 13.668622 -0.115322284 0.005923552 0.984450970 -0.132370581
1561001129.984298229 -86.635389 -2.138524 13.659821 -0.116341764 0.005215074 0.984599508 -0.130388672
1561001130.082777500 -87.593015 -2.390615 13.640007 -0.116752100 0.004987236 0.984625804 -0.129831048
1561001130.184294462 -88.567101 -2.653050 13.617873 -0.117351218 0.006300869 0.984884837 -0.127243268
1561001130.283022642 -89.488231 -2.877863 13.599373 -0.117838939 0.008436898 0.984972456 -0.125984383
1561001130.382770777 -90.435630 -3.109435 13.578556 -0.117520594 0.009731581 0.985099434 -0.125193094
1561001130.484414816 -91.398057 -3.330520 13.555049 -0.117450093 0.011340021 0.985133480 -0.124855541
1561001130.583456039 -92.335045 -3.556248 13.540097 -0.118204841 0.012734763 0.985129327 -0.124038910
1561001130.684418678 -93.267364 -3.796289 13.528066 -0.118992654 0.013525592 0.985012306 -0.124131235
1561001130.783276320 -94.195156 -4.026844 13.515218 -0.118917871 0.013625233 0.985107816 -0.123432105
1561001130.882695675 -95.119048 -4.259297 13.500806 -0.117150621 0.012805780 0.985274553 -0.123878166
1561001130.984343529 -96.050877 -4.502675 13.485522 -0.112616614 0.013620842 0.985652700 -0.124982905
1561001131.082496881 -96.947216 -4.734368 13.485943 -0.107829424 0.014783876 0.986192145 -0.124817090
1561001131.184252024 -97.871492 -4.961941 13.480316 -0.106622056 0.013387103 0.986331071 -0.124914138
1561001131.283136368 -98.790738 -5.184946 13.471981 -0.112216713 0.012527152 0.985704485 -0.125048584
1561001131.384346008 -99.722390 -5.419980 13.460199 -0.120681247 0.011082830 0.984776266 -0.124615062
1561001131.484563828 -100.641985 -5.671622 13.448976 -0.126217395 0.009007303 0.984092417 -0.124700249
1561001131.584523439 -101.539115 -5.911297 13.423803 -0.124393347 0.008036390 0.984350856 -0.124559644
1561001131.684347153 -102.440052 -6.131177 13.392863 -0.119221174 0.009049123 0.984908534 -0.125138346
1561001131.783102274 -103.338128 -6.364259 13.365608 -0.116168997 0.010751502 0.985178808 -0.125745324
1561001131.884672403 -104.262436 -6.585450 13.350028 -0.116598575 0.010813242 0.985078056 -0.126131158
1561001131.984869957 -105.172827 -6.805666 13.338536 -0.117484698 0.010682313 0.984981298 -0.126075681
1561001132.084277153 -106.069227 -7.030230 13.330643 -0.117313132 0.010098050 0.985005912 -0.126091280
1561001132.184809685 -106.988465 -7.266855 13.314951 -0.115790090 0.010059836 0.985174037 -0.126188635
1561001132.284941435 -107.891270 -7.504232 13.303310 -0.114051116 0.010283764 0.985195332 -0.127580345
1561001132.386151791 -108.791291 -7.738791 13.291310 -0.113101936 0.010427249 0.985220941 -0.128214362
1561001132.485601425 -109.686883 -7.975773 13.283308 -0.113282404 0.009972026 0.985058241 -0.129336451
1561001132.585961103 -110.574228 -8.222025 13.272333 -0.114361826 0.009233294 0.984837888 -0.130117075
1561001132.684566259 -111.468370 -8.464852 13.257666 -0.115390080 0.008545204 0.984671898 -0.130511922
1561001132.784618378 -112.364078 -8.703852 13.250147 -0.115864365 0.008250081 0.984627056 -0.130449018
1561001132.884348154 -113.255975 -8.949809 13.240260 -0.115485660 0.008202036 0.984572995 -0.131193776
1561001132.985715389 -114.153116 -9.195796 13.225412 -0.114354335 0.008116864 0.984662004 -0.131521634
1561001133.086115837 -115.051905 -9.422918 13.213271 -0.113567570 0.008505278 0.984726881 -0.131692965
1561001133.185853720 -115.935694 -9.662174 13.204643 -0.113003282 0.008831490 0.984776259 -0.131787643
1561001133.284146309 -116.810178 -9.896794 13.197409 -0.112943435 0.008776987 0.984808950 -0.131598163
1561001133.387308836 -117.726790 -10.156183 13.188468 -0.113851476 0.008747242 0.984722462 -0.131464821
1561001133.488371134 -118.622732 -10.397168 13.176181 -0.114664694 0.009167276 0.984647649 -0.131289667
1561001133.585597992 -119.497757 -10.629724 13.166765 -0.115822121 0.009270850 0.984497619 -0.131391495
1561001133.688664436 -120.411213 -10.866119 13.156188 -0.116186620 0.009233151 0.984506079 -0.131008389
1561001133.787120342 -121.291254 -11.102746 13.143338 -0.116261798 0.009211104 0.984523954 -0.130808771
1561001133.888472319 -122.202076 -11.346178 13.126405 -0.116190190 0.009376517 0.984540084 -0.130739220
1561001133.988652945 -123.103491 -11.593403 13.111464 -0.116257660 0.008747258 0.984658339 -0.129829108
1561001134.087587357 -123.998965 -11.815980 13.098031 -0.116760508 0.008039589 0.984795302 -0.128376644
1561001134.188683033 -124.905620 -12.047400 13.077586 -0.117279933 0.007667296 0.984940769 -0.126800281
1561001134.288877964 -125.808357 -12.262986 13.058384 -0.118308729 0.008025102 0.985024469 -0.125161646
1561001134.389907837 -126.717427 -12.503916 13.037962 -0.118194681 0.008882934 0.985232833 -0.123561218
1561001134.489928007 -127.606234 -12.724461 13.016443 -0.118402069 0.009621687 0.985431003 -0.121713239
1561001134.590295553 -128.505857 -12.941126 12.998429 -0.118166370 0.010159258 0.985639505 -0.120200938
1561001134.690085888 -129.428238 -13.161080 12.980683 -0.117688715 0.011085797 0.985929083 -0.118196087
1561001134.788926363 -130.332236 -13.373692 12.965894 -0.116908827 0.011345790 0.986250436 -0.116248340
1561001134.890287399 -131.250241 -13.585623 12.951766 -0.116179343 0.011284655 0.986510486 -0.114769673
1561001134.990642786 -132.154720 -13.791773 12.937772 -0.113402635 0.012107789 0.987057738 -0.112739813
1561001135.090342522 -133.055021 -13.996131 12.926665 -0.107771288 0.012916577 0.987771966 -0.111915393
1561001135.189677000 -133.974760 -14.205962 12.926435 -0.103666003 0.013762872 0.988165668 -0.112216560
1561001135.289121389 -134.916296 -14.433916 12.930146 -0.105299253 0.013153012 0.987894758 -0.113150401
1561001135.390206814 -135.865746 -14.644024 12.938667 -0.112640873 0.011501181 0.987054817 -0.113589372
1561001135.482093811 -136.766512 -14.861128 12.937488 -0.119922080 0.009569750 0.986087518 -0.114710596
1561001135.581111431 -137.700079 -15.079548 12.906252 -0.122741267 0.009337103 0.985601387 -0.115919394
1561001135.682196617 -138.599455 -15.305998 12.880756 -0.121597587 0.009165969 0.985588345 -0.117241741
1561001135.781944513 -139.508276 -15.538377 12.856996 -0.117894483 0.009343673 0.985951404 -0.117955138
1561001135.882292986 -140.421402 -15.754572 12.840412 -0.112548991 0.009696384 0.986338201 -0.119898535
1561001135.982383013 -141.335048 -15.970211 12.829356 -0.109691816 0.010045427 0.986455782 -0.121539236
1561001136.082290649 -142.265814 -16.197586 12.829849 -0.109607265 0.009793876 0.986321346 -0.122721347
1561001136.183805227 -143.188231 -16.433142 12.825744 -0.111455380 0.009477190 0.985884062 -0.124581291
1561001136.281190634 -144.097963 -16.667185 12.819495 -0.112464276 0.008777334 0.985685611 -0.125294137
1561001136.382423639 -145.037429 -16.913498 12.805220 -0.113433509 0.009116445 0.985387605 -0.126731992
1561001136.482727528 -145.960205 -17.142341 12.795426 -0.113806742 0.010065321 0.985175517 -0.127968415
1561001136.582298517 -146.886103 -17.387137 12.782806 -0.114063622 0.010744055 0.984828003 -0.130337484
1561001136.682347059 -147.802209 -17.638790 12.774133 -0.114224680 0.010994678 0.984595402 -0.131923211
1561001136.781241655 -148.730190 -17.880159 12.762420 -0.113481845 0.011219712 0.984541942 -0.132940414
1561001136.881251097 -149.662944 -18.139245 12.758648 -0.112890423 0.011038437 0.984417200 -0.134375156
1561001136.983695745 -150.601373 -18.403523 12.747757 -0.111995186 0.011112500 0.984430858 -0.135016577
1561001137.082225800 -151.531408 -18.662300 12.736337 -0.112332123 0.011652708 0.984176185 -0.136539172
1561001137.182260752 -152.470874 -18.925680 12.729330 -0.112759855 0.011349412 0.983959803 -0.137766150
1561001137.281066656 -153.392995 -19.193065 12.723539 -0.112933683 0.010982025 0.983829396 -0.138582458
1561001137.382216692 -154.344832 -19.453695 12.716057 -0.112770900 0.010602138 0.983852609 -0.138579803
1561001137.483516932 -155.282773 -19.720524 12.710536 -0.112778829 0.010438509 0.983718319 -0.139535812
1561001137.581314564 -156.217242 -19.975471 12.700656 -0.113104246 0.010477611 0.983683687 -0.139513629
1561001137.682174683 -157.176697 -20.237795 12.682191 -0.113140953 0.010884176 0.983741314 -0.139045624
1561001137.780999184 -158.115534 -20.507347 12.672183 -0.113121798 0.011688009 0.983729188 -0.139081754
1561001137.881971359 -159.069611 -20.766547 12.671562 -0.112229090 0.011895604 0.983741677 -0.139697668
1561001137.981994867 -160.020885 -21.043313 12.661471 -0.111363581 0.012321340 0.983940565 -0.138950719
1561001138.082314730 -160.967141 -21.325922 12.657737 -0.111427352 0.012304899 0.983927770 -0.138991651
1561001138.181908131 -161.914151 -21.599053 12.649899 -0.111841914 0.011487044 0.983974643 -0.138395581
1561001138.281018496 -162.867176 -21.874928 12.642473 -0.112606605 0.010976824 0.983884838 -0.138455362
1561001138.382327318 -163.858885 -22.145129 12.640385 -0.112897087 0.010132132 0.983907489 -0.138121833
1561001138.482562304 -164.830714 -22.413337 12.634541 -0.112980852 0.009756849 0.983899855 -0.138134741
1561001138.582690239 -165.793347 -22.677191 12.624181 -0.112818146 0.009706323 0.983891099 -0.138333502
1561001138.682304859 -166.756319 -22.948092 12.618843 -0.112665928 0.009120137 0.983939167 -0.138155445
1561001138.781280279 -167.736331 -23.225209 12.612256 -0.112639951 0.008676631 0.983933183 -0.138247780
1561001138.882111788 -168.717586 -23.521899 12.598461 -0.112507677 0.008489108 0.983999809 -0.137892473
1561001138.980769396 -169.681522 -23.793490 12.589789 -0.112710640 0.008420214 0.984028143 -0.137528271
1561001139.081107855 -170.647163 -24.070329 12.579268 -0.112308838 0.008233961 0.984042191 -0.137767534
1561001139.182785511 -171.640197 -24.366335 12.574687 -0.111695952 0.007768980 0.984078362 -0.138034179
1561001139.280867338 -172.608337 -24.627626 12.567046 -0.111011434 0.007895355 0.984117078 -0.138302938
1561001139.382659435 -173.604911 -24.893562 12.556935 -0.110991851 0.007532777 0.984135730 -0.138206120
1561001139.482221603 -174.590535 -25.162099 12.549252 -0.111133208 0.007679996 0.984111999 -0.138253393
1561001139.582927942 -175.596340 -25.451930 12.541227 -0.111509796 0.008178698 0.984101139 -0.137998636
1561001139.683217049 -176.582325 -25.724393 12.535877 -0.112067739 0.008632538 0.983983291 -0.138358894
1561001139.781563759 -177.570368 -26.015726 12.531325 -0.111902124 0.008853248 0.984028791 -0.138155249
1561001139.883711576 -178.574510 -26.302009 12.522445 -0.111184299 0.009530667 0.984091734 -0.138241373
1561001139.983009815 -179.558894 -26.564620 12.512705 -0.110242587 0.010273102 0.984168693 -0.138394431
1561001140.083716154 -180.548344 -26.847673 12.512994 -0.108356462 0.011056219 0.984327041 -0.138697204
1561001140.183422327 -181.535903 -27.130976 12.514193 -0.107298544 0.011322058 0.984472206 -0.138467720
1561001140.282708406 -182.525908 -27.406443 12.518121 -0.107240761 0.011379944 0.984410922 -0.138942626
1561001140.384585381 -183.541755 -27.691069 12.522306 -0.108149749 0.011259082 0.984320434 -0.138888980
1561001140.484399796 -184.545636 -27.975662 12.527981 -0.110459829 0.011756846 0.984036779 -0.139039633
1561001140.585971594 -185.533518 -28.256896 12.525970 -0.112269365 0.010916770 0.983804363 -0.139303229
1561001140.685829878 -186.515987 -28.538751 12.520708 -0.113615588 0.010532779 0.983711318 -0.138897811
1561001140.784236193 -187.483087 -28.823331 12.521194 -0.113746720 0.009946619 0.983730735 -0.138696031
1561001140.885968447 -188.479033 -29.111137 12.516483 -0.112460904 0.008823723 0.983825957 -0.139144433
1561001140.985197306 -189.456528 -29.379051 12.504313 -0.110936036 0.008427197 0.984022916 -0.139000283
1561001141.086545706 -190.453154 -29.658058 12.495018 -0.109536985 0.008877009 0.984131335 -0.139313899
1561001141.186854839 -191.431373 -29.938905 12.496777 -0.109462396 0.009528842 0.984092291 -0.139604971
1561001141.285454035 -192.397658 -30.214323 12.498834 -0.110375467 0.009944915 0.983880997 -0.140344355
1561001141.386609077 -193.375677 -30.493271 12.502629 -0.112076936 0.009258863 0.983690987 -0.140374772
1561001141.484638691 -194.326603 -30.772887 12.498463 -0.113757629 0.009155821 0.983558442 -0.139957720
1561001141.585975885 -195.309510 -31.055886 12.492649 -0.115386869 0.008686084 0.983248359 -0.140829996
1561001141.685833931 -196.265144 -31.323895 12.479771 -0.116904374 0.007906139 0.983137670 -0.140396515
1561001141.785057545 -197.217392 -31.594270 12.459541 -0.117638358 0.007636631 0.983037338 -0.140500855
1561001141.885903835 -198.171968 -31.871947 12.444135 -0.117834888 0.008115989 0.983066229 -0.140106599
1561001141.984722137 -199.097482 -32.138675 12.432340 -0.116273651 0.008597714 0.983329992 -0.139530083
1561001142.086062193 -200.036832 -32.402710 12.424566 -0.114149731 0.009280449 0.983541817 -0.139746934
1561001142.186029196 -200.958656 -32.678549 12.420324 -0.112220089 0.009730320 0.983780058 -0.139602185
1561001142.284381151 -201.877466 -32.944020 12.419618 -0.111590562 0.009454347 0.983952290 -0.138910235
1561001142.385797739 -202.799118 -33.193950 12.420857 -0.111775376 0.008706095 0.983921245 -0.139030401
1561001142.484869719 -203.696922 -33.446645 12.424765 -0.112467619 0.008029610 0.983939004 -0.138385678
1561001142.584497929 -204.598111 -33.698488 12.425310 -0.112278258 0.007763537 0.984041762 -0.137822824
1561001142.685821533 -205.494202 -33.948637 12.419314 -0.111314151 0.007219119 0.984252734 -0.137126216
1561001142.785000563 -206.356479 -34.191277 12.416905 -0.111151780 0.007711355 0.984426895 -0.135976118
1561001142.885412216 -207.213639 -34.429590 12.410819 -0.110908480 0.007778271 0.984545679 -0.135309326
1561001142.985005856 -208.067953 -34.655129 12.409188 -0.111352344 0.008006664 0.984644323 -0.134209189
1561001143.084751844 -208.915229 -34.889395 12.412978 -0.111444384 0.007667307 0.984701027 -0.133735746
1561001143.186279297 -209.771419 -35.136542 12.412343 -0.111088231 0.007123876 0.984825452 -0.133144600
1561001143.284335852 -210.603391 -35.359284 12.407911 -0.110851109 0.007007248 0.985002406 -0.132034808
1561001143.385747910 -211.436774 -35.577500 12.405423 -0.111281062 0.007093596 0.984969744 -0.131912128
1561001143.484142303 -212.261687 -35.787550 12.396438 -0.112421388 0.007695346 0.984935883 -0.131162188
1561001143.585716724 -213.088009 -36.010328 12.395754 -0.114210557 0.008503994 0.984790816 -0.130654810
1561001143.685602427 -213.916646 -36.222095 12.391972 -0.114911788 0.009320433 0.984704318 -0.130636202
1561001143.784009218 -214.705486 -36.438587 12.388963 -0.114588144 0.009934937 0.984770846 -0.130373444
1561001143.885990381 -215.509188 -36.646299 12.389837 -0.112215707 0.010059890 0.984938395 -0.131159412
1561001143.984494448 -216.290807 -36.859991 12.387174 -0.109040208 0.010440883 0.985288909 -0.131175406
1561001144.086175442 -217.091833 -37.085120 12.384446 -0.106828982 0.010257183 0.985402940 -0.132149178
1561001144.186442614 -217.877371 -37.300022 12.382738 -0.105556833 0.010099633 0.985513567 -0.132358460
1561001144.285151243 -218.662014 -37.503355 12.386724 -0.105259932 0.010353100 0.985526069 -0.132482181
1561001144.386185169 -219.446880 -37.713591 12.387863 -0.106174646 0.009742336 0.985423024 -0.132565058
1561001144.484603882 -220.222411 -37.925153 12.390038 -0.109152144 0.008888449 0.985166031 -0.132116220
1561001144.584733009 -221.003459 -38.133606 12.390143 -0.112164691 0.008590670 0.984843250 -0.132019147
1561001144.686102629 -221.789568 -38.345755 12.387471 -0.114201410 0.008493451 0.984506580 -0.132788148
1561001144.784521103 -222.559217 -38.562478 12.384659 -0.112770588 0.009214097 0.984677879 -0.132692764
1561001144.886048079 -223.331307 -38.767717 12.378450 -0.109959575 0.009977399 0.984876769 -0.133518135
1561001144.984645844 -224.111840 -38.974295 12.376771 -0.108278038 0.010572252 0.984970127 -0.134156412
1561001145.086178780 -224.888529 -39.187041 12.376535 -0.108191103 0.010229981 0.984900028 -0.134766347
1561001145.187219620 -225.672883 -39.408914 12.375833 -0.109158210 0.009783005 0.984821077 -0.134596521
1561001145.286214590 -226.420874 -39.615581 12.374457 -0.109974431 0.009821178 0.984772199 -0.134286576
1561001145.386343718 -227.197036 -39.823334 12.374130 -0.109977132 0.010748387 0.984707851 -0.134684632
1561001145.484691858 -227.955618 -40.022823 12.373991 -0.110068572 0.010988555 0.984770985 -0.134127803
1561001145.586182356 -228.725328 -40.241295 12.385535 -0.108058596 0.010499147 0.985090141 -0.133456071
1561001145.686109781 -229.475598 -40.452775 12.396756 -0.103784856 0.009212711 0.985676019 -0.132614532
1561001145.785892963 -230.240341 -40.669826 12.390819 -0.099836099 0.008646362 0.986152337 -0.132142204
1561001145.885802746 -231.030540 -40.874790 12.381596 -0.101439252 0.009732068 0.986051534 -0.131596874
1561001145.985844374 -231.824414 -41.075778 12.374459 -0.109811912 0.009926699 0.985199891 -0.131240157
1561001146.085590363 -232.598478 -41.275588 12.385802 -0.118187955 0.008438916 0.984400602 -0.130060931
1561001146.185775280 -233.387138 -41.489735 12.384835 -0.121579923 0.006416120 0.984150421 -0.128938376
1561001146.283927917 -234.148442 -41.683222 12.367899 -0.117064054 0.006552801 0.984765765 -0.128411276
1561001146.385445833 -234.935343 -41.889552 12.349895 -0.110849882 0.009044268 0.985498762 -0.128151061
1561001146.483846903 -235.709334 -42.083054 12.337675 -0.107313192 0.011448134 0.985886469 -0.127987064
1561001146.585337639 -236.509993 -42.290437 12.340687 -0.106756506 0.011859751 0.985934233 -0.128047193
1561001146.685917139 -237.322105 -42.500580 12.343760 -0.108245051 0.010762663 0.985792666 -0.127984351
1561001146.784903526 -238.119659 -42.706060 12.345598 -0.109593607 0.009530188 0.985649615 -0.128036137
1561001146.885892868 -238.926689 -42.924282 12.345361 -0.109986447 0.008550680 0.985667181 -0.127632582
1561001146.984430313 -239.715021 -43.131747 12.339634 -0.109038003 0.008713713 0.985643044 -0.128617938
1561001147.086077452 -240.522972 -43.343101 12.334037 -0.108016809 0.008955463 0.985765155 -0.128527145
1561001147.186088562 -241.319519 -43.557741 12.328374 -0.107186598 0.009720901 0.985787429 -0.128994894
1561001147.284325123 -242.124588 -43.751292 12.322853 -0.107039629 0.011102904 0.985740606 -0.129362674
1561001147.385687351 -242.943247 -43.970145 12.328212 -0.107399561 0.011592061 0.985603631 -0.130063217
1561001147.484004259 -243.741310 -44.175478 12.335605 -0.107832155 0.011520328 0.985532895 -0.130247538
1561001147.585363865 -244.562434 -44.382176 12.332100 -0.108216743 0.012129560 0.985401528 -0.130865729
1561001147.685277700 -245.385990 -44.599716 12.327844 -0.108658062 0.013160386 0.985222706 -0.131743879
1561001147.785428762 -246.198212 -44.807691 12.326358 -0.109012394 0.014485989 0.984993297 -0.133021272
1561001147.885680199 -247.013304 -45.033733 12.321582 -0.108808008 0.017042787 0.984682021 -0.135172773
1561001147.984253883 -247.826425 -45.262892 12.337053 -0.109917048 0.016862879 0.984284395 -0.137179135
1561001148.085975647 -248.663213 -45.502894 12.339872 -0.111366637 0.015420564 0.983920904 -0.138778000
1561001148.184486151 -249.478644 -45.743365 12.334630 -0.112400585 0.014353117 0.983458301 -0.141314781
1561001148.285050869 -250.305882 -45.988536 12.331400 -0.111745880 0.014104997 0.983243494 -0.143339241
1561001148.386099815 -251.126875 -46.236861 12.323969 -0.110645166 0.014216046 0.982997217 -0.145849312
1561001148.484535456 -251.952397 -46.486255 12.321279 -0.110045873 0.013992151 0.982680849 -0.148433400
1561001148.586162329 -252.793667 -46.745811 12.324088 -0.110921576 0.013207283 0.982224595 -0.150853625
1561001148.687562704 -253.639662 -47.013701 12.316310 -0.111072680 0.011966449 0.981814574 -0.153492037
1561001148.786041975 -254.446215 -47.282234 12.314159 -0.111236687 0.011098739 0.981339381 -0.156448834
1561001148.887578964 -255.275840 -47.555986 12.310412 -0.109789327 0.010706260 0.981084946 -0.159072335
1561001148.986067057 -256.088860 -47.835575 12.306952 -0.108229285 0.010787831 0.980819552 -0.161749964
1561001149.088902235 -256.934784 -48.130083 12.305845 -0.107253391 0.010844163 0.980493763 -0.164350526
1561001149.187531710 -257.761751 -48.408614 12.307063 -0.107464760 0.010744681 0.980026309 -0.166985957
1561001149.287588358 -258.590704 -48.700464 12.312541 -0.108495535 0.010571493 0.979495208 -0.169428748
1561001149.388610601 -259.427219 -48.999903 12.309948 -0.109608808 0.010171645 0.978917631 -0.172054403
1561001149.487802744 -260.261608 -49.304220 12.315404 -0.110465629 0.009679242 0.978380170 -0.174573478
1561001149.588543653 -261.089368 -49.611839 12.317367 -0.109990137 0.009470349 0.978016880 -0.176905243
1561001149.687334061 -261.906448 -49.909340 12.316881 -0.108824646 0.008874808 0.977718740 -0.179288873
1561001149.788720131 -262.737822 -50.242736 12.315132 -0.107684737 0.008241670 0.977385489 -0.181806705
1561001149.888685226 -263.571385 -50.564359 12.314984 -0.107344816 0.007793905 0.977055193 -0.183791987
1561001149.987399578 -264.405641 -50.886525 12.314464 -0.107805197 0.007404941 0.976661622 -0.185621339
1561001150.088363171 -265.257807 -51.211683 12.321247 -0.108481176 0.006953399 0.976316129 -0.187056946
1561001150.188556194 -266.090582 -51.538891 12.324495 -0.108597390 0.006688369 0.976049769 -0.188384502
1561001150.288900852 -266.917218 -51.867316 12.325254 -0.108434356 0.006258086 0.975821124 -0.189673299
1561001150.389025450 -267.750217 -52.209690 12.326232 -0.108338689 0.006439208 0.975556824 -0.191076291
1561001150.487441778 -268.574875 -52.541387 12.323073 -0.108134494 0.006467764 0.975361968 -0.192182545
1561001150.589521646 -269.416615 -52.890127 12.325911 -0.108615026 0.006751386 0.975083261 -0.193312776
1561001150.689532042 -270.257299 -53.241267 12.326905 -0.109214992 0.006876203 0.974951672 -0.193633781
1561001150.788128376 -271.095460 -53.581712 12.324354 -0.109855339 0.007429033 0.974670030 -0.194666242
1561001150.888876438 -271.944525 -53.931249 12.324374 -0.109930750 0.008214565 0.974648789 -0.194698458
1561001150.988275290 -272.773100 -54.262404 12.323671 -0.109953688 0.009121394 0.974487000 -0.195453507
1561001151.088625669 -273.616554 -54.607152 12.331569 -0.109805731 0.009502175 0.974441165 -0.195746840
1561001151.187970161 -274.451185 -54.954886 12.332050 -0.109067247 0.009738525 0.974426988 -0.196218097
1561001151.288516760 -275.290141 -55.299267 12.335286 -0.109371954 0.009843390 0.974322245 -0.196563083
1561001151.388269186 -276.115110 -55.642875 12.341057 -0.109428642 0.009865802 0.974227144 -0.197001292
1561001151.487016201 -276.934521 -55.983210 12.346041 -0.109460547 0.009232040 0.974186535 -0.197214994
1561001151.588240862 -277.768449 -56.333111 12.347035 -0.109370180 0.008765535 0.974138591 -0.197522999
1561001151.687710762 -278.593726 -56.676433 12.347326 -0.109319439 0.008859187 0.974009943 -0.198180235
1561001151.787724495 -279.418198 -57.031766 12.352617 -0.109619935 0.008420488 0.973954535 -0.198305647
1561001151.888802767 -280.247155 -57.377057 12.359946 -0.109814074 0.007913388 0.973883304 -0.198568775
1561001151.987565994 -281.066215 -57.714754 12.359509 -0.109648554 0.007458897 0.973846153 -0.198859823
1561001152.088760138 -281.877238 -58.052300 12.355730 -0.109463989 0.007825790 0.973802296 -0.199161945
1561001152.187528372 -282.666480 -58.389710 12.358112 -0.109348205 0.007707982 0.973696552 -0.199746292
1561001152.287717819 -283.482376 -58.734936 12.360353 -0.109153810 0.007660858 0.973662296 -0.200021224
1561001152.388595581 -284.297419 -59.086544 12.360539 -0.109068045 0.007733267 0.973572966 -0.200499474
1561001152.488177538 -285.099237 -59.427696 12.362062 -0.109137142 0.007829560 0.973518360 -0.200723153
1561001152.588547707 -285.904494 -59.780655 12.367922 -0.109370205 0.008056160 0.973360575 -0.201351550
1561001152.688233137 -286.703813 -60.128370 12.368144 -0.108975439 0.007683227 0.973325915 -0.201747330
1561001152.788680077 -287.511262 -60.474121 12.371657 -0.108639235 0.007944596 0.973126833 -0.202875743
1561001152.888511419 -288.311097 -60.817705 12.370079 -0.108268761 0.008037790 0.972812903 -0.204568632
1561001152.987411499 -289.107980 -61.167815 12.377918 -0.108285930 0.007858192 0.972372852 -0.206648112
1561001153.088971376 -289.907731 -61.525208 12.385641 -0.108746711 0.007365144 0.971937942 -0.208462333
1561001153.188186646 -290.685986 -61.879571 12.388007 -0.109122887 0.006864315 0.971317893 -0.211155457
1561001153.289011240 -291.481799 -62.239491 12.391676 -0.108781640 0.006232568 0.970850405 -0.213488177
1561001153.389046431 -292.265864 -62.606030 12.393025 -0.108338780 0.006249159 0.970399738 -0.215749866
1561001153.487637758 -293.029193 -62.964256 12.395163 -0.107729150 0.006060145 0.969894936 -0.218315181
1561001153.588826895 -293.816947 -63.337984 12.397705 -0.107055860 0.006354285 0.969498209 -0.220390310
1561001153.687540531 -294.578143 -63.702686 12.406868 -0.106768244 0.006373474 0.968890205 -0.223185329
1561001153.788393736 -295.352280 -64.083443 12.417217 -0.106849169 0.005582966 0.968336138 -0.225559767
1561001153.888483524 -296.120152 -64.468712 12.422137 -0.107571481 0.005194445 0.967640376 -0.228196183
1561001153.987723827 -296.885516 -64.847271 12.427560 -0.107810749 0.004556062 0.967019496 -0.230714931
1561001154.088504791 -297.649173 -65.229489 12.431268 -0.107930905 0.004077204 0.966464074 -0.232983885
1561001154.187741995 -298.404110 -65.628326 12.437322 -0.107866077 0.004140863 0.965872417 -0.235453258
1561001154.289117098 -299.168029 -66.026967 12.437863 -0.107625909 0.004570160 0.965254506 -0.238074602
1561001154.389080763 -299.927501 -66.420509 12.444361 -0.107623257 0.005095514 0.964750887 -0.240097887
1561001154.488250256 -300.669500 -66.803899 12.452384 -0.108011114 0.004975885 0.964143879 -0.242353914
1561001154.588912487 -301.410241 -67.197783 12.459597 -0.108719112 0.004906207 0.963537779 -0.244440241
1561001154.687837601 -302.149610 -67.602335 12.464186 -0.108904837 0.004756963 0.963054506 -0.246258251
1561001154.787690639 -302.881862 -68.005154 12.472866 -0.108605885 0.004314208 0.962562677 -0.248312790
1561001154.890188932 -303.619469 -68.415463 12.480638 -0.108567308 0.003374792 0.962150494 -0.249936348
1561001154.987358093 -304.326342 -68.812805 12.488954 -0.108661236 0.001901185 0.961775370 -0.251350869
1561001155.088640928 -305.057972 -69.246746 12.487897 -0.108668916 0.000848282 0.961614328 -0.251968711
1561001155.187410831 -305.777421 -69.648476 12.486011 -0.108004957 0.000629141 0.961296176 -0.253464388
1561001155.288742781 -306.507712 -70.053027 12.483202 -0.106901681 0.001523295 0.961117107 -0.254604826
1561001155.388734341 -307.207416 -70.448786 12.491711 -0.105823145 0.002250741 0.961075960 -0.255204615
1561001155.487461805 -307.906839 -70.848909 12.513302 -0.105817555 0.001274282 0.960858691 -0.256030463
1561001155.588906050 -308.618546 -71.265588 12.521894 -0.106251558 -0.000852678 0.960827214 -0.255970591
1561001155.688025951 -309.321642 -71.662674 12.522280 -0.107010260 -0.001671175 0.960811026 -0.255711134
1561001155.788246155 -310.019547 -72.064726 12.524565 -0.107810673 -0.000925357 0.960787871 -0.255465594
1561001155.888960361 -310.707385 -72.466477 12.541234 -0.107663738 -0.001234139 0.960968160 -0.254847388
1561001155.988918066 -311.373635 -72.833224 12.551139 -0.106781470 -0.001730667 0.961328019 -0.253856578
1561001156.089899778 -312.043359 -73.197647 12.560320 -0.106254536 -0.002613640 0.961957305 -0.251676948
1561001156.189201593 -312.698325 -73.567474 12.566526 -0.106100410 -0.003704738 0.962623495 -0.249168589
1561001156.281957626 -313.326289 -73.897736 12.570157 -0.106361781 -0.003794157 0.963531144 -0.245520896
1561001156.382101536 -314.002274 -74.259523 12.572846 -0.106010471 -0.003601152 0.964482327 -0.241914555
1561001156.481092930 -314.661107 -74.607692 12.575836 -0.105384280 -0.003172339 0.965542434 -0.237932551
1561001156.582385302 -315.335960 -74.946357 12.584519 -0.105088894 -0.002885801 0.966593822 -0.233761372
1561001156.681476831 -315.981865 -75.266102 12.591182 -0.105365799 -0.002704100 0.967716542 -0.228944167
1561001156.781229258 -316.634327 -75.587292 12.592098 -0.105677796 -0.002676623 0.968728664 -0.224476756
1561001156.882326126 -317.296324 -75.890250 12.595124 -0.106036957 -0.002030069 0.969517449 -0.220879965
1561001156.981991529 -317.941040 -76.183020 12.599966 -0.106575384 -0.000717517 0.970113903 -0.217991256
1561001157.082814217 -318.582786 -76.480805 12.609239 -0.106931432 -0.000084794 0.970732435 -0.215044649
1561001157.181137562 -319.223992 -76.756015 12.623167 -0.106998689 -0.000301451 0.971484561 -0.211586714
1561001157.284645081 -319.867861 -77.059274 12.626056 -0.107314737 -0.000557878 0.971924101 -0.209396224
1561001157.384552717 -320.487321 -77.329071 12.624784 -0.107880512 0.000012134 0.972471175 -0.206546867
1561001157.482944250 -321.089966 -77.591327 12.629876 -0.108483252 0.000456879 0.972785946 -0.204740517
1561001157.584735155 -321.691315 -77.850921 12.637901 -0.108442350 0.001027713 0.973204441 -0.202761725
1561001157.682933569 -322.279409 -78.097012 12.645657 -0.107732501 0.001107440 0.973644125 -0.201021392
1561001157.784859896 -322.875026 -78.346280 12.644346 -0.107403148 0.001090038 0.974033496 -0.199304100
1561001157.885015249 -323.451545 -78.587524 12.648341 -0.107678992 0.001230058 0.974321089 -0.197742605
1561001157.984003067 -324.014595 -78.817954 12.656075 -0.108117149 0.001338442 0.974535247 -0.196443233
1561001158.084860086 -324.576612 -79.044982 12.666185 -0.107940082 0.000816855 0.974766267 -0.195394465
1561001158.183189869 -325.110260 -79.262430 12.674737 -0.107333897 0.000288218 0.975051030 -0.194306049
1561001158.284714460 -325.633935 -79.483676 12.683319 -0.106881913 -0.000710741 0.975220270 -0.193703837
1561001158.384681225 -326.137154 -79.679861 12.684804 -0.105640128 -0.001305212 0.975410900 -0.193421911
1561001158.484777927 -326.625556 -79.894676 12.688302 -0.102751317 -0.001844015 0.975956186 -0.192219380
1561001158.584870100 -327.097318 -80.089504 12.696329 -0.098154189 -0.000713114 0.976566662 -0.191527548
1561001158.684259176 -327.560525 -80.278934 12.708062 -0.094693797 0.000743720 0.977050232 -0.190801928
1561001158.784959316 -328.004395 -80.443234 12.722327 -0.092996455 0.001463668 0.977272520 -0.190493934
1561001158.884941578 -328.436463 -80.617681 12.733424 -0.092674944 0.001432730 0.977536061 -0.189294881
1561001158.982940674 -328.864906 -80.793032 12.740143 -0.094544128 0.000079332 0.977520847 -0.188452633
1561001159.086337805 -329.310811 -80.979172 12.746043 -0.099577470 -0.000622794 0.977245679 -0.187282734
1561001159.186198235 -329.740856 -81.131051 12.748621 -0.105691899 -0.001059910 0.976769379 -0.186412658
1561001159.287370682 -330.181656 -81.301130 12.759474 -0.112417509 -0.001454415 0.976023563 -0.186381849
1561001159.387305737 -330.601268 -81.462860 12.761069 -0.116841373 -0.000969457 0.975732603 -0.185183806
1561001159.487141609 -331.033938 -81.627677 12.764117 -0.118962004 -0.000579027 0.975424463 -0.185458414
1561001159.588606834 -331.456689 -81.790501 12.756786 -0.118982696 0.000702204 0.975172387 -0.186765738
1561001159.687276363 -331.866340 -81.952326 12.750487 -0.116862239 0.001898595 0.974876842 -0.189617390
1561001159.789034128 -332.274909 -82.119194 12.741489 -0.114483798 0.003704923 0.974425553 -0.193325052
1561001159.888607979 -332.665932 -82.290780 12.743866 -0.112763067 0.004140357 0.973460259 -0.199104172
1561001159.987370253 -333.055753 -82.479808 12.743241 -0.110749159 0.003730599 0.972126602 -0.206616979
1561001160.088625193 -333.443062 -82.658841 12.740440 -0.109218349 0.002972397 0.970299279 -0.215828234
1561001160.187492371 -333.810668 -82.856014 12.734819 -0.108381294 0.003231795 0.967981574 -0.226395060
1561001160.288746119 -334.172409 -83.061605 12.735475 -0.109246641 0.003506519 0.964791143 -0.239229862
1561001160.388933420 -334.524322 -83.275978 12.742157 -0.110733695 0.002662023 0.960907469 -0.253747510
1561001160.488695145 -334.837353 -83.491799 12.749073 -0.110732572 0.001245831 0.956554198 -0.269705047
1561001160.588774920 -335.129524 -83.708085 12.749420 -0.109531669 0.000292892 0.951829591 -0.286396855
1561001160.687581539 -335.396488 -83.950319 12.750931 -0.108033017 0.000287071 0.946297534 -0.304712588
1561001160.788053036 -335.656612 -84.184248 12.758043 -0.107688737 -0.000467521 0.939402258 -0.325463230
1561001160.888904095 -335.906467 -84.436906 12.763837 -0.107926549 -0.001470689 0.931702781 -0.346813530
1561001160.987649918 -336.094492 -84.679930 12.767589 -0.108005487 -0.003449418 0.922805045 -0.369802333
1561001161.088438988 -336.287974 -84.943088 12.771824 -0.106921135 -0.004958784 0.913289041 -0.392996703
1561001161.187751055 -336.469080 -85.197081 12.771430 -0.105133259 -0.006047981 0.902221465 -0.418218660
1561001161.288914919 -336.624357 -85.471395 12.783836 -0.103498918 -0.008459680 0.889680548 -0.444617734
1561001161.388921976 -336.742035 -85.746551 12.812553 -0.102442773 -0.012919924 0.876138557 -0.470871302
1561001161.487922668 -336.857107 -86.015325 12.824922 -0.100946957 -0.019150116 0.861040522 -0.498048396
1561001161.588738918 -336.946245 -86.308335 12.821853 -0.099405091 -0.024652872 0.845056221 -0.524776950
1561001161.687714100 -337.006068 -86.605185 12.812648 -0.097640331 -0.028547866 0.827311819 -0.552455011
1561001161.790751934 -337.036115 -86.887375 12.814722 -0.095657996 -0.032278312 0.808796012 -0.579358843
1561001161.889777422 -337.033596 -87.164514 12.827472 -0.093933322 -0.037674424 0.789593047 -0.605227221
1561001161.990681887 -337.008252 -87.459764 12.839903 -0.093584948 -0.044489266 0.769679296 -0.629965352
1561001162.090410948 -336.977595 -87.753609 12.835037 -0.093410741 -0.050329312 0.749044451 -0.653967740
1561001162.189192295 -336.948890 -88.035992 12.823557 -0.093022893 -0.053493847 0.727503450 -0.677660593
1561001162.282636166 -336.900074 -88.310599 12.824755 -0.092395030 -0.056065245 0.705846681 -0.700071646
1561001162.382832527 -336.828068 -88.592974 12.834695 -0.091023506 -0.059886523 0.681650815 -0.723519517
1561001162.482745647 -336.737928 -88.869061 12.839000 -0.088730681 -0.064718913 0.657199314 -0.745672442
1561001162.582601309 -336.641695 -89.126067 12.831524 -0.086687562 -0.068900869 0.632442816 -0.766651173
1561001162.682556629 -336.516299 -89.379813 12.827021 -0.085425857 -0.072212011 0.606321792 -0.787312982
1561001162.782516479 -336.364180 -89.632767 12.820887 -0.084534623 -0.075549772 0.579919965 -0.806745910
1561001162.882212877 -336.176205 -89.870701 12.820730 -0.083239158 -0.078782301 0.552500825 -0.825595197
1561001162.980956316 -335.994542 -90.113220 12.820379 -0.081016710 -0.082316997 0.524708331 -0.843410559
1561001163.081969976 -335.811146 -90.334005 12.821410 -0.078284183 -0.085636416 0.495791367 -0.860656094
1561001163.180884838 -335.608599 -90.546064 12.816371 -0.076036640 -0.088638111 0.466199436 -0.876937740
1561001163.282196283 -335.376950 -90.733255 12.811011 -0.074254447 -0.091943014 0.437027766 -0.891649870
1561001163.381432056 -335.147803 -90.909656 12.806224 -0.072144995 -0.094848497 0.407718729 -0.905297907
1561001163.482605457 -334.905248 -91.079825 12.808488 -0.069064469 -0.097785473 0.377399320 -0.918279834
1561001163.582685232 -334.640858 -91.182039 12.804025 -0.065453387 -0.099942351 0.348077081 -0.929822416
1561001163.681626797 -334.369665 -91.300645 12.790340 -0.062191941 -0.102098641 0.317849176 -0.940574256
1561001163.782557487 -334.106819 -91.415341 12.776130 -0.059928089 -0.103702314 0.287442676 -0.950279518
1561001163.881566763 -333.844876 -91.504914 12.769339 -0.057924224 -0.105461504 0.256980748 -0.958897049
1561001163.982356787 -333.581303 -91.574529 12.765284 -0.055553657 -0.107536335 0.226209596 -0.966529330
1561001164.082245350 -333.309338 -91.624057 12.765855 -0.052566197 -0.109833027 0.195564353 -0.973102299
1561001164.180924892 -333.036235 -91.657192 12.758302 -0.049686314 -0.111048564 0.164835782 -0.978789381
1561001164.282064199 -332.751327 -91.688926 12.753211 -0.046088234 -0.111930961 0.132882518 -0.983712138
1561001164.381991148 -332.458141 -91.682575 12.754109 -0.041870562 -0.112806983 0.101885453 -0.987492175
1561001164.481359720 -332.160687 -91.650377 12.751767 -0.037612503 -0.113701760 0.073770652 -0.990058130
1561001164.582238674 -331.865633 -91.623463 12.725199 -0.034270232 -0.113870258 0.047386355 -0.991772982
1561001164.680935860 -331.561914 -91.601999 12.700361 -0.034629115 -0.114525725 0.021362426 -0.992586686
1561001164.781991959 -331.226067 -91.538792 12.693700 -0.035705440 -0.114786612 -0.004583379 -0.992737703
1561001164.881586313 -330.899484 -91.460832 12.712627 -0.034236411 -0.115482027 -0.027866728 -0.992328179
1561001164.981424809 -330.567216 -91.363291 12.732311 -0.029823400 -0.115317262 -0.048588748 -0.991691296
1561001165.082032919 -330.211802 -91.242583 12.732873 -0.024472765 -0.114072844 -0.067496072 -0.990874740
1561001165.181327343 -329.882055 -91.104946 12.708253 -0.020687813 -0.112815506 -0.085346094 -0.989727599
1561001165.282207489 -329.523371 -90.972321 12.681660 -0.019978984 -0.112088409 -0.103295112 -0.988112923
1561001165.382048368 -329.206296 -90.864661 12.663163 -0.021279034 -0.112065420 -0.119328275 -0.986280542
1561001165.482251406 -328.877314 -90.747409 12.668647 -0.021455393 -0.113007933 -0.135642332 -0.984057941
1561001165.582561016 -328.545046 -90.612465 12.684737 -0.019165317 -0.113803821 -0.148937628 -0.982089081
1561001165.681414366 -328.219209 -90.479515 12.693863 -0.015150938 -0.114169273 -0.160162177 -0.980348868
1561001165.782642126 -327.880637 -90.342489 12.685944 -0.011487127 -0.113795954 -0.169227782 -0.978918017
1561001165.882845879 -327.540309 -90.195065 12.670243 -0.009733632 -0.113171659 -0.176971557 -0.977639248
1561001165.982615948 -327.191250 -90.045914 12.657581 -0.009397266 -0.112558491 -0.183667196 -0.976477669
1561001166.082347155 -326.845548 -89.914831 12.653119 -0.009458790 -0.112261176 -0.189031244 -0.975487134
1561001166.182419538 -326.464488 -89.767090 12.653988 -0.009137870 -0.111481749 -0.193761237 -0.974651169
1561001166.282417059 -326.085801 -89.596510 12.653195 -0.007873962 -0.110403465 -0.197443188 -0.974045822
1561001166.382501602 -325.691280 -89.425049 12.649967 -0.006737658 -0.109788171 -0.199980708 -0.973606120
1561001166.482249737 -325.299112 -89.246570 12.645338 -0.005570030 -0.109558315 -0.201755714 -0.973273128
1561001166.582196474 -324.879667 -89.064361 12.640053 -0.004872665 -0.109415587 -0.202581025 -0.973121480
1561001166.680986404 -324.445996 -88.897474 12.632152 -0.004544661 -0.109341707 -0.202866730 -0.973071851
1561001166.782071829 -323.998579 -88.715024 12.622719 -0.005285704 -0.108793971 -0.202442801 -0.973217779
1561001166.881676435 -323.559498 -88.527541 12.616087 -0.006090875 -0.108239938 -0.201075697 -0.973558206
1561001166.981935978 -323.096661 -88.334454 12.615169 -0.006688120 -0.108142552 -0.200435266 -0.973697161
1561001167.082021236 -322.623063 -88.147491 12.617229 -0.006585062 -0.108804125 -0.200383255 -0.973634865
1561001167.180868387 -322.152695 -87.957104 12.615513 -0.006401617 -0.109314655 -0.199242282 -0.973813041
1561001167.281931400 -321.653204 -87.755534 12.611288 -0.006132559 -0.109971262 -0.198739449 -0.973843594
1561001167.381872892 -321.165365 -87.555968 12.602170 -0.006003393 -0.110767761 -0.198274912 -0.973848819
1561001167.481890917 -320.674974 -87.350259 12.597195 -0.006987399 -0.111087762 -0.197521631 -0.973958875
1561001167.581975222 -320.176128 -87.148388 12.596044 -0.007719531 -0.111371635 -0.196718752 -0.974083415
1561001167.680889130 -319.674399 -86.934567 12.595413 -0.007824994 -0.110969685 -0.195970477 -0.974279257
1561001167.782101154 -319.151377 -86.728553 12.590562 -0.007596727 -0.109896391 -0.195483966 -0.974500432
1561001167.881882429 -318.625373 -86.525021 12.584428 -0.007489413 -0.109080121 -0.194670783 -0.974755724
1561001167.982218981 -318.086332 -86.308985 12.576936 -0.007517507 -0.109067835 -0.193570712 -0.974975935
1561001168.081929922 -317.547848 -86.090119 12.567145 -0.007783871 -0.109522862 -0.193171122 -0.975002088
1561001168.180833578 -316.994299 -85.865215 12.561687 -0.008783933 -0.109933603 -0.192667313 -0.975047051
1561001168.281826019 -316.422216 -85.657315 12.566940 -0.008792316 -0.110316225 -0.193132212 -0.974911778
1561001168.381040096 -315.865924 -85.437482 12.568829 -0.008371274 -0.109795135 -0.192794630 -0.975041118
1561001168.481097937 -315.287246 -85.212950 12.566061 -0.007997464 -0.108900179 -0.192924050 -0.975119020
1561001168.581739187 -314.721060 -84.974273 12.558493 -0.007664134 -0.107859590 -0.193325246 -0.975157894
1561001168.680940866 -314.151892 -84.738348 12.554402 -0.007630147 -0.107483365 -0.193385274 -0.975187799
1561001168.782174587 -313.554424 -84.500986 12.547277 -0.007702826 -0.107607509 -0.194151419 -0.975021290
1561001168.881748915 -312.952534 -84.263397 12.542985 -0.007545640 -0.107813165 -0.194636772 -0.974903027
1561001168.982442617 -312.344677 -84.008674 12.541223 -0.007253433 -0.107919316 -0.194554708 -0.974909880
1561001169.082647324 -311.735438 -83.763525 12.541726 -0.007074719 -0.107797586 -0.194452134 -0.974945125
1561001169.182695627 -311.111934 -83.509787 12.537384 -0.006915082 -0.107617264 -0.194761746 -0.974904389
1561001169.281768322 -310.494034 -83.255139 12.536807 -0.006695238 -0.107831583 -0.195643578 -0.974705655
1561001169.381900549 -309.870716 -82.994581 12.530926 -0.006665985 -0.108560285 -0.195238483 -0.974706194
1561001169.480755568 -309.236296 -82.737532 12.526179 -0.006791871 -0.109563630 -0.195984809 -0.974443244
1561001169.581781864 -308.592162 -82.483610 12.520256 -0.007074782 -0.110739476 -0.195835021 -0.974338422
1561001169.680846453 -307.935794 -82.218292 12.519706 -0.007011946 -0.111699833 -0.196797653 -0.974035248
1561001169.782193661 -307.280827 -81.947362 12.515646 -0.006873202 -0.111303528 -0.197011374 -0.974038399
1561001169.881847858 -306.634808 -81.680603 12.510870 -0.006555801 -0.109803571 -0.197222943 -0.974168008
1561001169.982500315 -305.968420 -81.408850 12.503147 -0.007034100 -0.107876061 -0.197552934 -0.974313150
1561001170.082397223 -305.290700 -81.125611 12.497129 -0.007056490 -0.106664647 -0.198496110 -0.974254666
1561001170.181636572 -304.597130 -80.846847 12.494186 -0.006849602 -0.107331718 -0.199296362 -0.974019479
1561001170.282253265 -303.898841 -80.571077 12.489576 -0.006609788 -0.109192286 -0.199847304 -0.973701397
1561001170.381462097 -303.208156 -80.299230 12.489624 -0.006134596 -0.110920515 -0.200192680 -0.973438183
1561001170.482450485 -302.520209 -79.998992 12.485181 -0.006120628 -0.111400998 -0.200217706 -0.973378254
1561001170.582428455 -301.830726 -79.702601 12.475906 -0.006313744 -0.111065011 -0.201483621 -0.973154176
1561001170.681100607 -301.140230 -79.410847 12.470911 -0.006778483 -0.110399630 -0.201735977 -0.973174480
1561001170.782346964 -300.438822 -79.101951 12.466619 -0.006846499 -0.109510646 -0.202087846 -0.973201442
1561001170.882874966 -299.727601 -78.801693 12.466764 -0.006405909 -0.108381934 -0.202485462 -0.973248148
1561001170.982195139 -299.017188 -78.496978 12.459909 -0.005846242 -0.107816817 -0.202461329 -0.973319457
1561001171.082286358 -298.292614 -78.187972 12.453102 -0.005834697 -0.108163365 -0.202873346 -0.973195278
1561001171.181243181 -297.569393 -77.886022 12.450710 -0.005422936 -0.108677571 -0.202702718 -0.973175927
1561001171.282335758 -296.830525 -77.571812 12.447001 -0.005445948 -0.109555439 -0.202995950 -0.973016234
1561001171.381114960 -296.105295 -77.270655 12.444395 -0.005197556 -0.109902910 -0.202862540 -0.973006231
1561001171.482214212 -295.365285 -76.958698 12.442353 -0.004961044 -0.109887161 -0.203359785 -0.972905441
1561001171.582201958 -294.633539 -76.647731 12.439790 -0.004835815 -0.109621701 -0.203167833 -0.972976120
1561001171.680951118 -293.917896 -76.347237 12.433951 -0.004855280 -0.109823467 -0.203037163 -0.972980546
1561001171.781807184 -293.191563 -76.045823 12.426794 -0.004945551 -0.110472766 -0.203565448 -0.972796185
1561001171.881279469 -292.465450 -75.731870 12.428039 -0.004781011 -0.110916838 -0.202818294 -0.972902532
1561001171.982257605 -291.748441 -75.425347 12.425017 -0.004684340 -0.110726111 -0.202527524 -0.972985297
1561001172.082174301 -291.014137 -75.126174 12.416704 -0.005005546 -0.109885892 -0.202904797 -0.973000349
1561001172.181156635 -290.299267 -74.820544 12.413282 -0.004856182 -0.109476073 -0.202650103 -0.973100376
1561001172.282303333 -289.572596 -74.509795 12.407925 -0.005031375 -0.109318485 -0.202559368 -0.973136094
1561001172.381473064 -288.847297 -74.190798 12.405938 -0.005290907 -0.109337917 -0.202514986 -0.973141771
1561001172.482184172 -288.106271 -73.879778 12.403716 -0.005318999 -0.108987196 -0.202575318 -0.973168403
1561001172.582118511 -287.383068 -73.573127 12.402726 -0.005381637 -0.108763859 -0.202987327 -0.973107191
1561001172.680753231 -286.672683 -73.272305 12.402004 -0.004863864 -0.108901292 -0.203031947 -0.973085238
1561001172.781884193 -285.936215 -72.970885 12.394265 -0.005194080 -0.109791848 -0.203240343 -0.972939944
1561001172.881119490 -285.216163 -72.684131 12.395697 -0.005229059 -0.110519883 -0.203090954 -0.972888522
1561001172.982280493 -284.488306 -72.379085 12.389529 -0.005704983 -0.110560010 -0.202789385 -0.972944193
1561001173.082420111 -283.760719 -72.071926 12.387504 -0.006354285 -0.110384136 -0.202704380 -0.972977852
1561001173.181460142 -283.065442 -71.775500 12.385389 -0.006298669 -0.109755717 -0.202527385 -0.973086156
1561001173.282806635 -282.327309 -71.458205 12.384245 -0.006448677 -0.108719614 -0.202976086 -0.973107994
1561001173.381441832 -281.615722 -71.161507 12.384301 -0.006310513 -0.107936846 -0.202999076 -0.973191240
1561001173.481249809 -280.896828 -70.852413 12.381791 -0.006141426 -0.107644790 -0.202838347 -0.973258181
1561001173.583010197 -280.160837 -70.546214 12.381625 -0.005821262 -0.108593554 -0.202967995 -0.973127713
1561001173.680902004 -279.447685 -70.246960 12.385660 -0.005032961 -0.110205398 -0.202865858 -0.972972190
1561001173.781931877 -278.721167 -69.933852 12.384783 -0.004324981 -0.110253659 -0.202754453 -0.972993349
1561001173.880671024 -278.017206 -69.634884 12.382939 -0.003817733 -0.109819975 -0.202957305 -0.973002225
1561001173.981781721 -277.301239 -69.323235 12.372630 -0.003707612 -0.108292585 -0.203127119 -0.973138399
1561001174.082123280 -276.593466 -69.016782 12.364295 -0.004597552 -0.107665737 -0.202511102 -0.973332525
1561001174.180668831 -275.885687 -68.714477 12.364197 -0.004938715 -0.108065845 -0.203021850 -0.973180102
1561001174.283139229 -275.164770 -68.414466 12.365996 -0.004948320 -0.108915949 -0.203012593 -0.973087210
1561001174.380716562 -274.455997 -68.123212 12.366852 -0.004723830 -0.110147611 -0.202828764 -0.972988017
1561001174.482235432 -273.731260 -67.816348 12.363428 -0.004869050 -0.111129514 -0.202773620 -0.972887138
1561001174.582128048 -273.007513 -67.517117 12.355571 -0.005042956 -0.111032311 -0.202982471 -0.972853797
1561001174.681731701 -272.296365 -67.207796 12.357191 -0.005183608 -0.110871215 -0.203115873 -0.972843588
1561001174.781960011 -271.568185 -66.896775 12.349440 -0.005552761 -0.109144381 -0.202971487 -0.973066928
1561001174.880876541 -270.865427 -66.587571 12.348382 -0.005859062 -0.108110788 -0.203176157 -0.973137800
1561001174.982169867 -270.155082 -66.283520 12.341879 -0.006332524 -0.107799511 -0.202714709 -0.973265591
1561001175.082166910 -269.437292 -65.985376 12.342451 -0.006604748 -0.108115014 -0.203211997 -0.973125072
1561001175.181641102 -268.720897 -65.692504 12.346851 -0.006331850 -0.108507320 -0.203025732 -0.973122100
1561001175.282318115 -267.991809 -65.376851 12.344217 -0.005998497 -0.109274845 -0.202803085 -0.973084752
1561001175.381169796 -267.282656 -65.065929 12.342970 -0.005869385 -0.110268127 -0.202787111 -0.972976813
1561001175.481892347 -266.561528 -64.763957 12.340001 -0.005638135 -0.111355045 -0.202256349 -0.972964868
1561001175.582248449 -265.857220 -64.464548 12.336030 -0.005822043 -0.112575730 -0.201008833 -0.973081835
1561001175.682089806 -265.155496 -64.154001 12.330286 -0.005562204 -0.112220124 -0.201114783 -0.973102538
1561001175.781844616 -264.439434 -63.861773 12.329205 -0.005886339 -0.110237219 -0.200696264 -0.973413641
1561001175.880789042 -263.738108 -63.582493 12.327535 -0.005900419 -0.107507273 -0.200153228 -0.973830610
1561001175.982044458 -263.013557 -63.278647 12.322493 -0.006295488 -0.105095242 -0.200129180 -0.974096334
1561001176.081979513 -262.288335 -62.984651 12.315645 -0.006880860 -0.105473232 -0.199509860 -0.974178560
1561001176.180749416 -261.571718 -62.688984 12.316840 -0.007170410 -0.107940126 -0.199192802 -0.973971120
1561001176.282018661 -260.846615 -62.385829 12.320181 -0.006991704 -0.109992178 -0.198464605 -0.973891492
1561001176.382251263 -260.133552 -62.091471 12.319903 -0.006945024 -0.111018388 -0.198393437 -0.973789879
1561001176.482366562 -259.419501 -61.809947 12.317532 -0.007274530 -0.110559598 -0.198650345 -0.973787296
1561001176.582418203 -258.704160 -61.512309 12.316712 -0.007800368 -0.109719279 -0.199363175 -0.973732591
1561001176.681580305 -257.983570 -61.217358 12.314134 -0.008157624 -0.108662311 -0.199357187 -0.973849407
1561001176.782855749 -257.257331 -60.926677 12.313330 -0.007808321 -0.107725787 -0.199770202 -0.973871681
1561001176.880977869 -256.562054 -60.634322 12.315327 -0.007617005 -0.107018351 -0.199596663 -0.973986769
1561001176.982772827 -255.844969 -60.334115 12.314418 -0.007337969 -0.106346680 -0.199583745 -0.974065124
1561001177.082581282 -255.138253 -60.032448 12.313373 -0.007169431 -0.107186003 -0.200290906 -0.973829201
1561001177.183237314 -254.420532 -59.715305 12.315046 -0.007430644 -0.108550035 -0.200263991 -0.973681678
1561001177.282938004 -253.710666 -59.415790 12.312748 -0.006912069 -0.109978993 -0.199520709 -0.973677735
1561001177.382550478 -253.004981 -59.137306 12.310221 -0.007108221 -0.110061650 -0.199632458 -0.973644077
1561001177.483092070 -252.291362 -58.840231 12.309197 -0.007394666 -0.110017600 -0.199575987 -0.973658499
1561001177.582842588 -251.580552 -58.548725 12.312999 -0.007583139 -0.108820905 -0.199355760 -0.973836633
1561001177.682927132 -250.874359 -58.251151 12.317666 -0.007365749 -0.107034902 -0.199376182 -0.974032039
1561001177.782884121 -250.155964 -57.952418 12.314856 -0.006787682 -0.105617506 -0.199019021 -0.974263978
1561001177.880791903 -249.439399 -57.654350 12.313607 -0.006671468 -0.105000744 -0.199045940 -0.974325946
1561001177.983627558 -248.703474 -57.354423 12.314675 -0.006020290 -0.105900603 -0.198795619 -0.974283901
1561001178.083055019 -247.990519 -57.059921 12.317272 -0.005706087 -0.107159062 -0.198965134 -0.974113572
1561001178.181840181 -247.284456 -56.766037 12.318485 -0.005344101 -0.107360785 -0.198646493 -0.974158443
1561001178.282970428 -246.571086 -56.475798 12.318967 -0.005503672 -0.107212322 -0.198280755 -0.974248413
1561001178.381215572 -245.873536 -56.176753 12.323431 -0.005623188 -0.106938899 -0.198300747 -0.974273712
1561001178.482295990 -245.142823 -55.888622 12.326517 -0.004763885 -0.107104839 -0.198014778 -0.974318226
1561001178.583378315 -244.428130 -55.598487 12.328405 -0.003850465 -0.107890040 -0.197106253 -0.974419847
1561001178.682884216 -243.707281 -55.298387 12.322813 -0.003114150 -0.108924439 -0.196962885 -0.974336385
1561001178.783598661 -243.008015 -55.016548 12.321909 -0.002900034 -0.109558783 -0.196437626 -0.974371963
1561001178.880998373 -242.319945 -54.738215 12.320540 -0.003234234 -0.109167989 -0.196169093 -0.974468869
1561001178.982686996 -241.605727 -54.447802 12.325121 -0.002717429 -0.108253058 -0.195621677 -0.974682538
1561001179.083269358 -240.898937 -54.152961 12.320391 -0.002454267 -0.107056943 -0.195237261 -0.974892404
1561001179.180779219 -240.219990 -53.866857 12.315839 -0.002337266 -0.107682155 -0.194666964 -0.974937877
1561001179.282646894 -239.514044 -53.578142 12.314134 -0.002220372 -0.109017679 -0.194370368 -0.974848899
1561001179.382702827 -238.832082 -53.302613 12.312644 -0.002234787 -0.111225998 -0.194096460 -0.974653963
1561001179.482613564 -238.137166 -53.025141 12.304727 -0.002645027 -0.113463050 -0.193190187 -0.974575134
1561001179.582821846 -237.443798 -52.753863 12.298302 -0.002967928 -0.114469605 -0.193104866 -0.974473402
1561001179.682718754 -236.771644 -52.493745 12.297281 -0.003638784 -0.113435771 -0.192690146 -0.974674096
1561001179.782914162 -236.096361 -52.223492 12.301425 -0.003585615 -0.110125084 -0.192352951 -0.975120481
1561001179.880876064 -235.428947 -51.962221 12.297367 -0.003885909 -0.105560864 -0.192065362 -0.975680635
1561001179.984066486 -234.731630 -51.677586 12.288690 -0.004700055 -0.102766105 -0.191653783 -0.976056281
1561001180.084095478 -234.051446 -51.400946 12.294011 -0.004167534 -0.103093801 -0.191470322 -0.976060150
1561001180.183820009 -233.369405 -51.137909 12.304994 -0.003139177 -0.105582365 -0.191042680 -0.975881757
1561001180.283838987 -232.712682 -50.880289 12.313337 -0.001515469 -0.107423429 -0.190462076 -0.975798190
1561001180.382524490 -232.053050 -50.627569 12.315099 -0.000770245 -0.106945839 -0.189815899 -0.975977417
1561001180.483926535 -231.392712 -50.373074 12.303596 -0.003088411 -0.102792227 -0.189961988 -0.976390630
1561001180.583786249 -230.747665 -50.124599 12.305919 -0.007120506 -0.094994648 -0.190134241 -0.977125522
1561001180.684007406 -230.090919 -49.864738 12.317059 -0.011454663 -0.090856402 -0.189724826 -0.977557362
1561001180.783686161 -229.421464 -49.600022 12.341405 -0.012480848 -0.092086436 -0.189087842 -0.977553121
1561001180.882047653 -228.744843 -49.341922 12.370932 -0.009448400 -0.102570161 -0.188022613 -0.976748477
1561001180.983523130 -228.031036 -49.071314 12.376553 -0.005018908 -0.116885612 -0.187597045 -0.975253769
1561001181.083833933 -227.331734 -48.803476 12.380685 -0.002032249 -0.126291804 -0.186935868 -0.974218267
1561001181.183913469 -226.663292 -48.545418 12.362417 -0.000113591 -0.125077036 -0.186450405 -0.974470096
1561001181.283957005 -225.992505 -48.284787 12.339574 -0.001447251 -0.114677316 -0.185673362 -0.975895702
1561001181.382357121 -225.321211 -48.021749 12.315206 -0.003788835 -0.104236038 -0.186099814 -0.976978686
1561001181.484025717 -224.625610 -47.755668 12.306964 -0.005140549 -0.099727864 -0.185231857 -0.977607839
1561001181.582500696 -223.944768 -47.502393 12.314925 -0.004166886 -0.101983072 -0.185000241 -0.977423655
1561001181.682372808 -223.240727 -47.240967 12.318924 -0.003278244 -0.105184276 -0.183699099 -0.977333189
1561001181.783750057 -222.523361 -46.972526 12.318018 -0.003254806 -0.107011913 -0.182455561 -0.977367804
1561001181.881991625 -221.843387 -46.710733 12.316920 -0.004066218 -0.106411489 -0.182628124 -0.977398092
1561001181.983636618 -221.117905 -46.443864 12.315669 -0.004863461 -0.105024625 -0.182458941 -0.977576038
1561001182.083599806 -220.408520 -46.186242 12.315671 -0.006130130 -0.104581783 -0.181881239 -0.977724034
1561001182.182166576 -219.692755 -45.925151 12.321811 -0.006729668 -0.105709184 -0.181718032 -0.977629192
1561001182.285272360 -218.960781 -45.645226 12.330447 -0.006665058 -0.107158306 -0.180445870 -0.977707503
1561001182.383624315 -218.245645 -45.392561 12.335736 -0.005550233 -0.107622204 -0.180161775 -0.977715905
1561001182.485094309 -217.511360 -45.125911 12.332978 -0.004859643 -0.107160249 -0.178850214 -0.978011077
1561001182.583701372 -216.794344 -44.872544 12.324607 -0.005495972 -0.106563711 -0.178246845 -0.978183026
1561001182.685329437 -216.048317 -44.600743 12.316990 -0.006934203 -0.105970579 -0.177953819 -0.978291670
1561001182.785302877 -215.317274 -44.342303 12.320378 -0.007698091 -0.105694700 -0.176895394 -0.978507736
1561001182.883726120 -214.586501 -44.066177 12.327561 -0.007444951 -0.105117016 -0.176363716 -0.978667883
1561001182.984324694 -213.836831 -43.796051 12.337389 -0.006810101 -0.104557506 -0.174681695 -0.979034042
1561001183.083850622 -213.086576 -43.544895 12.338719 -0.006292346 -0.103231245 -0.173902787 -0.979316873
1561001183.185326576 -212.327217 -43.253849 12.345340 -0.006066813 -0.103190634 -0.172936512 -0.979493670
1561001183.285293579 -211.567234 -42.985162 12.342473 -0.006067521 -0.103289364 -0.171124258 -0.979801501
1561001183.383745432 -210.807165 -42.723935 12.348818 -0.005953134 -0.105276296 -0.170887181 -0.979632091
1561001183.485290289 -210.013524 -42.456931 12.353099 -0.005361588 -0.107879288 -0.169220220 -0.979641684
1561001183.583975077 -209.240566 -42.198753 12.353606 -0.004752579 -0.108900901 -0.167825083 -0.979771784
1561001183.683992624 -208.460777 -41.938815 12.349423 -0.004203789 -0.107569360 -0.167091998 -0.980046644
1561001183.784892559 -207.674026 -41.665783 12.348010 -0.004254305 -0.104644589 -0.165291156 -0.980668264
1561001183.883330345 -206.900808 -41.404731 12.351416 -0.004394614 -0.101246966 -0.163905628 -0.981256686
1561001183.984966516 -206.105632 -41.151699 12.356419 -0.004612843 -0.099767798 -0.162775837 -0.981595199
1561001184.083990097 -205.315101 -40.898191 12.364207 -0.004646593 -0.100426598 -0.161559976 -0.981728721
1561001184.183526278 -204.501201 -40.634716 12.375635 -0.004193285 -0.103108971 -0.159557288 -0.981780234
1561001184.285360575 -203.688777 -40.365886 12.377298 -0.004265297 -0.105336085 -0.158429080 -0.981726206
1561001184.383547544 -202.884819 -40.105535 12.375185 -0.004651540 -0.106586175 -0.157244694 -0.981779943
1561001184.485141277 -202.084407 -39.854007 12.375535 -0.005422372 -0.106483878 -0.155492627 -0.982066100
1561001184.584088326 -201.288639 -39.603993 12.383613 -0.005609636 -0.104769713 -0.154038252 -0.982478527
1561001184.683948278 -200.486525 -39.352626 12.387026 -0.004943693 -0.101248920 -0.152620548 -0.983072319
1561001184.785135508 -199.657213 -39.106414 12.386335 -0.005988637 -0.098996144 -0.151488411 -0.983470976
1561001184.883682489 -198.842364 -38.869621 12.394809 -0.006925450 -0.098787288 -0.150204040 -0.983682803
1561001184.985288858 -197.986605 -38.616102 12.407098 -0.007501990 -0.099541024 -0.148393203 -0.983877412
1561001185.083723307 -197.181795 -38.372199 12.424603 -0.007671774 -0.100511852 -0.147313079 -0.983939718
1561001185.185198545 -196.354159 -38.136814 12.436315 -0.007404461 -0.099304911 -0.145695077 -0.984305163
1561001185.285026550 -195.509252 -37.884877 12.451353 -0.007146411 -0.097976662 -0.144026437 -0.984685680
1561001185.383406639 -194.665977 -37.635385 12.452753 -0.007105855 -0.097344598 -0.142614375 -0.984954149
1561001185.485006332 -193.803365 -37.402433 12.464038 -0.007605578 -0.100397862 -0.141768635 -0.984766002
1561001185.583856344 -192.951024 -37.180052 12.476748 -0.007922589 -0.105094378 -0.139755435 -0.984561234
1561001185.686359167 -192.072723 -36.936315 12.479022 -0.007588356 -0.108409192 -0.138066874 -0.984442686
1561001185.786403179 -191.197074 -36.700611 12.470453 -0.007866497 -0.108171993 -0.136595507 -0.984671826
1561001185.886416435 -190.343653 -36.471071 12.462053 -0.009398215 -0.105933624 -0.134782372 -0.985151487
1561001185.986504316 -189.487340 -36.243761 12.462537 -0.010419611 -0.103686123 -0.134625092 -0.985401798
1561001186.085484266 -188.624252 -36.010640 12.473944 -0.010782311 -0.102985082 -0.134537445 -0.985483379
1561001186.185472727 -187.746188 -35.778166 12.485844 -0.010073974 -0.103209849 -0.134667037 -0.985449659
1561001186.286568165 -186.854547 -35.541866 12.495236 -0.009305411 -0.105217564 -0.135407706 -0.985143353
1561001186.384876251 -185.979663 -35.292636 12.490161 -0.009390617 -0.106271772 -0.134947857 -0.985092484
1561001186.487549067 -185.093514 -35.054037 12.483547 -0.010109105 -0.106806045 -0.134962180 -0.985025626
1561001186.587973833 -184.211269 -34.817202 12.488260 -0.010764699 -0.105729320 -0.135480923 -0.985063628
1561001186.688967943 -183.338439 -34.593795 12.491246 -0.011325121 -0.104362564 -0.135772757 -0.985162908
1561001186.781089067 -182.502947 -34.368908 12.495177 -0.012345450 -0.104267860 -0.134869738 -0.985284709
1561001186.880055428 -181.611223 -34.126747 12.495225 -0.011960848 -0.105104158 -0.135686648 -0.985088416
1561001186.981319427 -180.689292 -33.877987 12.502921 -0.011595185 -0.106351107 -0.135959878 -0.984921269
1561001187.080615282 -179.780448 -33.626376 12.507724 -0.010685173 -0.106981531 -0.135979254 -0.984860610
1561001187.181005955 -178.863629 -33.365960 12.505582 -0.010189414 -0.106799996 -0.135899616 -0.984896558
1561001187.281446934 -177.964222 -33.124445 12.505631 -0.010213087 -0.106150735 -0.135928966 -0.984962451
1561001187.380506754 -177.058140 -32.865249 12.503952 -0.010406440 -0.104608186 -0.136001300 -0.985115465
1561001187.481577158 -176.123083 -32.635474 12.507118 -0.010122507 -0.103579945 -0.136975371 -0.985092116
1561001187.580713749 -175.234125 -32.396260 12.507714 -0.010339222 -0.103437482 -0.137018446 -0.985098844
1561001187.680896282 -174.320723 -32.151969 12.515264 -0.010624025 -0.103456046 -0.137055019 -0.985088777
1561001187.781370878 -173.398609 -31.880523 12.521909 -0.010385812 -0.103239023 -0.137053624 -0.985114279
1561001187.880182266 -172.479840 -31.634027 12.531103 -0.009602499 -0.103120096 -0.137089661 -0.985129668
1561001187.981287479 -171.534784 -31.368309 12.531112 -0.009296954 -0.103230102 -0.137346435 -0.985085311
1561001188.080264330 -170.622978 -31.108906 12.534211 -0.009224650 -0.104082819 -0.137458809 -0.984980583
1561001188.180219650 -169.702070 -30.845789 12.542599 -0.008717694 -0.103926402 -0.137424741 -0.985006470
1561001188.281507730 -168.766627 -30.600297 12.551267 -0.009091548 -0.103032256 -0.137806642 -0.985043668
1561001188.380746365 -167.855125 -30.354462 12.554799 -0.009009604 -0.102426476 -0.138250444 -0.985045410
1561001188.480306864 -166.936187 -30.109055 12.565233 -0.009300069 -0.103081396 -0.138444622 -0.984947116
1561001188.580298901 -165.997924 -29.853380 12.572620 -0.009251964 -0.103307523 -0.138772757 -0.984877697
1561001188.681288242 -165.057898 -29.601935 12.578434 -0.009942280 -0.103030798 -0.138783821 -0.984898399
1561001188.781306505 -164.131001 -29.350778 12.584760 -0.010978184 -0.103616844 -0.138734899 -0.984832807
1561001188.880065203 -163.219577 -29.090749 12.598572 -0.011264587 -0.104420612 -0.138652748 -0.984756244
1561001188.981198788 -162.287095 -28.819624 12.608596 -0.011244633 -0.104913221 -0.138675148 -0.984700958
1561001189.080133438 -161.384991 -28.577225 12.616314 -0.011694502 -0.104713652 -0.138034563 -0.984806960
1561001189.181329250 -160.473760 -28.331049 12.619006 -0.011535218 -0.103897647 -0.139087234 -0.984747155
1561001189.281471729 -159.554272 -28.084876 12.629674 -0.011858892 -0.103820333 -0.138737115 -0.984800852
1561001189.381006718 -158.654476 -27.851490 12.643798 -0.011735579 -0.103671612 -0.138498588 -0.984851570
1561001189.481297731 -157.744226 -27.597869 12.648416 -0.011891068 -0.103424291 -0.138566236 -0.984866192
1561001189.580420732 -156.852477 -27.341637 12.661158 -0.011462497 -0.104259426 -0.137605826 -0.984917875
1561001189.680247068 -155.965895 -27.086211 12.667077 -0.011196289 -0.104554801 -0.137332059 -0.984927836
1561001189.781193256 -155.053603 -26.849014 12.673337 -0.011139100 -0.105241812 -0.137797183 -0.984790342
1561001189.879976511 -154.174461 -26.606615 12.674867 -0.011668849 -0.105544750 -0.137319802 -0.984818469
1561001189.981053591 -153.282163 -26.357548 12.683075 -0.011069511 -0.105283406 -0.137205649 -0.984869271
1561001190.080089331 -152.408100 -26.123694 12.693643 -0.011283631 -0.105042937 -0.137109977 -0.984905841
1561001190.181203365 -151.520132 -25.890974 12.699049 -0.011319494 -0.104428987 -0.136700413 -0.985027641
1561001190.281191111 -150.635157 -25.650540 12.702743 -0.011698738 -0.104151946 -0.137334296 -0.984964366
1561001190.381334305 -149.748364 -25.408086 12.710819 -0.012026608 -0.104003346 -0.137028353 -0.985018728
1561001190.481354237 -148.888002 -25.165019 12.719315 -0.012017928 -0.103171551 -0.136480801 -0.985182314
1561001190.580257654 -148.029884 -24.946294 12.726943 -0.012555675 -0.102489521 -0.136428297 -0.985254065
1561001190.680431843 -147.150314 -24.700309 12.737964 -0.013205778 -0.102419334 -0.136582394 -0.985231515
1561001190.781099319 -146.274628 -24.460349 12.753881 -0.012849943 -0.102629469 -0.135882039 -0.985311191
1561001190.880784273 -145.408397 -24.231474 12.766534 -0.011646599 -0.103248334 -0.136019669 -0.985242502
1561001190.980972290 -144.548362 -23.997692 12.773407 -0.010750586 -0.103538801 -0.135891926 -0.985239832
1561001191.079972506 -143.693210 -23.750212 12.779374 -0.010368290 -0.103965767 -0.136000935 -0.985183924
1561001191.180071354 -142.847602 -23.528218 12.790374 -0.010406466 -0.104095912 -0.136065254 -0.985160897
1561001191.281180143 -141.980707 -23.291435 12.800888 -0.010062124 -0.103506105 -0.136387235 -0.985182096
1561001191.380069017 -141.146142 -23.058899 12.806793 -0.009672926 -0.102541607 -0.136618690 -0.985254783
1561001191.481314421 -140.294105 -22.831621 12.815774 -0.009323081 -0.101701237 -0.136804632 -0.985319456
1561001191.580160618 -139.461907 -22.589569 12.829057 -0.008758538 -0.101327008 -0.137081046 -0.985324775
1561001191.681141615 -138.629677 -22.360404 12.840826 -0.007804302 -0.100714700 -0.136809906 -0.985433251
1561001191.781115532 -137.807643 -22.125183 12.850857 -0.007192943 -0.100892205 -0.137131096 -0.985375100
1561001191.879997015 -136.998221 -21.885033 12.870478 -0.005110800 -0.100361124 -0.137004868 -0.985459888
1561001191.981205463 -136.157076 -21.655264 12.883664 -0.005412546 -0.095494307 -0.136786578 -0.985972096
1561001192.080172300 -135.332687 -21.429048 12.885873 -0.008676646 -0.089569702 -0.137708609 -0.986376360
1561001192.181540728 -134.499892 -21.217748 12.907927 -0.012224085 -0.087838809 -0.138231051 -0.986421356
1561001192.281369686 -133.660888 -20.998580 12.945638 -0.012015335 -0.093907771 -0.138452176 -0.985833636
1561001192.381585836 -132.803312 -20.758527 12.968324 -0.010116072 -0.106765121 -0.138109335 -0.984593665
1561001192.481575489 -131.957156 -20.528092 12.967486 -0.008126026 -0.118966494 -0.138029280 -0.983223708
1561001192.580341578 -131.136470 -20.302449 12.956604 -0.007596188 -0.121120223 -0.137402296 -0.983052795
1561001192.681254625 -130.335383 -20.067456 12.940820 -0.007834373 -0.110641570 -0.137923154 -0.984212512
1561001192.781065702 -129.549556 -19.841083 12.934292 -0.009452429 -0.095247541 -0.138096662 -0.985782871
1561001192.881323576 -128.727394 -19.624168 12.942670 -0.011488805 -0.088350386 -0.138490451 -0.986348119
1561001192.981015205 -127.884189 -19.412791 12.977400 -0.012170697 -0.092929162 -0.138626281 -0.985899995
1561001193.080995321 -127.057252 -19.181942 13.004789 -0.011436229 -0.101044517 -0.138470567 -0.985132032
1561001193.180986881 -126.244647 -18.953680 13.016920 -0.010597219 -0.107271900 -0.137622946 -0.984601627
1561001193.281280518 -125.416092 -18.721292 13.027954 -0.009278205 -0.108523128 -0.136433477 -0.984643363
1561001193.381281853 -124.587301 -18.491397 13.017986 -0.008376310 -0.104645576 -0.135787546 -0.985160334
1561001193.481908560 -123.746952 -18.265977 13.006403 -0.010443749 -0.100531151 -0.135668951 -0.985585284
1561001193.581173182 -122.933218 -18.051576 13.010133 -0.012886350 -0.099702346 -0.135160031 -0.985710480
1561001193.681292534 -122.106406 -17.834710 13.034161 -0.013913880 -0.101925549 -0.134572016 -0.985549572
1561001193.781444788 -121.289603 -17.609648 13.050760 -0.013367054 -0.102801332 -0.133716335 -0.985582645
1561001193.881228924 -120.459943 -17.379573 13.058778 -0.013765781 -0.101327422 -0.133430976 -0.985768447
1561001193.981140375 -119.628026 -17.170406 13.068900 -0.014843894 -0.098894598 -0.133001533 -0.986057863
1561001194.080097675 -118.796970 -16.952793 13.082533 -0.015212325 -0.098012473 -0.132449384 -0.986214632
1561001194.180901289 -117.953076 -16.749712 13.099489 -0.015571667 -0.099406117 -0.131782129 -0.986158921
1561001194.280828476 -117.103631 -16.530576 13.115400 -0.015271260 -0.101882289 -0.132059639 -0.985873744
1561001194.379916191 -116.286790 -16.322683 13.132674 -0.014910151 -0.102997153 -0.130602935 -0.985957477
1561001194.480816841 -115.455867 -16.108030 13.145765 -0.013237156 -0.102506366 -0.130181470 -0.986088235
1561001194.579881191 -114.617615 -15.886584 13.144947 -0.013149356 -0.101512813 -0.129767253 -0.986246776
1561001194.681049347 -113.778506 -15.663179 13.154739 -0.013637892 -0.101631686 -0.129876492 -0.986213519
1561001194.781070232 -112.941563 -15.446981 13.168226 -0.014004034 -0.102146687 -0.129975421 -0.986142146
1561001194.880529642 -112.126653 -15.229633 13.181039 -0.013699200 -0.102258552 -0.129814366 -0.986156048
1561001194.981196404 -111.284219 -15.020872 13.191967 -0.013343784 -0.101748333 -0.130197167 -0.986163231
1561001195.080704451 -110.465573 -14.812617 13.202807 -0.013612670 -0.101110448 -0.130223198 -0.986221725
1561001195.182229280 -109.635548 -14.595020 13.212520 -0.013278784 -0.100062818 -0.130311567 -0.986321450
1561001195.280294895 -108.818055 -14.384324 13.225092 -0.013574592 -0.100186703 -0.130335796 -0.986301645
1561001195.381826878 -107.982193 -14.189411 13.240162 -0.013700676 -0.100556192 -0.130399191 -0.986253920
1561001195.482023239 -107.159645 -13.971120 13.252144 -0.013827399 -0.101560423 -0.130526237 -0.986132438
1561001195.581993580 -106.358822 -13.765408 13.268349 -0.013724737 -0.102223771 -0.130889471 -0.986017180
1561001195.682211399 -105.564292 -13.560298 13.277667 -0.013177502 -0.100883825 -0.131135315 -0.986129980
1561001195.781264067 -104.759368 -13.349978 13.290910 -0.013305783 -0.099439873 -0.130775200 -0.986322723
1561001195.881776094 -103.947153 -13.135304 13.299764 -0.013228764 -0.098302104 -0.131159805 -0.986386740
1561001195.981807709 -103.114843 -12.913892 13.312754 -0.013749663 -0.099113401 -0.130977959 -0.986322592
1561001196.079807997 -102.302573 -12.701046 13.327664 -0.014132865 -0.100872100 -0.131028420 -0.986132159
1561001196.182383776 -101.464562 -12.486292 13.344021 -0.013880095 -0.101929660 -0.131235286 -0.985999486
1561001196.282338858 -100.639839 -12.274818 13.357725 -0.013492086 -0.101575807 -0.131483362 -0.986008339
1561001196.381685495 -99.845468 -12.064968 13.366167 -0.013650578 -0.095983076 -0.131129473 -0.986613385
1561001196.482438803 -99.050085 -11.859999 13.378922 -0.016376830 -0.087440230 -0.131371983 -0.987333484
1561001196.579985380 -98.249855 -11.656151 13.405148 -0.019044859 -0.083498440 -0.131253241 -0.987642593
1561001196.682275534 -97.395269 -11.431881 13.456655 -0.018383211 -0.089153949 -0.131410804 -0.987139722
1561001196.780991793 -96.562235 -11.222935 13.491281 -0.014270282 -0.104147366 -0.131434012 -0.985735657
1561001196.881495476 -95.719305 -11.005534 13.492198 -0.010120888 -0.118781669 -0.130490489 -0.984256427
1561001196.981733561 -94.910057 -10.798024 13.473857 -0.009146225 -0.123174181 -0.130295569 -0.983751764
1561001197.079995155 -94.128705 -10.599602 13.453831 -0.011016573 -0.112574482 -0.129930972 -0.985050031
1561001197.181876659 -93.302725 -10.389644 13.450441 -0.014176869 -0.096249041 -0.130985443 -0.986599185
1561001197.280872583 -92.488209 -10.176404 13.462370 -0.015549943 -0.088046741 -0.131395468 -0.987289827
1561001197.380743027 -91.650316 -9.956245 13.486993 -0.015461703 -0.092662947 -0.131219437 -0.986892078
1561001197.481807232 -90.785819 -9.735394 13.519274 -0.013956479 -0.102274248 -0.131419499 -0.985938188
1561001197.579964876 -89.967733 -9.515902 13.530265 -0.013116101 -0.107137102 -0.130854700 -0.985508324
1561001197.681780338 -89.126725 -9.296696 13.533876 -0.013508283 -0.106616335 -0.130346629 -0.985626826
1561001197.780249357 -88.296762 -9.092857 13.538378 -0.014977430 -0.102701191 -0.130982002 -0.985937045
1561001197.881732702 -87.460905 -8.882844 13.547780 -0.015040769 -0.098101903 -0.131121720 -0.986385770
1561001197.982005119 -86.624107 -8.663366 13.566021 -0.014486329 -0.095279491 -0.131321727 -0.986644094
1561001198.080210686 -85.804325 -8.441615 13.588579 -0.013429046 -0.094991252 -0.131576012 -0.986652966
1561001198.181984901 -84.966656 -8.216475 13.612504 -0.012062029 -0.096283601 -0.131139924 -0.986603414
1561001198.280726910 -84.130019 -7.993527 13.627158 -0.010889111 -0.098388194 -0.131156235 -0.986407235
1561001198.382074594 -83.277373 -7.775034 13.645468 -0.010297370 -0.101175220 -0.131301317 -0.986112318
1561001198.481701374 -82.440077 -7.554950 13.657473 -0.009595838 -0.102251258 -0.131502718 -0.985981559
1561001198.579937696 -81.609214 -7.339381 13.670473 -0.009322323 -0.101532415 -0.131239955 -0.986093473
1561001198.681671381 -80.752360 -7.117044 13.675738 -0.009415835 -0.099763175 -0.131220972 -0.986275675
1561001198.780194283 -79.919659 -6.900058 13.686856 -0.010248906 -0.098955544 -0.131463010 -0.986316499
1561001198.882002831 -79.068312 -6.664086 13.700923 -0.010309694 -0.099666349 -0.131711670 -0.986211116
1561001198.981867552 -78.223799 -6.444825 13.716647 -0.010452915 -0.101154254 -0.131512173 -0.986084734
1561001199.079907417 -77.399320 -6.227933 13.732022 -0.010490069 -0.101645681 -0.131748796 -0.986002215
1561001199.181783438 -76.550375 -6.006583 13.739166 -0.011038922 -0.101581744 -0.131939405 -0.985977325
1561001199.280533552 -75.734883 -5.796092 13.747845 -0.011854539 -0.100923724 -0.132290120 -0.985988436
1561001199.380574703 -74.907816 -5.576522 13.766441 -0.012365171 -0.099808557 -0.132468169 -0.986071772
1561001199.483090162 -74.080335 -5.364381 13.784099 -0.012371776 -0.098088369 -0.132139910 -0.986288323
1561001199.581761599 -73.272534 -5.152406 13.804011 -0.012145980 -0.097241949 -0.132487467 -0.986328317
1561001199.683545351 -72.436368 -4.934505 13.826077 -0.012330171 -0.097334784 -0.132799755 -0.986274876
1561001199.782258272 -71.635356 -4.726102 13.849592 -0.011462027 -0.098086231 -0.132391044 -0.986265849
1561001199.882443666 -70.822791 -4.502060 13.868653 -0.011166945 -0.099065707 -0.132376164 -0.986173330
1561001199.984800816 -69.998192 -4.283743 13.882041 -0.011004297 -0.099337998 -0.132802518 -0.986090442
1561001200.082872629 -69.192608 -4.069442 13.893982 -0.011352349 -0.099280702 -0.132755461 -0.986098603
1561001200.183601141 -68.373352 -3.849748 13.910311 -0.011522466 -0.099195824 -0.133103535 -0.986058249
1561001200.281774521 -67.576940 -3.645027 13.924073 -0.011224555 -0.098966804 -0.132594009 -0.986153340
1561001200.383598089 -66.772753 -3.438298 13.937110 -0.012014465 -0.099691834 -0.132453204 -0.986089925
1561001200.483321667 -65.993325 -3.236495 13.955627 -0.012128080 -0.100978861 -0.132247029 -0.985985245
1561001200.581450462 -65.216082 -3.034859 13.969901 -0.012149118 -0.102105529 -0.131851702 -0.985921898
1561001200.683260679 -64.420987 -2.824753 13.989010 -0.012554377 -0.102458818 -0.131787653 -0.985888732
1561001200.781702280 -63.681664 -2.633343 14.004526 -0.012411331 -0.101337805 -0.131195655 -0.986085345
1561001200.884630203 -62.925032 -2.435884 14.016542 -0.012764801 -0.099707861 -0.130997233 -0.986273353
1561001200.984907150 -62.180962 -2.247569 14.029317 -0.013172491 -0.099445187 -0.131231787 -0.986263331
1561001201.083607197 -61.458176 -2.056600 14.042321 -0.013717864 -0.099468527 -0.130888846 -0.986299114
1561001201.185081005 -60.706410 -1.864740 14.059465 -0.013792671 -0.099457952 -0.130401585 -0.986363678
1561001201.283516884 -59.983536 -1.679439 14.078669 -0.013477232 -0.099611899 -0.130039384 -0.986400321
1561001201.385267735 -59.245626 -1.492715 14.089430 -0.013514522 -0.098810676 -0.130171457 -0.986462974
1561001201.485126019 -58.532247 -1.293810 14.109797 -0.013783686 -0.097357814 -0.129257018 -0.986723917
1561001201.583573103 -57.844445 -1.119578 14.129384 -0.015596143 -0.088315977 -0.129550974 -0.987508782
1561001201.684889555 -57.147030 -0.940329 14.155761 -0.018958679 -0.077905848 -0.129261532 -0.988363650
1561001201.783192396 -56.446425 -0.772238 14.182025 -0.022963212 -0.072440921 -0.129494428 -0.988663844
1561001201.886081934 -55.706164 -0.601879 14.228749 -0.024059032 -0.077003826 -0.129352255 -0.988311473
1561001201.987475634 -55.008551 -0.419839 14.286645 -0.020977734 -0.091947226 -0.128810970 -0.987174441
1561001202.087443590 -54.302481 -0.241231 14.321293 -0.016651924 -0.108239839 -0.128128243 -0.985692652
1561001202.187290668 -53.588943 -0.062725 14.315414 -0.014203199 -0.120172549 -0.128072557 -0.984354737
1561001202.287449837 -52.861698 0.110122 14.296475 -0.014566574 -0.122020114 -0.128416140 -0.984077335
1561001202.387688160 -52.160702 0.282309 14.280274 -0.016046929 -0.115667074 -0.129417093 -0.984690225
1561001202.487643957 -51.463027 0.481968 14.287959 -0.017247205 -0.103960716 -0.130302532 -0.985857978
1561001202.587789059 -50.726386 0.687055 14.301032 -0.016791922 -0.092231258 -0.131425156 -0.986883405
1561001202.687836409 -49.997121 0.887855 14.315501 -0.016109584 -0.086260638 -0.132684730 -0.987266097
1561001202.786162138 -49.275217 1.073885 14.330003 -0.015745372 -0.087465010 -0.134041973 -0.986982626
1561001202.886424541 -48.522044 1.261566 14.350329 -0.015759826 -0.092164629 -0.135002366 -0.986423677
1561001202.987961769 -47.787231 1.464588 14.381668 -0.015500430 -0.096464557 -0.135953041 -0.985885945
1561001203.086307526 -47.071552 1.669346 14.405941 -0.014599217 -0.098227595 -0.136528222 -0.985646106
1561001203.187753677 -46.349905 1.871639 14.418660 -0.014728202 -0.097208656 -0.136994684 -0.985680483
1561001203.286465883 -45.627302 2.061623 14.435215 -0.015189329 -0.095234740 -0.137956066 -0.985732090
1561001203.386618137 -44.907162 2.255128 14.449447 -0.015750831 -0.093575681 -0.138952435 -0.985742220
1561001203.487697124 -44.158661 2.452595 14.471156 -0.015637661 -0.093308262 -0.139871836 -0.985639336
1561001203.587701559 -43.415026 2.653277 14.498833 -0.015474232 -0.093891572 -0.140998400 -0.985425985
1561001203.687275410 -42.685924 2.859911 14.526907 -0.014439792 -0.093313904 -0.141744780 -0.985389479
1561001203.787400723 -41.927051 3.084542 14.553180 -0.013790733 -0.092094210 -0.142790810 -0.985362500
1561001203.888670206 -41.185881 3.301654 14.573685 -0.013413589 -0.091267612 -0.143714606 -0.985310312
1561001203.986125708 -40.471900 3.526772 14.593582 -0.013240630 -0.091732876 -0.144648096 -0.985132830
1561001204.087466478 -39.714001 3.740367 14.618868 -0.012476736 -0.093002080 -0.145298714 -0.984928032
1561001204.187530756 -38.969484 3.972864 14.644813 -0.011560570 -0.094120911 -0.145932509 -0.984739209
1561001204.287372351 -38.208687 4.191039 14.666392 -0.011042719 -0.094345228 -0.146683682 -0.984612073
1561001204.387797832 -37.454116 4.412898 14.686240 -0.010948916 -0.094564689 -0.147460759 -0.984475985
1561001204.487542391 -36.695622 4.642043 14.703879 -0.011008922 -0.094717091 -0.148449953 -0.984311987
1561001204.586690903 -35.946854 4.869638 14.726684 -0.010925678 -0.095071232 -0.149371685 -0.984139314
1561001204.687549591 -35.182687 5.092651 14.746674 -0.010925775 -0.094584676 -0.149812172 -0.984119241
1561001204.786178112 -34.436376 5.323570 14.768605 -0.010797595 -0.093964985 -0.150474858 -0.984078915
1561001204.887538910 -33.680868 5.552347 14.789409 -0.010707836 -0.093371243 -0.151219556 -0.984022255
1561001204.987415791 -32.919938 5.786175 14.812321 -0.010580531 -0.093631413 -0.151939976 -0.983887928
1561001205.087829113 -32.151334 6.026411 14.838983 -0.010221757 -0.093352717 -0.152124560 -0.983889681
1561001205.187698126 -31.393056 6.264631 14.860329 -0.009625367 -0.093344115 -0.153060443 -0.983751355
1561001205.286277056 -30.649595 6.491656 14.879431 -0.009556271 -0.093022548 -0.153437535 -0.983723745
1561001205.387474537 -29.886653 6.734920 14.901681 -0.009287059 -0.093294832 -0.154261807 -0.983571614
1561001205.486027718 -29.120690 6.979956 14.925507 -0.009424828 -0.093848018 -0.155036988 -0.983395777
1561001205.587404013 -28.336966 7.220827 14.949405 -0.009349323 -0.094051481 -0.155761205 -0.983262608
1561001205.687479734 -27.575788 7.456467 14.971523 -0.009390537 -0.095389305 -0.156630445 -0.982995220
1561001205.787549734 -26.808246 7.702500 14.996687 -0.008681523 -0.096608212 -0.156692255 -0.982872841
1561001205.887513399 -26.056509 7.935568 15.019454 -0.007910107 -0.095143646 -0.157660378 -0.982867398
1561001205.987216711 -25.313725 8.174313 15.040811 -0.007974164 -0.092824433 -0.157961219 -0.983040330
1561001206.087835550 -24.555821 8.412869 15.063030 -0.008408750 -0.090432484 -0.158722816 -0.983136983
1561001206.187162161 -23.820039 8.657829 15.090552 -0.008901389 -0.090570636 -0.159263010 -0.983032562
1561001206.285967827 -23.094339 8.891943 15.121059 -0.008316591 -0.092894864 -0.159985752 -0.982703382
1561001206.387373686 -22.353584 9.140960 15.145647 -0.007268683 -0.094545173 -0.160131282 -0.982530584
1561001206.487328291 -21.607836 9.386446 15.173054 -0.006842561 -0.095004266 -0.160311151 -0.982460026
1561001206.587295771 -20.874777 9.630420 15.192232 -0.006756624 -0.093296485 -0.160397940 -0.982610103
1561001206.687410355 -20.125440 9.872931 15.215905 -0.007448502 -0.091489588 -0.159929724 -0.982851290
1561001206.786282778 -19.404789 10.109422 15.237535 -0.007736653 -0.090456965 -0.160647577 -0.982827573
1561001206.887626886 -18.672935 10.341660 15.268410 -0.007652900 -0.091031329 -0.160245433 -0.982840848
1561001206.987130880 -17.954666 10.573886 15.297865 -0.007316952 -0.091842941 -0.160342138 -0.982752123
1561001207.086267233 -17.247947 10.802299 15.323218 -0.006643971 -0.092306693 -0.160438258 -0.982697765
1561001207.187569857 -16.523993 11.039775 15.345949 -0.007039259 -0.092278875 -0.160140232 -0.982746236
1561001207.287689686 -15.808530 11.273418 15.369316 -0.007175699 -0.092407621 -0.160614439 -0.982655760
1561001207.387223959 -15.103947 11.502221 15.390292 -0.007227917 -0.092297997 -0.160692938 -0.982652846
1561001207.486059189 -14.414459 11.725249 15.411605 -0.008225432 -0.092675924 -0.160568485 -0.982629776
1561001207.587322950 -13.681268 11.959377 15.434791 -0.008897861 -0.093248713 -0.160261218 -0.982619890
1561001207.687611580 -12.971646 12.194873 15.459889 -0.009475410 -0.094112039 -0.160757285 -0.982451137
1561001207.786356211 -12.280211 12.412478 15.486665 -0.008995399 -0.093535641 -0.160596115 -0.982537050
1561001207.887149811 -11.565562 12.647216 15.514502 -0.008319720 -0.091374532 -0.161395922 -0.982615303
1561001207.987451077 -10.852669 12.885485 15.537523 -0.008127786 -0.088081459 -0.161519034 -0.982897348
1561001208.087362766 -10.140037 13.114633 15.557381 -0.008956535 -0.086245345 -0.162146880 -0.982949597
1561001208.187187910 -9.435503 13.350216 15.588846 -0.009266403 -0.085082369 -0.162916599 -0.982920804
1561001208.287428617 -8.723706 13.591881 15.625671 -0.010316347 -0.080784081 -0.163829741 -0.983121214
1561001208.387059212 -8.035560 13.810206 15.666493 -0.012253049 -0.075244831 -0.164379456 -0.983446731
1561001208.487249613 -7.331277 14.038617 15.713385 -0.014220240 -0.072153971 -0.165484180 -0.983466611
1561001208.587366343 -6.603471 14.281120 15.771112 -0.013625957 -0.076347397 -0.165302364 -0.983188963
1561001208.686988592 -5.888369 14.532702 15.822609 -0.010505330 -0.089151068 -0.165633537 -0.982093303
1561001208.787284374 -5.177247 14.777712 15.846640 -0.007883726 -0.105055892 -0.165967087 -0.980487650
1561001208.887379885 -4.477479 15.023123 15.855378 -0.005837017 -0.117143971 -0.166611995 -0.979021789
1561001208.987308741 -3.767432 15.276076 15.846476 -0.003741918 -0.117922624 -0.167935787 -0.978712330
1561001209.087456465 -3.053670 15.512597 15.834294 -0.003608142 -0.105463568 -0.168695527 -0.980003182
1561001209.187585592 -2.354986 15.758759 15.829601 -0.005996625 -0.088982779 -0.169714784 -0.981449437
1561001209.286191940 -1.650995 16.009050 15.848667 -0.007935475 -0.079185514 -0.171764184 -0.981918402
1561001209.387539387 -0.919726 16.271110 15.896391 -0.007556058 -0.079932937 -0.173096634 -0.981626806
1561001209.487177849 -0.189006 16.541984 15.942608 -0.005115701 -0.085915711 -0.173589496 -0.981049951
1561001209.585821390 0.525981 16.800485 15.983574 -0.002408112 -0.089428566 -0.173879071 -0.980695060
1561001209.687168598 1.245215 17.071315 16.004160 -0.001395443 -0.087012669 -0.175187019 -0.980681578
1561001209.785800695 1.961060 17.334497 16.029403 -0.002001193 -0.083900712 -0.176811973 -0.980660080
1561001209.885838032 2.671406 17.602123 16.062513 -0.002527210 -0.082989946 -0.178735505 -0.980387628
1561001209.985782623 3.384924 17.867180 16.096683 -0.002285495 -0.085037641 -0.178976219 -0.980168806
1561001210.087155819 4.113492 18.148893 16.129075 -0.001497781 -0.088677802 -0.179970054 -0.979665649
1561001210.187222719 4.839659 18.424357 16.161680 -0.000660688 -0.091772306 -0.181212327 -0.979152440
1561001210.285557270 5.545301 18.686782 16.182246 -0.000268576 -0.092460550 -0.181984492 -0.978944646
1561001210.386958122 6.287010 18.962792 16.204369 -0.000365731 -0.092126582 -0.182881701 -0.978808890
1561001210.486564875 6.998837 19.241710 16.226273 -0.000907283 -0.091160043 -0.184681597 -0.978561051
1561001210.587090254 7.743740 19.528517 16.246435 -0.001494907 -0.090379943 -0.185727927 -0.978434652
1561001210.687223911 8.474913 19.808790 16.270680 -0.002655310 -0.090273115 -0.186813801 -0.978235308
1561001210.786231279 9.225416 20.095826 16.295870 -0.003522284 -0.091282703 -0.187653258 -0.977978178
1561001210.887682915 9.975976 20.370348 16.323581 -0.004353600 -0.092256145 -0.188713669 -0.977679396
1561001210.986404419 10.695793 20.661128 16.351981 -0.004157066 -0.092156273 -0.188714441 -0.977689521
1561001211.087847471 11.442784 20.946051 16.376624 -0.004180072 -0.090213645 -0.189754708 -0.977669257
1561001211.187441587 12.173971 21.224245 16.403968 -0.004592735 -0.087527023 -0.190425903 -0.977781112
1561001211.286849260 12.921853 21.521426 16.441283 -0.004150965 -0.085647493 -0.190756737 -0.977885036
1561001211.387037992 13.655677 21.818592 16.479085 -0.003219541 -0.084529691 -0.191224693 -0.977894413
1561001211.486629009 14.399752 22.116950 16.514071 -0.002071564 -0.084719139 -0.191055068 -0.977914279
1561001211.587038040 15.142166 22.420286 16.551085 -0.000608324 -0.085717911 -0.191323420 -0.977776773
1561001211.687184572 15.881136 22.720888 16.580538 0.000210165 -0.086446003 -0.190828833 -0.977809491
1561001211.787177563 16.624183 23.028440 16.610410 0.000729989 -0.087732234 -0.190338241 -0.977790303
1561001211.887688398 17.379050 23.330577 16.643061 0.001301769 -0.088352357 -0.191071796 -0.977590781
1561001211.987141848 18.130928 23.634640 16.676245 0.001590547 -0.088365538 -0.190459503 -0.977708637
1561001212.087755680 18.895813 23.949074 16.702945 0.001738994 -0.087626318 -0.190434773 -0.977779731
1561001212.187625647 19.654918 24.248833 16.731982 0.001478855 -0.086612255 -0.189516530 -0.978048882
1561001212.286515474 20.406261 24.548082 16.763461 0.001368857 -0.085923465 -0.190073020 -0.978001805
1561001212.387733936 21.177614 24.858247 16.796321 0.001496766 -0.085698990 -0.190966871 -0.977847175
1561001212.485953569 21.918237 25.160923 16.828760 0.001809481 -0.085706212 -0.190686562 -0.977900714
1561001212.587473869 22.680563 25.462134 16.863657 0.001747033 -0.085764582 -0.188995270 -0.978223989
1561001212.687319994 23.438511 25.765913 16.897410 0.002128726 -0.086234123 -0.189538089 -0.978076918
1561001212.785969734 24.188468 26.065106 16.927853 0.002130844 -0.086428590 -0.189280205 -0.978109688
1561001212.887326241 24.945364 26.364410 16.959567 0.001740356 -0.086865068 -0.188595733 -0.978204008
1561001212.986535072 25.709387 26.653993 16.992223 0.001556742 -0.087989912 -0.189213297 -0.977984499
1561001213.087265968 26.487540 26.939491 17.022006 0.001464325 -0.088835469 -0.188588662 -0.978028850
1561001213.187240362 27.251718 27.254150 17.054269 0.001431282 -0.088626181 -0.188623693 -0.978041131
1561001213.285911322 28.009127 27.554130 17.084176 0.001390340 -0.087199824 -0.188622723 -0.978169579
1561001213.387399197 28.778499 27.860991 17.114040 0.000864145 -0.085102251 -0.188388723 -0.978399994
1561001213.486251831 29.537276 28.155387 17.146342 0.000544019 -0.084287241 -0.188278687 -0.978491953
1561001213.587128878 30.307978 28.449769 17.184003 0.000819240 -0.084976672 -0.187974196 -0.978490672
1561001213.687181711 31.066043 28.746504 17.222065 0.001233943 -0.086053060 -0.187689231 -0.978450868
1561001213.785878420 31.817054 29.041152 17.251904 0.001412027 -0.086388938 -0.187301663 -0.978495296
1561001213.887528896 32.609716 29.340977 17.285949 0.001154230 -0.086929044 -0.187387601 -0.978431345
1561001213.986061096 33.354219 29.628582 17.315443 0.000848928 -0.086938316 -0.187129311 -0.978480265
1561001214.087192535 34.123054 29.916002 17.348960 0.000829426 -0.086992175 -0.187342361 -0.978434726
1561001214.187126398 34.903737 30.222139 17.383212 0.000455448 -0.086828234 -0.187664156 -0.978387865
1561001214.286764860 35.684824 30.532577 17.420347 0.000108511 -0.085672074 -0.187584185 -0.978505216
1561001214.387174368 36.443761 30.826284 17.457247 0.000398250 -0.084483637 -0.187229198 -0.978676445
1561001214.486006021 37.226854 31.119115 17.489858 0.000566074 -0.083680033 -0.186967441 -0.978795437
1561001214.586794615 38.008289 31.430153 17.525085 0.001043974 -0.084107950 -0.187230629 -0.978708054
1561001214.687356949 38.794166 31.735688 17.562865 0.001329002 -0.085831577 -0.186660891 -0.978666892
1561001214.787341595 39.565925 32.035624 17.598184 0.001595330 -0.087484659 -0.186948002 -0.978465295
1561001214.887284756 40.344711 32.346492 17.634847 0.001663280 -0.088738751 -0.186531626 -0.978431715
1561001214.986337662 41.088278 32.643041 17.663808 0.001116886 -0.089013035 -0.186238896 -0.978463339
1561001215.087161303 41.848379 32.935630 17.696436 0.000424553 -0.088091466 -0.186605190 -0.978477499
1561001215.187303782 42.598881 33.230763 17.728764 -0.000349934 -0.086339763 -0.186715033 -0.978612702
1561001215.287222385 43.343986 33.511132 17.761920 -0.000584031 -0.084791650 -0.186346941 -0.978818090
1561001215.387200117 44.093854 33.797382 17.802532 -0.000564437 -0.084409732 -0.186531500 -0.978815957
1561001215.486172915 44.822903 34.073743 17.842177 -0.000511264 -0.081537751 -0.186181349 -0.979126059
1561001215.586491346 45.540967 34.346354 17.884863 -0.002336535 -0.072858973 -0.186043834 -0.979833559
1561001215.687019110 46.266763 34.628947 17.930885 -0.005519379 -0.064150575 -0.186820953 -0.980281680
1561001215.785833597 47.003357 34.906618 17.997132 -0.006848091 -0.062195288 -0.187260228 -0.980315488
1561001215.887155533 47.738563 35.183454 18.067988 -0.004618806 -0.071803163 -0.186820751 -0.979755571
1561001215.986102104 48.470072 35.456559 18.108375 -0.001758106 -0.090021479 -0.186116828 -0.978393361
1561001216.087085247 49.191801 35.734319 18.145164 0.001789236 -0.108463404 -0.185177487 -0.976699435
1561001216.187379837 49.909719 36.019080 18.157982 0.004029191 -0.118219533 -0.184125251 -0.975759089
1561001216.286118984 50.591396 36.298155 18.149991 0.003379601 -0.113749856 -0.184248604 -0.976269430
1561001216.387266159 51.321678 36.576137 18.147806 0.000083561 -0.097857057 -0.184766909 -0.977898348
1561001216.487574577 52.054311 36.842495 18.161406 -0.003563321 -0.082923785 -0.185166116 -0.979195822
1561001216.585958242 52.796773 37.119384 18.192122 -0.004273915 -0.076112738 -0.185482487 -0.979686088
1561001216.687267780 53.541449 37.403729 18.237714 -0.003309397 -0.080109529 -0.186082826 -0.979257215
1561001216.785445213 54.252583 37.684881 18.278738 -0.002322975 -0.086951311 -0.186146031 -0.978664257
1561001216.886713028 54.969362 37.960944 18.312945 -0.001964363 -0.091300677 -0.185900287 -0.978315599
1561001216.985660315 55.683965 38.230156 18.336769 -0.002652821 -0.091954688 -0.186612393 -0.978117126
1561001217.087144852 56.401270 38.508900 18.362178 -0.003801174 -0.089722024 -0.187366176 -0.978176582
1561001217.187413931 57.118163 38.781799 18.394983 -0.004537245 -0.085981458 -0.188192736 -0.978350702
1561001217.286079884 57.829357 39.055011 18.434143 -0.004481286 -0.083520606 -0.189454269 -0.978320656
1561001217.387382984 58.551264 39.344226 18.472393 -0.003861719 -0.082471385 -0.190621137 -0.978185637
1561001217.486249924 59.265676 39.613709 18.510829 -0.003432540 -0.083689640 -0.191058154 -0.977998489
1561001217.587354660 59.980191 39.906850 18.548116 -0.002577699 -0.085788504 -0.191804235 -0.977673168
1561001217.687560320 60.697744 40.207394 18.582663 -0.001817931 -0.087623453 -0.192629432 -0.977349849
1561001217.787649632 61.403119 40.489665 18.613154 -0.001999266 -0.088212808 -0.192842107 -0.977254535
1561001217.887589455 62.114423 40.774808 18.643620 -0.002561291 -0.087656364 -0.194070003 -0.977060201
1561001217.986074686 62.825122 41.064573 18.679459 -0.002814745 -0.086322080 -0.195000511 -0.976993028
1561001218.087138414 63.557173 41.358012 18.712937 -0.002756834 -0.084730729 -0.195764593 -0.976979697
1561001218.187138557 64.262552 41.648733 18.748277 -0.002883936 -0.083592163 -0.196587134 -0.976912244
1561001218.285797358 64.969359 41.955813 18.783842 -0.002564146 -0.083277084 -0.197508183 -0.976754253
1561001218.387308359 65.687586 42.255440 18.818736 -0.002163365 -0.083641976 -0.198006557 -0.976623133
1561001218.486237764 66.379294 42.543184 18.856970 -0.001803753 -0.085027242 -0.198836421 -0.976335594
1561001218.586295843 67.094268 42.821869 18.894588 -0.001613037 -0.086060097 -0.199309537 -0.976148947
1561001218.687330723 67.801889 43.115621 18.929038 -0.001861126 -0.086322894 -0.199753671 -0.976034510
1561001218.787990570 68.498323 43.419638 18.956652 -0.002559695 -0.086494006 -0.200533125 -0.975857931
1561001218.887281179 69.194484 43.704771 18.988415 -0.003499624 -0.086502685 -0.201080124 -0.975741678
1561001218.986009836 69.892316 43.991201 19.031020 -0.003812158 -0.085852252 -0.201574613 -0.975695923
1561001219.087176800 70.593405 44.291585 19.074639 -0.003376656 -0.084306731 -0.201822438 -0.975781060
1561001219.187189579 71.290313 44.589742 19.108198 -0.003062476 -0.082407301 -0.201896636 -0.975928996
1561001219.287153959 71.990293 44.896952 19.138606 -0.003348253 -0.081873525 -0.202534418 -0.975840830
1561001219.388354301 72.693290 45.189108 19.175211 -0.003545334 -0.082700788 -0.202729390 -0.975729883
1561001219.479591370 73.341738 45.467918 19.217353 -0.003405090 -0.084222249 -0.202591626 -0.975628849
1561001219.580905676 74.069034 45.773582 19.260513 -0.002956290 -0.085387866 -0.202848131 -0.975475683
1561001219.681033134 74.783335 46.065971 19.293987 -0.002920474 -0.085381651 -0.203054447 -0.975433409
1561001219.779934883 75.476180 46.370198 19.328204 -0.003271646 -0.085152697 -0.204206630 -0.975211755
1561001219.880908966 76.188590 46.663259 19.363590 -0.003674001 -0.084534364 -0.204439522 -0.975215322
1561001219.979764462 76.881219 46.973363 19.399385 -0.003898095 -0.084266587 -0.205010773 -0.975117701
1561001220.079637766 77.570298 47.271924 19.435288 -0.003967175 -0.084485361 -0.205848949 -0.974921892
1561001220.180526257 78.275990 47.573934 19.474224 -0.004088464 -0.084681250 -0.206089330 -0.974853609
1561001220.279446363 78.960699 47.867695 19.516058 -0.003781642 -0.084492525 -0.207368272 -0.974599975
1561001220.380623817 79.656728 48.177247 19.557249 -0.003248857 -0.083844171 -0.207413291 -0.974648309
1561001220.479712725 80.345664 48.480224 19.584853 -0.003281886 -0.082414314 -0.207906349 -0.974665101
1561001220.580852747 81.039900 48.783438 19.606038 -0.006204695 -0.079713396 -0.209090687 -0.974622163
1561001220.681068420 81.719449 49.079169 19.644145 -0.010363167 -0.077304489 -0.210576054 -0.974461054
1561001220.780878544 82.415366 49.380116 19.706364 -0.012249338 -0.076023401 -0.211572664 -0.974324075
1561001220.880980492 83.106573 49.683610 19.781587 -0.010114384 -0.077670750 -0.212419112 -0.974034432
1561001220.979924202 83.793721 49.990191 19.832867 -0.006200844 -0.082195981 -0.212984920 -0.973572182
1561001221.080864906 84.487244 50.310034 19.865991 -0.003179074 -0.088567065 -0.214143581 -0.972773507
1561001221.180951357 85.182635 50.626524 19.882429 -0.001248928 -0.095197042 -0.214732091 -0.972021652
1561001221.280869007 85.865310 50.947895 19.905029 -0.000534012 -0.099335583 -0.215344831 -0.971472470
1561001221.379778147 86.530582 51.258702 19.928464 -0.000473353 -0.097706687 -0.215965971 -0.971499809
1561001221.479551077 87.209446 51.570515 19.961377 -0.000914712 -0.090960472 -0.216695606 -0.971991960
1561001221.580486774 87.882278 51.885307 19.983070 -0.001583292 -0.083114911 -0.217662451 -0.972477487
1561001221.680234432 88.563348 52.205140 20.010907 -0.002206136 -0.079389805 -0.218521201 -0.972594919
1561001221.779045105 89.231066 52.520027 20.043994 -0.002246344 -0.080108957 -0.219477397 -0.972320514
1561001221.880278349 89.922674 52.836998 20.085678 -0.001737298 -0.082820116 -0.220073244 -0.971959658
1561001221.979314566 90.604325 53.152957 20.127969 -0.000832008 -0.086068865 -0.220691639 -0.971538295
1561001222.080528498 91.288331 53.479195 20.162213 -0.000205192 -0.088145975 -0.220880338 -0.971309488
1561001222.180746078 91.972471 53.809112 20.196978 -0.000056707 -0.089481518 -0.221451157 -0.971057382
1561001222.279495955 92.643456 54.131347 20.223092 -0.000395806 -0.089237028 -0.221581573 -0.971050052
1561001222.380745649 93.322828 54.459355 20.252128 -0.001231162 -0.088006249 -0.222573511 -0.970934816
1561001222.479617357 94.005678 54.778818 20.277628 -0.002472149 -0.087280656 -0.223388071 -0.970810870
1561001222.580699682 94.690441 55.102742 20.306641 -0.003002827 -0.087321745 -0.224090395 -0.970643802
1561001222.679659367 95.363152 55.427435 20.341767 -0.002889180 -0.088228684 -0.224709244 -0.970419037
1561001222.781014681 96.050112 55.752663 20.375659 -0.002305719 -0.089854314 -0.225049277 -0.970192614
1561001222.882418871 96.741926 56.085653 20.409852 -0.001994409 -0.090380798 -0.225362718 -0.970071636
1561001222.979894876 97.409608 56.402851 20.437384 -0.002449704 -0.089570962 -0.225903251 -0.970019981
1561001223.080976963 98.080585 56.725051 20.474154 -0.002966574 -0.086310244 -0.226797336 -0.970105515
1561001223.180850506 98.740245 57.042882 20.505852 -0.003870967 -0.081409109 -0.227438052 -0.970375961
1561001223.280204773 99.409686 57.373770 20.544917 -0.004395683 -0.078168883 -0.228317914 -0.970433529
1561001223.380763292 100.095876 57.704122 20.587840 -0.003838585 -0.077982662 -0.228847097 -0.970326221
1561001223.479774237 100.765895 58.036980 20.635049 -0.002405172 -0.080820730 -0.229350325 -0.969979718
1561001223.579755783 101.459909 58.383110 20.677105 -0.000489932 -0.084721240 -0.229482868 -0.969618319
1561001223.680601358 102.140555 58.716802 20.716242 0.000955120 -0.086816643 -0.229735994 -0.969372648
1561001223.779470682 102.801139 59.055856 20.746996 0.001294908 -0.087028146 -0.231025831 -0.969046691
1561001223.880560398 103.481330 59.386150 20.779380 0.001015965 -0.086524770 -0.230884726 -0.969125727
1561001223.980968714 104.152953 59.723294 20.813933 0.001092988 -0.085464183 -0.231576378 -0.969054725
1561001224.080654144 104.827531 60.059118 20.850427 0.001577196 -0.084912888 -0.232157940 -0.968963366
1561001224.181386709 105.506999 60.395116 20.881031 0.001570903 -0.084882601 -0.232896362 -0.968788811
1561001224.280846357 106.182965 60.733925 20.911990 0.001201726 -0.085433410 -0.233798565 -0.968523577
1561001224.380992889 106.861295 61.079286 20.952625 0.001196774 -0.086276727 -0.234285479 -0.968331146
1561001224.479822159 107.530488 61.416107 20.992949 0.001546651 -0.086125025 -0.234784366 -0.968223316
1561001224.580741644 108.209271 61.764669 21.032664 0.001823682 -0.084247954 -0.235818035 -0.968136773
1561001224.680681705 108.888117 62.111015 21.065258 0.001405303 -0.081952701 -0.236426820 -0.968186004
1561001224.780510426 109.549863 62.451652 21.095897 0.000648936 -0.081038520 -0.237442217 -0.968015253
1561001224.881328344 110.218817 62.790274 21.130523 0.000257500 -0.081914434 -0.237855101 -0.967840333
1561001224.981183529 110.883180 63.130191 21.170915 0.000625252 -0.084778547 -0.238534744 -0.967426164
1561001225.081330776 111.547718 63.484669 21.218868 0.001513332 -0.087038174 -0.239297475 -0.967036082
1561001225.181272507 112.208262 63.841032 21.261049 0.002420438 -0.085425833 -0.239771460 -0.967060606
1561001225.283002853 112.859970 64.166134 21.277617 -0.000438363 -0.077542316 -0.241318011 -0.967343070
1561001225.383253098 113.505907 64.503435 21.317951 -0.005898176 -0.068980796 -0.242597722 -0.967653454
1561001225.481518269 114.157036 64.835605 21.371688 -0.009675200 -0.064349015 -0.244246400 -0.967527411
1561001225.584892035 114.830369 65.192492 21.448001 -0.007390962 -0.067766475 -0.244984229 -0.967127606
1561001225.683664560 115.506734 65.538520 21.506440 -0.002028148 -0.079980393 -0.245516455 -0.966085241
1561001225.782742977 116.200748 65.896489 21.544782 0.002588795 -0.095149712 -0.246076321 -0.964565329
1561001225.884336233 116.887907 66.263105 21.577097 0.005099968 -0.107972708 -0.246545659 -0.963084172
1561001225.982767105 117.536053 66.611537 21.590329 0.006439064 -0.112241767 -0.247180978 -0.962425004
1561001226.084202051 118.178809 66.972218 21.591356 0.006121140 -0.105596996 -0.247969865 -0.962975987
1561001226.183272839 118.814053 67.324515 21.603950 0.003418041 -0.093071894 -0.249762662 -0.963817697
1561001226.284305573 119.459527 67.683307 21.621712 0.000741800 -0.081668197 -0.251605251 -0.964377806
1561001226.384395123 120.118352 68.049306 21.656797 0.000906034 -0.076532941 -0.252972693 -0.964441136
1561001226.482772589 120.791333 68.428901 21.688755 0.001938619 -0.079180314 -0.253528990 -0.964079753
1561001226.584238529 121.489091 68.797503 21.728636 0.002818364 -0.085552214 -0.254503606 -0.963276072
1561001226.683455944 122.154637 69.169235 21.765239 0.003188043 -0.090750598 -0.255102753 -0.962640510
1561001226.783473253 122.818904 69.547158 21.806158 0.003485812 -0.092391867 -0.256032947 -0.962236313
1561001226.884262085 123.483466 69.931716 21.839132 0.003690138 -0.090054531 -0.256841233 -0.962241729
1561001226.982947350 124.132727 70.310811 21.859725 0.003094646 -0.085794621 -0.257381443 -0.962488701
1561001227.084399939 124.806530 70.701585 21.886522 0.002189028 -0.083675921 -0.258974599 -0.962250334
1561001227.183809996 125.467234 71.082712 21.922756 0.002010834 -0.084996473 -0.260171247 -0.961812081
1561001227.284518480 126.135982 71.459563 21.966596 0.002918077 -0.087710122 -0.260540839 -0.961466011
1561001227.384642124 126.797974 71.850545 22.003170 0.004178645 -0.089230050 -0.260157977 -0.961425173
1561001227.483186722 127.455234 72.237228 22.035780 0.004907031 -0.089235226 -0.260589919 -0.961304265
1561001227.584810257 128.121547 72.620674 22.065012 0.004689552 -0.087427033 -0.261398277 -0.961252029
1561001227.683235407 128.788281 72.992595 22.096913 0.003833549 -0.085881343 -0.262189927 -0.961179557
1561001227.784713745 129.453760 73.376794 22.129998 0.003645156 -0.085597165 -0.262854958 -0.961023990
1561001227.884626865 130.101423 73.757868 22.171152 0.004113096 -0.087120174 -0.263141693 -0.960806748
1561001227.982872486 130.761175 74.140653 22.209799 0.005470382 -0.088706097 -0.263324395 -0.960604792
1561001228.084379673 131.412021 74.519442 22.244504 0.006202993 -0.089179610 -0.263461595 -0.960518874
1561001228.183563471 132.050687 74.904777 22.270005 0.006235783 -0.088244782 -0.263927774 -0.960477019
1561001228.284115314 132.694375 75.271879 22.299852 0.005894090 -0.087544280 -0.264362668 -0.960423677
1561001228.384502172 133.323634 75.643011 22.330473 0.005391797 -0.087293064 -0.264005997 -0.960547596
1561001228.483016253 133.925669 76.008049 22.367031 0.005908360 -0.087770131 -0.264251668 -0.960433523
1561001228.584942341 134.561818 76.383400 22.403115 0.006681596 -0.088560734 -0.263466738 -0.960571512
1561001228.683348656 135.170083 76.745553 22.430278 0.007045928 -0.088398431 -0.262979143 -0.960717462
1561001228.784254074 135.805136 77.108223 22.457187 0.006384376 -0.087570476 -0.262171990 -0.961018470
1561001228.883494616 136.408053 77.460309 22.486019 0.005649229 -0.086937015 -0.262164865 -0.961082528
1561001228.982848167 137.019114 77.810424 22.515921 0.005082372 -0.086988208 -0.261490280 -0.961264820
1561001229.084616899 137.640741 78.172309 22.550999 0.004946178 -0.087801910 -0.260734706 -0.961396782
1561001229.183120489 138.242788 78.509293 22.584204 0.005097100 -0.088977436 -0.260427240 -0.961371254
1561001229.284189701 138.847923 78.855445 22.623108 0.005534708 -0.088919134 -0.259683402 -0.961575418
1561001229.384243727 139.452428 79.206961 22.663177 0.006821018 -0.086760556 -0.259161547 -0.961905074
1561001229.482660532 140.044537 79.558004 22.677354 0.007247814 -0.082717363 -0.258543414 -0.962424340
1561001229.584128141 140.639443 79.896379 22.697750 0.003631253 -0.077055311 -0.259748627 -0.962590226
1561001229.682998419 141.212607 80.222930 22.727385 -0.001969358 -0.070219792 -0.260189605 -0.962998791
1561001229.784248114 141.824844 80.559648 22.787760 -0.005299924 -0.068020732 -0.261446491 -0.962803626
1561001229.884433746 142.414924 80.896910 22.854211 -0.003689700 -0.071971551 -0.261502321 -0.962508711
1561001229.983242750 143.028621 81.243392 22.901764 0.000211404 -0.082757169 -0.261971378 -0.961520776
1561001230.084658861 143.665707 81.599671 22.924745 0.003442331 -0.097585584 -0.262477728 -0.959984712
1561001230.183448315 144.292047 81.955665 22.961465 0.006113946 -0.110604143 -0.262500158 -0.958552560
1561001230.284483910 144.890191 82.312046 22.977849 0.008124368 -0.113250096 -0.262907257 -0.958116999
1561001230.384234667 145.458724 82.668713 22.973454 0.007388793 -0.106984936 -0.264004239 -0.958541283
1561001230.482727528 146.031770 83.010247 22.966888 0.004041269 -0.096698716 -0.265836471 -0.959147537
1561001230.584657192 146.634874 83.369086 22.980513 0.001072696 -0.088738317 -0.267435065 -0.959480509
1561001230.682715654 147.221961 83.728168 23.012511 0.000940704 -0.085155183 -0.268777902 -0.959430117
1561001230.784371853 147.840994 84.093769 23.045888 0.002589573 -0.086335703 -0.269787380 -0.959038169
1561001230.884519100 148.455656 84.457210 23.071552 0.004101019 -0.089021780 -0.270296255 -0.958643958
1561001230.982840776 149.050402 84.818690 23.104815 0.004686954 -0.089994608 -0.271101723 -0.958322941
1561001231.084470272 149.654611 85.185186 23.130388 0.004514672 -0.088831284 -0.271183768 -0.958409090
1561001231.183467150 150.250785 85.556359 23.158634 0.003664705 -0.087118833 -0.271921704 -0.958360822
1561001231.284685135 150.861846 85.924292 23.187651 0.003208145 -0.085902852 -0.272689276 -0.958254124
1561001231.384689093 151.478817 86.302661 23.223708 0.003375937 -0.085132821 -0.273036360 -0.958223435
1561001231.484246492 152.105726 86.686101 23.258640 0.003914269 -0.084629271 -0.273822908 -0.958041534
1561001231.584738016 152.731519 87.073994 23.294260 0.004271165 -0.083835262 -0.274944776 -0.957788482
1561001231.683271408 153.333629 87.438801 23.326360 0.004171157 -0.083248430 -0.275350660 -0.957723506
1561001231.784402847 153.950112 87.821001 23.364217 0.004443628 -0.083429154 -0.275938667 -0.957537301
1561001231.884423256 154.561222 88.201489 23.399969 0.004812594 -0.084476374 -0.277398789 -0.957021678
1561001231.984287739 155.178558 88.591169 23.432766 0.005182907 -0.085700024 -0.278279072 -0.956655320
1561001232.085828781 155.793540 88.984083 23.464548 0.004868213 -0.086757418 -0.279802623 -0.956117118
1561001232.184623241 156.393533 89.362392 23.500463 0.004528087 -0.086924634 -0.280596363 -0.955870956
1561001232.285678625 157.006887 89.751641 23.542662 0.004595462 -0.085701412 -0.281304948 -0.955772816
1561001232.386034489 157.610838 90.141846 23.577529 0.005364426 -0.083810252 -0.282747998 -0.955510667
1561001232.486671925 158.234591 90.543467 23.605440 0.005391112 -0.083508796 -0.283479962 -0.955320013
1561001232.585957766 158.838132 90.938472 23.637620 0.005288777 -0.084718271 -0.284458147 -0.954923246
1561001232.685446024 159.457656 91.330083 23.676117 0.005836154 -0.086285341 -0.285310652 -0.954525333
1561001232.785814762 160.076234 91.734505 23.714766 0.006810334 -0.087649893 -0.286194734 -0.954129808
1561001232.885886431 160.670696 92.140279 23.749262 0.007457883 -0.088705222 -0.287413500 -0.953660969
1561001232.984409094 161.265184 92.529702 23.775179 0.007491996 -0.088735206 -0.288257730 -0.953403070
1561001233.085815430 161.871366 92.919033 23.802847 0.006949170 -0.088812435 -0.288942489 -0.953192687
1561001233.184302568 162.464393 93.305063 23.834493 0.007144854 -0.088449685 -0.289536913 -0.953044584
1561001233.287278652 163.057550 93.694703 23.864932 0.007304298 -0.087861162 -0.290819359 -0.952707281
1561001233.387651682 163.638456 94.077433 23.896463 0.007334769 -0.087971766 -0.291574166 -0.952466102
1561001233.485974312 164.210270 94.474888 23.923716 0.007274693 -0.088251858 -0.293165334 -0.951952086
1561001233.587519884 164.781121 94.869368 23.957895 0.007353281 -0.088884357 -0.293595034 -0.951760188
1561001233.686136723 165.338383 95.240497 23.988982 0.007589230 -0.089086728 -0.294282445 -0.951527089
1561001233.787379265 165.923271 95.630240 24.019935 0.007969527 -0.088968722 -0.295214591 -0.951246234
1561001233.888118982 166.495285 96.024350 24.047321 0.007851387 -0.088612937 -0.296555967 -0.950863114
1561001233.988067627 167.060747 96.417210 24.075178 0.007468327 -0.088070777 -0.297657231 -0.950572425
1561001234.087394714 167.619852 96.798033 24.106985 0.007422355 -0.087954431 -0.298872313 -0.950202224
1561001234.185726404 168.154941 97.178785 24.139481 0.007951850 -0.087808506 -0.299560348 -0.949994754
1561001234.287424803 168.711816 97.556798 24.166585 0.008269725 -0.087543208 -0.300200800 -0.949814339
1561001234.388687849 169.265648 97.947246 24.196922 0.008222726 -0.087936709 -0.301103441 -0.949492622
1561001234.487349749 169.797817 98.324077 24.222498 0.008090734 -0.087972464 -0.301500537 -0.949364425
1561001234.588695288 170.348831 98.707428 24.255032 0.008062569 -0.088291860 -0.302025259 -0.949168207
1561001234.688645124 170.874380 99.083935 24.284442 0.008563793 -0.088358949 -0.302648042 -0.948959177
1561001234.788538456 171.407399 99.455238 24.315150 0.008707005 -0.088220473 -0.302693356 -0.948956305
1561001234.888426781 171.934641 99.822096 24.343574 0.008892573 -0.088417464 -0.303180722 -0.948780651
1561001234.988388062 172.450781 100.182787 24.369674 0.008956232 -0.088593826 -0.303375717 -0.948701267
1561001235.088340998 172.955632 100.532276 24.400334 0.009124356 -0.089497255 -0.302901802 -0.948766297
1561001235.187426567 173.453336 100.888640 24.426814 0.009647863 -0.090136429 -0.303267899 -0.948583641
1561001235.288322687 173.943610 101.227652 24.454856 0.009766772 -0.090840168 -0.302960122 -0.948613640
1561001235.387509108 174.404510 101.564582 24.479126 0.009776801 -0.090889133 -0.303258841 -0.948513392
1561001235.488888264 174.880427 101.888404 24.500352 0.009457360 -0.090478920 -0.302755694 -0.948716561
1561001235.588586330 175.357097 102.213547 24.525916 0.009101489 -0.090516436 -0.302161181 -0.948905980
1561001235.688452959 175.807718 102.536029 24.552448 0.009415618 -0.090585886 -0.301929091 -0.948970162
1561001235.788607597 176.267329 102.845089 24.578551 0.010170275 -0.090308590 -0.300576270 -0.949418153
1561001235.889017105 176.718018 103.149615 24.604439 0.010694322 -0.089984643 -0.298690489 -0.950038098
1561001235.988867521 177.141734 103.430317 24.623062 0.010218948 -0.090189159 -0.295864589 -0.950907795
1561001236.088534117 177.536014 103.709908 24.633860 0.009394707 -0.090998906 -0.292154155 -0.951985760
1561001236.187913418 177.931160 103.975233 24.652574 0.008333411 -0.092407267 -0.287541608 -0.953263487
1561001236.287554979 178.328133 104.213175 24.676465 0.007899685 -0.093119551 -0.281756827 -0.954923785
1561001236.388550520 178.715644 104.445811 24.700475 0.007493802 -0.093661152 -0.273045505 -0.957401475
1561001236.488811970 179.088459 104.651209 24.720939 0.007146543 -0.093723664 -0.263101096 -0.960178429
1561001236.588588953 179.451806 104.839734 24.731653 0.006116462 -0.093056246 -0.252308495 -0.963142537
1561001236.680057049 179.809164 105.010381 24.739479 0.003850877 -0.092255411 -0.239043599 -0.966608643
1561001236.781875610 180.179135 105.185829 24.744047 0.000376369 -0.091591629 -0.225262454 -0.969983329
1561001236.881666899 180.550820 105.320294 24.760150 -0.003311610 -0.092009038 -0.210424838 -0.973264999
1561001236.981705904 180.916654 105.454176 24.780909 -0.006106922 -0.092603652 -0.194959980 -0.976410710
1561001237.081712723 181.277749 105.571104 24.806469 -0.007903343 -0.093606893 -0.177673516 -0.979595533
1561001237.179961443 181.614325 105.685170 24.820709 -0.009613773 -0.094290608 -0.158458567 -0.982806054
1561001237.281775951 181.959080 105.729847 24.831172 -0.012330707 -0.093643467 -0.138638093 -0.985828755
1561001237.381781101 182.273003 105.777863 24.827479 -0.016830903 -0.091324305 -0.116150702 -0.988880987
1561001237.481771946 182.591540 105.809106 24.841664 -0.021592081 -0.088363629 -0.091794051 -0.991614594
1561001237.581834793 182.926933 105.803812 24.858885 -0.025387866 -0.085738524 -0.068029795 -0.993668108
1561001237.679405451 183.238911 105.784060 24.874806 -0.028387874 -0.083222911 -0.043355847 -0.995182569
1561001237.781789780 183.572519 105.745539 24.880434 -0.031972676 -0.081165349 -0.018052048 -0.996024125
1561001237.879492044 183.889044 105.714153 24.893369 -0.035326467 -0.078810140 0.007385595 -0.996236144
1561001237.980804920 184.203108 105.669617 24.899668 -0.039326594 -0.076539579 0.033096979 -0.995740780
1561001238.081978083 184.526357 105.603820 24.920846 -0.043262934 -0.075056068 0.058507165 -0.994520898
1561001238.179633141 184.846803 105.523742 24.938501 -0.046933906 -0.073728825 0.083908931 -0.992633145
1561001238.282010317 185.166763 105.407483 24.972061 -0.048880751 -0.073370177 0.109744790 -0.990042206
1561001238.382082462 185.478478 105.285966 24.989167 -0.049034659 -0.073008573 0.135206829 -0.986906512
1561001238.481339693 185.786365 105.152494 24.999563 -0.050258878 -0.073312484 0.160644721 -0.983001830
1561001238.581466675 186.089963 104.999756 25.001453 -0.052279140 -0.074268755 0.185268521 -0.978481793
1561001238.679689646 186.384115 104.825790 25.016918 -0.054955202 -0.076521516 0.211022014 -0.972930672
1561001238.781538963 186.664745 104.655461 25.041060 -0.056904013 -0.077893020 0.236754219 -0.966768871
1561001238.881572247 186.937239 104.463652 25.052874 -0.058098545 -0.078106210 0.262079003 -0.960124250
1561001238.981644869 187.210457 104.265302 25.058605 -0.060127300 -0.078180829 0.286909073 -0.952867068
1561001239.081639767 187.464800 104.030578 25.068035 -0.061429734 -0.077837163 0.312695557 -0.944663566
1561001239.179724455 187.712184 103.802770 25.070466 -0.062902243 -0.076571567 0.336925662 -0.936301875
1561001239.281306505 187.960102 103.519647 25.072611 -0.065752636 -0.075425095 0.359832876 -0.927635676
1561001239.381227493 188.195709 103.231112 25.077959 -0.068774388 -0.074425024 0.381946247 -0.918612031
1561001239.479767799 188.434199 102.933140 25.083645 -0.071593195 -0.073752194 0.402146625 -0.909787404
1561001239.581059694 188.669533 102.608103 25.096266 -0.073515111 -0.073032903 0.421442607 -0.900915009
1561001239.679816484 188.906287 102.296163 25.102887 -0.075178003 -0.071595877 0.439107440 -0.892416357
1561001239.780973673 189.135292 101.966204 25.110443 -0.076893155 -0.070799289 0.454374649 -0.884657325
1561001239.881011486 189.358096 101.618232 25.110029 -0.078657469 -0.069802150 0.467913555 -0.877495053
1561001239.981509924 189.575026 101.263407 25.114405 -0.080695272 -0.069338769 0.480229877 -0.870666224
1561001240.081387758 189.779153 100.902777 25.123253 -0.081840570 -0.069222095 0.490403741 -0.864878369
1561001240.179696560 189.980246 100.545546 25.132624 -0.082473587 -0.069038099 0.499863251 -0.859400127
1561001240.280635357 190.196192 100.140550 25.137858 -0.083007776 -0.068978017 0.507931244 -0.854609615
1561001240.380627155 190.392720 99.750400 25.136717 -0.083739916 -0.068457538 0.516112717 -0.849663966
1561001240.481749773 190.590877 99.351934 25.135458 -0.085152048 -0.067272490 0.524093290 -0.844718749
1561001240.581483841 190.782794 98.949875 25.133790 -0.086291825 -0.065517302 0.530465924 -0.840753892
1561001240.680929899 190.961095 98.532283 25.140344 -0.087313456 -0.064926894 0.534363869 -0.838221996
1561001240.782644272 191.141880 98.085550 25.151186 -0.087913023 -0.065133495 0.539671195 -0.834735844
1561001240.882294416 191.319350 97.640562 25.159431 -0.088323250 -0.065740308 0.542888950 -0.832555586
1561001240.982429504 191.485325 97.208774 25.162698 -0.087572459 -0.066329073 0.545981313 -0.830563619
1561001241.082406759 191.658727 96.760744 25.162658 -0.087291409 -0.066204641 0.549543065 -0.828250913
1561001241.181291342 191.825693 96.312149 25.156750 -0.087402867 -0.065395865 0.552458213 -0.826361932
1561001241.283042669 192.001770 95.821291 25.155308 -0.088037393 -0.064782926 0.555228200 -0.824484224
1561001241.382491350 192.153350 95.361286 25.156219 -0.088422267 -0.063688992 0.558718640 -0.822167073
1561001241.482883930 192.338810 94.884601 25.162908 -0.087837114 -0.062788617 0.562306157 -0.819849997
1561001241.582666636 192.518664 94.411319 25.172836 -0.087056734 -0.062703116 0.565629050 -0.817651039
1561001241.681071043 192.708076 93.931784 25.176636 -0.086674504 -0.062828331 0.569452621 -0.815023830
1561001241.782567263 192.891386 93.416276 25.168476 -0.087867879 -0.062877588 0.572194564 -0.812969265
1561001241.881372213 193.062917 92.916071 25.164263 -0.089889713 -0.062603197 0.574817222 -0.810916667
1561001241.981703520 193.225359 92.393660 25.168740 -0.091456469 -0.062747120 0.576575922 -0.809480525
1561001242.082715750 193.389438 91.873397 25.180126 -0.092219149 -0.063888511 0.578340455 -0.808044680
1561001242.181139231 193.567305 91.357133 25.188975 -0.092166966 -0.065263443 0.580785126 -0.806185196
1561001242.282745600 193.747938 90.813410 25.185367 -0.091628341 -0.065475452 0.582429893 -0.805042006
1561001242.382338524 193.918595 90.260366 25.172028 -0.091769549 -0.064800983 0.584098055 -0.803871037
1561001242.481142521 194.069432 89.702949 25.166827 -0.093399852 -0.064167719 0.585459926 -0.802742578
1561001242.582817316 194.218243 89.148407 25.163135 -0.094684550 -0.063592662 0.586786470 -0.801668540
1561001242.681094170 194.376301 88.597470 25.166340 -0.095063942 -0.063481993 0.587416138 -0.801171121
1561001242.782930851 194.557583 88.040927 25.174478 -0.095024326 -0.064073136 0.588934671 -0.800013102
1561001242.882099867 194.721159 87.485714 25.174801 -0.094287250 -0.064163952 0.590107603 -0.799228327
1561001242.983209133 194.880506 86.918288 25.172159 -0.093480103 -0.063576616 0.590819602 -0.798843966
1561001243.083602905 195.039021 86.351034 25.166016 -0.092472855 -0.062246151 0.591482763 -0.798575187
1561001243.182481766 195.215388 85.779366 25.156657 -0.092664441 -0.061118891 0.592142979 -0.798150659
1561001243.282995939 195.388684 85.185976 25.153800 -0.093679989 -0.060293333 0.592342799 -0.797946604
1561001243.381599188 195.559288 84.608980 25.163822 -0.094640455 -0.060655839 0.592661352 -0.797569166
1561001243.482637644 195.737194 84.028592 25.176621 -0.093698869 -0.060486974 0.593463792 -0.797096340
1561001243.582610369 195.910667 83.449349 25.190058 -0.091855216 -0.060391254 0.593274932 -0.797458695
1561001243.681798935 196.066602 82.876339 25.185179 -0.089721827 -0.059181618 0.592909313 -0.798063955
1561001243.782770157 196.230619 82.282389 25.166085 -0.089898808 -0.056359737 0.592451793 -0.798587915
1561001243.881395102 196.388318 81.694251 25.167392 -0.093974738 -0.056121102 0.591694493 -0.798696937
1561001243.984448195 196.565690 81.097384 25.196308 -0.094230084 -0.056434065 0.590438138 -0.799574070
1561001244.084182262 196.739552 80.523752 25.222774 -0.090356095 -0.053985833 0.591101401 -0.799700219
1561001244.183286428 196.911489 79.938860 25.240566 -0.087894659 -0.052675069 0.590360957 -0.800608398
1561001244.284097672 197.100644 79.348232 25.239287 -0.086021767 -0.051915970 0.589485752 -0.801505793
1561001244.382662773 197.277039 78.761126 25.239490 -0.086798192 -0.054460905 0.588815178 -0.801746076
1561001244.484418631 197.463217 78.129390 25.248275 -0.090814266 -0.061775749 0.586940900 -0.802145190
1561001244.584627390 197.649888 77.516298 25.260402 -0.094463460 -0.067856821 0.585533130 -0.802261217
1561001244.684099674 197.834833 76.932264 25.269968 -0.095423401 -0.070511143 0.584130985 -0.802940562
1561001244.784852028 198.024848 76.351265 25.271872 -0.092375385 -0.069120383 0.583504246 -0.803873097
1561001244.883673906 198.231072 75.764403 25.262258 -0.089976426 -0.066033370 0.583147257 -0.804663354
1561001244.984441042 198.431920 75.169769 25.254075 -0.089258252 -0.063853687 0.581630648 -0.806015794
1561001245.084359884 198.636134 74.574818 25.255005 -0.089416979 -0.063897814 0.580516614 -0.806797455
1561001245.183851957 198.820213 74.004094 25.260682 -0.089041602 -0.065011885 0.579406081 -0.807547919
1561001245.284374714 199.024874 73.398587 25.254471 -0.089311812 -0.065177068 0.578488634 -0.808162268
1561001245.383015394 199.217027 72.804268 25.252484 -0.090748391 -0.063402644 0.576840827 -0.809320391
1561001245.483018875 199.413861 72.204849 25.262910 -0.091398995 -0.062165959 0.576026452 -0.809922924
1561001245.584819794 199.620687 71.606198 25.280804 -0.090449294 -0.061932852 0.575197792 -0.810636014
1561001245.682413816 199.812772 71.023276 25.296389 -0.087167174 -0.062377580 0.574360906 -0.811554355
1561001245.784079313 200.024423 70.412880 25.287700 -0.085525814 -0.061266322 0.573688119 -0.812289182
1561001245.882345915 200.233901 69.829722 25.279789 -0.086706723 -0.059595909 0.572678990 -0.813000028
1561001245.983982563 200.421527 69.233517 25.281161 -0.089414919 -0.057366682 0.571111529 -0.813969077
1561001246.084216118 200.621605 68.651911 25.305748 -0.090376902 -0.056517384 0.570286886 -0.814500257
1561001246.182702065 200.827449 68.086925 25.328386 -0.088958756 -0.056744700 0.570143838 -0.814740685
1561001246.284216642 201.040357 67.498437 25.345684 -0.087692690 -0.056799737 0.570497480 -0.814626544
1561001246.382553816 201.231269 66.921294 25.343240 -0.087939919 -0.055560028 0.569305932 -0.815518492
1561001246.485544205 201.433878 66.346069 25.347168 -0.090939377 -0.053844588 0.568394999 -0.815939896
1561001246.585761786 201.624246 65.774301 25.348581 -0.094819671 -0.053152317 0.567649016 -0.816062899
1561001246.687073946 201.829332 65.183953 25.373804 -0.097962838 -0.055342904 0.566631114 -0.816253408
1561001246.786982775 202.044289 64.621383 25.404459 -0.096948469 -0.058718749 0.566753304 -0.816053794
1561001246.885746956 202.254613 64.068617 25.418921 -0.095342340 -0.060591219 0.566791708 -0.816079470
1561001246.987058640 202.449898 63.490847 25.408462 -0.095141876 -0.059942784 0.566448928 -0.816388693
1561001247.087076902 202.639139 62.930952 25.402324 -0.096450760 -0.056279122 0.565611385 -0.817076296
1561001247.187296152 202.837759 62.367588 25.414991 -0.097158971 -0.054637775 0.565683667 -0.817053754
1561001247.286624670 203.049686 61.820170 25.439569 -0.095985149 -0.056171135 0.565177892 -0.817438441
1561001247.385482311 203.267801 61.262060 25.446263 -0.093653178 -0.058875262 0.565334680 -0.817410231
1561001247.486462355 203.477555 60.729325 25.451236 -0.092431646 -0.061066761 0.565758552 -0.817095161
1561001247.586677313 203.666770 60.178850 25.454520 -0.092118019 -0.061486904 0.565388385 -0.817355250
1561001247.685855627 203.860896 59.633234 25.446674 -0.093309870 -0.060290473 0.564538766 -0.817896270
1561001247.787280560 204.068731 59.079496 25.458771 -0.093525501 -0.058609397 0.564214293 -0.818217667
1561001247.886639595 204.271624 58.546800 25.471514 -0.092453638 -0.057433200 0.564263179 -0.818389160
1561001247.986977816 204.476288 58.016777 25.485955 -0.090164581 -0.057721119 0.564385720 -0.818539785
1561001248.086842775 204.678652 57.480308 25.492194 -0.088571193 -0.058116279 0.564676912 -0.818484958
1561001248.185619831 204.871602 56.944135 25.492678 -0.088734219 -0.057608835 0.563846970 -0.819075122
1561001248.286806345 205.058057 56.392392 25.497261 -0.089892299 -0.056163476 0.563644326 -0.819188692
1561001248.385469198 205.250572 55.858004 25.511942 -0.091513767 -0.054187729 0.563175683 -0.819464503
1561001248.486689806 205.467308 55.329599 25.531720 -0.091134994 -0.053362124 0.563387465 -0.819415316
1561001248.586683512 205.672635 54.796538 25.543854 -0.089535662 -0.054291668 0.563725157 -0.819298314
1561001248.686765671 205.863829 54.268274 25.549215 -0.090242871 -0.054707783 0.564086608 -0.818944187
1561001248.785628796 206.045226 53.737012 25.553911 -0.091827768 -0.054815367 0.563502291 -0.819163051
1561001248.885679245 206.218502 53.220578 25.566139 -0.093611289 -0.054321156 0.563874716 -0.818737713
1561001248.986826181 206.409319 52.708942 25.581706 -0.093757504 -0.054046187 0.563592874 -0.818933216
1561001249.086737394 206.597883 52.185077 25.592144 -0.093234484 -0.053400077 0.563910999 -0.818816309
1561001249.186725855 206.792937 51.667432 25.603705 -0.093344352 -0.052215011 0.563827152 -0.818937951
1561001249.286624670 206.989549 51.145860 25.618761 -0.093909006 -0.052243790 0.564144896 -0.818652686
1561001249.386288881 207.175894 50.633041 25.630110 -0.094584889 -0.053843136 0.564279638 -0.818378339
1561001249.486746073 207.366852 50.110132 25.637071 -0.095894964 -0.056566896 0.564519244 -0.817876742
1561001249.586930990 207.555291 49.585164 25.639750 -0.098564427 -0.058573766 0.564202437 -0.817636703
1561001249.686159134 207.737781 49.080700 25.635849 -0.101892426 -0.059768832 0.564433851 -0.816982282
1561001249.786957979 207.925465 48.547849 25.643725 -0.101980729 -0.059495296 0.564191491 -0.817158615
1561001249.887089729 208.124220 48.030229 25.663097 -0.100084997 -0.059296416 0.564569193 -0.817146593
1561001249.986973763 208.317746 47.496107 25.678493 -0.097198843 -0.058159368 0.564764793 -0.817441497
1561001250.086833715 208.510550 46.991422 25.676538 -0.094256703 -0.056420087 0.565659394 -0.817289360
1561001250.185344934 208.682412 46.481137 25.670098 -0.094267757 -0.053289359 0.565779591 -0.817415004
1561001250.286893129 208.867991 45.955841 25.667053 -0.095075112 -0.051675865 0.565600527 -0.817549003
1561001250.386437178 209.057058 45.437043 25.677664 -0.095807159 -0.052516953 0.565820740 -0.817257517
1561001250.486662865 209.245935 44.937668 25.700643 -0.095666597 -0.055677551 0.565946088 -0.816977930
1561001250.586754084 209.440650 44.430609 25.721298 -0.094183580 -0.059675064 0.566693229 -0.816349879
1561001250.685403585 209.627739 43.921952 25.730131 -0.093568841 -0.060554231 0.566497495 -0.816491669
1561001250.786919355 209.805094 43.406901 25.722842 -0.093495782 -0.057712835 0.566699006 -0.816565982
1561001250.885299206 209.975280 42.904431 25.722328 -0.093611819 -0.054309349 0.567015682 -0.816566310
1561001250.986533642 210.148849 42.389899 25.730806 -0.093908396 -0.052386581 0.566869367 -0.816759438
1561001251.086955547 210.346128 41.889374 25.748820 -0.093867221 -0.052749400 0.567730215 -0.816142664
1561001251.186524153 210.531799 41.383737 25.761788 -0.093458564 -0.054157242 0.567890859 -0.815985577
1561001251.286612749 210.704870 40.874390 25.772071 -0.094211694 -0.055255846 0.567867423 -0.815841613
1561001251.385279179 210.870400 40.384705 25.780379 -0.095245869 -0.056392281 0.568088660 -0.815489674
1561001251.486696243 211.040472 39.887655 25.784007 -0.095864317 -0.055594588 0.568016485 -0.815522254
1561001251.586745739 211.204751 39.406309 25.792320 -0.095657179 -0.053461394 0.568712224 -0.815204263
1561001251.688488960 211.368338 38.924491 25.799129 -0.095755302 -0.050843255 0.568770880 -0.815319306
1561001251.788622141 211.531807 38.442024 25.810685 -0.096208032 -0.051232918 0.568755740 -0.815252176
1561001251.887152433 211.702737 37.971883 25.819068 -0.096201194 -0.052506481 0.568980480 -0.815015100
1561001251.988524199 211.880121 37.496228 25.841211 -0.095854677 -0.056121465 0.569070905 -0.814751844
1561001252.080401659 212.036465 37.057004 25.839203 -0.096761635 -0.058017735 0.569099087 -0.814492085
1561001252.180201292 212.193600 36.581749 25.837318 -0.098972683 -0.057571401 0.568396971 -0.814748320
1561001252.279380083 212.347524 36.137468 25.849334 -0.100089665 -0.057344981 0.567116923 -0.815519471
1561001252.378913879 212.505284 35.716399 25.857493 -0.099152980 -0.056668417 0.566657342 -0.816000511
1561001252.480553627 212.663501 35.292448 25.865379 -0.097724534 -0.057057249 0.565690476 -0.816816180
1561001252.578987837 212.808495 34.889850 25.870369 -0.096850829 -0.057037843 0.564609596 -0.817669008
1561001252.679258347 212.947889 34.502714 25.872957 -0.097591094 -0.056999878 0.563380702 -0.818430923
1561001252.780461073 213.081632 34.133384 25.868842 -0.098590468 -0.056502405 0.561443789 -0.819675710
1561001252.879548311 213.217894 33.776953 25.887771 -0.099329026 -0.055985034 0.559722791 -0.820798281
1561001252.980685234 213.367131 33.419175 25.903939 -0.096824852 -0.055579651 0.559226458 -0.821463097
1561001253.080688238 213.498381 33.090443 25.916749 -0.094021823 -0.056384696 0.558555955 -0.822189703
1561001253.180504322 213.634074 32.756391 25.915764 -0.093489926 -0.057448536 0.558844710 -0.821980468
1561001253.281174183 213.753916 32.434342 25.909450 -0.094841252 -0.057731287 0.559206912 -0.821559410
1561001253.379547596 213.851040 32.138696 25.912832 -0.095698376 -0.056854866 0.559085452 -0.821603799
1561001253.481241226 213.962445 31.840292 25.924366 -0.094786611 -0.055379745 0.560216841 -0.821039386
1561001253.582693577 214.081191 31.540735 25.936734 -0.093171020 -0.054588756 0.561820697 -0.820180915
1561001253.680963993 214.197429 31.268788 25.943957 -0.092952606 -0.054047234 0.563317605 -0.819214248
1561001253.782806396 214.284751 30.984317 25.943558 -0.093087374 -0.053414395 0.564069000 -0.818723278
1561001253.880894184 214.380563 30.702511 25.945108 -0.093282056 -0.052881526 0.564622913 -0.818353816
1561001253.982823372 214.485935 30.421496 25.952457 -0.093047957 -0.052559000 0.565225509 -0.817985179
1561001254.081014156 214.586186 30.144571 25.954776 -0.092763854 -0.052185229 0.565477768 -0.817867021
1561001254.182733059 214.694609 29.848519 25.959891 -0.092542956 -0.051648751 0.564788784 -0.818402002
1561001254.282655478 214.799410 29.557019 25.968281 -0.092451208 -0.051830093 0.563975931 -0.818961272
1561001254.381063938 214.901560 29.272153 25.968814 -0.093739852 -0.052646824 0.562323896 -0.819898157
1561001254.482836485 215.003398 28.995191 25.979898 -0.095481713 -0.053218006 0.560360674 -0.821003655
1561001254.582699060 215.109034 28.707236 25.988594 -0.095436020 -0.052947085 0.557894689 -0.822704132
1561001254.682851315 215.220522 28.443124 26.004097 -0.094038883 -0.052474219 0.554444067 -0.825224164
1561001254.782773733 215.356437 28.153948 26.016752 -0.091399304 -0.052417168 0.551221158 -0.827679795
1561001254.880855322 215.480511 27.904176 26.030309 -0.088963804 -0.053533110 0.546636689 -0.830907924
1561001254.982489824 215.620606 27.613193 26.020191 -0.087332945 -0.053787418 0.540963297 -0.834768580
1561001255.082312107 215.754167 27.333534 26.023919 -0.087918827 -0.054778824 0.533735701 -0.839282885
1561001255.182677031 215.900414 27.056602 26.035029 -0.088319271 -0.055439811 0.525424675 -0.844425867
1561001255.282424927 216.054942 26.785598 26.042703 -0.087289807 -0.057107579 0.516869859 -0.849685096
1561001255.382093430 216.212573 26.518199 26.047845 -0.086139416 -0.058084997 0.507013614 -0.855653744
1561001255.483648300 216.372422 26.241286 26.039601 -0.086554933 -0.058444292 0.496295583 -0.861848712
1561001255.582139015 216.533957 25.976237 26.046211 -0.088798300 -0.058678221 0.483848490 -0.868655494
1561001255.683840990 216.716645 25.708860 26.073493 -0.089102857 -0.060626848 0.471125615 -0.875457435
1561001255.783870459 216.909437 25.471327 26.106651 -0.087003608 -0.062232112 0.457915944 -0.882536416
1561001255.882465363 217.118039 25.246793 26.119240 -0.082332720 -0.063130969 0.444144079 -0.889927998
1561001255.983988523 217.328283 25.005808 26.113058 -0.078926298 -0.062930364 0.429367720 -0.897470763
1561001256.083304405 217.535243 24.771853 26.115173 -0.077544397 -0.061868242 0.414313475 -0.904711850
1561001256.182478905 217.772978 24.562160 26.123406 -0.075747284 -0.060973660 0.398461033 -0.912016100
1561001256.283897400 218.015980 24.363193 26.137016 -0.073906179 -0.061391206 0.380802267 -0.919651363
1561001256.383533239 218.248524 24.183216 26.144201 -0.072309209 -0.061382967 0.362692612 -0.927069349
1561001256.484035969 218.506144 23.999117 26.156532 -0.071416694 -0.061112440 0.345335635 -0.933760261
1561001256.582771540 218.764216 23.829599 26.184616 -0.069255147 -0.062261616 0.327421384 -0.940277859
1561001256.683484316 219.047654 23.679930 26.217436 -0.065722970 -0.064937255 0.309093980 -0.946532913
1561001256.783856153 219.330066 23.533525 26.231658 -0.062210500 -0.067565343 0.289879932 -0.952646001
1561001256.882142782 219.606805 23.397213 26.239239 -0.060730090 -0.069249971 0.270829814 -0.958210577
1561001256.983773708 219.888657 23.251306 26.241798 -0.061034566 -0.070256853 0.249440721 -0.963907715
1561001257.082324743 220.189466 23.138256 26.261932 -0.060827506 -0.070495429 0.227472777 -0.969322725
1561001257.184311867 220.499681 23.041355 26.294154 -0.057415788 -0.071912058 0.205682535 -0.974282699
1561001257.284285069 220.800496 22.998116 26.324579 -0.050553160 -0.074056746 0.184002103 -0.978827463
1561001257.383875132 221.092209 22.956558 26.339049 -0.043238012 -0.076232637 0.162506602 -0.982807541
1561001257.483942032 221.400665 22.901582 26.333216 -0.040060694 -0.076191413 0.140724601 -0.986299445
1561001257.582803488 221.682959 22.871690 26.337197 -0.040666697 -0.076172779 0.118592631 -0.989181336
1561001257.682770967 221.956912 22.836818 26.353101 -0.042216593 -0.075680093 0.095831692 -0.991618157
1561001257.783934832 222.243639 22.833973 26.374922 -0.041745978 -0.074579518 0.073420712 -0.993632008
1561001257.882513762 222.516442 22.845149 26.411266 -0.038509368 -0.074628881 0.052063934 -0.995106479
1561001257.986949444 222.792707 22.878082 26.439912 -0.032353329 -0.074678778 0.030782617 -0.996207194
1561001258.085971355 223.047428 22.924738 26.458655 -0.026158620 -0.075511608 0.011051193 -0.996740485
1561001258.185831547 223.328034 22.972041 26.455187 -0.021688783 -0.074704903 -0.008932398 -0.996929780
1561001258.287037134 223.601228 23.020516 26.455162 -0.019401073 -0.072967636 -0.029764093 -0.996701270
1561001258.385525942 223.855595 23.075664 26.465522 -0.018037952 -0.072359909 -0.049669592 -0.995977714
1561001258.486941099 224.115955 23.135885 26.481638 -0.017196919 -0.072298333 -0.068694992 -0.994865928
1561001258.585573912 224.342514 23.204730 26.510903 -0.015297250 -0.073294130 -0.085931198 -0.993483666
1561001258.686882019 224.561150 23.286943 26.540467 -0.011945680 -0.074059921 -0.101792678 -0.991973124
1561001258.786857128 224.773853 23.380874 26.568269 -0.007092612 -0.074707774 -0.116031023 -0.990406606
1561001258.885528803 224.980109 23.464670 26.583398 -0.003735961 -0.074389890 -0.129028468 -0.988839644
1561001258.986788273 225.181647 23.547960 26.590624 -0.000774924 -0.073237628 -0.140665464 -0.987344356
1561001259.085823774 225.372035 23.633674 26.593647 0.000857213 -0.072002582 -0.149838434 -0.986084853
1561001259.187026501 225.578360 23.704100 26.598922 0.001292347 -0.071616886 -0.158211995 -0.984803694
1561001259.286971807 225.766223 23.778072 26.616293 0.001958163 -0.072339171 -0.165603821 -0.983533723
1561001259.386546612 225.949018 23.859724 26.632245 0.003584876 -0.072110442 -0.171748842 -0.982491510
1561001259.486963511 226.143111 23.937384 26.653270 0.006693234 -0.071855436 -0.176782197 -0.981600760
1561001259.585779428 226.319237 24.009358 26.663809 0.008525221 -0.071753306 -0.179832383 -0.981039804
1561001259.686743259 226.487645 24.082630 26.667140 0.009185139 -0.072353031 -0.183241076 -0.980358802
1561001259.786795139 226.663413 24.149109 26.678732 0.009946824 -0.072629787 -0.186670347 -0.979683702
1561001259.885503054 226.819667 24.216505 26.689990 0.009702982 -0.072617822 -0.189219490 -0.979197880
1561001259.986832857 226.993064 24.289777 26.705669 0.009400516 -0.072773569 -0.191873280 -0.978672715
1561001260.085716486 227.145895 24.354165 26.722065 0.010391310 -0.072404910 -0.192780894 -0.978511664
1561001260.186737299 227.294562 24.408390 26.739320 0.012056806 -0.072803111 -0.193882977 -0.978245231
1561001260.286787748 227.450207 24.473796 26.743838 0.012859343 -0.072709404 -0.194517809 -0.978115945
1561001260.386779308 227.592554 24.540458 26.747838 0.011952885 -0.072873825 -0.193956515 -0.978226663
1561001260.486798048 227.735022 24.588055 26.757838 0.010919701 -0.072957343 -0.194759641 -0.978072936
1561001260.585663557 227.901140 24.632051 26.772979 0.010322309 -0.073214387 -0.194788466 -0.978054475
1561001260.688299179 228.055778 24.695826 26.789726 0.011625459 -0.073489717 -0.194828071 -0.978011315
1561001260.788265705 228.200649 24.760111 26.805767 0.014665321 -0.073909600 -0.194659932 -0.977972295
1561001260.880759239 228.325905 24.818709 26.815867 0.017161400 -0.074193091 -0.193788499 -0.978083273
1561001260.982336998 228.466182 24.879024 26.816029 0.017974551 -0.074459853 -0.193680977 -0.978069693
1561001261.080796719 228.597164 24.922043 26.812789 0.016268694 -0.074873715 -0.193507466 -0.978102304
1561001261.182353973 228.723069 24.969791 26.818931 0.013839163 -0.075495189 -0.193877647 -0.978018615
1561001261.282357454 228.830643 24.993819 26.832790 0.011627061 -0.075902875 -0.193654123 -0.978060144
1561001261.381294966 228.912540 25.037764 26.849425 0.011630080 -0.075378678 -0.193282407 -0.978174170
1561001261.481816530 228.989836 25.088186 26.862598 0.012289870 -0.074440344 -0.193107371 -0.978272527
1561001261.581508875 229.067106 25.123314 26.867229 0.012646503 -0.073878602 -0.193078253 -0.978316312
1561001261.682790995 229.128630 25.134771 26.870359 0.012606045 -0.074164612 -0.193238506 -0.978263552
1561001261.782887220 229.189793 25.157120 26.875910 0.012162067 -0.074786590 -0.193142107 -0.978240858
1561001261.882843971 229.239500 25.186440 26.879115 0.011785556 -0.075241741 -0.193121945 -0.978214545
1561001261.982786894 229.265462 25.204564 26.879331 0.011587174 -0.075224076 -0.193303893 -0.978182335
1561001262.081084490 229.290485 25.212934 26.880169 0.011525957 -0.074996178 -0.192924078 -0.978275537
1561001262.182512045 229.305803 25.225925 26.879565 0.011767633 -0.074677721 -0.192912974 -0.978299211
1561001262.282594919 229.303348 25.224177 26.881990 0.011997911 -0.074691516 -0.193252671 -0.978228313
1561001262.380850077 229.303320 25.228695 26.878598 0.011513228 -0.074470049 -0.192974295 -0.978305974
1561001262.482621431 229.297762 25.227636 26.880964 0.011670180 -0.074239006 -0.193092509 -0.978298349
1561001262.580987215 229.288514 25.222231 26.883276 0.011784746 -0.073920485 -0.192982894 -0.978342723
1561001262.682578325 229.285568 25.216267 26.883690 0.011666464 -0.073775203 -0.193310703 -0.978290389
1561001262.782799721 229.277841 25.224866 26.879803 0.011516817 -0.073715653 -0.192952543 -0.978367355
1561001262.879019022 229.282029 25.214153 26.876044 0.011502060 -0.073668219 -0.193128745 -0.978336335
1561001262.980127335 229.280370 25.216727 26.879183 0.011688108 -0.073885406 -0.193385543 -0.978267022
1561001263.079006433 229.284195 25.213618 26.879699 0.011608443 -0.073956140 -0.193078361 -0.978323300
1561001263.180182695 229.287675 25.209429 26.876296 0.011470559 -0.073653286 -0.192692997 -0.978423747
1561001263.280131817 229.283779 25.213149 26.877479 0.011557898 -0.073740422 -0.193031114 -0.978349505
1561001263.380120993 229.288406 25.202080 26.879747 0.011814819 -0.073681335 -0.193114209 -0.978334489
1561001263.480331898 229.288601 25.212443 26.882226 0.011838625 -0.073627034 -0.192939026 -0.978372853
1561001263.579029083 229.285526 25.211521 26.880744 0.011415959 -0.073684119 -0.193049829 -0.978351721
1561001263.679976940 229.281360 25.215416 26.878474 0.011595809 -0.073552685 -0.193072180 -0.978355085
1561001263.780044794 229.273022 25.199784 26.879552 0.011692143 -0.073607898 -0.193074998 -0.978349230
1561001263.879136086 229.270378 25.199485 26.878706 0.011561048 -0.073547585 -0.192961668 -0.978377682
1561001263.980287075 229.269187 25.194418 26.881287 0.011659811 -0.073516087 -0.193258145 -0.978320358
1561001264.079188824 229.259770 25.194265 26.879348 0.011561710 -0.073101068 -0.193225551 -0.978359058
1561001264.179423809 229.263987 25.189537 26.877651 0.011514293 -0.072886561 -0.193401297 -0.978340896
1561001264.280143738 229.261478 25.202261 26.875258 0.011598840 -0.073008570 -0.193188941 -0.978372755
1561001264.379698992 229.263044 25.203092 26.876696 0.011545596 -0.073291459 -0.193346529 -0.978321103
1561001264.479955435 229.260137 25.206115 26.876732 0.011638824 -0.073487006 -0.193333445 -0.978307915
1561001264.579000711 229.252819 25.214954 26.874922 0.011425028 -0.073587149 -0.193093941 -0.978350208
1561001264.679854155 229.251527 25.207317 26.874881 0.011594394 -0.073555859 -0.193103305 -0.978348721
1561001264.780039310 229.258162 25.213253 26.879002 0.011755914 -0.073579499 -0.193136718 -0.978338420
1561001264.878878117 229.271829 25.207442 26.878856 0.011572616 -0.073375708 -0.193113042 -0.978360584
1561001264.980018377 229.269923 25.203245 26.877879 0.011576427 -0.073393564 -0.193161400 -0.978349654
1561001265.079008341 229.265622 25.200874 26.880947 0.011666140 -0.073499516 -0.193148713 -0.978343139
1561001265.180118084 229.263058 25.199882 26.881485 0.011759015 -0.073511887 -0.193078407 -0.978354975
1561001265.280055523 229.261193 25.192946 26.877043 0.011555468 -0.073459845 -0.193183480 -0.978340567
1561001265.380818129 229.264171 25.196190 26.877183 0.011656929 -0.073376281 -0.193068013 -0.978368427
1561001265.480165243 229.271519 25.193729 26.875948 0.011575447 -0.073348762 -0.192905427 -0.978403528
1561001265.579069376 229.277530 25.201132 26.875688 0.011493567 -0.073337710 -0.193004681 -0.978385748
1561001265.680074930 229.271785 25.210091 26.875877 0.011536845 -0.073218693 -0.192708418 -0.978452549
1561001265.778976202 229.267828 25.199808 26.877270 0.011609035 -0.073353986 -0.193314731 -0.978321950
1561001265.880017281 229.261347 25.210639 26.878796 0.011756433 -0.073408594 -0.193086594 -0.978361146
1561001265.980122089 229.256676 25.211617 26.879051 0.011635217 -0.073438748 -0.192970637 -0.978383210
1561001266.079062700 229.252828 25.211872 26.880874 0.011742253 -0.073540232 -0.193346160 -0.978300167
1561001266.180367708 229.257309 25.210804 26.877224 0.011579355 -0.073385962 -0.193130417 -0.978356306
1561001266.280313492 229.264215 25.210224 26.876091 0.011545091 -0.073310538 -0.192880011 -0.978411763
1561001266.379811287 229.260799 25.217937 26.876423 0.011538695 -0.073317633 -0.193139279 -0.978360160
1561001266.480233908 229.257213 25.220954 26.875848 0.011513654 -0.073296386 -0.192972108 -0.978395033
1561001266.580021143 229.261360 25.216272 26.877432 0.011532903 -0.073399225 -0.192814856 -0.978418099
1561001266.679935694 229.267726 25.209515 26.879030 0.011672637 -0.073390840 -0.192959120 -0.978388630
1561001266.779905319 229.275235 25.213567 26.878419 0.011644050 -0.073323515 -0.193126631 -0.978360967
1561001266.879906178 229.273514 25.215613 26.876656 0.012137102 -0.073006988 -0.193306697 -0.978343085
