1561000444.690960407 -0.009664 0.009224 -0.000799 0.000058194 -0.000027061 0.000711097 0.999999745
1561000444.789840221 -0.009898 0.000734 0.000344 0.000038242 -0.000121409 0.000271518 0.999999955
1561000444.890985012 -0.023575 -0.007226 0.000284 -0.000113708 -0.000084028 0.000784535 0.999999682
1561000444.989928961 -0.010292 -0.001524 0.001049 -0.001029191 0.000749362 0.000057697 0.999999188
1561000445.090899706 -0.000513 -0.002214 0.001874 -0.000997916 0.001328953 0.000381800 0.999998546
1561000445.190808773 -0.011476 -0.006992 0.002225 -0.000259978 -0.000885997 -0.000034093 0.999999573
1561000445.289847851 -0.004894 -0.003100 0.008074 -0.001190487 -0.000100269 0.000397410 0.999999207
1561000445.392024755 -0.011159 -0.003186 0.003950 -0.000849737 -0.000854553 0.000434717 0.999999179
1561000445.489689350 -0.006360 -0.003408 0.002211 -0.000793396 -0.000184705 0.000294953 0.999999625
1561000445.591002226 -0.006253 -0.005663 0.001253 -0.000681834 -0.000251786 0.000072408 0.999999733
1561000445.690709352 -0.009602 -0.005183 0.000879 -0.000563825 -0.000579675 0.000285978 0.999999632
1561000445.789916754 -0.010549 -0.004839 0.000512 -0.000514775 -0.000550297 0.000427308 0.999999625
1561000445.890565634 -0.013813 -0.007517 0.001851 -0.000223545 -0.000710624 0.000088495 0.999999719
1561000445.989497185 -0.021652 -0.009028 0.002158 -0.000406051 -0.000973767 0.000385975 0.999999369
1561000446.090726376 -0.019559 -0.005292 0.002706 -0.000628247 -0.000584885 0.000397470 0.999999553
1561000446.190500498 -0.017816 -0.006579 0.004067 -0.000563182 -0.000442552 0.000419675 0.999999655
1561000446.290554285 -0.019770 -0.003727 0.005145 -0.000367727 -0.000654696 0.000069413 0.999999716
1561000446.389827251 -0.017292 -0.004473 0.003114 -0.000473409 -0.000410306 0.000327681 0.999999750
1561000446.489336014 -0.016091 -0.003360 0.003688 -0.000398889 -0.000301348 0.000133832 0.999999866
1561000446.590505362 -0.014140 -0.006463 0.006262 -0.000259624 -0.000355669 0.000089420 0.999999899
1561000446.690697193 -0.014317 -0.008676 0.003504 -0.000190676 -0.000344926 0.000299516 0.999999877
1561000446.789582729 -0.015580 -0.006581 0.001984 -0.000419798 -0.000386977 0.000050851 0.999999836
1561000446.890337706 -0.019524 -0.005235 0.002287 -0.000343471 -0.000418711 0.000237946 0.999999825
1561000446.989904642 -0.017711 -0.007625 0.002032 -0.000214780 -0.000374828 0.000186641 0.999999889
1561000447.090824366 -0.013689 -0.008142 0.002364 -0.000158695 -0.000235381 0.000400680 0.999999879
1561000447.190652609 -0.012364 -0.012088 0.005090 -0.000110348 -0.000449471 0.000009957 0.999999893
1561000447.289533615 -0.016562 -0.011126 0.004585 -0.000148055 -0.000515024 0.000245846 0.999999826
1561000447.390721798 -0.021349 -0.008827 0.003627 -0.000256831 -0.000533760 0.000236817 0.999999797
1561000447.490360498 -0.016295 -0.007464 0.002492 -0.000237526 -0.000244554 0.000288800 0.999999900
1561000447.591073036 -0.013914 -0.004635 0.002988 -0.000407921 -0.000258872 0.000255910 0.999999851
1561000447.690877914 -0.018945 -0.005863 0.003209 -0.000186928 -0.000489487 0.000252974 0.999999831
1561000447.789836407 -0.016249 -0.007377 0.002924 -0.000194190 -0.000306704 0.000226793 0.999999908
1561000447.890936136 -0.019011 -0.010956 0.002232 -0.000020318 -0.000383324 0.000216910 0.999999903
1561000447.990168571 -0.018916 -0.009381 0.002592 -0.000225587 -0.000381698 0.000288555 0.999999860
1561000448.090349197 -0.016494 -0.009700 0.003810 -0.000138031 -0.000314304 0.000278361 0.999999902
1561000448.191004276 -0.013908 -0.007000 0.002842 -0.000208975 -0.000297305 0.000514308 0.999999802
1561000448.289577246 -0.015162 -0.011861 0.003310 -0.000042061 -0.000322896 0.000345915 0.999999887
1561000448.390671253 -0.018203 -0.014061 0.003092 -0.000037272 -0.000458675 0.000228769 0.999999868
1561000448.489511728 -0.017258 -0.009422 0.003596 -0.000308024 -0.000355842 0.000115367 0.999999883
1561000448.590608120 -0.013029 -0.005508 0.002731 -0.000236413 -0.000339615 0.000327430 0.999999861
1561000448.690651894 -0.004888 -0.009277 0.003663 -0.000126300 -0.000202017 0.000179090 0.999999956
1561000448.789461136 -0.004344 -0.009999 0.002895 -0.000044740 0.000001253 0.000358506 0.999999935
1561000448.890692711 0.002451 -0.008303 0.001094 -0.000150488 0.000160565 0.000416698 0.999999889
1561000448.989786625 -0.004674 -0.009032 0.006877 -0.000079537 -0.000231067 0.000495656 0.999999847
1561000449.089923859 -0.023750 -0.011513 0.006868 -0.000022431 -0.000698438 0.000411634 0.999999671
1561000449.191127777 -0.043980 -0.005070 0.007580 -0.000091865 -0.001080759 0.000547584 0.999999262
1561000449.291090965 -0.063010 -0.008686 0.008428 0.000061420 -0.001247862 0.000311238 0.999999171
1561000449.390028477 -0.083694 -0.012665 0.007343 0.000140284 -0.001441513 0.000413612 0.999998866
1561000449.489800453 -0.105593 -0.013944 0.006340 0.000162664 -0.001241942 0.000455322 0.999999112
1561000449.591216087 -0.135281 -0.010612 0.006809 -0.000055238 -0.001400069 0.000781943 0.999998713
1561000449.690748215 -0.169152 -0.012161 0.009406 -0.000033815 -0.001664408 0.000454927 0.999998511
1561000449.790826559 -0.207366 -0.011222 0.011068 -0.000063549 -0.001807472 0.000632350 0.999998165
1561000449.890484333 -0.255136 -0.014524 0.014071 -0.000124796 -0.002210213 0.000320664 0.999997498
1561000449.989384174 -0.305269 -0.013991 0.015174 -0.000025200 -0.002371045 0.000576226 0.999997023
1561000450.090550661 -0.376728 -0.011202 0.017405 -0.000025599 -0.003004776 0.000594678 0.999995309
1561000450.190747499 -0.447515 -0.006249 0.015670 -0.000012641 -0.003014132 0.000774147 0.999995158
1561000450.289514065 -0.525158 -0.011423 0.016435 0.000134251 -0.003478311 0.000762783 0.999993651
1561000450.390977383 -0.609656 -0.014064 0.020048 0.000032365 -0.003723076 0.000553407 0.999992916
1561000450.490693569 -0.709805 -0.008455 0.023115 -0.000325979 -0.003955096 0.000931065 0.999991692
1561000450.590475798 -0.814162 -0.011145 0.023349 -0.000398932 -0.004224868 0.000993892 0.999990502
1561000450.690769196 -0.920228 -0.009884 0.026142 -0.000443390 -0.004392100 0.000953403 0.999989802
1561000450.790421963 -1.047673 -0.009955 0.029698 -0.000310567 -0.004655509 0.001484566 0.999988013
1561000450.890805483 -1.190535 -0.011720 0.035063 -0.000250142 -0.005084002 0.000995082 0.999986550
1561000450.990065098 -1.335098 -0.011903 0.036237 -0.000269245 -0.005101268 0.001255814 0.999986164
1561000451.089601278 -1.492933 -0.013042 0.040033 -0.000190787 -0.005585364 0.001221511 0.999983637
1561000451.190702677 -1.654861 -0.014757 0.045774 0.000029294 -0.005674446 0.000685550 0.999983665
1561000451.289549351 -1.834852 -0.014485 0.050311 -0.000084451 -0.006378665 0.000529008 0.999979513
1561000451.390942574 -2.031439 -0.008121 0.053130 -0.000437333 -0.006894061 0.000110346 0.999976134
1561000451.490741730 -2.228369 -0.002786 0.052860 -0.000582478 -0.006937758 -0.000369046 0.999975696
1561000451.590685844 -2.434774 -0.002009 0.062202 -0.000704717 -0.007737703 -0.000764161 0.999969523
1561000451.690819502 -2.652071 0.000520 0.067972 -0.000783032 -0.008135283 -0.001240406 0.999965832
1561000451.789732456 -2.878037 0.000566 0.071607 -0.001165572 -0.008135051 -0.002146323 0.999963927
1561000451.890969038 -3.108611 0.003022 0.077322 -0.001358769 -0.008466513 -0.003373120 0.999957546
1561000451.991102695 -3.358933 0.006478 0.084495 -0.001670175 -0.008655258 -0.003838384 0.999953781
1561000452.090730190 -3.624069 0.015344 0.092034 -0.001886291 -0.008517309 -0.004169492 0.999953255
1561000452.190870523 -3.902641 0.027035 0.103620 -0.002145141 -0.008896592 -0.004811356 0.999946549
1561000452.289744616 -4.173195 0.031809 0.113492 -0.001459176 -0.008680113 -0.005803679 0.999944420
1561000452.390495539 -4.466787 0.035454 0.127165 -0.000980997 -0.008866368 -0.006688049 0.999937846
1561000452.490859747 -4.770880 0.040421 0.132431 -0.000219981 -0.008470686 -0.007342051 0.999937145
1561000452.589534998 -5.084236 0.046555 0.135106 -0.000558342 -0.008142616 -0.008230559 0.999932820
1561000452.690699339 -5.409196 0.050038 0.141786 -0.001160832 -0.007890271 -0.008626187 0.999930990
1561000452.790271759 -5.729211 0.060713 0.150844 -0.001666026 -0.007652713 -0.010109330 0.999918228
1561000452.890717983 -6.069907 0.079426 0.162925 -0.001902523 -0.007816288 -0.010451082 0.999913027
1561000452.991006613 -6.428990 0.092911 0.176680 -0.001844670 -0.008619796 -0.011615950 0.999893677
1561000453.090831518 -6.784265 0.101362 0.189589 -0.001565470 -0.009298531 -0.012518484 0.999877180
1561000453.190958738 -7.158872 0.113217 0.200759 -0.000699843 -0.009547262 -0.013558726 0.999862251
1561000453.290456533 -7.533171 0.118388 0.213935 -0.000137388 -0.009520729 -0.014336597 0.999851888
1561000453.390083790 -7.916369 0.132657 0.224870 -0.000030212 -0.010129249 -0.015899008 0.999822294
1561000453.491702557 -8.317133 0.148231 0.231104 -0.000341946 -0.010160450 -0.015971862 0.999820758
1561000453.589804411 -8.702177 0.168926 0.239360 -0.000956448 -0.010475045 -0.017261939 0.999795671
1561000453.691663504 -9.110144 0.191211 0.255834 -0.001198033 -0.010733734 -0.018277383 0.999774619
1561000453.789923191 -9.515235 0.212138 0.267918 -0.001195606 -0.010767515 -0.019396724 0.999753169
1561000453.891751766 -9.940551 0.236750 0.284925 -0.000802792 -0.011153959 -0.020063029 0.999736175
1561000453.991718292 -10.369206 0.246497 0.296018 -0.000583868 -0.011923719 -0.021168907 0.999704637
1561000454.089779854 -10.806738 0.267219 0.305929 -0.000706978 -0.012705470 -0.021446669 0.999689007
1561000454.191651821 -11.253080 0.290498 0.319668 -0.001056325 -0.012788315 -0.022346918 0.999667924
1561000454.291075945 -11.710215 0.317291 0.333997 -0.001335704 -0.012585017 -0.022459849 0.999667639
1561000454.393143415 -12.171706 0.341490 0.348947 -0.001443158 -0.012368010 -0.022863463 0.999661048
1561000454.493148088 -12.627865 0.370430 0.359281 -0.001798191 -0.012952328 -0.023714558 0.999633244
1561000454.591818571 -13.103548 0.397553 0.371828 -0.001807265 -0.013768044 -0.024101795 0.999613064
1561000454.692864180 -13.594237 0.416515 0.381629 -0.002356871 -0.013712452 -0.023537404 0.999626132
1561000454.791187763 -14.084414 0.445967 0.398231 -0.002616948 -0.014033001 -0.023403850 0.999624173
1561000454.893124104 -14.599868 0.476777 0.415066 -0.002468480 -0.014065867 -0.023132551 0.999630403
1561000454.993269920 -15.108107 0.499520 0.427764 -0.002520269 -0.013822100 -0.023109547 0.999634206
1561000455.093516111 -15.621504 0.519051 0.441213 -0.002293475 -0.013189085 -0.022477729 0.999657711
1561000455.194743395 -16.131467 0.543020 0.459146 -0.002094412 -0.012687686 -0.022045793 0.999674256
1561000455.292998314 -16.654466 0.561789 0.476346 -0.002016488 -0.012204234 -0.022144659 0.999678251
1561000455.394336224 -17.212457 0.585183 0.490871 -0.002414225 -0.012204021 -0.022243233 0.999675183
1561000455.494491339 -17.745004 0.612655 0.506887 -0.002767267 -0.012972194 -0.021748723 0.999675476
1561000455.594374657 -18.287456 0.638799 0.519953 -0.002725274 -0.013233884 -0.021157222 0.999684855
1561000455.694270849 -18.850672 0.673641 0.539310 -0.002502660 -0.013773122 -0.021017709 0.999681096
1561000455.794226646 -19.409479 0.697238 0.555888 -0.002126204 -0.014146051 -0.020626468 0.999684909
1561000455.894397020 -19.968715 0.706625 0.573036 -0.002223917 -0.013746246 -0.020486338 0.999693155
1561000455.995969534 -20.553235 0.720207 0.588635 -0.002298983 -0.012900318 -0.020184012 0.999710409
1561000456.095927477 -21.151285 0.751163 0.609648 -0.002345546 -0.012305555 -0.020698123 0.999707287
1561000456.196671247 -21.752313 0.774670 0.632981 -0.002093218 -0.009363039 -0.019749289 0.999758930
1561000456.294605732 -22.364362 0.810665 0.670854 -0.003156054 -0.000879715 -0.020008772 0.999794436
1561000456.394398451 -22.961512 0.838353 0.709948 -0.005133231 0.007094420 -0.019751159 0.999766578
1561000456.495333672 -23.549148 0.860866 0.736652 -0.008039916 0.011589550 -0.020294209 0.999694547
1561000456.595847607 -24.141148 0.907934 0.778374 -0.010109497 0.009915410 -0.020146960 0.999696745
1561000456.695765257 -24.721440 0.946873 0.809704 -0.009411106 0.001754322 -0.020011737 0.999753912
1561000456.794343472 -25.335469 0.979566 0.817825 -0.007176811 -0.010793443 -0.020451087 0.999706831
1561000456.895544529 -25.999546 0.999613 0.816091 -0.006193125 -0.023094982 -0.019873444 0.999516540
1561000456.995571613 -26.685868 1.018669 0.811937 -0.006830019 -0.030901630 -0.018756950 0.999323079
1561000457.094012499 -27.387704 1.047855 0.811129 -0.008284519 -0.029474020 -0.017855220 0.999371723
1561000457.195689201 -28.096731 1.067769 0.837301 -0.008523427 -0.024505559 -0.016627555 0.999525064
1561000457.294307232 -28.815464 1.093646 0.871485 -0.005912493 -0.015825497 -0.015599074 0.999735598
1561000457.394391537 -29.526081 1.103923 0.901471 -0.003193053 -0.006034409 -0.014804193 0.999867104
1561000457.495700121 -30.227771 1.116251 0.918851 -0.001666470 0.001172730 -0.014314490 0.999895466
1561000457.595972300 -30.912907 1.126173 0.934312 -0.001727400 0.003456918 -0.013796225 0.999897360
1561000457.696955442 -31.619817 1.153843 0.955131 -0.003170128 0.000847601 -0.012747974 0.999913357
1561000457.797145367 -32.334522 1.183114 0.987855 -0.003360950 -0.004462998 -0.012711233 0.999903600
1561000457.898173571 -33.091570 1.211049 1.019817 -0.002038455 -0.007730822 -0.012463650 0.999890362
1561000457.998225451 -33.850810 1.231798 1.040412 -0.001483908 -0.007626253 -0.012785060 0.999888084
1561000458.097838402 -34.625165 1.248872 1.060137 -0.001879905 -0.005848100 -0.013104545 0.999895263
1561000458.198403120 -35.400476 1.263953 1.087113 -0.002813546 -0.004194036 -0.013090196 0.999901566
1561000458.297377825 -36.177564 1.299748 1.118943 -0.003388911 -0.003487244 -0.013290452 0.999899854
1561000458.398629904 -36.986501 1.322533 1.148932 -0.003437074 -0.003710365 -0.013471979 0.999896457
1561000458.498565197 -37.776138 1.344573 1.187318 -0.002964791 -0.003546252 -0.012908924 0.999905992
1561000458.598814249 -38.583736 1.372430 1.223620 -0.002269349 -0.002354172 -0.012310501 0.999918876
1561000458.698438644 -39.403683 1.387374 1.258790 -0.001474577 -0.001830440 -0.011246979 0.999933988
1561000458.798099518 -40.224973 1.409146 1.292353 -0.001151653 -0.002052575 -0.010251779 0.999944679
1561000458.898592234 -41.075919 1.437452 1.327946 -0.000717628 -0.004034025 -0.009748143 0.999944091
1561000458.998398304 -41.912792 1.465431 1.360134 -0.000056937 -0.005030569 -0.008798863 0.999948634
1561000459.098562717 -42.771024 1.479432 1.390008 0.000350860 -0.005658682 -0.008326308 0.999949263
1561000459.198596478 -43.637982 1.486150 1.420790 0.000455850 -0.005927540 -0.007493278 0.999954253
1561000459.297422409 -44.509657 1.496267 1.451433 0.000162764 -0.006143931 -0.006488215 0.999960064
1561000459.398509264 -45.374308 1.512361 1.483570 0.000394470 -0.006195556 -0.005903738 0.999963302
1561000459.491431713 -46.229533 1.527586 1.519085 0.000332938 -0.005766591 -0.005465811 0.999968380
1561000459.590748072 -47.140629 1.543083 1.553706 0.000295556 -0.005111963 -0.004667624 0.999975997
1561000459.690859795 -48.068826 1.548312 1.588071 0.000144686 -0.005949086 -0.003550088 0.999975992
1561000459.792152643 -48.990120 1.547366 1.626578 0.000506161 -0.006484197 -0.002503921 0.999975714
1561000459.892140865 -49.891781 1.552040 1.661379 0.000803728 -0.007063748 -0.002103320 0.999972516
1561000459.991663933 -50.800886 1.555992 1.697060 0.001310456 -0.007654958 -0.000884103 0.999969451
1561000460.089981079 -51.690907 1.559249 1.729006 0.001057931 -0.007737936 0.000028224 0.999969502
1561000460.192225695 -52.613562 1.573329 1.762180 0.001038339 -0.007202987 0.000677405 0.999973290
1561000460.289808273 -53.480910 1.580254 1.792675 0.000628503 -0.007266385 0.001830863 0.999971726
1561000460.392013788 -54.372017 1.581869 1.830947 0.000863612 -0.008015927 0.002957978 0.999963124
1561000460.491705418 -55.251506 1.581621 1.871257 0.001667978 -0.007213338 0.004484324 0.999962538
1561000460.591535568 -56.121501 1.575677 1.907601 0.002499744 -0.003967800 0.005866297 0.999971797
1561000460.693044901 -56.996436 1.545824 1.943869 0.002746801 -0.000909852 0.007686075 0.999966275
1561000460.792782307 -57.849400 1.533515 1.986404 0.002142346 -0.000310937 0.008370867 0.999962620
1561000460.893334866 -58.705152 1.526791 2.029092 0.002177639 -0.002378333 0.008732314 0.999956673
1561000460.993417740 -59.565049 1.522843 2.066324 0.002580641 -0.004328534 0.009425154 0.999942884
1561000461.093293667 -60.426873 1.499282 2.102202 0.003201350 -0.004779200 0.011288087 0.999919742
1561000461.193225145 -61.292865 1.483825 2.139404 0.003514992 -0.002732030 0.012262920 0.999914897
1561000461.291528463 -62.153365 1.465383 2.176447 0.003160117 -0.000669219 0.012794112 0.999912934
1561000461.394608974 -63.018641 1.442713 2.217614 0.003324198 -0.000216710 0.013596366 0.999902016
1561000461.493082523 -63.870123 1.424530 2.259161 0.003729897 -0.000940184 0.013944891 0.999895367
1561000461.591284275 -64.708185 1.413685 2.300173 0.004268462 -0.001564870 0.014053673 0.999890907
1561000461.692978859 -65.587805 1.387630 2.335543 0.004004852 -0.001837778 0.014646297 0.999883028
1561000461.791321754 -66.447289 1.371559 2.378865 0.003648222 -0.002332082 0.015241766 0.999874462
1561000461.893237352 -67.298692 1.353944 2.413984 0.003842023 -0.001896098 0.015599998 0.999869133
1561000461.992689133 -68.148457 1.334571 2.449102 0.002727276 -0.002154553 0.015527494 0.999873400
1561000462.092755795 -69.000941 1.304717 2.480542 0.002317003 -0.002251802 0.016464416 0.999859232
1561000462.192743063 -69.858386 1.288552 2.524704 0.001975129 -0.002133464 0.016577043 0.999858364
1561000462.291191816 -70.699575 1.262625 2.569532 0.003170499 -0.000248222 0.017167459 0.999847571
1561000462.392919540 -71.547548 1.245983 2.611401 0.004238420 0.003348810 0.017703765 0.999828684
1561000462.493056536 -72.390312 1.220095 2.650676 0.004177913 0.005337958 0.018959719 0.999797270
1561000462.593165636 -73.208106 1.192122 2.700657 0.004550147 0.007839129 0.019644601 0.999765940
1561000462.693187475 -74.040986 1.168313 2.761941 0.003727827 0.013814205 0.019889072 0.999699803
1561000462.791540384 -74.850540 1.141178 2.823036 0.002295479 0.020357847 0.020575692 0.999578376
1561000462.893048763 -75.667655 1.122285 2.895216 0.001478302 0.021426311 0.021763466 0.999532430
1561000462.992889166 -76.476843 1.114818 2.949793 0.001673959 0.014872707 0.022108789 0.999643537
1561000463.091602325 -77.289797 1.111725 2.962295 0.002549832 0.008550091 0.024575109 0.999658171
1561000463.192769766 -78.158153 1.120141 2.954624 0.002704499 0.002278726 0.027401615 0.999618249
1561000463.291107655 -79.006364 1.078595 2.955014 0.004455911 -0.012070344 0.027716860 0.999533005
1561000463.392715931 -79.887736 0.995252 2.986058 0.002052097 -0.010273426 0.029752900 0.999502381
1561000463.493252277 -80.738716 0.900290 2.985855 0.000031631 -0.007241789 0.031594278 0.999474541
1561000463.591268778 -81.551073 0.817376 3.001939 -0.000631141 0.005950029 0.032969841 0.999438437
1561000463.692990780 -82.376412 0.790755 3.125024 0.000199946 0.018314416 0.034577859 0.999234164
1561000463.791543961 -83.183034 0.764555 3.224521 0.000951957 0.012219911 0.036315553 0.999265204
1561000463.893058777 -84.029127 0.733903 3.278145 0.002539806 0.008302734 0.037620789 0.999254367
1561000463.992616177 -84.875293 0.683607 3.305622 0.003955171 0.009616378 0.037489613 0.999242919
1561000464.092208385 -85.739786 0.639196 3.338190 0.003525097 0.012596628 0.038606265 0.999168882
1561000464.192788363 -86.602680 0.591329 3.376525 0.002984583 0.013097826 0.039460508 0.999130826
1561000464.292778969 -87.462448 0.529022 3.422887 0.002797306 0.009988314 0.040136003 0.999140385
1561000464.392698526 -88.315916 0.480459 3.464971 0.002642973 0.007063780 0.040939473 0.999133163
1561000464.490947247 -89.168905 0.442185 3.512997 0.002565245 0.004685335 0.041662095 0.999117479
1561000464.592762232 -90.053721 0.387669 3.550770 0.003001627 0.005124082 0.041983455 0.999100657
1561000464.694278717 -90.943893 0.332305 3.589775 0.002805825 0.006346008 0.042238611 0.999083458
1561000464.794461250 -91.818622 0.269638 3.628895 0.001976488 0.007817851 0.042454610 0.999065854
1561000464.894521475 -92.690071 0.225813 3.663501 0.000471332 0.008409119 0.042699479 0.999052461
1561000464.993170500 -93.547021 0.183398 3.704395 -0.001014215 0.007578128 0.042621980 0.999062015
1561000465.094898701 -94.433500 0.133637 3.747873 -0.001647133 0.007398237 0.042450780 0.999069810
1561000465.194531679 -95.310047 0.075418 3.799005 -0.001915273 0.008733562 0.043540831 0.999011638
1561000465.292782545 -96.185744 0.031335 3.850850 -0.002130291 0.011415012 0.043863604 0.998970041
1561000465.394203663 -97.083949 -0.039258 3.911291 -0.001003411 0.013409498 0.044179577 0.998933103
1561000465.492971420 -97.966823 -0.089712 3.973410 -0.000181471 0.014046657 0.044799455 0.998897226
1561000465.594240665 -98.857246 -0.151732 4.026242 0.001182244 0.013723533 0.045004549 0.998891815
1561000465.694235325 -99.742170 -0.224431 4.078019 0.002553184 0.012312103 0.046075837 0.998858804
1561000465.793699980 -100.631518 -0.284566 4.122637 0.003225120 0.010439734 0.046913010 0.998839216
1561000465.894294024 -101.548656 -0.360095 4.166987 0.003495853 0.009533465 0.047231868 0.998832340
1561000465.994695663 -102.448590 -0.430875 4.213703 0.003796246 0.009448097 0.048027305 0.998794123
1561000466.095717192 -103.375407 -0.506444 4.261996 0.003736229 0.010298276 0.048359832 0.998769900
1561000466.195694208 -104.279642 -0.578416 4.310251 0.004023429 0.012052774 0.049004247 0.998717741
1561000466.294323921 -105.172298 -0.648091 4.363817 0.003918193 0.012642209 0.049857827 0.998668623
1561000466.396030426 -106.072932 -0.724487 4.423617 0.004336308 0.012619055 0.050560169 0.998631877
1561000466.494501352 -106.962509 -0.807231 4.475299 0.004850369 0.012343875 0.050412307 0.998640427
1561000466.594139338 -107.861880 -0.879967 4.525796 0.005227884 0.011986944 0.051638691 0.998580206
1561000466.695596457 -108.795162 -0.951234 4.575073 0.005383879 0.011664424 0.050965050 0.998617804
1561000466.795515776 -109.706511 -1.020466 4.624703 0.005239732 0.011206841 0.051403993 0.998601313
1561000466.895705223 -110.624791 -1.095942 4.670645 0.004782430 0.010307589 0.050538021 0.998657494
1561000466.994037151 -111.525728 -1.166645 4.720306 0.004635880 0.009436128 0.050655909 0.998660827
1561000467.095643520 -112.472684 -1.240847 4.770793 0.004444600 0.010280188 0.049628556 0.998704946
1561000467.195755720 -113.407127 -1.311006 4.823723 0.004212253 0.012404265 0.049450786 0.998690648
1561000467.294183493 -114.322663 -1.376306 4.879287 0.004031637 0.014335859 0.048869538 0.998694146
1561000467.395981312 -115.259881 -1.450231 4.937993 0.003908132 0.014243277 0.048325422 0.998722439
1561000467.494222879 -116.171654 -1.520542 4.993315 0.004538710 0.013254405 0.047840358 0.998756738
1561000467.595788240 -117.118350 -1.572076 5.042329 0.004344067 0.012658587 0.047534427 0.998779939
1561000467.697261810 -118.068107 -1.643564 5.095313 0.004046369 0.011420891 0.047171399 0.998813321
1561000467.796096563 -118.990738 -1.697939 5.143237 0.003723344 0.010502792 0.046300966 0.998865381
1561000467.898912191 -119.937896 -1.770640 5.193885 0.003668683 0.010376125 0.046715903 0.998847587
1561000467.997792482 -120.847821 -1.841451 5.246244 0.003221072 0.011339064 0.046911764 0.998829483
1561000468.098774433 -121.786457 -1.906919 5.307194 0.003069612 0.013088084 0.046351513 0.998834729
1561000468.199085951 -122.709845 -1.983285 5.364151 0.003562743 0.014585337 0.046247992 0.998817149
1561000468.298639774 -123.615089 -2.040898 5.422984 0.004061602 0.014745460 0.046215838 0.998814383
1561000468.398650646 -124.521390 -2.110504 5.478412 0.004403285 0.013756556 0.046335061 0.998821521
1561000468.497553587 -125.416165 -2.173513 5.525137 0.004834677 0.012130092 0.045994655 0.998856335
1561000468.597660542 -126.315982 -2.231460 5.569733 0.004289985 0.010975017 0.046088378 0.998867862
1561000468.698735237 -127.216982 -2.291933 5.620068 0.003623226 0.010851086 0.046085084 0.998872009
1561000468.799138308 -128.093823 -2.352420 5.671049 0.003274447 0.012269733 0.045988131 0.998861263
1561000468.898944616 -128.986830 -2.404873 5.725747 0.002794393 0.015327901 0.045808354 0.998828735
1561000468.997658014 -129.853947 -2.458596 5.780536 0.002853281 0.017255892 0.045835694 0.998795866
1561000469.098743439 -130.750261 -2.531016 5.844468 0.003181742 0.018615825 0.046509552 0.998739300
1561000469.198728800 -131.625057 -2.597362 5.913833 0.003349609 0.025845419 0.046616947 0.998572809
1561000469.297603846 -132.478727 -2.625631 5.988447 0.001428112 0.036083952 0.046783824 0.998252064
1561000469.398669481 -133.308613 -2.678166 6.078212 -0.000359091 0.041287017 0.046719009 0.998054401
1561000469.497533321 -134.125814 -2.729476 6.142419 -0.000012466 0.037142248 0.047188693 0.998195212
1561000469.598685026 -134.954916 -2.772117 6.185440 -0.001495008 0.037965047 0.047148306 0.998165045
1561000469.697489262 -135.831720 -2.813633 6.190030 -0.001860134 0.043972265 0.048759363 0.997840420
1561000469.798743248 -136.700909 -2.840063 6.187490 0.000800510 0.035408139 0.049104209 0.998165517
1561000469.898843288 -137.653207 -2.940897 6.182744 0.000457321 0.007501528 0.050673200 0.998687010
1561000469.997683287 -138.566190 -3.022117 6.219074 -0.000176871 0.012386692 0.052367247 0.998551055
1561000470.098691225 -139.456881 -3.116132 6.280707 -0.000877264 0.026457552 0.053146834 0.998235765
1561000470.198817492 -140.289102 -3.183719 6.381979 -0.001898570 0.038368408 0.053835963 0.997810578
1561000470.298787117 -141.109534 -3.245201 6.463067 -0.002618699 0.034998887 0.054250485 0.997910369
1561000470.398488760 -141.961576 -3.304092 6.510130 -0.002647356 0.026312921 0.054961247 0.998138208
1561000470.497673512 -142.844973 -3.384811 6.551659 -0.002739290 0.021868296 0.055187398 0.998232751
1561000470.598559380 -143.767474 -3.441961 6.597880 -0.003594159 0.025032879 0.055948848 0.998113302
1561000470.698760986 -144.680255 -3.524534 6.653628 -0.004272937 0.031151428 0.056751648 0.997893071
1561000470.797593355 -145.570184 -3.600531 6.712639 -0.004154414 0.035470912 0.057569516 0.997702514
1561000470.898755312 -146.461736 -3.697518 6.779269 -0.003633818 0.035465360 0.058521682 0.997649345
1561000470.997597694 -147.341731 -3.768283 6.839568 -0.003141512 0.032028206 0.058717210 0.997755789
1561000471.098733187 -148.248942 -3.833072 6.890436 -0.002522008 0.029177205 0.059548754 0.997795709
1561000471.199223995 -149.158179 -3.911103 6.939856 -0.002793460 0.028305393 0.060304746 0.997774693
1561000471.298613787 -150.081080 -3.998125 6.996658 -0.003564844 0.029006104 0.061196233 0.997697829
1561000471.398758650 -150.995735 -4.092509 7.053131 -0.004051220 0.031694452 0.062186663 0.997552940
1561000471.498985529 -151.895998 -4.179149 7.112541 -0.004272502 0.033908610 0.063350481 0.997405970
1561000471.598696709 -152.803436 -4.266382 7.175381 -0.003878767 0.034890346 0.064449054 0.997303333
1561000471.698431969 -153.705178 -4.335644 7.239649 -0.003395235 0.033705732 0.065069084 0.997305575
1561000471.797386169 -154.611593 -4.434677 7.296560 -0.003069716 0.031342884 0.065630932 0.997346871
1561000471.898876905 -155.528571 -4.538909 7.351208 -0.003333311 0.030339813 0.066816029 0.997298352
1561000471.997526407 -156.452319 -4.635165 7.403193 -0.004306488 0.029804426 0.068045819 0.997227615
1561000472.098687649 -157.371442 -4.740379 7.461625 -0.005561085 0.030108131 0.068422060 0.997186540
1561000472.198420286 -158.274379 -4.827303 7.530319 -0.005227529 0.031956633 0.069549497 0.997052814
1561000472.297525644 -159.177512 -4.934648 7.592832 -0.004815888 0.034407282 0.070817009 0.996884094
1561000472.398819208 -160.109967 -5.044752 7.658186 -0.004556036 0.035402860 0.071229520 0.996821065
1561000472.497413635 -161.010058 -5.132620 7.725731 -0.004611030 0.034630625 0.071350203 0.996839308
1561000472.598674059 -161.938660 -5.230782 7.782967 -0.004580348 0.032957228 0.071536900 0.996882798
1561000472.697529554 -162.847364 -5.339799 7.838642 -0.004470841 0.031782747 0.072572599 0.996846571
1561000472.798595905 -163.783732 -5.450804 7.903831 -0.004672568 0.031704697 0.072822284 0.996829922
1561000472.898661137 -164.717638 -5.577737 7.966782 -0.005053708 0.032322984 0.073465704 0.996760992
1561000472.997483015 -165.654706 -5.689206 8.026863 -0.006010343 0.033097893 0.074214254 0.996674796
1561000473.097829819 -166.597273 -5.802218 8.090080 -0.006614673 0.033167796 0.074798238 0.996624988
1561000473.198192835 -167.530127 -5.909149 8.157738 -0.006400108 0.033688899 0.076496175 0.996480021
1561000473.297419310 -168.466225 -6.028984 8.229424 -0.005405296 0.033349946 0.077160028 0.996446132
1561000473.398583412 -169.423818 -6.150025 8.283181 -0.005472663 0.035189768 0.077993386 0.996317601
1561000473.497886658 -170.353712 -6.275281 8.344424 -0.008682385 0.038634065 0.079065306 0.996082679
1561000473.598819733 -171.264990 -6.373424 8.423945 -0.011749699 0.042175549 0.080349228 0.995804785
1561000473.697914362 -172.185024 -6.490840 8.519640 -0.011548204 0.041107907 0.081424658 0.995764432
1561000473.798618078 -173.124945 -6.604444 8.603048 -0.009854911 0.035268864 0.082428205 0.995923983
1561000473.898847580 -174.069393 -6.709621 8.659665 -0.007946589 0.026589522 0.084385463 0.996046657
1561000473.997542381 -175.027399 -6.840465 8.693117 -0.005378086 0.018328310 0.085198077 0.996180926
1561000474.090906858 -175.954918 -6.995244 8.722556 -0.005383458 0.017056964 0.085880031 0.996144918
1561000474.190661907 -176.931707 -7.150333 8.773561 -0.005522899 0.025948819 0.086447078 0.995903137
1561000474.291448832 -177.885078 -7.307518 8.830911 -0.005961686 0.035952359 0.087738259 0.995476712
1561000474.390841484 -178.819652 -7.437341 8.900445 -0.006329033 0.040942549 0.089008451 0.995168904
1561000474.489720345 -179.750012 -7.568207 8.976203 -0.006877103 0.038993624 0.090313734 0.995125938
1561000474.590834141 -180.708622 -7.703343 9.042870 -0.006545450 0.033807281 0.091088910 0.995247223
1561000474.689707518 -181.658723 -7.851139 9.097787 -0.006073368 0.028777719 0.091346964 0.995384694
1561000474.790758371 -182.638178 -7.999691 9.145144 -0.005900368 0.027405909 0.091799170 0.995382848
1561000474.890908957 -183.603757 -8.147687 9.190999 -0.007199064 0.029097714 0.093236542 0.995192667
1561000474.990330219 -184.552295 -8.293201 9.245897 -0.008932499 0.031342810 0.093913824 0.995046749
1561000475.090858936 -185.511490 -8.427604 9.306663 -0.009888550 0.031993160 0.094846545 0.994928534
1561000475.190018892 -186.470840 -8.572036 9.369572 -0.010171988 0.030578320 0.095532172 0.994904569
1561000475.290892124 -187.450428 -8.719767 9.430873 -0.009887950 0.028977108 0.096093171 0.994901331
1561000475.391099453 -188.406933 -8.881977 9.499729 -0.008743353 0.030816965 0.096973299 0.994771355
1561000475.490512609 -189.364251 -9.047930 9.566520 -0.008522699 0.036005395 0.098444271 0.994454474
1561000475.590990305 -190.324533 -9.213975 9.643349 -0.008596941 0.039996890 0.099945852 0.994151481
1561000475.689885616 -191.276570 -9.358760 9.713374 -0.008387951 0.039164046 0.101080209 0.994071733
1561000475.790538073 -192.236405 -9.521593 9.788948 -0.007094543 0.034353362 0.102283449 0.994136615
1561000475.890708208 -193.191595 -9.687772 9.852945 -0.005248244 0.030914658 0.103643345 0.994120112
1561000475.991542339 -194.148635 -9.862427 9.911878 -0.004195998 0.029056435 0.104643384 0.994076395
1561000476.090585470 -195.093381 -10.030619 9.968527 -0.003750590 0.029642909 0.105919493 0.993925697
1561000476.189838648 -196.023942 -10.205624 10.023943 -0.003377014 0.031027102 0.107359826 0.993730236
1561000476.290277719 -196.954064 -10.374369 10.082562 -0.003991819 0.031970937 0.108596245 0.993563677
1561000476.390512943 -197.878052 -10.560297 10.149160 -0.004093119 0.031824703 0.110046678 0.993408357
1561000476.489376068 -198.789926 -10.729195 10.208544 -0.003648651 0.031613049 0.111106538 0.993298867
1561000476.591535568 -199.703481 -10.899483 10.278884 -0.002214637 0.032739977 0.112185983 0.993145254
1561000476.690117121 -200.595796 -11.073725 10.338960 -0.001814627 0.035118917 0.113161163 0.992954138
1561000476.791825771 -201.500493 -11.255680 10.401194 -0.002255469 0.036149995 0.115034801 0.992700904
1561000476.891652584 -202.390916 -11.423847 10.457900 -0.002731005 0.034641968 0.116239500 0.992613144
1561000476.991911888 -203.277334 -11.599505 10.526735 -0.002615336 0.031543130 0.117216222 0.992601908
1561000477.091860056 -204.165183 -11.777412 10.593770 -0.000705378 0.033518603 0.118070886 0.992439052
1561000477.190013647 -205.047445 -11.969409 10.648027 -0.002987384 0.042374438 0.119204598 0.991960557
1561000477.292439938 -205.931727 -12.137234 10.732090 -0.007497430 0.053162730 0.121083804 0.991189298
1561000477.392530918 -206.782131 -12.291569 10.836689 -0.009218567 0.055515269 0.122015566 0.990931519
1561000477.491076231 -207.617968 -12.462465 10.905219 -0.007048629 0.047931512 0.122295091 0.991310646
1561000477.591553450 -208.465327 -12.622525 10.943399 -0.005275296 0.034892304 0.124292388 0.991617921
1561000477.689822197 -209.350785 -12.824251 10.944617 -0.003579799 0.023055959 0.125422570 0.991829011
1561000477.793010712 -210.293963 -13.035196 10.979047 -0.002008287 0.011633711 0.126690110 0.991872088
1561000477.892200708 -211.220214 -13.236162 11.030434 -0.002572242 0.021342864 0.127742814 0.991574324
1561000477.989848614 -212.107881 -13.456401 11.069016 -0.004681084 0.029981076 0.128518793 0.991242726
1561000478.091720343 -212.993084 -13.677696 11.138534 -0.005917910 0.045568791 0.130199028 0.990422474
1561000478.190011263 -213.826777 -13.858475 11.216799 -0.005227447 0.053055962 0.132288190 0.989776527
1561000478.291769505 -214.701419 -14.034557 11.293908 -0.005992857 0.045025216 0.134235237 0.989907933
1561000478.391969442 -215.583368 -14.231114 11.355730 -0.004937306 0.036260267 0.134602236 0.990223739
1561000478.490292549 -216.469625 -14.442477 11.391019 -0.005021185 0.034808757 0.134661467 0.990267352
1561000478.591620684 -217.375330 -14.657615 11.428296 -0.005520975 0.039619538 0.135632030 0.989951395
1561000478.690555573 -218.274593 -14.868465 11.477730 -0.006884800 0.044610567 0.136192719 0.989653495
1561000478.791349173 -219.177274 -15.080762 11.544013 -0.007307936 0.045202797 0.136469018 0.989585523
1561000478.891604900 -220.081217 -15.282789 11.610807 -0.007286521 0.042301367 0.137131005 0.989622447
1561000478.989728212 -220.970610 -15.489387 11.673530 -0.006331541 0.040219941 0.137711594 0.989635178
1561000479.091866732 -221.894954 -15.704008 11.737606 -0.005478411 0.040905628 0.138136864 0.989552891
1561000479.191342354 -222.786060 -15.921631 11.789688 -0.005544223 0.043079349 0.138995499 0.989340024
1561000479.291658640 -223.697221 -16.151610 11.842734 -0.006383533 0.044115458 0.139325953 0.989242819
1561000479.391830921 -224.603693 -16.373259 11.908537 -0.006256690 0.042418075 0.139910275 0.989235400
1561000479.491828680 -225.522726 -16.590618 11.972339 -0.006484171 0.041676374 0.140130907 0.989234231
1561000479.591967344 -226.439552 -16.815293 12.031024 -0.005443545 0.041409547 0.141122067 0.989110802
1561000479.689927578 -227.329061 -17.026593 12.090556 -0.004964137 0.041371791 0.141772327 0.989021911
1561000479.791887760 -228.248637 -17.249715 12.148777 -0.005262747 0.041670848 0.142417166 0.988915161
1561000479.892873526 -229.159857 -17.479241 12.208707 -0.005550753 0.040837851 0.142947694 0.988871789
1561000479.989963531 -230.063069 -17.702940 12.266499 -0.005678857 0.041554239 0.144337902 0.988639250
1561000480.091860294 -231.001627 -17.943069 12.325652 -0.005809521 0.042401312 0.145017626 0.988503043
1561000480.191887617 -231.900762 -18.182259 12.386865 -0.005614062 0.042369327 0.145740675 0.988399200
1561000480.291673899 -232.817115 -18.410950 12.448106 -0.005869745 0.041451904 0.146878239 0.988268217
1561000480.392805099 -233.743054 -18.646934 12.516114 -0.005911478 0.040473808 0.147296718 0.988246225
1561000480.490012407 -234.642097 -18.881657 12.589341 -0.003387910 0.042499367 0.148548931 0.987985598
1561000480.591910362 -235.589183 -19.139297 12.643701 -0.002817750 0.047495499 0.149521211 0.987613105
1561000480.690082073 -236.492570 -19.389105 12.709052 -0.005706484 0.057004280 0.151014839 0.986870035
1561000480.792398930 -237.395826 -19.618933 12.802079 -0.010177448 0.062704854 0.152296034 0.986291255
1561000480.892027140 -238.279161 -19.839393 12.892159 -0.010693424 0.057230283 0.152813614 0.986538567
1561000480.991932869 -239.142189 -20.095689 12.950654 -0.010796509 0.058574689 0.152500600 0.986506973
1561000481.091941833 -240.093022 -20.382768 12.970274 -0.011866794 0.054224926 0.153245343 0.986627945
1561000481.189704418 -241.028115 -20.672708 12.976746 -0.008162391 0.045648959 0.154994924 0.986826287
1561000481.291526079 -242.035635 -20.922816 13.003168 -0.004370143 0.026435238 0.153564399 0.987775306
1561000481.391741514 -242.983298 -21.160551 12.999905 -0.003632294 0.028419438 0.154177891 0.987627622
1561000481.489406824 -243.885656 -21.387285 13.045299 -0.004956184 0.043950830 0.154770153 0.986959959
1561000481.591283560 -244.793524 -21.637560 13.156977 -0.004681980 0.050040989 0.155400633 0.986572157
1561000481.689943314 -245.692891 -21.897517 13.251180 -0.003166413 0.043363940 0.154917872 0.986970109
1561000481.791526556 -246.632008 -22.182235 13.318137 -0.001207348 0.039652456 0.155992363 0.986961300
1561000481.891563416 -247.566113 -22.459432 13.373653 -0.001112661 0.041021634 0.157189624 0.986715465
1561000481.991747141 -248.515619 -22.740919 13.429468 -0.001491550 0.044689252 0.157838850 0.986451998
1561000482.091785908 -249.449972 -23.005772 13.499642 -0.001351797 0.048468349 0.158848743 0.986111590
1561000482.189776897 -250.371728 -23.281413 13.567914 -0.001351142 0.049429564 0.160098197 0.985861785
1561000482.291722298 -251.328532 -23.567166 13.642864 -0.001045931 0.047648509 0.161020155 0.985799693
1561000482.390845060 -252.262860 -23.847275 13.713459 -0.000365120 0.044226066 0.162142813 0.985775649
1561000482.489697456 -253.222169 -24.145789 13.779417 -0.000529817 0.042445862 0.162770449 0.985750399
1561000482.591701508 -254.198127 -24.449167 13.838940 -0.001046169 0.043152506 0.163882523 0.985535025
1561000482.689958811 -255.147614 -24.736292 13.905235 -0.001067866 0.045633912 0.164624408 0.985299553
1561000482.791922331 -256.106858 -25.024806 13.966070 -0.001190778 0.046993995 0.165734681 0.985049320
1561000482.891425610 -257.045605 -25.312558 14.037088 -0.000333924 0.045917877 0.166512452 0.984969563
1561000482.990747452 -257.978651 -25.615396 14.105834 0.000461111 0.043256584 0.167209827 0.984971842
1561000483.091941833 -258.966311 -25.923961 14.172213 0.000554420 0.041521379 0.167434364 0.985008326
1561000483.189878225 -259.916687 -26.222725 14.228691 0.000249640 0.041028987 0.167932859 0.984944219
1561000483.291401148 -260.883279 -26.541615 14.288199 0.000397607 0.041087055 0.168667217 0.984816260
1561000483.390523195 -261.836775 -26.835024 14.344834 -0.000312856 0.041414903 0.168956407 0.984752984
1561000483.489098787 -262.782005 -27.128531 14.405286 -0.000892884 0.041025424 0.169786883 0.984626087
1561000483.590919971 -263.748539 -27.420534 14.470398 -0.000815366 0.040609341 0.170261543 0.984561437
1561000483.689178228 -264.677185 -27.709827 14.529775 -0.000251245 0.040907049 0.171306000 0.984368226
1561000483.789837122 -265.641104 -28.013966 14.591994 -0.000126887 0.041212714 0.171999288 0.984234597
1561000483.890998840 -266.598957 -28.338705 14.657686 0.000140587 0.041492349 0.173288835 0.983996618
1561000483.993008137 -267.540408 -28.647136 14.715138 0.000214129 0.042190335 0.173940739 0.983851894
1561000484.093211412 -268.467514 -28.955596 14.774968 0.000457503 0.042239834 0.174795547 0.983698177
1561000484.191688776 -269.389121 -29.257703 14.835330 0.000175008 0.041877066 0.175132118 0.983653914
1561000484.293471813 -270.307063 -29.561916 14.898068 0.000785005 0.041488038 0.175945609 0.983524920
1561000484.391499281 -271.211242 -29.858147 14.958919 0.000664366 0.042472519 0.176480018 0.983387232
1561000484.493384600 -272.137860 -30.158031 15.021017 0.001436451 0.043248950 0.177283622 0.983208006
1561000484.594604731 -273.046515 -30.459436 15.079214 0.001226516 0.042899880 0.178089987 0.983077847
1561000484.691321373 -273.932272 -30.742497 15.135642 0.001216962 0.041728872 0.178256246 0.983098129
1561000484.794259071 -274.850293 -31.047799 15.192796 0.001607764 0.040477490 0.178835704 0.983044647
1561000484.893277407 -275.749845 -31.347175 15.249235 0.002214940 0.040122160 0.179585815 0.982921279
1561000484.993282080 -276.655836 -31.655659 15.305886 0.002258092 0.040863513 0.180213619 0.982775725
1561000485.094362020 -277.551529 -31.964492 15.358509 0.001668574 0.041876810 0.180973356 0.982594623
1561000485.194162607 -278.433964 -32.264125 15.409127 0.000667251 0.041344068 0.181620711 0.982498926
1561000485.294586182 -279.309327 -32.557196 15.465354 -0.000140694 0.040011057 0.182034568 0.982477741
1561000485.393558502 -280.188999 -32.852107 15.516844 -0.000441896 0.039375548 0.182467985 0.982422926
1561000485.493845224 -281.074179 -33.154741 15.573281 -0.000431491 0.040444532 0.183360086 0.982213384
1561000485.594218969 -281.945729 -33.444451 15.635056 -0.000389875 0.042793494 0.183997526 0.981994641
1561000485.692707300 -282.810641 -33.727822 15.708537 0.001592576 0.044776632 0.184684550 0.981776010
1561000485.794484854 -283.663908 -34.037660 15.775484 0.005127506 0.047434832 0.185927155 0.981404472
1561000485.893100977 -284.509829 -34.339978 15.837851 0.007431288 0.049546784 0.186920978 0.981096550
1561000485.994245768 -285.346952 -34.640564 15.884287 0.008078756 0.048587818 0.187755816 0.980979975
1561000486.094496489 -286.164080 -34.938623 15.942277 0.007941170 0.044974512 0.188873160 0.980938918
1561000486.193740845 -286.986192 -35.215516 16.006868 0.009459726 0.042122934 0.189390680 0.980952263
1561000486.294682264 -287.812598 -35.502834 16.062503 0.011719926 0.042816110 0.190288528 0.980724069
1561000486.393029213 -288.609730 -35.799988 16.106861 0.013053430 0.044884765 0.191853118 0.980309822
1561000486.495263815 -289.396490 -36.097677 16.146973 0.012558583 0.045574263 0.193492284 0.979962246
1561000486.595506430 -290.168425 -36.366354 16.188703 0.011211660 0.044912664 0.194649534 0.979779929
1561000486.694602489 -290.933898 -36.641122 16.242015 0.010216589 0.043328993 0.195765212 0.979639832
1561000486.794858456 -291.699277 -36.919793 16.299443 0.010236626 0.044354938 0.196988444 0.979348459
1561000486.893401384 -292.451404 -37.196250 16.351093 0.009673582 0.049302176 0.198470095 0.978818338
1561000486.994704008 -293.201613 -37.477339 16.408672 0.007045041 0.058957854 0.200278701 0.977938025
1561000487.094537258 -293.917417 -37.731898 16.482395 0.002256688 0.067012756 0.201835876 0.977121526
1561000487.193841219 -294.621178 -37.974645 16.566853 0.001037711 0.068103812 0.203336029 0.976737044
1561000487.294670582 -295.324480 -38.211884 16.646697 0.003183448 0.060833309 0.204612124 0.976945778
1561000487.393486023 -296.043634 -38.486283 16.667658 0.006611241 0.050119594 0.205404181 0.977370677
1561000487.493504047 -296.785842 -38.766229 16.681641 0.009665341 0.036524312 0.206869852 0.977638696
1561000487.594651699 -297.539139 -39.048000 16.722330 0.011884026 0.028028945 0.208877710 0.977467775
1561000487.693018675 -298.253629 -39.344269 16.768301 0.012157575 0.034140275 0.211166618 0.976778017
1561000487.795921564 -298.966102 -39.634484 16.812656 0.011413046 0.044971792 0.213022166 0.975945100
1561000487.894642353 -299.626805 -39.905476 16.852431 0.009572273 0.055337327 0.214882170 0.975024002
1561000487.994023085 -300.277876 -40.169254 16.902986 0.009011041 0.059404001 0.216047651 0.974532390
1561000488.095642090 -300.950479 -40.429714 16.952405 0.009852788 0.057001702 0.217391013 0.974368963
1561000488.193961859 -301.617990 -40.694404 16.996478 0.010579035 0.052258853 0.218318937 0.974419796
1561000488.295423269 -302.312282 -40.981571 17.040039 0.010722904 0.049507013 0.219170909 0.974370662
1561000488.394020557 -302.980012 -41.263011 17.085299 0.009805817 0.049864284 0.220547548 0.974051425
1561000488.494627953 -303.662950 -41.547418 17.130261 0.009103747 0.051990528 0.221341663 0.973766900
1561000488.595767736 -304.334073 -41.811931 17.183735 0.008795122 0.053996895 0.222354543 0.973429730
1561000488.694547176 -304.981090 -42.072685 17.237836 0.009730945 0.056037143 0.222726973 0.973220346
1561000488.796016932 -305.635723 -42.338157 17.292428 0.010901864 0.056644186 0.223277538 0.973046621
1561000488.894700527 -306.284390 -42.601913 17.341923 0.011714426 0.056455535 0.223506388 0.972995601
1561000488.994907856 -306.928421 -42.875927 17.391276 0.012245437 0.055439058 0.224209193 0.972885809
1561000489.095417500 -307.575934 -43.148094 17.439348 0.012802530 0.054511549 0.224833542 0.972786957
1561000489.193999290 -308.210510 -43.406702 17.495963 0.013588781 0.054886500 0.224695385 0.972787131
1561000489.295364380 -308.829048 -43.654416 17.548640 0.015644745 0.055697259 0.224912249 0.972660032
1561000489.396008015 -309.446903 -43.899452 17.596887 0.017523698 0.057011084 0.223963953 0.972770684
1561000489.496893883 -310.053156 -44.153244 17.636558 0.018609413 0.057391274 0.223046725 0.972938893
1561000489.597099781 -310.635205 -44.379468 17.676070 0.018997462 0.057520141 0.221553724 0.973264855
1561000489.695913553 -311.195137 -44.606076 17.722891 0.019780647 0.056907549 0.219495782 0.973751436
1561000489.797330618 -311.754503 -44.816266 17.767844 0.020875624 0.057029091 0.216941024 0.974293838
1561000489.897498369 -312.312540 -45.012489 17.813655 0.021880070 0.057251137 0.214032823 0.974901800
1561000489.997722626 -312.849459 -45.202150 17.852564 0.022737179 0.056915980 0.209899395 0.975800100
1561000490.098557949 -313.399849 -45.383236 17.892120 0.023544506 0.056912161 0.204867620 0.976849999
1561000490.197314978 -313.932948 -45.546144 17.933009 0.024651798 0.057264417 0.198388809 0.978138516
1561000490.298992634 -314.455039 -45.702713 17.966385 0.025388243 0.057140177 0.191439725 0.979510729
1561000490.397781372 -314.955857 -45.833904 17.996728 0.026168762 0.055789396 0.182215146 0.981325828
1561000490.498518229 -315.467521 -45.948310 18.028281 0.026380852 0.056611295 0.171815514 0.983147314
1561000490.598621130 -315.955587 -46.054190 18.061248 0.026157734 0.058933547 0.160717252 0.984892164
1561000490.697582006 -316.441145 -46.120482 18.096125 0.024367084 0.061411536 0.147284857 0.986885018
1561000490.798817396 -316.917241 -46.164131 18.121615 0.021604699 0.061411802 0.133671371 0.988885126
1561000490.897881031 -317.372657 -46.188668 18.146695 0.018191246 0.060877376 0.119554974 0.990792426
1561000490.998881340 -317.817072 -46.192847 18.182066 0.015558399 0.061452649 0.105123636 0.992436663
1561000491.098526001 -318.237631 -46.170366 18.226974 0.015336584 0.062351602 0.090337877 0.993839089
1561000491.198744535 -318.670309 -46.131805 18.276312 0.016315362 0.062075904 0.074672573 0.995140391
1561000491.298709154 -319.105613 -46.102565 18.308307 0.017477390 0.061716121 0.056081621 0.996363645
1561000491.397602797 -319.535089 -46.046240 18.331281 0.017918578 0.062047562 0.036949610 0.997228034
1561000491.497794867 -319.976856 -45.971894 18.349469 0.016664348 0.064065983 0.016401733 0.997671706
1561000491.598435640 -320.403388 -45.867896 18.378003 0.014211485 0.066034772 -0.004590480 0.997705553
1561000491.697121143 -320.797090 -45.730742 18.420577 0.013572177 0.065035781 -0.025580336 0.997462676
1561000491.798239946 -321.189406 -45.584671 18.459500 0.014900708 0.062725656 -0.048044054 0.996762374
1561000491.897028923 -321.579504 -45.438054 18.481955 0.016691951 0.059927894 -0.070589608 0.995563726
1561000491.998296022 -321.975197 -45.275987 18.504399 0.015976957 0.056977675 -0.095199171 0.993697841
1561000492.098495722 -322.352907 -45.079534 18.523040 0.014265493 0.054403554 -0.120606679 0.991105836
1561000492.197180271 -322.709460 -44.856831 18.549021 0.012907882 0.051880446 -0.145762371 0.987874049
1561000492.290551662 -323.036630 -44.613486 18.575469 0.012535828 0.049509049 -0.172237272 0.983730669
1561000492.389731884 -323.377619 -44.350614 18.601293 0.013563644 0.045793457 -0.200323186 0.978565076
1561000492.489563704 -323.705178 -44.068092 18.622273 0.014428447 0.041141588 -0.226475307 0.973040659
1561000492.590475559 -324.020639 -43.768044 18.632829 0.015208615 0.035727991 -0.253255587 0.966619789
1561000492.689339399 -324.311778 -43.451044 18.640189 0.014239435 0.031936459 -0.279229173 0.959587604
1561000492.790523052 -324.592346 -43.101077 18.644154 0.011878077 0.030114281 -0.305368197 0.951683932
1561000492.889585257 -324.840030 -42.749076 18.650819 0.008625837 0.027987525 -0.331442204 0.943020869
1561000492.989218950 -325.080172 -42.366897 18.667322 0.006125805 0.024332616 -0.359415350 0.932840289
1561000493.090313911 -325.303825 -41.988466 18.672499 0.004113260 0.022299062 -0.385855915 0.922280351
1561000493.189125061 -325.496609 -41.585775 18.680702 0.001023891 0.020227425 -0.411512501 0.911179052
1561000493.290428162 -325.667552 -41.177073 18.685407 -0.002374526 0.018977762 -0.435219944 0.900120996
1561000493.389511108 -325.835780 -40.758392 18.694970 -0.004567624 0.017239976 -0.460131851 0.887671448
1561000493.490318775 -325.982446 -40.308311 18.707683 -0.007526838 0.015776110 -0.483321230 0.875268559
1561000493.590604067 -326.111264 -39.843748 18.708501 -0.010164382 0.015333899 -0.504888236 0.862988659
1561000493.690113783 -326.232994 -39.378336 18.703686 -0.013607361 0.015605725 -0.526454800 0.849950966
1561000493.790216684 -326.368598 -38.915889 18.713021 -0.016943661 0.017878335 -0.546358743 0.837188988
1561000493.888882637 -326.471822 -38.423812 18.728653 -0.019023401 0.020965249 -0.561774239 0.826806067
1561000493.989779711 -326.524935 -37.916963 18.752717 -0.020688335 0.024434863 -0.574117517 0.818146690
1561000494.089770079 -326.585539 -37.386206 18.778941 -0.019199589 0.026870980 -0.584214456 0.810927121
1561000494.188550234 -326.617888 -36.846650 18.797659 -0.018285743 0.029806183 -0.591943083 0.805220845
1561000494.289709091 -326.644505 -36.308782 18.802685 -0.018212732 0.032268517 -0.598380026 0.800355161
1561000494.388959408 -326.657616 -35.775601 18.816943 -0.021622837 0.032129365 -0.602221930 0.797388803
1561000494.489121437 -326.668352 -35.229105 18.832434 -0.025865402 0.028109897 -0.606445462 0.794206973
1561000494.590234280 -326.679537 -34.657726 18.845198 -0.030575704 0.021622163 -0.609245654 0.792096801
1561000494.688987970 -326.692973 -34.091502 18.839576 -0.035994496 0.015629912 -0.610915454 0.790722714
1561000494.790330648 -326.721032 -33.477423 18.839509 -0.039847133 0.010930430 -0.612675158 0.789254004
1561000494.889083385 -326.748790 -32.856452 18.841664 -0.040675167 0.009256156 -0.613796330 0.788361541
1561000494.990526438 -326.778591 -32.220633 18.848593 -0.037242961 0.010589022 -0.615208518 0.787413051
1561000495.090236187 -326.801369 -31.595150 18.856728 -0.032266951 0.014612729 -0.616430182 0.786612448
1561000495.188978195 -326.837187 -31.003298 18.855121 -0.027385116 0.020559026 -0.617865623 0.785537685
1561000495.290391922 -326.865761 -30.390875 18.858187 -0.024256120 0.025689467 -0.620364404 0.783517516
1561000495.389475107 -326.880526 -29.797357 18.875994 -0.023309218 0.027012645 -0.619534868 0.784157857
1561000495.490320921 -326.895034 -29.191118 18.891396 -0.022929529 0.025095567 -0.619084949 0.784587965
1561000495.590300322 -326.936342 -28.568781 18.898744 -0.022887551 0.022475405 -0.619427397 0.784398315
1561000495.690293074 -326.973502 -27.938568 18.902035 -0.023015813 0.021685007 -0.617622659 0.785838587
1561000495.791239023 -327.009361 -27.289527 18.910577 -0.023009592 0.022461530 -0.617309334 0.786063117
1561000495.889896154 -327.065273 -26.642111 18.931649 -0.020875582 0.022804453 -0.617059827 0.786308678
1561000495.991031647 -327.113744 -25.999892 18.953153 -0.018744689 0.022694681 -0.615423059 0.787647158
1561000496.091064215 -327.183203 -25.367592 18.963677 -0.016944652 0.022622735 -0.616146822 0.787123996
1561000496.190836191 -327.250974 -24.707726 18.972593 -0.016355657 0.022274363 -0.614988204 0.788051936
1561000496.290830374 -327.306988 -24.061227 18.979494 -0.017418787 0.022533321 -0.615963842 0.787259411
1561000496.388871908 -327.378984 -23.383800 18.998215 -0.017570523 0.021526498 -0.616234491 0.787072385
1561000496.488929987 -327.443802 -22.687333 19.012565 -0.017428760 0.021709096 -0.616006152 0.787249245
1561000496.591070652 -327.498884 -21.963434 19.026366 -0.016928977 0.021759406 -0.615282120 0.787824759
1561000496.690257788 -327.554283 -21.260578 19.036348 -0.016350683 0.022700384 -0.614944589 0.788073918
1561000496.791547060 -327.598344 -20.546519 19.045759 -0.016834732 0.023926670 -0.615653298 0.787473887
1561000496.889462471 -327.646147 -19.852456 19.055408 -0.017720546 0.025396797 -0.615031896 0.787893871
1561000496.991275787 -327.693412 -19.097045 19.071173 -0.018977047 0.025912225 -0.615446835 0.787523728
1561000497.092228651 -327.740018 -18.359975 19.091166 -0.019993601 0.025442375 -0.615495075 0.787476193
1561000497.190399170 -327.769466 -17.644752 19.099829 -0.020551766 0.025924338 -0.615499415 0.787442711
1561000497.291316032 -327.824840 -16.890318 19.112096 -0.020715054 0.026258729 -0.615774147 0.787212529
1561000497.389380455 -327.880517 -16.146123 19.121446 -0.020445232 0.027720363 -0.615397206 0.787464192
1561000497.491783381 -327.938919 -15.372589 19.141158 -0.020474819 0.028702541 -0.615070447 0.787683497
1561000497.591039181 -328.007721 -14.612176 19.155433 -0.020118126 0.028482898 -0.614978350 0.787772565
1561000497.691018105 -328.056379 -13.836819 19.171193 -0.020947006 0.027874370 -0.614444954 0.788188836
1561000497.790903807 -328.132123 -13.053453 19.188166 -0.020277112 0.027354127 -0.614739125 0.787995176
1561000497.890949488 -328.203689 -12.268857 19.199379 -0.018773396 0.027704542 -0.615183921 0.787673004
1561000497.990358114 -328.260434 -11.478952 19.210347 -0.017925523 0.029627460 -0.616227073 0.786806891
1561000498.091116905 -328.314767 -10.672562 19.229150 -0.017013058 0.031225172 -0.616012893 0.786933072
1561000498.189335346 -328.366174 -9.880184 19.250803 -0.016810971 0.031994471 -0.615846381 0.787036835
1561000498.291336536 -328.432393 -9.052933 19.271634 -0.016431637 0.032298573 -0.616072647 0.786855322
1561000498.389798164 -328.486146 -8.251228 19.289324 -0.016769450 0.032954115 -0.616125519 0.786779611
1561000498.491285324 -328.543721 -7.413004 19.312166 -0.016654929 0.033510770 -0.616021965 0.786839616
1561000498.591153383 -328.598590 -6.578798 19.335295 -0.017082781 0.034248700 -0.615583407 0.787141839
1561000498.691078424 -328.648215 -5.743185 19.352213 -0.017643677 0.035346353 -0.615737819 0.786960148
1561000498.791028738 -328.706380 -4.906359 19.376829 -0.018368023 0.036178409 -0.615622759 0.786995779
1561000498.890772820 -328.756304 -4.052946 19.403785 -0.018515884 0.036857035 -0.615134917 0.787342209
1561000498.992214203 -328.822492 -3.181988 19.428506 -0.018266936 0.037185970 -0.614137403 0.788110889
1561000499.092676878 -328.905083 -2.331542 19.450947 -0.018139651 0.037918108 -0.614044162 0.788151595
1561000499.193398476 -328.981967 -1.470250 19.475014 -0.018275550 0.038476018 -0.613731395 0.788365001
1561000499.293108940 -329.052251 -0.611145 19.495148 -0.019271394 0.038991537 -0.613448428 0.788536175
1561000499.391159534 -329.126052 0.272422 19.509511 -0.020742632 0.039811582 -0.613053564 0.788764926
1561000499.492868900 -329.192862 1.179074 19.529807 -0.022804681 0.040878681 -0.612729937 0.788904876
1561000499.592151642 -329.253618 2.072959 19.553007 -0.024335765 0.041755656 -0.612889423 0.788689287
1561000499.692770004 -329.318560 2.962241 19.579583 -0.024936395 0.042930691 -0.612467216 0.788935384
1561000499.792570829 -329.382518 3.859874 19.602382 -0.025088361 0.044160113 -0.612472866 0.788858319
1561000499.890750647 -329.443267 4.754382 19.628254 -0.025418328 0.044535822 -0.613071493 0.788361474
1561000499.992204189 -329.514564 5.665055 19.653289 -0.024818392 0.044546443 -0.612643864 0.788712341
1561000500.092292547 -329.588907 6.582029 19.678023 -0.025234184 0.043783486 -0.612392235 0.788937255
1561000500.192063332 -329.653911 7.507667 19.705156 -0.023637067 0.042773821 -0.612255104 0.789148514
1561000500.292681694 -329.734296 8.418162 19.730944 -0.021082973 0.042363934 -0.611967789 0.789465788
1561000500.390937090 -329.806208 9.304450 19.759267 -0.019348320 0.041276756 -0.612246897 0.789351385
1561000500.492826462 -329.899173 10.222499 19.781148 -0.019374758 0.040293322 -0.611986804 0.789603203
1561000500.591092825 -329.981626 11.113981 19.809334 -0.019047646 0.037778126 -0.611236286 0.790316521
1561000500.692730188 -330.074009 12.023794 19.827367 -0.018644103 0.036836843 -0.610951540 0.790590704
1561000500.792700052 -330.156535 12.905524 19.844321 -0.018430913 0.036896701 -0.610688016 0.790796486
1561000500.891922474 -330.229499 13.795423 19.860423 -0.018166535 0.036464331 -0.610520264 0.790952171
1561000500.992265463 -330.314633 14.678542 19.876591 -0.018127592 0.036486809 -0.610399404 0.791045302
1561000501.094114542 -330.399924 15.573976 19.896993 -0.018207480 0.037002269 -0.610141127 0.791218759
1561000501.193842649 -330.477457 16.442442 19.920498 -0.017732093 0.037604504 -0.610274623 0.791098198
1561000501.293778658 -330.552688 17.307033 19.938659 -0.016373598 0.037540516 -0.610296291 0.791113805
1561000501.392837286 -330.628728 18.190965 19.957821 -0.015976814 0.037268739 -0.610347836 0.791095002
1561000501.493810177 -330.706962 19.054589 19.972423 -0.016875299 0.037286625 -0.610035520 0.791316370
1561000501.592865944 -330.779745 19.935969 19.987126 -0.018289663 0.037749050 -0.610058684 0.791245158
1561000501.693892479 -330.854626 20.816721 20.009583 -0.019539065 0.038372281 -0.610342141 0.790966665
1561000501.794090986 -330.925291 21.685761 20.024347 -0.019989306 0.039819467 -0.610362327 0.790868300
1561000501.893742561 -330.989055 22.551387 20.045949 -0.019313313 0.041726520 -0.610296075 0.790837907
1561000501.995497227 -331.071725 23.396534 20.069205 -0.019385538 0.043063335 -0.610075579 0.790934597
1561000502.092499018 -331.132756 24.191293 20.092400 -0.019192688 0.044005707 -0.609924522 0.791003929
1561000502.193464279 -331.191450 25.007961 20.112425 -0.020532651 0.043541183 -0.610072751 0.790881669
1561000502.294137239 -331.257572 25.816197 20.134275 -0.022310506 0.042608329 -0.609261073 0.791509770
1561000502.393945456 -331.328748 26.607112 20.161071 -0.021584128 0.041019395 -0.608876159 0.791909943
1561000502.494304895 -331.413991 27.412011 20.195245 -0.016546512 0.041969835 -0.609291885 0.791661635
1561000502.593163729 -331.477583 28.182824 20.219936 -0.011108511 0.044396948 -0.609886343 0.791166329
1561000502.692620993 -331.556478 28.927063 20.231127 -0.007946345 0.047161457 -0.609755681 0.791145158
1561000502.794357538 -331.612683 29.658574 20.246226 -0.008944306 0.047926602 -0.609306716 0.791434372
1561000502.893198967 -331.662345 30.387588 20.277903 -0.011775803 0.045649623 -0.609679306 0.791244960
1561000502.994302750 -331.719557 31.131290 20.312361 -0.011556331 0.041831130 -0.609873045 0.791309975
1561000503.092583418 -331.790843 31.847615 20.328931 -0.010117829 0.040291864 -0.610292696 0.791085975
1561000503.194151402 -331.869263 32.596302 20.339181 -0.009007477 0.042750218 -0.609555675 0.791538478
1561000503.294648886 -331.934016 33.324265 20.366481 -0.008885176 0.045474295 -0.608274361 0.792373298
1561000503.394690752 -331.992105 34.030449 20.388120 -0.008485022 0.046458369 -0.608152210 0.792414357
1561000503.495376348 -332.057525 34.732955 20.413720 -0.008463305 0.045792932 -0.607621164 0.792860581
1561000503.593945503 -332.119536 35.451068 20.441179 -0.007464625 0.045962152 -0.606665154 0.793592559
1561000503.695493460 -332.188721 36.152110 20.485220 -0.003180157 0.051992743 -0.606578192 0.793315535
1561000503.795441866 -332.248658 36.854610 20.518868 -0.000269183 0.057361192 -0.606632967 0.792909872
1561000503.894068956 -332.301301 37.530561 20.540917 -0.000527402 0.059798405 -0.605538274 0.793566174
1561000503.995658636 -332.350929 38.215474 20.549676 -0.005316486 0.056927019 -0.605730752 0.793612818
1561000504.094219685 -332.421781 38.910835 20.552326 -0.011046335 0.051101207 -0.604586705 0.794821717
1561000504.195652485 -332.514965 39.666491 20.528865 -0.022313689 0.041975968 -0.604710063 0.795025696
1561000504.295562267 -332.580664 40.414599 20.562830 -0.027022826 0.037136512 -0.605006368 0.794894924
1561000504.393757582 -332.629475 41.142914 20.608148 -0.020645880 0.042252202 -0.605169289 0.794706632
1561000504.495126963 -332.673591 41.843066 20.631596 -0.013792163 0.047870409 -0.606305584 0.793669792
1561000504.593883276 -332.743231 42.518789 20.651832 -0.003488210 0.059391833 -0.605897558 0.793314939
1561000504.695220709 -332.818985 43.197135 20.664525 -0.003557306 0.060143804 -0.606718946 0.792629919
1561000504.795361280 -332.885057 43.897431 20.687868 -0.008355019 0.055302959 -0.606276517 0.793284666
1561000504.895441771 -332.956445 44.609597 20.699459 -0.011805839 0.050322031 -0.606759123 0.793203430
1561000504.995396614 -333.015507 45.317503 20.714704 -0.011273429 0.050025660 -0.606751566 0.793235703
1561000505.094013691 -333.084759 46.019327 20.730188 -0.009223975 0.052137696 -0.606702103 0.793164004
1561000505.195176840 -333.149299 46.754960 20.749615 -0.006975260 0.055502630 -0.606899960 0.792807191
1561000505.295375347 -333.219616 47.459542 20.776827 -0.006850673 0.056639653 -0.606949276 0.792690100
1561000505.395457745 -333.289864 48.162526 20.805260 -0.007340325 0.055529284 -0.607148290 0.792611867
1561000505.495491743 -333.350454 48.885205 20.831351 -0.006772013 0.053611246 -0.607019386 0.792847677
1561000505.594078541 -333.428887 49.588122 20.855108 -0.006520280 0.052428069 -0.606779819 0.793112246
1561000505.695470572 -333.502337 50.335054 20.878005 -0.005579513 0.052187818 -0.607050940 0.792927775
1561000505.795564413 -333.578412 51.056960 20.904913 -0.004682552 0.052471066 -0.607025455 0.792934397
1561000505.896125555 -333.654532 51.785963 20.925158 -0.003837325 0.052317638 -0.607155408 0.792849576
1561000505.996497869 -333.719789 52.506985 20.940767 -0.004312180 0.051904075 -0.607091410 0.792923320
1561000506.095834970 -333.783160 53.238643 20.958014 -0.005832520 0.051682123 -0.606827064 0.793130414
1561000506.197193384 -333.849887 53.940901 20.984913 -0.006786703 0.051144812 -0.607470846 0.792664696
1561000506.297039509 -333.922529 54.651570 21.001069 -0.006797805 0.050895960 -0.607198707 0.792889097
1561000506.397018909 -333.997487 55.360150 21.018119 -0.007128010 0.052189122 -0.607331810 0.792700170
1561000506.496927261 -334.058934 56.076064 21.039111 -0.007675275 0.053575160 -0.607349666 0.792588907
1561000506.595676184 -334.118194 56.781117 21.060862 -0.008133999 0.054526898 -0.607466150 0.792430143
1561000506.697508335 -334.180921 57.490070 21.092939 -0.008608355 0.054450348 -0.607725593 0.792231443
1561000506.797108889 -334.253081 58.190692 21.115950 -0.008292770 0.053916567 -0.607474609 0.792463774
1561000506.895780087 -334.323278 58.877010 21.134589 -0.008201369 0.053574078 -0.607616294 0.792379325
1561000506.997077942 -334.385259 59.567793 21.157729 -0.008134431 0.053224931 -0.607525945 0.792472816
1561000507.097158670 -334.446919 60.256277 21.179657 -0.006890907 0.052759767 -0.607654011 0.792417520
1561000507.198274136 -334.530333 60.940049 21.200028 -0.006280961 0.052384000 -0.608007750 0.792176143
1561000507.289170742 -334.593241 61.577504 21.218148 -0.005971693 0.051237517 -0.607665188 0.792516293
1561000507.390431404 -334.669650 62.270881 21.239177 -0.005419363 0.050991477 -0.607748635 0.792472142
1561000507.490523577 -334.730092 62.962736 21.257612 -0.005385800 0.051156203 -0.608352396 0.791998357
1561000507.589387178 -334.802526 63.647127 21.283479 -0.004706804 0.051567546 -0.608798705 0.791632978
1561000507.690703392 -334.864853 64.332572 21.313990 0.000178288 0.054892180 -0.609063779 0.791219394
1561000507.790966034 -334.923854 64.995037 21.366764 0.006353298 0.061702339 -0.609913079 0.790037020
1561000507.890778542 -334.966771 65.653497 21.394331 0.009718277 0.068508185 -0.609758434 0.789561167
1561000507.990716696 -335.013193 66.270207 21.433721 0.008713799 0.068491942 -0.609293635 0.789933029
1561000508.089553356 -335.043636 66.910762 21.432324 0.005604898 0.062834732 -0.609635484 0.790167678
1561000508.190621376 -335.116495 67.602268 21.459274 0.004710622 0.065160547 -0.609091215 0.790404836
1561000508.290738106 -335.200009 68.286460 21.478273 -0.006460461 0.053348429 -0.609387350 0.791049471
1561000508.390729666 -335.268058 68.954392 21.474190 -0.017064545 0.038014724 -0.609850226 0.791420485
1561000508.490582943 -335.319330 69.621064 21.519088 -0.008943887 0.044888811 -0.611382676 0.790010269
1561000508.589710712 -335.373736 70.230968 21.543575 -0.003008981 0.049839298 -0.613675092 0.787978345
1561000508.690562963 -335.433395 70.866600 21.543883 0.008914542 0.059325844 -0.613014333 0.787790837
1561000508.790282726 -335.477046 71.483942 21.562670 0.009831794 0.059358173 -0.612746380 0.787985925
1561000508.889912605 -335.533439 72.125689 21.582645 0.005026976 0.054543710 -0.612935452 0.788232101
1561000508.990635633 -335.582360 72.797299 21.601135 0.000439168 0.050932764 -0.613353732 0.788164234
1561000509.089483976 -335.630197 73.464305 21.612618 -0.000248680 0.052323679 -0.613289374 0.788123286
1561000509.189694881 -335.687330 74.111616 21.638983 0.000893029 0.055325590 -0.613341664 0.787877075
1561000509.289357901 -335.744722 74.758245 21.664400 0.001597841 0.058747878 -0.613326261 0.787640167
1561000509.390321970 -335.780887 75.385890 21.688924 0.001161967 0.060395874 -0.612471950 0.788180879
1561000509.490307808 -335.820716 76.024523 21.703111 -0.001157698 0.061141491 -0.612325465 0.788237212
1561000509.590042114 -335.872698 76.646489 21.725336 -0.003954695 0.061021400 -0.612611900 0.788014853
1561000509.690355778 -335.910816 77.278981 21.753390 -0.006958067 0.061122470 -0.612817264 0.787826523
1561000509.789890766 -335.945296 77.906272 21.773104 -0.008052568 0.062265833 -0.612509738 0.787965699
1561000509.889745712 -335.996169 78.517688 21.797414 -0.008646809 0.063188709 -0.612919449 0.787567247
1561000509.990741730 -336.042382 79.137225 21.819873 -0.009357313 0.064052306 -0.612945460 0.787469114
1561000510.090816259 -336.088654 79.746914 21.844150 -0.010351239 0.064653520 -0.612834735 0.787493721
1561000510.190904140 -336.136895 80.344705 21.866042 -0.011356338 0.064532854 -0.612910161 0.787431063
1561000510.290135860 -336.180036 80.934370 21.885700 -0.012121252 0.064470543 -0.612948752 0.787394724
1561000510.392044544 -336.228753 81.499114 21.907649 -0.012861143 0.063921596 -0.613212656 0.787222243
1561000510.490612984 -336.267933 82.048413 21.926738 -0.012012413 0.063559767 -0.613255395 0.787231655
1561000510.589673519 -336.317138 82.585956 21.950729 -0.010896503 0.063615659 -0.613314677 0.787197194
1561000510.690477133 -336.361050 83.104403 21.965054 -0.007821564 0.066563697 -0.614011476 0.786446441
1561000510.789644718 -336.396660 83.574530 21.989159 -0.005018855 0.071740375 -0.613609582 0.786327801
1561000510.890532732 -336.430761 84.057143 22.013653 -0.005228725 0.073638903 -0.613204505 0.786466914
1561000510.990735054 -336.462196 84.525572 22.028133 -0.008180495 0.070291247 -0.613436086 0.786567472
1561000511.089421272 -336.494258 84.979459 22.028450 -0.012773330 0.063547319 -0.613278843 0.787202414
1561000511.190515518 -336.540184 85.442614 22.024860 -0.016130426 0.058793661 -0.613578720 0.787276488
1561000511.289874554 -336.596138 85.890822 22.033846 -0.018684799 0.057537967 -0.612771262 0.787941394
1561000511.389430523 -336.628392 86.312272 22.050390 -0.020239628 0.059798972 -0.612958329 0.787589060
1561000511.490477800 -336.650808 86.713557 22.075677 -0.021040564 0.062261593 -0.613279881 0.787126786
1561000511.589305162 -336.659795 87.104540 22.088938 -0.019841925 0.063476661 -0.613931298 0.786552842
1561000511.690463543 -336.689793 87.479653 22.089064 -0.017022122 0.065417464 -0.613957324 0.786439576
1561000511.789644480 -336.724968 87.855132 22.084705 -0.015154672 0.067443589 -0.613893412 0.786356520
1561000511.890788317 -336.759057 88.194127 22.083198 -0.015942567 0.068457719 -0.614135544 0.786064189
1561000511.990502596 -336.786367 88.555058 22.092576 -0.018379505 0.068402593 -0.613986465 0.786132241
1561000512.089351177 -336.815109 88.905743 22.109385 -0.020378947 0.068498441 -0.613820850 0.786203934
1561000512.190622807 -336.842840 89.271655 22.122292 -0.020739968 0.068559134 -0.613937960 0.786097755
1561000512.289945364 -336.859729 89.599042 22.128062 -0.020456465 0.069348885 -0.614255461 0.785787817
1561000512.390502214 -336.885874 89.914674 22.136383 -0.020578438 0.070758056 -0.614057309 0.785813875
1561000512.491801023 -336.901513 90.230839 22.135992 -0.020412361 0.072311325 -0.613973121 0.785742588
1561000512.589687586 -336.928948 90.513035 22.144708 -0.020833722 0.073753354 -0.614089998 0.785506125
1561000512.691601038 -336.942192 90.808067 22.151057 -0.021184595 0.074759764 -0.614160969 0.785346099
1561000512.789712667 -336.959698 91.075727 22.157656 -0.021347895 0.075216252 -0.613931930 0.785477159
1561000512.891342878 -336.981703 91.344525 22.167658 -0.021656614 0.075658971 -0.614180995 0.785231442
1561000512.992588758 -337.002636 91.623125 22.176795 -0.021396531 0.076056748 -0.614230494 0.785161423
1561000513.089633703 -337.025072 91.874574 22.183612 -0.020813416 0.077226087 -0.614319399 0.784993381
1561000513.192046404 -337.044127 92.125125 22.186260 -0.020177946 0.079026428 -0.614485641 0.784700625
1561000513.290036201 -337.061950 92.371469 22.194222 -0.020025788 0.080194859 -0.614411175 0.784644289
1561000513.390139818 -337.071634 92.615933 22.202533 -0.020390950 0.080574738 -0.614446966 0.784567936
1561000513.492032528 -337.096408 92.881367 22.211241 -0.020551607 0.081077560 -0.614265439 0.784654083
1561000513.591634512 -337.110494 93.128977 22.221404 -0.020675704 0.080989687 -0.614281152 0.784647598
1561000513.691661358 -337.126076 93.381143 22.227082 -0.020931876 0.081428454 -0.614365073 0.784529681
1561000513.789388418 -337.152798 93.632389 22.231684 -0.020873185 0.082019062 -0.614160102 0.784630202
1561000513.889691353 -337.182231 93.883233 22.236346 -0.021222811 0.082784293 -0.614460026 0.784305571
1561000513.991153717 -337.209095 94.140188 22.245923 -0.021713803 0.083480502 -0.614427310 0.784243965
1561000514.091727734 -337.224780 94.386442 22.260542 -0.022168709 0.083534803 -0.614566107 0.784116691
1561000514.191459417 -337.236764 94.639700 22.267638 -0.022217652 0.083704095 -0.614606239 0.784065795
1561000514.289700985 -337.250600 94.886801 22.278169 -0.022039353 0.083773123 -0.614302419 0.784301516
1561000514.391634703 -337.269056 95.144503 22.288180 -0.020338137 0.084419223 -0.614074878 0.784456372
1561000514.491468430 -337.296575 95.373884 22.298085 -0.018983552 0.086550213 -0.614010462 0.784308509
1561000514.589744091 -337.318444 95.604576 22.307176 -0.018743025 0.088302990 -0.613973868 0.784147543
1561000514.691457987 -337.332695 95.842851 22.322922 -0.018896579 0.088376704 -0.613957349 0.784148488
1561000514.789637327 -337.339594 96.078228 22.335372 -0.018226127 0.087496653 -0.613711046 0.784455796
1561000514.891467810 -337.363664 96.326776 22.341272 -0.017366482 0.086805859 -0.613849760 0.784443510
1561000514.991504192 -337.393003 96.564607 22.342018 -0.017164217 0.087168166 -0.613421844 0.784742468
1561000515.091501474 -337.414218 96.800395 22.341263 -0.017407455 0.088419484 -0.613345404 0.784656861
1561000515.191436768 -337.422887 97.031633 22.349179 -0.018464492 0.089487508 -0.613325124 0.784527463
1561000515.289509535 -337.430102 97.268355 22.357899 -0.019150715 0.090324023 -0.613415373 0.784344568
1561000515.389531136 -337.451962 97.500317 22.371973 -0.019105303 0.090228522 -0.613253141 0.784483515
1561000515.489585638 -337.464712 97.741563 22.388644 -0.019041542 0.088719747 -0.613371991 0.784564228
1561000515.592066050 -337.495341 97.970478 22.400845 -0.019930169 0.086892355 -0.613427325 0.784703399
1561000515.692043066 -337.526341 98.191384 22.404488 -0.021463091 0.086676098 -0.613052281 0.784979930
1561000515.789702415 -337.552579 98.409632 22.409253 -0.022693736 0.087327725 -0.612836876 0.785041290
1561000515.891372442 -337.569646 98.637017 22.422475 -0.022509525 0.088121343 -0.612430904 0.785274690
1561000515.989408016 -337.583477 98.851287 22.433041 -0.021373379 0.087960700 -0.612002760 0.785658142
1561000516.089665890 -337.603801 99.055201 22.445405 -0.020356347 0.087415128 -0.611919838 0.785810618
1561000516.190963507 -337.621890 99.260827 22.451119 -0.019752802 0.087325494 -0.611834175 0.785902683
1561000516.289190769 -337.650470 99.466986 22.454074 -0.019578999 0.087837276 -0.612107101 0.785637430
1561000516.390891314 -337.675041 99.682857 22.458713 -0.019845067 0.088802477 -0.612354782 0.785329176
1561000516.492252588 -337.693205 99.893825 22.467231 -0.020101282 0.089845247 -0.612703226 0.784932180
1561000516.590561152 -337.705872 100.121242 22.478552 -0.019982917 0.090365923 -0.613176541 0.784505712
1561000516.692337036 -337.707198 100.350738 22.486271 -0.019398520 0.090473287 -0.613408644 0.784326537
1561000516.790625811 -337.727448 100.578186 22.498851 -0.018968786 0.090083534 -0.614011128 0.783910375
1561000516.892627239 -337.752970 100.822058 22.510178 -0.018637865 0.089884128 -0.614719830 0.783385604
1561000516.990813017 -337.778750 101.069673 22.524161 -0.018321788 0.089719108 -0.615323024 0.782938292
1561000517.092623949 -337.803913 101.323066 22.531368 -0.018007827 0.089794822 -0.616078066 0.782342907
1561000517.192856073 -337.822962 101.585899 22.541344 -0.017661164 0.090090570 -0.617077046 0.781529073
1561000517.291026115 -337.840603 101.841479 22.553058 -0.017277062 0.090342115 -0.618642330 0.780270129
1561000517.393975973 -337.856502 102.120553 22.564511 -0.016124038 0.090399399 -0.620800711 0.778572053
1561000517.493041515 -337.855403 102.382966 22.575136 -0.015361973 0.089985901 -0.623502479 0.776473571
1561000517.594036341 -337.873001 102.674279 22.588694 -0.015082897 0.089366817 -0.626780518 0.773907140
1561000517.694055796 -337.876601 102.961169 22.594768 -0.014735229 0.089312318 -0.630442671 0.770939830
1561000517.793711901 -337.881116 103.257503 22.601890 -0.015034348 0.089239782 -0.634887038 0.767286568
1561000517.892849207 -337.878805 103.568163 22.613863 -0.015409305 0.088773217 -0.639579537 0.763426411
1561000517.993324041 -337.867856 103.879874 22.622536 -0.015336711 0.088479012 -0.644694221 0.759147951
1561000518.094338655 -337.853158 104.207505 22.627313 -0.015530756 0.088081316 -0.650401159 0.754306841
1561000518.194171667 -337.824689 104.522766 22.635429 -0.015949527 0.087497344 -0.656523616 0.749043770
1561000518.292854309 -337.803728 104.856106 22.651233 -0.014678176 0.086521324 -0.663311023 0.743180394
1561000518.394183874 -337.760088 105.184899 22.660299 -0.012719806 0.085867371 -0.670209908 0.737077798
1561000518.493525267 -337.716107 105.530113 22.675602 -0.011615053 0.084523954 -0.677993060 0.730100132
1561000518.593246698 -337.672912 105.877750 22.685008 -0.010888260 0.083346433 -0.686592710 0.722167064
1561000518.694539309 -337.600664 106.242026 22.689280 -0.010226395 0.082034552 -0.694990523 0.714250605
1561000518.794532537 -337.523357 106.615823 22.693091 -0.009329601 0.080943397 -0.703708181 0.705801616
1561000518.894729376 -337.426932 107.001103 22.687406 -0.008095631 0.080478501 -0.712345468 0.697152498
1561000518.992775917 -337.321964 107.381874 22.686963 -0.007320851 0.080166132 -0.721037794 0.688203673
1561000519.095040083 -337.202605 107.779655 22.693769 -0.008456428 0.078666772 -0.729626385 0.679253536
1561000519.193896770 -337.069362 108.170294 22.708039 -0.008640134 0.075279686 -0.737889139 0.670654855
1561000519.293883324 -336.924721 108.576383 22.711822 -0.007328710 0.071885187 -0.746407531 0.661554689
1561000519.392534733 -336.779420 108.982839 22.712154 -0.006386033 0.069329803 -0.754972031 0.652050480
1561000519.492415667 -336.625569 109.403195 22.700308 -0.005938586 0.068315052 -0.763604103 0.642033146
1561000519.593890429 -336.445180 109.810898 22.687893 -0.006321945 0.069510481 -0.771735274 0.632102043
1561000519.693973780 -336.255947 110.229517 22.680591 -0.007270330 0.071047589 -0.780351877 0.621249009
1561000519.794086933 -336.044445 110.619529 22.685729 -0.008169450 0.070771473 -0.788114946 0.611391438
1561000519.892949820 -335.827562 111.005238 22.690592 -0.008659654 0.068484085 -0.795711837 0.601728853
1561000519.992925167 -335.615046 111.389787 22.687754 -0.008297546 0.066079379 -0.802971095 0.592285478
1561000520.094164133 -335.400022 111.777370 22.666674 -0.008370163 0.065312801 -0.809896530 0.582865156
1561000520.194026947 -335.174806 112.146185 22.640920 -0.010372494 0.066713091 -0.815834602 0.574330634
1561000520.292557478 -334.932518 112.513052 22.631782 -0.012460949 0.069033031 -0.822434513 0.564518057
1561000520.394090176 -334.665000 112.851316 22.633314 -0.012350653 0.069862045 -0.828755737 0.555095203
1561000520.494014502 -334.404045 113.207656 22.625449 -0.011203252 0.070089447 -0.835242369 0.545281708
1561000520.594081879 -334.129627 113.563995 22.614022 -0.010623513 0.070351743 -0.841222614 0.535987208
1561000520.695711136 -333.831407 113.922980 22.606922 -0.011183158 0.070056726 -0.847069210 0.526726443
1561000520.795365572 -333.529760 114.280555 22.602576 -0.011790661 0.067529699 -0.852686778 0.517905377
1561000520.895367622 -333.215517 114.663551 22.587175 -0.011533551 0.064608445 -0.858152387 0.509182881
1561000520.995354176 -332.891470 115.050995 22.557635 -0.011099275 0.062374613 -0.863445369 0.500448107
1561000521.094278097 -332.556312 115.435293 22.522544 -0.011204686 0.062749846 -0.868027289 0.492407898
1561000521.195346594 -332.211972 115.814061 22.495227 -0.012286472 0.063876494 -0.872253410 0.484709010
1561000521.293606997 -331.845120 116.163103 22.486480 -0.013865111 0.064718334 -0.876372248 0.477064962
1561000521.395178318 -331.466051 116.534983 22.482936 -0.013760009 0.063234645 -0.880803192 0.469039208
1561000521.493861437 -331.094172 116.904668 22.465810 -0.012385223 0.061063309 -0.884944955 0.461508727
1561000521.595317602 -330.704280 117.266392 22.434757 -0.010612424 0.059765214 -0.888861561 0.454137226
1561000521.695205212 -330.302054 117.636042 22.396181 -0.009885404 0.060142009 -0.892933539 0.446043621
1561000521.793978930 -329.898548 117.999981 22.367968 -0.010752618 0.060965851 -0.896647996 0.438394706
1561000521.895286322 -329.462129 118.365881 22.346223 -0.011644029 0.061397153 -0.900307279 0.430745411
1561000521.993993521 -329.017906 118.720514 22.326224 -0.011939036 0.061337579 -0.903846405 0.423269225
1561000522.095572948 -328.554532 119.086101 22.304192 -0.011569439 0.060700234 -0.907372475 0.415760534
1561000522.195819855 -328.097986 119.444644 22.277139 -0.010879459 0.059830933 -0.910833812 0.408269108
1561000522.296056747 -327.621037 119.798881 22.250235 -0.011500256 0.058234381 -0.914299201 0.400666286
1561000522.395306110 -327.136328 120.145100 22.217419 -0.011484489 0.057082401 -0.917592441 0.393235067
1561000522.493961573 -326.623545 120.497403 22.181179 -0.011689379 0.056357528 -0.920622118 0.386189206
1561000522.595198631 -326.103605 120.843992 22.147500 -0.012114562 0.055326222 -0.923571900 0.379219188
1561000522.695280075 -325.582259 121.194144 22.117217 -0.012338328 0.054615488 -0.926636388 0.371765946
1561000522.795741558 -325.049656 121.544480 22.081900 -0.011621630 0.053799434 -0.929485327 0.364729470
1561000522.896635532 -324.506307 121.885068 22.050532 -0.011535380 0.052133010 -0.932430098 0.357383822
1561000522.995442629 -323.952130 122.212260 22.010259 -0.011499745 0.050362806 -0.935171224 0.350408513
1561000523.096596956 -323.376524 122.540995 21.962314 -0.012960871 0.049096082 -0.937808882 0.343418246
1561000523.196621180 -322.799182 122.861707 21.913346 -0.015321542 0.048852107 -0.940421973 0.336132763
1561000523.296517849 -322.216164 123.177703 21.859661 -0.017283718 0.048899824 -0.943011174 0.328694396
1561000523.396509886 -321.621239 123.477614 21.820010 -0.019551263 0.049116808 -0.945761104 0.320532714
1561000523.495098352 -321.019727 123.780606 21.777308 -0.018970104 0.048592464 -0.948383177 0.312807060
1561000523.596357584 -320.394193 124.072941 21.730572 -0.017856420 0.048597005 -0.950788000 0.305485937
1561000523.695025206 -319.788731 124.351497 21.679127 -0.015915689 0.048847707 -0.952905893 0.298882839
1561000523.796582937 -319.156246 124.622872 21.630038 -0.014874201 0.049407095 -0.954796974 0.292746368
1561000523.896729469 -318.548810 124.883011 21.583697 -0.014815712 0.048988542 -0.956485394 0.287256519
1561000523.995348454 -317.919778 125.148056 21.538064 -0.015848256 0.048742325 -0.958146573 0.281652556
1561000524.096738815 -317.270737 125.400643 21.489439 -0.016578138 0.048432960 -0.959532881 0.276904430
1561000524.196661472 -316.622975 125.658305 21.447171 -0.016171689 0.047429410 -0.960887424 0.272367922
1561000524.296202421 -315.984659 125.915787 21.399297 -0.015123396 0.046105694 -0.961945385 0.268898911
1561000524.396665096 -315.330146 126.161543 21.347612 -0.014568537 0.045233559 -0.962887989 0.265684782
1561000524.495339155 -314.671350 126.420995 21.292701 -0.014256417 0.044678965 -0.963527067 0.263469422
1561000524.596513987 -314.003034 126.677497 21.244512 -0.014482936 0.044041872 -0.963930054 0.262086645
1561000524.695302248 -313.340723 126.926269 21.211993 -0.014544946 0.040894944 -0.964353337 0.261033887
1561000524.796665430 -312.686890 127.185415 21.171992 -0.013357727 0.037565574 -0.964513144 0.261007267
1561000524.898305655 -312.032181 127.458094 21.116221 -0.009446917 0.036505806 -0.964823805 0.260178993
1561000524.996699333 -311.389252 127.716922 21.071662 -0.002422355 0.038677979 -0.965028232 0.259265610
1561000525.097917080 -310.720286 127.963046 21.036363 0.000366424 0.041204390 -0.965027241 0.258890881
1561000525.198131323 -310.046583 128.193476 21.009114 -0.004631884 0.038950779 -0.965065481 0.259055977
1561000525.298218012 -309.359493 128.443423 20.934102 -0.011540608 0.035383848 -0.964815938 0.260278702
1561000525.398320675 -308.657220 128.729563 20.857614 -0.024169212 0.032088868 -0.964686156 0.260320521
1561000525.497171164 -307.965230 129.023472 20.797747 -0.027675821 0.030565169 -0.964627729 0.260371204
1561000525.598359585 -307.273134 129.305688 20.744812 -0.018119484 0.032577574 -0.964937899 0.259817700
1561000525.697935820 -306.608064 129.562661 20.713093 -0.006450562 0.033003731 -0.965288991 0.259010248
1561000525.796989918 -305.943245 129.806145 20.667477 -0.001269236 0.034990518 -0.965147750 0.259352795
1561000525.897891998 -305.244103 130.070068 20.631438 -0.006529989 0.033862499 -0.965103948 0.259586324
1561000525.996589661 -304.528222 130.337637 20.574848 -0.012510206 0.032011147 -0.965078028 0.259698250
1561000526.097718239 -303.806648 130.628245 20.508580 -0.013880432 0.031996319 -0.965103704 0.259534986
1561000526.197169304 -303.076331 130.918601 20.450469 -0.011837381 0.034184710 -0.965021166 0.259664075
1561000526.296564817 -302.342239 131.202178 20.396949 -0.008392329 0.035581768 -0.965026214 0.259591821
1561000526.397852421 -301.602082 131.481713 20.349336 -0.006711379 0.036269594 -0.964875531 0.260105138
1561000526.496739626 -300.876209 131.754950 20.305068 -0.006189256 0.036314427 -0.964695387 0.260779150
1561000526.598039865 -300.140087 132.044256 20.257912 -0.007661778 0.035980417 -0.964616303 0.261078714
1561000526.697687387 -299.405615 132.333131 20.211779 -0.009586308 0.035838568 -0.964420012 0.261758937
1561000526.798261881 -298.654986 132.634182 20.157498 -0.010242813 0.035357836 -0.964388535 0.261915372
1561000526.897933722 -297.896280 132.932483 20.104167 -0.010194141 0.034865533 -0.964200698 0.262673731
1561000526.996861219 -297.137681 133.228832 20.049229 -0.010056473 0.034984877 -0.964060170 0.263178483
1561000527.097368240 -296.372348 133.528411 19.995528 -0.009444790 0.034953609 -0.963978461 0.263504397
1561000527.196748257 -295.597704 133.834470 19.941653 -0.008477729 0.034679276 -0.963904558 0.263843665
1561000527.298029423 -294.822848 134.140383 19.893822 -0.007449704 0.034101838 -0.963907153 0.263940463
1561000527.398228645 -294.049688 134.452714 19.840885 -0.006684242 0.034016304 -0.963960646 0.263776581
1561000527.497802734 -293.277420 134.759708 19.789044 -0.006355016 0.034161404 -0.963982790 0.263685026
1561000527.597693682 -292.495528 135.064124 19.741141 -0.006905431 0.034484903 -0.963922267 0.263850280
1561000527.697875261 -291.693614 135.378844 19.685455 -0.007033357 0.034653893 -0.963909849 0.263870123
1561000527.797972202 -290.895097 135.700137 19.633071 -0.008120766 0.034499792 -0.963836033 0.264128602
1561000527.897967577 -290.098369 136.022417 19.584086 -0.008987423 0.033539557 -0.963892873 0.264016766
1561000527.996791124 -289.291752 136.337656 19.526372 -0.009250055 0.033427235 -0.963788512 0.264402650
1561000528.097444296 -288.480159 136.664702 19.469817 -0.010021031 0.033510777 -0.963850443 0.264138088
1561000528.198279381 -287.664345 136.983577 19.410768 -0.010079973 0.033813518 -0.963909292 0.263882393
1561000528.296730518 -286.847423 137.307604 19.349441 -0.010638063 0.035012393 -0.963939996 0.263591821
1561000528.397976637 -286.008115 137.633370 19.291083 -0.011565675 0.035976946 -0.963978666 0.263281269
1561000528.496695757 -285.185369 137.956348 19.229152 -0.011330304 0.036206436 -0.964016964 0.263119765
1561000528.597892284 -284.342705 138.284226 19.171476 -0.010299236 0.036247044 -0.964104729 0.262834831
1561000528.699212551 -283.490173 138.615881 19.110568 -0.009703486 0.036257243 -0.964024637 0.263149682
1561000528.788869381 -282.687036 138.928021 19.061918 -0.009958446 0.035758084 -0.964030390 0.263187379
1561000528.891527176 -281.809564 139.283284 19.010555 -0.010355881 0.034490483 -0.964106910 0.263060882
1561000528.989218950 -280.959480 139.623125 18.946056 -0.009900791 0.034723237 -0.964087202 0.263120007
1561000529.090054989 -280.094030 139.964419 18.882605 -0.009330891 0.034396960 -0.964088829 0.263177724
1561000529.188817978 -279.234072 140.304317 18.821811 -0.010100879 0.034712101 -0.964016960 0.263371112
1561000529.290014744 -278.365485 140.652946 18.758037 -0.010259156 0.035921048 -0.963962938 0.263400613
1561000529.390196085 -277.489181 140.990932 18.695803 -0.011309985 0.036386148 -0.963889310 0.263563145
1561000529.489218712 -276.618587 141.332898 18.639005 -0.011463550 0.036310362 -0.963797109 0.263903917
1561000529.589970112 -275.745241 141.678818 18.577068 -0.010800007 0.036176162 -0.963742771 0.264148665
1561000529.688941956 -274.868954 142.022118 18.512366 -0.010023512 0.036464225 -0.963554153 0.264826894
1561000529.789987087 -273.996806 142.370100 18.453604 -0.009467527 0.036300479 -0.963322779 0.265710113
1561000529.891023636 -273.130065 142.720942 18.399067 -0.009434598 0.035868331 -0.963090824 0.266609296
1561000529.989235163 -272.272401 143.082286 18.344605 -0.010325497 0.035963187 -0.962831790 0.267497620
1561000530.091095209 -271.380879 143.443057 18.282546 -0.010593031 0.037063614 -0.962565634 0.268293637
1561000530.191265583 -270.501414 143.795749 18.216058 -0.010666369 0.038104277 -0.962350959 0.268914344
1561000530.289126635 -269.628304 144.152506 18.160827 -0.010419193 0.039390859 -0.962048787 0.269818331
1561000530.390940666 -268.743996 144.517595 18.100566 -0.010754771 0.038937947 -0.961747312 0.270943314
1561000530.489158392 -267.875063 144.879121 18.044200 -0.011619277 0.038576464 -0.961368065 0.272301841
1561000530.590880632 -266.982013 145.258451 17.981177 -0.010593513 0.038925323 -0.960963710 0.273717637
1561000530.691036463 -266.098867 145.634039 17.916658 -0.007438729 0.039403746 -0.960569911 0.275131706
1561000530.789175749 -265.235742 146.004830 17.866167 -0.005507577 0.039140661 -0.960078251 0.276924950
1561000530.891134977 -264.356176 146.392845 17.812551 -0.005228215 0.040559834 -0.959694588 0.278053705
1561000530.989231825 -263.484557 146.768561 17.756167 -0.005864835 0.041664554 -0.959199986 0.279580141
1561000531.091100454 -262.573624 147.154250 17.698777 -0.006360570 0.043179408 -0.958662993 0.281176720
1561000531.191185236 -261.694424 147.542256 17.655055 -0.006704324 0.043876761 -0.958068302 0.283081281
1561000531.291087627 -260.813476 147.938821 17.607902 -0.006054357 0.044909243 -0.957438396 0.285058279
1561000531.391087532 -259.936312 148.338371 17.564962 -0.004740807 0.045525582 -0.956916999 0.286731238
1561000531.489417791 -259.066593 148.736277 17.523586 -0.003518002 0.045712507 -0.956357667 0.288579285
1561000531.591141701 -258.179483 149.146670 17.481352 -0.003294838 0.044833359 -0.955789912 0.290593803
1561000531.691914320 -257.295988 149.562322 17.435275 -0.004139788 0.043938703 -0.955126434 0.292892040
1561000531.789296389 -256.427576 149.976926 17.391636 -0.006126737 0.042911177 -0.954489644 0.295077301
1561000531.891096592 -255.535621 150.402179 17.340426 -0.006797162 0.042603680 -0.953830669 0.297230179
1561000531.989277601 -254.671361 150.824367 17.296251 -0.006550364 0.041079727 -0.953278268 0.299215797
1561000532.090771914 -253.799925 151.260981 17.244045 -0.005155527 0.040126624 -0.952799718 0.300891959
1561000532.192172766 -252.939023 151.695140 17.193927 -0.003957061 0.040125710 -0.952282273 0.302543783
1561000532.289639711 -252.076251 152.129685 17.147728 -0.004093869 0.040643059 -0.951738351 0.304180035
1561000532.390635490 -251.195050 152.565322 17.103541 -0.004457734 0.040276332 -0.951229184 0.305812009
1561000532.488828421 -250.324041 153.008107 17.054121 -0.004578558 0.040556428 -0.950617995 0.307668068
1561000532.589179039 -249.452774 153.459275 17.008033 -0.004613334 0.040916047 -0.949913568 0.309788326
1561000532.692357063 -248.562307 153.928224 16.959559 -0.004280104 0.040975103 -0.949304405 0.311647026
1561000532.790901661 -247.702708 154.381324 16.916533 -0.004206495 0.040811318 -0.948637650 0.313693084
1561000532.890988588 -246.825277 154.847184 16.871452 -0.003639958 0.040555213 -0.947862063 0.316068876
1561000532.989258528 -245.967637 155.310334 16.830369 -0.003443381 0.040833696 -0.947202269 0.318007254
1561000533.089458942 -245.092344 155.779851 16.783502 -0.002786591 0.041181697 -0.946309525 0.320615946
1561000533.189775705 -244.217199 156.260122 16.742725 -0.002971240 0.041274722 -0.945520340 0.322922367
1561000533.290858269 -243.343794 156.748836 16.694000 -0.004311523 0.040943015 -0.944712534 0.325304947
1561000533.390959501 -242.482762 157.231189 16.653422 -0.004774216 0.040997876 -0.943884040 0.327687809
1561000533.490810871 -241.618962 157.727939 16.612092 -0.003534033 0.040961362 -0.942930106 0.330442873
1561000533.591008425 -240.764341 158.226903 16.567823 -0.001628769 0.041648586 -0.941928899 0.333215682
1561000533.691063643 -239.899235 158.725492 16.527336 -0.001394304 0.042146268 -0.940860037 0.336160881
1561000533.791073084 -239.043076 159.231183 16.486841 -0.002062667 0.042012608 -0.939890610 0.338875091
1561000533.891024351 -238.188829 159.750029 16.446792 -0.003369255 0.042196233 -0.938759826 0.341962153
1561000533.989145756 -237.347938 160.270574 16.404049 -0.003515718 0.042677822 -0.937637681 0.344966407
1561000534.091341734 -236.480712 160.807124 16.358655 -0.001663836 0.043368073 -0.936541916 0.347858709
1561000534.191570759 -235.633425 161.331224 16.324505 -0.000068572 0.043975525 -0.935498860 0.350582417
1561000534.289080143 -234.800807 161.862010 16.292025 0.000820272 0.044633401 -0.934323538 0.353619446
1561000534.391014338 -233.948482 162.406902 16.268044 0.000082810 0.043848039 -0.933331692 0.356327511
1561000534.489366055 -233.111531 162.960245 16.236397 -0.000514922 0.043514445 -0.932189377 0.359345506
1561000534.589595079 -232.266081 163.522270 16.198152 -0.001277547 0.042965488 -0.931130518 0.362144024
1561000534.691000938 -231.424015 164.088166 16.161360 -0.001597515 0.043201958 -0.930140607 0.364649818
1561000534.791192770 -230.589508 164.654129 16.127331 -0.000170141 0.042771094 -0.929054055 0.367463152
1561000534.890862465 -229.762695 165.217475 16.094968 0.001363951 0.041846853 -0.928115663 0.369930123
1561000534.988811255 -228.943891 165.791305 16.064968 0.001486582 0.041668878 -0.927044334 0.372626217
1561000535.090504169 -228.106944 166.382241 16.035415 0.000493910 0.041984422 -0.926102308 0.374928765
1561000535.190751076 -227.280934 166.965160 16.006395 -0.000660425 0.041609169 -0.925194589 0.377204472
1561000535.290790558 -226.445184 167.563466 15.964250 -0.001009635 0.042451407 -0.924209827 0.379516869
1561000535.390963078 -225.616905 168.160282 15.923460 -0.000938190 0.044654709 -0.923223449 0.381658932
1561000535.489432335 -224.795832 168.751749 15.892992 -0.000922858 0.046000062 -0.922269347 0.383799941
1561000535.591537714 -223.965236 169.355547 15.862344 0.000157786 0.046788716 -0.921450171 0.385668735
1561000535.691491365 -223.147503 169.955044 15.834592 0.001929992 0.048647456 -0.920397105 0.387941838
1561000535.791290998 -222.330538 170.562655 15.810274 0.002472532 0.050045681 -0.919475818 0.389940426
1561000535.891051292 -221.515496 171.174093 15.790507 0.001333912 0.050257814 -0.918583759 0.392015625
1561000535.988985300 -220.711341 171.783132 15.767236 0.000111234 0.050038972 -0.917601890 0.394338509
1561000536.090637445 -219.895559 172.409799 15.741621 -0.000623950 0.049648364 -0.916767872 0.396322243
1561000536.191461325 -219.091107 173.035604 15.715116 0.000410097 0.050059804 -0.915847339 0.398393650
1561000536.291564226 -218.303363 173.656879 15.693924 0.002000940 0.050248729 -0.914928170 0.400471603
1561000536.390832663 -217.521928 174.278001 15.675854 0.003099632 0.050234722 -0.913924288 0.402752109
1561000536.491059303 -216.728442 174.909939 15.652480 0.003900036 0.050265119 -0.912997129 0.404838794
1561000536.589661837 -215.951899 175.532594 15.641204 0.003245512 0.049297673 -0.912076738 0.407032221
1561000536.691823959 -215.162421 176.180478 15.621927 0.003763034 0.048554468 -0.911041874 0.409427657
1561000536.791499615 -214.388111 176.824505 15.605252 0.003366109 0.048116361 -0.909945463 0.411913510
1561000536.891531229 -213.622054 177.463947 15.591476 0.002848453 0.047029159 -0.908737279 0.414700737
1561000536.991193771 -212.872456 178.107246 15.575217 0.002697706 0.045381181 -0.907477369 0.417633925
1561000537.091233730 -212.123953 178.759395 15.550913 0.002530222 0.043902040 -0.906212449 0.420529673
1561000537.191085577 -211.375651 179.416837 15.526063 0.002491680 0.042981507 -0.904914164 0.423410838
1561000537.291238785 -210.623254 180.076445 15.505285 0.002326059 0.042761365 -0.903876613 0.425644363
1561000537.391211987 -209.874286 180.741756 15.479058 0.003261547 0.041459106 -0.902749048 0.428152615
1561000537.489401817 -209.148261 181.397314 15.456155 0.003744658 0.041381932 -0.901470771 0.430840994
1561000537.591160297 -208.403231 182.078456 15.436629 0.003876028 0.042021581 -0.900261602 0.433299216
1561000537.690526485 -207.675167 182.743733 15.414577 0.004002860 0.041875309 -0.899098045 0.435721404
1561000537.789438248 -206.953513 183.414011 15.398342 0.003654609 0.041985310 -0.897863609 0.438252002
1561000537.891235113 -206.224052 184.096452 15.376844 0.004161506 0.042222028 -0.896717534 0.440565143
1561000537.989338636 -205.516781 184.765348 15.360889 0.005031508 0.042699003 -0.895468846 0.443042915
1561000538.090492725 -204.793386 185.453512 15.348273 0.006247607 0.042671514 -0.894524101 0.444934538
1561000538.190147161 -204.079963 186.135018 15.334478 0.007254427 0.042566142 -0.893745020 0.446492257
1561000538.292117596 -203.361891 186.829001 15.318822 0.007481955 0.042469023 -0.892929507 0.448126431
1561000538.392271042 -202.654035 187.519795 15.307927 0.006735204 0.042195275 -0.892090659 0.449831582
1561000538.489522934 -201.955786 188.201449 15.290232 0.005981171 0.041723671 -0.891307798 0.451435234
1561000538.591930866 -201.237221 188.912956 15.273363 0.005016733 0.042989317 -0.890483730 0.452951959
1561000538.690420628 -200.547525 189.601918 15.259700 0.003994930 0.043075533 -0.889411195 0.455056332
1561000538.789849520 -199.840811 190.303367 15.247961 0.002955785 0.041944867 -0.888427746 0.457086459
1561000538.890926123 -199.142515 191.009163 15.224141 0.002316233 0.041188098 -0.887412277 0.459127026
1561000538.989030600 -198.458638 191.712350 15.200316 0.002441898 0.042273809 -0.886623590 0.460549207
1561000539.090915918 -197.766175 192.430395 15.176153 0.002734090 0.043852128 -0.885478296 0.462598857
1561000539.189598799 -197.095039 193.135552 15.149265 0.001891617 0.045722984 -0.884338712 0.464597539
1561000539.290949345 -196.405285 193.854242 15.122879 0.000511161 0.048281861 -0.883259964 0.466390862
1561000539.391158104 -195.725813 194.563550 15.114213 -0.000445251 0.050494035 -0.882075509 0.468394013
1561000539.489357710 -195.064336 195.260036 15.107925 0.000265131 0.051723888 -0.880861318 0.470540016
1561000539.591303587 -194.401071 195.975488 15.111769 0.002509071 0.050053105 -0.879828899 0.472640984
1561000539.689919233 -193.755407 196.690362 15.099437 0.005008170 0.048027810 -0.878426305 0.475431881
1561000539.789888620 -193.115038 197.411865 15.084308 0.005926426 0.048193224 -0.876682016 0.478613553
1561000539.891501904 -192.479534 198.133448 15.070305 0.004416591 0.047316247 -0.875306057 0.481228608
1561000539.991263151 -191.851422 198.848744 15.063782 0.002957910 0.046452786 -0.873766388 0.484113302
1561000540.091224670 -191.243558 199.560759 15.054885 0.002815812 0.045169690 -0.872414727 0.486666532
1561000540.189301252 -190.648559 200.264757 15.055523 0.004408091 0.045328252 -0.870782634 0.489554412
1561000540.290967464 -190.067935 200.967976 15.050424 0.006028416 0.044375905 -0.869070603 0.492656802
1561000540.390894651 -189.492588 201.661663 15.045414 0.007213899 0.044652592 -0.867542139 0.495302677
1561000540.488974094 -188.933335 202.339985 15.036439 0.007102668 0.044392086 -0.866080096 0.497879667
1561000540.590953350 -188.369623 203.031777 15.029684 0.006101733 0.043760141 -0.864615547 0.500487537
1561000540.689602613 -187.839192 203.707751 15.018820 0.004865677 0.042364164 -0.863451414 0.502626360
1561000540.791322231 -187.295726 204.390030 15.011628 0.003190677 0.042438901 -0.862548524 0.504181319
1561000540.891599417 -186.767206 205.046423 15.001779 0.002736029 0.043012806 -0.861512057 0.505904524
1561000540.993315697 -186.250699 205.696795 14.993722 0.002531107 0.043421588 -0.860339366 0.507862516
1561000541.091596365 -185.744840 206.338953 14.989139 0.002487141 0.043655555 -0.859554157 0.509170559
1561000541.189507008 -185.251623 206.964946 14.975595 0.002231016 0.043705531 -0.858617772 0.510744918
1561000541.291343689 -184.762153 207.602015 14.968416 0.001298470 0.043943829 -0.857700866 0.512266023
1561000541.391256571 -184.288931 208.211155 14.963051 0.001111414 0.043580824 -0.856999440 0.513469995
1561000541.490763664 -183.828819 208.813249 14.957304 0.001605907 0.043533571 -0.856441715 0.514402408
1561000541.589960814 -183.370878 209.396512 14.949751 0.003946891 0.044996095 -0.855777174 0.515368996
1561000541.689352512 -182.927142 209.976490 14.939091 0.006358678 0.047680019 -0.854937118 0.516496570
1561000541.790982485 -182.477949 210.569013 14.934949 0.006595408 0.047999100 -0.854312471 0.517496656
1561000541.891381025 -182.041416 211.157292 14.960979 0.008608090 0.043685389 -0.853653661 0.518934404
1561000541.991471052 -181.609340 211.742744 14.972593 0.015391026 0.041850849 -0.853066355 0.519893658
1561000542.091524839 -181.199379 212.319098 14.977688 0.022389714 0.044671699 -0.851508569 0.521954306
1561000542.189532757 -180.772817 212.904585 14.977801 0.024139532 0.048610530 -0.850255259 0.523564986
1561000542.291278839 -180.320948 213.518262 14.973463 0.018575949 0.045989577 -0.849167943 0.525788644
1561000542.391326427 -179.903744 214.192603 14.982170 0.015811301 0.048162529 -0.847512894 0.528348623
1561000542.489293098 -179.465148 214.872564 14.969676 0.011051001 0.047050980 -0.846182733 0.530696583
1561000542.591140032 -179.010194 215.544247 14.909465 0.001878433 0.043174410 -0.845721811 0.531871282
1561000542.689396858 -178.569753 216.074489 14.834227 -0.018119774 0.032457116 -0.846663833 0.530828185
1561000542.792573690 -178.134253 216.630793 14.785950 -0.015408260 0.032971558 -0.846920284 0.530472897
1561000542.892575979 -177.747584 217.160764 14.755972 -0.004681472 0.038739779 -0.845206638 0.533013181
1561000542.992678642 -177.328437 217.743952 14.781645 0.003450452 0.045008263 -0.842606295 0.536634869
1561000543.092681885 -176.884533 218.381499 14.806474 0.004090373 0.045898373 -0.840608342 0.539679741
1561000543.193380594 -176.436462 219.050819 14.813028 -0.001393865 0.043413790 -0.839161774 0.542144646
1561000543.293582916 -175.994438 219.734297 14.800116 -0.005254403 0.042599984 -0.837580196 0.544625603
1561000543.393408775 -175.568999 220.400963 14.777076 -0.004417792 0.043606824 -0.835896904 0.547133707
1561000543.492574692 -175.143139 221.057808 14.763912 -0.002338768 0.045442621 -0.833845488 0.550119261
1561000543.592602015 -174.716888 221.727365 14.761203 -0.000295016 0.045802666 -0.832023732 0.552845854
1561000543.691095114 -174.299341 222.402122 14.774401 -0.000519857 0.045820323 -0.830218036 0.555552194
1561000543.792948484 -173.877406 223.095030 14.793410 0.001321380 0.044718527 -0.829438236 0.556804023
1561000543.891624212 -173.470997 223.783293 14.808087 0.004821184 0.042986947 -0.828368387 0.558511140
1561000543.992851019 -173.075100 224.481101 14.811390 0.008476819 0.042640658 -0.827459254 0.559840246
1561000544.092876196 -172.671952 225.182838 14.812615 0.010502612 0.042121168 -0.826424527 0.561371538
1561000544.192665577 -172.261526 225.878962 14.825035 0.009733404 0.040045384 -0.825320269 0.563159020
1561000544.292612791 -171.841134 226.605719 14.832034 0.007877347 0.037591740 -0.824708542 0.564252274
1561000544.392565727 -171.423645 227.334075 14.838101 0.006817662 0.035033255 -0.823988440 0.565481425
1561000544.492531061 -171.005895 228.061815 14.827476 0.007819545 0.034270569 -0.823125063 0.566771129
1561000544.592533827 -170.584613 228.795075 14.831970 0.007848701 0.034810160 -0.822752296 0.567278864
1561000544.691058874 -170.146221 229.528836 14.825687 0.008404810 0.035932301 -0.822426504 0.567673212
1561000544.791332722 -169.715802 230.269181 14.843445 0.008448514 0.037208540 -0.821717446 0.568616379
1561000544.891206264 -169.284977 231.008323 14.855908 0.008476952 0.036948209 -0.821258875 0.569295030
1561000544.991619825 -168.856034 231.744039 14.861640 0.009357370 0.036481068 -0.820815779 0.569950022
1561000545.092017889 -168.416419 232.487886 14.869032 0.008407542 0.036374470 -0.820305396 0.570705938
1561000545.191143274 -167.982826 233.217411 14.869549 0.006972549 0.036878139 -0.819979638 0.571160905
1561000545.293280602 -167.538205 233.996804 14.870528 0.005032924 0.036483398 -0.820077199 0.571066563
1561000545.391103029 -167.109369 234.756078 14.870423 0.003394081 0.036916806 -0.819761838 0.571503419
1561000545.493682623 -166.668091 235.534712 14.859841 0.003281743 0.037877948 -0.819712239 0.571512324
1561000545.593706608 -166.228401 236.311189 14.863278 0.003043048 0.038630810 -0.819595682 0.571630403
1561000545.691145897 -165.791564 237.075944 14.863737 0.003727597 0.039312883 -0.819173414 0.572184866
1561000545.793059587 -165.340646 237.868988 14.870304 0.003976908 0.039030738 -0.819015746 0.572428156
1561000545.892434597 -164.886000 238.654382 14.868823 0.003735446 0.037699741 -0.818891625 0.572696501
1561000545.992504597 -164.436082 239.450734 14.861342 0.002791988 0.036210563 -0.818266921 0.573690026
1561000546.093986988 -163.982268 240.260559 14.862969 0.001756596 0.035137312 -0.817615868 0.574688243
1561000546.192507982 -163.551410 241.060076 14.865374 0.002736629 0.034698659 -0.816962256 0.575639806
1561000546.292544127 -163.105069 241.868860 14.876388 0.004333776 0.034120086 -0.816568154 0.576223470
1561000546.391776323 -162.665978 242.688851 14.862877 0.005239959 0.035256923 -0.815730186 0.577333315
1561000546.492941141 -162.215879 243.513440 14.859472 0.003955292 0.034891284 -0.815140237 0.578198364
1561000546.593087912 -161.753444 244.336434 14.850342 0.002129169 0.034585903 -0.814426670 0.579230939
1561000546.691426754 -161.288470 245.156440 14.842787 0.001164648 0.035018097 -0.813780587 0.580115102
1561000546.792891979 -160.829723 246.010227 14.836975 0.001418636 0.037483218 -0.813509603 0.580340522
1561000546.890928745 -160.373563 246.846620 14.838047 0.002780306 0.039423056 -0.813150332 0.580710453
1561000546.993952751 -159.907352 247.705471 14.843037 0.004037268 0.041476094 -0.812720365 0.581161805
1561000547.094208479 -159.447875 248.543702 14.844949 0.004124772 0.043113958 -0.812056568 0.581969331
1561000547.192385912 -158.983621 249.385654 14.848297 0.002747493 0.043228577 -0.810997500 0.583443910
1561000547.294580460 -158.513718 250.264638 14.852862 0.000166906 0.045068771 -0.810136974 0.584505656
1561000547.392252684 -158.052175 251.130225 14.858215 -0.000293715 0.045081431 -0.808850450 0.586283658
1561000547.493797541 -157.589816 252.017008 14.866787 0.000829267 0.046150851 -0.807431588 0.588152737
1561000547.597008467 -157.122875 252.906276 14.875263 0.002171706 0.046643708 -0.805857128 0.590265988
1561000547.695729017 -156.687269 253.793713 14.890643 0.002304065 0.046473318 -0.804223069 0.592503314
1561000547.797153473 -156.228632 254.696977 14.893206 0.001605960 0.045355916 -0.802059931 0.595516691
1561000547.895740747 -155.793025 255.605121 14.899498 -0.000212164 0.043270118 -0.800129454 0.598264580
1561000547.996977329 -155.348308 256.531287 14.901670 -0.000380059 0.041812025 -0.798437640 0.600623796
1561000548.096854687 -154.930382 257.463860 14.914101 0.000648648 0.040750830 -0.796629035 0.603092969
1561000548.195357800 -154.510460 258.393212 14.927134 0.003338082 0.039617690 -0.794601585 0.605828042
1561000548.296699762 -154.096258 259.337936 14.942767 0.007215313 0.037984862 -0.792861198 0.608174490
1561000548.395435810 -153.684772 260.275838 14.953084 0.010127704 0.036318502 -0.790962256 0.610702142
1561000548.496557474 -153.264418 261.233520 14.958310 0.012020678 0.035546406 -0.788936017 0.613328556
1561000548.596608400 -152.864635 262.181123 14.973313 0.012092959 0.035565846 -0.787187255 0.615568889
1561000548.695360184 -152.447380 263.146621 14.983065 0.011713299 0.035349820 -0.785135294 0.618203655
1561000548.796924591 -152.036687 264.123763 14.994849 0.010950538 0.035679907 -0.783274402 0.620554785
1561000548.895633221 -151.631025 265.090707 15.011062 0.010022966 0.035854054 -0.781284228 0.623064188
1561000548.996606350 -151.220488 266.088010 15.026392 0.009586267 0.036252354 -0.779519070 0.625255059
1561000549.096795321 -150.831399 267.071464 15.041686 0.009787561 0.036942897 -0.777474948 0.627751647
1561000549.195947409 -150.452511 268.053140 15.058822 0.009489181 0.037142964 -0.775593880 0.630067051
1561000549.296628714 -150.059667 269.057043 15.071660 0.008382036 0.037195693 -0.773648512 0.632466760
1561000549.395450354 -149.679462 270.057765 15.079031 0.006446849 0.038469749 -0.771775181 0.634698027
1561000549.495580912 -149.286792 271.080967 15.084811 0.004279316 0.040467830 -0.770054121 0.636679427
1561000549.597306252 -148.902624 272.105528 15.100907 0.003132289 0.042410973 -0.768186684 0.638811957
1561000549.695505857 -148.535106 273.114166 15.117817 0.003036821 0.043937842 -0.766358847 0.640901210
1561000549.796905994 -148.164847 274.145137 15.129924 0.002704702 0.044859391 -0.764911550 0.642565670
1561000549.895715952 -147.809043 275.167988 15.167073 0.002991220 0.044378116 -0.763164126 0.644672128
1561000549.997318029 -147.459917 276.204163 15.199040 0.006526604 0.042723754 -0.761904281 0.646246045
1561000550.097015619 -147.124706 277.232104 15.227102 0.010584032 0.041324864 -0.760319950 0.648146439
1561000550.196200848 -146.793292 278.253439 15.251861 0.012043660 0.039285607 -0.758923388 0.649882207
1561000550.296714306 -146.468199 279.278877 15.273364 0.012106299 0.037850786 -0.757550262 0.651566080
1561000550.395317793 -146.150273 280.298249 15.293675 0.012980396 0.037422732 -0.756120008 0.653233175
1561000550.496471643 -145.822023 281.331323 15.314775 0.013347635 0.038525001 -0.754640033 0.654871045
1561000550.596274137 -145.502427 282.355657 15.339066 0.014051512 0.041395044 -0.752652585 0.656965061
1561000550.694962025 -145.189176 283.362999 15.373193 0.013663723 0.044464588 -0.750667115 0.659041035
1561000550.796441078 -144.862960 284.392222 15.415926 0.011838853 0.044578641 -0.748764221 0.661229708
1561000550.895499229 -144.547255 285.432731 15.427515 0.008803429 0.043711291 -0.746810238 0.663540723
1561000550.996882677 -144.254346 286.481863 15.471283 0.006543817 0.044198693 -0.745011521 0.665553519
1561000551.095689535 -143.969533 287.511583 15.511510 0.008681103 0.042698160 -0.743366425 0.667463755
1561000551.196423292 -143.685808 288.545771 15.540938 0.011234775 0.042121889 -0.741975202 0.669008465
1561000551.296757936 -143.409652 289.585219 15.564559 0.012237437 0.041744896 -0.740077543 0.671113134
1561000551.395389080 -143.141554 290.613618 15.590883 0.010515169 0.040047339 -0.738284761 0.673217092
1561000551.497058153 -142.869731 291.668412 15.607548 0.008206619 0.038347826 -0.736376591 0.675434388
1561000551.596681118 -142.613829 292.707609 15.628485 0.007778019 0.036960564 -0.734373885 0.677693453
1561000551.695504189 -142.353745 293.746825 15.659205 0.011206467 0.039294206 -0.732400341 0.679647056
1561000551.796887159 -142.095254 294.783677 15.691886 0.016659157 0.043718426 -0.730332879 0.681487386
1561000551.896528482 -141.852396 295.808105 15.732923 0.019032829 0.046680537 -0.728442371 0.683249875
1561000551.996922016 -141.613396 296.850598 15.768275 0.018520199 0.046956897 -0.726533312 0.685274689
1561000552.096800804 -141.369731 297.909615 15.807520 0.015494624 0.045673692 -0.724465401 0.687621780
1561000552.195415497 -141.139464 298.959858 15.849078 0.013775940 0.045020401 -0.722310277 0.689964673
1561000552.296799898 -140.909384 300.024887 15.884340 0.014026992 0.045909744 -0.720077152 0.692231488
1561000552.396836758 -140.688625 301.084887 15.927287 0.013969568 0.048613883 -0.717990432 0.694212706
1561000552.495916128 -140.472011 302.133638 15.975634 0.014711153 0.050183465 -0.715794106 0.696350486
1561000552.595663548 -140.267777 303.200693 16.029174 0.015706385 0.051543911 -0.713066463 0.699022714
1561000552.697080612 -140.062905 304.284023 16.078869 0.016621451 0.052080172 -0.710583224 0.701486183
1561000552.797114372 -139.885012 305.343350 16.134063 0.016537055 0.051334298 -0.708345898 0.703802106
1561000552.895707369 -139.713304 306.398766 16.187919 0.015485168 0.049821679 -0.705905874 0.706381559
1561000552.998378754 -139.541974 307.483757 16.231035 0.014513038 0.049436808 -0.703597206 0.708728683
1561000553.090428352 -139.385017 308.505187 16.281138 0.014541740 0.050339483 -0.701152015 0.711083909
1561000553.190082788 -139.219831 309.599330 16.340888 0.016945267 0.051670820 -0.698481818 0.713558781
1561000553.289964199 -139.073481 310.673888 16.392893 0.019293876 0.052693451 -0.696121171 0.715727925
1561000553.389907122 -138.912533 311.747590 16.448226 0.019164987 0.052940614 -0.693321962 0.718425119
1561000553.489955425 -138.766222 312.842250 16.470269 0.017103340 0.053956528 -0.690918938 0.720712973
1561000553.589988947 -138.623625 313.930856 16.552760 0.012799970 0.052923454 -0.687776932 0.723877173
1561000553.689998627 -138.512712 315.024547 16.607803 0.013446348 0.050325732 -0.685421883 0.726280495
1561000553.790118933 -138.413783 316.124644 16.659170 0.014943164 0.048949922 -0.682283063 0.729294473
1561000553.890424252 -138.318162 317.217248 16.701926 0.017251525 0.050246640 -0.679519482 0.731731463
1561000553.990161896 -138.225433 318.312126 16.760616 0.017934528 0.051907923 -0.676477564 0.734412708
1561000554.090125322 -138.135425 319.406297 16.833984 0.018854765 0.051127314 -0.673243412 0.737410200
1561000554.190425873 -138.069179 320.521499 16.887814 0.021162136 0.050584195 -0.669878044 0.740443657
1561000554.290438652 -138.002861 321.631105 16.946905 0.021127493 0.050859640 -0.666385510 0.743570628
1561000554.389962435 -137.941719 322.748047 17.011969 0.020225668 0.049252921 -0.662881299 0.746828934
1561000554.490274668 -137.889943 323.865650 17.068161 0.018724012 0.046301069 -0.659300866 0.750218628
1561000554.590097189 -137.864607 325.004348 17.116577 0.017985990 0.044372064 -0.655967105 0.753269395
1561000554.690302134 -137.844480 326.133318 17.153063 0.017209070 0.045891519 -0.652690350 0.756037779
1561000554.790269613 -137.826840 327.259676 17.202816 0.017069316 0.047975510 -0.649534283 0.758625207
1561000554.889093876 -137.813254 328.390365 17.256418 0.017017177 0.049699007 -0.646267428 0.761300752
1561000554.989796638 -137.811526 329.535878 17.326648 0.016482234 0.051022684 -0.642881637 0.764086528
1561000555.090140820 -137.821356 330.662564 17.397442 0.020455703 0.051302680 -0.639813277 0.766543260
1561000555.190901995 -137.851026 331.784798 17.491193 0.026049321 0.051602380 -0.637061247 0.768642696
1561000555.290040016 -137.881812 332.905744 17.558748 0.030723789 0.053057604 -0.634568712 0.770430716
1561000555.389281034 -137.907254 334.034797 17.635141 0.030138683 0.053986093 -0.631548582 0.772867097
1561000555.490064383 -137.942705 335.194786 17.711914 0.027293224 0.053153559 -0.629170516 0.774967252
1561000555.589677572 -137.984955 336.353884 17.785517 0.024102747 0.050798917 -0.626409256 0.777463807
1561000555.689058542 -138.041848 337.522403 17.850105 0.021872430 0.049118520 -0.623560777 0.779923666
1561000555.789971113 -138.110481 338.689877 17.919288 0.020495386 0.048565313 -0.620950309 0.782075484
1561000555.888713598 -138.185928 339.842576 17.987873 0.022296005 0.047212631 -0.618239788 0.784253416
1561000555.989993334 -138.276399 341.013888 18.053259 0.025866438 0.047283504 -0.615658261 0.786167987
1561000556.089356422 -138.369540 342.159203 18.133917 0.028003693 0.046639185 -0.613187794 0.788061742
1561000556.189784288 -138.466317 343.320669 18.216628 0.029482978 0.045154909 -0.611585587 0.789338240
1561000556.289881468 -138.565958 344.477584 18.286692 0.029613020 0.043515165 -0.610232412 0.790471949
1561000556.390138388 -138.673825 345.648511 18.355730 0.028855354 0.042332853 -0.609172753 0.791380980
1561000556.489909887 -138.780427 346.794480 18.414391 0.028267891 0.042852349 -0.607925990 0.792332375
1561000556.589202881 -138.884522 347.966871 18.486486 0.028643465 0.042068304 -0.607206402 0.792912476
1561000556.689069748 -138.997290 349.119276 18.558039 0.029803955 0.042313019 -0.607283002 0.792798012
1561000556.790139437 -139.107079 350.279853 18.626387 0.030698031 0.042953015 -0.607157194 0.792825839
1561000556.889173508 -139.210278 351.422941 18.697357 0.030000895 0.042752397 -0.607299992 0.792753996
1561000556.990822792 -139.312048 352.565642 18.775824 0.028959676 0.042339725 -0.607170841 0.792913775
1561000557.089528561 -139.414388 353.693005 18.856364 0.027583081 0.042031796 -0.607085063 0.793044909
1561000557.190953970 -139.519511 354.858102 18.926773 0.028333473 0.043060824 -0.607551096 0.792606236
1561000557.290936708 -139.624226 356.002978 18.990032 0.029424133 0.044927011 -0.607721085 0.792332548
1561000557.389054775 -139.720358 357.135377 19.076950 0.029492408 0.048105773 -0.608056663 0.791885804
1561000557.490881205 -139.816784 358.290212 19.169478 0.031510468 0.050496194 -0.608588251 0.791250634
1561000557.589173794 -139.909270 359.412308 19.258318 0.031751772 0.051180976 -0.608947986 0.790920150
1561000557.690945148 -140.007820 360.549631 19.343927 0.029907942 0.049141718 -0.609560629 0.790649382
1561000557.790779114 -140.098261 361.683708 19.413225 0.028003034 0.045468136 -0.610506977 0.790208649
1561000557.889040232 -140.185602 362.791325 19.489397 0.026046388 0.041965843 -0.612065102 0.789263432
1561000557.991403103 -140.270179 363.914501 19.558498 0.025970103 0.040676431 -0.613709205 0.788055831
1561000558.089582205 -140.345313 364.977969 19.622923 0.027149799 0.040014846 -0.615480964 0.786666946
1561000558.189455509 -140.410305 366.047560 19.694752 0.030032889 0.039765584 -0.618265313 0.784388123
1561000558.292101622 -140.470003 367.113278 19.772298 0.033540380 0.040252443 -0.621417055 0.781726056
1561000558.389118195 -140.520864 368.125346 19.849866 0.036563448 0.041593056 -0.625069843 0.778601839
1561000558.490890741 -140.561740 369.154104 19.929490 0.038351197 0.041664950 -0.628799103 0.775503002
1561000558.589215040 -140.589523 370.145353 20.002283 0.038543881 0.040513461 -0.632732443 0.772348810
1561000558.690545797 -140.608298 371.138787 20.075791 0.035699860 0.040361446 -0.636157085 0.769675670
1561000558.790532112 -140.607669 372.131177 20.138786 0.033253629 0.039838687 -0.640134511 0.766508240
1561000558.888877153 -140.590110 373.112852 20.211396 0.030375302 0.038517327 -0.644343718 0.763161142
1561000558.990609407 -140.562658 374.103995 20.271457 0.029478292 0.037484040 -0.648444228 0.759767109
1561000559.090611458 -140.526482 375.062066 20.319382 0.027542458 0.036740764 -0.652221103 0.756636744
1561000559.193162918 -140.478003 376.014250 20.367760 0.026552569 0.037656872 -0.655969646 0.753379549
1561000559.293149233 -140.416282 376.935535 20.429510 0.027419604 0.039946598 -0.659744749 0.749926196
1561000559.392329216 -140.352116 377.848591 20.494551 0.029414778 0.042062885 -0.664571083 0.745460100
1561000559.492697239 -140.276702 378.746792 20.558749 0.030505029 0.042461053 -0.668567297 0.741811480
1561000559.590387344 -140.191714 379.633263 20.619339 0.029009546 0.041704867 -0.673148513 0.737760279
1561000559.692023277 -140.102140 380.525483 20.671686 0.027240328 0.039848109 -0.677435393 0.733996854
1561000559.792010307 -139.994311 381.409965 20.714984 0.026368017 0.039878674 -0.681777091 0.729996176
1561000559.892090797 -139.874620 382.275166 20.763530 0.026314136 0.041576391 -0.688028544 0.724013599
1561000559.992027044 -139.733353 383.129109 20.817334 0.026908383 0.043405792 -0.693354607 0.718784574
1561000560.090474129 -139.589699 383.962894 20.871961 0.025993074 0.044650109 -0.699407723 0.712853116
1561000560.190762997 -139.420331 384.805839 20.922067 0.023852970 0.044461667 -0.704771125 0.707638225
1561000560.291784525 -139.242286 385.627103 20.965042 0.021520119 0.044343194 -0.710294411 0.702176911
1561000560.390814066 -139.050832 386.442230 21.008243 0.019583056 0.044189230 -0.715963849 0.696462190
1561000560.492083073 -138.850998 387.249596 21.050933 0.019397010 0.044258449 -0.722012880 0.690190080
1561000560.590675592 -138.635041 388.043022 21.091548 0.020114788 0.044184108 -0.727920978 0.683940210
1561000560.691034317 -138.408347 388.840647 21.130876 0.021135614 0.044287545 -0.734560608 0.676766291
1561000560.792479277 -138.167907 389.629775 21.171542 0.022487147 0.044751480 -0.741113192 0.669509424
1561000560.890805721 -137.918603 390.390354 21.216870 0.024125360 0.044261362 -0.748649614 0.661046635
1561000560.992543936 -137.646334 391.153242 21.263039 0.025229883 0.043873835 -0.755724895 0.652930641
1561000561.090744734 -137.364814 391.895900 21.291899 0.023824980 0.041696303 -0.763459343 0.644068025
1561000561.192399979 -137.053697 392.646805 21.313365 0.019250420 0.041986898 -0.771032143 0.635118852
1561000561.292287111 -136.717458 393.381438 21.363850 0.018390522 0.042900801 -0.779117514 0.625137752
1561000561.392443180 -136.358313 394.099545 21.411129 0.023136558 0.042226875 -0.787728501 0.614137932
1561000561.492274284 -135.986919 394.812065 21.441707 0.027588589 0.042509959 -0.795906639 0.603294617
1561000561.590674162 -135.612088 395.494049 21.458280 0.026048850 0.043197079 -0.802841352 0.594054907
1561000561.692195177 -135.200409 396.185876 21.485694 0.019938310 0.042872223 -0.809606194 0.585066019
1561000561.790434837 -134.792234 396.862964 21.512091 0.014158872 0.041194626 -0.816011033 0.576392681
1561000561.892125607 -134.337735 397.542753 21.532333 0.011432983 0.040556797 -0.821876398 0.568105289
1561000561.992264986 -133.898995 398.202202 21.544655 0.010926639 0.041059987 -0.827933697 0.559214162
1561000562.091626883 -133.436897 398.838613 21.564458 0.011908667 0.042677610 -0.833766330 0.550336726
1561000562.192142725 -132.968676 399.455963 21.586003 0.014293028 0.043411508 -0.839635293 0.541224284
1561000562.292351484 -132.493252 400.059217 21.615528 0.016242290 0.042746184 -0.845139526 0.532586268
1561000562.390352726 -132.018422 400.632541 21.644907 0.018018138 0.040957062 -0.850565852 0.523961446
1561000562.492361307 -131.525470 401.211471 21.665061 0.018755155 0.039687847 -0.856645995 0.514033810
1561000562.590413570 -131.039486 401.745448 21.677429 0.017226606 0.039880312 -0.862522353 0.504150767
1561000562.690644979 -130.553193 402.270849 21.690360 0.016068392 0.040272127 -0.868829601 0.493208969
1561000562.790390253 -130.053296 402.775262 21.710651 0.015051041 0.040401988 -0.875208062 0.481821538
1561000562.890161991 -129.540321 403.268828 21.747918 0.016257096 0.037814990 -0.881050950 0.471227075
1561000562.992275953 -129.017567 403.746741 21.760439 0.020668734 0.036356228 -0.886966239 0.459936864
1561000563.090291262 -128.490703 404.202057 21.774868 0.025891098 0.039405632 -0.892439029 0.448697478
1561000563.193505526 -127.934298 404.625523 21.770950 0.027511471 0.044362735 -0.897419092 0.438079947
1561000563.291882515 -127.386617 405.007934 21.783659 0.021327200 0.044877841 -0.902520647 0.427770512
1561000563.393382311 -126.822825 405.435300 21.773221 0.015381024 0.043174370 -0.908390205 0.415603938
1561000563.493337154 -126.228651 405.887319 21.743620 0.005549443 0.037194459 -0.912910017 0.406424750
1561000563.591739655 -125.617250 406.295616 21.750608 -0.004138657 0.031282862 -0.917262202 0.397031870
1561000563.693393469 -125.002913 406.694045 21.768540 0.002980490 0.033480982 -0.922101918 0.385484363
1561000563.792552471 -124.430517 407.013158 21.773142 0.009957974 0.033017128 -0.926956126 0.373581381
1561000563.893381596 -123.830542 407.352298 21.779677 0.022781706 0.034585764 -0.931508764 0.361353346
1561000563.993449450 -123.201440 407.678890 21.776018 0.021339050 0.035424685 -0.935347306 0.351304931
1561000564.093891382 -122.554352 408.004067 21.781973 0.013904760 0.035719548 -0.939352130 0.340805439
1561000564.194026947 -121.883674 408.326664 21.783193 0.007263705 0.034157455 -0.943445596 0.329683050
1561000564.292422771 -121.213030 408.629935 21.778458 0.006352774 0.031852478 -0.947486602 0.318141792
1561000564.394114017 -120.519068 408.925926 21.759929 0.009787110 0.030024850 -0.951402266 0.306327357
1561000564.494007111 -119.836736 409.194516 21.743776 0.011009517 0.029192856 -0.955089714 0.294669657
1561000564.592149019 -119.151259 409.439752 21.733088 0.010756433 0.029611967 -0.958610533 0.282972219
1561000564.694159269 -118.429329 409.674918 21.718356 0.008939736 0.029839102 -0.961836082 0.271847494
1561000564.792395115 -117.705803 409.894009 21.707118 0.007142145 0.030661911 -0.964913033 0.260675422
1561000564.891851902 -116.979586 410.094176 21.693578 0.006433386 0.031011034 -0.967781849 0.249790352
1561000564.993532896 -116.229708 410.288475 21.674652 0.005863716 0.030407119 -0.970337854 0.239761282
1561000565.092401743 -115.492338 410.464381 21.653191 0.005875497 0.029628333 -0.972778707 0.229759064
1561000565.194161415 -114.730556 410.624700 21.629459 0.005544999 0.029579392 -0.974901186 0.220594627
1561000565.293552399 -113.966238 410.765975 21.607596 0.004697009 0.030494477 -0.976781992 0.212002276
1561000565.394818306 -113.189960 410.907799 21.588045 0.003465577 0.031341945 -0.978400709 0.204298126
1561000565.496139050 -112.401202 411.035699 21.562576 0.002588985 0.031609996 -0.979636637 0.198257822
1561000565.596212149 -111.606788 411.160442 21.536871 0.002121524 0.031213016 -0.980674212 0.193130360
1561000565.696156502 -110.803302 411.294956 21.511746 0.001540676 0.030816086 -0.981412036 0.189415973
1561000565.795152664 -110.006918 411.423516 21.486871 0.001358834 0.030328812 -0.981993416 0.186459776
1561000565.896362543 -109.191931 411.549239 21.456076 0.001457103 0.029249949 -0.982439987 0.184266082
1561000565.996351719 -108.378546 411.673291 21.429198 0.001040810 0.027864031 -0.982760708 0.182767350
1561000566.094882488 -107.565303 411.800249 21.397121 0.000888838 0.027369895 -0.983015579 0.181467546
1561000566.196241140 -106.738609 411.926096 21.364770 0.000877190 0.027190747 -0.983125690 0.180897127
1561000566.294891596 -105.908889 412.051677 21.334810 0.001311786 0.027599584 -0.983182943 0.180521033
1561000566.395954370 -105.058410 412.182778 21.306877 0.001759384 0.027941382 -0.983302896 0.179809898
1561000566.497005224 -104.212008 412.311632 21.273210 0.002735697 0.028728470 -0.983324709 0.179554191
1561000566.595036268 -103.371763 412.425452 21.246892 0.002604254 0.029334281 -0.983469942 0.178660547
1561000566.696358681 -102.500624 412.547248 21.216605 0.002435456 0.030325499 -0.983457079 0.178568213
1561000566.795052052 -101.645873 412.659675 21.185809 0.001963881 0.030053854 -0.983456660 0.178622248
1561000566.895246983 -100.780586 412.774689 21.151503 0.002502787 0.031128494 -0.983458514 0.178421144
1561000566.996274471 -99.899248 412.889591 21.122729 0.004396393 0.032283202 -0.983576963 0.177524149
1561000567.096157551 -99.025841 413.005000 21.100988 0.006270600 0.032923904 -0.983622169 0.177099194
1561000567.196173668 -98.147470 413.123227 21.080239 0.007297204 0.032894601 -0.983621214 0.177070620
1561000567.294797897 -97.268689 413.242278 21.056947 0.008142899 0.033759499 -0.983573301 0.177137098
1561000567.396018028 -96.359283 413.370046 21.041777 0.007208229 0.034232065 -0.983524489 0.177357791
1561000567.495900869 -95.457956 413.502178 21.021781 0.005708006 0.034242115 -0.983491537 0.177593052
1561000567.595265865 -94.534384 413.639092 21.000715 0.005068748 0.034052921 -0.983430557 0.177986084
1561000567.696023703 -93.617782 413.782105 20.982044 0.004919015 0.033386180 -0.983372948 0.178434336
1561000567.794841290 -92.699093 413.925061 20.949999 0.005911500 0.029440757 -0.983452825 0.178658439
1561000567.895937204 -91.773037 414.085630 20.910921 0.005112750 0.032188548 -0.983407931 0.178456152
1561000567.995961428 -90.849388 414.223995 20.882006 0.002769476 0.033899769 -0.983257521 0.179018945
1561000568.094579458 -89.923046 414.374447 20.861033 0.000327445 0.032337636 -0.983478440 0.178113247
1561000568.196030855 -88.971887 414.520734 20.826890 0.002148295 0.031397292 -0.983444939 0.178453485
1561000568.294784546 -88.048337 414.668426 20.800681 0.005603053 0.031676278 -0.983544678 0.177778192
1561000568.396389961 -87.101917 414.816510 20.786357 0.007899222 0.031009465 -0.983658093 0.177180053
1561000568.496124268 -86.161367 414.968531 20.763603 0.008354762 0.030006602 -0.983787417 0.176612911
1561000568.596273422 -85.204742 415.102688 20.737075 0.007414861 0.029913719 -0.983816295 0.176509735
1561000568.696461916 -84.253158 415.237414 20.711367 0.005714988 0.029403290 -0.984062014 0.175284733
1561000568.795073986 -83.295445 415.374121 20.688835 0.004631825 0.028876029 -0.984304539 0.174038201
1561000568.895603418 -82.317698 415.507202 20.662243 0.004766579 0.028313563 -0.984689671 0.171935669
1561000568.996474504 -81.340668 415.631976 20.633276 0.005952440 0.028107280 -0.985081538 0.169672957
1561000569.096626520 -80.362340 415.755207 20.607631 0.006599784 0.027121335 -0.985508915 0.167311252
1561000569.196454287 -79.381406 415.869964 20.586944 0.006509719 0.025713719 -0.985941273 0.164973434
1561000569.294965029 -78.390197 415.977337 20.563188 0.005698560 0.023981488 -0.986416384 0.162404227
1561000569.396138668 -77.377615 416.086221 20.532579 0.004934120 0.022835330 -0.986855209 0.159909345
1561000569.495904207 -76.373464 416.187076 20.499905 0.004822230 0.022040475 -0.987320677 0.157126844
1561000569.595351219 -75.367226 416.280323 20.458717 0.005093732 0.022361794 -0.987705570 0.154634122
1561000569.695713043 -74.349061 416.362942 20.425020 0.005326930 0.023121815 -0.988059754 0.152233136
1561000569.794589758 -73.330071 416.450163 20.392994 0.005887665 0.025058017 -0.988377065 0.149827264
1561000569.895784140 -72.287412 416.529078 20.362888 0.006353549 0.026296156 -0.988584966 0.148215754
1561000569.995724440 -71.267142 416.602142 20.333165 0.005392531 0.027119879 -0.988820907 0.146521830
1561000570.094702244 -70.230588 416.670011 20.303211 0.004751357 0.027597890 -0.989077774 0.144709840
1561000570.197766066 -69.158190 416.735536 20.267924 0.004096860 0.028611292 -0.989278591 0.143151943
1561000570.296542883 -68.108899 416.808199 20.233814 0.003942444 0.028920666 -0.989368949 0.142468011
1561000570.397747993 -67.037998 416.883724 20.192488 0.004267695 0.029270932 -0.989429411 0.141966334
1561000570.497756958 -65.975579 416.948693 20.159656 0.004247476 0.029772510 -0.989438731 0.141797584
1561000570.597834349 -64.906056 417.010633 20.126439 0.004658119 0.030434350 -0.989483164 0.141333368
1561000570.697748899 -63.818475 417.077510 20.091042 0.004437143 0.030679585 -0.989469434 0.141383572
1561000570.796444178 -62.744122 417.149391 20.056590 0.004074594 0.030397161 -0.989486685 0.141334746
1561000570.897422552 -61.652630 417.218579 20.020012 0.003437195 0.030126025 -0.989414041 0.141917101
1561000570.997171402 -60.568600 417.291445 19.979076 0.003030885 0.030310774 -0.989314623 0.142578566
1561000571.097485065 -59.458868 417.377102 19.938230 0.003078281 0.029938105 -0.989268593 0.142975118
1561000571.197478056 -58.360423 417.458963 19.899318 0.003719423 0.030212953 -0.989197716 0.143391846
1561000571.296385050 -57.267648 417.543527 19.861673 0.004727171 0.030249600 -0.989092886 0.144075950
1561000571.396707535 -56.148228 417.620888 19.827424 0.004441971 0.030517896 -0.988945435 0.145037424
1561000571.489707232 -55.078239 417.694877 19.797705 0.002990264 0.030549270 -0.988765983 0.146286127
1561000571.588502169 -53.948909 417.789121 19.767764 0.002160550 0.030379347 -0.988693974 0.146821838
1561000571.689687967 -52.815254 417.883716 19.734495 0.002839740 0.030549566 -0.988382440 0.148858360
1561000571.788486481 -51.709116 417.973913 19.704268 0.004626363 0.030073795 -0.988340302 0.149189846
1561000571.889663696 -50.583998 418.064431 19.675256 0.006090126 0.029830135 -0.988294628 0.149488465
1561000571.990029812 -49.467670 418.165035 19.643142 0.005428615 0.030544971 -0.988107210 0.150604371
1561000572.089744806 -48.372385 418.257685 19.616420 0.004339206 0.031623967 -0.987910435 0.151703883
1561000572.189810753 -47.283719 418.348520 19.584444 0.003919727 0.032850494 -0.987657340 0.153096242
1561000572.288634539 -46.210895 418.435516 19.547499 0.003093975 0.033461897 -0.987691523 0.152761853
1561000572.389742374 -45.116117 418.530499 19.512346 0.002720973 0.034186127 -0.987587103 0.153282807
1561000572.489665270 -44.040967 418.628903 19.482128 0.005751994 0.034801262 -0.987406516 0.154221134
1561000572.589808702 -42.953252 418.730582 19.458812 0.007236916 0.035833166 -0.987289703 0.154669499
1561000572.689891338 -41.884076 418.829251 19.438060 0.008545360 0.036635819 -0.987209709 0.154925093
1561000572.788780212 -40.814508 418.919841 19.414367 0.007627182 0.037030688 -0.987135257 0.155352950
1561000572.889365911 -39.727172 419.017299 19.389256 0.007179752 0.037596548 -0.986824173 0.157203694
1561000572.989392996 -38.646896 419.112330 19.361915 0.006583749 0.037828809 -0.986737510 0.157717224
1561000573.091078281 -37.583282 419.226039 19.339832 0.006021579 0.037487174 -0.986558940 0.158933666
1561000573.189424515 -36.524276 419.332648 19.322321 0.005191577 0.037097957 -0.986566231 0.159008996
1561000573.288526773 -35.468237 419.441555 19.285203 0.007887674 0.036851775 -0.986392020 0.160032855
1561000573.389918327 -34.405030 419.557040 19.258410 0.006790860 0.036606707 -0.986300435 0.160702476
1561000573.489599228 -33.342877 419.660796 19.224555 0.003379895 0.036664198 -0.986080466 0.162140766
1561000573.589984894 -32.279824 419.787994 19.194925 0.000961712 0.036769882 -0.986053505 0.162313081
1561000573.689952612 -31.221758 419.917970 19.157783 0.002045306 0.036163153 -0.986037360 0.162537282
1561000573.791019440 -30.155910 420.037682 19.128278 0.004528940 0.035728717 -0.985933456 0.163212034
1561000573.889867544 -29.118057 420.147404 19.097114 0.006984824 0.036223714 -0.985833706 0.163618332
1561000573.988830805 -28.059553 420.265042 19.071555 0.008049052 0.036653304 -0.985763690 0.163895378
1561000574.089592934 -27.009435 420.385830 19.054429 0.007516678 0.036512205 -0.985729127 0.164159822
1561000574.189671040 -25.962370 420.496715 19.032553 0.006313634 0.036470806 -0.985690725 0.164450030
1561000574.288586855 -24.922015 420.611457 19.004922 0.006116838 0.036306480 -0.985687754 0.164511626
1561000574.389810085 -23.877330 420.730062 18.980867 0.006398729 0.036352401 -0.985651777 0.164706203
1561000574.489072561 -22.854629 420.851651 18.952418 0.006673179 0.036629878 -0.985583317 0.165043166
1561000574.589741468 -21.833808 420.961125 18.926350 0.006776388 0.037382155 -0.985574912 0.164920430
1561000574.689548969 -20.811619 421.077298 18.906405 0.005810518 0.038071669 -0.985565646 0.164854919
1561000574.788612366 -19.808627 421.184651 18.884638 0.004879630 0.038082614 -0.985536195 0.165058510
1561000574.889577866 -18.813188 421.297502 18.862002 0.004490118 0.037562236 -0.985556700 0.165066377
1561000574.988832474 -17.831895 421.397407 18.838279 0.004480858 0.036568568 -0.985643540 0.164770971
1561000575.089606524 -16.869087 421.511359 18.818307 0.005043091 0.036159358 -0.985566764 0.165303423
1561000575.189703226 -15.912137 421.624285 18.801773 0.005655591 0.034920931 -0.985568146 0.165541455
1561000575.289594889 -14.956763 421.732449 18.782135 0.005249688 0.033714575 -0.985543139 0.165953276
1561000575.389668703 -14.029071 421.847568 18.765131 0.004788063 0.032756939 -0.985523350 0.166276229
1561000575.488639832 -13.118279 421.949494 18.742186 0.003844171 0.031990044 -0.985593041 0.166036796
1561000575.589705706 -12.201235 422.059732 18.717649 0.003170466 0.031308578 -0.985494797 0.166762486
1561000575.689607382 -11.301908 422.167381 18.698700 0.002750773 0.030893941 -0.985507701 0.166771010
1561000575.788583040 -10.447008 422.262032 18.683808 0.002786338 0.030474133 -0.985558349 0.166548202
1561000575.889604568 -9.591500 422.365749 18.667644 0.003953861 0.030160523 -0.985472950 0.167086128
1561000575.988734007 -8.763308 422.446429 18.652325 0.006589683 0.030590759 -0.985283153 0.168041336
1561000576.089675903 -7.936499 422.544047 18.635583 0.007965270 0.031458427 -0.985208106 0.168261435
1561000576.189825296 -7.172320 422.641674 18.615584 0.008453856 0.031973514 -0.985322731 0.167467438
1561000576.288682461 -6.416080 422.722480 18.603048 0.007811258 0.033278592 -0.985280821 0.167490965
1561000576.389882088 -5.684466 422.809034 18.582936 0.007642591 0.034071214 -0.985567300 0.165643712
1561000576.489072561 -4.980554 422.885878 18.569763 0.007133163 0.035239495 -0.985470874 0.165995339
1561000576.590285540 -4.254991 422.953426 18.565193 0.008721206 0.035744758 -0.985565691 0.165246850
1561000576.690116167 -3.536986 423.029339 18.563087 0.013730186 0.036092050 -0.985436149 0.165603270
1561000576.788446903 -2.798827 423.106805 18.547849 0.014961726 0.036080465 -0.985396063 0.165737581
1561000576.889529943 -2.044328 423.196910 18.519103 0.009889613 0.036222981 -0.985284443 0.166747288
1561000576.988672972 -1.293132 423.287779 18.495020 0.001598806 0.035870400 -0.985149084 0.167904857
1561000577.089195251 -0.557737 423.391893 18.483727 -0.003030775 0.034259840 -0.985186823 0.168000002
1561000577.191176653 0.178824 423.480786 18.478893 0.002175224 0.032468654 -0.985387999 0.167187158
1561000577.289318800 0.889009 423.563559 18.468305 0.011814104 0.030325324 -0.985406269 0.167078684
1561000577.389492989 1.602232 423.648585 18.453959 0.017624277 0.029587175 -0.985191483 0.167963466
1561000577.488426685 2.295268 423.728106 18.445228 0.017240919 0.028533580 -0.985104257 0.168695548
1561000577.589686394 3.019205 423.810034 18.432024 0.012982415 0.027558115 -0.985082213 0.169366587
1561000577.689888954 3.737710 423.900633 18.421604 0.009749130 0.025273471 -0.985214404 0.169170874
1561000577.789148569 4.443193 423.991230 18.408934 0.008251952 0.023881456 -0.985371733 0.168535247
1561000577.889779806 5.133470 424.092688 18.392959 0.008831835 0.023992361 -0.985332539 0.168719156
1561000577.988828182 5.832084 424.173683 18.377287 0.009912169 0.023942896 -0.985365464 0.168473704
1561000578.088748693 6.519355 424.252199 18.363418 0.010429747 0.024072316 -0.985480356 0.167750445
1561000578.189526796 7.215222 424.324295 18.348493 0.010752169 0.024155606 -0.985509343 0.167547703
1561000578.289433479 7.899664 424.409474 18.337307 0.010795938 0.024742275 -0.985600569 0.166921499
1561000578.390471220 8.587380 424.478439 18.323436 0.011047526 0.025658058 -0.985519310 0.167246243
1561000578.489114046 9.265839 424.558913 18.304855 0.011012541 0.028120010 -0.985519901 0.166848775
1561000578.590784788 9.955187 424.626110 18.299930 0.010572621 0.029457195 -0.985509366 0.166708676
1561000578.690477610 10.631324 424.698283 18.289667 0.010351218 0.030420146 -0.985454957 0.166871192
1561000578.788660288 11.300675 424.773529 18.277098 0.009985724 0.031295387 -0.985462076 0.166689476
1561000578.890394449 11.985968 424.841643 18.262868 0.009499399 0.031929396 -0.985397237 0.166980720
1561000578.988981485 12.658162 424.922932 18.248707 0.009039739 0.033621095 -0.985306932 0.167206923
1561000579.088583708 13.325065 424.986145 18.235105 0.009000284 0.034491465 -0.985345135 0.166806173
1561000579.190377474 13.988958 425.054127 18.227600 0.008699551 0.034837101 -0.985343406 0.166760508
1561000579.289721251 14.638835 425.127710 18.218694 0.008591383 0.034580520 -0.985342830 0.166822910
1561000579.390907764 15.286217 425.204188 18.205081 0.008644653 0.034256166 -0.985506266 0.165919209
1561000579.489003658 15.912118 425.273996 18.190516 0.008380294 0.034253590 -0.985543452 0.165712300
1561000579.590451479 16.564376 425.347513 18.177791 0.008185489 0.034146758 -0.985567756 0.165599502
1561000579.690396547 17.183532 425.421301 18.164239 0.008185228 0.034213305 -0.985655645 0.165061813
1561000579.791058540 17.788223 425.490484 18.154305 0.007466840 0.034442042 -0.985768717 0.164371620
1561000579.891058922 18.385721 425.563582 18.146745 0.007437168 0.034032271 -0.985802657 0.164254724
1561000579.989959955 18.951009 425.625001 18.131036 0.008332452 0.034352497 -0.985850900 0.163855056
1561000580.090810299 19.511955 425.686235 18.122860 0.010935613 0.036366876 -0.985890330 0.163027972
1561000580.191092253 20.049105 425.728067 18.117970 0.012296377 0.037797007 -0.985953107 0.162224094
1561000580.288884878 20.558295 425.759612 18.112663 0.011691474 0.038183418 -0.985901866 0.162489525
1561000580.390244722 21.073053 425.813852 18.110188 0.009994300 0.036610635 -0.986074614 0.161915508
1561000580.488671541 21.568818 425.872055 18.101727 0.008661218 0.035032796 -0.986167961 0.161772801
1561000580.588757992 22.061974 425.928899 18.091920 0.007863993 0.034697663 -0.986118209 0.162188495
1561000580.690290689 22.526666 425.978257 18.084449 0.007394398 0.035637275 -0.986128553 0.161943769
1561000580.790306330 22.956927 426.009364 18.081641 0.008236188 0.035605414 -0.986091198 0.162137497
1561000580.890192747 23.363690 426.048398 18.079545 0.009410120 0.034549202 -0.986093335 0.162289053
1561000580.988959074 23.758298 426.094071 18.076877 0.010137342 0.033165475 -0.986080571 0.162611169
1561000581.091058969 24.148152 426.139942 18.062163 0.010509679 0.032457852 -0.985987820 0.163291313
1561000581.191799164 24.513963 426.195382 18.046766 0.012103094 0.033292800 -0.985626862 0.165181095
1561000581.291637182 24.886619 426.239233 18.036092 0.013888624 0.035941193 -0.984843864 0.169109137
1561000581.391660452 25.277186 426.283690 18.039205 0.014535635 0.037668406 -0.983771264 0.174825362
1561000581.491569757 25.647569 426.345555 18.049353 0.013452448 0.037567315 -0.982450737 0.182203946
1561000581.591439724 26.030619 426.416849 18.050867 0.012281080 0.036944564 -0.980827027 0.190951873
1561000581.692095518 26.402610 426.509664 18.048484 0.012395852 0.036499395 -0.978770795 0.201300443
1561000581.790962219 26.781510 426.621202 18.044328 0.013634918 0.036303346 -0.976144632 0.213630085
1561000581.891644239 27.149742 426.747175 18.058250 0.013840641 0.034730447 -0.973102198 0.227319919
1561000581.990031242 27.525104 426.888367 18.054863 0.013755132 0.032519961 -0.969565475 0.242272653
1561000582.091732979 27.888152 427.051052 18.037664 0.015224479 0.032635686 -0.965446235 0.258102100
1561000582.191843271 28.240134 427.219008 18.012397 0.018504855 0.037584459 -0.960879184 0.273781250
1561000582.293147326 28.579341 427.377317 18.028237 0.020498292 0.043019218 -0.955586135 0.290833811
1561000582.393297195 28.920288 427.562017 18.061713 0.020502290 0.044757552 -0.950015949 0.308295498
1561000582.491612673 29.247418 427.746845 18.101168 0.018792603 0.041367399 -0.943562016 0.328064472
1561000582.593200684 29.579900 427.966055 18.122307 0.018783048 0.036503667 -0.937312756 0.346062822
1561000582.693050623 29.887484 428.196445 18.119173 0.021399611 0.031505863 -0.930313539 0.364782342
1561000582.793268204 30.173811 428.486576 18.104025 0.024824091 0.029709899 -0.922374276 0.384352419
1561000582.892840624 30.453449 428.794970 18.086916 0.025334770 0.032559155 -0.913765646 0.404141554
1561000582.991446733 30.746529 429.087237 18.086583 0.022710750 0.037956282 -0.904589190 0.423983420
1561000583.093174219 31.043724 429.367272 18.124748 0.020324071 0.040034718 -0.895251307 0.443293639
1561000583.193296194 31.342065 429.664239 18.165848 0.022960995 0.038481398 -0.885363959 0.462733870
1561000583.294045448 31.595738 429.979601 18.204436 0.027215491 0.035148800 -0.874778497 0.482479492
1561000583.393784046 31.831247 430.296915 18.213935 0.031855727 0.033583014 -0.863810030 0.501686781
1561000583.492604494 32.016955 430.644903 18.219621 0.034519708 0.034341596 -0.852367012 0.520672183
1561000583.593564272 32.217448 431.017959 18.225470 0.036103425 0.036998420 -0.840213582 0.539785880
1561000583.693686008 32.431916 431.383754 18.245695 0.036123792 0.038515872 -0.827808948 0.558519422
1561000583.791924238 32.638616 431.766786 18.264965 0.035693937 0.038792397 -0.814738132 0.577427805
1561000583.893518686 32.829122 432.159496 18.292880 0.034916946 0.038274956 -0.801795557 0.595348402
1561000583.992172003 32.977370 432.585378 18.315754 0.035580393 0.040109005 -0.788326943 0.612915927
1561000584.093904495 33.138511 433.018451 18.361978 0.035878530 0.040771839 -0.774610813 0.630101957
1561000584.194245815 33.279471 433.457777 18.400040 0.039237196 0.040921381 -0.760621779 0.646715078
1561000584.291797638 33.381292 433.885716 18.438912 0.042067049 0.041261684 -0.746637454 0.662616291
1561000584.393507004 33.474887 434.333359 18.474358 0.044605431 0.040190481 -0.732739778 0.677855072
1561000584.491756678 33.540929 434.793457 18.501211 0.046117615 0.040729076 -0.719715490 0.691537361
1561000584.593508005 33.600380 435.244310 18.522076 0.046706302 0.043505659 -0.705669322 0.705660391
1561000584.693426847 33.648969 435.723802 18.563458 0.045824064 0.045592022 -0.693269869 0.717773231
1561000584.791982412 33.681916 436.195362 18.617442 0.045421266 0.046160698 -0.680997070 0.729416952
1561000584.893540859 33.731119 436.675138 18.669114 0.046666753 0.046037805 -0.668519813 0.740799564
1561000584.992389917 33.749941 437.177126 18.719920 0.048598761 0.045466824 -0.657590886 0.750429980
1561000585.093595982 33.740309 437.684657 18.767075 0.051252402 0.044010728 -0.648276056 0.758402533
1561000585.193530798 33.719948 438.195648 18.799805 0.052405774 0.043176957 -0.640215535 0.765188509
1561000585.293562412 33.687657 438.701390 18.830393 0.051842171 0.043629790 -0.633579716 0.770704596
1561000585.393451214 33.651334 439.207428 18.865813 0.050228030 0.044865963 -0.627774422 0.775476283
1561000585.492426157 33.631709 439.716054 18.907339 0.048232425 0.045991995 -0.621961035 0.780206922
1561000585.593365669 33.619406 440.262669 18.957678 0.046802785 0.047146927 -0.616308688 0.784697565
1561000585.693253040 33.605989 440.811959 19.014635 0.046112667 0.047361729 -0.610175562 0.789503814
1561000585.791720629 33.606016 441.356233 19.067141 0.046383174 0.046890211 -0.604749115 0.793680299
1561000585.893718243 33.595706 441.913923 19.117833 0.046187553 0.045724350 -0.599411368 0.797798223
1561000585.991850138 33.528473 442.475947 19.160766 0.046649720 0.045250695 -0.594918701 0.801154116
1561000586.093549490 33.482285 443.060307 19.205522 0.046626267 0.045131495 -0.589046161 0.805489764
1561000586.192065001 33.420451 443.640208 19.256989 0.046527304 0.044373186 -0.583503421 0.809561602
1561000586.292026997 33.355029 444.225863 19.309580 0.047652209 0.043183875 -0.579476269 0.812447951
1561000586.394879580 33.263052 444.825593 19.360072 0.048561794 0.042137380 -0.576059499 0.814875234
1561000586.493243933 33.189131 445.386258 19.404565 0.048973677 0.041330249 -0.573131019 0.816954236
1561000586.595237732 33.093753 445.987801 19.453100 0.049528935 0.041102228 -0.570753321 0.818595222
1561000586.694937706 33.014686 446.591097 19.502565 0.049759883 0.040852152 -0.567801965 0.820643640
1561000586.793363094 32.932008 447.200459 19.551244 0.049763234 0.039910862 -0.565293426 0.822419654
1561000586.894802094 32.843339 447.827151 19.603511 0.050169362 0.039325935 -0.563180431 0.823871536
1561000586.995012045 32.740023 448.448138 19.655584 0.051453291 0.039144344 -0.561631416 0.824857825
1561000587.095280647 32.642404 449.088508 19.709612 0.052399939 0.038825144 -0.559854725 0.826020304
1561000587.195007324 32.533405 449.724068 19.763846 0.053328799 0.038183895 -0.559191021 0.826440216
1561000587.296409369 32.426481 450.388659 19.819169 0.054403672 0.037163079 -0.558365035 0.826974989
1561000587.396363020 32.317449 451.047991 19.868037 0.055615739 0.037612228 -0.558572523 0.826733903
1561000587.494964600 32.219468 451.705716 19.921541 0.055290647 0.037601997 -0.559661228 0.826019579
1561000587.596213341 32.132240 452.394549 19.975137 0.054929407 0.038084037 -0.559024940 0.826452347
1561000587.694936991 32.035204 453.087440 20.034166 0.054235609 0.039003032 -0.560351944 0.825556152
1561000587.795741558 31.937786 453.775594 20.093998 0.054599835 0.039548996 -0.560350158 0.825507380
1561000587.897574425 31.852291 454.485932 20.154940 0.054864708 0.039956507 -0.560941886 0.825068205
1561000587.997763395 31.759006 455.192937 20.222668 0.054624043 0.040663123 -0.561261926 0.824831967
1561000588.097596645 31.667069 455.900039 20.287765 0.054427577 0.040341107 -0.561108122 0.824965399
1561000588.196349382 31.582992 456.617003 20.350548 0.054799994 0.040366742 -0.561304388 0.824805959
1561000588.297320366 31.472046 457.346705 20.417696 0.054924682 0.039643109 -0.561556483 0.824661154
1561000588.397337675 31.378497 458.077942 20.485497 0.055609999 0.038837132 -0.561203087 0.824894115
1561000588.496234417 31.285167 458.814110 20.550301 0.055362258 0.038160773 -0.561403261 0.824806131
1561000588.597278118 31.183491 459.567892 20.616629 0.056088329 0.037389792 -0.561508628 0.824720658
1561000588.688385010 31.090843 460.285945 20.680319 0.056585058 0.037030997 -0.561371060 0.824796562
1561000588.788587570 30.980172 461.067845 20.747665 0.057162434 0.036042199 -0.561503078 0.824710683
1561000588.889371395 30.873016 461.850431 20.819833 0.056327997 0.036197181 -0.561501434 0.824762427
1561000588.989425421 30.779913 462.632768 20.887010 0.056271188 0.036555304 -0.562203399 0.824272164
1561000589.089872599 30.681305 463.435204 20.956617 0.056063732 0.036651923 -0.562185017 0.824294548
1561000589.189713240 30.576044 464.218099 21.021902 0.055928440 0.036620691 -0.561934764 0.824475746
1561000589.289985657 30.471986 465.015634 21.089274 0.055264859 0.037127910 -0.561820589 0.824575612
1561000589.389860153 30.370736 465.827064 21.163271 0.054787740 0.036527541 -0.561563402 0.824809425
1561000589.489893913 30.254859 466.640826 21.235514 0.054221813 0.037024593 -0.561576458 0.824815771
1561000589.588908195 30.146405 467.459863 21.303139 0.054876555 0.036333910 -0.560960877 0.825221973
1561000589.689595938 30.039660 468.300633 21.372806 0.054894410 0.036817703 -0.560654697 0.825407397
1561000589.789561987 29.925028 469.129396 21.448886 0.054669966 0.036563434 -0.560807864 0.825329540
1561000589.890639544 29.811919 469.965465 21.516832 0.054875226 0.036435892 -0.560274429 0.825683777
1561000589.988620996 29.706976 470.799367 21.588675 0.055239538 0.036243029 -0.559856939 0.825951115
1561000590.090877771 29.585490 471.672078 21.663518 0.054416105 0.036034161 -0.559331428 0.826370849
1561000590.190791845 29.468813 472.513929 21.737715 0.054324656 0.035559341 -0.558409550 0.827020640
1561000590.290553808 29.351423 473.374211 21.811734 0.054238098 0.035090769 -0.558074207 0.827272655
1561000590.389337540 29.235491 474.241150 21.883837 0.055033275 0.034605191 -0.558306168 0.827084060
1561000590.490729332 29.106529 475.129337 21.955414 0.055545670 0.035368611 -0.558553490 0.826850494
1561000590.591511965 28.990007 476.021395 22.036941 0.055194946 0.036280050 -0.558023619 0.827192188
1561000590.690541029 28.860708 476.897095 22.112091 0.055573358 0.037191499 -0.558487103 0.826813492
1561000590.789454222 28.752198 477.784771 22.192489 0.055704725 0.037396901 -0.557812760 0.827250494
1561000590.890511274 28.637010 478.689407 22.283293 0.054602803 0.036921487 -0.557453105 0.827587683
1561000590.988823414 28.520281 479.594022 22.355737 0.054455317 0.036991291 -0.557014860 0.827889309
1561000591.091417789 28.401381 480.523570 22.432346 0.054094545 0.036707378 -0.557203407 0.827798714
1561000591.191116810 28.271778 481.451303 22.512800 0.053635661 0.036764492 -0.557190803 0.827834523
1561000591.290516138 28.143408 482.382977 22.594350 0.054308622 0.036854405 -0.556635525 0.828160141
1561000591.390684605 28.023313 483.317906 22.676840 0.055049906 0.037360708 -0.556380122 0.828260132
1561000591.488752842 27.899938 484.246554 22.762569 0.055428584 0.038273662 -0.556669459 0.827998739
1561000591.590551138 27.756616 485.204053 22.853307 0.055668190 0.037897128 -0.555608472 0.828712306
1561000591.690964699 27.625576 486.149893 22.939911 0.055431065 0.037048273 -0.556094247 0.828440710
1561000591.791765928 27.484010 487.112128 23.025487 0.055477633 0.036241391 -0.555908829 0.828597711
1561000591.891728163 27.368563 488.069892 23.107171 0.055638237 0.036175716 -0.555805061 0.828659422
1561000591.990128994 27.228026 489.039271 23.195557 0.055539324 0.036391322 -0.555238934 0.829036055
1561000592.091850996 27.087816 490.034627 23.282447 0.055122930 0.036793186 -0.555204690 0.829069042
1561000592.191487551 26.954814 491.014024 23.370760 0.053295538 0.036373288 -0.555525940 0.828991857
1561000592.291026354 26.829525 491.982679 23.462827 0.053107405 0.035546137 -0.555075481 0.829341477
1561000592.392240763 26.679839 492.966278 23.558361 0.053451505 0.035113716 -0.555411180 0.829113011
1561000592.490469933 26.554140 493.908326 23.641512 0.055018331 0.035141602 -0.555356804 0.829045759
1561000592.592296124 26.419934 494.868769 23.734526 0.056208293 0.034900263 -0.555087632 0.829156391
1561000592.691324234 26.302314 495.802795 23.818032 0.057087668 0.035297754 -0.555367077 0.828892319
1561000592.791807413 26.163203 496.768136 23.910772 0.056926540 0.035099424 -0.554960799 0.829183883
1561000592.891925573 26.016423 497.712690 23.995388 0.057260400 0.035532359 -0.555195286 0.828985460
1561000592.991660357 25.881798 498.657808 24.087006 0.057273547 0.035444768 -0.555043761 0.829089761
1561000593.092175484 25.730254 499.608437 24.175298 0.057621648 0.035539743 -0.555074456 0.829041025
1561000593.191032171 25.605817 500.561070 24.263508 0.057311597 0.035228346 -0.555267000 0.828946864
1561000593.292320251 25.466643 501.537187 24.352660 0.057007330 0.035239450 -0.555676624 0.828692847
1561000593.392226934 25.337144 502.494992 24.443738 0.056913128 0.035242896 -0.555545977 0.828786765
1561000593.490419626 25.213781 503.436516 24.532962 0.056897662 0.034925634 -0.555993322 0.828501226
1561000593.592355728 25.079382 504.412125 24.629039 0.057466571 0.035121424 -0.556407759 0.828175395
1561000593.690694332 24.944455 505.362272 24.720874 0.058230428 0.035498046 -0.556033600 0.828357255
1561000593.792477369 24.796580 506.336754 24.813074 0.058817332 0.035133395 -0.556122326 0.828271770
1561000593.892040491 24.668821 507.284321 24.905979 0.058729891 0.034230436 -0.556453097 0.828093611
1561000593.990993977 24.532106 508.236482 24.998420 0.058256768 0.033175809 -0.556095588 0.828410050
1561000594.092026711 24.394559 509.207461 25.086129 0.058001350 0.032690196 -0.556009146 0.828505295
1561000594.190759897 24.261731 510.167932 25.178048 0.057205365 0.032707276 -0.556336424 0.828340246
1561000594.291979790 24.135969 511.147323 25.263865 0.057309775 0.033249641 -0.556437407 0.828243601
1561000594.392016172 24.001506 512.114679 25.354041 0.057204973 0.033240748 -0.556337616 0.828318236
1561000594.490301371 23.853450 513.090694 25.442521 0.058007548 0.033333750 -0.556488193 0.828157519
1561000594.591866493 23.719969 514.080467 25.545026 0.058755161 0.032874163 -0.556444836 0.828152320
1561000594.690784454 23.591147 515.055011 25.636605 0.058991594 0.031914455 -0.555829204 0.828586359
1561000594.790734053 23.440114 516.030165 25.723514 0.059369288 0.031073906 -0.556163015 0.828367310
1561000594.891869545 23.312663 517.034735 25.818097 0.058935006 0.029378227 -0.555992016 0.828574959
1561000594.990980387 23.174447 518.021108 25.908157 0.059452728 0.028526296 -0.555978138 0.828577054
1561000595.092006922 23.022991 519.026707 25.976482 0.060151285 0.032907111 -0.555389919 0.828758700
1561000595.190716028 22.895889 520.009750 26.096034 0.059978828 0.038273130 -0.554795307 0.828939005
1561000595.291884661 22.772489 521.012649 26.193815 0.060724917 0.038167169 -0.554537919 0.829061788
1561000595.391803503 22.628794 522.016145 26.284851 0.056999324 0.035258943 -0.554115318 0.829737367
1561000595.492141962 22.492248 523.031019 26.381752 0.054683209 0.029508964 -0.553560190 0.830487859
1561000595.592346430 22.342572 524.043357 26.477647 0.056198670 0.028647888 -0.553667700 0.830345161
1561000595.690222025 22.175231 525.037732 26.565919 0.060545951 0.031633411 -0.553298888 0.830177003
1561000595.792217731 22.029108 526.058898 26.664480 0.063678402 0.035416127 -0.552720622 0.830175086
1561000595.892065525 21.872620 527.064831 26.763480 0.063743988 0.037460238 -0.552067936 0.830514556
1561000595.990150690 21.739233 528.073614 26.870630 0.061439369 0.037305093 -0.551687275 0.830948064
1561000596.091811657 21.596710 529.115860 26.976025 0.059469231 0.037062571 -0.551360026 0.831319372
1561000596.190252781 21.449035 530.128813 27.078902 0.058515263 0.037054867 -0.551100968 0.831559153
1561000596.292309761 21.294150 531.187066 27.190310 0.058400869 0.037566391 -0.550010956 0.832265615
1561000596.391895294 21.132451 532.209041 27.294019 0.058758293 0.038237238 -0.549015610 0.832866878
1561000596.490178347 20.982692 533.237371 27.399425 0.058600143 0.038086898 -0.548290522 0.833362415
1561000596.590694189 20.830028 534.278468 27.508013 0.058780912 0.037505556 -0.547474761 0.833912180
1561000596.690273285 20.667356 535.317991 27.614611 0.058882184 0.036274487 -0.546702203 0.834466147
1561000596.790704966 20.483096 536.371794 27.717132 0.059421535 0.035802251 -0.545721592 0.835089950
1561000596.892164946 20.309263 537.423007 27.821101 0.060025957 0.035017532 -0.544908448 0.835610819
1561000596.990465164 20.138858 538.443394 27.923335 0.059920492 0.034324473 -0.544548719 0.835881606
1561000597.091810465 19.960001 539.489419 28.021305 0.059515284 0.034087570 -0.543902741 0.836340706
1561000597.190271139 19.788775 540.519544 28.122065 0.059335205 0.034387008 -0.543606641 0.836533733
1561000597.291812420 19.607207 541.567357 28.228986 0.058724501 0.034911057 -0.543441796 0.836662217
1561000597.391829014 19.440232 542.597733 28.333022 0.058726800 0.035450463 -0.543865141 0.836364237
1561000597.490103245 19.270368 543.623132 28.433884 0.058391024 0.036055521 -0.543977577 0.836288756
1561000597.593163013 19.094674 544.677566 28.540993 0.058043376 0.035508436 -0.543968171 0.836342481
1561000597.691811085 18.928222 545.694991 28.643086 0.057828070 0.033725884 -0.544174696 0.836296825
1561000597.791757584 18.754527 546.731130 28.747855 0.058083189 0.031890409 -0.544092091 0.836404891
1561000597.893229008 18.582085 547.773825 28.854128 0.059031529 0.030779948 -0.543806245 0.836565982
1561000597.992306709 18.405238 548.778457 28.951788 0.060117452 0.030565589 -0.544372089 0.836128379
1561000598.093209743 18.233105 549.807039 29.044506 0.061701079 0.030792957 -0.544271278 0.836070300
1561000598.191784620 18.054487 550.817883 29.143761 0.062131743 0.031303406 -0.544393563 0.835939826
1561000598.291632175 17.884703 551.838342 29.242820 0.061618608 0.031758969 -0.544358139 0.835983691
1561000598.393446922 17.709841 552.855202 29.348517 0.060992925 0.032002737 -0.544083467 0.836199060
1561000598.491632223 17.547899 553.853958 29.450702 0.060956893 0.032233458 -0.544342844 0.836024001
1561000598.593048811 17.387675 554.864237 29.555822 0.061061262 0.032648571 -0.544702275 0.835766130
1561000598.691568851 17.221129 555.848936 29.657820 0.060979031 0.032390798 -0.544603703 0.835846398
1561000598.792965651 17.056452 556.836577 29.758961 0.060663076 0.032279721 -0.544445135 0.835976977
1561000598.893089294 16.894490 557.813610 29.865419 0.060436967 0.030883859 -0.544415894 0.836065126
1561000598.993161678 16.720812 558.788992 29.965739 0.060051059 0.030278729 -0.544249203 0.836223579
1561000599.094698191 16.554075 559.752935 30.060817 0.059697894 0.029199518 -0.544476965 0.836138974
1561000599.193372011 16.385584 560.687773 30.154263 0.059485250 0.028790025 -0.544891522 0.835898241
1561000599.294608355 16.228287 561.629998 30.241337 0.059415581 0.029245772 -0.545235086 0.835663314
1561000599.394530773 16.060260 562.552256 30.328654 0.059674532 0.029850799 -0.545316951 0.835570047
1561000599.492950439 15.913476 563.468145 30.418259 0.060070485 0.031138225 -0.545691451 0.835250135
1561000599.594431400 15.758532 564.396232 30.505071 0.059400037 0.032717164 -0.546023769 0.835020519
1561000599.693009853 15.607308 565.315125 30.602831 0.058957336 0.033568607 -0.546298242 0.834838555
1561000599.794755459 15.465681 566.232249 30.698118 0.058499987 0.033495928 -0.546832815 0.834523605
1561000599.894472837 15.328158 567.146874 30.787972 0.058310688 0.034330309 -0.546931878 0.834438023
1561000599.993855238 15.190638 568.037428 30.877919 0.057341183 0.034772871 -0.547862623 0.833876119
1561000600.094275951 15.051327 568.944433 30.971306 0.056524218 0.034636522 -0.548324936 0.833633666
1561000600.193070173 14.912879 569.841621 31.065109 0.056431464 0.034342557 -0.548766298 0.833361643
1561000600.294435740 14.767156 570.743587 31.158728 0.055986743 0.033732881 -0.549040712 0.833235785
1561000600.394577742 14.631572 571.635576 31.247935 0.056197559 0.033589799 -0.549690147 0.832799076
1561000600.493902683 14.477772 572.521764 31.339331 0.056942045 0.033196121 -0.549969957 0.832579526
1561000600.595031023 14.335058 573.405389 31.422588 0.057889872 0.033475706 -0.550433605 0.832196483
1561000600.693454266 14.189534 574.266054 31.507425 0.057917303 0.033954069 -0.550951561 0.831832365
1561000600.795016527 14.056083 575.146577 31.603437 0.058070921 0.033755352 -0.551422418 0.831517686
1561000600.894646406 13.915515 576.000424 31.695541 0.058632800 0.033078402 -0.551843866 0.831225819
1561000600.993197441 13.785293 576.850980 31.786680 0.059011400 0.031774760 -0.552371292 0.830899498
1561000601.094478607 13.648163 577.711480 31.873686 0.059547233 0.031184741 -0.552847393 0.830566914
1561000601.193123817 13.521462 578.543069 31.960367 0.060562708 0.030621999 -0.553271450 0.830231988
1561000601.293046713 13.397243 579.382938 32.044016 0.061215504 0.030019115 -0.553964617 0.829743766
1561000601.394511938 13.276587 580.225391 32.125604 0.061468843 0.029107323 -0.554326241 0.829515982
1561000601.493133307 13.153516 581.047003 32.213210 0.061124536 0.028321438 -0.555207202 0.828979282
1561000601.594646454 13.012610 581.881947 32.299202 0.061701517 0.026759376 -0.555691100 0.828664142
1561000601.693601608 12.895723 582.700801 32.379570 0.061925115 0.026487561 -0.557283639 0.827586029
1561000601.794752359 12.757863 583.526950 32.461141 0.062399334 0.026803667 -0.557280855 0.827542105
1561000601.893193245 12.650450 584.323971 32.538828 0.062311760 0.027162396 -0.558652254 0.826611824
1561000601.993494987 12.521762 585.136476 32.623995 0.061829669 0.026906579 -0.558467218 0.826781406
1561000602.094594717 12.414115 585.935322 32.710192 0.060806233 0.025484012 -0.558626754 0.826794604
1561000602.193256617 12.293315 586.716589 32.785678 0.060708775 0.024124054 -0.559035888 0.826565999
1561000602.294712067 12.164582 587.501529 32.862461 0.061341080 0.023354564 -0.559149847 0.826464328
1561000602.394783020 12.058231 588.278796 32.938045 0.061858360 0.023517310 -0.559449563 0.826218292
1561000602.494512320 11.944759 589.041810 33.006983 0.063175224 0.024076632 -0.559329762 0.826183651
1561000602.594928741 11.840490 589.773484 33.088585 0.063020681 0.022924665 -0.559807875 0.825904351
1561000602.693448782 11.747073 590.485965 33.162582 0.063663047 0.021064821 -0.561377169 0.824838751
1561000602.793993711 11.642534 591.204601 33.237571 0.064244386 0.019160415 -0.563885651 0.823127275
1561000602.894684792 11.541845 591.910782 33.307581 0.064795601 0.018571437 -0.566969617 0.820976300
1561000602.993436575 11.463807 592.582520 33.375162 0.065134256 0.018314094 -0.571456265 0.817838529
1561000603.094850779 11.406095 593.266122 33.444838 0.065925599 0.018260912 -0.575942067 0.814623281
1561000603.194755554 11.352801 593.920072 33.509422 0.066347428 0.016998675 -0.581718417 0.810501541
1561000603.294425726 11.310058 594.568422 33.576122 0.066239565 0.015968002 -0.588430597 0.805671630
1561000603.394670963 11.282317 595.215935 33.643266 0.066155977 0.014771301 -0.595420299 0.800549725
1561000603.494839191 11.272087 595.842405 33.705166 0.067506170 0.013657452 -0.603530421 0.794359756
1561000603.594933271 11.244226 596.452187 33.771899 0.068267232 0.012754427 -0.612770739 0.787203234
1561000603.693564415 11.246001 597.048801 33.835305 0.069198166 0.012394269 -0.622817550 0.779202345
1561000603.795365810 11.265023 597.631324 33.888531 0.070472624 0.013417108 -0.634031429 0.769972557
1561000603.895143270 11.290847 598.189608 33.942849 0.070670799 0.014152026 -0.645616015 0.760253457
1561000603.994510651 11.333349 598.754647 33.982412 0.068445665 0.014572027 -0.656866704 0.750752276
1561000604.095110893 11.417825 599.322296 34.035431 0.063382761 0.015810795 -0.669016665 0.740371087
1561000604.193301201 11.547472 599.879865 34.089696 0.058414600 0.018138564 -0.681394319 0.729356229
1561000604.294717789 11.669056 600.444018 34.136764 0.054405169 0.019761405 -0.694441472 0.717217266
1561000604.394948006 11.810244 601.000078 34.193685 0.051397732 0.026508939 -0.707612964 0.704229680
1561000604.494687319 12.002489 601.519301 34.248415 0.049868018 0.031246471 -0.720377092 0.691081532
1561000604.595186710 12.220833 602.026608 34.302936 0.048592675 0.033117331 -0.734112690 0.676476573
1561000604.693966150 12.459629 602.522676 34.345126 0.045354035 0.032011527 -0.747561062 0.661869121
1561000604.795244694 12.695069 603.039092 34.370624 0.041000517 0.030872990 -0.760924678 0.646807120
1561000604.895234823 12.955345 603.538346 34.402789 0.035000114 0.031484264 -0.773493995 0.632052825
1561000604.993923187 13.238233 604.009267 34.453519 0.031686935 0.031450013 -0.786837503 0.615543320
1561000605.094662189 13.561569 604.483312 34.505714 0.033797975 0.029564576 -0.798772994 0.599954446
1561000605.193653107 13.891874 604.949871 34.553916 0.038343032 0.027628765 -0.811291704 0.582728268
1561000605.294357300 14.243613 605.407531 34.590962 0.043804697 0.028975392 -0.822938950 0.565696968
1561000605.395662546 14.587921 605.839572 34.618165 0.047993691 0.030606510 -0.834352646 0.548284150
1561000605.492702484 14.937015 606.257517 34.648994 0.048473725 0.030982572 -0.846319911 0.529559238
1561000605.594244480 15.343747 606.679165 34.680922 0.047004161 0.028934657 -0.856895860 0.512525980
1561000605.693331003 15.766017 607.081591 34.709448 0.043123424 0.027868240 -0.866523300 0.496488773
1561000605.794343233 16.202307 607.477916 34.745050 0.038937348 0.027063990 -0.874674401 0.482385857
1561000605.894029140 16.664881 607.858177 34.789653 0.036463818 0.027512055 -0.882869673 0.467391290
1561000605.996037006 17.154376 608.243957 34.833867 0.037109547 0.026348192 -0.890040491 0.453603988
1561000606.095916510 17.642261 608.591720 34.866999 0.039330771 0.026149901 -0.896189549 0.441150275
1561000606.194586754 18.127127 608.952392 34.897167 0.040961986 0.027131626 -0.901631379 0.429705535
1561000606.295801640 18.662717 609.308258 34.931941 0.040917740 0.029377199 -0.905562777 0.421211082
1561000606.394642830 19.199304 609.643666 34.970982 0.040617666 0.031018388 -0.909473375 0.412609071
1561000606.495878935 19.732564 609.973324 35.015994 0.039049502 0.029456019 -0.913191953 0.404583658
1561000606.595714092 20.271411 610.302228 35.054504 0.038679882 0.027419806 -0.916228797 0.397840185
1561000606.694365025 20.836758 610.636740 35.090031 0.039342187 0.027806078 -0.918674928 0.392065545
1561000606.795615911 21.423448 610.971216 35.118875 0.039873217 0.028270568 -0.921144537 0.386139409
1561000606.894442558 21.993634 611.299397 35.157404 0.040500409 0.030443388 -0.922948669 0.381573939
1561000606.995754242 22.576078 611.615647 35.202153 0.040670646 0.033180960 -0.924814268 0.376780429
1561000607.095641851 23.181015 611.926686 35.246956 0.040694823 0.034760626 -0.926033638 0.373627263
1561000607.194867373 23.777054 612.233838 35.291873 0.040209410 0.035549221 -0.926607823 0.372179257
1561000607.295701027 24.392895 612.540024 35.332354 0.038832524 0.035342468 -0.927900635 0.369111577
1561000607.395794153 25.003468 612.851428 35.369350 0.037326002 0.034819666 -0.928682486 0.367346159
1561000607.494534254 25.611397 613.170114 35.399997 0.036179873 0.035954480 -0.929360840 0.365631947
1561000607.595918179 26.237828 613.498113 35.433503 0.034386152 0.036203264 -0.929895167 0.364419944
1561000607.694554090 26.874946 613.825052 35.469207 0.032837807 0.036707954 -0.930191746 0.363754753
1561000607.795728207 27.506387 614.148032 35.504523 0.033474284 0.038196981 -0.930385794 0.363046467
1561000607.895587683 28.147155 614.460217 35.545867 0.034795084 0.039768369 -0.930504656 0.362448430
1561000607.995659351 28.795620 614.776889 35.585215 0.037564004 0.039110752 -0.930527668 0.362184420
1561000608.095732927 29.441631 615.085868 35.626000 0.038419547 0.037591210 -0.930358695 0.362689314
1561000608.194613695 30.075621 615.420751 35.666106 0.037749719 0.037223527 -0.930148290 0.363336657
1561000608.295926094 30.709383 615.756730 35.710381 0.035869380 0.038120348 -0.930361225 0.362888712
1561000608.396018505 31.367226 616.083205 35.741289 0.034866954 0.038539018 -0.930183058 0.363398567
1561000608.495993137 32.070464 616.438400 35.776808 0.033718882 0.037245057 -0.929729520 0.364799758
1561000608.595975637 32.763123 616.796766 35.814116 0.032098530 0.036848313 -0.929841015 0.364702034
1561000608.694650173 33.427293 617.162815 35.845765 0.031898667 0.036697512 -0.929761812 0.364936625
1561000608.796043396 34.134421 617.514203 35.877531 0.032068057 0.036448415 -0.929733859 0.365017951
1561000608.894971132 34.817315 617.861723 35.905852 0.033258286 0.037190147 -0.929927838 0.364341866
1561000608.995695591 35.506259 618.212504 35.938662 0.033374129 0.037688117 -0.929612531 0.365083984
1561000609.095528364 36.197036 618.555976 35.978409 0.032481424 0.037873520 -0.929945685 0.364296001
1561000609.194526196 36.870873 618.899846 36.023571 0.032230322 0.037314164 -0.930070563 0.364057148
1561000609.295534134 37.569369 619.250121 36.055503 0.032514134 0.036695250 -0.929996424 0.364284150
1561000609.395491123 38.246994 619.598337 36.078149 0.033214306 0.036909971 -0.930053804 0.364052723
1561000609.495063305 38.942234 619.948290 36.107136 0.031605830 0.038443617 -0.929855264 0.364544028
1561000609.595340729 39.630330 620.301321 36.143858 0.030166162 0.037962986 -0.929871022 0.364676152
1561000609.694152355 40.314878 620.658333 36.179339 0.029876209 0.036911421 -0.929875674 0.364796093
1561000609.794476271 41.014071 621.019478 36.210588 0.030192553 0.035505573 -0.930128334 0.364265076
1561000609.894307613 41.731951 621.385645 36.246085 0.030785892 0.033317736 -0.929902112 0.364998931
1561000609.994590998 42.442487 621.751045 36.271594 0.031445875 0.031664445 -0.929704587 0.365592533
1561000610.095749617 43.175520 622.130159 36.292247 0.033397878 0.031770346 -0.929393375 0.366201012
1561000610.194680929 43.878573 622.491548 36.322680 0.036503788 0.034007318 -0.929942175 0.364305542
1561000610.295899153 44.604805 622.859325 36.366280 0.039355011 0.034878214 -0.929901845 0.364029192
1561000610.395681381 45.324780 623.216773 36.410039 0.039113999 0.035869828 -0.929948557 0.363839431
1561000610.494619608 46.059462 623.584869 36.452444 0.037114597 0.037180391 -0.929829360 0.364221755
1561000610.595914364 46.801276 623.954284 36.496484 0.036277971 0.038362705 -0.929874242 0.364068820
1561000610.694490910 47.539379 624.305235 36.536304 0.035786801 0.038103716 -0.930020182 0.363771733
1561000610.795706272 48.282432 624.669088 36.574668 0.035751707 0.038096356 -0.929906145 0.364067362
1561000610.895713329 49.041601 625.059811 36.619448 0.033907300 0.037934727 -0.929669900 0.364863165
1561000610.994502544 49.809567 625.454686 36.657531 0.032751001 0.037725340 -0.929642138 0.365061181
1561000611.095757723 50.597266 625.865390 36.693566 0.032391205 0.037319300 -0.929769880 0.364809609
1561000611.194505453 51.362548 626.260000 36.729297 0.032161893 0.037517294 -0.929845701 0.364616289
1561000611.295738935 52.159690 626.656045 36.764755 0.032632918 0.038552981 -0.929614207 0.365056416
1561000611.395321131 52.948916 627.042966 36.800962 0.033369508 0.039208174 -0.929659885 0.364803636
1561000611.495012522 53.729939 627.434548 36.839830 0.034024217 0.039148438 -0.929613370 0.364868106
1561000611.595866442 54.520831 627.844782 36.880115 0.034695675 0.039427218 -0.929430545 0.365240422
1561000611.696907520 55.315956 628.240334 36.920726 0.034596335 0.039328614 -0.929289207 0.365619916
1561000611.797232151 56.116960 628.636804 36.965817 0.033349523 0.038665670 -0.929218094 0.365987033
1561000611.897061348 56.933823 629.055676 37.010481 0.032600370 0.037224719 -0.929072304 0.366573581
1561000611.996095657 57.714978 629.465701 37.048921 0.032380617 0.034470731 -0.929382609 0.366075443
1561000612.097243309 58.552144 629.891324 37.083217 0.034095150 0.032966096 -0.929096665 0.366783511
1561000612.196192741 59.373706 630.318926 37.119171 0.035266060 0.032803667 -0.929052679 0.366798779
1561000612.297273397 60.200860 630.740812 37.155126 0.034784258 0.033354536 -0.929148270 0.366552891
1561000612.396880150 61.018944 631.157621 37.193535 0.032608643 0.033025335 -0.929280292 0.366448008
1561000612.497487307 61.876978 631.585175 37.236177 0.031349174 0.031854235 -0.929167563 0.366947104
1561000612.597723961 62.714840 632.026887 37.267427 0.031711076 0.031521272 -0.929142295 0.367008737
1561000612.697077036 63.582560 632.459143 37.297900 0.033183779 0.032505874 -0.928985888 0.367188542
1561000612.797739267 64.442730 632.886226 37.351284 0.034328709 0.031473077 -0.928817579 0.367598818
1561000612.896218538 65.282289 633.313777 37.406555 0.035170232 0.028817913 -0.929028057 0.367204918
1561000612.989501953 66.117634 633.738026 37.448380 0.035186513 0.026213465 -0.928563324 0.368571455
1561000613.089231253 66.988543 634.194679 37.492446 0.033904352 0.023933623 -0.928309231 0.369485655
1561000613.188308239 67.861359 634.656160 37.527639 0.033485011 0.022392379 -0.928403489 0.369383672
1561000613.289571285 68.762008 635.130756 37.541644 0.036270557 0.025110139 -0.928354347 0.369069281
1561000613.389598608 69.648832 635.584013 37.589317 0.039371865 0.025263743 -0.928016516 0.369590241
1561000613.488378525 70.509478 636.019695 37.646972 0.039744341 0.026380306 -0.928329402 0.368685486
1561000613.589390993 71.393570 636.469270 37.688695 0.035767877 0.025918409 -0.927846213 0.370338088
1561000613.688098669 72.299588 636.921111 37.720185 0.030908822 0.026369789 -0.928175269 0.369918840
1561000613.789130211 73.218721 637.385784 37.758536 0.028720179 0.025842860 -0.928049848 0.370446727
1561000613.888866425 74.135620 637.856198 37.783773 0.032377019 0.027531378 -0.927938995 0.370301192
1561000613.988075495 75.048473 638.323128 37.820877 0.037336230 0.030095586 -0.927800325 0.369982186
1561000614.089151859 75.962248 638.784969 37.874317 0.039182787 0.032134032 -0.927624443 0.370060814
1561000614.188094616 76.853872 639.233289 37.934178 0.037894430 0.032603849 -0.927548695 0.370343650
1561000614.289078474 77.797675 639.697701 37.998066 0.035661098 0.031616776 -0.927588741 0.370550663
1561000614.387990236 78.736768 640.159516 38.048799 0.035342922 0.029548422 -0.927115626 0.371933308
1561000614.489078999 79.678620 640.645477 38.093471 0.035731469 0.028726660 -0.927423147 0.371193141
1561000614.589188576 80.610533 641.127556 38.136178 0.036929210 0.028577406 -0.927698614 0.370398228
1561000614.688157082 81.544952 641.607861 38.177566 0.037474576 0.028700486 -0.927335195 0.371243012
1561000614.789418221 82.499821 642.102401 38.217067 0.036743866 0.029996121 -0.927365804 0.371137154
1561000614.888713121 83.450193 642.591463 38.265935 0.034079875 0.030786242 -0.927301143 0.371488035
1561000614.988160849 84.411758 643.085447 38.318586 0.031717392 0.030478080 -0.927700517 0.370724755
1561000615.089141607 85.384196 643.589772 38.354339 0.032236772 0.030584141 -0.927527870 0.371103019
1561000615.189135790 86.346463 644.086765 38.384516 0.034671454 0.032502556 -0.927049624 0.371914599
1561000615.289143324 87.325451 644.584536 38.431992 0.035866099 0.034276630 -0.927187662 0.371297421
1561000615.388444901 88.294369 645.076417 38.481061 0.035591187 0.035240303 -0.927456234 0.370562172
1561000615.489651918 89.276955 645.583092 38.533350 0.034455389 0.036068623 -0.927191086 0.371252704
1561000615.589311838 90.267548 646.069454 38.585826 0.032958779 0.036155478 -0.927210721 0.371331090
1561000615.689277172 91.270960 646.574255 38.636301 0.031472369 0.035880467 -0.927299455 0.371265138
1561000615.788393736 92.266797 647.082198 38.686278 0.031085550 0.034916872 -0.927421568 0.371084539
1561000615.888084412 93.274634 647.593312 38.733203 0.032754963 0.034125283 -0.927268905 0.371395954
1561000615.989220858 94.260842 648.089591 38.769495 0.034720535 0.034489180 -0.927337056 0.371013429
1561000616.089035034 95.231130 648.584677 38.826449 0.034440200 0.034939509 -0.927309500 0.371066294
1561000616.188613653 96.209843 649.072440 38.882468 0.033732184 0.034190241 -0.927116445 0.371683016
1561000616.288748264 97.195759 649.576348 38.933955 0.033341683 0.032972447 -0.927293253 0.371387093
1561000616.388676167 98.166333 650.061054 38.980445 0.033416748 0.031898514 -0.927695665 0.370468027
1561000616.489473343 99.137586 650.555950 39.030313 0.033532918 0.031046545 -0.927538521 0.370923101
1561000616.589435101 100.089173 651.037908 39.072269 0.032361814 0.030505525 -0.927786740 0.370450928
1561000616.689429522 101.053985 651.532237 39.115727 0.030703757 0.030378658 -0.928170067 0.369641370
1561000616.789684296 102.015726 652.012085 39.153182 0.029538673 0.031147461 -0.928503044 0.368835193
1561000616.888927460 102.956451 652.490116 39.187317 0.029657006 0.031775660 -0.928880921 0.367819255
1561000616.989599466 103.925379 652.968102 39.222230 0.030003533 0.033591854 -0.929406245 0.366299614
1561000617.089574099 104.889249 653.443128 39.272279 0.030243359 0.033734609 -0.930112844 0.364468671
1561000617.188576698 105.843746 653.890859 39.320714 0.031159745 0.033146790 -0.930588818 0.363228320
1561000617.289016008 106.790580 654.342310 39.381584 0.031875574 0.030609312 -0.931201680 0.361815490
1561000617.388069630 107.726937 654.787628 39.419710 0.030742466 0.027685542 -0.932107133 0.359812039
1561000617.489055634 108.677345 655.251466 39.460215 0.029013530 0.025406637 -0.933493901 0.356513470
1561000617.589154005 109.643531 655.693758 39.487678 0.028176899 0.023345401 -0.934835652 0.353190259
1561000617.688149214 110.570355 656.125081 39.517329 0.028213587 0.021917476 -0.936231191 0.349563693
1561000617.789316893 111.520546 656.564016 39.545729 0.029071032 0.022002837 -0.937739720 0.345419987
1561000617.888341665 112.466173 656.966458 39.571767 0.030284767 0.023066969 -0.939525561 0.340356384
1561000617.988661766 113.406022 657.355997 39.609019 0.030776783 0.024108729 -0.941581923 0.334507161
1561000618.089234591 114.363195 657.736642 39.648303 0.030281438 0.024287823 -0.943359380 0.329493879
1561000618.188106298 115.308580 658.098427 39.682256 0.029440206 0.024804079 -0.945467276 0.323434170
1561000618.289127350 116.282387 658.455392 39.714613 0.029220579 0.025458992 -0.947439775 0.317578132
1561000618.388021946 117.241063 658.789975 39.757548 0.028379590 0.024922419 -0.949416602 0.311739614
1561000618.489086151 118.221686 659.122601 39.799095 0.028690189 0.022021151 -0.951558677 0.305332650
1561000618.589167595 119.189734 659.435020 39.828937 0.029918729 0.020110862 -0.953748895 0.298435031
1561000618.688556194 120.140707 659.736947 39.856219 0.031548953 0.018870528 -0.955918335 0.291322336
1561000618.789288521 121.107160 660.022086 39.889770 0.031249512 0.018364152 -0.958050921 0.284296778
1561000618.888283014 122.068442 660.288142 39.922427 0.028668763 0.017214520 -0.960321146 0.276884559
1561000618.989082575 123.069412 660.553541 39.939780 0.025796545 0.016329152 -0.962383078 0.269975384
1561000619.089042187 124.045706 660.791510 39.962051 0.023554900 0.015264779 -0.964527869 0.262484558
1561000619.189354181 125.048601 661.031984 39.982965 0.022377042 0.013990366 -0.966469165 0.255422963
1561000619.289241076 126.046983 661.265764 40.000479 0.021696596 0.013797546 -0.968331430 0.248340747
1561000619.388316154 127.038166 661.463146 40.011303 0.022290212 0.013863786 -0.969945876 0.241900682
1561000619.489248037 128.041325 661.648422 40.022375 0.022897132 0.014784218 -0.971604189 0.235037120
1561000619.588975191 129.044450 661.806522 40.040633 0.022082877 0.015694373 -0.973036972 0.229052580
1561000619.687911749 130.051859 661.964987 40.056620 0.021315876 0.015630513 -0.974355065 0.223458112
1561000619.788990974 131.067039 662.125573 40.069331 0.020321822 0.015521998 -0.975506104 0.218480963
1561000619.888056278 132.063887 662.275768 40.076888 0.019568962 0.016213792 -0.976405720 0.214443555
1561000619.989029408 133.092236 662.404570 40.083562 0.018706783 0.017081372 -0.976960464 0.211911621
1561000620.089244127 134.103126 662.532185 40.089297 0.018016628 0.017818214 -0.977424896 0.209758159
1561000620.188662529 135.119748 662.665906 40.094095 0.018298235 0.018224957 -0.977652084 0.208637075
1561000620.289382696 136.138397 662.794978 40.096084 0.017950752 0.019163813 -0.977756244 0.208094322
1561000620.388595819 137.149770 662.927852 40.104464 0.017564231 0.020210595 -0.977923158 0.207242193
1561000620.488496780 138.163427 663.057649 40.117117 0.018028626 0.020419306 -0.977821457 0.207661307
1561000620.589591503 139.184732 663.187185 40.121166 0.018535054 0.020582055 -0.977629813 0.208501271
1561000620.688437462 140.194901 663.318190 40.127141 0.017783776 0.021227491 -0.977489788 0.209157464
1561000620.789510727 141.223690 663.448029 40.130081 0.017648137 0.021569003 -0.977372341 0.209682208
1561000620.888329506 142.237134 663.579597 40.137468 0.018038076 0.021519594 -0.977277281 0.210096764
1561000620.989353657 143.267936 663.724311 40.148800 0.018398838 0.020843216 -0.977307073 0.209995069
1561000621.089260578 144.284324 663.865847 40.154747 0.018381841 0.019401958 -0.977226287 0.210509991
1561000621.189027071 145.296592 664.001579 40.159579 0.018069637 0.018404574 -0.977064189 0.211377223
1561000621.288985014 146.329275 664.151171 40.164666 0.017745459 0.017415172 -0.976995420 0.211805949
1561000621.388111591 147.347025 664.307594 40.166102 0.017476990 0.016184645 -0.977061703 0.211620039
1561000621.489301205 148.380830 664.457736 40.172522 0.017495044 0.015505410 -0.977007918 0.211917519
1561000621.589387894 149.411009 664.610061 40.178332 0.017074527 0.014570635 -0.977075778 0.211705175
1561000621.689358950 150.417351 664.751426 40.188712 0.016338400 0.014122298 -0.976894252 0.212629343
1561000621.789435863 151.439033 664.901928 40.195352 0.014336980 0.012575216 -0.977001427 0.212378265
1561000621.888290882 152.465857 665.048172 40.195115 0.013072706 0.012324824 -0.976895581 0.212960622
1561000621.988398314 153.504643 665.206776 40.187788 0.015372047 0.012930316 -0.977049708 0.212062195
1561000622.089270592 154.526675 665.349106 40.195236 0.021769709 0.014484615 -0.977071081 0.211301628
1561000622.189040899 155.515533 665.474282 40.213723 0.025611168 0.015911612 -0.976918001 0.211476020
1561000622.288555622 156.523143 665.610382 40.220982 0.023928111 0.017160111 -0.977003241 0.211181541
1561000622.388411760 157.527755 665.740076 40.243261 0.019549319 0.018893955 -0.977001371 0.211492704
1561000622.489401817 158.555386 665.876771 40.253086 0.017124690 0.018721124 -0.976915516 0.212113975
1561000622.589355707 159.580498 666.027111 40.262429 0.016868266 0.017927406 -0.977065713 0.211510428
1561000622.688276768 160.586089 666.169046 40.260535 0.019374739 0.016631895 -0.977015455 0.211633648
1561000622.791048527 161.614504 666.322072 40.271378 0.020151706 0.016711114 -0.977030363 0.211485976
1561000622.888669729 162.598909 666.458839 40.282998 0.019066829 0.017820245 -0.977074127 0.211293742
1561000622.990720034 163.614464 666.599991 40.299350 0.018174747 0.018592731 -0.977129928 0.211047606
1561000623.090923071 164.616127 666.736950 40.320492 0.019969689 0.020263223 -0.977176698 0.210514402
1561000623.190767050 165.615524 666.873346 40.330750 0.022844884 0.020533392 -0.977253210 0.209839592
1561000623.291919947 166.627498 667.010057 40.349961 0.022361048 0.021528931 -0.977400810 0.209103191
1561000623.388769627 167.599765 667.136510 40.364866 0.020787616 0.022267594 -0.977522776 0.208617478
1561000623.490224838 168.602804 667.264657 40.377084 0.019979580 0.022186070 -0.977780178 0.207495826
1561000623.591126680 169.583496 667.386898 40.395976 0.019836384 0.021520228 -0.978227549 0.205461092
1561000623.688518047 170.553570 667.506369 40.403827 0.020935755 0.020816693 -0.978639316 0.203453800
1561000623.790722609 171.544628 667.627280 40.416514 0.022199978 0.020975079 -0.979410720 0.199554123
1561000623.890065908 172.499224 667.731004 40.433977 0.023110031 0.021781581 -0.980110250 0.195896370
1561000623.988938093 173.465969 667.826726 40.457113 0.022307844 0.022632603 -0.981108385 0.190830980
1561000624.090300560 174.434328 667.904754 40.476445 0.019246980 0.022268058 -0.982219342 0.185415346
1561000624.189752340 175.394388 667.976832 40.482284 0.015229188 0.023775923 -0.983254330 0.180038052
1561000624.289936304 176.372535 668.035667 40.485209 0.012726188 0.025430592 -0.984303809 0.174176176
1561000624.388128042 177.332069 668.088688 40.466880 0.014244920 0.026657838 -0.985426427 0.167395335
1561000624.488582373 178.300396 668.111748 40.461863 0.016748991 0.027091755 -0.986471597 0.160808257
1561000624.589946270 179.251376 668.114046 40.463095 0.018231434 0.027056157 -0.987537885 0.153962675
1561000624.688107967 180.186259 668.119942 40.475290 0.017013670 0.026737509 -0.988653969 0.146829732
1561000624.789952040 181.141101 668.114383 40.481589 0.013805143 0.026191834 -0.989734481 0.139817961
1561000624.889183998 182.084956 668.097905 40.483082 0.009961835 0.024517000 -0.990858861 0.132281500
1561000624.989991426 183.024332 668.066704 40.466953 0.007985470 0.022431671 -0.991891546 0.124836743
1561000625.090699196 183.969853 668.022473 40.428458 0.011005352 0.024064375 -0.992761047 0.117154994
1561000625.190145731 184.892825 667.952673 40.418178 0.015725986 0.026177708 -0.993596233 0.108783949
1561000625.289371014 185.806556 667.857404 40.415103 0.018814564 0.026883172 -0.994393984 0.100518213
1561000625.388485670 186.723607 667.750028 40.411942 0.017064938 0.028632527 -0.995119011 0.092882294
1561000625.488559008 187.645888 667.621074 40.406018 0.012591526 0.030563824 -0.995706355 0.086464798
1561000625.590664864 188.568766 667.495624 40.383899 0.008734149 0.032735825 -0.996179926 0.080483757
1561000625.688931704 189.485750 667.361114 40.364752 0.007202511 0.034403366 -0.996578588 0.074804074
1561000625.789959669 190.407021 667.211218 40.353368 0.008423793 0.034159450 -0.996923010 0.070047722
1561000625.890158415 191.312256 667.066348 40.337668 0.010696472 0.033078485 -0.997292442 0.064801116
1561000625.990035057 192.212829 666.924282 40.314685 0.011552367 0.032082398 -0.997605471 0.060171307
1561000626.089098215 193.089993 666.763029 40.299043 0.010898539 0.033128329 -0.997820795 0.056012470
1561000626.190240145 193.979995 666.588555 40.282852 0.010752766 0.034256906 -0.998040177 0.051250828
1561000626.290015936 194.845050 666.419473 40.268763 0.010132791 0.035468855 -0.998241727 0.046397652
1561000626.388239384 195.698974 666.229199 40.253680 0.009438052 0.035910358 -0.998429950 0.041940475
1561000626.490420818 196.559372 666.031969 40.234291 0.008555313 0.035661374 -0.998606337 0.037953346
1561000626.590437651 197.404762 665.834836 40.213113 0.007833888 0.035545754 -0.998779608 0.033382988
1561000626.688868761 198.245051 665.633855 40.192601 0.006244094 0.035237037 -0.998954638 0.028442823
1561000626.790282249 199.090393 665.419220 40.176258 0.003752556 0.033984212 -0.999146749 0.023168211
1561000626.888747931 199.925327 665.210370 40.151111 0.001942046 0.032048521 -0.999335772 0.017237592
1561000626.990528822 200.780842 664.995312 40.106985 0.003065513 0.030491518 -0.999477839 0.010243011
1561000627.091301680 201.602365 664.761531 40.069639 0.005614519 0.029625233 -0.999540339 0.003151818
1561000627.190646648 202.397363 664.516987 40.046143 0.006743625 0.029016212 -0.999549886 -0.003550779
1561000627.291584730 203.199114 664.251220 40.022946 0.005467648 0.029470777 -0.999501012 -0.009965237
1561000627.389930964 203.999182 663.985137 39.986270 0.003048391 0.031509549 -0.999356051 -0.016891966
1561000627.491462469 204.796209 663.692237 39.957085 0.000214812 0.032751870 -0.999186254 -0.023539286
1561000627.590996265 205.573481 663.390930 39.929876 -0.001191772 0.030673067 -0.999051496 -0.030884487
1561000627.689822435 206.353622 663.088801 39.899082 -0.000092015 0.028260333 -0.998875052 -0.038078558
1561000627.791645527 207.129101 662.781018 39.851825 0.001435148 0.027447821 -0.998612642 -0.044914911
1561000627.890107632 207.870888 662.463796 39.818975 0.002069623 0.027824271 -0.998231919 -0.052483924
1561000627.991990805 208.615240 662.133432 39.789566 0.001638659 0.027818380 -0.997830278 -0.059650563
1561000628.091292620 209.347154 661.798671 39.756757 0.001896427 0.027504360 -0.997370478 -0.067022711
1561000628.190286398 210.074858 661.448738 39.726139 0.001697267 0.027229363 -0.996842781 -0.074566414
1561000628.291982651 210.800066 661.092079 39.694816 0.001038117 0.027428233 -0.996320241 -0.081194776
1561000628.389955044 211.503009 660.728507 39.654468 0.000578914 0.027609034 -0.995734459 -0.088035749
1561000628.491547346 212.222012 660.341849 39.615277 -0.000299284 0.028997482 -0.995013800 -0.095428474
1561000628.592483997 212.908774 659.949798 39.573765 -0.000566250 0.029669215 -0.994326174 -0.102151244
1561000628.692939281 213.600887 659.549731 39.535404 -0.000937416 0.030139493 -0.993564943 -0.109176174
1561000628.792975903 214.280900 659.151769 39.499557 -0.001388328 0.030565375 -0.992915380 -0.114816721
1561000628.893124342 214.961376 658.738306 39.462529 -0.002915122 0.030138820 -0.992299686 -0.120101988
1561000628.994488001 215.635583 658.317540 39.417194 -0.006911856 0.029903490 -0.991590428 -0.125723625
1561000629.093893528 216.311001 657.896749 39.369480 -0.012322517 0.029727685 -0.991114348 -0.129061105
1561000629.194137573 216.992714 657.475975 39.305446 -0.013432615 0.028249138 -0.990474852 -0.134093691
1561000629.294419289 217.672151 657.054861 39.262112 -0.006317215 0.027506739 -0.989826250 -0.139454172
1561000629.392949581 218.318112 656.624524 39.218876 0.003085514 0.025171480 -0.989148209 -0.144715920
1561000629.494343758 218.956037 656.174789 39.183530 0.006502847 0.024325008 -0.988425723 -0.149601458
1561000629.594117880 219.593486 655.734647 39.134846 0.002933404 0.025894018 -0.987837565 -0.153290054
1561000629.694884539 220.242205 655.276862 39.086392 -0.004961191 0.030170385 -0.987175286 -0.156684679
1561000629.794420242 220.899034 654.804180 39.034784 -0.009329655 0.032376591 -0.986513669 -0.160173329
1561000629.892960310 221.551132 654.319888 38.988304 -0.008938208 0.030577989 -0.985759304 -0.165117202
1561000629.994221687 222.207966 653.822359 38.940962 -0.007533828 0.027456506 -0.985031312 -0.170007927
1561000630.094347715 222.843104 653.355748 38.898512 -0.007762946 0.024638455 -0.984344245 -0.174353351
1561000630.195721149 223.484136 652.877042 38.844435 -0.006883236 0.022931247 -0.983376150 -0.179994794
1561000630.294262886 224.101579 652.396853 38.793194 -0.006795238 0.022912333 -0.982365429 -0.185437358
1561000630.392771244 224.717203 651.900315 38.746983 -0.005474592 0.022947566 -0.981172338 -0.191687976
1561000630.494265318 225.343402 651.378485 38.696333 -0.005708946 0.021279796 -0.979997966 -0.197784136
1561000630.594314575 225.966674 650.861395 38.647044 -0.005541421 0.021885842 -0.978506618 -0.204975856
1561000630.694082022 226.577825 650.329659 38.590966 -0.004741048 0.023035017 -0.977215223 -0.210943873
1561000630.794213772 227.171346 649.792197 38.537580 -0.004408935 0.026690427 -0.975563464 -0.218046121
1561000630.894426823 227.763804 649.226068 38.487416 -0.005662256 0.030249351 -0.973858939 -0.225059287
1561000630.994351387 228.360425 648.666820 38.447213 -0.008718586 0.031843109 -0.972095334 -0.232251295
1561000631.093429804 228.949439 648.098486 38.393715 -0.011408470 0.031995165 -0.970435414 -0.238958707
1561000631.194374323 229.550209 647.506803 38.324686 -0.012789647 0.031499117 -0.968931111 -0.244983127
1561000631.294577122 230.127451 646.912122 38.249833 -0.011586800 0.030470657 -0.967252282 -0.251714735
1561000631.392826080 230.689961 646.302906 38.181851 -0.010745089 0.027991266 -0.965537307 -0.258531896
1561000631.494274139 231.258282 645.683536 38.118577 -0.010808662 0.025488722 -0.963693785 -0.265570680
1561000631.593245506 231.804548 645.061623 38.059901 -0.011971940 0.024853772 -0.961615026 -0.273011911
1561000631.694633245 232.356556 644.417868 37.997173 -0.014014076 0.025147787 -0.959736749 -0.279421845
1561000631.794399261 232.905773 643.762926 37.925077 -0.014620038 0.025286531 -0.957607530 -0.286591458
1561000631.894675732 233.439983 643.096903 37.857493 -0.013871949 0.024693449 -0.955522556 -0.293554845
1561000631.994400501 233.952997 642.416767 37.791520 -0.013553128 0.023030563 -0.953367816 -0.300625538
1561000632.093494654 234.474598 641.731437 37.727098 -0.015407213 0.022410280 -0.951384491 -0.306802783
1561000632.193294048 234.988307 641.041486 37.657686 -0.018102074 0.023121849 -0.949091322 -0.313629330
1561000632.294002533 235.499104 640.322553 37.571991 -0.018939521 0.024098982 -0.947278229 -0.318942770
1561000632.392628193 235.994867 639.607051 37.492458 -0.018397227 0.024792517 -0.945363458 -0.324553240
1561000632.493998289 236.496444 638.876740 37.407235 -0.016605145 0.025304784 -0.943735776 -0.329312498
1561000632.593672276 236.978132 638.143017 37.324806 -0.013345881 0.027108483 -0.942192314 -0.333707448
1561000632.692743301 237.451988 637.408984 37.255632 -0.010850211 0.029989049 -0.940883041 -0.337226975
1561000632.794433594 237.931201 636.642865 37.194843 -0.012856093 0.030721019 -0.939879483 -0.339878650
1561000632.893425703 238.412034 635.889800 37.116562 -0.014832114 0.031263137 -0.938659640 -0.343104510
1561000632.994256735 238.896669 635.123838 37.037852 -0.014799584 0.031614172 -0.937814147 -0.345378260
1561000633.093676090 239.374057 634.365860 36.959679 -0.013053158 0.031591715 -0.936335857 -0.349437751
1561000633.194122076 239.845559 633.597406 36.893013 -0.013312153 0.030505092 -0.935306668 -0.352269304
1561000633.294004917 240.304394 632.826047 36.819441 -0.016278762 0.030416897 -0.934250463 -0.354944907
1561000633.392528057 240.774113 632.065026 36.740575 -0.020737861 0.030518789 -0.932970613 -0.358056391
1561000633.493539333 241.251663 631.277987 36.644290 -0.023100659 0.031070583 -0.931514226 -0.361638251
1561000633.594289541 241.729859 630.487527 36.547829 -0.022591166 0.029938743 -0.930020505 -0.365588801
1561000633.694199324 242.181772 629.691770 36.457967 -0.021291016 0.027031771 -0.928855638 -0.368840318
1561000633.794466734 242.630836 628.899975 36.363392 -0.019291527 0.024796159 -0.926976229 -0.373802165
1561000633.893146038 243.060504 628.115740 36.285176 -0.018206338 0.024284870 -0.925603691 -0.377275208
1561000633.994599342 243.491994 627.315839 36.212759 -0.017887958 0.023415519 -0.924086108 -0.381046715
1561000634.092911243 243.909918 626.507927 36.143203 -0.017342119 0.022407371 -0.922610942 -0.384689759
1561000634.195925474 244.341188 625.679814 36.072261 -0.016927577 0.021457958 -0.921256180 -0.387994928
1561000634.295800924 244.746156 624.882104 36.004906 -0.017336571 0.021187063 -0.919601606 -0.391897230
1561000634.394457817 245.137475 624.059031 35.927363 -0.018384857 0.021717192 -0.917789945 -0.396045424
1561000634.495526314 245.538017 623.220405 35.854120 -0.020068135 0.021501423 -0.916381210 -0.399224796
1561000634.594696999 245.933838 622.403397 35.776201 -0.022000118 0.020740595 -0.914105968 -0.404346512
1561000634.695588827 246.323325 621.570587 35.694595 -0.023437189 0.020461549 -0.911980429 -0.409052222
1561000634.796996117 246.704971 620.721919 35.610039 -0.024374091 0.020301230 -0.909714842 -0.414020133
1561000634.895970583 247.083639 619.881968 35.528423 -0.025785239 0.020056265 -0.907245412 -0.419331169
1561000634.997096062 247.447654 619.020940 35.447317 -0.028015836 0.019799167 -0.904562361 -0.424958869
1561000635.088376045 247.782766 618.210221 35.362976 -0.029763208 0.019520968 -0.902279139 -0.429680624
1561000635.188533306 248.120899 617.326575 35.269978 -0.031582858 0.019038377 -0.899328021 -0.435716850
1561000635.289187193 248.463698 616.439087 35.168313 -0.031915163 0.018484709 -0.896710911 -0.441077408
1561000635.388779640 248.784148 615.562657 35.072807 -0.031747101 0.017498839 -0.893799143 -0.447000004
1561000635.488985777 249.081051 614.671320 34.983704 -0.031292396 0.015980224 -0.891567139 -0.451523482
1561000635.588765144 249.380324 613.797432 34.901125 -0.031506558 0.014469805 -0.888456712 -0.457649028
1561000635.688190699 249.672802 612.913038 34.817937 -0.031881878 0.013243899 -0.885835740 -0.462712855
1561000635.788929462 249.957176 612.002024 34.730228 -0.033690944 0.012781430 -0.882384737 -0.469146812
1561000635.887952089 250.231345 611.104986 34.641613 -0.035497192 0.012443929 -0.878982605 -0.475367939
1561000635.989114523 250.476162 610.196332 34.546815 -0.036111329 0.012396070 -0.875338210 -0.482001377
1561000636.090291977 250.709057 609.291094 34.460535 -0.035935159 0.012051307 -0.871962808 -0.488102748
1561000636.189458609 250.932864 608.376174 34.369838 -0.035343254 0.012390694 -0.868521381 -0.494234697
1561000636.289550066 251.144813 607.438465 34.267221 -0.034744267 0.013675396 -0.865295127 -0.499870145
1561000636.389464617 251.344578 606.512381 34.171457 -0.034203925 0.016342006 -0.861837611 -0.505765720
1561000636.489388943 251.519673 605.586393 34.079769 -0.033531022 0.018181006 -0.859073401 -0.510429244
1561000636.588763714 251.693742 604.637755 34.000118 -0.033242106 0.018316887 -0.856285907 -0.515105716
1561000636.689225674 251.833454 603.685999 33.908351 -0.032146918 0.017220278 -0.853971110 -0.519040828
1561000636.789268017 251.982799 602.756412 33.821792 -0.031471384 0.016316638 -0.850858079 -0.524198292
1561000636.889044046 252.115418 601.807177 33.736896 -0.031897141 0.016098869 -0.847516822 -0.529564571
1561000636.989036560 252.253285 600.850916 33.647874 -0.032612480 0.016529493 -0.844413888 -0.534442128
1561000637.088315725 252.369327 599.899848 33.555183 -0.033730732 0.016911937 -0.841319640 -0.539219331
1561000637.189442635 252.503641 598.944138 33.464507 -0.034182578 0.016908380 -0.838455630 -0.543633898
1561000637.290838957 252.602903 597.981771 33.365299 -0.034103396 0.017337448 -0.835858313 -0.547610492
1561000637.388084412 252.689488 597.039590 33.274001 -0.034192021 0.018664158 -0.833126302 -0.551709271
1561000637.489268780 252.770434 596.075811 33.180787 -0.035049599 0.019853790 -0.830631750 -0.555363169
1561000637.588603020 252.839999 595.127059 33.085329 -0.035296302 0.020555601 -0.828970670 -0.557798590
1561000637.689291716 252.919327 594.177826 32.992043 -0.035603991 0.021106315 -0.827210037 -0.560366339
1561000637.789288044 252.978862 593.241984 32.891313 -0.035899817 0.021730150 -0.825745251 -0.562480030
1561000637.888147354 253.047858 592.300497 32.795226 -0.036535087 0.022814610 -0.823839197 -0.565184624
1561000637.989277124 253.104541 591.352199 32.701525 -0.036586853 0.023578638 -0.822282137 -0.567413021
1561000638.088243008 253.153704 590.408881 32.595923 -0.035723930 0.023403582 -0.820558713 -0.569964448
1561000638.189235926 253.211651 589.470729 32.502830 -0.035211924 0.023256615 -0.818467361 -0.573001247
1561000638.289136410 253.258407 588.545006 32.415089 -0.035419392 0.022831470 -0.816955229 -0.575159407
1561000638.388484716 253.281824 587.622059 32.332996 -0.036350296 0.023134425 -0.815209748 -0.577560838
1561000638.488974810 253.309449 586.713113 32.240585 -0.038110603 0.024598004 -0.813541100 -0.579735629
1561000638.587982893 253.319296 585.814867 32.145635 -0.039810079 0.026197085 -0.812160271 -0.581484793
1561000638.688955784 253.329136 584.914509 32.050529 -0.041250636 0.027091766 -0.810271046 -0.583973676
1561000638.788984537 253.340659 584.036110 31.948504 -0.041750945 0.026910413 -0.809276418 -0.585324156
1561000638.888089418 253.349356 583.179338 31.849712 -0.041350382 0.025716432 -0.808165201 -0.586939366
1561000638.989275932 253.371772 582.322176 31.755839 -0.041076008 0.024591066 -0.806552237 -0.589221122
1561000639.088366270 253.384460 581.495933 31.667855 -0.040475947 0.023962185 -0.805266678 -0.591044067
1561000639.189249992 253.388542 580.671709 31.576348 -0.040514409 0.024280414 -0.803170730 -0.593873575
1561000639.289188623 253.378258 579.852746 31.496772 -0.040540796 0.024956863 -0.802054914 -0.595349908
1561000639.387948513 253.362323 579.040643 31.418911 -0.041089943 0.022982735 -0.800393889 -0.597622819
1561000639.489198685 253.349861 578.234717 31.338597 -0.040458182 0.020159493 -0.798226667 -0.600658738
1561000639.587765694 253.334468 577.457261 31.255765 -0.038489702 0.018096056 -0.796194383 -0.603544182
1561000639.689186335 253.308824 576.679107 31.175827 -0.037292495 0.018760794 -0.793912005 -0.606597915
1561000639.789224148 253.254084 575.919021 31.108844 -0.036831879 0.021537917 -0.791749648 -0.609353777
1561000639.887924433 253.210569 575.165660 31.037008 -0.037162485 0.023837499 -0.789396411 -0.612294072
1561000639.989154100 253.158979 574.421714 30.964960 -0.037104310 0.024345789 -0.786722977 -0.615708949
1561000640.088342428 253.112050 573.699637 30.904956 -0.037894885 0.022764025 -0.783375271 -0.619974968
1561000640.189109802 253.048968 572.980526 30.847203 -0.041001239 0.020951426 -0.778981321 -0.625354330
1561000640.289062738 252.990685 572.267379 30.772431 -0.044613270 0.021408204 -0.773748378 -0.631557434
1561000640.388106585 252.911462 571.561559 30.687810 -0.047978091 0.022462725 -0.768270813 -0.637929061
1561000640.489099979 252.821068 570.851913 30.589153 -0.049047461 0.024739856 -0.762050834 -0.645182775
1561000640.588158369 252.702426 570.166288 30.503577 -0.049173393 0.026966887 -0.755344582 -0.652923676
1561000640.689144135 252.558333 569.476632 30.425808 -0.051331256 0.029899012 -0.747526525 -0.661570287
1561000640.789224863 252.403642 568.792184 30.344417 -0.056712883 0.034318774 -0.739416495 -0.669976953
1561000640.889005423 252.230592 568.101125 30.234460 -0.062877581 0.040860717 -0.731423365 -0.677788073
1561000640.989038706 252.043717 567.413231 30.107338 -0.068679158 0.048022462 -0.722814842 -0.685941484
1561000641.088156939 251.839672 566.720230 29.970802 -0.072664706 0.054166708 -0.713772706 -0.694488540
1561000641.189001799 251.604219 566.038922 29.830223 -0.075577401 0.057254439 -0.704693044 -0.703148420
1561000641.289085150 251.356158 565.369571 29.697446 -0.078228005 0.058228322 -0.695686019 -0.711695725
1561000641.388005018 251.074310 564.703148 29.566509 -0.083277237 0.057645211 -0.687307565 -0.719270632
1561000641.489137650 250.795431 564.023185 29.423903 -0.087308589 0.057503930 -0.679525852 -0.726164667
1561000641.588194847 250.506406 563.347557 29.278015 -0.090752741 0.057017839 -0.672734991 -0.732079598
1561000641.689104557 250.195871 562.666355 29.117590 -0.091373998 0.055407404 -0.666467083 -0.737836323
1561000641.790093899 249.883910 561.982627 28.976843 -0.089812498 0.052372448 -0.659808928 -0.744206302
1561000641.888144493 249.550025 561.316256 28.844622 -0.088892394 0.046840695 -0.654108223 -0.749697622
1561000641.988794088 249.207562 560.636066 28.726557 -0.088347372 0.042382875 -0.648285639 -0.755065669
1561000642.087715149 248.862994 559.952892 28.594684 -0.088288829 0.039482605 -0.642357317 -0.760278425
1561000642.188765526 248.492856 559.261136 28.459961 -0.087000271 0.039582120 -0.637337460 -0.764634011
1561000642.288900852 248.103478 558.570101 28.328549 -0.085440329 0.041095984 -0.632261135 -0.768932330
1561000642.387597561 247.693143 557.883150 28.211652 -0.084389013 0.040220838 -0.628441832 -0.772218649
1561000642.488566399 247.264711 557.178708 28.093900 -0.082663697 0.038903455 -0.625372946 -0.774959297
1561000642.587399721 246.845350 556.486760 27.978391 -0.082075087 0.036783927 -0.622441285 -0.777481491
1561000642.688827991 246.419242 555.782420 27.856676 -0.081695056 0.035629629 -0.619809362 -0.779674806
1561000642.788849831 245.995837 555.079288 27.731091 -0.081482830 0.035287663 -0.617270667 -0.781723898
1561000642.887862444 245.560836 554.369611 27.617685 -0.082665671 0.033856307 -0.614961479 -0.783481025
1561000642.989020824 245.113683 553.652283 27.502772 -0.082650498 0.034077354 -0.613251072 -0.784812559
1561000643.088090897 244.669523 552.943651 27.390593 -0.083444030 0.033152743 -0.611263458 -0.786317349
1561000643.189149857 244.214434 552.228715 27.281388 -0.083516799 0.030375237 -0.609587074 -0.787721962
1561000643.289222956 243.761252 551.512345 27.171133 -0.078467782 0.023636521 -0.608128469 -0.789597295
1561000643.389204264 243.306560 550.822018 27.083442 -0.071631982 0.016301036 -0.606156463 -0.791945375
1561000643.489403725 242.851353 550.138152 27.010319 -0.066005543 0.011188149 -0.604108287 -0.794085179
1561000643.588019133 242.379577 549.454238 26.949945 -0.064215920 0.012196856 -0.602836705 -0.795182658
1561000643.688994169 241.899233 548.753795 26.886364 -0.064365162 0.017598623 -0.601071272 -0.796404885
1561000643.789122343 241.418269 548.056901 26.809442 -0.064277248 0.021847180 -0.599023443 -0.797848388
1561000643.888117313 240.937405 547.353408 26.721230 -0.063831278 0.023653452 -0.597656984 -0.798856816
1561000643.989156008 240.460292 546.651936 26.630032 -0.062562477 0.022304423 -0.595628384 -0.800509386
1561000644.087851048 239.990627 545.969282 26.547885 -0.061761806 0.020371136 -0.593614351 -0.802117509
1561000644.188740015 239.513428 545.288342 26.476120 -0.060136395 0.019464423 -0.591076123 -0.804135416
1561000644.289422274 239.029463 544.607945 26.410020 -0.059346077 0.018229887 -0.589162085 -0.805626311
1561000644.389388561 238.550549 543.930881 26.343075 -0.058901967 0.017310565 -0.586184856 -0.807847892
1561000644.489415407 238.063645 543.268981 26.267421 -0.057108083 0.017453961 -0.582583867 -0.810573911
1561000644.588053703 237.576204 542.613368 26.196362 -0.055549680 0.019401242 -0.579771945 -0.812651412
1561000644.688075781 237.067523 541.940616 26.128808 -0.054655464 0.021033189 -0.576386347 -0.815076171
1561000644.789964199 236.553654 541.288943 26.062164 -0.053966392 0.021679100 -0.572548513 -0.817805506
1561000644.889014006 236.049229 540.653773 25.988794 -0.052841378 0.022288221 -0.569438986 -0.820030649
1561000644.989937305 235.526290 540.002913 25.912580 -0.052392927 0.022603671 -0.565137533 -0.823021035
1561000645.088303566 235.012794 539.371025 25.848049 -0.051947025 0.023802559 -0.561381823 -0.825581852
1561000645.189938545 234.481063 538.731740 25.779425 -0.053433742 0.024405267 -0.557424285 -0.828146958
1561000645.289884806 233.951792 538.113345 25.705017 -0.055133830 0.024522873 -0.552834654 -0.831103324
1561000645.389842987 233.418359 537.486461 25.626991 -0.055830781 0.025287766 -0.548436826 -0.833942744
1561000645.489726305 232.883114 536.873367 25.553904 -0.055593441 0.025535761 -0.543469737 -0.837196476
1561000645.588050842 232.344968 536.275944 25.479424 -0.057074345 0.024586689 -0.538449953 -0.840362816
1561000645.689796686 231.785485 535.679531 25.391980 -0.054952311 0.025037946 -0.533333498 -0.843746837
1561000645.788750887 231.221246 535.096278 25.317501 -0.052739393 0.028129761 -0.527982452 -0.847149221
1561000645.890777111 230.635564 534.505370 25.247191 -0.054371581 0.028430474 -0.523397931 -0.849876488
1561000645.990211964 230.059347 533.930206 25.178896 -0.056447540 0.026749925 -0.518793935 -0.852614197
1561000646.088626146 229.493087 533.367189 25.093281 -0.055375647 0.024279841 -0.513725822 -0.855821130
1561000646.189859390 228.918499 532.812626 25.010032 -0.050904013 0.025737710 -0.508829643 -0.858975405
1561000646.289875031 228.316239 532.265595 24.957850 -0.049373172 0.029627528 -0.503757384 -0.861924009
1561000646.390156269 227.696036 531.724285 24.898219 -0.057840961 0.031074446 -0.499090456 -0.864058747
1561000646.489711761 227.089119 531.174136 24.818358 -0.065115162 0.031346706 -0.493581249 -0.866691958
1561000646.588067532 226.491889 530.624319 24.717185 -0.065073589 0.028781686 -0.487576219 -0.870176116
1561000646.690401077 225.868136 530.089853 24.649920 -0.063884398 0.024401392 -0.481677843 -0.873676033
1561000646.790255308 225.260127 529.585602 24.562690 -0.063379072 0.022331202 -0.472916498 -0.878541061
1561000646.889966249 224.624779 529.090775 24.496785 -0.062646636 0.021934800 -0.465701233 -0.882449220
1561000646.989899874 223.974358 528.607887 24.461041 -0.063228086 0.015038884 -0.459193199 -0.885955782
1561000647.088048458 223.336952 528.143195 24.430963 -0.065947200 0.002723682 -0.449061756 -0.891059531
1561000647.189802647 222.702382 527.686936 24.388263 -0.065496103 -0.005480316 -0.440665779 -0.895261916
1561000647.291295767 222.054438 527.248197 24.362725 -0.063493881 -0.000954711 -0.431958412 -0.899655237
1561000647.391499758 221.390541 526.830599 24.341575 -0.066394780 0.008880588 -0.422104013 -0.904069173
1561000647.491330862 220.689477 526.407386 24.299076 -0.071932856 0.014364011 -0.410405800 -0.908947974
1561000647.591302872 219.980240 526.003464 24.245041 -0.074372226 0.013410703 -0.399973128 -0.913405946
1561000647.692778349 219.244233 525.619756 24.198775 -0.075652844 0.007750179 -0.389053849 -0.918070632
1561000647.794190645 218.536714 525.266296 24.166586 -0.077281193 0.003254061 -0.375773067 -0.923478007
1561000647.892707586 217.833945 524.934658 24.133874 -0.078370754 0.002460626 -0.364126724 -0.928042940
1561000647.995403051 217.077305 524.623930 24.105160 -0.078565750 0.004324115 -0.352758640 -0.932400164
1561000648.094148397 216.324494 524.335547 24.078198 -0.078482588 0.006058549 -0.341245397 -0.936672492
1561000648.195348024 215.553661 524.051219 24.054104 -0.079386865 0.007228687 -0.328800556 -0.941029046
1561000648.296398640 214.778594 523.788146 24.023332 -0.080412326 0.007287096 -0.316382981 -0.945189169
1561000648.396432877 213.984597 523.567277 23.998318 -0.081225973 0.007401871 -0.306057279 -0.948512781
1561000648.496409655 213.186121 523.349831 23.975862 -0.081737191 0.008380289 -0.294806701 -0.952017758
1561000648.595407486 212.372158 523.157696 23.956509 -0.082411415 0.009235644 -0.284091843 -0.955204107
1561000648.688758373 211.585365 522.959684 23.926864 -0.082772930 0.010156220 -0.273226243 -0.958328187
1561000648.788706779 210.737156 522.779082 23.895376 -0.082776361 0.009571634 -0.263168705 -0.961144469
1561000648.888898611 209.890190 522.615984 23.873408 -0.082447853 0.009298339 -0.254463271 -0.963516651
1561000648.988910675 209.042921 522.468867 23.854646 -0.081596670 0.008563932 -0.246754703 -0.965598653
1561000649.087654352 208.197747 522.339470 23.836865 -0.081770541 0.007739910 -0.240010769 -0.967289255
1561000649.188801050 207.331047 522.214145 23.826336 -0.081183723 0.008189709 -0.234692032 -0.968639139
1561000649.288939953 206.473406 522.104112 23.805462 -0.080252569 0.008701382 -0.229967770 -0.969844645
1561000649.387894154 205.613780 522.003841 23.790624 -0.078039287 0.009539250 -0.226389029 -0.970858836
1561000649.489158869 204.734542 521.890509 23.787867 -0.077296649 0.009495426 -0.224127729 -0.971443167
1561000649.588103294 203.876253 521.773977 23.780347 -0.077991537 0.007754748 -0.222135114 -0.971860677
1561000649.688205242 203.009087 521.676604 23.764273 -0.077877959 0.005555666 -0.220853389 -0.972176907
1561000649.789193153 202.135157 521.576065 23.758337 -0.077564205 0.005499458 -0.219933920 -0.972410727
1561000649.890479803 201.262385 521.462465 23.755909 -0.076896539 0.007104056 -0.219647046 -0.972518190
1561000649.988998652 200.399194 521.353853 23.750699 -0.077128938 0.007845703 -0.219759509 -0.972468678
1561000650.088366032 199.538387 521.246922 23.738145 -0.077747436 0.008423011 -0.219476470 -0.972478518
1561000650.188870430 198.663531 521.135651 23.727801 -0.077630912 0.008731884 -0.219543346 -0.972470007
1561000650.287900686 197.807823 521.012578 23.711717 -0.078842509 0.008264299 -0.219888570 -0.972298605
1561000650.389021873 196.943720 520.902719 23.707889 -0.080335869 0.007994377 -0.220373437 -0.972068818
1561000650.489052773 196.102667 520.774703 23.689833 -0.081344089 0.007032536 -0.220610090 -0.971938718
1561000650.589079857 195.261034 520.665762 23.674116 -0.080020031 0.007093932 -0.220990914 -0.971961669
1561000650.689194202 194.419646 520.561730 23.666435 -0.078641589 0.008002776 -0.221535438 -0.971943160
1561000650.789031267 193.582923 520.440210 23.661109 -0.078548637 0.008979047 -0.222114537 -0.971809971
1561000650.889052391 192.739126 520.316063 23.650282 -0.078244380 0.009179673 -0.223034556 -0.971621911
1561000650.989085436 191.893000 520.202377 23.643375 -0.077883448 0.008303154 -0.224635479 -0.971289930
1561000651.088026762 191.081202 520.081696 23.634086 -0.077061892 0.007591326 -0.225335568 -0.971199114
1561000651.189037323 190.281348 519.963888 23.628853 -0.076506550 0.007254461 -0.225927511 -0.971108068
1561000651.287733078 189.522938 519.841939 23.618338 -0.076125641 0.007121597 -0.226782854 -0.970939600
1561000651.388719320 188.755370 519.726483 23.604217 -0.075523496 0.006686633 -0.227577581 -0.970803757
1561000651.488782644 187.996368 519.603570 23.596771 -0.074442824 0.005871976 -0.229025023 -0.970552072
1561000651.587756395 187.281484 519.490538 23.593782 -0.073722311 0.004870431 -0.230553404 -0.970250704
1561000651.688928843 186.533912 519.371593 23.586354 -0.073130827 0.004274496 -0.232249124 -0.969893786
1561000651.787833691 185.803306 519.240649 23.579446 -0.071805747 0.004147057 -0.235084932 -0.969309967
1561000651.888083696 185.076813 519.105373 23.575506 -0.070270075 0.004861080 -0.239034568 -0.968452870
1561000651.989067078 184.342751 518.960937 23.576305 -0.070322000 0.004880481 -0.243122533 -0.967430841
1561000652.087927103 183.641099 518.804885 23.563759 -0.069179206 0.004364648 -0.248068439 -0.966259405
1561000652.188796997 182.916403 518.635966 23.534816 -0.067316854 0.003216310 -0.255283676 -0.964514563
1561000652.288805246 182.197813 518.458332 23.518628 -0.064842421 0.003910665 -0.263380665 -0.962502360
1561000652.387857676 181.484156 518.259907 23.505604 -0.063360080 0.005532039 -0.272456124 -0.960063830
1561000652.488287687 180.776401 518.043708 23.488832 -0.062095491 0.007320066 -0.283015726 -0.957075057
1561000652.587249041 180.073025 517.812565 23.474752 -0.060390169 0.008568665 -0.294659268 -0.953653774
1561000652.688621998 179.366493 517.572492 23.458574 -0.059191326 0.007989838 -0.307328340 -0.949727246
1561000652.788671494 178.672974 517.310855 23.440428 -0.058135594 0.007988376 -0.321314823 -0.945152487
1561000652.889056921 178.014236 517.022772 23.418129 -0.057291774 0.007380477 -0.335807123 -0.940157836
1561000652.988726616 177.352717 516.708690 23.400979 -0.058382950 0.007930169 -0.351179497 -0.934452516
1561000653.087665558 176.713733 516.364910 23.361439 -0.058469893 0.007999757 -0.367688737 -0.928074495
1561000653.188781023 176.083102 516.001864 23.328418 -0.057593239 0.008995645 -0.384210350 -0.921403551
1561000653.289054871 175.468300 515.627131 23.293950 -0.056021061 0.011703907 -0.401665741 -0.913996330
1561000653.389005423 174.869713 515.226660 23.251902 -0.054471190 0.014049423 -0.419594733 -0.905966756
1561000653.489094496 174.276121 514.794365 23.210433 -0.052686514 0.016283862 -0.438591924 -0.896992805
1561000653.588308573 173.728449 514.336185 23.158998 -0.050163414 0.019309765 -0.457473158 -0.887597361
1561000653.689945459 173.173562 513.855040 23.142560 -0.054355904 0.019350030 -0.476186406 -0.877449439
1561000653.789732695 172.657952 513.362107 23.086938 -0.058567515 0.017710213 -0.494006443 -0.867302616
1561000653.888688803 172.196639 512.837322 23.004134 -0.054141272 0.016734897 -0.511725207 -0.857278238
1561000653.989676476 171.745960 512.280668 22.937856 -0.049325060 0.015983202 -0.529963934 -0.846433579
1561000654.087994337 171.312641 511.720230 22.897101 -0.048711752 0.016948254 -0.547991450 -0.834892384
1561000654.189648628 170.891662 511.134302 22.842018 -0.050415240 0.017531858 -0.565978492 -0.822690272
1561000654.288968801 170.506205 510.532930 22.773731 -0.048528197 0.017978709 -0.585535324 -0.808993303
1561000654.388297319 170.140423 509.901620 22.707760 -0.046621672 0.017911749 -0.604731155 -0.794862138
1561000654.489694118 169.814536 509.264247 22.645978 -0.046467471 0.018209648 -0.622243000 -0.781231613
1561000654.588202000 169.532580 508.613587 22.570079 -0.043734425 0.019518168 -0.640283322 -0.766644382
1561000654.689952850 169.277609 507.952123 22.505664 -0.041403955 0.019871502 -0.657446124 -0.752100678
1561000654.788294554 169.029988 507.287502 22.459083 -0.041918472 0.020000995 -0.674394000 -0.736909448
1561000654.889939785 168.843852 506.589135 22.386583 -0.041852241 0.019957496 -0.689862756 -0.722453781
1561000654.989800453 168.662021 505.894485 22.302985 -0.039741600 0.019896571 -0.705625489 -0.707189791
1561000655.087967634 168.528820 505.210527 22.245844 -0.038777132 0.022876291 -0.720102982 -0.692405015
1561000655.189452648 168.393578 504.500993 22.173751 -0.037906475 0.023991796 -0.733469516 -0.678240343
1561000655.288897514 168.318233 503.776202 22.112517 -0.037501046 0.024429941 -0.745968175 -0.664475983
1561000655.388961554 168.258158 503.066292 22.043334 -0.037212156 0.023090065 -0.757173607 -0.651743994
1561000655.489721060 168.238003 502.341427 21.970650 -0.037161463 0.023899074 -0.767130550 -0.639967640
1561000655.588167667 168.217276 501.600095 21.882039 -0.036252547 0.024110891 -0.776044468 -0.629173586
1561000655.689952135 168.201717 500.860263 21.804686 -0.036634594 0.025951641 -0.784526590 -0.618467823
1561000655.788767576 168.225918 500.124422 21.707000 -0.034591861 0.028327485 -0.791598093 -0.609404148
1561000655.888183355 168.232992 499.372627 21.628074 -0.030591768 0.027149478 -0.798620248 -0.600443794
1561000655.989961624 168.285226 498.621749 21.576459 -0.026961925 0.026164242 -0.804722712 -0.592460837
1561000656.088000774 168.318752 497.894846 21.521442 -0.026618012 0.024111215 -0.810250184 -0.584982709
1561000656.189951181 168.391255 497.135714 21.448594 -0.028217127 0.023612250 -0.814999725 -0.578292058
1561000656.289327145 168.462430 496.385984 21.358405 -0.029301415 0.026858478 -0.819127154 -0.572233129
1561000656.388111115 168.554075 495.611319 21.278282 -0.030533683 0.029414649 -0.821823592 -0.568162351
1561000656.489852667 168.634808 494.828240 21.200807 -0.029365185 0.030349631 -0.824884291 -0.563721999
1561000656.588089228 168.732686 494.069054 21.128673 -0.028150706 0.029218778 -0.827845769 -0.559486535
1561000656.689859390 168.834875 493.306154 21.057787 -0.027739154 0.027666548 -0.829757532 -0.556747285
1561000656.788931131 168.955846 492.542097 20.982734 -0.027920545 0.026387738 -0.831472632 -0.554235864
1561000656.889894724 169.089836 491.758746 20.903810 -0.027273953 0.027114390 -0.833162495 -0.551689403
1561000656.989785433 169.216897 490.967382 20.825753 -0.027721758 0.029418181 -0.834980287 -0.548793216
1561000657.087886810 169.336518 490.174749 20.740497 -0.028208065 0.031463625 -0.837030035 -0.545522746
1561000657.189667225 169.479047 489.361010 20.655922 -0.029447551 0.032594333 -0.838409860 -0.543267298
1561000657.288442850 169.596684 488.564174 20.576467 -0.029900141 0.032809923 -0.839871652 -0.540966819
1561000657.388305902 169.739902 487.761504 20.495839 -0.030297099 0.031594148 -0.840577704 -0.539919456
1561000657.489730358 169.888783 486.938827 20.408235 -0.029949147 0.030504718 -0.840790550 -0.539670049
1561000657.589161634 170.029762 486.134423 20.323289 -0.029823236 0.029783469 -0.840646701 -0.539941334
1561000657.690345287 170.161559 485.307661 20.235603 -0.029619345 0.029355261 -0.840418662 -0.540330858
1561000657.788690329 170.293884 484.495006 20.154093 -0.029086735 0.029544214 -0.840469544 -0.540270346
1561000657.887973070 170.427773 483.663825 20.069214 -0.028479703 0.029629881 -0.840095452 -0.540879476
1561000657.989936352 170.568229 482.818617 19.985769 -0.028466717 0.030177079 -0.840061717 -0.540902304
1561000658.087532282 170.695500 481.984357 19.903212 -0.028282844 0.031032441 -0.840389376 -0.540354296
1561000658.189641714 170.855274 481.126707 19.817861 -0.027134612 0.032793707 -0.840587182 -0.540001365
1561000658.287692785 171.000576 480.262779 19.723481 -0.026444128 0.033841903 -0.841030703 -0.539279881
1561000658.391042948 171.150082 479.376812 19.626122 -0.026859421 0.034638143 -0.841821498 -0.537973359
1561000658.490968943 171.292678 478.525758 19.537017 -0.027345318 0.035133683 -0.842417610 -0.536982707
1561000658.589714527 171.450861 477.673889 19.444572 -0.026319004 0.035224499 -0.843113800 -0.535934385
1561000658.690989733 171.604639 476.804151 19.357857 -0.026035491 0.035045198 -0.843832264 -0.534828102
1561000658.790212393 171.767605 475.969643 19.277478 -0.026396971 0.034280515 -0.844512981 -0.533784481
1561000658.891275883 171.923622 475.116898 19.191427 -0.026728567 0.034485410 -0.845006752 -0.532972729
1561000658.991254330 172.082962 474.281050 19.111247 -0.027440607 0.034500944 -0.845487696 -0.532172203
1561000659.089437008 172.237571 473.444001 19.027513 -0.027507603 0.034119312 -0.846261305 -0.530962341
1561000659.191020727 172.412188 472.604743 18.939749 -0.028775013 0.033426638 -0.846230687 -0.530988025
1561000659.289232254 172.568871 471.780572 18.853254 -0.030112296 0.033789366 -0.846237731 -0.530879676
1561000659.390856743 172.729448 470.957281 18.764851 -0.031871633 0.033887501 -0.846161048 -0.530892943
1561000659.490847349 172.883682 470.151876 18.684279 -0.033064161 0.034468758 -0.845776546 -0.531395051
1561000659.590432405 173.030660 469.360325 18.595648 -0.033791687 0.034410154 -0.846036660 -0.530938823
1561000659.690968513 173.166091 468.590067 18.508343 -0.034823245 0.033775300 -0.845904418 -0.531123607
1561000659.789677858 173.303995 467.851892 18.430095 -0.035175991 0.033816321 -0.845726138 -0.531381600
1561000659.890928507 173.435135 467.116975 18.355975 -0.035698624 0.033432287 -0.845841915 -0.531186733
1561000659.991011143 173.582523 466.411469 18.282600 -0.036536094 0.032738714 -0.846031530 -0.530870926
1561000660.090204239 173.719032 465.724408 18.211569 -0.038226377 0.031735527 -0.845842381 -0.531114175
1561000660.190268040 173.847537 465.043805 18.135727 -0.039045955 0.031433610 -0.846087068 -0.530682594
1561000660.289643764 173.976520 464.385058 18.058532 -0.038982115 0.031791013 -0.845872680 -0.531007661
1561000660.390973568 174.089439 463.741706 17.988278 -0.039104317 0.031888063 -0.845837652 -0.531048652
1561000660.491319418 174.188764 463.121710 17.923047 -0.039350649 0.031798809 -0.846325068 -0.530258655
1561000660.590636730 174.291220 462.531916 17.862629 -0.039886823 0.031485835 -0.846560152 -0.529861861
1561000660.691701889 174.403772 461.943456 17.798898 -0.040340665 0.031429918 -0.846862624 -0.529347228
1561000660.789648056 174.507282 461.383672 17.737664 -0.040357083 0.031033951 -0.847459316 -0.528413576
1561000660.891215086 174.615706 460.836943 17.676728 -0.039776875 0.030643868 -0.848239870 -0.527226589
1561000660.991263151 174.717121 460.322247 17.618432 -0.039896852 0.029810616 -0.849222677 -0.525680905
1561000661.091147900 174.825528 459.827197 17.564011 -0.040010937 0.030320647 -0.850024205 -0.524345911
1561000661.191064358 174.913513 459.353787 17.512162 -0.040723097 0.030599445 -0.850399058 -0.523666636
1561000661.289504051 175.002258 458.914934 17.468492 -0.041531440 0.029948540 -0.850826317 -0.522946271
1561000661.390989780 175.085606 458.486594 17.420072 -0.041639321 0.029200067 -0.851398553 -0.522047917
1561000661.491685390 175.162313 458.095129 17.377448 -0.041119188 0.029450476 -0.852225224 -0.520724543
1561000661.589348555 175.235777 457.750112 17.342702 -0.041303677 0.029795596 -0.852717339 -0.519883995
1561000661.691038370 175.309487 457.419193 17.301170 -0.042280575 0.029204095 -0.853236775 -0.518986011
1561000661.789362907 175.365293 457.112252 17.271616 -0.043412926 0.028445895 -0.853717464 -0.518143456
1561000661.891011000 175.427254 456.844105 17.236797 -0.044101238 0.026791348 -0.854374578 -0.517089340
1561000661.991205931 175.484081 456.605095 17.206598 -0.043761919 0.027083226 -0.854996522 -0.516073968
1561000662.089261055 175.525704 456.393073 17.180992 -0.042954449 0.027488972 -0.855514446 -0.515261394
1561000662.190976381 175.564161 456.203109 17.161366 -0.041025231 0.027950537 -0.855940764 -0.514685444
1561000662.289902449 175.593079 456.040942 17.146696 -0.040139584 0.028715177 -0.856264473 -0.514174489
1561000662.390830994 175.609845 455.912141 17.133600 -0.039826699 0.029451482 -0.856632289 -0.513544122
1561000662.492244482 175.626746 455.785796 17.123306 -0.040105701 0.029454814 -0.856874094 -0.513118636
1561000662.590723991 175.645998 455.692996 17.119765 -0.040656473 0.028476470 -0.857221362 -0.512550172
1561000662.692510843 175.667083 455.605136 17.110191 -0.041613081 0.027551279 -0.857373674 -0.512269130
1561000662.791100979 175.690895 455.540903 17.101563 -0.042360390 0.027357836 -0.857600632 -0.511838161
1561000662.892967463 175.704457 455.474750 17.090957 -0.042303970 0.027670426 -0.857682260 -0.511689225
1561000662.993026257 175.714086 455.415799 17.081554 -0.041952588 0.027894567 -0.857935215 -0.511281762
1561000663.092581987 175.720423 455.384603 17.080895 -0.041571306 0.028181791 -0.858046597 -0.511110214
1561000663.192625761 175.725333 455.365876 17.079147 -0.041352133 0.027950575 -0.858055126 -0.511126370
1561000663.290883780 175.729773 455.360763 17.079734 -0.041558079 0.027777914 -0.858238075 -0.510811825
1561000663.390967846 175.726482 455.372516 17.080742 -0.041417310 0.027472636 -0.858224352 -0.510862821
1561000663.493861198 175.715707 455.388037 17.083538 -0.040989580 0.026892598 -0.858329787 -0.510751034
1561000663.592677832 175.712014 455.404012 17.088525 -0.040337781 0.026647774 -0.858348056 -0.510785058
1561000663.692590237 175.707026 455.421098 17.092140 -0.040115166 0.026542795 -0.858306233 -0.510878326
1561000663.790582418 175.707937 455.420554 17.092403 -0.040379414 0.026658913 -0.858260290 -0.510928645
1561000663.890920401 175.704540 455.420105 17.092654 -0.040654100 0.026756829 -0.858248915 -0.510920851
1561000663.992290258 175.703829 455.425133 17.092911 -0.040911201 0.026906041 -0.858167925 -0.511028522
1561000664.092559338 175.701110 455.422356 17.091300 -0.040602682 0.026864594 -0.858254309 -0.510910224
1561000664.192520380 175.702655 455.419495 17.089774 -0.040511861 0.026649567 -0.858206545 -0.511008920
1561000664.290946960 175.706085 455.417210 17.090993 -0.040582791 0.026926997 -0.858052008 -0.511248204
1561000664.392767668 175.706452 455.417846 17.088100 -0.040382615 0.026761562 -0.858082315 -0.511221873
1561000664.492806673 175.705954 455.414904 17.089369 -0.040349431 0.026849492 -0.858076766 -0.511229197
1561000664.590719461 175.710937 455.421018 17.090031 -0.040472344 0.026854773 -0.858008198 -0.511334277
1561000664.692297459 175.705513 455.417717 17.089618 -0.040525875 0.026903862 -0.858044108 -0.511267194
1561000664.792337894 175.706309 455.418781 17.091508 -0.040419397 0.026932413 -0.857995781 -0.511355216
1561000664.892716646 175.708734 455.419146 17.091856 -0.040465882 0.027032939 -0.857900728 -0.511505693
1561000664.993108749 175.710103 455.416021 17.092962 -0.040452977 0.027106164 -0.857966058 -0.511393249
1561000665.090756416 175.709090 455.416446 17.089818 -0.040246695 0.026874631 -0.857952125 -0.511445119
1561000665.192617893 175.713382 455.418706 17.086939 -0.040066819 0.026933603 -0.858004552 -0.511368185
1561000665.290830851 175.708816 455.423401 17.092469 -0.040253050 0.027212377 -0.858080734 -0.511210947
1561000665.392592430 175.707443 455.419460 17.093628 -0.040307001 0.027190018 -0.858029555 -0.511293783
1561000665.490755320 175.703664 455.421524 17.093324 -0.040040401 0.027030434 -0.858093141 -0.511216473
1561000665.591161728 175.703341 455.421789 17.093128 -0.039726056 0.026441046 -0.858174597 -0.511135083
1561000665.692559242 175.704067 455.425352 17.094977 -0.039422533 0.026299497 -0.858194981 -0.511131661
1561000665.790810823 175.708429 455.408013 17.093287 -0.039079355 0.026251738 -0.858446301 -0.510738287
1561000665.892387867 175.704510 455.394361 17.092917 -0.039411261 0.026628925 -0.858687503 -0.510287591
1561000665.993546724 175.709769 455.367689 17.088278 -0.038833577 0.026556289 -0.858913446 -0.509955301
1561000666.092178822 175.714069 455.341493 17.086312 -0.039067023 0.026661455 -0.859377998 -0.509148692
1561000666.190989256 175.731935 455.301597 17.084061 -0.039044157 0.026497078 -0.859676064 -0.508655604
1561000666.292174101 175.748071 455.260991 17.075457 -0.038415632 0.025976566 -0.860292207 -0.507687676
1561000666.391397715 175.759654 455.214811 17.069527 -0.037861186 0.025643259 -0.861056481 -0.506449100
1561000666.492011547 175.775835 455.170894 17.064201 -0.037440827 0.025324499 -0.861991190 -0.504903994
1561000666.590534925 175.789264 455.119037 17.058400 -0.036663405 0.025054842 -0.863156767 -0.502979567
1561000666.692430496 175.811826 455.054800 17.050543 -0.036161263 0.024982788 -0.864423119 -0.500840188
1561000666.790751696 175.835235 454.991011 17.046364 -0.035396042 0.025535668 -0.865903721 -0.498302915
1561000666.892438173 175.864777 454.902409 17.035003 -0.033964941 0.026176152 -0.867785303 -0.495085709
1561000666.993878603 175.896203 454.814266 17.021635 -0.032634175 0.027090312 -0.870061083 -0.491115910
1561000667.092228413 175.934989 454.719522 17.011701 -0.031580688 0.028177134 -0.872370544 -0.487009593
1561000667.193655968 175.975301 454.609404 17.012813 -0.032579804 0.028141757 -0.875097020 -0.482028841
1561000667.292390585 176.035974 454.487318 17.014204 -0.035082291 0.025677054 -0.878512238 -0.475737501
1561000667.394074202 176.121278 454.358270 17.003792 -0.037256995 0.022037476 -0.882401203 -0.468502276
1561000667.493644714 176.208262 454.232461 16.974860 -0.035376588 0.020311966 -0.886546895 -0.460836765
1561000667.594922066 176.285279 454.093906 16.953741 -0.031849547 0.020127950 -0.890732858 -0.452962965
1561000667.694847584 176.363559 453.944086 16.945743 -0.030573766 0.019928072 -0.895395003 -0.443774611
1561000667.793643475 176.448596 453.785562 16.936773 -0.030373892 0.018844757 -0.900625854 -0.433122814
1561000667.895105362 176.561116 453.629181 16.921948 -0.029042516 0.017891985 -0.905366030 -0.423259684
1561000667.993860245 176.671720 453.471412 16.900853 -0.025768224 0.017554345 -0.910137701 -0.413130982
1561000668.095039606 176.794519 453.299723 16.883020 -0.021839712 0.017964528 -0.915389525 -0.401574800
1561000668.195063591 176.918612 453.117312 16.871024 -0.019039399 0.017646816 -0.920845041 -0.389063622
1561000668.295516491 177.064508 452.927099 16.861894 -0.017044053 0.017110252 -0.926225185 -0.376196286
1561000668.394627094 177.208932 452.745910 16.848467 -0.015780253 0.015909561 -0.931496701 -0.363058902
1561000668.494501591 177.373447 452.561833 16.823126 -0.012605436 0.014928995 -0.937044256 -0.348663578
1561000668.594012499 177.533983 452.377506 16.801144 -0.008729911 0.015594624 -0.942717215 -0.333113869
1561000668.694903851 177.726995 452.175289 16.795119 -0.008762907 0.016317999 -0.947721994 -0.318559188
1561000668.793816805 177.937825 451.978798 16.785129 -0.008408808 0.015481546 -0.952855659 -0.302912045
1561000668.895272732 178.162943 451.778919 16.774544 -0.008536669 0.012477809 -0.957877387 -0.286779256
1561000668.994162798 178.406044 451.585280 16.762922 -0.009644877 0.009764170 -0.962679386 -0.270296202
1561000669.094311714 178.667031 451.395983 16.729552 -0.008217653 0.008252189 -0.967235227 -0.253614645
1561000669.195298910 178.936688 451.201168 16.706747 -0.007261600 0.009690630 -0.971431799 -0.237009750
1561000669.293896198 179.216803 451.012555 16.687224 -0.005720962 0.012555023 -0.975313170 -0.220394789
1561000669.395230293 179.511459 450.812327 16.674587 -0.004240293 0.015066712 -0.978953367 -0.203482972
1561000669.494996071 179.820047 450.624161 16.671075 -0.003169931 0.017125250 -0.982267440 -0.186674458
1561000669.593747854 180.133242 450.442511 16.664329 -0.002565846 0.017888141 -0.985479537 -0.168829833
1561000669.694998026 180.485298 450.265344 16.647477 -0.001805988 0.018295074 -0.988342815 -0.151130767
1561000669.793660641 180.834159 450.103287 16.630993 -0.000760951 0.019982791 -0.990761642 -0.134132318
1561000669.895038843 181.219652 449.940734 16.609533 0.000684006 0.021797048 -0.992943041 -0.116569884
1561000669.995673656 181.614635 449.769668 16.589142 0.001441035 0.024659632 -0.994902055 -0.097773858
1561000670.093667984 181.995371 449.614658 16.587133 -0.000038774 0.027778718 -0.996390239 -0.080217413
1561000670.195457935 182.443136 449.467522 16.573985 -0.001530982 0.029537444 -0.997654275 -0.061734459
1561000670.294209003 182.884119 449.348592 16.547799 -0.001164059 0.032062150 -0.998552077 -0.043178860
1561000670.394828558 183.350734 449.232304 16.538695 0.000799111 0.033657244 -0.999136488 -0.024348112
1561000670.494671583 183.812302 449.133937 16.533275 0.004243868 0.034067432 -0.999392414 -0.006016838
1561000670.594386339 184.290922 449.040817 16.535928 0.007708804 0.035344780 -0.999254966 0.013447426
1561000670.696518660 184.767481 448.959883 16.529763 0.010590978 0.035199269 -0.998822185 0.031671534
1561000670.795475721 185.261125 448.913731 16.522357 0.012607058 0.036445001 -0.998025650 0.049574452
1561000670.896486759 185.778259 448.871131 16.519718 0.012900992 0.036791408 -0.996882356 0.068596832
1561000670.996511221 186.304199 448.846499 16.518399 0.010033097 0.037026585 -0.995486289 0.086806787
1561000671.095705986 186.832334 448.838483 16.523261 0.007590199 0.037240973 -0.993785526 0.104622306
1561000671.196462393 187.366017 448.849465 16.509734 0.008557612 0.037980810 -0.991947734 0.120515219
1561000671.295335531 187.909655 448.890955 16.517309 0.011321297 0.037936916 -0.990185561 0.134034225
1561000671.388670683 188.437733 448.910596 16.527946 0.014785675 0.036081369 -0.988522545 0.145954431
1561000671.488768339 188.995490 448.954542 16.536958 0.017196566 0.033937501 -0.986992086 0.156202262
1561000671.587845087 189.559513 448.995857 16.536133 0.017110172 0.031422341 -0.986071798 0.162426252
1561000671.689008713 190.157241 449.064036 16.528265 0.016182588 0.031021438 -0.985288180 0.167281190
1561000671.787824154 190.743909 449.130237 16.530238 0.015169466 0.032485072 -0.984519727 0.171567811
1561000671.888780355 191.342941 449.174847 16.555213 0.019708609 0.035931464 -0.983601105 0.175639880
1561000671.988518000 191.926463 449.218515 16.590031 0.025838621 0.035573394 -0.982951360 0.178531572
1561000672.087984324 192.519156 449.287539 16.613241 0.029777685 0.034361308 -0.982493789 0.180661408
1561000672.188583136 193.128723 449.347112 16.611343 0.029409642 0.030359311 -0.982430400 0.181779794
1561000672.287472963 193.748209 449.431858 16.583529 0.026993264 0.029272238 -0.982557903 0.181643791
1561000672.388448715 194.381420 449.504926 16.563125 0.021338456 0.032197831 -0.982654220 0.181379859
1561000672.488556623 195.043801 449.608610 16.552383 0.007682603 0.035265495 -0.983099193 0.179480637
1561000672.588603258 195.733767 449.655866 16.563701 0.001681663 0.035415028 -0.983118292 0.179503127
1561000672.688648701 196.393431 449.690350 16.575321 0.005546444 0.031032851 -0.983699861 0.177033281
1561000672.788520098 196.973153 449.729729 16.597378 0.011294757 0.028996809 -0.983884738 0.176075088
1561000672.888469219 197.651641 449.756847 16.620427 0.022352608 0.028578663 -0.984120624 0.173753328
1561000672.988488913 198.348111 449.794324 16.634799 0.023593613 0.031472178 -0.984433795 0.171297831
1561000673.088576317 199.060662 449.849275 16.632755 0.020517818 0.031461037 -0.984897069 0.169017707
1561000673.188449383 199.768275 449.897752 16.619507 0.014645464 0.031706142 -0.985279813 0.167343722
1561000673.287428856 200.503045 449.940161 16.606403 0.013928265 0.032081975 -0.985644362 0.165172463
1561000673.388638258 201.247890 449.978775 16.594998 0.016303067 0.031903343 -0.985987218 0.162928180
1561000673.488459349 202.002764 450.010660 16.599144 0.017701140 0.032458102 -0.986341280 0.160511748
1561000673.587548494 202.749250 450.046655 16.604036 0.016598381 0.033585556 -0.986768646 0.157747087
1561000673.688297033 203.528036 450.066220 16.598979 0.015822462 0.033609890 -0.987113849 0.155647915
1561000673.787928343 204.277121 450.076158 16.601121 0.014392393 0.035467560 -0.987468007 0.153107300
1561000673.888383865 205.052506 450.088892 16.599265 0.013901432 0.035859145 -0.988051456 0.149248761
1561000673.987137556 205.834129 450.102900 16.595428 0.013943535 0.036627484 -0.988445777 0.146420460
1561000674.087334871 206.633051 450.098814 16.607985 0.013194471 0.037553589 -0.988893116 0.143199298
1561000674.188412666 207.442674 450.085207 16.597387 0.014505081 0.036817337 -0.989455123 0.139329271
1561000674.287396669 208.238884 450.069774 16.580999 0.014623094 0.038761173 -0.990041961 0.134538665
1561000674.388614893 209.070930 450.048039 16.573235 0.013342422 0.040671189 -0.990703047 0.129132900
1561000674.488690138 209.899063 450.017079 16.584433 0.012730898 0.040485432 -0.991279030 0.124758722
1561000674.588549614 210.728840 449.984388 16.580470 0.013658394 0.038738332 -0.991921321 0.120020340
1561000674.688440084 211.577172 449.939090 16.566387 0.014851811 0.037622915 -0.992405932 0.116165424
1561000674.787350893 212.417294 449.885063 16.563408 0.013350459 0.037200187 -0.993129957 0.110139912
1561000674.888506174 213.292154 449.830508 16.555935 0.011489182 0.036922273 -0.993640655 0.105749673
1561000674.988526583 214.164146 449.764254 16.552778 0.011133057 0.036197288 -0.994178651 0.100869327
1561000675.088646889 215.051229 449.690669 16.549985 0.011720524 0.033542820 -0.994887009 0.094537548
1561000675.188734531 215.937707 449.609228 16.540682 0.011956543 0.034128195 -0.995314865 0.089669548
1561000675.287511110 216.807899 449.510555 16.532467 0.010720688 0.033996898 -0.995838143 0.083878905
1561000675.387611628 217.688381 449.397647 16.519917 0.010538000 0.034864586 -0.996294038 0.077920477
1561000675.487597942 218.572179 449.268462 16.505056 0.010244045 0.034545365 -0.996777042 0.071674301
1561000675.587932110 219.445378 449.131291 16.496701 0.010049072 0.033771334 -0.997185643 0.066176334
1561000675.688288212 220.327320 448.983648 16.484844 0.011050288 0.032979715 -0.997567496 0.060409604
1561000675.787287474 221.203500 448.825058 16.473330 0.011705554 0.031844123 -0.997998011 0.053375107
1561000675.888491869 222.088778 448.652802 16.467082 0.012091958 0.031982126 -0.998306737 0.047059390
1561000675.988584757 222.970637 448.467092 16.451191 0.011872396 0.031638715 -0.998582107 0.041131660
1561000676.088616610 223.855937 448.271853 16.440638 0.010844801 0.032180831 -0.998804447 0.035163341
1561000676.188596487 224.732297 448.070832 16.435017 0.010028311 0.032799872 -0.998950670 0.030350618
1561000676.287457228 225.614403 447.865509 16.423319 0.010030206 0.031450243 -0.999127547 0.025581690
1561000676.388429165 226.493127 447.657642 16.409265 0.010769426 0.030251190 -0.999261467 0.021104646
1561000676.488162279 227.353476 447.441146 16.397763 0.010283312 0.028828378 -0.999381977 0.017287026
1561000676.587292433 228.206661 447.219339 16.382569 0.009273585 0.027564307 -0.999491273 0.013092200
1561000676.688367844 229.069848 446.982261 16.361105 0.008656517 0.027078353 -0.999558953 0.008586405
1561000676.787326097 229.925097 446.741402 16.344351 0.007581200 0.027630088 -0.999580636 0.004201962
1561000676.888516188 230.783536 446.497906 16.323976 0.007757414 0.027934397 -0.999579656 -0.000061117
1561000676.987469196 231.633594 446.257090 16.311128 0.006900708 0.028082379 -0.999568766 -0.005103222
1561000677.088493109 232.476882 445.992148 16.293672 0.006415041 0.027825178 -0.999540510 -0.010167420
1561000677.188443184 233.310965 445.724893 16.276474 0.005974954 0.028261117 -0.999458953 -0.015729269
1561000677.287626028 234.144590 445.443831 16.252641 0.004792696 0.028450918 -0.999346094 -0.021793572
1561000677.388549089 234.986010 445.150925 16.224698 0.004150179 0.028998151 -0.999197465 -0.027318652
1561000677.488576889 235.816396 444.844367 16.196144 0.004571445 0.029204634 -0.999032120 -0.032573204
1561000677.588731766 236.641934 444.532237 16.169298 0.005181754 0.029322994 -0.998828092 -0.038154354
1561000677.688731670 237.462813 444.219633 16.154783 0.005086365 0.029008666 -0.998608584 -0.043743816
1561000677.787768602 238.284350 443.890943 16.132255 0.004730720 0.028592363 -0.998358778 -0.049394808
1561000677.888893366 239.109027 443.554501 16.105655 0.004942108 0.028565511 -0.998077561 -0.054779275
1561000677.988409519 239.916701 443.214675 16.076055 0.004363884 0.028460101 -0.997780510 -0.060041926
1561000678.088507414 240.722928 442.855841 16.051552 0.003604194 0.028489010 -0.997455310 -0.065255574
1561000678.188627481 241.531519 442.493194 16.023000 0.003400251 0.028100869 -0.997110900 -0.070488523
1561000678.287575006 242.332608 442.129376 15.995252 0.003429167 0.028395500 -0.996739738 -0.075444223
1561000678.388519526 243.133427 441.757136 15.964144 0.003752735 0.028579260 -0.996306758 -0.080882545
1561000678.487511873 243.930210 441.370766 15.934799 0.003114853 0.029092066 -0.995812679 -0.086608643
1561000678.588694096 244.722301 440.980884 15.901609 0.002594428 0.029030571 -0.995410824 -0.091147055
1561000678.689149857 245.497191 440.580202 15.866124 0.001552910 0.029345280 -0.994914689 -0.096339008
1561000678.787875652 246.268906 440.182838 15.832465 0.000648106 0.031508597 -0.994283859 -0.102011746
1561000678.888993979 247.048555 439.759714 15.788806 0.000350932 0.033068666 -0.993693331 -0.107144318
1561000678.987897635 247.815368 439.329949 15.745155 -0.000523289 0.036550570 -0.992903210 -0.113168004
1561000679.088934898 248.593791 438.883526 15.697517 -0.000977946 0.037769316 -0.992348168 -0.117548439
1561000679.188595533 249.344263 438.441290 15.662541 -0.002136776 0.037219821 -0.991718180 -0.122903093
1561000679.287601471 250.095580 438.000916 15.629572 -0.000858501 0.034399021 -0.991218489 -0.127678804
1561000679.388690233 250.843590 437.557417 15.596480 0.001104730 0.029950463 -0.990731559 -0.132486704
1561000679.488245726 251.595346 437.099686 15.573552 0.001675065 0.024431132 -0.990342234 -0.136464549
1561000679.588499546 252.347395 436.639624 15.562386 0.000418808 0.015888277 -0.989964109 -0.140422400
1561000679.688286066 253.078447 436.188948 15.528543 -0.000265394 0.009708280 -0.989519316 -0.144073597
1561000679.788249969 253.803338 435.739144 15.485189 0.001019320 0.010472282 -0.988942575 -0.147925238
1561000679.888634920 254.530091 435.265184 15.457341 0.001079388 0.013837717 -0.988188965 -0.152610358
1561000679.987597942 255.247748 434.774325 15.431661 -0.001457764 0.014846414 -0.987450941 -0.157219902
1561000680.088584423 255.980546 434.275080 15.393029 -0.005542543 0.016115059 -0.986641875 -0.162010480
1561000680.188613653 256.701627 433.766127 15.341237 -0.008224050 0.018596693 -0.985911531 -0.166027051
1561000680.287446976 257.415993 433.246166 15.293104 -0.008921886 0.021447704 -0.985069808 -0.170580975
1561000680.388378620 258.126677 432.714657 15.248243 -0.008296544 0.022601073 -0.984261786 -0.175068833
1561000680.488300085 258.826499 432.191389 15.198999 -0.007195905 0.022634707 -0.983497687 -0.179354921
1561000680.588241816 259.517655 431.663362 15.151672 -0.007506243 0.022954502 -0.982748719 -0.183362216
1561000680.688223124 260.205354 431.130606 15.106169 -0.007706474 0.023537729 -0.981895750 -0.187795957
1561000680.787881374 260.895202 430.596962 15.063788 -0.007121092 0.023749324 -0.981025763 -0.192285495
1561000680.888615608 261.586177 430.056941 15.019530 -0.005964883 0.023445878 -0.980203664 -0.196508237
1561000680.988703728 262.268860 429.501391 14.970497 -0.005247586 0.022798264 -0.979328957 -0.200916640
1561000681.088707209 262.940476 428.943974 14.925994 -0.005447521 0.022477828 -0.978462218 -0.205126205
1561000681.188614368 263.610013 428.381547 14.883269 -0.006122527 0.022628150 -0.977561424 -0.209342169
1561000681.287307739 264.270053 427.813180 14.837415 -0.007051404 0.022047002 -0.976666207 -0.213511891
1561000681.388518333 264.943747 427.238715 14.786830 -0.006848139 0.022004875 -0.975780968 -0.217532504
1561000681.488221884 265.602567 426.657602 14.739434 -0.006859445 0.021639576 -0.974741962 -0.222177373
1561000681.588586807 266.258670 426.069037 14.690946 -0.006507360 0.021726522 -0.973791821 -0.226307538
1561000681.688675642 266.903550 425.473853 14.652218 -0.006521173 0.022221334 -0.972776221 -0.230586450
1561000681.787509203 267.532460 424.880721 14.606443 -0.006486277 0.021586502 -0.971531129 -0.235837268
1561000681.888593912 268.161754 424.280397 14.559985 -0.006393803 0.021409438 -0.970048826 -0.241880197
1561000681.987440825 268.784066 423.675017 14.511688 -0.006663675 0.021786703 -0.968651460 -0.247376807
1561000682.088506222 269.412580 423.040895 14.461580 -0.007572511 0.022457683 -0.966995915 -0.253687229
1561000682.188407898 270.024788 422.402103 14.409193 -0.007765596 0.022884252 -0.965554844 -0.259074989
1561000682.288105249 270.621892 421.766236 14.359165 -0.007761838 0.023712346 -0.964078126 -0.264444409
1561000682.388340950 271.221414 421.112307 14.315775 -0.007666306 0.023301453 -0.962858680 -0.268889257
1561000682.487758160 271.814929 420.448238 14.266740 -0.007693316 0.022123043 -0.961714420 -0.273050834
1561000682.588431835 272.403345 419.795942 14.218888 -0.008741768 0.021458310 -0.960320410 -0.277934943
1561000682.688588142 272.983663 419.144841 14.166180 -0.010860131 0.020822390 -0.959002901 -0.282421531
1561000682.787353516 273.565139 418.482438 14.110442 -0.012716362 0.020774973 -0.957566938 -0.287179828
1561000682.888395786 274.140935 417.803040 14.055675 -0.014176915 0.020579897 -0.956173165 -0.291733375
1561000682.987866402 274.719636 417.120594 13.994352 -0.014901467 0.019768959 -0.954775898 -0.296293974
1561000683.088369608 275.273130 416.441196 13.936258 -0.015593013 0.019062513 -0.953307084 -0.300996814
1561000683.188382387 275.826595 415.750414 13.878175 -0.015369212 0.018620278 -0.951856490 -0.305591714
1561000683.288278103 276.380571 415.043700 13.819521 -0.014995293 0.017924247 -0.950263899 -0.310567843
1561000683.388708353 276.931695 414.331076 13.763564 -0.014750047 0.017122202 -0.948903135 -0.314757220
1561000683.487489462 277.455507 413.624349 13.706376 -0.014437000 0.016793806 -0.947360419 -0.319402220
1561000683.588405848 277.979578 412.895381 13.640940 -0.013485752 0.015687307 -0.945965535 -0.323606627
1561000683.688374996 278.495850 412.178857 13.591647 -0.013054773 0.015828047 -0.944182891 -0.328782169
1561000683.787278652 279.006948 411.454006 13.542010 -0.011758840 0.015575620 -0.942373507 -0.333992969
1561000683.888465643 279.525395 410.714091 13.488854 -0.011494145 0.015939372 -0.940437602 -0.339397905
1561000683.987476349 280.016635 409.960440 13.432016 -0.011397854 0.017449296 -0.938507601 -0.344628923
1561000684.088335752 280.502253 409.191205 13.372675 -0.011275104 0.018721360 -0.936707401 -0.349430433
1561000684.188313723 280.986236 408.437201 13.321599 -0.011512761 0.019611380 -0.934638752 -0.354870756
1561000684.287109613 281.465721 407.668026 13.265337 -0.011758259 0.019268550 -0.932580784 -0.360254836
1561000684.388462067 281.946874 406.873692 13.203069 -0.011782641 0.019309872 -0.930409065 -0.365824098
1561000684.488012552 282.404392 406.095096 13.144255 -0.011650090 0.019147812 -0.928282724 -0.371199166
1561000684.588811874 282.860971 405.309309 13.089632 -0.011352847 0.019293423 -0.925931817 -0.377026719
1561000684.688871861 283.307959 404.516271 13.026493 -0.009629768 0.019252797 -0.923449366 -0.383115995
1561000684.787717104 283.721517 403.719197 12.967973 -0.008020877 0.019926426 -0.921146427 -0.388623035
1561000684.888831854 284.142395 402.899160 12.915772 -0.007603191 0.021018071 -0.918480610 -0.394833891
1561000684.987902880 284.553713 402.099794 12.866705 -0.008059539 0.021733034 -0.916126900 -0.400217717
1561000685.088036537 284.953967 401.273981 12.811732 -0.008753076 0.021876230 -0.913800532 -0.405479226
1561000685.188569784 285.350102 400.430696 12.751005 -0.009732476 0.021888283 -0.911401805 -0.410819828
1561000685.287528276 285.736223 399.595013 12.689853 -0.010718038 0.021962995 -0.908888684 -0.416322123
1561000685.388623953 286.121009 398.749299 12.629043 -0.012224828 0.021698388 -0.906175207 -0.422168483
1561000685.487845182 286.489904 397.906403 12.567293 -0.013051849 0.021671897 -0.903314214 -0.428232890
1561000685.588568211 286.852551 397.059782 12.501677 -0.013902883 0.020637250 -0.900614417 -0.433906080
1561000685.690125227 287.194857 396.202360 12.435553 -0.014266969 0.019647518 -0.897553493 -0.440236477
1561000685.787412405 287.519808 395.356013 12.368484 -0.014614263 0.019006468 -0.894337063 -0.446750932
1561000685.888466597 287.841847 394.476629 12.305648 -0.015263094 0.018872192 -0.891472291 -0.452424615
1561000685.987399340 288.150697 393.618528 12.240710 -0.016037355 0.018402367 -0.888625418 -0.457983648
1561000686.087258339 288.449856 392.735980 12.175135 -0.016360048 0.018123022 -0.885543740 -0.463913990
1561000686.188476324 288.739753 391.835926 12.112085 -0.016859057 0.017872890 -0.882786400 -0.469131648
1561000686.287470102 289.023024 390.946400 12.046289 -0.017721614 0.017048375 -0.880190226 -0.473983611
1561000686.388966799 289.299158 390.043210 11.977495 -0.018225213 0.016009873 -0.877504650 -0.478954188
1561000686.487977028 289.558110 389.140700 11.909247 -0.018160262 0.015353832 -0.874880696 -0.483754310
1561000686.587724924 289.812486 388.216841 11.842967 -0.018158159 0.014762528 -0.871646314 -0.489576401
1561000686.688706398 290.064803 387.285669 11.776981 -0.018449928 0.014961913 -0.869103330 -0.494059859
1561000686.787932396 290.292141 386.384567 11.710032 -0.019245740 0.015006768 -0.866635099 -0.498345265
1561000686.888478041 290.525783 385.448205 11.643980 -0.020575627 0.015423590 -0.864271241 -0.502368370
1561000686.987593889 290.742275 384.522958 11.569190 -0.021147900 0.015358913 -0.861550717 -0.506998257
1561000687.088270426 290.959193 383.571892 11.491936 -0.020902189 0.015405416 -0.859365240 -0.510702611
1561000687.188244820 291.151316 382.626968 11.416341 -0.020341092 0.015640980 -0.856792267 -0.515022923
1561000687.288164377 291.347017 381.683453 11.341881 -0.019220918 0.015986388 -0.855097499 -0.517864132
1561000687.388333559 291.555607 380.725809 11.269516 -0.018057080 0.016684291 -0.853253654 -0.520916286
1561000687.487379074 291.735728 379.779173 11.200384 -0.017394174 0.017860391 -0.851603156 -0.523593844
1561000687.588475466 291.921430 378.797726 11.127978 -0.017351515 0.018522204 -0.850611318 -0.525182101
1561000687.688577414 292.088624 377.817402 11.052031 -0.017414345 0.019929676 -0.849213030 -0.527386744
1561000687.788952351 292.265522 376.835885 10.983180 -0.016256659 0.020593279 -0.848398050 -0.528708224
1561000687.889598370 292.440928 375.856692 10.909250 -0.015104000 0.020356337 -0.847737190 -0.529810481
1561000687.987977028 292.604177 374.886072 10.840059 -0.014419182 0.019804497 -0.847070906 -0.530915012
1561000688.089933157 292.781129 373.891436 10.768708 -0.014053576 0.018483835 -0.846374105 -0.532082436
1561000688.190001011 292.961442 372.903018 10.698133 -0.014281496 0.018254014 -0.846038793 -0.532617302
1561000688.289996386 293.123852 371.929495 10.625260 -0.014410693 0.018872712 -0.845371276 -0.533651158
1561000688.389681101 293.301191 370.929587 10.558692 -0.014991110 0.018703511 -0.845133328 -0.534017886
1561000688.488077641 293.476688 369.935577 10.493784 -0.014737774 0.018001335 -0.845229119 -0.533897449
1561000688.589473963 293.651999 368.922141 10.420092 -0.014502396 0.016336031 -0.844837081 -0.534577517
1561000688.691093683 293.818497 367.918951 10.347248 -0.014883151 0.016234946 -0.845222764 -0.533960109
1561000688.791401386 293.992967 366.920970 10.278516 -0.015452742 0.016722760 -0.845271842 -0.533851173
1561000688.890982628 294.161240 365.908027 10.204882 -0.015501144 0.017641027 -0.845714205 -0.533119116
1561000688.989842176 294.351209 364.890207 10.132264 -0.015863035 0.017428692 -0.846146877 -0.532428462
1561000689.091430187 294.539625 363.858667 10.068097 -0.017309012 0.016734427 -0.846861237 -0.531268673
1561000689.191464186 294.728492 362.837111 9.997220 -0.017695719 0.014838539 -0.847392159 -0.530465087
1561000689.290840149 294.920453 361.831498 9.931532 -0.017639338 0.013678809 -0.847755564 -0.529917208
1561000689.391429663 295.116213 360.804333 9.863028 -0.018665507 0.013069947 -0.848279270 -0.529058651
1561000689.489524364 295.310715 359.777511 9.787007 -0.019501742 0.012997686 -0.848434476 -0.528781318
1561000689.591042757 295.505926 358.733931 9.711876 -0.019784245 0.013720607 -0.848587070 -0.528507628
1561000689.690730095 295.711167 357.707878 9.644153 -0.019335700 0.013930225 -0.848763665 -0.528235100
1561000689.790618181 295.897110 356.681444 9.574413 -0.019730991 0.012981009 -0.848650865 -0.528425861
1561000689.890493631 296.090881 355.657309 9.506076 -0.020788091 0.012824326 -0.849117023 -0.527639719
1561000689.988769531 296.293210 354.621480 9.432844 -0.022318047 0.013672431 -0.849126057 -0.527541381
1561000690.089918375 296.489691 353.567714 9.345752 -0.024212265 0.014876840 -0.849200412 -0.527305514
1561000690.192203760 296.695148 352.503000 9.262730 -0.025007567 0.014759280 -0.849240873 -0.527206529
1561000690.291974068 296.907381 351.450006 9.173096 -0.024076311 0.014316413 -0.849113217 -0.527467645
1561000690.391912222 297.110943 350.391451 9.089308 -0.023404966 0.014072124 -0.848884853 -0.527871849
1561000690.490993023 297.297444 349.335662 9.006845 -0.024012703 0.015480911 -0.848362379 -0.528644498
1561000690.592400789 297.488107 348.264421 8.929291 -0.023486293 0.015711680 -0.847525360 -0.530002172
1561000690.692576408 297.679891 347.200122 8.849359 -0.021950985 0.013512329 -0.847070664 -0.530854840
1561000690.792429924 297.880108 346.135256 8.783883 -0.020622453 0.011955560 -0.846263965 -0.532230290
1561000690.892320156 298.072739 345.058803 8.711063 -0.020591039 0.010673111 -0.845894024 -0.532846502
1561000690.990818262 298.253804 343.990800 8.639170 -0.021250813 0.011031404 -0.845193599 -0.533923676
1561000691.092083454 298.437593 342.888861 8.560166 -0.021898543 0.011532508 -0.844518239 -0.534954576
1561000691.192133665 298.623143 341.809353 8.485178 -0.022571420 0.011714166 -0.843899373 -0.535898458
1561000691.290557861 298.810453 340.716462 8.403981 -0.021855743 0.011726408 -0.843549143 -0.536478947
1561000691.392272949 299.001086 339.594205 8.322356 -0.020222823 0.011494627 -0.843942552 -0.535928988
1561000691.490763903 299.180308 338.502945 8.250431 -0.019641074 0.011458631 -0.844150859 -0.535623239
1561000691.592398405 299.360186 337.381619 8.177831 -0.019913104 0.011007569 -0.844286523 -0.535408787
1561000691.693707466 299.543065 336.275488 8.105752 -0.019989888 0.010283844 -0.844888827 -0.534469378
1561000691.793093204 299.718744 335.191130 8.031227 -0.020431567 0.009826680 -0.845253746 -0.533883969
1561000691.893555880 299.920988 334.088283 7.955993 -0.019953059 0.009908262 -0.845699021 -0.533194961
1561000691.992355347 300.137195 332.984669 7.883535 -0.019452686 0.010404234 -0.846005886 -0.532716984
1561000692.093594313 300.325691 331.868607 7.804678 -0.019645024 0.011306646 -0.846009697 -0.532685485
1561000692.194281816 300.517136 330.761240 7.729197 -0.018946579 0.011983283 -0.846380957 -0.532105915
1561000692.295279026 300.713199 329.653988 7.656088 -0.018242372 0.012888539 -0.846578644 -0.531794792
1561000692.394016743 300.896774 328.551602 7.582860 -0.018127740 0.012731979 -0.846814723 -0.531426483
1561000692.492417336 301.095272 327.442992 7.510707 -0.017010436 0.012436147 -0.846889230 -0.531351691
1561000692.593861580 301.295126 326.304521 7.435090 -0.016646513 0.012536500 -0.846923393 -0.531306406
1561000692.694075823 301.496318 325.185111 7.355848 -0.016722458 0.013023002 -0.846986795 -0.531191237
1561000692.792280912 301.691275 324.080213 7.290116 -0.015941884 0.014052748 -0.847202858 -0.530844323
1561000692.893670321 301.898347 322.935071 7.211854 -0.015990934 0.015174511 -0.847215269 -0.530792156
1561000692.992175341 302.104687 321.780431 7.136203 -0.015675995 0.015585744 -0.847314887 -0.530630597
1561000693.093464613 302.324803 320.625937 7.059762 -0.015192670 0.014817051 -0.847082241 -0.531037959
1561000693.194062471 302.531581 319.481205 6.991347 -0.014882668 0.014286904 -0.847228084 -0.530828564
1561000693.293469906 302.733140 318.351966 6.914308 -0.014957685 0.013094170 -0.847416835 -0.530555858
1561000693.393529892 302.939292 317.211127 6.847908 -0.015311756 0.012543803 -0.847127125 -0.531021504
1561000693.492204428 303.137245 316.071793 6.775637 -0.015189564 0.012158918 -0.847367962 -0.530649577
1561000693.592339754 303.351327 314.911794 6.699268 -0.015760788 0.012305361 -0.847251722 -0.530815124
1561000693.693884611 303.554404 313.735372 6.614079 -0.015940957 0.012518463 -0.847252529 -0.530803472
1561000693.792488813 303.758443 312.583120 6.534944 -0.015873978 0.013129623 -0.846959560 -0.531258067
1561000693.894144773 303.965361 311.417861 6.460689 -0.015405099 0.013896878 -0.846373257 -0.532185934
1561000693.992807627 304.176569 310.262629 6.386026 -0.015031387 0.014908569 -0.846074850 -0.532643539
1561000694.092849016 304.373446 309.101072 6.312775 -0.014567079 0.015461210 -0.845823636 -0.533039519
1561000694.194056511 304.574066 307.944525 6.240525 -0.014269215 0.015848491 -0.845618461 -0.533361635
1561000694.295355082 304.772633 306.801939 6.173775 -0.014127307 0.015674209 -0.845455745 -0.533628449
1561000694.395094395 304.975675 305.657969 6.109994 -0.014809115 0.015464322 -0.845192620 -0.534032751
1561000694.493900776 305.156367 304.522476 6.044889 -0.016351503 0.014404585 -0.845292185 -0.533859774
1561000694.595165253 305.355876 303.373000 5.975919 -0.017572870 0.013571616 -0.844983651 -0.534331017
1561000694.695244789 305.552268 302.235923 5.899333 -0.018475320 0.011694273 -0.845044963 -0.534247991
1561000694.795280457 305.752093 301.101641 5.826493 -0.019046533 0.010228156 -0.844956549 -0.534397834
1561000694.895139456 305.976577 299.946073 5.757785 -0.019757575 0.009417753 -0.845013585 -0.534296721
1561000694.993753195 306.191622 298.804062 5.684024 -0.019633523 0.010080244 -0.844859035 -0.534533558
1561000695.095133066 306.394177 297.657320 5.612208 -0.019621753 0.011567002 -0.844732369 -0.534704045
1561000695.195034027 306.568677 296.534667 5.534725 -0.019318607 0.012239026 -0.844672042 -0.534795419
1561000695.295438766 306.761000 295.422767 5.460648 -0.018939128 0.012518788 -0.844530157 -0.535026544
1561000695.395190239 306.942806 294.302867 5.395907 -0.018573560 0.012784140 -0.844093317 -0.535721999
1561000695.493827820 307.128783 293.190583 5.323788 -0.018673529 0.013135582 -0.843563845 -0.536543378
1561000695.594941378 307.314469 292.069058 5.255920 -0.018842682 0.014071548 -0.843318932 -0.536898615
1561000695.693724155 307.486292 290.989251 5.188728 -0.017712119 0.014481206 -0.843374951 -0.536838214
1561000695.795289040 307.656721 289.880632 5.116652 -0.016818939 0.014935220 -0.843207632 -0.537117261
1561000695.895125628 307.827362 288.817744 5.056102 -0.015477847 0.015310539 -0.843883155 -0.536085109
1561000695.994052649 307.999467 287.768313 4.994154 -0.015264479 0.014738987 -0.843940083 -0.536017624
1561000696.095534801 308.187970 286.712860 4.935587 -0.015487973 0.014211632 -0.844366647 -0.535353265
1561000696.195280075 308.357215 285.677980 4.879159 -0.015589605 0.012835258 -0.844327499 -0.535446818
1561000696.293679237 308.543001 284.650866 4.817992 -0.015511506 0.011614536 -0.844157113 -0.535745522
1561000696.395229578 308.722547 283.607323 4.763205 -0.014925634 0.011285111 -0.844448770 -0.535309394
1561000696.493859053 308.886641 282.601429 4.706862 -0.015086213 0.011107570 -0.844657864 -0.534978617
1561000696.595229149 309.066234 281.563629 4.645884 -0.016028225 0.010846315 -0.844482493 -0.535233382
1561000696.695190907 309.233915 280.560020 4.588080 -0.016453428 0.010567920 -0.844720949 -0.534849625
1561000696.793729782 309.408920 279.537761 4.529699 -0.017333077 0.010261795 -0.844436271 -0.535277166
1561000696.895066261 309.585595 278.515029 4.473634 -0.017444485 0.010265677 -0.844620930 -0.534982046
1561000696.993653536 309.751003 277.507834 4.412814 -0.017781227 0.010102327 -0.844834497 -0.534636740
1561000697.095078468 309.912872 276.498591 4.352619 -0.019283728 0.010455682 -0.844975051 -0.534355669
1561000697.194711447 310.080491 275.524660 4.291872 -0.019816591 0.010631519 -0.844965910 -0.534347157
1561000697.295124292 310.259267 274.527161 4.230797 -0.020110059 0.010178883 -0.844857693 -0.534516094
1561000697.395090342 310.433219 273.549171 4.176310 -0.019247251 0.009866986 -0.845416461 -0.533669554
1561000697.494901419 310.591431 272.599781 4.121165 -0.018598095 0.010072162 -0.845393430 -0.533725221
1561000697.594832897 310.757605 271.666880 4.068994 -0.019266159 0.011434627 -0.845623770 -0.533309014
1561000697.694792032 310.910141 270.765242 4.021594 -0.019233076 0.012250240 -0.845226769 -0.533921088
1561000697.793523788 311.062525 269.860703 3.969791 -0.019784602 0.012161304 -0.845282858 -0.533814164
1561000697.894670486 311.209430 268.974117 3.923544 -0.019227141 0.012470234 -0.845882472 -0.532876772
1561000697.993432760 311.361009 268.141985 3.873435 -0.019612407 0.013174255 -0.845782727 -0.533004100
1561000698.094395399 311.514162 267.281837 3.822606 -0.019017543 0.013294864 -0.845832349 -0.532943916
1561000698.194979906 311.654320 266.475887 3.782692 -0.018039400 0.012829616 -0.845972883 -0.532766236
1561000698.294470787 311.800994 265.679096 3.741263 -0.017688875 0.012223479 -0.846065074 -0.532645830
1561000698.394909620 311.932029 264.923739 3.700232 -0.017537386 0.012140124 -0.846518438 -0.531931943
1561000698.495277166 312.062078 264.174899 3.657699 -0.017164088 0.012093435 -0.846416881 -0.532106763
1561000698.596221447 312.181048 263.460291 3.614729 -0.017171548 0.012308747 -0.846357492 -0.532196044
1561000698.696098804 312.303343 262.758848 3.577351 -0.016656438 0.012208580 -0.846865036 -0.531406741
1561000698.795558453 312.416198 262.079072 3.542088 -0.016556574 0.011953534 -0.846571076 -0.531883828
1561000698.896800280 312.515403 261.438387 3.509535 -0.014819439 0.010443647 -0.846519401 -0.532049075
1561000698.995206118 312.621653 260.829553 3.481669 -0.013415580 0.009544076 -0.846625485 -0.531934414
1561000699.096710920 312.727051 260.193944 3.450589 -0.012940151 0.009400603 -0.846434932 -0.532251902
1561000699.188436270 312.818827 259.581842 3.411252 -0.013087749 0.009418773 -0.846365174 -0.532358893
1561000699.288321495 312.931410 258.908761 3.381329 -0.012993584 0.008722420 -0.846390764 -0.532332378
1561000699.388251305 313.041794 258.269019 3.357908 -0.008621321 0.004344643 -0.846662334 -0.532042939
1561000699.488479614 313.143278 257.633930 3.345727 -0.002065179 -0.000697553 -0.846230765 -0.532812107
1561000699.589973450 313.239562 257.014508 3.334580 0.001456429 -0.002097715 -0.846462919 -0.532441551
1561000699.688422918 313.333904 256.410717 3.325058 -0.002040647 -0.000121350 -0.846497716 -0.532388428
1561000699.788559914 313.437214 255.760157 3.303599 -0.001815962 -0.001634165 -0.847265002 -0.531164804
1561000699.888555288 313.533606 255.115793 3.259994 0.000195018 -0.004343733 -0.847212601 -0.531236202
1561000699.987387419 313.643524 254.456186 3.197983 -0.005920479 0.002074502 -0.847832355 -0.530227255
1561000700.088423014 313.774299 253.785638 3.151167 -0.019820188 0.013443410 -0.847355408 -0.530485860
1561000700.187392712 313.893703 253.129187 3.085271 -0.018258202 0.013596958 -0.846595466 -0.531749826
1561000700.287990093 314.014862 252.470949 2.987998 -0.014183938 0.009731116 -0.846020808 -0.532872324
1561000700.388343573 314.113905 251.835432 2.962492 -0.007727527 0.000109749 -0.845908004 -0.533272841
1561000700.487210512 314.209871 251.208233 2.955911 -0.009441731 0.002113804 -0.845562441 -0.533788857
1561000700.588360310 314.312519 250.536424 2.932686 -0.013385576 0.004600173 -0.845748211 -0.533394439
1561000700.688216448 314.418049 249.856851 2.896303 -0.017609482 0.009348595 -0.845595177 -0.533452253
1561000700.788680077 314.532204 249.170173 2.836650 -0.016512952 0.008636334 -0.845218739 -0.534095515
1561000700.888725042 314.637316 248.461542 2.800466 -0.013784039 0.008340971 -0.845058600 -0.534430903
1561000700.988991976 314.743762 247.753754 2.765963 -0.011768809 0.007563347 -0.844888234 -0.534759912
1561000701.088963985 314.854095 247.051341 2.733084 -0.010765960 0.007035802 -0.844786555 -0.534948846
1561000701.189694881 314.963214 246.346650 2.699711 -0.010826411 0.007530388 -0.844457759 -0.535459780
1561000701.290050268 315.065371 245.631054 2.658646 -0.011037495 0.007844272 -0.844799028 -0.534912369
1561000701.389756203 315.183505 244.929832 2.620979 -0.011135421 0.007758939 -0.844714007 -0.535045838
1561000701.487899542 315.278265 244.226679 2.585672 -0.011316258 0.007468274 -0.844832620 -0.534858870
1561000701.589890242 315.402977 243.492370 2.557645 -0.011291312 0.006372736 -0.845444624 -0.533905686
1561000701.687781334 315.525433 242.769600 2.520626 -0.011413567 0.005588031 -0.845446127 -0.533909497
1561000701.789548397 315.654645 242.022273 2.485196 -0.012127437 0.005680020 -0.845969404 -0.533063251
1561000701.889595032 315.777814 241.277686 2.440309 -0.012070741 0.006201075 -0.846303438 -0.532528248
1561000701.987603664 315.904746 240.534694 2.398283 -0.011887183 0.006987827 -0.846655892 -0.531962090
1561000702.089330912 316.035637 239.763006 2.364484 -0.011567983 0.008123030 -0.847049205 -0.531326494
1561000702.189159870 316.159901 239.018430 2.327307 -0.011820221 0.007501136 -0.847541637 -0.530544238
1561000702.289369822 316.294575 238.274589 2.290599 -0.011813257 0.007398114 -0.848164409 -0.529549667
1561000702.389667988 316.430438 237.514005 2.242323 -0.011249923 0.007348648 -0.848905013 -0.528374597
1561000702.489912510 316.561064 236.754266 2.192267 -0.009632279 0.008251909 -0.848958578 -0.528307162
1561000702.589784384 316.675941 236.003959 2.153020 -0.008439076 0.010383510 -0.849762870 -0.526995285
1561000702.689425945 316.823569 235.226656 2.126370 -0.008995673 0.011010938 -0.850394018 -0.525954230
1561000702.788315773 316.966754 234.478440 2.088283 -0.007749368 0.011471768 -0.850596817 -0.525636187
1561000702.889554501 317.112850 233.717366 2.041850 -0.005379586 0.012227640 -0.851179727 -0.524704314
1561000702.987718344 317.246104 232.984280 2.005712 -0.002908695 0.013116737 -0.851246759 -0.524593601
1561000703.089700699 317.393287 232.216444 1.972534 -0.002397159 0.013801483 -0.851695853 -0.523849164
1561000703.189249277 317.528657 231.471475 1.954988 -0.002655408 0.013750367 -0.852029425 -0.523306540
1561000703.289499044 317.660560 230.732409 1.924394 -0.003505775 0.013713233 -0.852403080 -0.522693645
1561000703.389641285 317.809218 230.011345 1.885851 -0.003778139 0.014059123 -0.852606344 -0.522350925
1561000703.488070250 317.950908 229.301113 1.847800 -0.004152145 0.015014396 -0.852292089 -0.522834126
1561000703.590068817 318.084333 228.581188 1.821775 -0.004225043 0.015761409 -0.852329492 -0.522750575
1561000703.689052343 318.207597 227.899530 1.798745 -0.004775810 0.015747458 -0.852571784 -0.522350995
1561000703.788258314 318.330249 227.230994 1.763510 -0.005081981 0.014611532 -0.852881756 -0.521874876
1561000703.889823914 318.458713 226.551632 1.738488 -0.004972830 0.014039585 -0.852932500 -0.521808692
1561000703.987931490 318.588082 225.914540 1.701581 -0.005670229 0.012773026 -0.853067068 -0.521614106
1561000704.089855194 318.718025 225.258187 1.644920 -0.004549721 0.014908015 -0.852956795 -0.521748748
1561000704.188588142 318.833744 224.620662 1.623695 -0.004772630 0.017726789 -0.853032281 -0.521535148
1561000704.288815975 318.950667 223.948974 1.613503 -0.006938328 0.016315154 -0.853158145 -0.521350991
1561000704.389729738 319.089929 223.297404 1.623500 -0.006986063 0.008470915 -0.852947681 -0.521880918
1561000704.487789631 319.245111 222.668868 1.604669 -0.001740049 -0.001732065 -0.852756681 -0.522302609
1561000704.589640617 319.371388 222.037015 1.568524 0.005036467 -0.007891852 -0.852660867 -0.522380894
1561000704.687710285 319.475363 221.444200 1.542886 0.005214960 -0.006376441 -0.852467226 -0.522715768
1561000704.789397717 319.591094 220.803634 1.494224 0.005570472 -0.004045359 -0.852878201 -0.522064535
1561000704.889402390 319.713443 220.166178 1.478360 0.008752248 -0.002334830 -0.853151917 -0.521583889
1561000704.987589598 319.809428 219.522027 1.440276 -0.000024849 0.004593292 -0.853582791 -0.520936963
1561000705.089375734 319.954375 218.793330 1.404944 -0.015029779 0.014929626 -0.853042510 -0.521411246
1561000705.188393116 320.109626 218.089705 1.346249 -0.016266898 0.011814091 -0.852344560 -0.522594074
1561000705.287814617 320.243640 217.426627 1.267282 -0.012041010 0.006901979 -0.852094079 -0.523204603
1561000705.389561892 320.356788 216.750281 1.237057 0.000535681 -0.002905117 -0.851278056 -0.524706532
1561000705.487647295 320.459394 216.096025 1.229923 -0.000882244 -0.002386690 -0.852022632 -0.523498768
1561000705.589370489 320.571796 215.405035 1.216373 -0.005931426 0.001442213 -0.852268631 -0.523068752
1561000705.687877655 320.714294 214.701229 1.179383 -0.013210587 0.004994520 -0.851884608 -0.523539063
1561000705.789735556 320.852002 213.986377 1.124518 -0.012837968 0.003145837 -0.851808963 -0.523685766
1561000705.889716387 320.987659 213.281057 1.079210 -0.010058581 0.001707063 -0.852060191 -0.523344381
1561000705.987911701 321.125844 212.576944 1.048954 -0.007279708 0.000769145 -0.852128534 -0.523281354
1561000706.090048552 321.244784 211.862855 1.025918 -0.007281224 0.001120553 -0.852008470 -0.523476164
1561000706.188987494 321.368189 211.156168 0.994866 -0.008438566 0.001513221 -0.851990991 -0.523486249
1561000706.288095951 321.504247 210.447881 0.964711 -0.010229104 0.001968084 -0.852021097 -0.523403805
1561000706.389716625 321.643057 209.706407 0.932809 -0.011845690 0.002452859 -0.852338003 -0.522851405
1561000706.487963676 321.788582 208.969550 0.894374 -0.011638701 0.001793325 -0.852329048 -0.522873330
1561000706.589909315 321.933283 208.228294 0.853211 -0.010576632 0.000994746 -0.851849552 -0.523678801
1561000706.688666821 322.073379 207.487044 0.823389 -0.010273037 0.000998828 -0.851930420 -0.523553270
1561000706.787594080 322.230077 206.734333 0.799403 -0.010613413 -0.000271881 -0.851579318 -0.524118256
1561000706.889818430 322.370267 205.957019 0.766771 -0.011091757 -0.000310646 -0.851801096 -0.523747810
1561000706.987732172 322.511706 205.183814 0.725676 -0.011708677 -0.000351023 -0.852089121 -0.523265624
1561000707.090035677 322.651347 204.412306 0.689043 -0.012508614 -0.000749712 -0.851700786 -0.523878558
1561000707.187816143 322.803224 203.652748 0.647697 -0.013352173 -0.000047420 -0.851769145 -0.523747116
1561000707.289888144 322.944005 202.867189 0.613321 -0.013273960 -0.000248016 -0.851778604 -0.523733663
1561000707.389438391 323.096410 202.092857 0.579492 -0.013240941 -0.000743291 -0.851510640 -0.524169587
1561000707.489709854 323.247683 201.310213 0.551169 -0.013134744 -0.001267909 -0.851224019 -0.524636579
1561000707.591053963 323.396277 200.487976 0.511825 -0.013278688 -0.002704462 -0.851223775 -0.524627913
1561000707.691205978 323.533592 199.704918 0.475198 -0.013534519 -0.002716130 -0.851117825 -0.524793186
1561000707.792541504 323.679829 198.898138 0.436018 -0.013239365 -0.002342766 -0.850627167 -0.525597425
1561000707.892600775 323.827976 198.129951 0.402349 -0.012947944 -0.001621336 -0.850412025 -0.525955426
1561000707.991043568 323.962425 197.334128 0.366621 -0.012992868 -0.001026606 -0.850105363 -0.526451330
1561000708.092344046 324.105978 196.516520 0.327271 -0.012195674 -0.000034102 -0.850067121 -0.526533147
1561000708.192942142 324.233430 195.720938 0.292066 -0.011086865 0.000767066 -0.849893531 -0.526837241
1561000708.291664600 324.367734 194.931815 0.263189 -0.010590043 0.001891976 -0.850111725 -0.526492476
1561000708.392422915 324.508400 194.121223 0.224994 -0.009297847 0.002351210 -0.849913685 -0.526834652
1561000708.490776777 324.644057 193.352203 0.194583 -0.009282713 0.003027466 -0.850429006 -0.525999212
1561000708.592234373 324.795865 192.560068 0.160994 -0.009046353 0.003659232 -0.850415028 -0.526021913
1561000708.691239119 324.938783 191.785669 0.129721 -0.009427146 0.004684143 -0.850400676 -0.526030302
1561000708.792524338 325.084503 190.993253 0.098473 -0.009891341 0.005187577 -0.850441855 -0.525950475
1561000708.892669678 325.214120 190.223177 0.065415 -0.010115260 0.006106771 -0.850217546 -0.526298882
1561000708.991273880 325.359959 189.500093 0.038852 -0.010245603 0.006450401 -0.850433903 -0.525942578
1561000709.092861176 325.492699 188.770134 0.007585 -0.009888864 0.006515900 -0.850230152 -0.526277913
1561000709.191134214 325.624370 188.073623 -0.022899 -0.009495668 0.006421860 -0.850021794 -0.526622769
1561000709.294002771 325.751813 187.357038 -0.052065 -0.009656878 0.006029087 -0.850184134 -0.526362360
1561000709.393902302 325.867276 186.685417 -0.081014 -0.009328346 0.005516104 -0.850158497 -0.526415316
1561000709.493831635 325.990807 186.033027 -0.108793 -0.009808221 0.005575191 -0.850164880 -0.526395661
1561000709.592685699 326.104713 185.402385 -0.137330 -0.009642993 0.006137979 -0.850258322 -0.526241507
1561000709.692562103 326.204958 184.789977 -0.162038 -0.008929052 0.006139253 -0.850132360 -0.526457550
1561000709.793654680 326.306389 184.196680 -0.181654 -0.007220645 0.004896040 -0.849727249 -0.527150352
1561000709.893580914 326.406761 183.603941 -0.200266 -0.006378469 0.003474099 -0.849850494 -0.526973797
1561000709.992102146 326.510788 183.019548 -0.226125 -0.006228609 0.003084932 -0.849829568 -0.527011758
1561000710.093568802 326.615331 182.417990 -0.250482 -0.006942879 0.003251814 -0.849810650 -0.527032335
1561000710.192573547 326.714503 181.827885 -0.263903 -0.006316581 0.001374813 -0.849751976 -0.527143045
1561000710.293781996 326.819166 181.221775 -0.257473 -0.000472647 -0.005385404 -0.849431418 -0.527671337
1561000710.393960953 326.920974 180.641859 -0.247354 0.005397117 -0.012915054 -0.848962124 -0.528268289
1561000710.492481947 327.019357 180.077602 -0.266160 0.007657511 -0.016147950 -0.849094203 -0.527939050
1561000710.593960285 327.115925 179.517344 -0.314988 0.005876706 -0.012908654 -0.848957236 -0.528271183
1561000710.693742275 327.228370 178.954414 -0.302008 0.012548010 -0.015177861 -0.849408664 -0.527368089
1561000710.794870377 327.311939 178.328206 -0.287140 0.017923909 -0.018129144 -0.849453973 -0.527046502
1561000710.894971609 327.411619 177.730528 -0.305173 0.009425655 -0.010833615 -0.849040542 -0.528132509
1561000710.994924784 327.539600 177.119743 -0.330943 -0.007923235 -0.000002179 -0.849159596 -0.528076891
1561000711.096558809 327.645467 176.504029 -0.406112 -0.012855284 0.005208517 -0.848530906 -0.528964002
1561000711.195522547 327.720803 175.922316 -0.424470 -0.011996230 0.000028275 -0.848154086 -0.529613762
1561000711.296458483 327.786686 175.351728 -0.464004 0.000738998 -0.007847870 -0.848107685 -0.529765249
1561000711.388623238 327.874155 174.804854 -0.475555 0.004081180 -0.007210340 -0.847961596 -0.529992912
1561000711.488495588 327.983436 174.189286 -0.472963 0.006702034 -0.007063545 -0.848018853 -0.529876603
1561000711.587508917 328.097951 173.548921 -0.490446 0.001872078 -0.002749681 -0.848369424 -0.529394234
1561000711.687623978 328.236797 172.894489 -0.548201 -0.009154026 0.004154373 -0.847600600 -0.530539507
1561000711.788450003 328.335579 172.238676 -0.600399 -0.010302801 0.001455217 -0.847218066 -0.531143374
1561000711.888620377 328.444272 171.586437 -0.645738 -0.005771370 -0.003130279 -0.846909563 -0.531696421
1561000711.987447023 328.540755 170.924329 -0.677510 -0.004465806 -0.006151189 -0.847059655 -0.531443469
1561000712.088828802 328.643966 170.265326 -0.692108 -0.006843831 -0.006364148 -0.846995335 -0.531518167
1561000712.187844515 328.756000 169.622850 -0.722636 -0.009607708 -0.005947755 -0.847220539 -0.531121149
1561000712.288881302 328.873625 168.944428 -0.751936 -0.012180715 -0.005540269 -0.846686798 -0.531923304
1561000712.389434099 328.993838 168.261744 -0.782103 -0.012906209 -0.005168525 -0.846685018 -0.531912771
1561000712.489825487 329.112083 167.575722 -0.821282 -0.012204458 -0.005196275 -0.846586170 -0.532086371
1561000712.589538813 329.224435 166.906253 -0.840268 -0.011570096 -0.005126090 -0.846093564 -0.532884168
1561000712.687888384 329.339232 166.211721 -0.867016 -0.011403126 -0.004964551 -0.846217515 -0.532692443
1561000712.787710667 329.455462 165.513559 -0.896047 -0.011614493 -0.005001824 -0.845993878 -0.533042628
1561000712.889805317 329.561008 164.797515 -0.926689 -0.010937938 -0.004445034 -0.845811038 -0.533351939
1561000712.987559557 329.660900 164.105711 -0.957718 -0.010634955 -0.003596180 -0.845456303 -0.533926591
1561000713.089387417 329.771724 163.381631 -0.994189 -0.009913532 -0.003247465 -0.845072715 -0.534549606
1561000713.187558651 329.871139 162.680589 -1.015991 -0.010190976 -0.001778801 -0.844782694 -0.535009514
1561000713.289345264 329.986318 161.967170 -1.043338 -0.009311608 -0.000739334 -0.844874253 -0.534883393
1561000713.389480352 330.090330 161.254674 -1.078135 -0.008934432 0.000064803 -0.844378136 -0.535673160
1561000713.487375498 330.203136 160.519566 -1.111090 -0.008095253 0.000312903 -0.843968729 -0.536331198
1561000713.589281797 330.316492 159.762044 -1.141642 -0.007715455 0.000698307 -0.843334615 -0.537332962
1561000713.688013792 330.406479 159.044401 -1.166881 -0.007224457 0.001026060 -0.842810756 -0.538160556
1561000713.788171530 330.513332 158.288377 -1.197390 -0.007469701 0.000779005 -0.841802797 -0.539732942
1561000713.889806509 330.623914 157.517754 -1.232649 -0.007062624 0.000670797 -0.841301229 -0.540520039
1561000713.987923384 330.727883 156.758888 -1.266338 -0.006721233 0.000010680 -0.840318323 -0.542051603
1561000714.089415073 330.844519 155.984130 -1.295838 -0.007304582 0.000377270 -0.839421840 -0.543431205
1561000714.187538862 330.935789 155.223873 -1.327134 -0.008178464 0.000097727 -0.838954918 -0.544139457
1561000714.289125919 331.038748 154.431012 -1.361373 -0.008564811 0.000280115 -0.837747905 -0.545989938
1561000714.389287949 331.138625 153.656494 -1.398245 -0.008397135 -0.000394120 -0.836691349 -0.547610189
1561000714.489362717 331.231438 152.867103 -1.432261 -0.008432986 -0.001062877 -0.835505679 -0.549416067
1561000714.589196682 331.316165 152.078706 -1.459671 -0.008009090 -0.002027662 -0.834172521 -0.551441700
1561000714.687711477 331.403410 151.265352 -1.487816 -0.007685056 -0.003310390 -0.832595128 -0.553818865
1561000714.788187265 331.481125 150.462728 -1.518419 -0.008403636 -0.004386236 -0.830513325 -0.556918087
1561000714.889328957 331.565262 149.644663 -1.549644 -0.008862818 -0.004290072 -0.828079196 -0.560524657
1561000714.987429619 331.639696 148.828673 -1.582865 -0.008884141 -0.004098115 -0.825522439 -0.564284485
1561000715.089117050 331.691673 147.997350 -1.614680 -0.009461437 -0.003125497 -0.822008732 -0.569387703
1561000715.187596083 331.750605 147.161783 -1.645992 -0.010226616 -0.002693676 -0.818898251 -0.573841280
1561000715.287637711 331.798127 146.316107 -1.679106 -0.010758837 -0.002580549 -0.815086330 -0.579233858
1561000715.390908957 331.826300 145.436110 -1.718560 -0.011145923 -0.002628237 -0.811481317 -0.584266149
1561000715.488872051 331.831576 144.598702 -1.756306 -0.010948835 -0.002891560 -0.807551844 -0.589687867
1561000715.590931654 331.844421 143.746590 -1.788233 -0.010836194 -0.003019524 -0.803884179 -0.594679482
1561000715.689344406 331.821753 142.905705 -1.819084 -0.011945301 -0.003636452 -0.800129156 -0.599697774
1561000715.789064407 331.813932 142.023384 -1.854307 -0.012580491 -0.004211514 -0.795763935 -0.605461604
1561000715.890576363 331.778392 141.151388 -1.886768 -0.012955257 -0.004883856 -0.791898832 -0.610495331
1561000715.988929987 331.742588 140.260477 -1.918496 -0.013685662 -0.005613267 -0.787963712 -0.615543973
1561000716.090355873 331.681710 139.369156 -1.949656 -0.014161883 -0.006493671 -0.784236845 -0.620265947
1561000716.188875437 331.617515 138.483701 -1.983315 -0.014679811 -0.007517126 -0.780024300 -0.625531844
1561000716.290839672 331.540015 137.566172 -2.018429 -0.014808027 -0.007678082 -0.775732423 -0.630841483
1561000716.391225815 331.450849 136.679491 -2.051394 -0.015474411 -0.007820604 -0.771416082 -0.636094811
1561000716.490033150 331.349346 135.784495 -2.085337 -0.015871875 -0.007854122 -0.767321879 -0.641017574
1561000716.592824936 331.235614 134.874266 -2.123307 -0.015913162 -0.007423968 -0.762752155 -0.646452478
1561000716.691028595 331.114957 133.980497 -2.159109 -0.015823974 -0.007327334 -0.758118754 -0.651883323
1561000716.792556047 330.956909 133.066955 -2.193014 -0.015488953 -0.006982446 -0.753681427 -0.657020277
1561000716.893889189 330.807189 132.135296 -2.233883 -0.015643472 -0.006092505 -0.749115709 -0.662226410
1561000716.992609501 330.624120 131.256001 -2.263581 -0.015270851 -0.005449441 -0.744309904 -0.667637530
1561000717.093386412 330.425962 130.329174 -2.302073 -0.014842836 -0.005644151 -0.739960844 -0.672462477
1561000717.191864491 330.239938 129.417389 -2.337456 -0.014389709 -0.006106117 -0.736242179 -0.676537587
1561000717.291958332 330.035721 128.485012 -2.371370 -0.013909259 -0.005721691 -0.732782645 -0.680296546
1561000717.393489838 329.817035 127.541892 -2.399949 -0.014164452 -0.005438075 -0.729414859 -0.683903326
1561000717.491891623 329.594907 126.631503 -2.430656 -0.015223896 -0.005402709 -0.725541119 -0.687989192
1561000717.593257666 329.366097 125.693084 -2.466670 -0.015724995 -0.005517408 -0.721850211 -0.691848651
1561000717.693419695 329.122606 124.761154 -2.506998 -0.015689238 -0.005132228 -0.718517100 -0.695313372
1561000717.795014620 328.865159 123.806955 -2.545798 -0.015015583 -0.005332638 -0.715592022 -0.698336705
1561000717.894737244 328.600424 122.857926 -2.579507 -0.014635406 -0.005411431 -0.712866606 -0.701126039
1561000717.994837523 328.322255 121.907524 -2.607009 -0.014595872 -0.005842576 -0.710913057 -0.703104153
1561000718.094708204 328.028587 120.963314 -2.639755 -0.015808379 -0.006528192 -0.707670297 -0.706335776
1561000718.193444014 327.757305 120.039612 -2.671848 -0.017020615 -0.006565109 -0.705616913 -0.708358646
1561000718.294510365 327.467067 119.069677 -2.709115 -0.018448343 -0.006228443 -0.703296167 -0.710630260
1561000718.394671679 327.165148 118.128629 -2.752620 -0.018918624 -0.006184390 -0.701028027 -0.712855908
1561000718.494875908 326.851678 117.170347 -2.790457 -0.018932979 -0.005673822 -0.699431029 -0.714426753
1561000718.594927788 326.547284 116.209096 -2.823520 -0.019206452 -0.006086500 -0.698292760 -0.715528677
1561000718.693516970 326.239794 115.267160 -2.856510 -0.019525563 -0.007235013 -0.696844912 -0.716919504
1561000718.794895411 325.916641 114.313274 -2.893438 -0.019678638 -0.007207059 -0.695270882 -0.718442211
1561000718.894977331 325.593298 113.364041 -2.929959 -0.019795758 -0.006361481 -0.693889817 -0.719780926
1561000718.994246721 325.279433 112.435518 -2.964120 -0.020046851 -0.005606943 -0.692540988 -0.721078127
1561000719.095146179 324.957937 111.482167 -3.002254 -0.019977774 -0.005522069 -0.691224973 -0.722342323
1561000719.193642378 324.638950 110.537959 -3.039729 -0.019829567 -0.005597337 -0.690084147 -0.723435780
1561000719.295523405 324.305593 109.585825 -3.076616 -0.019715793 -0.006391968 -0.689119929 -0.724350850
1561000719.393726587 323.980410 108.673458 -3.108492 -0.019601957 -0.006574894 -0.688116458 -0.725305642
1561000719.494904518 323.648202 107.723829 -3.146025 -0.019125741 -0.007057629 -0.686700039 -0.726654975
1561000719.594895601 323.321965 106.794760 -3.182950 -0.018027939 -0.006849540 -0.686126769 -0.727226329
1561000719.693482399 322.986762 105.870490 -3.215987 -0.016598577 -0.006158349 -0.686014626 -0.727372322
1561000719.794763565 322.639341 104.920625 -3.250111 -0.015337714 -0.005387760 -0.686716000 -0.726744014
1561000719.893356085 322.298581 104.002992 -3.275238 -0.015005761 -0.004805411 -0.687059392 -0.726430401
1561000719.994700670 321.966935 103.075538 -3.299089 -0.015449076 -0.004861053 -0.687404817 -0.726093874
1561000720.094715834 321.645488 102.147081 -3.326935 -0.015845025 -0.005320804 -0.687962537 -0.725553700
1561000720.193542480 321.329155 101.231076 -3.359731 -0.016312229 -0.005838635 -0.688918207 -0.724631993
1561000720.295140266 321.000971 100.301622 -3.401394 -0.015942646 -0.005867551 -0.689053816 -0.724511037
1561000720.394846678 320.684428 99.403505 -3.431886 -0.015539263 -0.005202795 -0.689468986 -0.724129809
1561000720.495119095 320.366987 98.480435 -3.464326 -0.015858089 -0.004744154 -0.690116285 -0.723509176
1561000720.594864845 320.054531 97.559089 -3.491536 -0.016173661 -0.004157699 -0.690664865 -0.722982137
1561000720.693451881 319.751546 96.642269 -3.525397 -0.016081537 -0.004316455 -0.691131144 -0.722537538
1561000720.794620514 319.446027 95.708432 -3.562167 -0.016228667 -0.004151837 -0.691443799 -0.722236018
1561000720.893514633 319.141541 94.817410 -3.598091 -0.016155443 -0.004422130 -0.691833241 -0.721863015
1561000720.993625879 318.826271 93.924026 -3.632936 -0.015991028 -0.004086845 -0.692143482 -0.721571192
1561000721.094357252 318.527794 93.026236 -3.662643 -0.015290450 -0.004541861 -0.692366531 -0.721369642
1561000721.193198442 318.220844 92.117528 -3.692456 -0.015390816 -0.005042601 -0.693186727 -0.720576059
1561000721.294456005 317.917184 91.234137 -3.725121 -0.014690314 -0.005921632 -0.693944690 -0.719854080
1561000721.394542456 317.622324 90.348262 -3.756491 -0.014028241 -0.006193112 -0.695210159 -0.718642950
1561000721.494261026 317.339012 89.461249 -3.780383 -0.013090101 -0.005733855 -0.696174099 -0.717730727
1561000721.594776630 317.047842 88.561564 -3.805951 -0.012727923 -0.005337386 -0.697479316 -0.716471993
1561000721.693491220 316.771208 87.668132 -3.836366 -0.012357889 -0.004980616 -0.699260589 -0.714742684
1561000721.794883490 316.481980 86.777863 -3.861283 -0.012657308 -0.004406135 -0.701190907 -0.712847593
1561000721.894568443 316.219440 85.905933 -3.891223 -0.012439422 -0.004413590 -0.702654471 -0.711408796
1561000721.994617224 315.960360 85.019563 -3.916121 -0.012172366 -0.003772304 -0.704637493 -0.709453033
1561000722.096200466 315.706718 84.130345 -3.951068 -0.010203560 -0.003083880 -0.707046505 -0.707086711
1561000722.196524858 315.442873 83.250772 -3.994909 -0.008343603 -0.001941668 -0.709768055 -0.704383363
1561000722.296315908 315.192370 82.372562 -4.010234 -0.008122599 -0.000983369 -0.713487825 -0.700619854
1561000722.396287918 314.963885 81.481627 -4.030484 -0.008260794 -0.002480216 -0.716721736 -0.697305931
1561000722.496185064 314.742136 80.602866 -4.067090 -0.008336714 -0.002655814 -0.720351562 -0.693553944
1561000722.596122742 314.547723 79.726092 -4.094677 -0.008046654 -0.001778137 -0.724130463 -0.689613777
1561000722.695873499 314.364778 78.884678 -4.120706 -0.008776868 0.000579872 -0.727193801 -0.686375849
1561000722.796141386 314.173244 78.022386 -4.144445 -0.009855109 0.001214901 -0.731208135 -0.682082153
1561000722.894897938 313.995219 77.173383 -4.170205 -0.010470680 0.000411406 -0.734566878 -0.678455376
1561000722.994863749 313.828015 76.328333 -4.201526 -0.010418132 -0.001285014 -0.738221149 -0.674477091
1561000723.095715523 313.674408 75.496743 -4.226385 -0.009875695 -0.002495797 -0.741556522 -0.670813064
1561000723.195699930 313.541907 74.679120 -4.251683 -0.009851638 -0.003579453 -0.745299809 -0.666647078
1561000723.295722723 313.423314 73.862816 -4.276695 -0.010233950 -0.003656854 -0.748964363 -0.662521152
1561000723.395776987 313.304633 73.057592 -4.303020 -0.010859620 -0.003255044 -0.752770910 -0.658184951
1561000723.497424603 313.200217 72.257241 -4.323669 -0.011772209 -0.003432276 -0.756292681 -0.654118503
1561000723.588123560 313.108917 71.511456 -4.344100 -0.011942243 -0.003857200 -0.759928580 -0.649885419
1561000723.687088966 313.021847 70.726056 -4.368460 -0.012676822 -0.004830915 -0.763832225 -0.645272262
1561000723.788027287 312.951786 69.950545 -4.391634 -0.012630223 -0.005109529 -0.767241535 -0.641213535
1561000723.888063192 312.883642 69.193867 -4.414776 -0.012909261 -0.005053790 -0.770505395 -0.637282706
1561000723.986957073 312.828262 68.458839 -4.435581 -0.013275945 -0.005206418 -0.774210288 -0.632767787
1561000724.088132381 312.785060 67.738594 -4.457385 -0.013252066 -0.005689330 -0.776793116 -0.629590716
1561000724.187191725 312.741035 67.026277 -4.472588 -0.013194108 -0.005855324 -0.779712209 -0.625971646
1561000724.288298368 312.717296 66.301292 -4.499248 -0.012680219 -0.005993994 -0.782412312 -0.622602809
1561000724.388284206 312.696512 65.619374 -4.522891 -0.012010675 -0.005809424 -0.784721859 -0.619704445
1561000724.486951351 312.667138 64.958840 -4.540432 -0.012134528 -0.005520158 -0.787296984 -0.616429834
1561000724.587877512 312.644756 64.277424 -4.556610 -0.012103305 -0.005443051 -0.789705455 -0.613342626
1561000724.687845230 312.629412 63.613917 -4.578050 -0.012192777 -0.005472248 -0.792230053 -0.610076170
1561000724.787815809 312.623035 62.981984 -4.597439 -0.012190189 -0.005430803 -0.794968193 -0.606504310
1561000724.887720346 312.625596 62.346510 -4.618459 -0.011444116 -0.005688469 -0.797544021 -0.603125367
1561000724.987433434 312.624314 61.726778 -4.636257 -0.010924837 -0.005835958 -0.799663424 -0.600320745
1561000725.087770700 312.624213 61.112240 -4.654288 -0.009806472 -0.006263151 -0.802088215 -0.597092205
1561000725.186856031 312.636029 60.495668 -4.673634 -0.009288063 -0.006174394 -0.804578195 -0.593741978
1561000725.287931204 312.653919 59.879747 -4.701630 -0.005365170 -0.007218149 -0.806664502 -0.590941193
1561000725.387887239 312.673377 59.283839 -4.706787 0.000601325 -0.009031886 -0.808521756 -0.588396664
1561000725.488295794 312.686255 58.670053 -4.696586 0.003177913 -0.010801742 -0.811069968 -0.584840773
1561000725.587981701 312.707916 58.072041 -4.688794 0.002596362 -0.012210846 -0.813008940 -0.582117357
1561000725.687927008 312.740632 57.479587 -4.705063 -0.000621709 -0.011723591 -0.814737601 -0.579710974
1561000725.787899733 312.771161 56.879443 -4.738035 -0.004129498 -0.006863086 -0.816897828 -0.576726784
1561000725.887950897 312.817025 56.271067 -4.771339 -0.006419141 0.000823163 -0.818078095 -0.575070732
1561000725.986934662 312.857748 55.662686 -4.795604 -0.007603537 0.005984896 -0.819186362 -0.573445788
1561000726.088121176 312.891502 55.038370 -4.799043 -0.008162625 0.005567367 -0.820362129 -0.571758999
1561000726.187304974 312.927539 54.416407 -4.807514 -0.008034233 0.000901505 -0.821611912 -0.569989916
1561000726.287451982 312.983422 53.829337 -4.832720 -0.005917530 -0.003506765 -0.821975845 -0.569480813
1561000726.387017250 313.021341 53.267683 -4.864894 -0.002884159 -0.006538968 -0.822823293 -0.568252367
1561000726.487864494 313.062289 52.685189 -4.884937 0.000632867 -0.006723085 -0.823784831 -0.566862375
1561000726.587902069 313.100262 52.110727 -4.891691 0.001387794 -0.005832983 -0.824401796 -0.565973258
1561000726.686714649 313.140238 51.549180 -4.889463 -0.000297422 -0.005193435 -0.825051319 -0.565033859
1561000726.787854433 313.198144 50.968062 -4.896449 -0.002666468 -0.005264680 -0.825640351 -0.564165919
1561000726.887068510 313.250145 50.396846 -4.914604 -0.004093703 -0.005225211 -0.825791854 -0.563935948
1561000726.987142801 313.304298 49.841501 -4.932778 -0.004353571 -0.004884662 -0.825863400 -0.563832272
1561000727.087872982 313.336155 49.293115 -4.946731 -0.003795309 -0.004877334 -0.825631428 -0.564175995
1561000727.186834335 313.369472 48.762283 -4.954323 -0.003716168 -0.005607308 -0.824941509 -0.565178074
1561000727.288111687 313.410541 48.248801 -4.961578 -0.004113284 -0.006970449 -0.823673708 -0.567006276
1561000727.387728691 313.443240 47.750154 -4.964613 -0.004532621 -0.009191767 -0.821099611 -0.570692909
1561000727.487979174 313.463655 47.254186 -4.976177 -0.004598606 -0.011631192 -0.817897885 -0.575227450
1561000727.588120937 313.473843 46.777033 -4.989260 -0.005025997 -0.012517629 -0.813711276 -0.581112732
1561000727.686892033 313.469478 46.306328 -5.002115 -0.006048658 -0.011587227 -0.808884238 -0.587822626
1561000727.787824869 313.446174 45.819974 -5.014297 -0.007150750 -0.010659387 -0.803757982 -0.594817914
1561000727.886795282 313.418017 45.321204 -5.022710 -0.009011313 -0.009716489 -0.797354363 -0.603365897
1561000727.986830711 313.367725 44.824430 -5.033078 -0.010493083 -0.009681116 -0.790802143 -0.611905337
1561000728.087679148 313.323105 44.328817 -5.044967 -0.011598700 -0.010492718 -0.784243394 -0.620256134
1561000728.187243700 313.261288 43.858782 -5.055894 -0.012385609 -0.011337265 -0.776589374 -0.629783302
1561000728.287528515 313.189230 43.383913 -5.074146 -0.012570275 -0.011905566 -0.768577815 -0.639521999
1561000728.386821747 313.100074 42.916605 -5.088960 -0.012754329 -0.011730213 -0.760468362 -0.649143743
1561000728.487470627 312.991838 42.454404 -5.102981 -0.013150676 -0.011197764 -0.751816011 -0.659146688
1561000728.587788105 312.874242 41.998382 -5.114404 -0.014019660 -0.011409782 -0.742890072 -0.669169340
1561000728.687867641 312.739191 41.534495 -5.119859 -0.015059205 -0.012161445 -0.734086216 -0.678780338
1561000728.788244486 312.604075 41.093465 -5.130194 -0.016018554 -0.013284367 -0.724083463 -0.689398340
1561000728.887018442 312.444980 40.658670 -5.141100 -0.016555994 -0.013449573 -0.713581131 -0.700247797
1561000728.988114119 312.280275 40.228557 -5.157393 -0.016495867 -0.013991271 -0.702475444 -0.711379211
1561000729.088276148 312.081343 39.798827 -5.171155 -0.017380387 -0.014085792 -0.690528982 -0.722958670
1561000729.186917782 311.871417 39.379287 -5.182647 -0.018881694 -0.012628306 -0.678305158 -0.734429112
1561000729.288166523 311.651774 38.949342 -5.187578 -0.020525443 -0.011171562 -0.665700308 -0.745853205
1561000729.387418270 311.418701 38.534490 -5.194908 -0.022822408 -0.010822019 -0.651797589 -0.757972245
1561000729.487780094 311.165899 38.140279 -5.208563 -0.024118121 -0.011533114 -0.637091543 -0.770324393
1561000729.587541103 310.915021 37.764848 -5.224068 -0.025229090 -0.011357711 -0.622095556 -0.782452308
1561000729.686478376 310.638103 37.397004 -5.242562 -0.025811797 -0.011201862 -0.606424712 -0.794642900
1561000729.787772179 310.336760 37.040406 -5.267826 -0.026067779 -0.010478754 -0.589545853 -0.807246154
1561000729.887428999 310.022823 36.709394 -5.280507 -0.025596001 -0.009536271 -0.572723705 -0.819293270
1561000729.987807512 309.676683 36.373931 -5.289986 -0.025617899 -0.008789801 -0.555661559 -0.830967325
1561000730.087819576 309.335738 36.049892 -5.293829 -0.026496655 -0.008245741 -0.538004065 -0.842485348
1561000730.187564373 308.961486 35.741728 -5.311007 -0.028016219 -0.008941587 -0.519303730 -0.854083588
1561000730.287731171 308.596104 35.444988 -5.326231 -0.029436782 -0.009536016 -0.500879739 -0.864963599
1561000730.386798620 308.219727 35.158689 -5.349428 -0.029035926 -0.010638233 -0.482069916 -0.875586854
1561000730.486367702 307.803518 34.904823 -5.367243 -0.028483822 -0.011634877 -0.463605229 -0.885507478
1561000730.587666035 307.373675 34.656123 -5.372732 -0.028046559 -0.010350814 -0.443208014 -0.895920146
1561000730.686671495 306.927091 34.424952 -5.382580 -0.028133393 -0.010279474 -0.423612072 -0.905348362
1561000730.787276506 306.468436 34.212810 -5.396500 -0.028026722 -0.010456004 -0.405159194 -0.913756643
1561000730.886930227 306.000564 34.005026 -5.405373 -0.026488496 -0.010865051 -0.387791424 -0.921302405
1561000730.987903118 305.510717 33.827721 -5.411677 -0.025696050 -0.011428972 -0.369830342 -0.928673575
1561000731.087977409 305.015963 33.660210 -5.414876 -0.025198598 -0.012064404 -0.353711336 -0.934937309
1561000731.187620401 304.507099 33.496002 -5.419772 -0.025353004 -0.012030453 -0.337186838 -0.941019410
1561000731.287740469 303.974544 33.357144 -5.424580 -0.025460354 -0.011830364 -0.324228327 -0.945562163
1561000731.386665344 303.432902 33.190483 -5.437893 -0.024803232 -0.012033007 -0.311700463 -0.949780410
1561000731.489285469 302.860793 33.046371 -5.449466 -0.023673078 -0.011630115 -0.301251946 -0.953179726
1561000731.587937832 302.302849 32.919791 -5.466636 -0.022262979 -0.010597423 -0.293029184 -0.955785515
1561000731.686828613 301.733740 32.800397 -5.467353 -0.020988439 -0.008848587 -0.285051408 -0.958241558
1561000731.787812948 301.151071 32.663948 -5.462053 -0.020130287 -0.009428965 -0.278549702 -0.960164533
1561000731.886613131 300.572604 32.554251 -5.453971 -0.020425315 -0.010963166 -0.273174135 -0.961685243
1561000731.987723351 299.976290 32.437934 -5.449961 -0.021629731 -0.012756392 -0.269071377 -0.962792825
1561000732.087670088 299.395695 32.301882 -5.458766 -0.022020470 -0.014363183 -0.265243457 -0.963822964
1561000732.186503410 298.793937 32.187544 -5.473359 -0.022189210 -0.014523352 -0.261504663 -0.964837822
1561000732.289169073 298.167026 32.060637 -5.483076 -0.021965121 -0.012859418 -0.258633364 -0.965640177
1561000732.386641264 297.551631 31.942159 -5.486674 -0.022037869 -0.011024394 -0.255261513 -0.966557994
1561000732.486751318 296.916712 31.817696 -5.483588 -0.022721922 -0.010114483 -0.253061291 -0.967130495
1561000732.587458372 296.277611 31.699307 -5.487581 -0.023997164 -0.010743748 -0.250452264 -0.967771859
1561000732.686345577 295.643534 31.573825 -5.494695 -0.024570931 -0.012394902 -0.247481886 -0.968501601
1561000732.787451744 294.984663 31.452856 -5.498839 -0.024736817 -0.013662938 -0.246139357 -0.968822394
1561000732.886451006 294.314369 31.335491 -5.505361 -0.024609751 -0.014174917 -0.244230452 -0.969301253
1561000732.987455368 293.637417 31.219230 -5.510143 -0.024057696 -0.014191451 -0.242782374 -0.969678580
1561000733.087598801 292.962244 31.103297 -5.510542 -0.023791212 -0.013539758 -0.242060816 -0.969874845
1561000733.187072277 292.282608 30.980621 -5.511548 -0.023558386 -0.013329595 -0.241108855 -0.970120531
1561000733.287912369 291.583653 30.864714 -5.513647 -0.023657623 -0.012967512 -0.240148067 -0.970361307
1561000733.386749744 290.885235 30.746542 -5.518879 -0.023499946 -0.012469159 -0.239346802 -0.970569617
1561000733.486742258 290.162004 30.627884 -5.528351 -0.022886872 -0.012120666 -0.239205256 -0.970623576
1561000733.589083910 289.420866 30.497014 -5.532788 -0.022293927 -0.012010097 -0.239469784 -0.970573522
1561000733.686520338 288.697597 30.381727 -5.529425 -0.022477210 -0.012051205 -0.239818225 -0.970482747
1561000733.787619114 287.962624 30.262732 -5.533762 -0.022919920 -0.013868413 -0.240139687 -0.970368629
1561000733.887334108 287.225873 30.123242 -5.535356 -0.023142118 -0.014096869 -0.239677342 -0.970474365
1561000733.988028526 286.485509 29.989373 -5.544903 -0.023095319 -0.014091339 -0.239852481 -0.970432289
1561000734.088837862 285.719692 29.844454 -5.549689 -0.023330230 -0.013630099 -0.239794437 -0.970447602
1561000734.186907291 284.963783 29.723737 -5.545942 -0.023698106 -0.013318212 -0.239706646 -0.970464708
1561000734.287847281 284.180116 29.580630 -5.544525 -0.024365668 -0.013839723 -0.239609449 -0.970464883
1561000734.387126446 283.396380 29.439991 -5.548283 -0.025092086 -0.014812042 -0.240226257 -0.970279514
1561000734.487741232 282.612939 29.308006 -5.554782 -0.025318814 -0.016008154 -0.239677924 -0.970390225
1561000734.587527514 281.836546 29.175668 -5.555392 -0.025474228 -0.015826648 -0.240721311 -0.970130832
1561000734.686287880 281.042069 29.015659 -5.556916 -0.025144902 -0.015684844 -0.240258537 -0.970256438
1561000734.787616730 280.204965 28.862692 -5.556727 -0.025096468 -0.015081131 -0.240994566 -0.970084711
1561000734.886663675 279.377468 28.720884 -5.556032 -0.025286085 -0.015186254 -0.241423516 -0.969971483
1561000734.987402916 278.548395 28.562592 -5.562755 -0.025200233 -0.014457127 -0.241260451 -0.970025430
1561000735.087473154 277.711325 28.424580 -5.566486 -0.024975457 -0.013516770 -0.242719129 -0.969680848
1561000735.187000751 276.876449 28.279981 -5.572657 -0.024044579 -0.012098096 -0.243002670 -0.969652101
1561000735.287947655 276.028722 28.116672 -5.574379 -0.024282188 -0.011518603 -0.243768384 -0.969461021
1561000735.386524677 275.186067 27.950861 -5.578133 -0.024406853 -0.013067770 -0.244258112 -0.969314971
1561000735.488568783 274.305405 27.786375 -5.580813 -0.025069835 -0.015094288 -0.244636212 -0.969173250
1561000735.587266684 273.441638 27.623353 -5.582666 -0.025437978 -0.016487095 -0.245473962 -0.968929109
1561000735.686700583 272.584759 27.460507 -5.586748 -0.025299230 -0.015850364 -0.245669368 -0.968893842
1561000735.788562298 271.680529 27.292228 -5.587950 -0.025355185 -0.013526924 -0.246404540 -0.968740904
1561000735.887084007 270.793262 27.126234 -5.594139 -0.025163419 -0.012009531 -0.246715098 -0.968686861
1561000735.988634586 269.907963 26.953502 -5.603697 -0.024871422 -0.011641007 -0.246804561 -0.968676111
1561000736.088836432 269.013367 26.770179 -5.606534 -0.024882332 -0.012701376 -0.246906368 -0.968636562
1561000736.187889338 268.100641 26.598272 -5.606446 -0.024988353 -0.014279309 -0.247213975 -0.968533393
1561000736.288534403 267.184056 26.436224 -5.611711 -0.025765569 -0.015655667 -0.247680187 -0.968372635
1561000736.387300491 266.292108 26.255477 -5.611761 -0.025834200 -0.015237197 -0.247930499 -0.968313425
1561000736.489465714 265.361357 26.077461 -5.611349 -0.026156990 -0.014161532 -0.247785611 -0.968358174
1561000736.590375900 264.433914 25.893260 -5.614132 -0.026176630 -0.012602978 -0.248405644 -0.968220318
1561000736.690375090 263.526483 25.703235 -5.616149 -0.026328922 -0.012394238 -0.248512356 -0.968191499
1561000736.790372610 262.596354 25.529651 -5.618157 -0.026653028 -0.013441014 -0.248576155 -0.968152287
1561000736.888677359 261.691163 25.356602 -5.621715 -0.026378302 -0.013908634 -0.248818930 -0.968090840
1561000736.990290880 260.766781 25.173849 -5.625056 -0.025954307 -0.013456373 -0.248639985 -0.968154666
1561000737.090381622 259.849662 24.991068 -5.625852 -0.026136289 -0.012899312 -0.249548482 -0.967923580
1561000737.188851118 258.947727 24.824729 -5.627501 -0.026170288 -0.013130927 -0.249242049 -0.967998500
1561000737.290303707 258.017180 24.644146 -5.629716 -0.026390792 -0.013718841 -0.249798540 -0.967840901
1561000737.388540745 257.096380 24.466061 -5.631038 -0.026525710 -0.014201055 -0.250182980 -0.967730951
1561000737.490320444 256.173659 24.266667 -5.637851 -0.026655615 -0.014977281 -0.249735950 -0.967831140
1561000737.590252161 255.245699 24.087980 -5.633820 -0.026377179 -0.015011643 -0.250057457 -0.967755219
1561000737.689274073 254.315433 23.914371 -5.631035 -0.026591039 -0.015061504 -0.250033557 -0.967754766
1561000737.790433645 253.380030 23.723369 -5.633399 -0.026648928 -0.014365651 -0.250153340 -0.967732799
1561000737.888713598 252.464503 23.546861 -5.634892 -0.026522011 -0.013535996 -0.250157583 -0.967747148
1561000737.988889694 251.539551 23.365793 -5.637340 -0.026105419 -0.013169070 -0.249502445 -0.967932649
1561000738.090261459 250.602061 23.178052 -5.640880 -0.025685095 -0.013679599 -0.248899458 -0.968092043
1561000738.188296080 249.691962 22.987179 -5.642412 -0.025641948 -0.014683253 -0.248495327 -0.968182299
1561000738.290178299 248.756993 22.796415 -5.637356 -0.025568970 -0.015753972 -0.248083165 -0.968273093
1561000738.388120413 247.849864 22.614033 -5.630047 -0.025676043 -0.016274633 -0.247882052 -0.968313155
1561000738.490858316 246.909230 22.442888 -5.627862 -0.026240293 -0.015760989 -0.247567083 -0.968387101
1561000738.589928627 245.982930 22.264893 -5.626311 -0.026621053 -0.013844825 -0.247686376 -0.968375495
1561000738.689969063 245.025500 22.085429 -5.633504 -0.027330897 -0.013556451 -0.247180285 -0.968489107
1561000738.790071011 244.081665 21.902360 -5.639155 -0.028033016 -0.014454002 -0.247192307 -0.968452991
1561000738.888347387 243.151105 21.727587 -5.643464 -0.027686401 -0.015259719 -0.246803200 -0.968549836
1561000738.989685297 242.192466 21.543964 -5.644983 -0.027216013 -0.015690006 -0.247540077 -0.968368227
1561000739.092086554 241.251989 21.365748 -5.640444 -0.026791902 -0.015274395 -0.247071246 -0.968506420
1561000739.191356182 240.329950 21.188744 -5.643633 -0.026282421 -0.013694039 -0.246849074 -0.968600662
1561000739.291332245 239.386139 21.000370 -5.644364 -0.026103426 -0.012789437 -0.246790594 -0.968632771
1561000739.390038729 238.453253 20.816858 -5.645120 -0.026181389 -0.012757332 -0.247326547 -0.968494380
1561000739.491907597 237.495170 20.637108 -5.647387 -0.026244959 -0.014479846 -0.247072556 -0.968533267
1561000739.591462851 236.553270 20.459464 -5.648739 -0.026087744 -0.015890561 -0.246988587 -0.968536813
1561000739.689696074 235.620256 20.271662 -5.645591 -0.025633918 -0.016522086 -0.246910066 -0.968558384
1561000739.791507721 234.660042 20.100164 -5.643089 -0.025826914 -0.016600938 -0.246720818 -0.968600133
1561000739.890136003 233.727645 19.920526 -5.642783 -0.025580918 -0.015336314 -0.246491036 -0.968686009
1561000739.991430044 232.770908 19.742081 -5.642864 -0.025381532 -0.013488657 -0.246794650 -0.968641438
1561000740.091453075 231.816421 19.554233 -5.649503 -0.024839581 -0.011904562 -0.246493137 -0.968753018
1561000740.191241264 230.861039 19.371786 -5.652522 -0.024921648 -0.011483247 -0.246788780 -0.968680724
1561000740.291337490 229.917175 19.196471 -5.652058 -0.025586350 -0.013816723 -0.246116906 -0.968803853
1561000740.389815807 228.966356 19.010847 -5.644371 -0.026283545 -0.017382509 -0.246440580 -0.968645479
1561000740.491454363 228.008544 18.825980 -5.647663 -0.026053599 -0.019417520 -0.246432250 -0.968615154
1561000740.593480825 227.048890 18.635098 -5.642512 -0.025379524 -0.018086439 -0.246173689 -0.968724561
1561000740.692969322 226.102767 18.463750 -5.643279 -0.025001707 -0.015697230 -0.246718257 -0.968637503
1561000740.792936802 225.141201 18.283465 -5.646041 -0.024891515 -0.013907280 -0.246671604 -0.968679575
1561000740.891323328 224.184256 18.100305 -5.646135 -0.024501285 -0.013365335 -0.246359240 -0.968776641
1561000740.993068695 223.210469 17.928756 -5.644549 -0.024441588 -0.015118030 -0.246836106 -0.968630988
1561000741.092786551 222.251443 17.745617 -5.637520 -0.024383180 -0.016763470 -0.246486759 -0.968694340
1561000741.192645788 221.296696 17.572766 -5.630592 -0.024992058 -0.018666494 -0.246772584 -0.968571242
1561000741.292608023 220.349594 17.387909 -5.626878 -0.025324284 -0.018561228 -0.246871357 -0.968539465
1561000741.391030550 219.387428 17.198128 -5.627657 -0.025117934 -0.016678663 -0.246669697 -0.968630462
1561000741.492547512 218.413279 17.019604 -5.633701 -0.024983607 -0.014236522 -0.246764763 -0.968648694
1561000741.592366457 217.463085 16.840486 -5.630849 -0.024578663 -0.012924337 -0.246944707 -0.968631593
1561000741.690979719 216.523022 16.650668 -5.628789 -0.024142896 -0.013722473 -0.246658272 -0.968704553
1561000741.792734623 215.566343 16.455202 -5.618289 -0.025047649 -0.016418790 -0.247173530 -0.968508278
1561000741.891326189 214.639033 16.270698 -5.615348 -0.025963304 -0.019032058 -0.247231517 -0.968421533
1561000741.992992401 213.696134 16.097496 -5.608378 -0.026476521 -0.019558297 -0.246737422 -0.968523160
1561000742.093178749 212.782948 15.921105 -5.605451 -0.027047563 -0.018140649 -0.246603619 -0.968569048
1561000742.192980528 211.857388 15.735970 -5.596099 -0.026974145 -0.016325208 -0.246704413 -0.968577728
1561000742.293010712 210.914068 15.556431 -5.595257 -0.026903280 -0.015744134 -0.246973180 -0.968520823
1561000742.391361713 209.997765 15.375654 -5.590748 -0.027052217 -0.016095782 -0.246521128 -0.968626056
1561000742.492675781 209.077085 15.191266 -5.587548 -0.027480941 -0.016228326 -0.246594931 -0.968592989
1561000742.592558861 208.158539 15.018780 -5.586443 -0.028270099 -0.015858841 -0.247211581 -0.968419193
1561000742.692409515 207.239685 14.845799 -5.586620 -0.028650371 -0.015441807 -0.246855333 -0.968505628
1561000742.792557955 206.327450 14.676773 -5.583556 -0.029063598 -0.015510762 -0.246851702 -0.968493139
1561000742.891433954 205.418019 14.490597 -5.577283 -0.029765692 -0.015795793 -0.247088726 -0.968406763
1561000742.993997574 204.494905 14.311610 -5.575693 -0.030034884 -0.016125139 -0.246617595 -0.968513112
1561000743.092854977 203.598154 14.151048 -5.578322 -0.029858934 -0.015530498 -0.247078682 -0.968410746
1561000743.193782568 202.681956 13.965601 -5.583544 -0.029426955 -0.013367287 -0.246905155 -0.968500498
1561000743.294197083 201.773919 13.787298 -5.591795 -0.028513369 -0.010997619 -0.246922859 -0.968553118
1561000743.394233704 200.862419 13.609279 -5.598360 -0.028087002 -0.010246788 -0.245966043 -0.968817232
1561000743.494148254 199.959417 13.435399 -5.595671 -0.028514885 -0.012947950 -0.245558862 -0.968875687
1561000743.595696449 199.056004 13.273783 -5.585512 -0.029013974 -0.018468723 -0.245152420 -0.968874288
1561000743.693572044 198.182521 13.106309 -5.575074 -0.029477448 -0.022486908 -0.244938222 -0.968829544
1561000743.794347048 197.289348 12.949083 -5.562588 -0.030318776 -0.022327896 -0.244568045 -0.968900773
1561000743.892832279 196.410264 12.799087 -5.552286 -0.031386535 -0.019560438 -0.244437063 -0.968959647
1561000743.994360209 195.501930 12.622774 -5.551679 -0.032184810 -0.018010458 -0.243877060 -0.969104608
1561000744.092983961 194.582750 12.451580 -5.552257 -0.030960811 -0.022540134 -0.243046718 -0.969258306
1561000744.192723989 193.675383 12.287640 -5.545265 -0.027812608 -0.031536962 -0.242532737 -0.969231526
1561000744.294186115 192.791109 12.143440 -5.508522 -0.025006536 -0.034575747 -0.241921048 -0.969357208
1561000744.392641306 191.912354 12.018288 -5.477320 -0.024170789 -0.025666294 -0.241578287 -0.969740659
1561000744.493948936 190.991471 11.875473 -5.487605 -0.023624100 -0.014274235 -0.241765753 -0.969941992
1561000744.593874216 190.075925 11.723381 -5.483819 -0.027905573 0.002091871 -0.241972339 -0.969879524
1561000744.694145441 189.135927 11.524552 -5.522959 -0.030029862 -0.002398910 -0.241302108 -0.969982343
1561000744.794176817 188.222667 11.330990 -5.535969 -0.030772035 -0.014663309 -0.240793082 -0.969977712
1561000744.893265963 187.316248 11.159484 -5.537726 -0.029570332 -0.026490440 -0.239523014 -0.970078645
1561000744.994358540 186.405752 11.018960 -5.517065 -0.029341074 -0.027671369 -0.239712999 -0.970005709
1561000745.094107628 185.507317 10.868419 -5.496215 -0.029022637 -0.022905266 -0.238490538 -0.970440775
1561000745.192866564 184.588977 10.718724 -5.487149 -0.028827538 -0.018863958 -0.237905755 -0.970677071
1561000745.294413805 183.635285 10.548670 -5.495291 -0.028829288 -0.018300337 -0.236531507 -0.971023592
1561000745.393047094 182.708501 10.408509 -5.497998 -0.028075833 -0.018791067 -0.235581631 -0.971267182
1561000745.494336605 181.762071 10.251238 -5.492876 -0.027525368 -0.019707281 -0.234069468 -0.971630311
1561000745.594791651 180.825275 10.100407 -5.484686 -0.028308663 -0.020547856 -0.233295604 -0.971776500
1561000745.694007635 179.876474 9.956082 -5.483781 -0.028539017 -0.020312599 -0.230963392 -0.972331648
1561000745.794456720 178.913631 9.816747 -5.479135 -0.028194328 -0.019978572 -0.230179527 -0.972534484
1561000745.892760754 177.974634 9.676690 -5.471003 -0.027330469 -0.020077135 -0.228948230 -0.972847707
1561000745.994329929 176.986268 9.533592 -5.454997 -0.027707333 -0.020329700 -0.226927170 -0.973305228
1561000746.094162703 176.021707 9.392791 -5.442767 -0.028618502 -0.021750928 -0.225234227 -0.973641321
1561000746.193775654 175.062130 9.267025 -5.436143 -0.029423543 -0.023478122 -0.223790901 -0.973909989
1561000746.294611216 174.088086 9.134764 -5.424943 -0.029917775 -0.023096130 -0.221319607 -0.974468638
1561000746.394424677 173.110953 9.010735 -5.413217 -0.030230290 -0.020517519 -0.219881585 -0.974842167
1561000746.494089842 172.116479 8.889873 -5.408350 -0.030131210 -0.017209320 -0.218545846 -0.975209548
1561000746.594319582 171.110199 8.766249 -5.407336 -0.030984878 -0.016442329 -0.216034716 -0.975755394
1561000746.694174051 170.103132 8.633125 -5.401790 -0.031645837 -0.018490430 -0.214368261 -0.976065005
1561000746.795210361 169.096751 8.507154 -5.392418 -0.032555909 -0.022951957 -0.212570692 -0.976333458
1561000746.894213200 168.100552 8.374515 -5.381679 -0.032602766 -0.025381911 -0.211174474 -0.976574708
1561000746.995282888 167.094461 8.265512 -5.360974 -0.032832724 -0.024856028 -0.210036814 -0.976825843
1561000747.095332623 166.096994 8.169542 -5.350499 -0.032540892 -0.021916986 -0.208708349 -0.977190647
1561000747.195479393 165.091102 8.071004 -5.345724 -0.032030588 -0.019015043 -0.207668188 -0.977489843
1561000747.295476913 164.061858 7.958254 -5.346877 -0.031238331 -0.018523619 -0.206274452 -0.977819969
1561000747.394671917 163.048995 7.860685 -5.325741 -0.032050859 -0.020122935 -0.205176927 -0.977992965
1561000747.495558977 162.013063 7.756912 -5.313311 -0.032467928 -0.024553086 -0.203314118 -0.978267013
1561000747.595478296 160.981482 7.651206 -5.301729 -0.032159748 -0.027576438 -0.201688009 -0.978533207
1561000747.694321156 159.961384 7.565978 -5.274787 -0.031547906 -0.027533093 -0.200714925 -0.978754401
1561000747.795386553 158.914828 7.484388 -5.246277 -0.031358210 -0.026367780 -0.199239965 -0.979093887
1561000747.894587994 157.875606 7.392296 -5.221055 -0.031835982 -0.026656192 -0.198130644 -0.979295750
1561000747.995278597 156.825291 7.296936 -5.202467 -0.032532954 -0.027715998 -0.196941987 -0.979483172
1561000748.094238758 155.781787 7.219889 -5.181490 -0.031467107 -0.026103025 -0.196447637 -0.979661564
1561000748.195380688 154.728725 7.129767 -5.164542 -0.030704965 -0.021963286 -0.195977133 -0.979881515
1561000748.295555830 153.668177 7.042626 -5.152103 -0.029903101 -0.017459456 -0.194298002 -0.980331198
1561000748.394488335 152.599104 6.959901 -5.152729 -0.029752299 -0.017462279 -0.193377186 -0.980517788
1561000748.495365858 151.515510 6.879263 -5.148286 -0.029123694 -0.019949120 -0.193297526 -0.980504926
1561000748.594985723 150.449503 6.791066 -5.137565 -0.029217038 -0.022709676 -0.192488186 -0.980601312
1561000748.695475101 149.399632 6.725824 -5.116823 -0.029758157 -0.023494795 -0.192804459 -0.980504405
1561000748.795526743 148.348093 6.643479 -5.101726 -0.029949796 -0.022563340 -0.193038006 -0.980474494
1561000748.895763874 147.271900 6.563498 -5.087029 -0.029453635 -0.020377810 -0.192909060 -0.980562758
1561000748.994474411 146.188337 6.479704 -5.081597 -0.028635177 -0.019649460 -0.192337131 -0.980714206
1561000749.095649242 145.109283 6.397784 -5.074406 -0.027824636 -0.020841442 -0.192951029 -0.980592333
1561000749.194426537 144.045201 6.311993 -5.060789 -0.027292406 -0.021727159 -0.192892834 -0.980599515
1561000749.295473099 142.933185 6.231465 -5.050721 -0.026998652 -0.021617632 -0.193215567 -0.980546529
1561000749.394413948 141.857124 6.162674 -5.033517 -0.027141506 -0.020166899 -0.193619945 -0.980493729
1561000749.495532036 140.760294 6.094720 -5.019168 -0.028114223 -0.018820089 -0.193993225 -0.980419310
1561000749.595309734 139.660982 6.001360 -5.008779 -0.028691777 -0.017971721 -0.194331514 -0.980351499
1561000749.694828272 138.590183 5.910549 -5.002503 -0.029254231 -0.019223819 -0.194810960 -0.980215958
1561000749.795632839 137.496075 5.816536 -4.988979 -0.029450853 -0.020644209 -0.194491550 -0.980244613
1561000749.894171476 136.444294 5.720233 -4.977346 -0.029036651 -0.021613695 -0.195113092 -0.980112546
1561000749.995312214 135.361835 5.625992 -4.964837 -0.028381218 -0.022248326 -0.195532732 -0.980033912
1561000750.094726801 134.304565 5.563396 -4.939603 -0.029208139 -0.022027086 -0.196221981 -0.979876842
1561000750.194269896 133.238278 5.460092 -4.924730 -0.029582860 -0.021759095 -0.196281660 -0.979859636
1561000750.295166492 132.168766 5.369937 -4.908891 -0.030147277 -0.020920102 -0.196606927 -0.979795493
1561000750.394176245 131.120161 5.278726 -4.889832 -0.031142574 -0.019668318 -0.196320796 -0.979847663
1561000750.495646954 130.060102 5.179956 -4.875415 -0.031320059 -0.020386450 -0.196666976 -0.979757902
1561000750.595580816 129.010469 5.087363 -4.870305 -0.031092970 -0.021967908 -0.196222801 -0.979820009
1561000750.694119215 127.972961 4.999201 -4.855385 -0.030414046 -0.022458149 -0.195584858 -0.979957744
1561000750.795322895 126.910547 4.913158 -4.837308 -0.030590296 -0.022825010 -0.195082984 -0.980043816
1561000750.894136667 125.875881 4.830252 -4.821099 -0.029749959 -0.023602769 -0.195446300 -0.979978874
1561000750.995337486 124.826850 4.745667 -4.801735 -0.029109702 -0.023145723 -0.195729596 -0.979952461
1561000751.095414162 123.802401 4.669387 -4.783612 -0.028593682 -0.022369943 -0.195638352 -0.980003889
1561000751.195491552 122.777877 4.588885 -4.766828 -0.027993103 -0.021634096 -0.194893613 -0.980186121
1561000751.295493603 121.758368 4.510386 -4.748114 -0.027163163 -0.021571856 -0.194499191 -0.980289183
1561000751.394486904 120.733100 4.429323 -4.736288 -0.027298331 -0.022244406 -0.194158632 -0.980337908
1561000751.495817184 119.706244 4.349301 -4.715832 -0.027431096 -0.023072558 -0.194264158 -0.980294154
1561000751.595463514 118.693407 4.266864 -4.690476 -0.027727041 -0.022932384 -0.194284763 -0.980285034
1561000751.695822716 117.686415 4.183339 -4.672569 -0.027745787 -0.022876271 -0.194206764 -0.980301270
1561000751.795827389 116.685233 4.101139 -4.656787 -0.027899741 -0.021684340 -0.194175186 -0.980330246
1561000751.895588398 115.681841 4.014547 -4.642924 -0.027654251 -0.020966959 -0.193946042 -0.980398165
1561000751.995483637 114.688512 3.933949 -4.629965 -0.027526029 -0.020672538 -0.193548019 -0.980486679
1561000752.094654799 113.695817 3.855043 -4.623944 -0.027758082 -0.020867884 -0.194070687 -0.980372678
1561000752.195443630 112.708086 3.787589 -4.608636 -0.027824003 -0.021336698 -0.194135103 -0.980347965
1561000752.295284986 111.729949 3.714069 -4.591586 -0.027771369 -0.021616841 -0.193662291 -0.980436831
1561000752.394134998 110.758398 3.638544 -4.578498 -0.027845533 -0.022283372 -0.193302788 -0.980490749
1561000752.495311260 109.774124 3.571572 -4.556659 -0.027240562 -0.021809789 -0.193207524 -0.980537168
1561000752.594788074 108.794177 3.495967 -4.544258 -0.027668732 -0.023470523 -0.193101689 -0.980507682
1561000752.694919586 107.813015 3.425065 -4.529099 -0.027179228 -0.024460792 -0.192984524 -0.980520236
1561000752.794868946 106.841547 3.359190 -4.508241 -0.027304032 -0.024495626 -0.192829191 -0.980546458
1561000752.895443916 105.870077 3.285395 -4.485142 -0.027630870 -0.023913281 -0.193002119 -0.980517655
1561000752.995433807 104.887988 3.210652 -4.470868 -0.028425951 -0.023575754 -0.193104815 -0.980482881
1561000753.094207048 103.937187 3.125453 -4.455639 -0.029121922 -0.022798831 -0.192976232 -0.980506145
1561000753.195276022 102.962392 3.048960 -4.443183 -0.029068043 -0.022689562 -0.193222551 -0.980461768
1561000753.295377016 102.002114 2.981808 -4.419629 -0.029330516 -0.022743679 -0.193657944 -0.980366792
1561000753.394322395 101.056022 2.890970 -4.410138 -0.029602796 -0.023835921 -0.194114852 -0.980242290
1561000753.495618820 100.090604 2.815925 -4.384637 -0.030367862 -0.023944613 -0.194305045 -0.980178554
1561000753.595070601 99.141127 2.727503 -4.369429 -0.030343204 -0.025319091 -0.194771637 -0.980052163
1561000753.694904566 98.191750 2.641613 -4.348768 -0.031741365 -0.025498115 -0.195465476 -0.979865082
1561000753.795683146 97.235384 2.563679 -4.323885 -0.032251753 -0.024898347 -0.196287123 -0.979699577
1561000753.894232035 96.290686 2.464749 -4.301704 -0.034226030 -0.027075372 -0.196417134 -0.979548780
1561000753.995286703 95.338656 2.388936 -4.277917 -0.034260722 -0.032885355 -0.196547048 -0.979343665
1561000754.095000744 94.407654 2.314758 -4.251475 -0.031183061 -0.037701179 -0.197285748 -0.979124390
1561000754.194218159 93.477596 2.253284 -4.211398 -0.028124378 -0.034692710 -0.197198609 -0.979345773
1561000754.295329571 92.534298 2.187231 -4.205132 -0.027270328 -0.025365178 -0.198248387 -0.979443982
1561000754.394069433 91.570341 2.120504 -4.228037 -0.027126263 -0.013957155 -0.199456188 -0.979431770
1561000754.495464087 90.581145 2.036416 -4.216037 -0.026329598 -0.006316770 -0.199419689 -0.979540014
1561000754.594432116 89.599647 1.934328 -4.198972 -0.027657656 -0.013685025 -0.199789702 -0.979352770
1561000754.694262981 88.654584 1.858460 -4.174574 -0.029576457 -0.022544438 -0.200707788 -0.978945027
1561000754.787065029 87.768958 1.779459 -4.159469 -0.029894198 -0.038686617 -0.200301852 -0.978513592
1561000754.886058807 86.840456 1.694558 -4.126061 -0.028098988 -0.034747644 -0.201078950 -0.978555213
1561000754.987448215 85.887443 1.615202 -4.106017 -0.026803825 -0.026190511 -0.200604407 -0.978955302
1561000755.087203741 84.929336 1.524616 -4.090079 -0.027307123 -0.019869741 -0.200742773 -0.979061721
1561000755.187289476 83.965582 1.425447 -4.089025 -0.029620013 -0.020584783 -0.200274602 -0.979075587
1561000755.288733006 82.989056 1.317607 -4.098021 -0.029680815 -0.025858463 -0.199825859 -0.979040354
1561000755.386167526 82.070551 1.218306 -4.090394 -0.027617380 -0.029070082 -0.199071615 -0.979164288
1561000755.486583948 81.120934 1.152388 -4.062299 -0.025706355 -0.028429163 -0.198448525 -0.979361603
1561000755.586354494 80.179146 1.086418 -4.034591 -0.026201345 -0.028003301 -0.197613770 -0.979529531
1561000755.687470198 79.222355 0.998843 -4.015876 -0.025767914 -0.029964163 -0.197046638 -0.979597257
1561000755.787466288 78.285148 0.929304 -3.993603 -0.026152916 -0.031731398 -0.196858110 -0.979569307
1561000755.886331081 77.349042 0.851422 -3.969843 -0.025748571 -0.031226909 -0.196058652 -0.979756550
1561000755.987391233 76.401770 0.773832 -3.949092 -0.025178933 -0.030056461 -0.195967920 -0.979826109
1561000756.087261438 75.451616 0.692429 -3.922633 -0.025261894 -0.027880021 -0.194769864 -0.980127156
1561000756.187165499 74.505095 0.613174 -3.901141 -0.026527221 -0.027340153 -0.194731885 -0.980116481
1561000756.287365437 73.551079 0.537345 -3.887388 -0.027003447 -0.027260527 -0.194372749 -0.980176980
1561000756.386412621 72.595386 0.456653 -3.872549 -0.027149130 -0.027531240 -0.194227082 -0.980194264
1561000756.487496614 71.638062 0.392193 -3.853716 -0.027006628 -0.026923599 -0.194187938 -0.980222835
1561000756.587498665 70.695165 0.302181 -3.835360 -0.026862559 -0.027469139 -0.194375572 -0.980174467
1561000756.687563896 69.755968 0.223803 -3.820169 -0.026646003 -0.028452730 -0.194401100 -0.980147257
1561000756.787661552 68.825263 0.160770 -3.796933 -0.027273351 -0.029004325 -0.194431220 -0.980107858
1561000756.889217138 67.891469 0.092962 -3.778228 -0.027325790 -0.029412488 -0.194843231 -0.980012409
1561000756.987627268 66.967649 0.008303 -3.758166 -0.027058697 -0.029111504 -0.194697953 -0.980057679
1561000757.087354898 66.033238 -0.066508 -3.743994 -0.026710116 -0.028538756 -0.195015109 -0.980021028
1561000757.187693119 65.086429 -0.133273 -3.718890 -0.026291579 -0.027834685 -0.194846731 -0.980086085
1561000757.287587404 64.153276 -0.212772 -3.693787 -0.026330744 -0.028388001 -0.195413702 -0.979956274
1561000757.386408567 63.235019 -0.286394 -3.666226 -0.026807347 -0.029501790 -0.195533679 -0.979886519
1561000757.487453222 62.298564 -0.365241 -3.647845 -0.027556448 -0.030608944 -0.195938521 -0.979750902
1561000757.587337255 61.372986 -0.446233 -3.628026 -0.026937069 -0.030089641 -0.195894829 -0.979792950
1561000757.687212944 60.455004 -0.514341 -3.606380 -0.026440853 -0.028226975 -0.196345702 -0.979771649
1561000757.786118507 59.533001 -0.589909 -3.587289 -0.026444388 -0.027927680 -0.195927029 -0.979863939
1561000757.886039019 58.617219 -0.666157 -3.566374 -0.027352483 -0.030299924 -0.196152814 -0.979723343
1561000757.987149715 57.715113 -0.756740 -3.535475 -0.027559416 -0.037559479 -0.196154028 -0.979465855
1561000758.087800264 56.806479 -0.830942 -3.499115 -0.025500563 -0.045804840 -0.196335427 -0.979134331
1561000758.187936068 55.931018 -0.876714 -3.446999 -0.024364442 -0.044538850 -0.197130944 -0.979061824
1561000758.287840366 55.050717 -0.935348 -3.453257 -0.022777022 -0.039820430 -0.198749149 -0.978976157
1561000758.386033535 54.153581 -1.015756 -3.483572 -0.022680827 -0.030810851 -0.200493599 -0.978947694
1561000758.489424229 53.207268 -1.109837 -3.486887 -0.024421802 -0.017784480 -0.200513064 -0.979225101
1561000758.588478565 52.266814 -1.216899 -3.466145 -0.024425747 -0.018918966 -0.199222583 -0.979467109
1561000758.688286066 51.364137 -1.310322 -3.463353 -0.025607833 -0.026255844 -0.197620964 -0.979592172
1561000758.789231539 50.450512 -1.389227 -3.415780 -0.026280133 -0.042327142 -0.198584596 -0.978816595
1561000758.887700558 49.601248 -1.454772 -3.350036 -0.025142004 -0.044789815 -0.200023256 -0.978443892
1561000758.989211321 48.717055 -1.519214 -3.300323 -0.023865816 -0.040775777 -0.200998206 -0.978451573
1561000759.087633371 47.825083 -1.598457 -3.272460 -0.023700471 -0.032533333 -0.200655243 -0.978834686
1561000759.187881947 46.916081 -1.685458 -3.265537 -0.025406998 -0.029241902 -0.200244260 -0.978979894
1561000759.289392233 45.980527 -1.771535 -3.260228 -0.024445435 -0.033193441 -0.199524579 -0.979025311
1561000759.388823986 45.069689 -1.852247 -3.229861 -0.024562208 -0.038595886 -0.198805622 -0.978970572
1561000759.489273787 44.150772 -1.939066 -3.186556 -0.026007713 -0.041149785 -0.198891426 -0.978811777
1561000759.588258505 43.244156 -2.016734 -3.156316 -0.027936710 -0.040082057 -0.198886517 -0.978803924
1561000759.689121008 42.313473 -2.093336 -3.128887 -0.028968378 -0.038382399 -0.198543636 -0.978911666
1561000759.789196253 41.391296 -2.185541 -3.105510 -0.029388165 -0.034552168 -0.197715368 -0.979209435
1561000759.887532949 40.459836 -2.263689 -3.082208 -0.029729039 -0.032861305 -0.197431058 -0.979314708
1561000759.989903927 39.512675 -2.335325 -3.066396 -0.030211842 -0.032774522 -0.197396291 -0.979309849
1561000760.088030100 38.595713 -2.418301 -3.049107 -0.029657545 -0.034372987 -0.196551208 -0.979441959
1561000760.188596725 37.659382 -2.500063 -3.033536 -0.029633235 -0.035717151 -0.196347782 -0.979435401
1561000760.290575266 36.727853 -2.574682 -3.004490 -0.028970534 -0.034978050 -0.196181558 -0.979515207
1561000760.388192892 35.819340 -2.652292 -2.974149 -0.029193605 -0.034262005 -0.195313324 -0.979707382
1561000760.489524364 34.901231 -2.729167 -2.950897 -0.028968935 -0.033617085 -0.195236756 -0.979751653
1561000760.587959528 33.987916 -2.795013 -2.935295 -0.028711615 -0.034728168 -0.194962822 -0.979775023
1561000760.689931393 33.056949 -2.865413 -2.909232 -0.027237517 -0.035351502 -0.193629635 -0.980059158
1561000760.789861917 32.151623 -2.940531 -2.872478 -0.027878702 -0.036742144 -0.194057848 -0.979905273
1561000760.888943434 31.252361 -3.013414 -2.838480 -0.028069582 -0.038607835 -0.193685191 -0.979901822
1561000760.990465641 30.352199 -3.078793 -2.807119 -0.027561169 -0.038497560 -0.193312248 -0.979994232
1561000761.088968515 29.487132 -3.143779 -2.775811 -0.028225854 -0.038286024 -0.192910351 -0.980062793
1561000761.190535069 28.586949 -3.216536 -2.746429 -0.028273868 -0.037226613 -0.192973561 -0.980089778
1561000761.290082216 27.703958 -3.279665 -2.717826 -0.028442734 -0.036795080 -0.192626441 -0.980169469
1561000761.387989759 26.840032 -3.345252 -2.697649 -0.028460127 -0.036438255 -0.192422480 -0.980222354
1561000761.489590883 25.964868 -3.403318 -2.666629 -0.028082917 -0.036474468 -0.192459657 -0.980224588
1561000761.588257790 25.132899 -3.476679 -2.632846 -0.027729535 -0.035942729 -0.192316388 -0.980282408
1561000761.689217806 24.276807 -3.535023 -2.605291 -0.027325912 -0.035997430 -0.192162563 -0.980321901
1561000761.789266586 23.451449 -3.591064 -2.579684 -0.027023984 -0.035905683 -0.192006771 -0.980364160
1561000761.889374733 22.634526 -3.645207 -2.548009 -0.026529777 -0.035395028 -0.192235687 -0.980351367
1561000761.988043547 21.841756 -3.702452 -2.516830 -0.026144586 -0.035175824 -0.191973001 -0.980421077
1561000762.087930918 21.050417 -3.764971 -2.489271 -0.026305741 -0.036108740 -0.192305786 -0.980317628
1561000762.189778566 20.281736 -3.812628 -2.464273 -0.026367993 -0.037452894 -0.191941798 -0.980336858
1561000762.289742947 19.527784 -3.864381 -2.436738 -0.025894566 -0.037680833 -0.192407609 -0.980249427
1561000762.387994528 18.785680 -3.925888 -2.413324 -0.025350899 -0.037182460 -0.192582053 -0.980248412
1561000762.488509655 18.063152 -3.976943 -2.385634 -0.025202968 -0.037532904 -0.192474189 -0.980260056
1561000762.588110209 17.337715 -4.028133 -2.355910 -0.025199814 -0.038059371 -0.192575650 -0.980219910
1561000762.689795017 16.602833 -4.080855 -2.328180 -0.025499372 -0.039356209 -0.192454854 -0.980184676
1561000762.789741278 15.886806 -4.128786 -2.299551 -0.025521403 -0.040153389 -0.192534808 -0.980136068
1561000762.888046265 15.175757 -4.189764 -2.265745 -0.025451869 -0.044170356 -0.192414303 -0.979988734
1561000762.989781380 14.437719 -4.253788 -2.215193 -0.025101785 -0.054084751 -0.192325715 -0.979518024
1561000763.088028431 13.768059 -4.305064 -2.175100 -0.023199922 -0.063753163 -0.192284639 -0.978991274
1561000763.189731359 13.088676 -4.338336 -2.130230 -0.019917348 -0.066716993 -0.192562392 -0.978811456
1561000763.289497852 12.428894 -4.368219 -2.085246 -0.018673218 -0.061016143 -0.193096537 -0.979102685
1561000763.389008760 11.736458 -4.431723 -2.025748 -0.017809014 -0.055761004 -0.194064893 -0.979240709
1561000763.489738464 11.011035 -4.524472 -1.969471 -0.016847962 -0.050653229 -0.195672396 -0.979215354
1561000763.587996006 10.309315 -4.617590 -1.956373 -0.017637114 -0.037124890 -0.196458115 -0.979650388
1561000763.687936783 9.571881 -4.673014 -1.956157 -0.017852275 -0.027530218 -0.196833460 -0.979887735
1561000763.789735317 8.823164 -4.717649 -1.976396 -0.018851947 -0.026262132 -0.197183438 -0.979833453
1561000763.888099909 8.125377 -4.749584 -1.960047 -0.020477529 -0.034254667 -0.198309640 -0.979326593
1561000763.990075827 7.428961 -4.816497 -1.924092 -0.022958018 -0.043255583 -0.198625663 -0.978851230
1561000764.088507414 6.749003 -4.883599 -1.895896 -0.025716931 -0.051457013 -0.200317069 -0.978040841
1561000764.189887524 6.046279 -4.947504 -1.881212 -0.026409718 -0.052085197 -0.201540988 -0.977737638
1561000764.289807796 5.359308 -4.993858 -1.865072 -0.024844841 -0.049214267 -0.202856887 -0.977655243
1561000764.388140202 4.660080 -5.066353 -1.831316 -0.024318048 -0.045448221 -0.203890266 -0.977635848
1561000764.489780426 3.923277 -5.127354 -1.798752 -0.024826190 -0.042339447 -0.204937261 -0.977543733
1561000764.588628531 3.200439 -5.204198 -1.769859 -0.025066259 -0.043170803 -0.205696267 -0.977341808
1561000764.689995766 2.445301 -5.285799 -1.739368 -0.025335836 -0.045631725 -0.206661312 -0.977019418
1561000764.789911270 1.711058 -5.365430 -1.707281 -0.024450872 -0.047214732 -0.207943375 -0.976694669
1561000764.888354778 0.985535 -5.442729 -1.667150 -0.024443197 -0.047591284 -0.208307732 -0.976598939
1561000764.990154982 0.238834 -5.533783 -1.634696 -0.024419159 -0.047031580 -0.209335747 -0.976406821
1561000765.088940620 -0.503312 -5.616466 -1.592205 -0.025457868 -0.046881519 -0.210188932 -0.976204196
1561000765.189948082 -1.256706 -5.706619 -1.556129 -0.026605837 -0.048403666 -0.210569642 -0.976017234
1561000765.289691687 -2.021747 -5.804240 -1.518236 -0.027466370 -0.049814301 -0.211466950 -0.975728376
1561000765.387824059 -2.766925 -5.880188 -1.485132 -0.027184821 -0.049752499 -0.211598376 -0.975710921
1561000765.489679575 -3.539501 -5.969661 -1.448028 -0.027315942 -0.048228145 -0.212391855 -0.975611391
1561000765.587779760 -4.312040 -6.065834 -1.408819 -0.027908192 -0.046401697 -0.212988614 -0.975553108
1561000765.689435244 -5.091892 -6.164710 -1.373146 -0.028179262 -0.045544847 -0.213790571 -0.975410266
1561000765.789507866 -5.859127 -6.261049 -1.340965 -0.028357504 -0.045696118 -0.214085011 -0.975333443
1561000765.889340639 -6.633744 -6.358693 -1.308898 -0.028104431 -0.045737660 -0.214807894 -0.975179869
1561000765.989140034 -7.423013 -6.451346 -1.274393 -0.028096329 -0.045602746 -0.215192163 -0.975101697
1561000766.087647200 -8.210569 -6.545046 -1.236801 -0.027906421 -0.045502141 -0.215731152 -0.974992747
1561000766.191037893 -9.033741 -6.650199 -1.200124 -0.027969646 -0.046036869 -0.216489453 -0.974797734
1561000766.291178465 -9.823075 -6.749682 -1.161973 -0.028188614 -0.046785761 -0.216732525 -0.974701753
1561000766.391047716 -10.624796 -6.858822 -1.127203 -0.027942103 -0.046931749 -0.217547335 -0.974520296
1561000766.491319180 -11.444758 -6.947030 -1.085509 -0.028343697 -0.046972648 -0.217978729 -0.974410324
1561000766.589521170 -12.249333 -7.051099 -1.047199 -0.028680457 -0.047068814 -0.218719252 -0.974229874
1561000766.691160440 -13.061670 -7.171287 -1.011596 -0.028901307 -0.046947132 -0.219366020 -0.974083790
1561000766.790711403 -13.869572 -7.291508 -0.976933 -0.028951157 -0.046713100 -0.219798229 -0.973996127
1561000766.888809681 -14.683209 -7.404001 -0.937130 -0.028593814 -0.046305493 -0.220396960 -0.973890843
1561000766.990688801 -15.523226 -7.512217 -0.900738 -0.028391132 -0.046231553 -0.221266638 -0.973703067
1561000767.090823174 -16.359133 -7.627142 -0.860502 -0.028010410 -0.045398134 -0.221931244 -0.973602049
1561000767.190737724 -17.195240 -7.751102 -0.820196 -0.027882652 -0.044624935 -0.222649249 -0.973477521
1561000767.292632580 -18.031694 -7.867209 -0.781369 -0.028739707 -0.046025230 -0.223441989 -0.973205726
1561000767.390914917 -18.864939 -7.978619 -0.738222 -0.029409519 -0.048383977 -0.224516077 -0.972824035
1561000767.492160082 -19.703610 -8.092903 -0.700793 -0.029654193 -0.050890797 -0.225233239 -0.972522876
1561000767.590742350 -20.522528 -8.207680 -0.648643 -0.029497370 -0.050169313 -0.225819805 -0.972429103
1561000767.692031622 -21.362768 -8.341547 -0.607203 -0.029016880 -0.047580810 -0.226637052 -0.972383532
1561000767.792120457 -22.190839 -8.462311 -0.570049 -0.029189314 -0.045711816 -0.227515648 -0.972262847
1561000767.890590191 -23.021852 -8.595185 -0.526886 -0.029805248 -0.045699104 -0.228311536 -0.972058168
1561000767.993302822 -23.885005 -8.726669 -0.484741 -0.029982830 -0.047854418 -0.228733842 -0.971849687
1561000768.091999054 -24.716424 -8.851450 -0.436007 -0.029886797 -0.049202210 -0.229562471 -0.971589931
1561000768.192921162 -25.563169 -8.984421 -0.395338 -0.029949218 -0.050029984 -0.230271796 -0.971377859
1561000768.293286800 -26.397015 -9.120115 -0.356877 -0.029865747 -0.049199079 -0.230354257 -0.971403317
1561000768.392937660 -27.245960 -9.250254 -0.312311 -0.030153766 -0.048116317 -0.231334279 -0.971215744
1561000768.493353128 -28.083440 -9.381263 -0.271893 -0.030098978 -0.047271128 -0.231841088 -0.971138096
1561000768.592246771 -28.933695 -9.526257 -0.221053 -0.029737912 -0.045755959 -0.232296321 -0.971113005
1561000768.693548441 -29.782435 -9.659040 -0.185503 -0.029805128 -0.045649969 -0.233034040 -0.970939169
1561000768.795241833 -30.642787 -9.794467 -0.147148 -0.028522188 -0.045607865 -0.232462908 -0.971116576
1561000768.894323826 -31.474336 -9.939400 -0.105017 -0.027438837 -0.045025173 -0.232937524 -0.971061251
1561000768.995748520 -32.297597 -10.082463 -0.059527 -0.027556250 -0.045708259 -0.233116426 -0.970983079
1561000769.094164848 -33.104525 -10.207532 -0.008537 -0.028777129 -0.047401052 -0.233115858 -0.970866630
1561000769.195285082 -33.933795 -10.348935 0.035606 -0.029789427 -0.050183968 -0.233901197 -0.970507284
1561000769.287254572 -34.708495 -10.460577 0.074904 -0.029544457 -0.051830196 -0.234249752 -0.970344171
1561000769.386588573 -35.536355 -10.585902 0.128836 -0.030050393 -0.054064643 -0.234311696 -0.970191743
1561000769.487317085 -36.350229 -10.730934 0.183683 -0.030262730 -0.060283486 -0.234707545 -0.969722866
1561000769.586414576 -37.143687 -10.871666 0.251869 -0.028973981 -0.066323703 -0.234440934 -0.969432372
1561000769.686781168 -37.927927 -10.992549 0.317670 -0.028086105 -0.067963476 -0.235504408 -0.969087102
1561000769.787528515 -38.695307 -11.119746 0.348763 -0.026940857 -0.061875901 -0.237132990 -0.969130284
1561000769.886098623 -39.448604 -11.243679 0.342971 -0.024217453 -0.059781359 -0.239584318 -0.968730643
1561000769.987148285 -40.235908 -11.367260 0.323370 -0.021471314 -0.053164380 -0.242463269 -0.968464813
1561000770.086282492 -41.024500 -11.513510 0.326718 -0.022527330 -0.040860500 -0.242695458 -0.968979800
1561000770.186225891 -41.851400 -11.684040 0.391489 -0.027424134 -0.032239209 -0.241778233 -0.969407982
1561000770.287358046 -42.680392 -11.834615 0.381665 -0.030101673 -0.026255361 -0.241103640 -0.969677049
1561000770.385975599 -43.461930 -11.996566 0.421449 -0.031940566 -0.033515706 -0.241098878 -0.969395600
1561000770.487070084 -44.259782 -12.127851 0.444947 -0.030686184 -0.045611901 -0.242488600 -0.968595474
1561000770.586006880 -45.013952 -12.278354 0.573240 -0.030656499 -0.058128150 -0.243749870 -0.967609063
1561000770.687139273 -45.799626 -12.435748 0.656349 -0.032205220 -0.052404949 -0.245358549 -0.967479058
1561000770.787240505 -46.589559 -12.595195 0.707987 -0.034127719 -0.053006363 -0.245982239 -0.967221982
1561000770.885692120 -47.381282 -12.756620 0.752857 -0.034608617 -0.056866507 -0.246272980 -0.966911611
1561000770.987006426 -48.200104 -12.920058 0.799612 -0.034505545 -0.059043523 -0.246910651 -0.966622139
1561000771.086636305 -48.987853 -13.068568 0.843287 -0.033602403 -0.057079587 -0.247543537 -0.966610054
1561000771.186360121 -49.779801 -13.213061 0.883016 -0.032687599 -0.053420804 -0.247698171 -0.966810920
1561000771.288227558 -50.609672 -13.372872 0.925256 -0.032771731 -0.050139576 -0.248792680 -0.966702767
1561000771.387103081 -51.429571 -13.545112 0.964793 -0.033157228 -0.049432310 -0.249509578 -0.966541264
1561000771.487852335 -52.263550 -13.713815 1.003601 -0.033153907 -0.050280261 -0.250060271 -0.966355305
1561000771.586235762 -53.105223 -13.871268 1.042490 -0.032878921 -0.051843751 -0.249888961 -0.966326399
1561000771.688032389 -53.936919 -14.045332 1.082947 -0.031144299 -0.052426522 -0.249784377 -0.966379458
1561000771.788120508 -54.776448 -14.207867 1.118804 -0.029593358 -0.053218424 -0.250061137 -0.966313334
1561000771.887941599 -55.592328 -14.364757 1.161680 -0.029100394 -0.052443503 -0.250409644 -0.966280423
1561000771.988516808 -56.435904 -14.529405 1.209436 -0.028484454 -0.052147777 -0.250392527 -0.966319216
1561000772.086264849 -57.256093 -14.698296 1.248675 -0.028313469 -0.053673965 -0.250826169 -0.966128193
1561000772.188276529 -58.115556 -14.859860 1.298291 -0.029205632 -0.056298678 -0.251139881 -0.965870721
1561000772.288066387 -58.949255 -15.018944 1.355008 -0.029134263 -0.057822654 -0.251617568 -0.965658498
1561000772.386090517 -59.785836 -15.184923 1.411567 -0.030286039 -0.058551982 -0.251575941 -0.965589958
1561000772.488030672 -60.635742 -15.365313 1.466508 -0.031287790 -0.057584520 -0.252041161 -0.965494873
1561000772.585962772 -61.483043 -15.531374 1.519133 -0.032266004 -0.056276435 -0.252811268 -0.965338454
1561000772.687943220 -62.341192 -15.720584 1.568310 -0.032872284 -0.054084685 -0.253451805 -0.965275320
1561000772.788690090 -63.210041 -15.900901 1.612197 -0.033032098 -0.053027297 -0.253674512 -0.965270029
1561000772.886712074 -64.057334 -16.086754 1.655659 -0.033428332 -0.052830595 -0.253859656 -0.965218498
1561000772.988287210 -64.933591 -16.256214 1.698928 -0.033537660 -0.054044910 -0.254410770 -0.965002349
1561000773.085923910 -65.788871 -16.452372 1.748153 -0.033757237 -0.055089804 -0.254793387 -0.964834645
1561000773.189471722 -66.665597 -16.642666 1.799658 -0.034137947 -0.056072102 -0.254834881 -0.964753701
1561000773.290180922 -67.521507 -16.815498 1.847832 -0.034433542 -0.056305579 -0.255506566 -0.964551921
1561000773.387595415 -68.371709 -16.989335 1.896482 -0.034483888 -0.055515778 -0.254974129 -0.964736779
1561000773.489495516 -69.234017 -17.176580 1.944365 -0.034621880 -0.055265471 -0.254981664 -0.964744217
1561000773.589109421 -70.104341 -17.366193 1.990940 -0.034806182 -0.054556340 -0.254045239 -0.965024949
1561000773.690456152 -70.961640 -17.537451 2.040422 -0.034642472 -0.054042813 -0.253453604 -0.965215284
1561000773.790565252 -71.855424 -17.704600 2.083634 -0.033898858 -0.053745989 -0.253588190 -0.965222910
1561000773.889525414 -72.744476 -17.904227 2.134603 -0.033096179 -0.052062762 -0.253379019 -0.965397941
1561000773.990453720 -73.642304 -18.091002 2.175295 -0.033008787 -0.052616204 -0.253645251 -0.965301011
1561000774.088794470 -74.506438 -18.271613 2.221954 -0.032762676 -0.053417337 -0.253365766 -0.965338792
1561000774.190401316 -75.412910 -18.474808 2.275465 -0.033057735 -0.055658746 -0.254214589 -0.964978877
1561000774.290547371 -76.279172 -18.644063 2.325911 -0.033256807 -0.056671479 -0.254285501 -0.964894405
1561000774.389345169 -77.135351 -18.809566 2.380187 -0.033293382 -0.056180127 -0.253850201 -0.965036486
1561000774.490986586 -78.023654 -18.997148 2.431055 -0.033720151 -0.055311779 -0.254486140 -0.964904329
1561000774.589297771 -78.894177 -19.188385 2.477577 -0.033315247 -0.053712414 -0.254647649 -0.964966137
1561000774.690846682 -79.800703 -19.383362 2.524982 -0.033127601 -0.052632212 -0.255350115 -0.964846481
1561000774.789179087 -80.668803 -19.574167 2.573213 -0.032618273 -0.052361571 -0.254819535 -0.965018818
1561000774.889859915 -81.551095 -19.758529 2.622279 -0.032772147 -0.053309368 -0.254610747 -0.965016821
1561000774.990666389 -82.428270 -19.938713 2.673340 -0.032672805 -0.055165012 -0.254853892 -0.964851700
1561000775.089098215 -83.279162 -20.109824 2.726334 -0.033303169 -0.056348707 -0.254789154 -0.964778840
1561000775.190711260 -84.155304 -20.300014 2.779052 -0.033842806 -0.057152855 -0.254368057 -0.964823874
1561000775.289255619 -85.012563 -20.468959 2.828084 -0.034079809 -0.056804712 -0.254645408 -0.964762928
1561000775.389303923 -85.864360 -20.642874 2.879090 -0.033800935 -0.055288003 -0.253996775 -0.965031798
1561000775.490655422 -86.748574 -20.822140 2.925065 -0.033790219 -0.054145839 -0.254333382 -0.965008280
1561000775.590528727 -87.601779 -20.994265 2.969934 -0.033149478 -0.052718203 -0.253965202 -0.965206496
1561000775.692143440 -88.465513 -21.184244 3.016764 -0.032344766 -0.052721358 -0.253951860 -0.965237135
1561000775.792043686 -89.314495 -21.365893 3.065551 -0.031880157 -0.053825284 -0.253998173 -0.965179477
1561000775.890817165 -90.161133 -21.544108 3.115981 -0.031339620 -0.056248434 -0.254547129 -0.964914349
1561000775.992043972 -91.019697 -21.715177 3.166569 -0.031155821 -0.057958814 -0.254740638 -0.964768002
1561000776.091811895 -91.877414 -21.900968 3.227012 -0.031842259 -0.059264992 -0.255227983 -0.964537406
1561000776.190580368 -92.717511 -22.075835 3.299289 -0.032647964 -0.065755545 -0.255339216 -0.964060270
1561000776.291985035 -93.565459 -22.259413 3.376362 -0.031446682 -0.075069844 -0.255246294 -0.963444318
1561000776.393445730 -94.408279 -22.410350 3.457072 -0.030473582 -0.080664276 -0.255449459 -0.962969475
1561000776.492316961 -95.195175 -22.577682 3.483791 -0.028912103 -0.076776434 -0.256350509 -0.963095990
1561000776.590683699 -96.014822 -22.757132 3.493591 -0.023867681 -0.077645764 -0.256883253 -0.963022567
1561000776.692180157 -96.839515 -22.953172 3.487009 -0.020446467 -0.082159716 -0.257303071 -0.962614592
1561000776.793358564 -97.672059 -23.179065 3.479563 -0.020335205 -0.073356360 -0.257184344 -0.963359506
1561000776.892969608 -98.577274 -23.344593 3.463374 -0.024170283 -0.048494482 -0.257895026 -0.964652392
1561000776.993688583 -99.462838 -23.532567 3.499515 -0.028154647 -0.047086805 -0.257232789 -0.964790879
1561000777.092419624 -100.290167 -23.690511 3.527149 -0.028600570 -0.051542468 -0.257816963 -0.964394004
1561000777.194827080 -101.113436 -23.878144 3.617154 -0.027659151 -0.064279341 -0.258430740 -0.963491925
1561000777.293206692 -101.932691 -24.072836 3.705398 -0.027359916 -0.067149349 -0.259119449 -0.963119676
1561000777.392535686 -102.793620 -24.248271 3.763208 -0.025687162 -0.060173193 -0.259288989 -0.963581121
1561000777.493455887 -103.691527 -24.461359 3.824073 -0.027246553 -0.053856773 -0.259773291 -0.963781568
1561000777.592404842 -104.581468 -24.659916 3.885336 -0.028110094 -0.054510099 -0.260493789 -0.963525536
1561000777.693666697 -105.475802 -24.848561 3.935350 -0.027269970 -0.058719321 -0.260089363 -0.963411601
1561000777.793915987 -106.348456 -25.039497 3.983682 -0.027437322 -0.063947284 -0.260678759 -0.962914598
1561000777.893477201 -107.207945 -25.209891 4.046073 -0.027318509 -0.064427177 -0.261418215 -0.962685491
1561000777.994845390 -108.079515 -25.420487 4.091988 -0.027822842 -0.063555846 -0.262265907 -0.962498383
1561000778.093599558 -108.945835 -25.620898 4.136029 -0.028008743 -0.059914676 -0.262640100 -0.962624496
1561000778.194677591 -109.813642 -25.828156 4.191739 -0.028371351 -0.058626934 -0.262885486 -0.962626184
1561000778.294579744 -110.688362 -26.030526 4.246839 -0.027938044 -0.059123769 -0.262881853 -0.962609462
1561000778.394254923 -111.561803 -26.243848 4.303073 -0.027907876 -0.061294948 -0.263480468 -0.962310824
1561000778.494666338 -112.446416 -26.462246 4.361438 -0.027250809 -0.063750631 -0.263988385 -0.962030864
1561000778.593527555 -113.311926 -26.670927 4.420969 -0.027346648 -0.064448688 -0.264103598 -0.961950008
1561000778.694808245 -114.185451 -26.877883 4.473415 -0.027843450 -0.064098145 -0.264679412 -0.961800904
1561000778.796369791 -115.070711 -27.080831 4.520702 -0.027856717 -0.062045884 -0.265308616 -0.961761743
1561000778.886803389 -115.884957 -27.258230 4.564311 -0.027253882 -0.060300843 -0.265712234 -0.961778583
1561000778.987039566 -116.800670 -27.460206 4.618208 -0.027025116 -0.059129606 -0.266411128 -0.961664413
1561000779.085712433 -117.675306 -27.667097 4.665441 -0.024841443 -0.059569409 -0.266717700 -0.961611177
1561000779.186903000 -118.552457 -27.877175 4.730956 -0.024769480 -0.060685315 -0.267683554 -0.961274820
1561000779.285641432 -119.415989 -28.083062 4.798046 -0.025742038 -0.063088370 -0.268068371 -0.960987281
1561000779.386821508 -120.263170 -28.298422 4.854217 -0.025819199 -0.065056960 -0.269604441 -0.960424076
1561000779.486929655 -121.117509 -28.512820 4.910527 -0.025687528 -0.064478769 -0.269943508 -0.960371356
1561000779.585644245 -121.955251 -28.708955 4.965100 -0.025511371 -0.062715463 -0.271349313 -0.960096605
1561000779.687046766 -122.807970 -28.915258 5.015459 -0.025402472 -0.061373587 -0.272373944 -0.959896053
1561000779.787026167 -123.646362 -29.131642 5.065278 -0.025866490 -0.060970992 -0.273134218 -0.959693264
1561000779.885753870 -124.465227 -29.333557 5.119564 -0.025380261 -0.061275422 -0.273989974 -0.959442890
1561000779.988118649 -125.304810 -29.551494 5.170899 -0.025173970 -0.062121269 -0.274789394 -0.959165266
1561000780.088176966 -126.119538 -29.762862 5.223669 -0.024286853 -0.062678765 -0.275871743 -0.958841125
1561000780.187885284 -126.930170 -29.977661 5.280502 -0.024267208 -0.062769531 -0.277113853 -0.958477439
1561000780.286154032 -127.738559 -30.188052 5.341107 -0.024015969 -0.062423462 -0.278347644 -0.958148805
1561000780.386768818 -128.563099 -30.409231 5.395592 -0.024946248 -0.063048957 -0.279409567 -0.957774925
1561000780.488116503 -129.364979 -30.630409 5.442029 -0.025997185 -0.064301034 -0.280662893 -0.957297166
1561000780.586358786 -130.149579 -30.842638 5.488457 -0.023669937 -0.068326645 -0.281696037 -0.956775076
1561000780.687965155 -130.931427 -31.055810 5.547029 -0.020807155 -0.072350259 -0.282269705 -0.956376660
1561000780.788094759 -131.706814 -31.260736 5.627811 -0.019100166 -0.074038767 -0.282805210 -0.956124813
1561000780.885877132 -132.473562 -31.458080 5.704437 -0.020617553 -0.071522894 -0.284412800 -0.955807905
1561000780.987933159 -133.276587 -31.676062 5.753662 -0.022225702 -0.065964060 -0.285700258 -0.955787698
1561000781.085805655 -134.053325 -31.906802 5.786065 -0.023887882 -0.057865854 -0.287456400 -0.955745641
1561000781.187957525 -134.852829 -32.135548 5.814379 -0.024243414 -0.050499395 -0.288729386 -0.955770584
1561000781.286010504 -135.638396 -32.372555 5.855790 -0.024550244 -0.047799657 -0.288859051 -0.955862400
1561000781.387593746 -136.420775 -32.606252 5.901870 -0.024375506 -0.053583821 -0.289626105 -0.955327864
1561000781.489011049 -137.172260 -32.839118 5.946340 -0.024767895 -0.062095943 -0.290280453 -0.954603532
1561000781.587706804 -137.929463 -33.057824 5.994716 -0.025016053 -0.069175755 -0.291792715 -0.953648742
1561000781.689433813 -138.691821 -33.274486 6.049924 -0.025102548 -0.069687347 -0.293305851 -0.953144907
1561000781.791358232 -139.446686 -33.493006 6.099865 -0.024735071 -0.066593473 -0.294504212 -0.953006167
1561000781.889955997 -140.209085 -33.716846 6.144365 -0.025072640 -0.062544863 -0.295631742 -0.952922545
1561000781.990843296 -140.992996 -33.956601 6.187329 -0.025014732 -0.059874073 -0.296563476 -0.952806100
1561000782.090707064 -141.752854 -34.192253 6.238562 -0.025000581 -0.058138033 -0.297335934 -0.952673230
1561000782.192322969 -142.526880 -34.417030 6.279929 -0.024887881 -0.059381589 -0.298046285 -0.952377463
1561000782.290875435 -143.275326 -34.659651 6.315117 -0.024316623 -0.060811470 -0.298911260 -0.952030843
1561000782.392405272 -144.036311 -34.892304 6.359384 -0.023422221 -0.061745773 -0.299936923 -0.951670479
1561000782.492164612 -144.786690 -35.119303 6.405006 -0.023086246 -0.061979635 -0.300492573 -0.951488184
1561000782.592455149 -145.543706 -35.353569 6.456515 -0.022666889 -0.060167253 -0.300969690 -0.951463798
1561000782.690899372 -146.280258 -35.589467 6.503184 -0.022949103 -0.058250456 -0.302335601 -0.951143211
1561000782.792410851 -147.031404 -35.837128 6.542520 -0.023806471 -0.058510019 -0.302942087 -0.950913204
1561000782.892686844 -147.772246 -36.082988 6.581661 -0.023186985 -0.060049946 -0.303434361 -0.950675526
1561000782.993515015 -148.511916 -36.327763 6.634141 -0.022939256 -0.064590140 -0.304018989 -0.950197010
1561000783.092139959 -149.229085 -36.544237 6.689848 -0.022527143 -0.068954776 -0.304639833 -0.949701184
1561000783.193479300 -149.955483 -36.775353 6.750123 -0.023439341 -0.070186341 -0.304889619 -0.949508713
1561000783.292761564 -150.665750 -36.997224 6.807884 -0.024654290 -0.068699547 -0.304869630 -0.949593096
1561000783.394033670 -151.391584 -37.227404 6.859147 -0.026448725 -0.065005314 -0.304060865 -0.950064085
1561000783.493057489 -152.108209 -37.465132 6.896171 -0.026736431 -0.062344955 -0.303357061 -0.950459238
1561000783.592114687 -152.824208 -37.694918 6.936165 -0.026086838 -0.061324285 -0.303031519 -0.950647520
1561000783.693435907 -153.547692 -37.922175 6.985416 -0.025797771 -0.061218864 -0.301828294 -0.951044902
1561000783.792959690 -154.254194 -38.138945 7.028695 -0.026126250 -0.062122432 -0.301404206 -0.951111837
1561000783.893682957 -154.958966 -38.360113 7.079382 -0.027390082 -0.062818136 -0.300802488 -0.951221072
1561000783.993592501 -155.661621 -38.582621 7.119774 -0.027354624 -0.062970035 -0.300313463 -0.951366556
1561000784.094806910 -156.367684 -38.799860 7.157668 -0.026717353 -0.062563901 -0.299609859 -0.951633266
1561000784.194882631 -157.066029 -39.003758 7.203076 -0.026025589 -0.062306696 -0.299228469 -0.951789298
1561000784.294462919 -157.769164 -39.195377 7.247041 -0.026367235 -0.062050407 -0.298634400 -0.951983199
1561000784.394574404 -158.460801 -39.409890 7.299172 -0.026385645 -0.062584009 -0.297866147 -0.952188426
1561000784.494580984 -159.150066 -39.625161 7.344815 -0.026793112 -0.064548854 -0.297878135 -0.952042116
1561000784.593418121 -159.824897 -39.839803 7.383787 -0.025606392 -0.065944361 -0.298723765 -0.951714120
1561000784.694926500 -160.501943 -40.056600 7.429798 -0.024595398 -0.066373678 -0.299974952 -0.951317313
1561000784.794072866 -161.179976 -40.260065 7.477130 -0.024195559 -0.064727053 -0.300899824 -0.951148926
1561000784.894271612 -161.851136 -40.474800 7.526842 -0.024697186 -0.062639732 -0.301375026 -0.951125337
1561000784.995171785 -162.518851 -40.689938 7.573785 -0.025543094 -0.061185608 -0.302454680 -0.950854899
1561000785.094945908 -163.181382 -40.907139 7.620084 -0.026276092 -0.063518972 -0.303250440 -0.950428366
1561000785.195259094 -163.827691 -41.121674 7.667334 -0.025540424 -0.072009062 -0.304116416 -0.949565999
1561000785.294337749 -164.474124 -41.335918 7.728902 -0.021770367 -0.081476718 -0.304818433 -0.948669236
1561000785.395266771 -165.106289 -41.527121 7.786755 -0.019015449 -0.087083344 -0.306264903 -0.947764060
1561000785.494854927 -165.728121 -41.717141 7.861635 -0.019241339 -0.084938852 -0.308221884 -0.947319604
1561000785.593545198 -166.335682 -41.914388 7.891717 -0.020951793 -0.076791690 -0.310684868 -0.947174203
1561000785.694871187 -166.994061 -42.139805 7.893985 -0.021318778 -0.067638694 -0.312991483 -0.947104455
1561000785.793414354 -167.647744 -42.366966 7.896281 -0.022403815 -0.054284601 -0.314280071 -0.947512157
1561000785.893189669 -168.327234 -42.596185 7.937038 -0.022314456 -0.043174045 -0.314917220 -0.947874048
1561000785.994858265 -168.987663 -42.832543 7.985961 -0.021477216 -0.042340303 -0.315802433 -0.947636455
1561000786.094051600 -169.629864 -43.053571 8.030523 -0.021921827 -0.049722745 -0.316893207 -0.946903257
1561000786.194885969 -170.280069 -43.284488 8.076564 -0.022162265 -0.060240658 -0.317701928 -0.946015529
1561000786.294196129 -170.891000 -43.501702 8.113459 -0.022111534 -0.069641678 -0.318368782 -0.945146780
1561000786.395009756 -171.515032 -43.726127 8.161025 -0.023256858 -0.073083843 -0.319210930 -0.944575170
1561000786.494991779 -172.136579 -43.949383 8.195098 -0.024620945 -0.072085190 -0.319922599 -0.944376548
1561000786.593746662 -172.756978 -44.183730 8.228056 -0.023556741 -0.067786695 -0.320945148 -0.944375061
1561000786.694766045 -173.414742 -44.420276 8.260587 -0.022075680 -0.063090574 -0.322078836 -0.944350289
1561000786.794126749 -174.069261 -44.655785 8.305260 -0.021478951 -0.059888758 -0.322746053 -0.944344734
1561000786.887006521 -174.682159 -44.887853 8.346700 -0.021710717 -0.061244553 -0.323708525 -0.943922953
1561000786.988557816 -175.353991 -45.122517 8.393498 -0.022628256 -0.064064034 -0.324171981 -0.943555133
1561000787.085955858 -175.996517 -45.364922 8.423610 -0.023001367 -0.067473266 -0.324946524 -0.943041914
1561000787.187185049 -176.635165 -45.599369 8.464910 -0.022071048 -0.068188093 -0.325675886 -0.942761089
1561000787.287001133 -177.270561 -45.828387 8.509111 -0.021259284 -0.066586252 -0.326451627 -0.942625933
1561000787.386344433 -177.907539 -46.069798 8.553005 -0.021361786 -0.063983168 -0.326519423 -0.942780407
1561000787.487171412 -178.562071 -46.308058 8.594046 -0.021356144 -0.062464956 -0.327440065 -0.942563021
1561000787.585873604 -179.198170 -46.551912 8.635618 -0.022096879 -0.062964483 -0.328820209 -0.942032097
1561000787.687857866 -179.852244 -46.795795 8.675236 -0.022595960 -0.064800261 -0.329943875 -0.941502729
1561000787.787594080 -180.477982 -47.043344 8.715327 -0.022402175 -0.067506285 -0.330063098 -0.941275409
1561000787.887833595 -181.113927 -47.292694 8.759658 -0.022135916 -0.068078689 -0.330854766 -0.940962495
1561000787.987892389 -181.741956 -47.537125 8.800570 -0.021595381 -0.067844800 -0.331304711 -0.940833626
1561000788.085977554 -182.365513 -47.768405 8.848864 -0.021717418 -0.065629637 -0.332095056 -0.940709295
1561000788.187755585 -183.021483 -48.023508 8.893155 -0.023014283 -0.064140318 -0.332637741 -0.940589440
1561000788.288352013 -183.662234 -48.267954 8.936163 -0.023393124 -0.063709307 -0.332772774 -0.940561623
1561000788.389231920 -184.298930 -48.522210 8.976043 -0.023505900 -0.065041487 -0.333420473 -0.940238196
1561000788.489167452 -184.920485 -48.782385 9.014352 -0.023365223 -0.066095462 -0.333554678 -0.940120595
1561000788.587702513 -185.558242 -49.035847 9.051382 -0.022486874 -0.066601732 -0.333772431 -0.940028996
1561000788.690827370 -186.217645 -49.270428 9.097524 -0.022766134 -0.065567420 -0.334425613 -0.939862823
1561000788.789947271 -186.852071 -49.512396 9.142184 -0.023009121 -0.064525950 -0.334538468 -0.939888821
1561000788.889171362 -187.486487 -49.763357 9.180145 -0.023181541 -0.064114815 -0.335003800 -0.939746966
1561000788.991446972 -188.131224 -50.013602 9.218961 -0.023288443 -0.065065282 -0.335763657 -0.939407752
1561000789.089155912 -188.752931 -50.263829 9.256704 -0.022936053 -0.066220714 -0.336077110 -0.939223579
1561000789.191079617 -189.405468 -50.521337 9.300788 -0.022480514 -0.066460917 -0.335967546 -0.939256824
1561000789.289547682 -190.048439 -50.781766 9.347285 -0.022092687 -0.065824295 -0.336374219 -0.939165300
1561000789.389379263 -190.688042 -51.037185 9.390859 -0.022349234 -0.064884901 -0.337118161 -0.938957830
1561000789.490453482 -191.316788 -51.293421 9.428182 -0.022746360 -0.064312745 -0.336251824 -0.939298240
1561000789.588922501 -191.953173 -51.550508 9.475287 -0.023636310 -0.064559814 -0.336667750 -0.939110314
1561000789.690661907 -192.601146 -51.808778 9.532828 -0.025341868 -0.066929290 -0.337059530 -0.938759358
1561000789.791272640 -193.237300 -52.068631 9.563663 -0.026157784 -0.071119487 -0.337583059 -0.938240623
1561000789.892036438 -193.875584 -52.324194 9.607758 -0.023852547 -0.078035894 -0.337404670 -0.937816370
1561000789.992050886 -194.494334 -52.567650 9.663863 -0.019718390 -0.084808953 -0.337519546 -0.937282872
1561000790.090475798 -195.104792 -52.802810 9.736830 -0.017156215 -0.085220077 -0.337825736 -0.937185667
1561000790.191973925 -195.721397 -53.042588 9.793065 -0.017851108 -0.080624707 -0.338602566 -0.937298937
1561000790.290943623 -196.336541 -53.299975 9.811531 -0.018046235 -0.071525141 -0.339428992 -0.937734742
1561000790.393324852 -197.013122 -53.574690 9.825285 -0.017557628 -0.058820301 -0.339880153 -0.938463310
1561000790.493524551 -197.690065 -53.857823 9.842352 -0.017753390 -0.045642051 -0.341059903 -0.938765020
1561000790.591983557 -198.353688 -54.138007 9.886958 -0.020137622 -0.043058517 -0.342187409 -0.938428589
1561000790.693186522 -199.036577 -54.418956 9.920339 -0.020315367 -0.050543279 -0.342468167 -0.937948942
1561000790.792254448 -199.683979 -54.680824 9.958594 -0.019678371 -0.059881105 -0.343403123 -0.937070601
1561000790.892332077 -200.317098 -54.925121 9.997150 -0.018174614 -0.068090827 -0.343898083 -0.936358602
1561000790.993215084 -200.950227 -55.187490 10.049057 -0.019323324 -0.070029723 -0.344393765 -0.936010353
1561000791.091945648 -201.578907 -55.460956 10.085976 -0.020491184 -0.068104445 -0.344877247 -0.935949561
1561000791.193346977 -202.232443 -55.748328 10.119149 -0.020642015 -0.065623264 -0.346093479 -0.935674515
1561000791.292419672 -202.888387 -56.022397 10.161324 -0.020847870 -0.065157200 -0.346657740 -0.935493622
1561000791.393535137 -203.569271 -56.324447 10.199462 -0.020434484 -0.066281910 -0.347774738 -0.935009022
1561000791.493512869 -204.246087 -56.624667 10.245927 -0.020073178 -0.068582061 -0.348639306 -0.934528867
1561000791.592198849 -204.915015 -56.899950 10.294869 -0.020101547 -0.069756241 -0.349292516 -0.934197374
1561000791.693418264 -205.583136 -57.188272 10.344783 -0.020931048 -0.070149916 -0.350169608 -0.933821250
1561000791.794115543 -206.245547 -57.473131 10.398075 -0.021648448 -0.070539974 -0.350637699 -0.933599840
1561000791.894556999 -206.905320 -57.770775 10.445382 -0.022261615 -0.071175512 -0.351528296 -0.933202188
1561000791.994656086 -207.576045 -58.069937 10.491267 -0.022140570 -0.071209359 -0.352322958 -0.932902758
1561000792.093796015 -208.234329 -58.375035 10.537030 -0.022299078 -0.070624162 -0.353063939 -0.932663302
1561000792.193577766 -208.917416 -58.674824 10.584946 -0.021962815 -0.069749969 -0.353853690 -0.932437742
1561000792.293685198 -209.605589 -58.978206 10.629995 -0.021602605 -0.068387366 -0.354501775 -0.932300910
1561000792.395141840 -210.310736 -59.284253 10.680707 -0.021113851 -0.068399128 -0.355185017 -0.932051162
1561000792.486995459 -210.965787 -59.583168 10.728147 -0.021050341 -0.069546831 -0.355578849 -0.931817473
1561000792.587030172 -211.666261 -59.899050 10.785359 -0.021742366 -0.071042942 -0.356482348 -0.931343387
1561000792.686943293 -212.359585 -60.216027 10.829787 -0.021992235 -0.072234582 -0.357321826 -0.930924067
1561000792.786168098 -213.036989 -60.537116 10.876051 -0.021667812 -0.071229307 -0.357933727 -0.930774054
1561000792.886707783 -213.737986 -60.849491 10.928014 -0.021548715 -0.069719457 -0.358718150 -0.930589135
1561000792.986083508 -214.429624 -61.160256 10.979983 -0.022160093 -0.067987578 -0.359294113 -0.930480714
1561000793.086761475 -215.123445 -61.475614 11.027583 -0.022473108 -0.067601187 -0.359952591 -0.930246834
1561000793.186903238 -215.822804 -61.792703 11.068552 -0.022284805 -0.067549951 -0.360618950 -0.929996970
1561000793.285790443 -216.514612 -62.110815 11.115262 -0.021632394 -0.066982070 -0.361192214 -0.929830966
1561000793.387032270 -217.218582 -62.437505 11.165146 -0.021601648 -0.067233592 -0.362059764 -0.929476057
1561000793.487008095 -217.927198 -62.773706 11.212132 -0.021430635 -0.067798874 -0.362443063 -0.929289549
1561000793.586764336 -218.639870 -63.105478 11.257755 -0.021291333 -0.067773138 -0.363306158 -0.928957543
1561000793.687226057 -219.350833 -63.444412 11.305011 -0.020946571 -0.067460584 -0.364146950 -0.928658877
1561000793.786099434 -220.046935 -63.772700 11.350155 -0.020840057 -0.067013471 -0.364958023 -0.928375209
1561000793.886991501 -220.763880 -64.103339 11.397135 -0.020824015 -0.066780833 -0.365300077 -0.928257795
1561000793.987044573 -221.471354 -64.431359 11.444057 -0.020727832 -0.066837944 -0.366066652 -0.927953799
1561000794.087216616 -222.185820 -64.773644 11.492318 -0.020458357 -0.067086715 -0.366991352 -0.927576507
1561000794.187131405 -222.883750 -65.114909 11.536661 -0.020313312 -0.067332476 -0.367644915 -0.927303038
1561000794.286269426 -223.597016 -65.463705 11.584445 -0.020258761 -0.067527042 -0.368517955 -0.926943471
1561000794.387183905 -224.320308 -65.813297 11.636052 -0.020174422 -0.067147429 -0.369323155 -0.926652374
1561000794.487084627 -225.033607 -66.152836 11.683731 -0.020180323 -0.066710774 -0.370095497 -0.926375599
1561000794.586091995 -225.748913 -66.495181 11.731855 -0.019730895 -0.066445644 -0.371049386 -0.926022690
1561000794.686918497 -226.468356 -66.847076 11.779448 -0.020160143 -0.066091094 -0.371954921 -0.925675468
1561000794.786261082 -227.155675 -67.192627 11.826787 -0.020122823 -0.066567533 -0.372554684 -0.925400909
1561000794.885620117 -227.852543 -67.542705 11.872873 -0.019785300 -0.067288076 -0.373288724 -0.925060206
1561000794.986577272 -228.553948 -67.887229 11.917329 -0.019746958 -0.067267165 -0.374152873 -0.924713368
1561000795.085553646 -229.254480 -68.224141 11.967778 -0.019828483 -0.066042395 -0.374806662 -0.924535126
1561000795.187532663 -229.934907 -68.569805 12.014512 -0.019911546 -0.064749921 -0.375716777 -0.924255312
1561000795.286227465 -230.611708 -68.913100 12.055825 -0.019838280 -0.063778595 -0.376258883 -0.924103883
1561000795.386902809 -231.298969 -69.253311 12.101745 -0.019636856 -0.063595998 -0.377045197 -0.923800228
1561000795.487084150 -231.976873 -69.591741 12.143860 -0.019851997 -0.064636438 -0.377609287 -0.923492964
1561000795.585922480 -232.641158 -69.941291 12.187625 -0.020114887 -0.065233472 -0.378246117 -0.923184629
1561000795.687319279 -233.305509 -70.287020 12.227802 -0.019771795 -0.064967673 -0.378426429 -0.923136889
1561000795.786182880 -233.966004 -70.608421 12.260197 -0.018136479 -0.063437426 -0.378607864 -0.923202495
1561000795.887194872 -234.629183 -70.940578 12.300650 -0.017025440 -0.061648780 -0.379061605 -0.923158633
1561000795.987223148 -235.276436 -71.259026 12.346692 -0.017019348 -0.060322352 -0.379120580 -0.923222152
1561000796.086224556 -235.918242 -71.575382 12.386065 -0.017253934 -0.061460255 -0.379273523 -0.923079917
1561000796.187656164 -236.546143 -71.899082 12.426832 -0.016947769 -0.063746108 -0.379721188 -0.922746458
1561000796.286328554 -237.157678 -72.210937 12.464590 -0.016470847 -0.066421288 -0.379998993 -0.922451998
1561000796.387566328 -237.773242 -72.525111 12.516134 -0.016263845 -0.067723334 -0.380454006 -0.922173404
1561000796.487380743 -238.383482 -72.838198 12.570952 -0.018371059 -0.069051394 -0.380705056 -0.921931705
1561000796.586976051 -238.986577 -73.139686 12.617879 -0.020352964 -0.071147023 -0.381154089 -0.921545126
1561000796.687345982 -239.577353 -73.460544 12.667563 -0.022013635 -0.072327316 -0.382033351 -0.921050855
1561000796.786038399 -240.167775 -73.786373 12.700948 -0.021929271 -0.072411623 -0.383147408 -0.920583363
1561000796.887220144 -240.756208 -74.099980 12.736294 -0.021051148 -0.070693655 -0.384173232 -0.920309831
1561000796.987067699 -241.355270 -74.396851 12.786328 -0.021026686 -0.066644730 -0.384976828 -0.920276698
1561000797.087174416 -241.940545 -74.697827 12.838272 -0.022820213 -0.063942618 -0.385777073 -0.920090555
1561000797.187513828 -242.523917 -75.004782 12.878540 -0.025288346 -0.063830772 -0.386016828 -0.919933226
1561000797.286441803 -243.087261 -75.325015 12.907269 -0.026366939 -0.065153340 -0.386625936 -0.919554356
1561000797.387196064 -243.648008 -75.634486 12.932388 -0.025344721 -0.067485651 -0.387063830 -0.919230615
1561000797.486966848 -244.186391 -75.919924 12.960730 -0.023786399 -0.068068664 -0.387483005 -0.919052656
1561000797.586075306 -244.733613 -76.195514 13.001486 -0.021946529 -0.067222347 -0.387765662 -0.919041510
1561000797.686537981 -245.277580 -76.479535 13.043259 -0.021220550 -0.065174606 -0.387919240 -0.919141242
1561000797.785465002 -245.823079 -76.765870 13.087144 -0.021679950 -0.063598122 -0.387981388 -0.919214720
1561000797.886562586 -246.372258 -77.056670 13.125394 -0.021837646 -0.064331724 -0.388133253 -0.919095819
1561000797.986645460 -246.906421 -77.351685 13.159576 -0.021440843 -0.067157252 -0.388155098 -0.918893799
1561000798.086274624 -247.436827 -77.644830 13.194661 -0.019583337 -0.073258223 -0.388310004 -0.918403542
1561000798.186847448 -247.948932 -77.923656 13.239593 -0.017095333 -0.080783547 -0.388321229 -0.917817188
1561000798.285879135 -248.450527 -78.187835 13.299589 -0.013881736 -0.085696646 -0.388032593 -0.917547867
1561000798.387281179 -248.959614 -78.435007 13.364204 -0.012880861 -0.086528453 -0.388797415 -0.917160553
1561000798.487316847 -249.465498 -78.693935 13.421827 -0.014372594 -0.082970718 -0.389072331 -0.917350538
1561000798.586837292 -249.973465 -78.945266 13.454927 -0.017100876 -0.075256965 -0.389971850 -0.917587002
1561000798.687149286 -250.483252 -79.210888 13.477508 -0.019623344 -0.064346491 -0.390613491 -0.918093434
1561000798.786216497 -250.988272 -79.514663 13.488329 -0.019815403 -0.054388659 -0.391510755 -0.918350996
1561000798.886112690 -251.504241 -79.792392 13.512534 -0.019006358 -0.047910236 -0.392294413 -0.918394502
1561000798.986946821 -252.011245 -80.064729 13.544630 -0.019016493 -0.047920563 -0.392575889 -0.918273469
1561000799.085981369 -252.506841 -80.331111 13.584835 -0.020794348 -0.052631356 -0.392892468 -0.917841514
1561000799.187145948 -252.959068 -80.594580 13.607950 -0.021131023 -0.058317618 -0.393183795 -0.917365270
1561000799.285880566 -253.395478 -80.844560 13.624076 -0.020420586 -0.063672935 -0.393656082 -0.916822581
1561000799.386960506 -253.836126 -81.075840 13.643807 -0.019310749 -0.066792127 -0.394069645 -0.916446955
1561000799.487122059 -254.262445 -81.302896 13.676078 -0.018481167 -0.067399410 -0.394473151 -0.916245982
1561000799.587764978 -254.692519 -81.524687 13.711220 -0.018809501 -0.066497572 -0.394742431 -0.916189221
1561000799.686799049 -255.100107 -81.755746 13.743134 -0.019572870 -0.065809349 -0.395081648 -0.916076702
1561000799.785558462 -255.516336 -81.994410 13.769476 -0.020011947 -0.065283552 -0.395474684 -0.915935235
1561000799.885649681 -255.941776 -82.221065 13.795728 -0.019297656 -0.064921876 -0.396077763 -0.915715653
1561000799.986709356 -256.340083 -82.445610 13.819857 -0.018001140 -0.065337419 -0.396702504 -0.915442027
1561000800.085568905 -256.715701 -82.655403 13.846412 -0.017119314 -0.066265581 -0.396781766 -0.915357871
1561000800.186823130 -257.076304 -82.856227 13.872936 -0.016973085 -0.067563075 -0.397540598 -0.914936401
1561000800.286227942 -257.436356 -83.058353 13.902969 -0.017249439 -0.068005864 -0.397645978 -0.914852630
1561000800.387514353 -257.791305 -83.251157 13.930940 -0.017215122 -0.067571234 -0.398033085 -0.914717132
1561000800.487185717 -258.150583 -83.454709 13.958148 -0.016877185 -0.067779220 -0.398389767 -0.914552749
1561000800.587459564 -258.507835 -83.650627 13.985152 -0.016694246 -0.068573676 -0.398935749 -0.914258837
1561000800.687401295 -258.860406 -83.839688 14.017884 -0.017243161 -0.068837977 -0.399260888 -0.914086839
1561000800.786190510 -259.203348 -84.034513 14.048863 -0.017695870 -0.068768518 -0.399539515 -0.913961664
1561000800.887226105 -259.542345 -84.222386 14.073690 -0.018092010 -0.068897159 -0.399943908 -0.913767329
1561000800.987298012 -259.874646 -84.412371 14.094681 -0.017992308 -0.069718955 -0.399895244 -0.913728263
1561000801.086583376 -260.189210 -84.599356 14.113825 -0.017945752 -0.071418003 -0.400555374 -0.913308716
1561000801.187405825 -260.518560 -84.779010 14.142177 -0.017927372 -0.072089468 -0.400523232 -0.913270419
1561000801.286113024 -260.822742 -84.957016 14.167050 -0.017803253 -0.071735584 -0.400737407 -0.913206757
1561000801.387691021 -261.134699 -85.132201 14.195277 -0.018230342 -0.070959487 -0.401027890 -0.913131446
1561000801.487519979 -261.451091 -85.304340 14.219525 -0.018552120 -0.070581890 -0.400932037 -0.913196319
1561000801.587553263 -261.770628 -85.479797 14.243628 -0.018888767 -0.070305170 -0.400590607 -0.913360587
1561000801.687408924 -262.065356 -85.653643 14.270843 -0.019471721 -0.070874562 -0.400427844 -0.913375712
1561000801.786054373 -262.371965 -85.816553 14.294966 -0.020198180 -0.071452800 -0.399982407 -0.913510046
1561000801.886157513 -262.677341 -85.997507 14.319985 -0.020347524 -0.071892459 -0.399617819 -0.913631792
1561000801.987324715 -262.974936 -86.166625 14.339826 -0.020259035 -0.071946035 -0.399376404 -0.913735097
1561000802.085933685 -263.284888 -86.338060 14.363029 -0.020230358 -0.071569321 -0.398777796 -0.914026714
1561000802.187249422 -263.594146 -86.503880 14.389025 -0.020324635 -0.071265255 -0.398404191 -0.914211285
1561000802.285964251 -263.888431 -86.669388 14.412482 -0.020752017 -0.071160010 -0.397659751 -0.914533941
1561000802.386025667 -264.172767 -86.819672 14.434470 -0.021310439 -0.071145220 -0.396640329 -0.914964848
1561000802.488120794 -264.467628 -86.972172 14.453771 -0.021458164 -0.071288030 -0.395620346 -0.915391777
1561000802.586633682 -264.772069 -87.136018 14.481515 -0.021676706 -0.071085160 -0.394190899 -0.916018862
1561000802.687041283 -265.058944 -87.292287 14.503798 -0.022433564 -0.071071006 -0.392448666 -0.916749525
1561000802.785851717 -265.346872 -87.442829 14.528442 -0.023070566 -0.071200923 -0.390244351 -0.917664167
1561000802.886314631 -265.644827 -87.584294 14.549988 -0.023358537 -0.071101999 -0.387225816 -0.918942355
1561000802.987004995 -265.933850 -87.723088 14.567330 -0.022962265 -0.070906599 -0.383975518 -0.920330261
1561000803.085699081 -266.233937 -87.859094 14.588795 -0.022511230 -0.070601168 -0.380527969 -0.921795630
1561000803.186882734 -266.530481 -87.991273 14.613163 -0.022409056 -0.070295961 -0.376221490 -0.923587409
1561000803.285901308 -266.831961 -88.117250 14.636217 -0.022980596 -0.070138863 -0.371426345 -0.925524123
1561000803.387042284 -267.127020 -88.244198 14.661098 -0.023374810 -0.069706620 -0.366633068 -0.927456090
1561000803.487906933 -267.426309 -88.371550 14.682795 -0.023886286 -0.069212386 -0.360820142 -0.929756912
1561000803.586125612 -267.739450 -88.489867 14.703655 -0.024012528 -0.068849879 -0.354900297 -0.932056260
1561000803.685978413 -268.060813 -88.599428 14.720374 -0.023618580 -0.068198765 -0.348322247 -0.934592266
1561000803.786242962 -268.378959 -88.701592 14.736837 -0.023226763 -0.067034421 -0.340931700 -0.937407318
1561000803.886216402 -268.698537 -88.808462 14.760281 -0.023565389 -0.066929372 -0.332585961 -0.940399761
1561000803.987068892 -269.024260 -88.903751 14.783726 -0.023944625 -0.067937867 -0.323474277 -0.943491120
1561000804.085847139 -269.345985 -88.999673 14.804011 -0.023508033 -0.069028113 -0.312871100 -0.946992168
1561000804.186894894 -269.689556 -89.077047 14.822491 -0.021398729 -0.069733192 -0.302329594 -0.950408435
1561000804.286849499 -270.027368 -89.135763 14.844278 -0.018824694 -0.069702883 -0.291915423 -0.953715117
1561000804.387005091 -270.367416 -89.186993 14.869553 -0.016517263 -0.068471208 -0.280371736 -0.957303799
1561000804.488492489 -270.708704 -89.225517 14.896961 -0.016215545 -0.067356258 -0.267824631 -0.960973547
1561000804.588001966 -271.060887 -89.255140 14.917187 -0.016702118 -0.067926943 -0.254982085 -0.964412311
1561000804.687959909 -271.409509 -89.282127 14.940017 -0.017110070 -0.067752234 -0.240780573 -0.968060740
1561000804.786161184 -271.759855 -89.300031 14.966884 -0.016453888 -0.066640701 -0.225806575 -0.971750831
1561000804.887640715 -272.145458 -89.306921 14.987191 -0.014946340 -0.065603366 -0.210761102 -0.975219238
1561000804.987696171 -272.526572 -89.291982 15.011302 -0.013123245 -0.065273085 -0.194561865 -0.978628063
1561000805.087664604 -272.891277 -89.272468 15.035805 -0.012649882 -0.066501692 -0.177155329 -0.981852074
1561000805.187592506 -273.247066 -89.236120 15.063917 -0.012968727 -0.069174460 -0.159741744 -0.984646780
1561000805.285675287 -273.591254 -89.181344 15.087781 -0.013869162 -0.072026565 -0.141709073 -0.987187094
1561000805.387498140 -273.953471 -89.118834 15.112724 -0.014413937 -0.073291935 -0.123174660 -0.989569873
1561000805.487461090 -274.307610 -89.036500 15.137821 -0.014411340 -0.072447844 -0.104131191 -0.991816676
1561000805.585789919 -274.680111 -88.936918 15.169412 -0.015360956 -0.070330833 -0.085061659 -0.993771669
1561000805.687629461 -275.049625 -88.820133 15.192562 -0.016091064 -0.068540436 -0.065484580 -0.995366795
1561000805.785903215 -275.411913 -88.696282 15.208838 -0.016025170 -0.067473042 -0.044610530 -0.996594443
1561000805.887468815 -275.796720 -88.550052 15.232095 -0.015752779 -0.066531704 -0.024082580 -0.997369245
1561000805.989201784 -276.156976 -88.401053 15.256237 -0.016602882 -0.064506258 -0.001510723 -0.997778034
1561000806.089309931 -276.510120 -88.224015 15.284214 -0.018385851 -0.061660763 0.021280175 -0.997700889
1561000806.189118147 -276.868834 -88.030488 15.305978 -0.020331022 -0.058722074 0.043571060 -0.997115806
1561000806.288528204 -277.231965 -87.815348 15.330104 -0.022047509 -0.056228460 0.066631627 -0.995948038
1561000806.389113426 -277.580695 -87.575575 15.341654 -0.022840023 -0.054548521 0.090584504 -0.994131400
1561000806.488426208 -277.920221 -87.311741 15.348596 -0.023492893 -0.053151399 0.114310907 -0.991743933
1561000806.588495493 -278.241827 -87.045162 15.363485 -0.023273944 -0.051724944 0.139170249 -0.988642754
1561000806.690037012 -278.556905 -86.741735 15.365085 -0.022516709 -0.051718415 0.162586555 -0.985080614
1561000806.787897825 -278.850808 -86.432543 15.384189 -0.023669880 -0.049614646 0.187964040 -0.980636346
1561000806.889460564 -279.150146 -86.106195 15.395557 -0.023714026 -0.049318409 0.214138836 -0.975269142
1561000806.989144325 -279.428922 -85.746717 15.419807 -0.024265329 -0.047953219 0.237654719 -0.969861803
1561000807.089998245 -279.710153 -85.388309 15.432921 -0.025217813 -0.046662000 0.262690193 -0.963421290
1561000807.190335274 -279.976071 -84.988394 15.443282 -0.025841427 -0.045804227 0.286153766 -0.956739367
1561000807.289738894 -280.213247 -84.573795 15.447137 -0.026598149 -0.045825100 0.309528083 -0.949412958
1561000807.390140533 -280.440114 -84.147885 15.455971 -0.026963119 -0.046563455 0.331662205 -0.941862525
1561000807.490151644 -280.651580 -83.718378 15.467891 -0.027123919 -0.046930086 0.353572636 -0.933835238
1561000807.588704824 -280.855614 -83.257180 15.491800 -0.028455229 -0.047699219 0.375164277 -0.925292845
1561000807.690259933 -281.072568 -82.790728 15.520061 -0.030647704 -0.049300724 0.394862655 -0.916904379
1561000807.788767338 -281.273277 -82.322650 15.540437 -0.032183812 -0.052463343 0.411418461 -0.909366070
1561000807.890631914 -281.488804 -81.831936 15.560483 -0.034078513 -0.056739333 0.425742594 -0.902420382
1561000807.990239143 -281.645999 -81.314611 15.582342 -0.034430403 -0.060937970 0.436665425 -0.896897105
1561000808.089402437 -281.778757 -80.801554 15.608433 -0.033360332 -0.062295471 0.446138007 -0.892169962
1561000808.190496683 -281.891068 -80.256531 15.634540 -0.030790699 -0.060037972 0.452967726 -0.888969973
1561000808.289254189 -282.021714 -79.725432 15.658167 -0.026716707 -0.054098917 0.460839461 -0.885430131
1561000808.390570402 -282.138716 -79.169557 15.658098 -0.021006764 -0.047613398 0.467093190 -0.882675270
1561000808.490646839 -282.265967 -78.586320 15.656225 -0.014217940 -0.041723019 0.473447506 -0.879718420
1561000808.588928223 -282.405560 -78.006377 15.652801 -0.009534185 -0.038833061 0.479601697 -0.876574757
1561000808.690420628 -282.520858 -77.370860 15.657134 -0.009459316 -0.039534134 0.484912456 -0.873617470
1561000808.788774490 -282.644142 -76.740572 15.674546 -0.013521115 -0.043292922 0.488785164 -0.871224406
1561000808.890211105 -282.761342 -76.103081 15.696536 -0.018312307 -0.048241273 0.491840581 -0.869154924
1561000808.990303278 -282.866095 -75.475475 15.703715 -0.023418777 -0.052885293 0.494329245 -0.867348433
1561000809.091084480 -282.966212 -74.859806 15.724661 -0.025924044 -0.053628604 0.496344246 -0.866079850
1561000809.192060232 -283.077931 -74.248560 15.734359 -0.025668677 -0.051022429 0.499586363 -0.864379139
1561000809.290876865 -283.187174 -73.602717 15.743255 -0.023366901 -0.048035030 0.500100440 -0.864318329
1561000809.392121553 -283.311539 -72.954042 15.748588 -0.022047249 -0.047015594 0.502198117 -0.863192043
1561000809.492325306 -283.421792 -72.285566 15.760831 -0.021528039 -0.047418503 0.502841538 -0.862808447
1561000809.591498137 -283.553467 -71.607066 15.780584 -0.022845345 -0.048203706 0.504811931 -0.861579600
1561000809.692139387 -283.670915 -70.935710 15.800923 -0.024431807 -0.048168098 0.506050964 -0.860810864
1561000809.791584253 -283.785672 -70.276654 15.813152 -0.024790224 -0.048008541 0.507196597 -0.860135011
1561000809.891736984 -283.906517 -69.596118 15.822481 -0.024805404 -0.047794340 0.507542266 -0.859942580
1561000809.990641832 -284.033245 -68.907362 15.834333 -0.023417305 -0.047142565 0.509328452 -0.858960847
1561000810.090791941 -284.157376 -68.205696 15.847502 -0.022684863 -0.047319107 0.509023517 -0.859151534
1561000810.191959143 -284.277956 -67.490845 15.867325 -0.022840140 -0.047257833 0.510535733 -0.858253046
1561000810.290500164 -284.409049 -66.775478 15.888871 -0.023440001 -0.047475060 0.509654414 -0.858748545
1561000810.391826630 -284.533569 -66.037309 15.898755 -0.024141852 -0.048402221 0.510332130 -0.858274731
1561000810.491823912 -284.665073 -65.311892 15.908578 -0.023729031 -0.049773959 0.510303313 -0.858224921
1561000810.590647221 -284.786111 -64.558119 15.919935 -0.021781981 -0.050943931 0.510455356 -0.858117469
1561000810.695111990 -284.896876 -63.776833 15.938071 -0.020045170 -0.051411276 0.511074147 -0.857763539
1561000810.794178963 -285.019381 -63.026578 15.956825 -0.019064049 -0.051119057 0.510942551 -0.857881760
1561000810.894988060 -285.158343 -62.246854 15.975280 -0.018345810 -0.051206271 0.510517231 -0.858145387
1561000810.994960546 -285.279164 -61.472460 15.988218 -0.017747966 -0.052140870 0.509845257 -0.858501109
1561000811.093626499 -285.400780 -60.716788 16.006912 -0.018015872 -0.053144271 0.509707223 -0.858515965
1561000811.194816113 -285.536440 -59.923954 16.024236 -0.018262976 -0.053362736 0.508301785 -0.859330075
1561000811.293950319 -285.675438 -59.133010 16.041119 -0.017293240 -0.052757988 0.508158610 -0.859472143
1561000811.387000561 -285.828216 -58.351230 16.054499 -0.017064878 -0.052293394 0.507295296 -0.860014926
1561000811.486945152 -285.987733 -57.533112 16.073664 -0.017425276 -0.052526400 0.505570785 -0.861008431
1561000811.586979389 -286.134163 -56.686607 16.086819 -0.018636430 -0.054157926 0.504556564 -0.861476800
1561000811.687019587 -286.288190 -55.859760 16.110377 -0.019895568 -0.055287645 0.503857102 -0.861786205
1561000811.785948992 -286.435633 -55.045011 16.133976 -0.020273504 -0.055957092 0.502846251 -0.862324438
1561000811.885999441 -286.590580 -54.219914 16.151972 -0.020454901 -0.056757880 0.501440462 -0.863086093
1561000811.986989737 -286.760491 -53.380928 16.177748 -0.019763601 -0.057593565 0.500490599 -0.863598021
1561000812.085958958 -286.920796 -52.541304 16.205929 -0.019523508 -0.058195400 0.499765385 -0.863983037
1561000812.186838865 -287.096450 -51.673913 16.230832 -0.019369312 -0.058695518 0.499000191 -0.864394861
1561000812.285804749 -287.266943 -50.816673 16.258206 -0.018793569 -0.059378913 0.497360620 -0.865305357
1561000812.387062073 -287.442570 -49.944502 16.286313 -0.018223332 -0.060069124 0.496805452 -0.865588790
1561000812.486100674 -287.617918 -49.073116 16.316039 -0.017815088 -0.060412113 0.495475079 -0.866335642
1561000812.587155819 -287.812990 -48.200980 16.344033 -0.017721769 -0.060990799 0.494381053 -0.866921817
1561000812.687018394 -287.984162 -47.323177 16.371077 -0.017186522 -0.061751378 0.494126752 -0.867023727
1561000812.785849333 -288.159519 -46.450070 16.397368 -0.016381062 -0.061651566 0.493495993 -0.867405586
1561000812.886841774 -288.353757 -45.537791 16.419495 -0.014477124 -0.062542651 0.493227508 -0.867528360
1561000812.986928225 -288.551658 -44.643376 16.444626 -0.012791671 -0.063524524 0.492818771 -0.867715775
1561000813.086496830 -288.740624 -43.755702 16.471875 -0.010576604 -0.064639416 0.493157302 -0.867470897
1561000813.187953949 -288.933131 -42.841610 16.501676 -0.009535061 -0.065730831 0.492275063 -0.867901955
1561000813.286146402 -289.100030 -41.935256 16.525089 -0.009284757 -0.066621164 0.492367123 -0.867784553
1561000813.388017654 -289.290216 -41.011100 16.556689 -0.008017852 -0.067179472 0.492503631 -0.867676671
1561000813.487670183 -289.475901 -40.098661 16.586733 -0.008301386 -0.067304112 0.492588562 -0.867616132
1561000813.586129665 -289.675062 -39.176875 16.612170 -0.008843170 -0.066764826 0.491443077 -0.868301767
1561000813.687690258 -289.887238 -38.243509 16.650970 -0.010532942 -0.066458867 0.491766722 -0.868123129
1561000813.786014557 -290.085331 -37.336203 16.679970 -0.012878881 -0.065783191 0.491511036 -0.868287745
1561000813.887809753 -290.274616 -36.402338 16.708627 -0.014640874 -0.064990345 0.492448072 -0.867788451
1561000813.986869812 -290.478430 -35.475847 16.736429 -0.014265336 -0.062358332 0.492274292 -0.868086378
1561000814.086182117 -290.674577 -34.565517 16.768128 -0.012995360 -0.059200663 0.492126136 -0.868411347
1561000814.189367056 -290.894326 -33.635109 16.794733 -0.013176404 -0.057066521 0.492521031 -0.868327604
1561000814.286027431 -291.084425 -32.745401 16.811488 -0.013419088 -0.056652224 0.493152719 -0.867992425
1561000814.387857437 -291.276275 -31.821584 16.834200 -0.014114574 -0.056526699 0.493122844 -0.868006551
1561000814.487957716 -291.471037 -30.914138 16.854509 -0.014400017 -0.056090364 0.493572116 -0.867774784
1561000814.587558031 -291.660306 -30.024898 16.876673 -0.013706198 -0.056394057 0.493247561 -0.867950859
1561000814.688019991 -291.857285 -29.130545 16.912040 -0.013954345 -0.055515994 0.494398395 -0.867348533
1561000814.786435843 -292.048944 -28.238633 16.937308 -0.014838632 -0.054759148 0.493912459 -0.867658766
1561000814.887263536 -292.247312 -27.346741 16.955760 -0.014710962 -0.054128455 0.494177835 -0.867549403
1561000814.986734390 -292.422958 -26.469642 16.968652 -0.013355616 -0.053949483 0.494275687 -0.867526729
1561000815.089123249 -292.620905 -25.572310 16.989147 -0.011179911 -0.054497021 0.493823148 -0.867780953
1561000815.188195944 -292.802064 -24.725191 17.010009 -0.010781149 -0.056219552 0.493902359 -0.867631021
1561000815.286021948 -292.975123 -23.894870 17.034353 -0.011410940 -0.057833418 0.493612589 -0.867681795
1561000815.387909412 -293.143975 -23.057898 17.064954 -0.012777772 -0.059527302 0.493090233 -0.867845177
1561000815.487561941 -293.322284 -22.225374 17.090422 -0.013425857 -0.060758191 0.492955153 -0.867826830
1561000815.587934494 -293.487708 -21.412611 17.118642 -0.013409473 -0.060541750 0.492543164 -0.868076099
1561000815.687889814 -293.654471 -20.616996 17.137879 -0.011684124 -0.059811578 0.492531360 -0.868158347
1561000815.786006451 -293.819106 -19.837680 17.168852 -0.010072203 -0.057941615 0.491225629 -0.869044706
1561000815.887951374 -293.983493 -19.042464 17.199204 -0.011685975 -0.056089959 0.491533915 -0.868971671
1561000815.987571955 -294.157295 -18.258624 17.239844 -0.017182971 -0.056269847 0.491634031 -0.868812079
1561000816.086070776 -294.342243 -17.489037 17.256719 -0.022685246 -0.058306661 0.492201323 -0.868230137
1561000816.187839985 -294.521779 -16.740433 17.270498 -0.024813126 -0.060022926 0.492798339 -0.867716171
1561000816.285806656 -294.675525 -16.010177 17.291796 -0.022424895 -0.059768736 0.492037957 -0.868230079
1561000816.387718201 -294.828876 -15.279947 17.332928 -0.020325236 -0.056318108 0.491935469 -0.868570463
1561000816.486180544 -294.981635 -14.550327 17.369514 -0.020929562 -0.052388793 0.492326451 -0.868580470
1561000816.588178635 -295.142040 -13.812126 17.388332 -0.022311494 -0.051820244 0.492727524 -0.868352720
1561000816.688065290 -295.317592 -13.092222 17.401192 -0.023366669 -0.054641986 0.492208494 -0.868446343
1561000816.786192656 -295.475641 -12.374018 17.429584 -0.023532874 -0.056528417 0.491643250 -0.868641270
1561000816.887936354 -295.634951 -11.624709 17.457096 -0.024051409 -0.057014043 0.491269712 -0.868806652
1561000816.988154650 -295.784779 -10.920466 17.488814 -0.023984150 -0.055915487 0.491181648 -0.868929691
1561000817.087092161 -295.943983 -10.214474 17.526503 -0.026532684 -0.058675136 0.491815931 -0.868314652
1561000817.188063145 -296.087988 -9.494765 17.564663 -0.031138970 -0.064738701 0.491402349 -0.867964859
1561000817.286113501 -296.234208 -8.791280 17.599105 -0.032574724 -0.068768399 0.490891479 -0.867891324
1561000817.387977839 -296.374960 -8.076878 17.620236 -0.029162725 -0.067532024 0.491132593 -0.867973351
1561000817.487856388 -296.528304 -7.373710 17.602898 -0.022246646 -0.063779764 0.490100547 -0.869044695
1561000817.585860491 -296.701656 -6.653719 17.570189 -0.013849424 -0.058263364 0.489329984 -0.870040080
1561000817.687667847 -296.876167 -5.902174 17.603915 -0.003201497 -0.048102368 0.490497983 -0.870107833
1561000817.785629988 -297.017031 -5.155338 17.675733 -0.008311250 -0.050936226 0.491904285 -0.869118288
1561000817.888968468 -297.152991 -4.416239 17.695334 -0.012619722 -0.052872751 0.493025843 -0.868314881
1561000817.987394571 -297.269308 -3.719363 17.705346 -0.023511333 -0.063264649 0.492748750 -0.867550270
1561000818.087643147 -297.425483 -3.010896 17.722346 -0.027598351 -0.068755901 0.492591289 -0.867101366
1561000818.189069033 -297.602142 -2.279470 17.753231 -0.022705084 -0.065408584 0.491965822 -0.867857031
1561000818.288925886 -297.767249 -1.527604 17.783325 -0.018124091 -0.058769171 0.492645298 -0.868054325
1561000818.390826464 -297.945602 -0.778732 17.805607 -0.017973017 -0.058204121 0.492761126 -0.868029794
1561000818.490383148 -298.099559 -0.039739 17.828568 -0.020312273 -0.059528461 0.493568990 -0.867429205
1561000818.588953733 -298.249416 0.689024 17.845911 -0.022292709 -0.063307578 0.493377510 -0.867221897
1561000818.690190315 -298.402323 1.423580 17.870825 -0.022677174 -0.064678205 0.493313753 -0.867147056
1561000818.788452387 -298.549382 2.152945 17.908418 -0.022712076 -0.063060237 0.493213293 -0.867322441
1561000818.888694525 -298.722710 2.914344 17.946795 -0.022938369 -0.060733520 0.492942362 -0.867636502
1561000818.988563061 -298.889769 3.661609 17.976283 -0.022967588 -0.059817377 0.492459922 -0.867973270
1561000819.090265751 -299.055669 4.430883 18.000898 -0.023828920 -0.059606831 0.492612854 -0.867877747
1561000819.190606117 -299.223723 5.160348 18.023520 -0.025384602 -0.059191889 0.492246157 -0.868070080
1561000819.289763689 -299.389458 5.911022 18.038481 -0.025897045 -0.059977678 0.492466796 -0.867875842
1561000819.389556885 -299.561301 6.661553 18.064521 -0.025100855 -0.060360220 0.492472289 -0.867869596
1561000819.490195274 -299.726585 7.422832 18.094252 -0.024226340 -0.060025170 0.492443795 -0.867933852
1561000819.589608192 -299.880705 8.189439 18.121358 -0.023659822 -0.059647876 0.492372082 -0.868016173
1561000819.690580606 -300.047586 8.958235 18.147723 -0.023306009 -0.059893210 0.492284653 -0.868058439
1561000819.788935661 -300.203092 9.727659 18.166250 -0.022742648 -0.060825338 0.492549579 -0.867858262
1561000819.890805960 -300.363966 10.516400 18.197026 -0.021764608 -0.062055670 0.492504624 -0.867821751
1561000819.989592075 -300.534676 11.273472 18.229939 -0.021675562 -0.061657274 0.492101312 -0.868081131
1561000820.088890076 -300.703185 12.047722 18.259500 -0.022237414 -0.061071743 0.492379797 -0.867950388
1561000820.190764427 -300.882180 12.841349 18.290114 -0.022339372 -0.060903352 0.492240740 -0.868038471
1561000820.288868427 -301.052553 13.615576 18.316452 -0.023331336 -0.060272351 0.492338143 -0.868001178
1561000820.390554190 -301.241295 14.417414 18.346284 -0.024068751 -0.059098035 0.491960407 -0.868275921
1561000820.488959789 -301.413342 15.219609 18.374129 -0.024396812 -0.057914881 0.491740409 -0.868471089
1561000820.590596437 -301.599411 16.027988 18.398846 -0.024570652 -0.057763465 0.491328080 -0.868709608
1561000820.691211224 -301.768207 16.830771 18.427541 -0.025110819 -0.057521045 0.491896894 -0.868388290
1561000820.788920641 -301.945969 17.629964 18.454504 -0.027778866 -0.059438759 0.492024482 -0.868105568
1561000820.890393972 -302.122540 18.444687 18.515520 -0.033381133 -0.065977061 0.491917619 -0.867496273
1561000820.989035606 -302.275635 19.213636 18.561144 -0.037740001 -0.073684670 0.492955072 -0.866107129
1561000821.091555595 -302.431361 19.990049 18.628378 -0.037689230 -0.072253472 0.492993084 -0.866208276
1561000821.190177917 -302.592203 20.762293 18.659805 -0.036615938 -0.071582714 0.491810235 -0.866982053
1561000821.289836407 -302.797541 21.544999 18.712020 -0.032738153 -0.072140708 0.492197363 -0.866871206
1561000821.390783310 -303.013008 22.393010 18.755054 -0.022032790 -0.061580896 0.491711910 -0.868298190
1561000821.489368677 -303.199048 23.229350 18.727617 -0.018998453 -0.046883790 0.492618289 -0.868773958
1561000821.589391470 -303.381543 24.080020 18.694453 -0.025753756 -0.046930938 0.493640505 -0.868016868
1561000821.690743685 -303.544556 24.860932 18.696578 -0.038659748 -0.060267619 0.493832561 -0.866604085
1561000821.789344549 -303.695246 25.654083 18.753616 -0.038320658 -0.062724624 0.493105284 -0.866858886
1561000821.890552044 -303.859105 26.464191 18.805544 -0.033507049 -0.059347151 0.492445129 -0.867671014
1561000821.989505291 -304.028651 27.291587 18.839012 -0.026770325 -0.054177279 0.492800234 -0.868041532
1561000822.089264631 -304.212305 28.131644 18.863037 -0.025728036 -0.055354113 0.493470143 -0.867618124
1561000822.190466404 -304.378909 28.967103 18.884231 -0.027071939 -0.060093126 0.493831845 -0.867055959
1561000822.291322947 -304.543221 29.777634 18.917265 -0.026782030 -0.064596971 0.492990159 -0.867220075
1561000822.392235756 -304.709796 30.584100 18.957667 -0.024114613 -0.066530529 0.492935231 -0.867183390
1561000822.490828037 -304.866262 31.369883 19.002427 -0.020456381 -0.065972499 0.492747720 -0.867426567
1561000822.592011213 -305.036947 32.169360 19.044352 -0.018891350 -0.065077468 0.492091948 -0.867901812
1561000822.691948175 -305.199755 32.956852 19.076222 -0.017582511 -0.064818215 0.492436886 -0.867753057
1561000822.790089846 -305.364509 33.723283 19.101507 -0.017243852 -0.065664675 0.492339072 -0.867751714
1561000822.891498089 -305.535473 34.506282 19.128773 -0.017139566 -0.065881175 0.492361182 -0.867724825
1561000822.990649939 -305.683282 35.247587 19.167977 -0.017800300 -0.065157005 0.491543648 -0.868229553
1561000823.090407848 -305.856433 35.972362 19.200131 -0.019427373 -0.064912093 0.491904597 -0.868008563
1561000823.191536665 -306.028630 36.672811 19.238057 -0.022801219 -0.068762394 0.492258290 -0.867429313
1561000823.290152550 -306.164581 37.340719 19.276405 -0.024218277 -0.071512857 0.491799729 -0.867428621
1561000823.391601086 -306.294254 38.007945 19.295796 -0.021312405 -0.068816487 0.491754508 -0.867748568
1561000823.490804195 -306.435128 38.656895 19.308310 -0.015936015 -0.063562796 0.490991763 -0.868696093
1561000823.592012167 -306.592759 39.310206 19.314280 -0.010394418 -0.058777000 0.490240295 -0.869541071
1561000823.693023682 -306.748323 39.997580 19.334786 -0.007380394 -0.057991812 0.489983352 -0.869769391
1561000823.792122602 -306.893033 40.670589 19.357460 -0.010660705 -0.062752656 0.490053792 -0.869365133
1561000823.892756462 -307.039154 41.319216 19.377134 -0.014863231 -0.067832089 0.489998057 -0.868953276
1561000823.991877556 -307.176948 41.953789 19.396810 -0.015623579 -0.070976883 0.490416580 -0.868452511
1561000824.093096018 -307.312526 42.606919 19.416498 -0.013639978 -0.071598413 0.490928881 -0.868145410
1561000824.193464279 -307.441409 43.248013 19.437455 -0.011277278 -0.070955319 0.491189103 -0.868084922
1561000824.292559862 -307.571436 43.896775 19.458687 -0.009094900 -0.071216327 0.492072942 -0.867588461
1561000824.393345356 -307.708215 44.561114 19.477603 -0.008908643 -0.072853255 0.492808160 -0.867036998
1561000824.491913557 -307.843749 45.208401 19.501908 -0.009120302 -0.074859910 0.493522047 -0.866457617
1561000824.591590405 -307.963609 45.857165 19.522567 -0.009850349 -0.076882239 0.494569412 -0.865674990
1561000824.693046331 -308.092072 46.511708 19.550526 -0.009670866 -0.078021838 0.496035349 -0.864735798
1561000824.791760206 -308.212809 47.162990 19.570149 -0.009153228 -0.078593100 0.497133289 -0.864058931
1561000824.894789696 -308.336178 47.828304 19.599209 -0.008154447 -0.078103973 0.499339391 -0.862840337
1561000824.993704319 -308.476366 48.470290 19.630180 -0.009620997 -0.079091178 0.502398663 -0.860957377
1561000825.093672514 -308.597346 49.115855 19.662882 -0.011922721 -0.079814722 0.505750737 -0.858896764
1561000825.195180178 -308.688231 49.789172 19.683178 -0.013297146 -0.081053667 0.509317841 -0.856649768
1561000825.294594526 -308.778103 50.432742 19.696406 -0.012227753 -0.082313719 0.513311097 -0.854158446
1561000825.394502163 -308.871157 51.094088 19.720900 -0.008327550 -0.081559286 0.516929112 -0.852093321
1561000825.493384838 -308.951020 51.750377 19.749116 -0.005606091 -0.078877469 0.521312206 -0.849694357
1561000825.595749617 -309.036225 52.417440 19.773457 -0.005349853 -0.075882395 0.526448310 -0.846797153
1561000825.686508179 -309.104639 53.049482 19.791065 -0.007093751 -0.074154732 0.531976181 -0.843476198
1561000825.785567760 -309.165381 53.717146 19.800547 -0.009060979 -0.074037717 0.539337370 -0.838779778
1561000825.888186216 -309.216798 54.390481 19.810437 -0.010046304 -0.074946733 0.547704083 -0.833248040
1561000825.986328125 -309.249165 55.038254 19.824423 -0.010208545 -0.075388752 0.556688398 -0.827230529
1561000826.085518599 -309.250790 55.696334 19.840347 -0.010578428 -0.074675367 0.566405535 -0.820668298
1561000826.186709404 -309.243518 56.356441 19.857038 -0.010952710 -0.073020518 0.576412857 -0.813815864
1561000826.285252333 -309.229465 56.992250 19.870955 -0.010664842 -0.070576284 0.586455301 -0.806830483
1561000826.386532545 -309.188684 57.658868 19.870358 -0.010352117 -0.069178084 0.597089517 -0.799119099
1561000826.485412836 -309.139895 58.317388 19.869821 -0.011182818 -0.069275381 0.608134246 -0.790726631
1561000826.586493731 -309.055713 58.962059 19.886300 -0.012510334 -0.070691239 0.619127855 -0.782001879
1561000826.686601877 -308.950745 59.604546 19.922876 -0.016154461 -0.069488545 0.630378089 -0.773003131
1561000826.785202026 -308.836494 60.236068 19.938544 -0.021195291 -0.066571496 0.641589706 -0.763859702
1561000826.886615515 -308.717840 60.859482 19.931327 -0.023777494 -0.063294441 0.652495186 -0.754770480
1561000826.986154795 -308.559651 61.484343 19.916856 -0.021970571 -0.063679812 0.663460602 -0.745172601
1561000827.087714434 -308.372367 62.106144 19.913229 -0.018936241 -0.064273136 0.674415036 -0.735305883
1561000827.187766790 -308.152472 62.717389 19.918968 -0.016933437 -0.063982154 0.685590178 -0.724972862
1561000827.285459280 -307.928412 63.323701 19.924153 -0.016305031 -0.061776439 0.696671983 -0.714538988
1561000827.387251377 -307.695286 63.952544 19.920842 -0.015793073 -0.060196642 0.707205733 -0.704263441
1561000827.486197948 -307.438195 64.573610 19.899122 -0.014173451 -0.060083813 0.717141333 -0.694188272
1561000827.586244583 -307.168234 65.195657 19.877226 -0.012041186 -0.061392507 0.726552244 -0.684257121
1561000827.687388420 -306.874175 65.805055 19.861193 -0.009619516 -0.063341129 0.735842083 -0.674115565
1561000827.785573483 -306.548505 66.387211 19.872349 -0.009129993 -0.062697398 0.744394094 -0.664727849
1561000827.887412071 -306.224857 66.991285 19.879341 -0.012627701 -0.060161169 0.753111033 -0.655015227
1561000827.985741377 -305.891203 67.570846 19.869417 -0.016784466 -0.057417733 0.761058470 -0.645919105
1561000828.087577820 -305.560658 68.158390 19.835452 -0.019108634 -0.057426327 0.768631217 -0.636822683
1561000828.187642336 -305.199598 68.733527 19.811991 -0.017859696 -0.057882330 0.775986464 -0.627834115
1561000828.286399364 -304.810726 69.293541 19.804712 -0.013867078 -0.055946310 0.783321161 -0.618939152
1561000828.386983395 -304.391358 69.853710 19.793883 -0.011728371 -0.052570879 0.790206616 -0.610468879
1561000828.487590551 -303.976210 70.419356 19.769485 -0.011616824 -0.050370400 0.797145283 -0.601570669
1561000828.588442564 -303.552326 70.971532 19.732992 -0.012908015 -0.050121012 0.803933634 -0.592462639
1561000828.688324928 -303.108065 71.521927 19.701066 -0.014145768 -0.051923047 0.810236627 -0.583627023
1561000828.788495302 -302.651808 72.067561 19.679483 -0.014621594 -0.052745271 0.816616009 -0.574580229
1561000828.888773203 -302.185191 72.588723 19.663132 -0.014584825 -0.052666500 0.821996279 -0.566864746
1561000828.987618923 -301.712885 73.111780 19.642709 -0.014056117 -0.051525964 0.827530942 -0.558873904
1561000829.087201834 -301.226914 73.640705 19.623039 -0.012890562 -0.049044614 0.832689871 -0.551412765
1561000829.188781023 -300.711061 74.167177 19.592602 -0.012338616 -0.047194310 0.837532998 -0.544204862
1561000829.287126064 -300.183012 74.677977 19.560453 -0.012505151 -0.046257118 0.842153841 -0.537104094
1561000829.388790607 -299.640554 75.190194 19.527666 -0.013219486 -0.045627193 0.846502964 -0.530260442
1561000829.487273932 -299.101861 75.679787 19.501948 -0.013428097 -0.043923888 0.851413155 -0.522480639
1561000829.588912249 -298.550870 76.175047 19.472234 -0.013549304 -0.040515213 0.856003936 -0.515201122
1561000829.688636065 -297.997599 76.673812 19.432413 -0.013161652 -0.037993532 0.860795398 -0.507360371
1561000829.788132906 -297.433295 77.149916 19.385195 -0.011287398 -0.036929814 0.865414573 -0.499566211
1561000829.888679981 -296.840147 77.627969 19.328315 -0.008105287 -0.036578797 0.869896597 -0.491809116
1561000829.988819361 -296.232196 78.090248 19.289690 -0.004276927 -0.036339603 0.874706752 -0.483269324
1561000830.090179920 -295.622799 78.547064 19.242958 -0.003289434 -0.035573050 0.879186008 -0.475137560
1561000830.190334082 -294.997791 78.984793 19.207886 -0.004522075 -0.034764720 0.883817970 -0.466515553
1561000830.288638115 -294.385557 79.410783 19.162032 -0.006746023 -0.033747380 0.888410178 -0.457758628
1561000830.390127182 -293.750434 79.827484 19.109933 -0.007972138 -0.032831116 0.892605214 -0.449571457
1561000830.488903999 -293.119711 80.223295 19.054174 -0.006675173 -0.032593479 0.896575278 -0.441639987
1561000830.590136528 -292.472349 80.606193 19.002319 -0.004132313 -0.032548169 0.900391029 -0.433842755
1561000830.690100670 -291.823910 80.982937 18.959257 -0.002313979 -0.032241935 0.903631715 -0.427088781
1561000830.788655758 -291.187124 81.338264 18.917057 -0.002189528 -0.031257922 0.906242617 -0.421595146
1561000830.890167236 -290.541881 81.695285 18.871557 -0.002357016 -0.029988070 0.908316262 -0.417201064
1561000830.989118338 -289.923807 82.033220 18.825003 -0.003133311 -0.028950261 0.909845569 -0.413924034
1561000831.089901924 -289.314233 82.364863 18.777666 -0.004402874 -0.027822283 0.911297746 -0.410783342
1561000831.190384865 -288.715701 82.688719 18.743561 -0.005743932 -0.025223730 0.912407905 -0.408463690
1561000831.288642406 -288.130160 83.012660 18.705518 -0.007053591 -0.022008330 0.913437441 -0.406322436
1561000831.390307188 -287.525235 83.349819 18.653819 -0.009651769 -0.020757326 0.914312704 -0.404361541
1561000831.488785028 -286.939449 83.672437 18.605740 -0.015608910 -0.022240523 0.915286983 -0.401884885
1561000831.590497255 -286.348938 83.978255 18.574886 -0.019821747 -0.024668805 0.916029134 -0.399861443
1561000831.692173958 -285.741512 84.271186 18.552844 -0.016961377 -0.024152240 0.916660093 -0.398576535
1561000831.789857149 -285.151486 84.572899 18.491387 -0.008094930 -0.021700019 0.916737640 -0.398817855
1561000831.891499758 -284.525041 84.900903 18.405915 0.001221730 -0.017830984 0.916853172 -0.398824303
1561000831.991911650 -283.903682 85.246607 18.354869 0.009309899 -0.015506314 0.917253557 -0.397892940
1561000832.091650486 -283.287377 85.582846 18.306970 0.002685335 -0.016826063 0.917956100 -0.396315872
1561000832.193967581 -282.691336 85.886626 18.287586 -0.004693988 -0.017541125 0.918661881 -0.394627196
1561000832.292498350 -282.100757 86.195039 18.247513 -0.016458365 -0.018607105 0.918867351 -0.393783811
1561000832.392775536 -281.485196 86.500246 18.203306 -0.016400509 -0.018648889 0.918969218 -0.393546462
1561000832.491383791 -280.859606 86.819500 18.160682 -0.009740489 -0.017135851 0.919090116 -0.393554119
1561000832.592447758 -280.218963 87.151795 18.106787 -0.005816723 -0.016647353 0.919033449 -0.393784904
1561000832.692503452 -279.570181 87.500855 18.047721 -0.006447721 -0.017797372 0.918860299 -0.394128700
1561000832.792610884 -278.933860 87.832325 17.994567 -0.009527096 -0.019965439 0.918604163 -0.394559256
1561000832.892368793 -278.300023 88.151768 17.956527 -0.012321798 -0.020253075 0.918440912 -0.394847157
1561000832.991276503 -277.661626 88.477292 17.918758 -0.013232763 -0.020285300 0.918218413 -0.395333210
1561000833.092592001 -277.010129 88.816777 17.876447 -0.012997497 -0.019960205 0.918023432 -0.395810099
1561000833.193443060 -276.355887 89.161505 17.826155 -0.012254932 -0.020222714 0.917775525 -0.396394935
1561000833.292400122 -275.705609 89.506695 17.787045 -0.010898610 -0.019865690 0.917664851 -0.396708704
1561000833.392920256 -275.033850 89.860512 17.741316 -0.010085477 -0.019881494 0.917488824 -0.397136332
1561000833.491556406 -274.357316 90.219509 17.695245 -0.010711535 -0.019425993 0.917302779 -0.397572013
1561000833.591448069 -273.678305 90.584135 17.645244 -0.010552142 -0.019273623 0.917141273 -0.397956109
1561000833.693367958 -272.986923 90.949972 17.590500 -0.010884848 -0.019290371 0.917036359 -0.398188043
1561000833.792688608 -272.296346 91.310748 17.544013 -0.011217906 -0.018891393 0.916836665 -0.398657501
1561000833.891629457 -271.601832 91.685008 17.497774 -0.011936283 -0.018571188 0.916658516 -0.399061150
1561000833.991494656 -270.891085 92.072718 17.451379 -0.012943951 -0.018230069 0.916537693 -0.399322897
1561000834.092988253 -270.180294 92.446261 17.403721 -0.013290779 -0.018530857 0.916491626 -0.399403382
1561000834.193300486 -269.469320 92.821431 17.358167 -0.013387766 -0.018841581 0.916277232 -0.399877227
1561000834.291816473 -268.749720 93.203759 17.310551 -0.013079190 -0.019072433 0.916161460 -0.400141669
1561000834.393325567 -268.021124 93.596577 17.260062 -0.012599896 -0.018956331 0.916160074 -0.400165739
1561000834.492221117 -267.296558 93.985135 17.210502 -0.012085314 -0.018886965 0.915983196 -0.400589582
1561000834.593198061 -266.559754 94.379058 17.163008 -0.011565943 -0.018240321 0.915820181 -0.401007376
1561000834.693250418 -265.820023 94.780581 17.110272 -0.010963157 -0.017610316 0.915611715 -0.401528173
1561000834.791532040 -265.076765 95.179933 17.051233 -0.010937368 -0.018522335 0.915619482 -0.401470125
1561000834.892814159 -264.315445 95.592831 16.996015 -0.010687025 -0.018705354 0.915534549 -0.401662031
1561000834.991868973 -263.554986 96.000656 16.941756 -0.009565554 -0.019130954 0.915476482 -0.401802586
1561000835.092648506 -262.795227 96.408826 16.882950 -0.008923054 -0.020502160 0.915409121 -0.401903199
1561000835.192899466 -262.006876 96.828174 16.826096 -0.008940478 -0.020864726 0.915214507 -0.402327151
1561000835.292479515 -261.218392 97.248408 16.767526 -0.010012832 -0.020790682 0.915092203 -0.402583843
1561000835.392987490 -260.436104 97.674668 16.715365 -0.010276387 -0.021568236 0.915058504 -0.402612892
1561000835.491538763 -259.657030 98.104551 16.665798 -0.010644911 -0.020759103 0.914933001 -0.402930949
1561000835.591408014 -258.862040 98.533818 16.610019 -0.010439954 -0.020370786 0.914795426 -0.403268357
1561000835.692740917 -258.061090 98.964729 16.556652 -0.010784706 -0.019312789 0.914726240 -0.403468230
1561000835.792996168 -257.254531 99.404206 16.497013 -0.011141164 -0.019293375 0.914609363 -0.403724352
1561000835.892753601 -256.446539 99.846480 16.436594 -0.011133207 -0.019858659 0.914570446 -0.403785320
1561000835.993056536 -255.616675 100.294807 16.373164 -0.010881294 -0.019877748 0.914502482 -0.403945148
1561000836.092686176 -254.788093 100.742779 16.318082 -0.009883458 -0.020873630 0.914453251 -0.404032004
1561000836.192760706 -253.949642 101.192370 16.256932 -0.010445192 -0.020581817 0.914254413 -0.404482577
1561000836.291316032 -253.117252 101.649073 16.201082 -0.010025143 -0.020716465 0.914090103 -0.404857517
1561000836.392768860 -252.260281 102.112322 16.135795 -0.010734990 -0.020606473 0.913983462 -0.405085625
1561000836.491778135 -251.422681 102.578200 16.081229 -0.011012300 -0.020181090 0.913889624 -0.405311249
1561000836.593041658 -250.570645 103.047701 16.022345 -0.010881819 -0.020393627 0.913805853 -0.405492971
1561000836.693138599 -249.708324 103.529463 15.958596 -0.010403409 -0.020445335 0.913610590 -0.405942666
1561000836.791980505 -248.859300 103.995848 15.896988 -0.010106389 -0.021099930 0.913632283 -0.405867842
1561000836.893064737 -247.985527 104.475450 15.831184 -0.009759207 -0.022997266 0.913224292 -0.406690640
1561000836.991664410 -247.122858 104.947347 15.768239 -0.009880986 -0.023941606 0.912884519 -0.407395411
1561000837.092963457 -246.253402 105.428963 15.708593 -0.009400324 -0.024719647 0.912275507 -0.408722367
1561000837.193096161 -245.393421 105.912859 15.650516 -0.008778458 -0.024215224 0.911750470 -0.409936143
1561000837.293230772 -244.522145 106.409904 15.589318 -0.009755394 -0.023744987 0.911018274 -0.411566170
1561000837.394561291 -243.638602 106.919424 15.527686 -0.012951594 -0.023607111 0.910252119 -0.413177977
1561000837.493377924 -242.788080 107.413920 15.470831 -0.014693342 -0.024214258 0.909630347 -0.414451937
1561000837.594395638 -241.922721 107.925841 15.421457 -0.013849767 -0.026224249 0.908780824 -0.416218556
1561000837.694365978 -241.052653 108.432692 15.367430 -0.012696869 -0.028359674 0.908013470 -0.417787095
1561000837.794381142 -240.169888 108.946079 15.314521 -0.011771769 -0.029420489 0.906893506 -0.420166669
1561000837.894370556 -239.295072 109.461549 15.267027 -0.012278376 -0.030074159 0.905678418 -0.422719043
1561000837.993215799 -238.447271 109.979443 15.218827 -0.014378149 -0.030284729 0.904659143 -0.424815181
1561000838.086469650 -237.611489 110.491701 15.169103 -0.016523706 -0.030815433 0.903418684 -0.427331320
1561000838.186661005 -236.752647 111.030197 15.129401 -0.016973230 -0.030192628 0.902114357 -0.430104640
1561000838.285469532 -235.908191 111.563765 15.089712 -0.015862169 -0.029517681 0.901087611 -0.432340393
1561000838.386559248 -235.061144 112.114880 15.043401 -0.014639905 -0.029104714 0.899839184 -0.435003486
1561000838.485285759 -234.232012 112.655680 14.993275 -0.013623175 -0.028566707 0.898728308 -0.437362299
1561000838.586182117 -233.398928 113.206199 14.950143 -0.013667824 -0.027503273 0.897639419 -0.439659225
1561000838.686518908 -232.582697 113.750882 14.901624 -0.015160242 -0.026265510 0.896757949 -0.441480998
1561000838.785186768 -231.778588 114.294774 14.853149 -0.016746584 -0.025912482 0.895912490 -0.443157878
1561000838.886443853 -230.956686 114.844618 14.808049 -0.016926059 -0.025729191 0.895183201 -0.444633055
1561000838.985164881 -230.145445 115.394083 14.766441 -0.016518314 -0.025947651 0.894234180 -0.446541259
1561000839.085342646 -229.320176 115.963731 14.722289 -0.015982774 -0.026342812 0.893233849 -0.448535281
1561000839.187211990 -228.491932 116.541402 14.677207 -0.015681887 -0.027112974 0.891999004 -0.450950931
1561000839.285322666 -227.686835 117.106004 14.633439 -0.015776812 -0.027218960 0.890832873 -0.453240568
1561000839.387268066 -226.868901 117.683455 14.590813 -0.016522935 -0.027157416 0.889683145 -0.455470491
1561000839.485879421 -226.071543 118.265910 14.548621 -0.017114483 -0.026890565 0.888315471 -0.458126201
1561000839.587642431 -225.263280 118.853814 14.502333 -0.018020605 -0.027141607 0.887025330 -0.460569925
1561000839.687445164 -224.460275 119.449783 14.461956 -0.018208515 -0.027731286 0.885656541 -0.463154312
1561000839.786344767 -223.666283 120.036680 14.425798 -0.017635991 -0.028115151 0.884461929 -0.465430559
1561000839.887463808 -222.857926 120.652586 14.382678 -0.016333393 -0.027981487 0.883049855 -0.468159385
1561000839.985878944 -222.068411 121.257305 14.340072 -0.015784600 -0.027482270 0.881767916 -0.470617588
1561000840.085933208 -221.261669 121.875210 14.293974 -0.018031378 -0.026885263 0.880568043 -0.472812832
1561000840.187575340 -220.470729 122.495848 14.248751 -0.019921801 -0.027368831 0.879300552 -0.475062741
1561000840.287132025 -219.697164 123.101621 14.209830 -0.019822032 -0.027927580 0.878195199 -0.477074762
1561000840.387670755 -218.918169 123.717021 14.173617 -0.018942624 -0.027747227 0.876931314 -0.479440027
1561000840.485368013 -218.141713 124.341820 14.133956 -0.017840272 -0.028018175 0.875654476 -0.481794506
1561000840.587256193 -217.345886 124.989040 14.090281 -0.018518146 -0.028399166 0.874341611 -0.484125306
1561000840.687569618 -216.565828 125.627548 14.048950 -0.019781803 -0.028965760 0.873274966 -0.485963474
1561000840.785385132 -215.797559 126.262538 14.015391 -0.021007443 -0.029519616 0.871939872 -0.488270560
1561000840.887180090 -215.014650 126.919494 13.984685 -0.022087385 -0.030282467 0.870850453 -0.490116934
1561000840.985626459 -214.248342 127.565857 13.957355 -0.022310797 -0.029553986 0.869424931 -0.492675430
1561000841.087421656 -213.471998 128.227925 13.924328 -0.021351763 -0.029369510 0.868101105 -0.495057579
1561000841.187939882 -212.704031 128.898708 13.892072 -0.020125605 -0.029137120 0.866921415 -0.497185326
1561000841.285546064 -211.950273 129.562350 13.860131 -0.020336699 -0.029427205 0.865480131 -0.499664489
1561000841.388639450 -211.161333 130.254587 13.826749 -0.021747769 -0.029022239 0.864142600 -0.501938554
1561000841.487005711 -210.404608 130.932476 13.795394 -0.023009142 -0.028685565 0.862698250 -0.504380260
1561000841.588546753 -209.653066 131.615913 13.766587 -0.023622240 -0.028485202 0.861237106 -0.506854250
1561000841.688662291 -208.904548 132.301188 13.738287 -0.022618608 -0.028180149 0.859877421 -0.509220089
1561000841.788681030 -208.155987 132.995610 13.709064 -0.021714368 -0.028376393 0.858617663 -0.511369704
1561000841.888758421 -207.410934 133.692543 13.669706 -0.021040668 -0.028789903 0.857375695 -0.513454330
1561000841.987066507 -206.657183 134.403134 13.632241 -0.020896047 -0.031158229 0.856186854 -0.515302427
1561000842.090217590 -205.890070 135.125420 13.605390 -0.021581938 -0.032428144 0.855222988 -0.516794230
1561000842.190325975 -205.146168 135.829626 13.578923 -0.022116831 -0.033025223 0.854526794 -0.517884291
1561000842.288832426 -204.412414 136.522987 13.552873 -0.023273713 -0.033876227 0.853681150 -0.519171676
1561000842.390503407 -203.677457 137.226088 13.526600 -0.023982509 -0.035027780 0.852953577 -0.520257714
1561000842.489136219 -202.950763 137.926633 13.501526 -0.023853265 -0.035607627 0.852167869 -0.521510346
1561000842.590653419 -202.207994 138.647022 13.484239 -0.022768669 -0.036465589 0.851395405 -0.522759709
1561000842.691926718 -201.473821 139.363960 13.456874 -0.022487157 -0.037056043 0.850419869 -0.524315958
1561000842.791890860 -200.750393 140.076271 13.431257 -0.023348643 -0.037753023 0.849095051 -0.526371680
1561000842.893207073 -200.026725 140.803571 13.414083 -0.024421324 -0.037475391 0.847796909 -0.528431259
1561000842.991773367 -199.327815 141.512319 13.395314 -0.025642573 -0.036945677 0.846427332 -0.530601779
1561000843.093192816 -198.612994 142.236958 13.382358 -0.026077690 -0.037028352 0.845238445 -0.532466738
1561000843.192864656 -197.913366 142.964885 13.362663 -0.026938078 -0.036206159 0.843702441 -0.534910875
1561000843.292390108 -197.210032 143.697409 13.348415 -0.026549618 -0.035368909 0.842493679 -0.536887845
1561000843.393048286 -196.512359 144.438035 13.335907 -0.026181076 -0.035075792 0.841012387 -0.539242436
1561000843.491571903 -195.823929 145.171125 13.315521 -0.026057177 -0.033550704 0.839583035 -0.541567817
1561000843.593184471 -195.138437 145.915263 13.291812 -0.026219937 -0.031582359 0.838234694 -0.543762509
1561000843.692949533 -194.461985 146.654932 13.272147 -0.025412052 -0.029848929 0.837093502 -0.545653496
1561000843.793305635 -193.786262 147.407313 13.251743 -0.025492052 -0.029082156 0.836046923 -0.547293272
1561000843.894703150 -193.100855 148.167751 13.232395 -0.025410040 -0.028215445 0.835281000 -0.548510591
1561000843.993549585 -192.432245 148.910261 13.204885 -0.026487639 -0.027620887 0.834324277 -0.549944081
1561000844.094722509 -191.754530 149.672882 13.180366 -0.027292252 -0.027944933 0.833331146 -0.551392251
1561000844.193531752 -191.087700 150.422158 13.162048 -0.027138901 -0.028610660 0.832515625 -0.552596276
1561000844.294256687 -190.419405 151.174876 13.146589 -0.026557623 -0.028336846 0.831584657 -0.554038513
1561000844.386662722 -189.778666 151.905454 13.133352 -0.026278199 -0.028462463 0.830238596 -0.556060444
1561000844.485429287 -189.107761 152.673510 13.115156 -0.026970172 -0.029001285 0.829263503 -0.557452758
1561000844.586642742 -188.436471 153.446439 13.099633 -0.027791204 -0.029408799 0.828253952 -0.558890116
1561000844.686491489 -187.786028 154.206422 13.083413 -0.029185971 -0.029989490 0.827085578 -0.560516063
1561000844.786851406 -187.138552 154.965391 13.072417 -0.029819014 -0.030369004 0.825947198 -0.562138574
1561000844.886647463 -186.493749 155.731441 13.057400 -0.030475697 -0.030279288 0.824805811 -0.563781669
1561000844.986431360 -185.862294 156.481924 13.052474 -0.029068109 -0.029796890 0.823740476 -0.565436839
1561000845.086161613 -185.231538 157.239418 13.045871 -0.028691882 -0.029003167 0.822573920 -0.567192859
1561000845.186197519 -184.611525 158.003144 13.022202 -0.027848942 -0.028802904 0.821029086 -0.569478769
1561000845.286257982 -183.995465 158.775183 12.997960 -0.027027545 -0.030693184 0.819483348 -0.571641918
1561000845.386321068 -183.370144 159.542935 12.987077 -0.026149092 -0.030934939 0.817812492 -0.574057473
1561000845.485473633 -182.771736 160.302978 12.983475 -0.025937314 -0.028728264 0.815804391 -0.577031314
1561000845.586239100 -182.162603 161.090593 12.961794 -0.027426572 -0.029506784 0.813581118 -0.580054220
1561000845.686750650 -181.563024 161.868345 12.946326 -0.028164695 -0.029975550 0.811778897 -0.582514582
1561000845.786469936 -180.983378 162.661886 12.922755 -0.028590524 -0.031502071 0.809469724 -0.585618449
1561000845.886382103 -180.406756 163.446286 12.901253 -0.027375208 -0.034281008 0.807139519 -0.588728466
1561000845.985085249 -179.841546 164.224583 12.887337 -0.025405326 -0.037833648 0.804670249 -0.591970417
1561000846.086343288 -179.260232 165.019083 12.882933 -0.024529666 -0.041223400 0.802647390 -0.594521736
1561000846.186354637 -178.702120 165.790464 12.890508 -0.025504668 -0.038702653 0.800240355 -0.597885432
1561000846.286644936 -178.168478 166.574761 12.884539 -0.027545687 -0.038212939 0.798177354 -0.600577987
1561000846.386486292 -177.653128 167.358591 12.877075 -0.028564268 -0.038289335 0.795561918 -0.603986129
1561000846.485333681 -177.143516 168.129473 12.870675 -0.027983272 -0.038129060 0.793556912 -0.606655205
1561000846.586628914 -176.641330 168.898540 12.874789 -0.027061239 -0.035627985 0.791401560 -0.609657204
1561000846.685421944 -176.150930 169.659207 12.869412 -0.028026723 -0.036064312 0.789382903 -0.612199723
1561000846.786287785 -175.672911 170.407838 12.872919 -0.029824863 -0.035928277 0.787077600 -0.615084131
1561000846.886970758 -175.219718 171.129382 12.877160 -0.030959557 -0.035411509 0.785016986 -0.617685893
1561000846.986022472 -174.778695 171.853249 12.880035 -0.031666162 -0.034272773 0.783071421 -0.620178829
1561000847.087301016 -174.334625 172.587261 12.879685 -0.032202128 -0.034758563 0.781630232 -0.621939745
1561000847.186552286 -173.900549 173.297540 12.877844 -0.030686929 -0.033220578 0.780148513 -0.623957534
1561000847.286611795 -173.478219 173.996166 12.879495 -0.029182360 -0.032258377 0.778833827 -0.625720111
1561000847.386558533 -173.072479 174.686467 12.878980 -0.027575026 -0.031200210 0.777862546 -0.627053447
1561000847.485561371 -172.671047 175.361590 12.871845 -0.027026481 -0.031404547 0.776999645 -0.628136032
1561000847.586763144 -172.275688 176.027664 12.862857 -0.027310678 -0.032259195 0.775743577 -0.629631141
1561000847.686522007 -171.891121 176.668776 12.858578 -0.027461816 -0.032680686 0.775195457 -0.630277577
1561000847.785466909 -171.531525 177.293093 12.859599 -0.027351354 -0.033057905 0.774181806 -0.631507411
1561000847.886470556 -171.161911 177.918197 12.857135 -0.026961489 -0.033511451 0.773443243 -0.632404626
1561000847.985365152 -170.809437 178.504387 12.853417 -0.026216835 -0.033500177 0.772367830 -0.633749439
1561000848.087844372 -170.457466 179.098036 12.851652 -0.027255397 -0.033914630 0.771314701 -0.634965017
1561000848.185707569 -170.147994 179.660545 12.852382 -0.029481514 -0.034722060 0.770264048 -0.636096309
1561000848.286689043 -169.810350 180.252559 12.856367 -0.031375773 -0.035897254 0.769616155 -0.636724369
1561000848.386699438 -169.485559 180.837140 12.851601 -0.032238118 -0.037636565 0.768766452 -0.637606725
1561000848.485829353 -169.165470 181.409082 12.856427 -0.031105386 -0.037587313 0.767726966 -0.638917017
1561000848.586648226 -168.832958 182.011138 12.876655 -0.030684535 -0.034539948 0.767104539 -0.639856295
1561000848.686365366 -168.511339 182.599277 12.895034 -0.035082775 -0.029953076 0.766576894 -0.640493464
1561000848.786637068 -168.212559 183.166491 12.921395 -0.041375411 -0.029407189 0.766322441 -0.640447663
1561000848.886544466 -167.904309 183.721016 12.923801 -0.047335563 -0.033300500 0.764841555 -0.641613448
1561000848.985340834 -167.591198 184.299833 12.912390 -0.049427749 -0.038640596 0.763684114 -0.642534339
1561000849.086174250 -167.258427 184.924172 12.919879 -0.044340568 -0.037721083 0.762641542 -0.644196331
1561000849.186260223 -166.929461 185.595182 12.949393 -0.042605206 -0.041283670 0.759807246 -0.647436022
1561000849.287266016 -166.617914 186.278701 12.963610 -0.040359830 -0.042187480 0.758293607 -0.649293544
1561000849.387339830 -166.284021 186.947316 12.933393 -0.034913678 -0.040535324 0.757063228 -0.651147595
1561000849.485710859 -165.940429 187.542596 12.852010 -0.022504237 -0.032289080 0.758440270 -0.650553097
1561000849.587636471 -165.617064 188.040086 12.821489 -0.014403448 -0.029148160 0.758576371 -0.650772476
1561000849.687655449 -165.318974 188.510120 12.843613 -0.015312570 -0.026579838 0.757744501 -0.651829969
1561000849.787428617 -165.042141 189.035844 12.851044 -0.021461256 -0.029341978 0.754815917 -0.654928541
1561000849.887493134 -164.741841 189.643758 12.848129 -0.027045524 -0.036015460 0.752198517 -0.657395480
1561000849.986191750 -164.429560 190.290815 12.835482 -0.025789406 -0.037452398 0.750459922 -0.659349778
1561000850.086839914 -164.109034 190.961916 12.811562 -0.023269627 -0.037472503 0.748316016 -0.661874214
1561000850.187325001 -163.782804 191.641570 12.797689 -0.024067997 -0.038173473 0.746140805 -0.664257041
1561000850.287441969 -163.469292 192.314623 12.786201 -0.024090697 -0.038660182 0.744251678 -0.666344106
1561000850.387491226 -163.152520 192.976708 12.785690 -0.025797523 -0.039697995 0.742119812 -0.668593107
1561000850.487513304 -162.849976 193.632210 12.788933 -0.026944611 -0.039823015 0.740097495 -0.670778513
1561000850.587591648 -162.547512 194.314585 12.784994 -0.026361489 -0.039444709 0.738488002 -0.672595464
1561000850.686909199 -162.249104 194.994145 12.786464 -0.027603921 -0.039675136 0.736635119 -0.674561049
1561000850.785684586 -161.964550 195.669111 12.813028 -0.028633843 -0.038545001 0.735065797 -0.676293324
1561000850.888916492 -161.678775 196.354100 12.842894 -0.032062434 -0.037980755 0.733246670 -0.678143630
1561000850.987337589 -161.408065 197.036718 12.862141 -0.035919114 -0.036572486 0.732006914 -0.679365990
1561000851.089100122 -161.113274 197.750733 12.872161 -0.036652044 -0.034621344 0.731335631 -0.680151590
1561000851.189006805 -160.810577 198.452775 12.874450 -0.036848384 -0.032518849 0.730937332 -0.680672709
1561000851.287812471 -160.527106 199.157127 12.879910 -0.035049808 -0.030143483 0.730881033 -0.680937440
1561000851.390153170 -160.229216 199.901234 12.875648 -0.034894307 -0.028575455 0.731022546 -0.680861123
1561000851.488779783 -159.920368 200.610440 12.873251 -0.034710860 -0.028712627 0.731252422 -0.680617834
1561000851.589922667 -159.610120 201.344139 12.886097 -0.035642383 -0.029312491 0.732133489 -0.679596169
1561000851.688266039 -159.298871 202.068796 12.880332 -0.036033056 -0.029867727 0.732179782 -0.679501511
1561000851.788380384 -158.984859 202.801801 12.890759 -0.036565110 -0.030645645 0.732258399 -0.679353719
1561000851.890148878 -158.661872 203.539644 12.913403 -0.035843849 -0.030058480 0.732335143 -0.679335665
1561000851.990006208 -158.337883 204.274531 12.916165 -0.035821017 -0.030257539 0.733228757 -0.678363417
1561000852.091747522 -158.021462 205.019989 12.917116 -0.036439822 -0.030940084 0.733457915 -0.678051869
1561000852.192333221 -157.680973 205.776673 12.923674 -0.034577767 -0.031218994 0.733682901 -0.677893172
1561000852.292422771 -157.335342 206.525906 12.929180 -0.033375642 -0.031399618 0.733716570 -0.677908641
1561000852.393270493 -156.979544 207.285798 12.937738 -0.031569785 -0.031105342 0.734039060 -0.677659549
1561000852.491785049 -156.634733 208.043037 12.936331 -0.029917243 -0.030308106 0.734800255 -0.676945318
1561000852.592874765 -156.292635 208.819350 12.933248 -0.030335169 -0.031754098 0.734706143 -0.676962583
1561000852.691473961 -155.954223 209.595151 12.939022 -0.030282461 -0.033166703 0.734879708 -0.676708768
1561000852.792524576 -155.609744 210.384395 12.953009 -0.030125537 -0.033990539 0.734489505 -0.677098414
1561000852.892347336 -155.268796 211.166635 12.954813 -0.030667571 -0.034053590 0.733666682 -0.677962428
1561000852.991105556 -154.920694 211.951809 12.950724 -0.030181802 -0.032915841 0.732548477 -0.679248360
1561000853.093926191 -154.572651 212.783841 12.955290 -0.029414278 -0.031421637 0.731499739 -0.680481898
1561000853.192949533 -154.240690 213.587509 12.968508 -0.029172528 -0.029585914 0.730057265 -0.682121710
1561000853.295572519 -153.904113 214.418674 12.967035 -0.030146907 -0.029537541 0.728527575 -0.683715051
1561000853.394320726 -153.562459 215.229071 12.977324 -0.030896428 -0.028679231 0.727551623 -0.684756562
1561000853.493263721 -153.216995 216.072929 12.973850 -0.032700447 -0.030178300 0.725795359 -0.686469991
1561000853.594480753 -152.874191 216.922517 12.968867 -0.031267343 -0.030935614 0.724913100 -0.687434607
1561000853.693339825 -152.529743 217.765436 12.961444 -0.030112200 -0.031510678 0.723545770 -0.688899014
1561000853.794536829 -152.183557 218.612378 12.956957 -0.029397497 -0.030964274 0.722106298 -0.690463247
1561000853.894427299 -151.841667 219.470514 12.954053 -0.028926722 -0.033024268 0.720813883 -0.691736936
1561000853.993172884 -151.510874 220.332706 12.966526 -0.029726774 -0.035989005 0.719233213 -0.693198887
1561000854.094300508 -151.165237 221.204764 12.975918 -0.030843605 -0.037654608 0.717593054 -0.694759679
1561000854.193076372 -150.837570 222.064035 12.996803 -0.030877755 -0.038508342 0.715525875 -0.696840293
1561000854.293308020 -150.500317 222.957650 13.004570 -0.031400786 -0.040010545 0.713931969 -0.698365441
1561000854.394095659 -150.161954 223.861331 13.002799 -0.029734104 -0.041095344 0.712613316 -0.699720885
1561000854.493500471 -149.841389 224.755919 13.015609 -0.029069468 -0.040480880 0.711060081 -0.701362835
1561000854.594176769 -149.515827 225.657758 13.027520 -0.029681408 -0.040441593 0.709951400 -0.702461744
1561000854.694304466 -149.207463 226.566543 13.048995 -0.030250810 -0.042070333 0.708614585 -0.703690518
1561000854.794322968 -148.889270 227.502406 13.064538 -0.031901475 -0.043541545 0.707081858 -0.705068561
1561000854.894335985 -148.575630 228.430289 13.075393 -0.030842617 -0.043181805 0.705308314 -0.706911767
1561000854.993099213 -148.255472 229.354934 13.098693 -0.029391351 -0.041371631 0.703224860 -0.709153955
1561000855.094101906 -147.933481 230.303073 13.113554 -0.028491334 -0.039428268 0.702191197 -0.710324700
1561000855.193452120 -147.638942 231.246845 13.124274 -0.029135501 -0.037810004 0.700205191 -0.712344170
1561000855.294242620 -147.337362 232.208793 13.143492 -0.031319644 -0.037699851 0.698359640 -0.714066954
1561000855.394229650 -147.058236 233.157472 13.162970 -0.033951909 -0.035972086 0.696376330 -0.715970169
1561000855.493093967 -146.773964 234.115427 13.191414 -0.036648378 -0.034186966 0.694512058 -0.717733341
1561000855.594136477 -146.491944 235.094596 13.209382 -0.040167638 -0.033337304 0.692614753 -0.719416422
1561000855.693435192 -146.207799 236.075722 13.227307 -0.040936585 -0.033103426 0.690806502 -0.721120472
1561000855.794282913 -145.911072 237.067987 13.241844 -0.041750869 -0.033351406 0.688596909 -0.723172763
1561000855.894136429 -145.634038 238.056432 13.266641 -0.040188292 -0.033392295 0.686722609 -0.725039250
1561000855.985062599 -145.365598 239.007442 13.282955 -0.038742316 -0.033211285 0.684410402 -0.727309044
1561000856.086218834 -145.084611 240.038431 13.305499 -0.037188201 -0.033149793 0.682639157 -0.729055492
1561000856.185391903 -144.812247 241.030455 13.333253 -0.037172318 -0.034353344 0.680446065 -0.731048028
1561000856.286617041 -144.542551 242.039146 13.359946 -0.037855074 -0.034820103 0.678437188 -0.732855740
1561000856.386654139 -144.287557 243.018398 13.382734 -0.037899086 -0.034817792 0.676265865 -0.734857714
1561000856.486753702 -144.045477 244.011443 13.408124 -0.036990544 -0.036137507 0.674030927 -0.736890827
1561000856.585811853 -143.796456 245.000078 13.420660 -0.035403324 -0.037225412 0.671756454 -0.738988593
1561000856.686347961 -143.552016 246.000130 13.438632 -0.033199070 -0.039164893 0.669418806 -0.741108895
1561000856.785465002 -143.320784 246.983871 13.461247 -0.031882679 -0.041188600 0.667020477 -0.743216441
1561000856.886777878 -143.103135 247.976482 13.499195 -0.030811266 -0.042365348 0.664684537 -0.745285388
1561000856.985339403 -142.884377 248.951541 13.512161 -0.032039191 -0.043561220 0.662642458 -0.746981180
1561000857.086637735 -142.684192 249.951333 13.567230 -0.031876916 -0.043715011 0.660692598 -0.748704315
1561000857.186964273 -142.495556 250.935819 13.608302 -0.034252369 -0.042324708 0.658908696 -0.750249775
1561000857.287304640 -142.307772 251.925387 13.644546 -0.038572281 -0.041801270 0.656995131 -0.751746121
1561000857.387345552 -142.115132 252.917182 13.682142 -0.040328369 -0.040266840 0.655259108 -0.753251422
1561000857.485401869 -141.926677 253.909202 13.711577 -0.040730321 -0.038931293 0.653465069 -0.754856807
1561000857.587270737 -141.746823 254.908105 13.736220 -0.040834807 -0.038201430 0.651515118 -0.756572020
1561000857.686910629 -141.575267 255.897945 13.768712 -0.041370878 -0.037888542 0.649648840 -0.758161786
1561000857.786237001 -141.406898 256.884894 13.794523 -0.043122084 -0.039255813 0.647655572 -0.759698445
1561000857.886560440 -141.229338 257.874590 13.831016 -0.044396095 -0.041985663 0.645196724 -0.761569024
1561000857.985302687 -141.064137 258.865722 13.875146 -0.043434620 -0.042688429 0.643051435 -0.763397658
1561000858.086393833 -140.898885 259.890323 13.919802 -0.041897754 -0.042505691 0.640919934 -0.765283923
1561000858.185769081 -140.743072 260.890579 13.936677 -0.038075703 -0.043467567 0.638866918 -0.767143971
1561000858.286380291 -140.596501 261.901782 13.996695 -0.035335148 -0.043544679 0.636882199 -0.768918951
1561000858.386300564 -140.460557 262.911806 14.042242 -0.037623552 -0.042898775 0.634960528 -0.770434482
1561000858.485055923 -140.322321 263.903507 14.081764 -0.040585956 -0.043902486 0.633134223 -0.771729491
1561000858.587024689 -140.193513 264.904746 14.118587 -0.041190432 -0.043539621 0.630939872 -0.773513107
1561000858.685417652 -140.071540 265.894942 14.152739 -0.039749394 -0.042824185 0.628975802 -0.775226106
1561000858.786185980 -139.951162 266.925330 14.191869 -0.036570959 -0.040674489 0.626503639 -0.777496843
1561000858.886291265 -139.837437 267.941396 14.221363 -0.035620490 -0.037978999 0.624160814 -0.779558885
1561000858.985234737 -139.736862 268.934192 14.264040 -0.037147331 -0.037123357 0.621955591 -0.781289431
1561000859.086422920 -139.633960 269.920936 14.319241 -0.040769158 -0.038650376 0.620172230 -0.782451551
1561000859.186197042 -139.541102 270.910651 14.361505 -0.046392424 -0.042910729 0.618591516 -0.783167255
1561000859.286254644 -139.434542 271.927503 14.400177 -0.048120265 -0.044771381 0.617044338 -0.784178709
1561000859.386331558 -139.332447 272.935276 14.438843 -0.045073362 -0.043711856 0.615780809 -0.785411778
1561000859.485122442 -139.240720 273.953625 14.472596 -0.043169772 -0.043503952 0.614583091 -0.786467673
1561000859.586440086 -139.155642 274.976435 14.515350 -0.041979561 -0.042915250 0.613678347 -0.787270528
1561000859.685040951 -139.072802 275.974693 14.559922 -0.041733316 -0.044305847 0.612528171 -0.788101873
1561000859.786092520 -138.995506 276.999398 14.605470 -0.043114896 -0.047222573 0.611197619 -0.788890743
1561000859.885986090 -138.901550 278.015591 14.665107 -0.042987195 -0.048077016 0.609446820 -0.790199516
1561000859.986210823 -138.822448 279.030129 14.730325 -0.043550349 -0.048491022 0.607995930 -0.791260347
1561000860.086920500 -138.747685 280.049804 14.787836 -0.043430392 -0.048058341 0.606057048 -0.792779320
1561000860.186558723 -138.679301 281.073890 14.832496 -0.043534213 -0.047545456 0.604459999 -0.794022866
1561000860.286000252 -138.623600 282.098306 14.872641 -0.042470873 -0.046496397 0.602744076 -0.795445717
1561000860.387226105 -138.562119 283.131198 14.910503 -0.040910939 -0.046328749 0.600606245 -0.797152483
1561000860.485242605 -138.514984 284.143663 14.961609 -0.041218431 -0.047491838 0.598734394 -0.798475229
1561000860.587164402 -138.478454 285.161440 15.015611 -0.043115491 -0.047464114 0.596691947 -0.799904327
1561000860.686569214 -138.431807 286.171594 15.067264 -0.045774019 -0.048900360 0.594123864 -0.801579895
1561000860.786372662 -138.396616 287.185006 15.117219 -0.045622956 -0.048949153 0.591751854 -0.803338203
1561000860.886844635 -138.362492 288.214958 15.147430 -0.043925867 -0.048660345 0.589292671 -0.805255758
1561000860.985849142 -138.317846 289.239984 15.201941 -0.040191957 -0.049647612 0.587049762 -0.807026826
1561000861.087421417 -138.303107 290.273830 15.273158 -0.037229832 -0.047035537 0.584121760 -0.809446334
1561000861.187074900 -138.312660 291.294960 15.322980 -0.039511000 -0.045125176 0.581447150 -0.811370329
1561000861.288581610 -138.326491 292.315928 15.361014 -0.041568778 -0.044760230 0.578310484 -0.813526608
1561000861.388399601 -138.339109 293.331748 15.385951 -0.043696726 -0.046768243 0.575660791 -0.815179723
1561000861.486948013 -138.360704 294.362531 15.435415 -0.043873141 -0.048124202 0.572052935 -0.817627451
1561000861.588628292 -138.386417 295.403443 15.495937 -0.043921632 -0.046846376 0.567636486 -0.820771057
1561000861.687599421 -138.428774 296.430519 15.549286 -0.044683355 -0.046275873 0.563271467 -0.823764041
1561000861.787151575 -138.484099 297.454883 15.598798 -0.045025697 -0.046817112 0.558492119 -0.826962755
1561000861.888569117 -138.546954 298.482608 15.655855 -0.044472794 -0.045824865 0.553994473 -0.830067694
1561000861.986772060 -138.621525 299.499355 15.706110 -0.043593222 -0.042561268 0.549461725 -0.833294655
1561000862.088396072 -138.716454 300.541791 15.743341 -0.042590104 -0.040873097 0.545546553 -0.835999062
1561000862.186939478 -138.812890 301.564511 15.767654 -0.042114421 -0.041851794 0.541322814 -0.838715932
1561000862.288359165 -138.919924 302.615030 15.795814 -0.041563992 -0.044731708 0.537492806 -0.841054691
1561000862.388269663 -139.032206 303.644786 15.844765 -0.041460493 -0.046529230 0.533577213 -0.843452083
1561000862.488193274 -139.155123 304.679228 15.898183 -0.040736232 -0.048074559 0.529481250 -0.845978133
1561000862.588199615 -139.293426 305.709671 15.962386 -0.041522137 -0.048024872 0.524957083 -0.848757671
1561000862.687339067 -139.444765 306.714313 16.043262 -0.043872963 -0.048606436 0.520825653 -0.851148176
1561000862.786695004 -139.617021 307.730892 16.118035 -0.049332547 -0.050168382 0.516348289 -0.853483378
1561000862.888214350 -139.792777 308.768041 16.177354 -0.053155394 -0.052370341 0.512327463 -0.855542180
1561000862.986775875 -139.960106 309.782654 16.239358 -0.053567061 -0.053633479 0.508133890 -0.857935878
1561000863.087428093 -140.134394 310.817645 16.295328 -0.052003220 -0.051893090 0.504923525 -0.860031980
1561000863.188323975 -140.325480 311.860059 16.356253 -0.049710585 -0.049003014 0.501304112 -0.862451013
1561000863.288430691 -140.534547 312.887290 16.415799 -0.047382008 -0.047650706 0.498285038 -0.864405215
1561000863.389791489 -140.742825 313.915646 16.478253 -0.045915136 -0.046993287 0.496114597 -0.865767716
1561000863.488247156 -140.955729 314.930160 16.536948 -0.046287191 -0.045922351 0.493575057 -0.867255612
1561000863.589865208 -141.181272 315.955055 16.600395 -0.049264214 -0.045484054 0.491758481 -0.868146205
1561000863.688482523 -141.404558 316.959233 16.666117 -0.052489870 -0.044084074 0.490453222 -0.868767544
1561000863.789609194 -141.626658 317.988036 16.738087 -0.054469792 -0.044128441 0.489187293 -0.869356955
1561000863.889846802 -141.853907 319.004639 16.803640 -0.053774043 -0.043552647 0.488338547 -0.869906307
1561000863.988219261 -142.077334 320.016892 16.866068 -0.052218984 -0.042361977 0.487079810 -0.870765123
1561000864.089657545 -142.301865 321.043329 16.922994 -0.052346619 -0.040725571 0.486378514 -0.871227410
1561000864.188581228 -142.531451 322.038903 16.980322 -0.051775733 -0.040969592 0.485715000 -0.871620161
1561000864.287930727 -142.766245 323.046538 17.032375 -0.052586463 -0.041611988 0.485293463 -0.871775981
1561000864.389504194 -142.993920 324.055749 17.086193 -0.054174824 -0.041923677 0.485312139 -0.871653384
1561000864.487970829 -143.225019 325.045054 17.143374 -0.053626288 -0.041947368 0.485635496 -0.871506055
1561000864.589492321 -143.460038 326.044866 17.195070 -0.052308366 -0.044382245 0.485772424 -0.871389237
1561000864.688722610 -143.678642 327.023259 17.243821 -0.052446740 -0.045876081 0.486348175 -0.870982306
1561000864.789917231 -143.895343 328.021573 17.295480 -0.052517830 -0.046155673 0.487147780 -0.870516267
1561000864.891318083 -144.106197 329.011421 17.360759 -0.051789842 -0.045785527 0.487553119 -0.870352488
1561000864.990149260 -144.317498 329.987327 17.428302 -0.051990279 -0.045277552 0.488185819 -0.870012391
1561000865.091492414 -144.537223 330.984259 17.484773 -0.052500056 -0.047675618 0.489745752 -0.868976339
1561000865.189548254 -144.739425 331.953938 17.542371 -0.052266256 -0.051531904 0.491407624 -0.867831348
1561000865.290952206 -144.936389 332.944562 17.615304 -0.053900135 -0.054323252 0.492554501 -0.866910505
1561000865.390984297 -145.129728 333.915324 17.681443 -0.054821188 -0.055954031 0.493844997 -0.866014378
1561000865.490374327 -145.322521 334.888417 17.759182 -0.054212294 -0.055584473 0.495188623 -0.865308974
1561000865.591106892 -145.516769 335.857939 17.825632 -0.051208676 -0.054159092 0.495950439 -0.865146015
1561000865.689819098 -145.707748 336.821632 17.893930 -0.048838707 -0.051588579 0.496955327 -0.864863459
1561000865.789503336 -145.890249 337.789467 17.958981 -0.048836596 -0.049689182 0.498441162 -0.864119425
1561000865.890933275 -146.071677 338.752038 18.007484 -0.049433876 -0.049579404 0.500049382 -0.863162088
1561000865.989778280 -146.245684 339.681897 18.058502 -0.049869949 -0.051025990 0.501352671 -0.862296257
1561000866.091110468 -146.416069 340.620088 18.127621 -0.051149013 -0.050652059 0.502910418 -0.861335741
1561000866.190095901 -146.576482 341.541459 18.193934 -0.054195186 -0.049943288 0.505258881 -0.859815104
1561000866.291534424 -146.740205 342.458116 18.264356 -0.056769194 -0.049897169 0.508391493 -0.857802787
1561000866.392870188 -146.884436 343.371850 18.345692 -0.059120003 -0.050049200 0.512162790 -0.855388321
1561000866.491155386 -147.018789 344.268181 18.409128 -0.061772501 -0.050521476 0.515882738 -0.852934194
1561000866.591423512 -147.152716 345.181156 18.469574 -0.062032685 -0.050000657 0.519477259 -0.850761575
1561000866.691462278 -147.269658 346.087969 18.530759 -0.060381346 -0.049391934 0.523638316 -0.848361623
1561000866.792206287 -147.367108 347.003571 18.608239 -0.057619836 -0.049316233 0.527489565 -0.846169382
1561000866.892293453 -147.459784 347.912830 18.674301 -0.054834351 -0.048006277 0.531497162 -0.843919047
1561000866.991171598 -147.536126 348.830160 18.741277 -0.054297331 -0.046306327 0.535420883 -0.841565210
1561000867.092915058 -147.622662 349.744662 18.789560 -0.053471403 -0.045559450 0.539431980 -0.839093728
1561000867.191556215 -147.694927 350.635610 18.847071 -0.051618262 -0.046477471 0.543402887 -0.836593511
1561000867.291521072 -147.754040 351.539233 18.900118 -0.051421425 -0.048821270 0.546962695 -0.834148747
1561000867.393126249 -147.796725 352.445074 18.962731 -0.053508504 -0.050484402 0.551442689 -0.830962770
1561000867.492095947 -147.831217 353.326521 19.029632 -0.055328355 -0.051120344 0.555599776 -0.828030418
1561000867.592366695 -147.867104 354.206598 19.098762 -0.055303537 -0.050392471 0.559566467 -0.825401409
1561000867.691293955 -147.889298 355.084195 19.159359 -0.053302539 -0.049260453 0.564092694 -0.822515459
1561000867.791201591 -147.899249 355.976997 19.208214 -0.052023073 -0.047616391 0.569225738 -0.819150987
1561000867.892363310 -147.897009 356.863709 19.265011 -0.051618216 -0.047530712 0.574410142 -0.815554645
1561000867.991159678 -147.883961 357.734963 19.323973 -0.052460841 -0.048659250 0.581038856 -0.810724358
1561000868.092520952 -147.861530 358.611451 19.377739 -0.052657323 -0.051226729 0.588174496 -0.805390459
1561000868.191257238 -147.805541 359.461336 19.436444 -0.052286877 -0.050675548 0.595909850 -0.799743411
1561000868.292544365 -147.738799 360.334070 19.483777 -0.050214504 -0.050521211 0.602743409 -0.794749328
1561000868.392773867 -147.647179 361.198446 19.536328 -0.047261606 -0.050024409 0.610115485 -0.789318056
1561000868.491302013 -147.539260 362.054824 19.588215 -0.045457395 -0.048777816 0.617935783 -0.783396271
1561000868.592655659 -147.418151 362.911100 19.639402 -0.044517351 -0.047361504 0.626365454 -0.776814914
1561000868.691373587 -147.286847 363.748600 19.683219 -0.045805138 -0.047776080 0.634117182 -0.770399075
1561000868.792408228 -147.137478 364.593516 19.728224 -0.046262325 -0.049451650 0.641886912 -0.763803328
1561000868.892355442 -146.952000 365.422712 19.779940 -0.048272164 -0.049306337 0.649439814 -0.757275783
1561000868.992595911 -146.780195 366.248016 19.837272 -0.048949646 -0.049726039 0.656639965 -0.750969514
1561000869.092417955 -146.580223 367.067964 19.877612 -0.048562834 -0.047341040 0.664095992 -0.744564968
1561000869.191066980 -146.371643 367.873894 19.904756 -0.043496013 -0.046977272 0.670796785 -0.738872726
1561000869.292294502 -146.135804 368.676630 19.953926 -0.040738380 -0.047255913 0.677588649 -0.732789797
1561000869.392442942 -145.885526 369.449366 20.008966 -0.045263255 -0.046183998 0.684926109 -0.725737212
1561000869.492010117 -145.630678 370.202823 20.051630 -0.049026904 -0.046158095 0.692233762 -0.718525025
1561000869.592391968 -145.368043 370.941229 20.070479 -0.048845211 -0.046691718 0.698204680 -0.712702079
1561000869.691181421 -145.097415 371.639324 20.100055 -0.042800544 -0.045878721 0.704576044 -0.706849244
1561000869.792562962 -144.812114 372.338974 20.122639 -0.038894611 -0.043949034 0.711299900 -0.700434253
1561000869.892659187 -144.525949 373.005954 20.154703 -0.035745461 -0.042484987 0.717678677 -0.694157478
1561000869.991239309 -144.232757 373.646283 20.182473 -0.036957693 -0.042486931 0.724365413 -0.687112609
1561000870.092490673 -143.918236 374.272459 20.212654 -0.038371480 -0.043755355 0.731380429 -0.679481984
1561000870.191358328 -143.601493 374.867094 20.240315 -0.039295498 -0.043942972 0.738498526 -0.671673139
1561000870.292388201 -143.280829 375.474568 20.263162 -0.041809512 -0.044145579 0.745562215 -0.663656625
1561000870.392344236 -142.944821 376.067562 20.288559 -0.041756944 -0.043355951 0.752424893 -0.655921793
1561000870.492326736 -142.611806 376.650972 20.311382 -0.042892468 -0.042221161 0.759488677 -0.647730314
1561000870.592434645 -142.250141 377.229360 20.330389 -0.042966680 -0.041829453 0.766502966 -0.639435191
1561000870.691090345 -141.889530 377.787362 20.355265 -0.042006076 -0.040895858 0.773637750 -0.630910176
1561000870.792562723 -141.501983 378.344744 20.375603 -0.041678769 -0.039367046 0.780839223 -0.622095831
1561000870.892611265 -141.133233 378.880561 20.397769 -0.040626052 -0.037722816 0.788703801 -0.612268591
1561000870.991383791 -140.735515 379.415860 20.406197 -0.039671299 -0.035159041 0.796184979 -0.602726728
1561000871.092788696 -140.324890 379.943499 20.449798 -0.040014788 -0.030822781 0.803317014 -0.593405888
1561000871.191549540 -139.898985 380.445770 20.453049 -0.045213350 -0.029211417 0.810074795 -0.583850386
1561000871.293057442 -139.458619 380.930619 20.451129 -0.050393944 -0.032797847 0.816989432 -0.573509390
1561000871.393258810 -139.015638 381.368175 20.445432 -0.050413388 -0.036986258 0.824121820 -0.562950915
1561000871.491327524 -138.565370 381.800382 20.453359 -0.046766277 -0.037355424 0.831753860 -0.551908510
1561000871.592415810 -138.068620 382.301335 20.501236 -0.045577322 -0.037790686 0.839582572 -0.539995997
1561000871.691081524 -137.582479 382.770531 20.532433 -0.043715265 -0.037127730 0.846061966 -0.529990242
1561000871.792042255 -137.051992 383.247026 20.534417 -0.033755188 -0.032746569 0.852459672 -0.520673368
1561000871.892248631 -136.547366 383.631280 20.482837 -0.020941441 -0.025054944 0.859253916 -0.510506037
1561000871.990837574 -136.107460 383.937364 20.449743 -0.014035548 -0.020823965 0.866132166 -0.499183771
1561000872.091921568 -135.655001 384.236254 20.413618 -0.020882124 -0.019161833 0.874168466 -0.484795064
1561000872.191268921 -135.143691 384.565183 20.403318 -0.026716287 -0.023311080 0.881509958 -0.470832272
1561000872.292386293 -134.554645 384.930318 20.420604 -0.030130719 -0.025396203 0.888607149 -0.456973201
1561000872.392513037 -133.936192 385.280352 20.399396 -0.026194621 -0.024839116 0.895459920 -0.443675998
1561000872.491271257 -133.330132 385.623011 20.386275 -0.022201605 -0.022698074 0.901946216 -0.430679591
1561000872.593823195 -132.704691 385.954566 20.372467 -0.023576948 -0.019988803 0.908465176 -0.416816025
1561000872.692731619 -132.097204 386.250418 20.370523 -0.023296923 -0.019789489 0.914561483 -0.403290123
1561000872.792932510 -131.451910 386.537328 20.329990 -0.024870871 -0.018272915 0.920262014 -0.390083794
1561000872.894023895 -130.790727 386.791086 20.297664 -0.023918318 -0.018768728 0.925308272 -0.377995040
1561000872.992580891 -130.134471 387.026858 20.265991 -0.022462830 -0.019762533 0.929817235 -0.366803452
1561000873.093592405 -129.455846 387.258792 20.244293 -0.021172473 -0.020517137 0.933657153 -0.356952510
1561000873.192583799 -128.772589 387.486887 20.219045 -0.021193597 -0.020474965 0.937235391 -0.347449895
1561000873.293694973 -128.079890 387.696163 20.184811 -0.021829849 -0.020155288 0.940298222 -0.339052321
1561000873.393817663 -127.398089 387.902103 20.178311 -0.019114166 -0.019893614 0.943082149 -0.331413568
1561000873.492455006 -126.699318 388.107648 20.168706 -0.017447896 -0.020242074 0.945714096 -0.323899179
1561000873.593667269 -125.966843 388.307229 20.139420 -0.017452513 -0.020624483 0.947937090 -0.317309494
1561000873.692740202 -125.248983 388.489446 20.108828 -0.016826303 -0.021477472 0.949778103 -0.311732497
1561000873.793896437 -124.502246 388.672224 20.077462 -0.016838766 -0.021671997 0.951172398 -0.307437555
1561000873.893952608 -123.752066 388.856922 20.050280 -0.015912024 -0.021520253 0.952147916 -0.304463516
1561000873.992596388 -123.000744 389.044216 20.018229 -0.015783690 -0.020408720 0.952923962 -0.302109718
1561000874.093741179 -122.232979 389.235798 19.988235 -0.015580676 -0.019473034 0.953414178 -0.300631748
1561000874.192820072 -121.475911 389.425357 19.955873 -0.015396995 -0.018545433 0.953920082 -0.299091085
1561000874.293826580 -120.711198 389.612661 19.915183 -0.016215804 -0.018296131 0.954288314 -0.297886073
1561000874.394186258 -119.944262 389.795371 19.886990 -0.015123426 -0.017744044 0.954431910 -0.297516655
1561000874.493761063 -119.162885 389.991785 19.843654 -0.015733296 -0.018614633 0.954513025 -0.297171405
1561000874.594103098 -118.378271 390.174123 19.810391 -0.015099455 -0.018737293 0.954625927 -0.296833724
1561000874.692945242 -117.586051 390.363440 19.772015 -0.014916937 -0.019204328 0.954748914 -0.296417255
1561000874.792963266 -116.766727 390.562067 19.724570 -0.015325553 -0.020100247 0.954803786 -0.296160155
1561000874.893836021 -115.950466 390.745690 19.685038 -0.015281790 -0.021564644 0.954789513 -0.296105418
1561000874.993784428 -115.135182 390.929958 19.650225 -0.015427273 -0.022815629 0.954763736 -0.296087243
1561000875.093783617 -114.306471 391.122826 19.614099 -0.015738061 -0.024767675 0.954631087 -0.296341633
1561000875.192910433 -113.474595 391.314670 19.579744 -0.016081642 -0.025179523 0.954570410 -0.296483902
1561000875.293983698 -112.625177 391.523082 19.537601 -0.017775066 -0.025172267 0.954575058 -0.296372844
1561000875.394278526 -111.786282 391.724888 19.509164 -0.018022363 -0.025895281 0.954410548 -0.296825091
1561000875.493526220 -110.934780 391.918102 19.479120 -0.019370128 -0.025266141 0.954408326 -0.296801561
1561000875.593987465 -110.060260 392.128496 19.437555 -0.021101317 -0.025935652 0.954445322 -0.296506668
1561000875.692781210 -109.192417 392.339215 19.395957 -0.021974446 -0.025972909 0.954546297 -0.296114672
1561000875.794225931 -108.311398 392.548371 19.361536 -0.022189568 -0.026287051 0.954689047 -0.295610281
1561000875.893841982 -107.417682 392.753436 19.329796 -0.021372870 -0.027197949 0.954873100 -0.294992939
1561000875.993114948 -106.516757 392.964478 19.289967 -0.021943770 -0.029158722 0.954825295 -0.294918456
1561000876.093847752 -105.607487 393.182037 19.265810 -0.020331290 -0.027039032 0.955007240 -0.294646738
1561000876.192640543 -104.707755 393.404637 19.228592 -0.020243565 -0.030510304 0.955036087 -0.294219973
1561000876.293836117 -103.783422 393.631850 19.202290 -0.019481757 -0.030123013 0.955012016 -0.294389392
1561000876.394009590 -102.855567 393.863195 19.164468 -0.019134391 -0.026887944 0.955056284 -0.294581752
1561000876.492722273 -101.937742 394.111871 19.124401 -0.019252878 -0.025073587 0.954633192 -0.296101522
1561000876.594220638 -100.999410 394.347097 19.078242 -0.021266637 -0.024735771 0.954581756 -0.296157970
1561000876.692855597 -100.077541 394.589599 19.051284 -0.023486636 -0.025042014 0.954633951 -0.295796036
1561000876.794193506 -99.139959 394.834715 19.028147 -0.024410832 -0.024124946 0.954534259 -0.296118974
1561000876.894265652 -98.186255 395.063893 19.001579 -0.025260076 -0.024389848 0.954483046 -0.296191118
1561000876.992853642 -97.228609 395.302260 18.960864 -0.025832478 -0.024542361 0.954413717 -0.296352515
1561000877.094144344 -96.251794 395.548909 18.945118 -0.023934323 -0.024678017 0.954407799 -0.296519641
1561000877.193130970 -95.293315 395.789939 18.916982 -0.023601690 -0.023740103 0.954386022 -0.296692921
1561000877.294479609 -94.309470 396.029885 18.886084 -0.024386176 -0.022719745 0.954434351 -0.296553870
1561000877.394570589 -93.331760 396.273513 18.859081 -0.024706957 -0.021996980 0.954415994 -0.296640877
1561000877.492926836 -92.360221 396.517540 18.829283 -0.025452811 -0.021950109 0.954511754 -0.296272946
1561000877.593836308 -91.365690 396.759784 18.800793 -0.025649313 -0.022720543 0.954534887 -0.296123350
1561000877.692679882 -90.377785 396.992136 18.771910 -0.025999825 -0.024169420 0.954366698 -0.296519904
1561000877.793764114 -89.364208 397.225482 18.741156 -0.025906762 -0.025262216 0.954306605 -0.296630349
1561000877.893823385 -88.361994 397.451690 18.717587 -0.025468933 -0.026523260 0.954018095 -0.297484998
1561000877.992426395 -87.358325 397.685091 18.684986 -0.025952474 -0.027229905 0.953917308 -0.297702487
1561000878.093654156 -86.331414 397.933543 18.654287 -0.026059806 -0.027005673 0.953710229 -0.298376237
1561000878.185017347 -85.369809 398.169441 18.633119 -0.026079279 -0.026893416 0.953599806 -0.298737384
1561000878.285387754 -84.320945 398.431128 18.614547 -0.025430818 -0.027003580 0.953559125 -0.298913158
1561000878.386007071 -83.290540 398.682612 18.593775 -0.026140990 -0.026957274 0.953529188 -0.298951570
1561000878.484843969 -82.267958 398.932437 18.565417 -0.026113808 -0.026094603 0.953380270 -0.299504929
1561000878.586118460 -81.212710 399.197731 18.540166 -0.026556056 -0.025103440 0.953616937 -0.298796469
1561000878.685236216 -80.183511 399.450191 18.518621 -0.026287139 -0.024921396 0.953539089 -0.299083793
1561000878.785998583 -79.132975 399.708196 18.487455 -0.026711363 -0.025079405 0.953490686 -0.299187297
1561000878.886228323 -78.077883 399.961578 18.463285 -0.025116708 -0.024664032 0.953472233 -0.299418665
1561000878.985020638 -77.020923 400.216157 18.437819 -0.025491050 -0.024657543 0.953438105 -0.299496229
1561000879.086344004 -75.941640 400.484327 18.409998 -0.025745451 -0.024720198 0.953581542 -0.299012250
1561000879.185192347 -74.896955 400.742037 18.387216 -0.025678703 -0.024371581 0.953672239 -0.298757244
1561000879.286033392 -73.834587 401.003446 18.355025 -0.025342628 -0.023772909 0.953842707 -0.298289607
1561000879.386126280 -72.772564 401.266029 18.331290 -0.024336516 -0.023704482 0.953937337 -0.298076145
1561000879.486286163 -71.695529 401.527410 18.302071 -0.024275684 -0.023802329 0.954008648 -0.297844993
1561000879.586157322 -70.644904 401.777933 18.269523 -0.024223134 -0.023203868 0.954256203 -0.297102541
1561000879.685005665 -69.595028 402.028994 18.255252 -0.023788795 -0.023563425 0.954440136 -0.296517932
1561000879.785212994 -68.538697 402.287503 18.234569 -0.025366800 -0.023960899 0.954612424 -0.295799797
1561000879.886291981 -67.467811 402.531159 18.218450 -0.025559841 -0.024349377 0.954741036 -0.295336007
1561000879.985234022 -66.423997 402.786620 18.191009 -0.025787113 -0.023403256 0.954859577 -0.295009323
1561000880.086106062 -65.371940 403.038822 18.170715 -0.025450336 -0.023341314 0.954530789 -0.296105447
1561000880.184831142 -64.347014 403.288361 18.153757 -0.026625614 -0.023611521 0.954678499 -0.295503870
1561000880.285908937 -63.287945 403.545623 18.139323 -0.026880456 -0.023701710 0.954879520 -0.294823289
1561000880.386026859 -62.250751 403.782465 18.115804 -0.027392312 -0.024577147 0.954698407 -0.295290664
1561000880.484945297 -61.203827 404.031620 18.095487 -0.026577346 -0.025565565 0.954561633 -0.295723074
1561000880.585868597 -60.173424 404.274134 18.070479 -0.026236189 -0.027250353 0.954608049 -0.295453132
1561000880.684758425 -59.134977 404.518306 18.045966 -0.025253061 -0.027535770 0.954747806 -0.295060489
1561000880.785991907 -58.086797 404.765026 18.028796 -0.025920140 -0.028032452 0.954594350 -0.295452119
1561000880.886410475 -57.054493 405.006744 18.022660 -0.027857099 -0.028646522 0.954625818 -0.295115074
1561000880.985992670 -56.035618 405.248796 18.004115 -0.029951419 -0.030165039 0.954883488 -0.293922622
1561000881.084818125 -55.005966 405.480370 17.992705 -0.030931148 -0.030920762 0.954364782 -0.295423481
1561000881.184985161 -53.976059 405.718568 17.974722 -0.030819446 -0.031766678 0.954218793 -0.295816724
1561000881.285832882 -52.945607 405.955379 17.957341 -0.030473163 -0.032824942 0.954050302 -0.296280156
1561000881.386384964 -51.943119 406.192548 17.951781 -0.029542407 -0.032797392 0.953593170 -0.297844999
1561000881.485006332 -50.930060 406.427730 17.943937 -0.028729981 -0.031772034 0.953446220 -0.298505331
1561000881.586257696 -49.913970 406.685239 17.925809 -0.029357216 -0.031096706 0.953323291 -0.298907764
1561000881.685531139 -48.910274 406.947534 17.900683 -0.031798411 -0.030551754 0.953413764 -0.298425279
1561000881.786078215 -47.914562 407.185378 17.881589 -0.031139020 -0.030548995 0.953358115 -0.298672771
1561000881.886461020 -46.912606 407.427347 17.861166 -0.028808733 -0.030010813 0.953613739 -0.298144671
1561000881.984720707 -45.923649 407.669950 17.837061 -0.025146300 -0.030236086 0.953774608 -0.297938650
1561000882.085684776 -44.908239 407.919025 17.826459 -0.024894685 -0.030622795 0.953944138 -0.297377000
1561000882.184692621 -43.905652 408.156435 17.808333 -0.026842774 -0.030325109 0.953969053 -0.297158037
1561000882.285884857 -42.882896 408.398736 17.798074 -0.029215098 -0.030469452 0.953984572 -0.296869544
1561000882.387290001 -41.880268 408.649206 17.787661 -0.031499692 -0.031459839 0.953729167 -0.297352860
1561000882.485165119 -40.894013 408.890354 17.780431 -0.031022020 -0.031470213 0.953624018 -0.297738968
1561000882.585596323 -39.900579 409.132050 17.768523 -0.030081923 -0.031208749 0.953541179 -0.298128013
1561000882.685368776 -38.916995 409.374206 17.755152 -0.029722506 -0.031361355 0.953394055 -0.298618174
1561000882.786082029 -37.925602 409.622818 17.742474 -0.029740025 -0.031179036 0.953330890 -0.298837101
1561000882.885799170 -36.946960 409.866245 17.731919 -0.030529333 -0.031576990 0.953281575 -0.298873036
1561000882.985943556 -35.964941 410.096168 17.719510 -0.030691532 -0.031799179 0.953176362 -0.299168290
1561000883.086923838 -34.987919 410.344480 17.710061 -0.030689260 -0.032848183 0.953123191 -0.299224581
1561000883.185138702 -34.044501 410.578038 17.707077 -0.029305088 -0.032898066 0.953161465 -0.299235944
1561000883.287143946 -33.092775 410.813236 17.696990 -0.028709483 -0.032366302 0.953288950 -0.298945422
1561000883.387141943 -32.172578 411.032434 17.691774 -0.027837068 -0.031864747 0.953464162 -0.298522742
1561000883.487781048 -31.258366 411.261607 17.684042 -0.027925185 -0.031383176 0.953570873 -0.298224532
1561000883.586731195 -30.369813 411.472944 17.674879 -0.027609292 -0.030084188 0.953763706 -0.297770821
1561000883.685122967 -29.488849 411.675252 17.662844 -0.028671053 -0.028953535 0.953789053 -0.297701371
1561000883.785098553 -28.597769 411.893716 17.650183 -0.029824588 -0.028238894 0.954041441 -0.296846742
1561000883.886617184 -27.721481 412.122093 17.643121 -0.028879087 -0.027482032 0.954059716 -0.296952512
1561000883.984773397 -26.881708 412.328587 17.638392 -0.028237908 -0.026413923 0.953993364 -0.297324043
1561000884.086572647 -26.026466 412.538470 17.627757 -0.028262423 -0.025953311 0.954324409 -0.296298134
1561000884.185285807 -25.193338 412.737058 17.618784 -0.028098358 -0.026052277 0.954566312 -0.295524817
1561000884.286631823 -24.358985 412.937271 17.607814 -0.028080191 -0.025335518 0.954575841 -0.295558078
1561000884.386806011 -23.577126 413.126907 17.607408 -0.028671755 -0.024576616 0.954640430 -0.295356683
1561000884.484713554 -22.805538 413.312836 17.602462 -0.031116359 -0.025143892 0.954517352 -0.295459271
1561000884.586769342 -22.032212 413.488302 17.600579 -0.033146583 -0.024721481 0.954294511 -0.295993478
1561000884.685124874 -21.303091 413.655639 17.599153 -0.035372876 -0.026145004 0.954419130 -0.295210640
1561000884.785817146 -20.561638 413.816008 17.595000 -0.036417608 -0.027663633 0.954428837 -0.294913676
1561000884.887610435 -19.850271 413.986058 17.581186 -0.035310045 -0.028320638 0.954573258 -0.294518313
1561000884.985341787 -19.148913 414.153752 17.575976 -0.033115613 -0.029496468 0.954681714 -0.294306201
1561000885.086368084 -18.421933 414.328836 17.568535 -0.032109028 -0.029801536 0.954654762 -0.294474385
1561000885.184229612 -17.697386 414.498547 17.578384 -0.035500994 -0.030024554 0.954755196 -0.293735803
1561000885.286230803 -16.950990 414.668822 17.587467 -0.038733308 -0.030349912 0.954601268 -0.293794200
1561000885.386425257 -16.201169 414.828830 17.574202 -0.037783451 -0.029421939 0.954412103 -0.294625690
1561000885.486494303 -15.454390 415.009768 17.557048 -0.033210090 -0.029489268 0.954168789 -0.295955057
1561000885.586682081 -14.719776 415.203589 17.546148 -0.024913033 -0.029012900 0.954402098 -0.296064568
1561000885.685230255 -14.006923 415.373074 17.547341 -0.023906133 -0.027266767 0.954731341 -0.295250888
1561000885.786813736 -13.293950 415.539057 17.559156 -0.029579385 -0.024667429 0.954942912 -0.294279820
1561000885.888082027 -12.595459 415.698356 17.567399 -0.036336528 -0.022976553 0.954723191 -0.294372832
1561000885.986366749 -11.879885 415.866027 17.559183 -0.042412574 -0.022575646 0.954631618 -0.293887712
1561000886.087970495 -11.160898 416.051337 17.555294 -0.039976467 -0.021651116 0.954204793 -0.295679427
1561000886.186318159 -10.431681 416.232045 17.555801 -0.036400318 -0.020421135 0.954430025 -0.295501814
1561000886.286524773 -9.694997 416.421439 17.546229 -0.034444083 -0.019159257 0.954317672 -0.296182898
1561000886.387984037 -8.973393 416.598535 17.542571 -0.033132225 -0.018205865 0.954327615 -0.296360600
1561000886.486156940 -8.233957 416.769438 17.542689 -0.034786746 -0.017636756 0.954337607 -0.296173190
1561000886.587652445 -7.510779 416.951184 17.542260 -0.034937136 -0.017484758 0.954491932 -0.295666759
1561000886.686399221 -6.788316 417.117548 17.540162 -0.036761547 -0.019042631 0.954128643 -0.296520656
1561000886.788049221 -6.040595 417.293016 17.531426 -0.037845434 -0.018469600 0.954035573 -0.296719939
1561000886.887800455 -5.304016 417.471212 17.529879 -0.037430033 -0.020008602 0.954284820 -0.295870126
1561000886.987319231 -4.575694 417.640792 17.530631 -0.036297457 -0.021508119 0.954419125 -0.295472554
1561000887.087967873 -3.841695 417.808800 17.530369 -0.036166030 -0.023786149 0.954437593 -0.295254329
1561000887.186514139 -3.095655 417.963855 17.535217 -0.035369989 -0.024241575 0.954543094 -0.294972528
1561000887.289673328 -2.321841 418.131126 17.523545 -0.035539184 -0.025061944 0.954538345 -0.294898987
1561000887.390467644 -1.582011 418.295758 17.516889 -0.035599888 -0.026187199 0.954621082 -0.294525835
1561000887.489010096 -0.851186 418.463240 17.516954 -0.035154455 -0.027377681 0.954651352 -0.294372931
1561000887.589905500 -0.099938 418.652624 17.527439 -0.035199920 -0.028454040 0.954873831 -0.293542671
1561000887.688088417 0.648397 418.831840 17.522351 -0.035042022 -0.027914758 0.955000241 -0.293201915
1561000887.789899826 1.423108 418.994683 17.525044 -0.035376294 -0.027618527 0.955077288 -0.292938746
1561000887.889780760 2.176899 419.167626 17.522954 -0.035735516 -0.027020271 0.955167119 -0.292657910
1561000887.989644527 2.923252 419.358543 17.522350 -0.036120008 -0.027055449 0.955330208 -0.292074547
1561000888.089497089 3.691576 419.530476 17.519935 -0.036230649 -0.027043818 0.955388248 -0.291872005
1561000888.187629461 4.451522 419.700285 17.517612 -0.036206290 -0.027736995 0.955520647 -0.291376143
1561000888.289185524 5.226653 419.887887 17.508112 -0.038916109 -0.029548419 0.955414970 -0.291195229
1561000888.390936136 6.004676 420.051150 17.505451 -0.039749768 -0.030251808 0.955463040 -0.290852475
1561000888.490591764 6.779709 420.220846 17.516207 -0.039856939 -0.029911580 0.955280287 -0.291472631
1561000888.590508938 7.552974 420.398309 17.528274 -0.037872421 -0.028542901 0.955389284 -0.291517235
1561000888.689139605 8.339751 420.566577 17.529429 -0.035958939 -0.027485800 0.955270256 -0.292250276
1561000888.791999340 9.135552 420.762189 17.533504 -0.036480014 -0.025948094 0.955182526 -0.292612794
1561000888.893402576 9.910699 420.957634 17.526684 -0.038316116 -0.024047565 0.955172570 -0.292572985
1561000888.992777824 10.681972 421.152791 17.527437 -0.039131116 -0.023983819 0.954858931 -0.293492681
1561000889.093769550 11.474058 421.347302 17.526211 -0.038499298 -0.024037672 0.954911600 -0.293400463
1561000889.192601681 12.242352 421.523644 17.527160 -0.037691276 -0.024014588 0.954643326 -0.294378647
1561000889.285876989 13.007269 421.698380 17.522211 -0.036134937 -0.025647198 0.954487696 -0.294940206
1561000889.385849237 13.794358 421.882366 17.518223 -0.036706057 -0.026606249 0.954360092 -0.295197541
1561000889.484553814 14.570955 422.061947 17.520501 -0.036717977 -0.026524160 0.954128594 -0.295950815
1561000889.585926294 15.369942 422.243053 17.522817 -0.037195083 -0.026580161 0.953993037 -0.296322976
1561000889.684666634 16.148274 422.436086 17.524817 -0.036711575 -0.026299568 0.953866757 -0.296814423
1561000889.784691334 16.940065 422.623086 17.523232 -0.036440203 -0.026295902 0.953793613 -0.297083122
1561000889.884907007 17.718407 422.805269 17.523708 -0.036210330 -0.026492123 0.953681391 -0.297453836
1561000889.985823631 18.493041 422.984980 17.520663 -0.037000034 -0.026627168 0.953488531 -0.297962435
1561000890.085839510 19.260534 423.184514 17.525107 -0.036316178 -0.026815661 0.953398688 -0.298316940
1561000890.184747219 20.026268 423.371608 17.525794 -0.035817711 -0.026257506 0.953272830 -0.298828623
1561000890.286105394 20.800223 423.570669 17.517264 -0.036501569 -0.025236010 0.953166266 -0.299173609
1561000890.386276245 21.561590 423.765188 17.513710 -0.036822337 -0.025115686 0.953057606 -0.299490428
1561000890.485972166 22.338845 423.943983 17.510075 -0.037818999 -0.024812316 0.953037423 -0.299455743
1561000890.586155176 23.101913 424.126305 17.505938 -0.038845872 -0.024199388 0.952991400 -0.299520917
1561000890.684797049 23.853457 424.316334 17.519994 -0.039676759 -0.024652999 0.952845355 -0.299839480
1561000890.785772085 24.626338 424.509589 17.525968 -0.040670344 -0.023408427 0.952682083 -0.300324519
1561000890.886117697 25.379260 424.696226 17.530855 -0.039690450 -0.024454314 0.952779968 -0.300061641
1561000890.984572887 26.136414 424.881383 17.532857 -0.040695342 -0.023836411 0.952589885 -0.300579816
1561000891.085814714 26.886228 425.056448 17.588856 -0.044254847 -0.020830107 0.952884574 -0.299363664
1561000891.184544563 27.616459 425.201028 17.651566 -0.050011376 -0.021589064 0.952458695 -0.299758586
1561000891.285807610 28.358146 425.363432 17.691806 -0.056842668 -0.024067682 0.952189327 -0.299207526
1561000891.386046648 29.118096 425.561160 17.675741 -0.055625195 -0.029980496 0.951708500 -0.300429590
1561000891.485222578 29.880479 425.790428 17.661725 -0.054267476 -0.032344325 0.952036403 -0.299392005
1561000891.585948944 30.673684 426.021809 17.635694 -0.051465337 -0.035416028 0.951601645 -0.300917486
1561000891.684765577 31.483088 426.233850 17.574882 -0.044443708 -0.035159468 0.951356928 -0.302834219
1561000891.785688639 32.272788 426.437058 17.529054 -0.026716194 -0.031965155 0.951544462 -0.304676239
1561000891.885642529 33.023992 426.608497 17.547244 -0.027628118 -0.028914251 0.951778093 -0.304169550
1561000891.984293222 33.763105 426.740605 17.532188 -0.034089557 -0.026851124 0.951505159 -0.304556812
1561000892.085436821 34.499431 426.901708 17.562306 -0.043400828 -0.026213812 0.951404987 -0.303739616
1561000892.184521198 35.283855 427.094022 17.616002 -0.047326753 -0.027917445 0.950866478 -0.304686289
1561000892.286116362 36.074922 427.290174 17.645457 -0.044678056 -0.025002485 0.950670414 -0.305948543
1561000892.386086464 36.877160 427.523003 17.650165 -0.038818449 -0.025632423 0.950997564 -0.305679145
1561000892.486127615 37.682841 427.746262 17.631207 -0.037395718 -0.024661068 0.950953129 -0.306074401
1561000892.585577250 38.491938 427.970137 17.637796 -0.039765582 -0.024451656 0.951022718 -0.305575857
1561000892.684579134 39.291879 428.180786 17.653107 -0.041115629 -0.023740525 0.951152204 -0.305049795
1561000892.784644604 40.117775 428.393171 17.659173 -0.042878653 -0.022696676 0.951032931 -0.305258326
1561000892.885777235 40.940980 428.603258 17.683178 -0.040102272 -0.022542765 0.951129388 -0.305346555
1561000892.984470606 41.757622 428.814177 17.683694 -0.040165569 -0.022280157 0.950899410 -0.306072922
1561000893.085635662 42.600381 429.035842 17.679218 -0.039275296 -0.022724916 0.950913206 -0.306112894
1561000893.184586525 43.423672 429.254645 17.683024 -0.040082742 -0.023059104 0.950821583 -0.306267806
1561000893.285803080 44.270609 429.478780 17.687528 -0.039998919 -0.022046994 0.950947695 -0.305961597
1561000893.386007309 45.120354 429.691455 17.683004 -0.041151756 -0.021835060 0.950868576 -0.306069787
1561000893.484740496 45.941645 429.895054 17.683476 -0.040879051 -0.021696929 0.950679159 -0.306703902
1561000893.585797071 46.783415 430.107550 17.693856 -0.041147108 -0.022220155 0.950676957 -0.306637414
1561000893.685594320 47.634963 430.321444 17.701121 -0.041112778 -0.021508955 0.950814550 -0.306265892
1561000893.785679817 48.497490 430.541811 17.722313 -0.041755032 -0.023186979 0.950915541 -0.305742564
1561000893.885564804 49.351571 430.761235 17.741308 -0.042881296 -0.022309976 0.951096363 -0.305088786
1561000893.984485149 50.219095 430.986757 17.749484 -0.042407709 -0.020976913 0.951167325 -0.305028318
1561000894.085658550 51.099276 431.209286 17.757648 -0.041338668 -0.020668653 0.951242586 -0.304961413
1561000894.184957027 51.981079 431.431023 17.763387 -0.039680998 -0.019649368 0.951367903 -0.304858056
1561000894.285581350 52.869398 431.658416 17.760909 -0.038859133 -0.019367719 0.951494514 -0.304586685
1561000894.385798454 53.745769 431.885293 17.756682 -0.038872720 -0.019683461 0.951777593 -0.303678919
1561000894.484266520 54.633217 432.108950 17.754496 -0.040560288 -0.019701028 0.951975988 -0.302834032
1561000894.585440636 55.548428 432.335365 17.759568 -0.041610791 -0.019939384 0.952080325 -0.302347511
1561000894.684199810 56.434984 432.551671 17.768704 -0.041583486 -0.020599083 0.952228237 -0.301840812
1561000894.785492659 57.352448 432.775822 17.772490 -0.041404833 -0.022140474 0.952347052 -0.301381040
1561000894.885425091 58.268497 432.998474 17.777040 -0.040383685 -0.022864025 0.952074715 -0.302324547
1561000894.984629631 59.198083 433.228476 17.779783 -0.040090118 -0.022236422 0.951957906 -0.302777921
1561000895.085480452 60.122972 433.456275 17.787520 -0.040288084 -0.021216359 0.952073459 -0.302461343
1561000895.184426308 61.031911 433.682645 17.793784 -0.040957107 -0.021741911 0.951964843 -0.302675969
1561000895.284456730 61.961828 433.916398 17.808202 -0.041348518 -0.022084195 0.951934835 -0.302692350
1561000895.386032104 62.909817 434.152310 17.815428 -0.041792336 -0.021736360 0.951817934 -0.303024012
1561000895.484447956 63.833647 434.384253 17.825103 -0.041866998 -0.021448342 0.951690463 -0.303434319
1561000895.585673809 64.790763 434.619842 17.832573 -0.041692226 -0.021130693 0.951680888 -0.303510692
1561000895.684838533 65.728037 434.857840 17.844398 -0.041055859 -0.021158196 0.951697761 -0.303542615
1561000895.785743237 66.702742 435.106049 17.852693 -0.041277368 -0.021509064 0.951548611 -0.303955227
1561000895.886014223 67.668245 435.349277 17.859468 -0.041444712 -0.021210556 0.951584060 -0.303842435
1561000895.984343529 68.601460 435.586045 17.859929 -0.042281744 -0.020899716 0.951164081 -0.305061220
1561000896.086428404 69.580645 435.831696 17.868775 -0.041401667 -0.021506836 0.951357934 -0.304534792
1561000896.185839653 70.538475 436.073405 17.876941 -0.039949147 -0.021824916 0.951243867 -0.305062035
1561000896.284812212 71.495645 436.323226 17.883698 -0.039066841 -0.021190398 0.951212699 -0.305318113
1561000896.386693954 72.496087 436.582390 17.887004 -0.039339769 -0.020934733 0.951188615 -0.305375733
1561000896.486507416 73.473021 436.833667 17.891062 -0.040078233 -0.020691925 0.951121666 -0.305504756
1561000896.586625099 74.462797 437.086348 17.899283 -0.040285585 -0.020333336 0.951100697 -0.305566835
1561000896.684798717 75.442041 437.337797 17.903372 -0.040703436 -0.020348598 0.950864387 -0.306245135
1561000896.786543369 76.454673 437.599409 17.908745 -0.040505166 -0.019675632 0.950917494 -0.306150487
1561000896.886681080 77.448342 437.855837 17.913742 -0.040150754 -0.019332611 0.950748088 -0.306744585
1561000896.986722708 78.429563 438.112231 17.922529 -0.040133140 -0.019604464 0.950740566 -0.306752950
1561000897.086859941 79.448203 438.378545 17.925449 -0.040105648 -0.019411003 0.950833806 -0.306479727
1561000897.185007811 80.449960 438.637446 17.929865 -0.040033095 -0.019282710 0.950994934 -0.305997000
1561000897.287002802 81.476322 438.898900 17.939226 -0.039921067 -0.020279311 0.951319395 -0.304936824
1561000897.386970758 82.493076 439.157213 17.949781 -0.040180968 -0.021429407 0.951399237 -0.304574723
1561000897.485083580 83.505360 439.409715 17.956364 -0.040360242 -0.022220485 0.951587852 -0.303904361
1561000897.587006569 84.537624 439.664748 17.960264 -0.040399070 -0.023042814 0.951829222 -0.303080973
1561000897.685225964 85.556631 439.921760 17.963830 -0.040227507 -0.023670501 0.951989879 -0.302550369
1561000897.786703587 86.593620 440.176833 17.964141 -0.040946285 -0.023564154 0.952137157 -0.301998289
1561000897.886694670 87.618277 440.428152 17.966780 -0.042221795 -0.023269319 0.952158642 -0.301777698
1561000897.986601830 88.637047 440.677787 17.986649 -0.042132153 -0.024141862 0.952144962 -0.301764848
1561000898.087669849 89.663004 440.927712 18.001623 -0.042017533 -0.024205151 0.952013488 -0.302190264
1561000898.184745789 90.680534 441.181172 18.016344 -0.041347910 -0.023196766 0.951923429 -0.302645083
1561000898.286653996 91.732484 441.446590 18.018832 -0.041475725 -0.022274022 0.951930334 -0.302675192
1561000898.386683941 92.761573 441.710641 18.030380 -0.041253623 -0.022081819 0.951737340 -0.303325843
1561000898.485781908 93.796174 441.975216 18.037385 -0.042157582 -0.021813119 0.951736014 -0.303225140
1561000898.586962938 94.849215 442.243143 18.044655 -0.043457587 -0.021852973 0.951632539 -0.303363474
1561000898.685339689 95.879023 442.501951 18.056210 -0.043527261 -0.022222401 0.951536619 -0.303627413
1561000898.785719633 96.927363 442.762416 18.077675 -0.042392385 -0.023098344 0.951399451 -0.304151997
1561000898.887355089 97.996423 443.037788 18.089884 -0.041603014 -0.023072091 0.951567522 -0.303736923
1561000898.985947847 99.018362 443.298720 18.111486 -0.039818169 -0.022418167 0.951369046 -0.304645494
1561000899.086993694 100.065757 443.565623 18.107207 -0.038817119 -0.020748858 0.951212533 -0.305380801
1561000899.186940432 101.106695 443.841135 18.101152 -0.038536043 -0.023462879 0.951020094 -0.305818980
1561000899.286822319 102.162534 444.111844 18.110731 -0.039632735 -0.018444699 0.951070093 -0.305867157
1561000899.387273550 103.223436 444.393917 18.110996 -0.043062563 -0.021042619 0.950823670 -0.306001916
1561000899.486770868 104.263412 444.659751 18.135508 -0.043990558 -0.024299748 0.950662740 -0.306128579
1561000899.586809874 105.328999 444.924533 18.156096 -0.045277202 -0.026511131 0.950794059 -0.305348642
1561000899.684721470 106.381423 445.191355 18.172038 -0.042633114 -0.026639971 0.950796974 -0.305708757
1561000899.786564827 107.450540 445.467863 18.179002 -0.040990438 -0.027263679 0.950866169 -0.305663220
1561000899.887702942 108.510600 445.743778 18.191457 -0.040349009 -0.026640585 0.950893410 -0.305718759
1561000899.987822056 109.549564 446.010114 18.205127 -0.039567570 -0.024328711 0.950968784 -0.305779158
1561000900.087816477 110.590844 446.284917 18.209766 -0.039802855 -0.023076155 0.950910375 -0.306027258
1561000900.187907219 111.651698 446.561228 18.212720 -0.039024634 -0.021953525 0.951002821 -0.305922794
1561000900.287814617 112.706744 446.840260 18.222939 -0.038605126 -0.021192289 0.951230199 -0.305322191
1561000900.387785673 113.757624 447.115233 18.225778 -0.039656426 -0.020745868 0.951303698 -0.304988936
1561000900.486164570 114.797510 447.381296 18.238471 -0.039858115 -0.020840514 0.951278135 -0.305035921
1561000900.587921858 115.850597 447.646421 18.247145 -0.041046603 -0.020551068 0.951409484 -0.304487805
1561000900.686345816 116.889086 447.909222 18.264083 -0.041738130 -0.020848200 0.951374517 -0.304482854
1561000900.786806583 117.931226 448.175168 18.280534 -0.041545213 -0.020482477 0.951407998 -0.304429441
1561000900.888228655 118.959928 448.439157 18.290794 -0.040914784 -0.020104654 0.951544472 -0.304113304
1561000900.988233089 119.973985 448.693937 18.297461 -0.040070607 -0.020574946 0.951475651 -0.304409435
1561000901.087932348 120.984659 448.947864 18.312040 -0.038758031 -0.021789773 0.951627900 -0.304018685
1561000901.186151743 121.975615 449.198064 18.318559 -0.038293204 -0.022911919 0.951634978 -0.303972933
1561000901.287804127 122.986863 449.450611 18.324889 -0.037513818 -0.023540898 0.951790186 -0.303535799
1561000901.387746572 123.957216 449.698942 18.333147 -0.037471230 -0.024289826 0.951801315 -0.303447141
1561000901.487755775 124.899029 449.936870 18.343353 -0.037861425 -0.025014093 0.951912258 -0.302991520
1561000901.587847233 125.835173 450.171241 18.354180 -0.038461306 -0.025506822 0.951908126 -0.302887850
1561000901.686299801 126.753622 450.403047 18.362464 -0.038652220 -0.024918324 0.952015308 -0.302575506
1561000901.788129330 127.676197 450.638823 18.376328 -0.039065401 -0.024821529 0.952092790 -0.302286463
1561000901.888189793 128.558455 450.861341 18.379997 -0.039586350 -0.023995136 0.952058015 -0.302394924
1561000901.986554861 129.429442 451.084316 18.391018 -0.039633945 -0.023791129 0.952148316 -0.302120367
1561000902.088332891 130.303922 451.301385 18.403212 -0.040073456 -0.023045443 0.952265008 -0.301752182
1561000902.186386347 131.131685 451.510775 18.411136 -0.040854304 -0.022290194 0.952240292 -0.301782204
1561000902.287969112 131.969229 451.718668 18.427679 -0.041591189 -0.022133359 0.952311361 -0.301468669
1561000902.389261961 132.766275 451.914504 18.459048 -0.040394654 -0.021958584 0.952474702 -0.301127936
1561000902.488210440 133.549512 452.108738 18.468600 -0.041001913 -0.021199571 0.952417284 -0.301281825
1561000902.589056015 134.336722 452.306344 18.477613 -0.041255803 -0.020503577 0.952306532 -0.301645208
1561000902.689269304 135.112397 452.496256 18.486585 -0.041122375 -0.019788479 0.952580973 -0.300843573
1561000902.789036274 135.882809 452.685047 18.493833 -0.041669990 -0.019579395 0.952583257 -0.300774664
1561000902.889103174 136.635247 452.868696 18.504751 -0.041789925 -0.019090462 0.952421361 -0.301301687
1561000902.990293503 137.385351 453.052550 18.516573 -0.041531264 -0.017864364 0.952532541 -0.301061086
1561000903.089672327 138.108340 453.233236 18.525988 -0.040969080 -0.017419926 0.952579682 -0.301015001
1561000903.188215733 138.811018 453.410280 18.535674 -0.039594717 -0.017159731 0.952350352 -0.301938089
1561000903.289740086 139.530427 453.589527 18.543114 -0.039361216 -0.016541072 0.952378967 -0.301912886
1561000903.389268875 140.237180 453.769962 18.546734 -0.039188780 -0.016713592 0.952355528 -0.301999740
1561000903.489741564 140.948057 453.939644 18.546529 -0.039803642 -0.019632584 0.952447167 -0.301454184
1561000903.589531422 141.647421 454.100388 18.558294 -0.040765263 -0.021670462 0.952472961 -0.301104372
1561000903.687847614 142.343087 454.265017 18.566805 -0.041529325 -0.020455102 0.952459734 -0.301126816
1561000903.789364100 143.049543 454.441958 18.569835 -0.041809339 -0.018120972 0.952367722 -0.301528325
1561000903.889312983 143.739552 454.614347 18.570210 -0.041721846 -0.019438089 0.952274474 -0.301752837
1561000903.989522457 144.428514 454.784876 18.578703 -0.041849728 -0.021871424 0.952068710 -0.302217494
1561000904.089727640 145.123420 454.950721 18.595075 -0.044552707 -0.021226860 0.952136366 -0.301663418
1561000904.188215494 145.747017 455.121455 18.681345 -0.045262005 -0.023195497 0.952100914 -0.301524740
1561000904.289574385 146.378696 455.280552 18.730272 -0.052654942 -0.022238831 0.951606222 -0.301957762
1561000904.389517784 147.052584 455.446041 18.727967 -0.059660715 -0.022799276 0.951131228 -0.302109549
1561000904.489326954 147.749427 455.603407 18.728116 -0.055442128 -0.024855780 0.951065334 -0.302957244
1561000904.589414597 148.474169 455.769445 18.685933 -0.050232938 -0.023114214 0.950997841 -0.304212906
1561000904.687790632 149.173215 455.954413 18.684661 -0.035828252 -0.022824827 0.951450044 -0.304857633
1561000904.789264917 149.885665 456.141423 18.689773 -0.032781377 -0.022670797 0.951627413 -0.304658305
1561000904.889287472 150.535208 456.317558 18.714641 -0.033422599 -0.025847629 0.951633203 -0.304317395
1561000904.989381075 151.133129 456.471445 18.751076 -0.028020159 -0.031919153 0.951706731 -0.304056471
1561000905.087978840 151.789242 456.630773 18.776216 -0.031044682 -0.033496770 0.951487597 -0.304278732
1561000905.189596176 152.504042 456.800405 18.782109 -0.038632935 -0.032411138 0.951149568 -0.304584166
1561000905.289760351 153.241285 456.962379 18.776955 -0.042776682 -0.030368476 0.951028878 -0.304617767
1561000905.389706612 153.973160 457.141390 18.762374 -0.042089442 -0.030008282 0.951054015 -0.304670712
1561000905.488651991 154.678604 457.319250 18.749798 -0.040840055 -0.031114052 0.951116932 -0.304533392
1561000905.589407444 155.377039 457.497698 18.739652 -0.039054668 -0.032487433 0.951069680 -0.304771657
1561000905.688067436 156.063242 457.672362 18.739406 -0.040899087 -0.031211334 0.951026455 -0.304797963
1561000905.789299965 156.781959 457.862180 18.748085 -0.044888050 -0.031428072 0.950812561 -0.304881637
1561000905.888861418 157.488709 458.046481 18.769160 -0.045292719 -0.029421150 0.950874333 -0.304829410
1561000905.989447355 158.211341 458.234657 18.779796 -0.044071657 -0.028534561 0.950901366 -0.305008296
1561000906.090049744 158.942010 458.421949 18.785463 -0.042734528 -0.028703034 0.950867733 -0.305287487
1561000906.187967777 159.663067 458.603042 18.785328 -0.041482206 -0.029267409 0.950819732 -0.305556022
1561000906.289604902 160.388500 458.781974 18.788522 -0.041171153 -0.029540401 0.950886089 -0.305365269
1561000906.389497042 161.105251 458.959884 18.789888 -0.041103916 -0.029974714 0.950895181 -0.305303684
1561000906.489364862 161.814122 459.143071 18.787070 -0.040053351 -0.031377360 0.951102773 -0.304655060
1561000906.589335918 162.526847 459.312864 18.785737 -0.037864254 -0.032605877 0.951241356 -0.304373188
1561000906.688828707 163.257402 459.489004 18.797685 -0.035975744 -0.033384766 0.951513437 -0.303666564
1561000906.789369106 163.970052 459.667308 18.803112 -0.035899999 -0.032794579 0.951658712 -0.303284357
1561000906.889418840 164.676566 459.844060 18.799286 -0.040245039 -0.030920325 0.951866170 -0.302283088
1561000906.990430355 165.378149 460.012610 18.783701 -0.040422598 -0.029127615 0.952060335 -0.301825634
1561000907.089391708 166.091100 460.171888 18.783250 -0.045756916 -0.031003257 0.951982698 -0.301121315
1561000907.187846422 166.834315 460.344304 18.808685 -0.044155709 -0.032008381 0.952089476 -0.300917542
1561000907.289130449 167.588986 460.533664 18.820435 -0.038689687 -0.032102550 0.952553481 -0.300190605
1561000907.389406919 168.317984 460.715614 18.822929 -0.036261844 -0.032461275 0.952731358 -0.299890488
1561000907.489480972 169.049514 460.892278 18.835471 -0.037828268 -0.033345815 0.953037767 -0.298623665
1561000907.589342117 169.769863 461.055147 18.849566 -0.039686101 -0.034762827 0.953127222 -0.297934653
1561000907.687901735 170.491937 461.218176 18.863143 -0.041739046 -0.033417147 0.953316234 -0.297202462
1561000907.789552689 171.236881 461.396091 18.868762 -0.043468924 -0.032345269 0.953705412 -0.295821268
1561000907.889643908 171.962994 461.556222 18.878744 -0.045781090 -0.032415830 0.954077497 -0.294260829
1561000907.987939119 172.665686 461.705817 18.892512 -0.050130410 -0.031861774 0.954537777 -0.292111967
1561000908.089422703 173.398221 461.863349 18.896360 -0.050923789 -0.030711643 0.954987028 -0.290625770
1561000908.187925577 174.128794 462.036713 18.888942 -0.049424320 -0.031702722 0.955864097 -0.287881922
1561000908.289545059 174.867330 462.211722 18.853581 -0.045727554 -0.035619231 0.956660737 -0.285377812
1561000908.389443398 175.642065 462.379191 18.825536 -0.035482331 -0.035169201 0.957361752 -0.284539290
1561000908.489332199 176.409570 462.529652 18.798933 -0.026983970 -0.032837089 0.958136737 -0.283138808
1561000908.589207411 177.108001 462.652042 18.730830 -0.021200826 -0.029083965 0.958875931 -0.281534363
1561000908.687993765 177.797083 462.764267 18.687326 -0.028688704 -0.026170802 0.959869994 -0.277743844
1561000908.789226055 178.534146 462.892783 18.684499 -0.038260804 -0.028928690 0.960875517 -0.272795679
1561000908.889474630 179.306222 463.024794 18.721170 -0.040379079 -0.030527037 0.961990406 -0.268350683
1561000908.989305496 180.084856 463.160749 18.747613 -0.036557437 -0.031811121 0.963145738 -0.264578709
1561000909.089236021 180.865759 463.286958 18.745449 -0.033292547 -0.031271473 0.964266373 -0.260967551
1561000909.187848330 181.665914 463.396251 18.750270 -0.033598701 -0.029186726 0.965286163 -0.257374990
1561000909.289321899 182.458110 463.490830 18.741143 -0.034174752 -0.029608171 0.966298024 -0.253423701
1561000909.389849663 183.250993 463.576200 18.742460 -0.034815383 -0.030257401 0.967138795 -0.250029859
1561000909.487838030 184.005735 463.654984 18.738026 -0.033542500 -0.029481949 0.968417414 -0.245302728
1561000909.589385033 184.802614 463.735178 18.728185 -0.033079778 -0.032437212 0.969388863 -0.241119862
1561000909.688089371 185.584515 463.805295 18.710789 -0.031325121 -0.032779830 0.970572188 -0.236503377
1561000909.789591789 186.409024 463.881230 18.684461 -0.031382198 -0.033514322 0.971572156 -0.232248774
1561000909.889715910 187.202258 463.947734 18.649630 -0.032600405 -0.035279873 0.972596238 -0.227484289
1561000909.989523172 188.011212 463.997633 18.630418 -0.033396350 -0.035848757 0.973471560 -0.223500946
1561000910.089343309 188.832912 464.038723 18.603174 -0.033768296 -0.037580491 0.974509761 -0.218582101
1561000910.187537670 189.638385 464.074049 18.579013 -0.032743602 -0.039977997 0.975454467 -0.214051861
1561000910.287709236 190.466153 464.107828 18.563811 -0.032003322 -0.038223136 0.976505209 -0.209648174
1561000910.387338400 191.305540 464.139748 18.547472 -0.032569579 -0.035796300 0.977567189 -0.204988386
1561000910.490407228 192.169742 464.165348 18.521126 -0.033418825 -0.035966722 0.978365261 -0.200975104
1561000910.590402126 193.012660 464.178240 18.501505 -0.032515097 -0.037048247 0.979264163 -0.196499098
1561000910.689021826 193.852918 464.181867 18.489075 -0.031192609 -0.034753792 0.980363318 -0.191590603
1561000910.789587259 194.720038 464.180563 18.474146 -0.031003165 -0.032772716 0.981337702 -0.186925297
1561000910.890298128 195.579393 464.174115 18.459382 -0.031372668 -0.031620913 0.982141364 -0.182795554
1561000910.988979101 196.445094 464.152333 18.442886 -0.031730363 -0.032829188 0.983076833 -0.177412987
1561000911.090563297 197.324355 464.122255 18.420339 -0.030709829 -0.032793972 0.983909184 -0.172928249
1561000911.189390182 198.190228 464.090911 18.394656 -0.029995908 -0.031304327 0.984806614 -0.168155341
1561000911.290751696 199.074447 464.041702 18.370499 -0.029572205 -0.029897303 0.985892514 -0.162011069
1561000911.389676332 199.959251 463.981020 18.352987 -0.029181809 -0.030620149 0.986824134 -0.156169641
1561000911.491091013 200.845242 463.914224 18.318607 -0.030858451 -0.031074169 0.987772901 -0.149622352
1561000911.590926409 201.725432 463.828516 18.298574 -0.031561710 -0.029230894 0.988699277 -0.143607638
1561000911.689503193 202.601662 463.733367 18.280240 -0.031502838 -0.028556888 0.989593269 -0.137467219
1561000911.789690971 203.498636 463.623189 18.251720 -0.031074826 -0.027626029 0.990434667 -0.131568719
1561000911.889990807 204.380567 463.505241 18.226681 -0.030728506 -0.026884495 0.991261682 -0.125432293
1561000911.992139101 205.276610 463.375783 18.204209 -0.030402443 -0.026550236 0.992005000 -0.119569461
1561000912.091301441 206.168559 463.242476 18.174405 -0.030617788 -0.025466784 0.992727592 -0.113604234
1561000912.191133499 207.065320 463.082199 18.159308 -0.029619744 -0.023890144 0.993403473 -0.108173340
1561000912.292020798 207.967422 462.918368 18.125160 -0.029402712 -0.023643256 0.993928115 -0.103360434
1561000912.392069101 208.868315 462.752012 18.093883 -0.027641741 -0.023260875 0.994429540 -0.099018964
1561000912.490847111 209.770907 462.581718 18.063459 -0.027179014 -0.023383993 0.994898067 -0.094299136
1561000912.592536449 210.686544 462.405567 18.027369 -0.026037503 -0.023194367 0.995384299 -0.089410105
1561000912.691112518 211.589521 462.217645 17.990609 -0.026057434 -0.022691604 0.995825777 -0.084481500
1561000912.792565107 212.501493 462.013688 17.944677 -0.026164962 -0.022469390 0.996301041 -0.078706782
1561000912.891014814 213.399118 461.806078 17.907666 -0.025476043 -0.022742797 0.996745860 -0.073016618
1561000912.992203712 214.315674 461.578216 17.860871 -0.025778348 -0.023180377 0.997142693 -0.067116293
1561000913.092192411 215.219956 461.340769 17.815544 -0.024547247 -0.023968207 0.997543817 -0.061067918
1561000913.190974236 216.123107 461.089462 17.776886 -0.024003289 -0.024169227 0.997871659 -0.055604341
1561000913.291935444 217.034826 460.825466 17.737586 -0.024163346 -0.024003849 0.998180265 -0.049760484
1561000913.392442465 217.947138 460.547215 17.693739 -0.024391016 -0.023231794 0.998448542 -0.044338144
1561000913.491456747 218.855005 460.272047 17.645940 -0.024840437 -0.022329952 0.998692853 -0.038689932
1561000913.592390537 219.769723 459.977967 17.604557 -0.025005607 -0.023152379 0.998859780 -0.033433920
1561000913.691859007 220.674489 459.689098 17.562986 -0.023772904 -0.022535083 0.999067752 -0.028118419
1561000913.792098761 221.592926 459.383872 17.509730 -0.024065186 -0.022036733 0.999213104 -0.022548229
1561000913.890947104 222.493022 459.063048 17.454116 -0.023977370 -0.022488386 0.999307145 -0.017452477
1561000913.992276192 223.405560 458.722125 17.411866 -0.023997888 -0.022221275 0.999392763 -0.012017514
1561000914.092219830 224.303778 458.376216 17.366843 -0.024207609 -0.022692528 0.999428935 -0.006391037
1561000914.190647840 225.199732 458.026578 17.323427 -0.022897778 -0.022252460 0.999490053 -0.000392293
1561000914.291926146 226.107078 457.654236 17.288392 -0.022029625 -0.023388783 0.999472263 0.004780827
1561000914.393311977 227.009179 457.274672 17.237158 -0.020208032 -0.024912334 0.999428880 0.010626598
1561000914.492056370 227.888498 456.902558 17.182542 -0.020167730 -0.025212502 0.999342428 0.016501653
1561000914.593222618 228.788104 456.490040 17.120467 -0.019161765 -0.028756951 0.999153300 0.022328191
1561000914.692891836 229.683256 456.073805 17.061394 -0.017638568 -0.028349403 0.999045279 0.028173095
1561000914.793418169 230.580700 455.631845 17.010056 -0.016414241 -0.027135739 0.998911671 0.034200849
1561000914.893198252 231.468700 455.190403 16.959734 -0.017315255 -0.022955945 0.998772395 0.040334957
1561000914.993697166 232.356700 454.752858 16.925427 -0.019006932 -0.018288273 0.998572484 0.046446424
1561000915.093740463 233.238908 454.301192 16.894864 -0.018110037 -0.010441157 0.998427438 0.052015948
1561000915.192480564 234.115746 453.855307 16.841996 -0.017726679 -0.001752282 0.998193420 0.057381103
1561000915.293651581 234.996877 453.387964 16.779822 -0.019429103 -0.001939389 0.997780604 0.063660158
1561000915.393397331 235.851600 452.897590 16.732372 -0.017878242 -0.004231877 0.997397974 0.069711841
1561000915.493034124 236.718367 452.386693 16.671838 -0.014151382 -0.006201877 0.996957396 0.076401732
1561000915.593575954 237.587946 451.868522 16.607910 -0.010568779 -0.008430725 0.996534270 0.082077236
1561000915.693239212 238.441999 451.329969 16.543983 -0.007338372 -0.012020111 0.996021990 0.087987846
1561000915.793272257 239.301304 450.762283 16.472983 -0.007718359 -0.013437538 0.995470701 0.093797352
1561000915.892035007 240.144006 450.191594 16.400763 -0.007692728 -0.014011672 0.994979559 0.098793587
1561000915.991886616 240.988194 449.627238 16.331971 -0.007113909 -0.016309046 0.994574940 0.102489488
1561000916.093582392 241.838235 449.051663 16.256319 -0.008549372 -0.015599640 0.994162579 0.106415815
1561000916.193789005 242.655438 448.483956 16.195786 -0.009002367 -0.015183663 0.993721821 0.110477858
1561000916.293759584 243.484899 447.914410 16.133467 -0.009902094 -0.014263124 0.993236171 0.114806009
1561000916.393654346 244.304896 447.335496 16.080017 -0.009545677 -0.013790374 0.992819093 0.118443884
1561000916.493237495 245.120204 446.748585 16.016962 -0.009093657 -0.013882954 0.992303876 0.122709360
1561000916.593130112 245.921704 446.163037 15.954462 -0.008047959 -0.014076527 0.991804529 0.126731437
1561000916.692080498 246.712165 445.572017 15.879312 -0.007258829 -0.013593544 0.991245949 0.131125868
1561000916.793358326 247.519413 444.962162 15.806305 -0.007530832 -0.013293253 0.990609366 0.135866332
1561000916.893529892 248.312790 444.356632 15.734405 -0.008194364 -0.013257784 0.990031396 0.139981852
1561000916.994106054 249.086340 443.748707 15.671308 -0.008276130 -0.012824878 0.989316877 0.144979812
1561000917.093571186 249.846822 443.129632 15.608250 -0.008872052 -0.013541330 0.988622813 0.149542142
1561000917.192413568 250.584960 442.511061 15.543267 -0.008079316 -0.013287294 0.987960325 0.153923908
1561000917.292639494 251.332393 441.879977 15.475820 -0.007497903 -0.013714777 0.987290178 0.158157488
1561000917.393439770 252.085219 441.231237 15.407802 -0.006471164 -0.014087816 0.986585459 0.162507812
1561000917.492129803 252.819664 440.590992 15.342027 -0.005980424 -0.013540789 0.985817201 0.167168563
1561000917.593234539 253.557766 439.935309 15.274677 -0.005917283 -0.011527063 0.985036279 0.171859367
1561000917.691972971 254.278281 439.287288 15.208282 -0.005496121 -0.010482619 0.984112361 0.177151821
1561000917.793150425 254.988479 438.631697 15.135992 -0.004427148 -0.010527948 0.983103716 0.182692767
1561000917.891916990 255.692925 437.974555 15.063343 -0.002238786 -0.011095285 0.982205791 0.187466443
1561000917.992984772 256.394878 437.309729 14.987547 -0.000075357 -0.011117125 0.981156284 0.192895699
1561000918.093030691 257.073655 436.636022 14.911576 0.002119595 -0.009661367 0.980139952 0.198060193
1561000918.191971064 257.742182 435.957095 14.837296 0.002913108 -0.008843309 0.979030985 0.203498500
1561000918.293709040 258.414426 435.265387 14.752276 0.002757640 -0.007618762 0.977985096 0.208517388
1561000918.393529415 259.072910 434.565258 14.671171 0.003075327 -0.006376175 0.976680147 0.214582798
1561000918.493708611 259.717885 433.865716 14.599845 0.002734850 -0.005828540 0.975445657 0.220146132
1561000918.593586206 260.340351 433.156463 14.524051 0.002662374 -0.004763866 0.974109275 0.226011811
1561000918.693655729 260.965606 432.439023 14.448288 0.001707585 -0.004438643 0.972585554 0.232496714
1561000918.785832405 261.556578 431.752811 14.377426 0.000943221 -0.003800427 0.971051884 0.238836568
1561000918.886433125 262.180525 431.005683 14.307510 0.000571416 -0.004107386 0.969451742 0.245247065
1561000918.985827208 262.770087 430.262139 14.230773 0.000356082 -0.005141722 0.967819957 0.251590871
1561000919.085566759 263.357119 429.502600 14.155918 0.000659254 -0.006412129 0.966235117 0.257581345
1561000919.184438944 263.927132 428.754033 14.081429 0.001206303 -0.007364266 0.964628881 0.263506044
1561000919.285326958 264.492919 427.981820 14.002166 0.001212486 -0.007230166 0.963032793 0.269284410
1561000919.384761810 265.047331 427.227331 13.923316 0.000968733 -0.007414326 0.961198227 0.275757246
1561000919.483713388 265.590025 426.453834 13.853056 0.001047289 -0.007645178 0.959502179 0.281595495
1561000919.585086823 266.127488 425.671081 13.775406 0.000799191 -0.006842653 0.957778170 0.287425670
1561000919.684074402 266.660558 424.893421 13.695322 -0.000774688 -0.007060158 0.955993627 0.293301448
1561000919.785260916 267.171729 424.093580 13.618032 -0.001898775 -0.007771408 0.954118862 0.299321228
1561000919.885438204 267.674422 423.282757 13.545505 -0.002390174 -0.008450644 0.952288529 0.305072828
1561000919.985725641 268.165518 422.472849 13.476002 -0.001838033 -0.009218999 0.950606776 0.310255360
1561000920.085817337 268.644537 421.654228 13.403883 -0.000754530 -0.009325553 0.948586716 0.316379056
1561000920.184380293 269.127221 420.837920 13.328281 -0.000166983 -0.009212678 0.946796467 0.321701023
1561000920.285293818 269.609634 419.998443 13.245606 0.000866581 -0.008533274 0.944873961 0.327321905
1561000920.385980129 270.079719 419.156051 13.159492 0.002693901 -0.008551914 0.943024748 0.332601763
1561000920.484246969 270.534335 418.312985 13.079267 0.003829804 -0.008564150 0.940783757 0.338877428
1561000920.585358381 270.990227 417.450777 12.994046 0.004639395 -0.007768965 0.938815827 0.344300685
1561000920.684397221 271.420037 416.603739 12.905266 0.004925474 -0.006815172 0.936697677 0.350038218
1561000920.785903931 271.856979 415.727874 12.819920 0.005156742 -0.006379443 0.934904220 0.354805314
1561000920.885272980 272.273240 414.865168 12.737556 0.006226920 -0.005552326 0.932806083 0.360282123
1561000920.984333277 272.683489 413.988406 12.654887 0.007568513 -0.004604450 0.931005317 0.364898091
1561000921.085540533 273.080591 413.097555 12.569651 0.008357982 -0.003726789 0.928923119 0.370159552
1561000921.184553862 273.476443 412.207869 12.485970 0.009155730 -0.002828163 0.926845181 0.375321441
1561000921.285598755 273.854773 411.314809 12.395264 0.009720986 -0.001955872 0.924904535 0.380070097
1561000921.385827541 274.232936 410.407843 12.304226 0.009836669 -0.001364191 0.922588130 0.385658556
1561000921.484507322 274.598594 409.495291 12.219369 0.009867091 -0.000619972 0.920584652 0.390417923
1561000921.585769653 274.957809 408.568659 12.135539 0.010881788 -0.000249338 0.918428971 0.395436151
1561000921.684574366 275.302504 407.648588 12.053596 0.012393692 -0.000357666 0.916360748 0.400161528
1561000921.785516024 275.642338 406.714207 11.961770 0.013743093 0.000469778 0.913940058 0.405616169
1561000921.885293722 275.972126 405.786162 11.873101 0.014793385 0.000190530 0.911232987 0.411625512
1561000921.985338449 276.294839 404.832798 11.774401 0.015493862 -0.000026025 0.909590071 0.415217826
1561000922.085092306 276.601474 403.892905 11.678343 0.014950561 -0.000491056 0.907588719 0.419593799
1561000922.184063196 276.907470 402.930535 11.576455 0.013851676 -0.000880840 0.905359567 0.424418909
1561000922.285270214 277.202812 401.962580 11.484526 0.012770261 -0.001542666 0.903691067 0.427991817
1561000922.384356737 277.492329 401.008860 11.396844 0.011921025 -0.002462124 0.902359757 0.430811671
1561000922.485334158 277.776811 400.020609 11.301110 0.011593919 -0.003088120 0.900797611 0.434073391
1561000922.585457087 278.067915 399.034188 11.207142 0.011303766 -0.004572661 0.899851653 0.436025593
1561000922.684256077 278.339146 398.051926 11.118321 0.010958887 -0.005144268 0.898639486 0.438520825
1561000922.785349846 278.609142 397.058516 11.020478 0.010638909 -0.004412594 0.897884378 0.440080659
1561000922.884174585 278.876238 396.073448 10.931435 0.010155876 -0.003824331 0.896880235 0.442140336
1561000922.985204220 279.156278 395.079307 10.836181 0.009161016 -0.003246511 0.896682001 0.442568554
1561000923.085228682 279.439642 394.068459 10.743198 0.008507787 -0.003818379 0.896354743 0.443239453
1561000923.184615612 279.713273 393.070772 10.657971 0.008672077 -0.004694356 0.896034776 0.443874350
1561000923.286307096 279.978357 392.066160 10.571904 0.009673598 -0.003765519 0.895879734 0.444175353
1561000923.384108782 280.247867 391.075339 10.478985 0.009950677 -0.001635327 0.895651187 0.444642847
1561000923.485481024 280.521517 390.064411 10.387039 0.010182123 -0.001137650 0.895488031 0.444967657
1561000923.585230827 280.787315 389.061675 10.296922 0.010861728 -0.000966298 0.895358157 0.445213275
1561000923.684169054 281.056786 388.059795 10.201680 0.011805848 -0.000925865 0.895066368 0.445775685
1561000923.785403252 281.329651 387.038342 10.112162 0.012808339 -0.001692996 0.894790334 0.446299606
1561000923.885421515 281.609256 386.024614 10.021565 0.013193993 -0.001037694 0.894706663 0.446458093
1561000923.985373735 281.890063 384.996656 9.925001 0.013989794 0.000338919 0.894344633 0.447159758
1561000924.085409880 282.169643 383.978189 9.828398 0.013418268 0.001161076 0.894207901 0.447449251
1561000924.184207201 282.438435 382.941711 9.731843 0.013700172 0.002117217 0.893927399 0.447997353
1561000924.285397768 282.713226 381.896367 9.637016 0.014052462 0.002570141 0.893937914 0.447963089
1561000924.385472298 282.998275 380.863158 9.541027 0.014713894 0.002282542 0.894140428 0.447539034
1561000924.484362841 283.277488 379.841951 9.453585 0.015103165 0.001565451 0.894094559 0.447620781
1561000924.585291624 283.553356 378.793003 9.357203 0.015273253 0.002515667 0.893811984 0.448174671
1561000924.685387850 283.834615 377.739607 9.261620 0.016138908 0.002430841 0.893887278 0.447994599
1561000924.785449266 284.106540 376.703818 9.170652 0.017785286 0.002086364 0.894078110 0.447552973
1561000924.886317968 284.383045 375.659159 9.064125 0.018959490 0.000968211 0.893935947 0.447792500
1561000924.985493660 284.659670 374.608159 8.955624 0.020103636 0.000713503 0.894089803 0.447435759
1561000925.085477352 284.950761 373.544612 8.844835 0.019328469 0.000259765 0.893903248 0.447842970
1561000925.185674667 285.236052 372.475122 8.740195 0.017919098 0.000811591 0.894163927 0.447380285
1561000925.285821676 285.516054 371.410162 8.623705 0.017632957 -0.000310466 0.894036622 0.447646625
1561000925.385540962 285.804510 370.335380 8.523253 0.017576690 -0.001307885 0.894067109 0.447586141
1561000925.486171246 286.069701 369.262436 8.425298 0.016638954 0.000184257 0.893955353 0.447847004
1561000925.585744619 286.352292 368.204231 8.336644 0.014786944 0.002639377 0.894110678 0.447594097
1561000925.686099052 286.636363 367.144537 8.239749 0.014647869 0.003969516 0.894155848 0.447498605
1561000925.785203457 286.920380 366.067817 8.142722 0.015057941 0.004055489 0.894495446 0.446805001
1561000925.885359287 287.212856 364.984223 8.047003 0.015885042 0.003335634 0.894500512 0.446772171
1561000925.985474825 287.493807 363.902611 7.949086 0.016106876 0.003345557 0.894583785 0.446597388
1561000926.085676670 287.778456 362.804897 7.851447 0.016643831 0.003511638 0.894793236 0.446156605
1561000926.184487820 288.077277 361.719169 7.755640 0.016219776 0.004020442 0.894767497 0.446219543
1561000926.286433220 288.382905 360.616506 7.657466 0.016782921 0.004259930 0.894471695 0.446789181
1561000926.384468555 288.665364 359.553065 7.565913 0.017191241 0.004562340 0.894407989 0.446898194
1561000926.486221075 288.954108 358.457699 7.466466 0.017517637 0.004743792 0.894293978 0.447111741
1561000926.586228371 289.245800 357.365279 7.372635 0.017149105 0.004655780 0.894258102 0.447198701
1561000926.684327126 289.527029 356.310042 7.274150 0.016689094 0.005461465 0.893865195 0.447991808
1561000926.786428690 289.816489 355.222664 7.177522 0.016420152 0.004741708 0.893637774 0.448463404
1561000926.886185408 290.101517 354.152762 7.086560 0.016427405 0.003721765 0.893649018 0.448450355
1561000926.984449148 290.373937 353.099369 6.990371 0.015759019 0.003288983 0.893154024 0.449462707
1561000927.086405754 290.665079 352.008240 6.889264 0.015256372 0.002418926 0.893238691 0.449317297
1561000927.184647322 290.941789 350.950918 6.802815 0.014601697 0.002320088 0.892799530 0.450211514
1561000927.286462307 291.233915 349.881381 6.712513 0.014153789 0.002322912 0.892710605 0.450402099
1561000927.386510134 291.509247 348.815965 6.617930 0.013494261 0.002455577 0.892549768 0.450740266
1561000927.486778021 291.783290 347.750816 6.521020 0.012686692 0.002117746 0.892761302 0.450346334
1561000927.586479664 292.049138 346.721002 6.438723 0.012288398 0.000422142 0.892579387 0.450722592
1561000927.685832977 292.315207 345.670474 6.349912 0.012119305 -0.000923119 0.892721248 0.450445384
1561000927.786541462 292.582834 344.633325 6.255270 0.011832491 -0.001033072 0.892984615 0.449930441
1561000927.886477232 292.835589 343.590272 6.164812 0.011394757 -0.001065597 0.892862250 0.450184436
1561000927.986595631 293.103292 342.554137 6.075122 0.010665209 0.000060006 0.893092155 0.449747321
1561000928.086682796 293.366480 341.523615 5.990705 0.010740798 0.000751621 0.893175552 0.449579252
1561000928.184911966 293.639175 340.496955 5.908793 0.010582720 0.001471539 0.893155591 0.449620874
1561000928.286562204 293.924288 339.440571 5.819531 0.010804660 0.002117534 0.893594451 0.448740161
1561000928.386596680 294.200155 338.422340 5.732843 0.011216931 0.002342494 0.893902196 0.448115563
1561000928.486389399 294.469379 337.395314 5.647148 0.011502945 0.002019730 0.893937138 0.448040173
1561000928.586325407 294.743858 336.376167 5.559740 0.011491069 0.001611205 0.894061865 0.447793190
1561000928.684667587 295.018305 335.366861 5.472324 0.010877170 0.001101087 0.894162346 0.447609400
1561000928.786396027 295.277025 334.350926 5.386490 0.010250340 0.000520299 0.893729460 0.448488921
1561000928.884821177 295.547692 333.336216 5.300197 0.009431891 -0.000108574 0.893952564 0.448062319
1561000928.986545563 295.807287 332.308447 5.210778 0.009152210 -0.000224817 0.893816822 0.448338795
1561000929.086470127 296.077653 331.301032 5.129706 0.008347629 -0.000499051 0.893777741 0.448432178
1561000929.185882330 296.348509 330.299491 5.049013 0.008781238 -0.000824174 0.893723991 0.448530533
1561000929.286429644 296.610461 329.309349 4.969523 0.008980870 -0.000481078 0.893532899 0.448907642
1561000929.386607885 296.886205 328.305111 4.896039 0.010051930 -0.000555225 0.893528797 0.448893015
1561000929.484867334 297.145103 327.331294 4.815253 0.010843485 0.000731131 0.893768518 0.448396834
1561000929.586496830 297.412127 326.339086 4.732752 0.011602198 0.002032439 0.893869938 0.448171611
1561000929.687164307 297.691295 325.365104 4.648146 0.012149028 0.003483257 0.893870667 0.448146739
1561000929.787766218 297.960627 324.381295 4.563252 0.012418934 0.005238842 0.893754901 0.448353099
1561000929.889336348 298.217944 323.407252 4.486120 0.012881975 0.005718946 0.893981295 0.447882565
1561000929.990787268 298.473800 322.426103 4.408882 0.013668119 0.005998355 0.893928319 0.447961342
1561000930.090755701 298.728640 321.456609 4.329649 0.014087723 0.005147047 0.893889666 0.448036058
1561000930.189323187 298.992564 320.485690 4.247589 0.014173393 0.003627451 0.893735082 0.448356509
1561000930.290858030 299.247286 319.507063 4.165754 0.013466860 0.003361730 0.893848100 0.448155013
1561000930.389357090 299.499204 318.541762 4.084499 0.013032453 0.003139212 0.893499337 0.448864384
1561000930.490676165 299.762103 317.574343 4.005188 0.012002065 0.003150590 0.893375830 0.449138787
1561000930.590530634 300.017280 316.618017 3.924825 0.011506000 0.003076847 0.893272313 0.449358120
1561000930.689038277 300.257622 315.669015 3.842738 0.011509448 0.002732366 0.893108404 0.449685940
1561000930.789439917 300.513945 314.709860 3.773203 0.011219824 0.002180172 0.892940729 0.450029129
1561000930.890075684 300.767536 313.750789 3.692375 0.010383205 0.002515285 0.892901401 0.450125482
1561000930.990764618 301.014085 312.792777 3.613749 0.010108051 0.002404398 0.892836376 0.450261316
1561000931.090853214 301.258615 311.843160 3.529869 0.009343209 0.002943474 0.892787744 0.450371053
1561000931.189340115 301.509793 310.899660 3.460610 0.008959525 0.002183964 0.892822224 0.450314817
1561000931.290950537 301.740618 309.957282 3.390417 0.008782740 0.002419115 0.892867249 0.450227818
1561000931.390582085 301.980412 309.016996 3.321180 0.009159410 0.002650079 0.893278158 0.449403176
1561000931.489795208 302.226082 308.083959 3.250812 0.009282172 0.003347599 0.892974707 0.449998676
1561000931.590565205 302.473147 307.138059 3.178449 0.009392146 0.003714415 0.892911708 0.450118510
1561000931.688845873 302.715827 306.232820 3.106775 0.010394280 0.004065644 0.893042027 0.449834823
1561000931.790276289 302.958307 305.308034 3.037486 0.010971109 0.004723520 0.892808736 0.450277564
1561000931.888597488 303.194728 304.387505 2.961074 0.010950133 0.005164011 0.892769273 0.450351476
1561000931.988764286 303.439576 303.472462 2.886475 0.010883698 0.005570497 0.892805257 0.450276901
1561000932.090059042 303.693475 302.554906 2.813802 0.011409889 0.005822216 0.892875163 0.450122050
1561000932.190312147 303.940805 301.644081 2.745529 0.011476518 0.005534385 0.892705031 0.450461305
1561000932.290495634 304.167853 300.741533 2.678752 0.011809811 0.005727760 0.892712599 0.450435274
1561000932.390627384 304.405420 299.834185 2.607587 0.012518641 0.005416048 0.892889898 0.450068417
1561000932.490739584 304.643882 298.942082 2.535680 0.013519141 0.005438222 0.893062018 0.449697554
1561000932.590719700 304.887206 298.043126 2.460043 0.013495857 0.005992173 0.892980037 0.449853986
1561000932.689585924 305.115658 297.162675 2.391386 0.013323247 0.006363602 0.893170672 0.449475412
1561000932.790583134 305.354087 296.265600 2.328937 0.012520299 0.006014102 0.893246416 0.449352772
1561000932.890591383 305.576090 295.405960 2.256742 0.012513977 0.005929800 0.892939597 0.449963458
1561000932.990682602 305.797560 294.564750 2.193269 0.012639027 0.005012943 0.893118002 0.449616903
1561000933.090950012 306.026800 293.711405 2.132735 0.013076977 0.004453216 0.893219665 0.449408269
1561000933.189150810 306.241269 292.895015 2.066026 0.013094024 0.004321691 0.893288770 0.449271680
1561000933.290521383 306.471313 292.050300 2.004307 0.012932231 0.003596722 0.893240798 0.449378123
1561000933.389219999 306.683320 291.246816 1.937792 0.012239596 0.003925646 0.893394387 0.449089358
1561000933.490780592 306.896121 290.446898 1.882544 0.012338658 0.003195972 0.893540170 0.448802304
1561000933.590929270 307.110445 289.657896 1.822994 0.011726637 0.003883636 0.893414166 0.449064062
1561000933.690631628 307.310224 288.883895 1.764851 0.011687751 0.004343634 0.893540976 0.448808482
1561000933.790601969 307.510780 288.121706 1.704455 0.011064741 0.004640266 0.893950890 0.448004291
1561000933.889114618 307.698697 287.406483 1.650247 0.010589633 0.004525974 0.893993955 0.447931004
1561000933.990475893 307.899499 286.677962 1.605102 0.010521803 0.003530857 0.894202662 0.447524774
1561000934.090357304 308.106629 285.960640 1.556661 0.011351232 0.002933660 0.894275207 0.447363831
1561000934.189001560 308.280169 285.269091 1.505277 0.011588671 0.002515604 0.894227293 0.447456057
1561000934.290639400 308.469234 284.590703 1.457416 0.011039340 0.002433732 0.894332443 0.447260205
1561000934.390070677 308.641348 283.971825 1.411873 0.010652151 0.002619940 0.894481407 0.446970558
1561000934.490214348 308.820017 283.335533 1.361636 0.010608924 0.002449779 0.894158800 0.447617570
1561000934.590579033 308.975168 282.717943 1.320351 0.010843437 0.002865119 0.894045874 0.447834998
1561000934.688956261 309.158740 282.102324 1.283194 0.008490965 0.007590821 0.893917729 0.448086349
1561000934.790589809 309.313545 281.519719 1.254978 0.001455127 0.014063160 0.893264970 0.449308139
1561000934.890115023 309.448022 280.975111 1.227570 -0.004472460 0.018206335 0.893383943 0.448902726
1561000934.988935232 309.540698 280.492118 1.204531 -0.005557786 0.017786433 0.893061347 0.449548868
1561000935.090340137 309.667426 279.968225 1.179987 -0.001258134 0.013269261 0.893386060 0.449092075
1561000935.189188242 309.818303 279.436013 1.152861 -0.002846257 0.012736753 0.893486898 0.448899585
1561000935.290330410 309.968784 278.874399 1.107549 -0.000523695 0.012398042 0.893762080 0.448369666
1561000935.389291048 310.126652 278.318508 1.064300 0.005831243 0.005917610 0.894218689 0.447553254
1561000935.490899563 310.285916 277.745637 0.984887 0.020070992 -0.002436487 0.893897313 0.447815601
1561000935.592148542 310.416349 277.218564 0.934221 0.016547649 -0.001859695 0.893220485 0.449310451
1561000935.691635370 310.556758 276.684928 0.883579 0.011576077 0.004405983 0.892540659 0.450796800
1561000935.792062283 310.681648 276.188325 0.841741 0.006843592 0.010517589 0.892833762 0.450211527
1561000935.891679287 310.810752 275.707107 0.800058 0.006069485 0.012691845 0.892503419 0.450821167
1561000935.990610838 310.940190 275.233276 0.773884 0.008778989 0.010163950 0.892407035 0.451031381
1561000936.091818094 311.058815 274.728928 0.738021 0.012070323 0.006736118 0.891946413 0.451929782
1561000936.191116095 311.192011 274.212099 0.699325 0.014376540 0.005805679 0.891470755 0.452812878
1561000936.291649580 311.321049 273.689871 0.660475 0.014391378 0.007189740 0.890239854 0.455207862
1561000936.391624928 311.447303 273.159652 0.618924 0.013442088 0.009174683 0.888831459 0.457945163
1561000936.492001772 311.548459 272.666170 0.575086 0.012934701 0.009739300 0.886851395 0.461770985
1561000936.592185020 311.647841 272.164174 0.531530 0.013321667 0.010442442 0.883974175 0.467229223
1561000936.692083359 311.748768 271.651513 0.491009 0.013256338 0.009605008 0.880855718 0.473101700
1561000936.791993380 311.830723 271.145748 0.460958 0.014423699 0.009023697 0.877077649 0.480047213
1561000936.890595198 311.898778 270.643386 0.429939 0.015454174 0.009209170 0.873079476 0.487245922
1561000936.993040800 311.958948 270.127194 0.376293 0.015919648 0.009451174 0.868705547 0.494982739
1561000937.092852831 312.007914 269.602751 0.334115 0.015544102 0.008357241 0.863764897 0.503585881
1561000937.191867113 312.044309 269.084584 0.296870 0.015187152 0.009216031 0.858702125 0.512167040
1561000937.293199539 312.081220 268.553578 0.264637 0.015479966 0.009863073 0.853383852 0.520959780
1561000937.392804623 312.086412 268.034287 0.223039 0.017268910 0.010054467 0.847924707 0.529739920
1561000937.493496656 312.091651 267.506884 0.174917 0.018363575 0.010143836 0.842044030 0.539000680
1561000937.593643188 312.082266 266.984248 0.152934 0.019973751 0.010589092 0.836242007 0.547894357
1561000937.692940712 312.077661 266.477453 0.135160 0.022643103 0.013168715 0.829970667 0.557191679
1561000937.793377399 312.038428 265.964549 0.106293 0.025910978 0.015477169 0.823503127 0.566508322
1561000937.892723322 312.005781 265.453975 0.054482 0.027921018 0.017556445 0.816710019 0.576104967
1561000937.992430925 311.941883 264.956559 0.003308 0.028957054 0.017272969 0.809879717 0.585626142
1561000938.094595432 311.870948 264.447572 -0.034998 0.030465097 0.016391214 0.802754068 0.595305898
1561000938.192024231 311.782274 263.933079 -0.061684 0.034725338 0.015183924 0.795618145 0.604611749
1561000938.292981863 311.698502 263.426095 -0.093513 0.039270289 0.016133847 0.787924960 0.614305951
1561000938.391936302 311.626782 262.926485 -0.158653 0.039231720 0.017886880 0.779689366 0.624680257
1561000938.493001699 311.507993 262.438006 -0.201552 0.034981281 0.018815005 0.771503842 0.634983564
1561000938.593028784 311.366785 261.977341 -0.225863 0.031098175 0.020418308 0.763217400 0.645069916
1561000938.692007065 311.207804 261.523339 -0.230938 0.032150681 0.022849598 0.753971422 0.655721988
1561000938.792706728 311.037518 261.076271 -0.238563 0.036848836 0.024055530 0.744734692 0.665908202
1561000938.892095804 310.870876 260.639056 -0.275140 0.042817948 0.026383118 0.734780162 0.676438221
1561000938.993275404 310.696509 260.187212 -0.333476 0.044837086 0.025112337 0.723942748 0.687943241
1561000939.093665838 310.504570 259.761390 -0.374963 0.042860280 0.023167538 0.712515627 0.699962672
1561000939.192321777 310.273151 259.361895 -0.392831 0.041963534 0.023038940 0.699326357 0.713197669
1561000939.293448925 310.026461 258.934739 -0.409094 0.043325037 0.024257359 0.684950497 0.726895686
1561000939.392318726 309.767093 258.543853 -0.421463 0.046332367 0.024690435 0.671995563 0.738691855
1561000939.493490458 309.496587 258.171587 -0.450620 0.049045719 0.024891329 0.658772043 0.750329484
1561000939.593824625 309.225217 257.800114 -0.484034 0.051566384 0.023524922 0.644752458 0.762287186
1561000939.692406416 308.937983 257.453966 -0.515437 0.053119252 0.021115210 0.630225838 0.774304776
1561000939.793422937 308.642839 257.095718 -0.545594 0.054293437 0.019295655 0.614481599 0.786824164
1561000939.892936945 308.324529 256.770306 -0.574603 0.054694952 0.018000751 0.598671116 0.798922606
1561000939.985515356 308.006701 256.464957 -0.587598 0.055476925 0.016564995 0.581624116 0.811394663
1561000940.085199356 307.636606 256.158681 -0.614508 0.056628002 0.017290250 0.564887257 0.823041131
1561000940.185336590 307.279544 255.859544 -0.641745 0.057909806 0.017688721 0.547023074 0.834924739
1561000940.285458326 306.912560 255.594068 -0.671298 0.057907182 0.017560902 0.529586018 0.846095161
1561000940.384671450 306.514621 255.343579 -0.702573 0.056168297 0.018194147 0.511661306 0.857156230
1561000940.485157967 306.106152 255.085346 -0.721618 0.054687833 0.018024656 0.493935583 0.867589760
1561000940.585116148 305.677268 254.860897 -0.730019 0.053736407 0.018855301 0.477599617 0.876729994
1561000940.683906555 305.231398 254.668155 -0.728104 0.055778381 0.019307979 0.461648646 0.885096889
1561000940.785336971 304.774243 254.466718 -0.743519 0.057685002 0.021017145 0.446356668 0.892746574
1561000940.885416746 304.315023 254.262061 -0.774853 0.057230646 0.022885508 0.432925135 0.899320151
1561000940.985521317 303.858529 254.056599 -0.796999 0.054453067 0.023721051 0.420668938 0.905267816
1561000941.085351467 303.377944 253.888139 -0.809076 0.051498755 0.024234360 0.409805995 0.910395310
1561000941.184454441 302.897150 253.722661 -0.805149 0.051843494 0.024103209 0.400147712 0.914665565
1561000941.285443783 302.385599 253.550915 -0.803549 0.054712627 0.023503829 0.392027456 0.918024276
1561000941.385291100 301.905484 253.376259 -0.807639 0.057892323 0.023133407 0.383787401 0.921314580
1561000941.484291553 301.423702 253.202145 -0.833433 0.059275962 0.023308618 0.375762337 0.924524599
1561000941.585270882 300.930836 253.025241 -0.840576 0.059717753 0.024486667 0.367901470 0.927622068
1561000941.683974504 300.436599 252.858692 -0.841277 0.058772259 0.031100162 0.361438686 0.930021870
1561000941.785223484 299.925781 252.713980 -0.848150 0.055059023 0.039497684 0.354909956 0.932441612
1561000941.885318756 299.434606 252.581861 -0.847275 0.049703565 0.044498431 0.349368469 0.934607468
1561000941.984332800 298.927003 252.456834 -0.824535 0.047817872 0.044679834 0.344971136 0.936329044
1561000942.085453749 298.399967 252.330050 -0.796332 0.052176313 0.039803342 0.341749308 0.937497060
1561000942.184547901 297.835243 252.190521 -0.846454 0.055051587 0.036688581 0.337913143 0.938849284
1561000942.285739899 297.307626 252.037342 -0.913487 0.054318982 0.035272508 0.335824755 0.939695181
1561000942.385679722 296.734618 251.901161 -0.982292 0.052926516 0.026248144 0.333959538 0.940734206
1561000942.485630989 296.140955 251.750977 -0.995339 0.049615506 0.013757659 0.333607646 0.941304928
1561000942.585217714 295.526955 251.586374 -0.933530 0.049864895 0.014504509 0.331190189 0.942133839
1561000942.683999300 294.940472 251.446305 -0.890871 0.054437301 0.021817084 0.329994738 0.942159258
1561000942.785313606 294.353743 251.300436 -0.893106 0.059983716 0.029976450 0.328224380 0.942216601
1561000942.885285854 293.803497 251.153329 -0.925485 0.060199502 0.036953980 0.327525019 0.942198379
1561000942.985298872 293.223210 251.005100 -0.954312 0.057442829 0.035969995 0.327043821 0.942575631
1561000943.085136175 292.617272 250.844193 -0.966607 0.055955530 0.030895831 0.326240422 0.943123329
1561000943.185180664 291.991399 250.684354 -0.964349 0.056161052 0.027479043 0.326001317 0.943299517
1561000943.285407305 291.359007 250.523632 -0.962767 0.058153037 0.027368116 0.326112694 0.943143532
1561000943.384799480 290.724237 250.366736 -0.973477 0.059693988 0.029258951 0.326139567 0.942981190
1561000943.485556602 290.072421 250.177400 -0.990165 0.060045953 0.029854630 0.326345162 0.942869036
1561000943.585467815 289.437029 250.012267 -1.002664 0.059307861 0.029581362 0.325925313 0.943069568
1561000943.685554981 288.778736 249.840624 -1.010355 0.059058320 0.028340631 0.325632909 0.943224327
1561000943.785513163 288.112023 249.688465 -1.015368 0.058668536 0.027932354 0.325729401 0.943227514
1561000943.885021925 287.458827 249.512040 -1.018332 0.059280244 0.027378119 0.325483169 0.943290516
1561000943.985436916 286.779984 249.359360 -1.016592 0.060740004 0.028003437 0.325052775 0.943327702
1561000944.085392952 286.106849 249.190842 -1.026152 0.059688352 0.028355970 0.324889550 0.943440523
1561000944.184352875 285.440770 249.016846 -1.042028 0.058801247 0.028934458 0.323989283 0.943788194
1561000944.285671473 284.734847 248.829313 -1.052040 0.059067115 0.029886458 0.323544447 0.943894521
1561000944.385811567 284.024476 248.637958 -1.064191 0.059002808 0.030245788 0.324526487 0.943549903
1561000944.485756397 283.304811 248.469860 -1.060558 0.058735467 0.029602240 0.324620346 0.943554706
1561000944.585425615 282.591819 248.298382 -1.073066 0.057848895 0.029461943 0.324516193 0.943649691
1561000944.684311628 281.869286 248.126339 -1.081370 0.057891519 0.029146918 0.325389011 0.943356253
1561000944.785470963 281.141793 247.937811 -1.096342 0.058870393 0.028961423 0.324565048 0.943585207
1561000944.885225534 280.417534 247.761824 -1.112527 0.058246915 0.029454529 0.324441914 0.943650980
1561000944.985531569 279.683114 247.555218 -1.121981 0.057222029 0.029561909 0.324595694 0.943657442
1561000945.084633112 278.928930 247.364513 -1.125033 0.057962781 0.029672240 0.325132988 0.943423772
1561000945.183940411 278.166738 247.173402 -1.137560 0.057358378 0.030099893 0.325478662 0.943327967
1561000945.285072088 277.403896 246.956832 -1.153932 0.057846181 0.029646304 0.325523770 0.943296979
1561000945.384062290 276.629292 246.762691 -1.162339 0.057568377 0.027863540 0.325751134 0.943289830
1561000945.484208822 275.843441 246.561244 -1.178653 0.057622465 0.026305713 0.326023207 0.943237260
1561000945.585441351 275.040643 246.340647 -1.193873 0.057647745 0.025630717 0.325994725 0.943264143
1561000945.684372187 274.252906 246.127143 -1.205192 0.058096162 0.026447741 0.325802891 0.943280356
1561000945.785652399 273.447731 245.907076 -1.213565 0.058779414 0.028582457 0.326099527 0.943073233
1561000945.885263205 272.640964 245.700041 -1.222235 0.059407397 0.030961016 0.326132792 0.942947283
1561000945.984427214 271.824940 245.495453 -1.228275 0.060176380 0.031895774 0.326954044 0.942582896
1561000946.085475206 271.012499 245.283316 -1.245895 0.060361663 0.031292418 0.327297261 0.942472152
1561000946.185406208 270.185494 245.061045 -1.257650 0.060573096 0.029648791 0.327768127 0.942348080
1561000946.285379171 269.342808 244.827763 -1.268219 0.060875578 0.028403059 0.328625251 0.942068402
1561000946.384283066 268.508249 244.596461 -1.279555 0.061699824 0.028908611 0.328879058 0.941910818
1561000946.485341549 267.656457 244.366527 -1.294154 0.061681885 0.030527516 0.329609272 0.941605620
1561000946.585278749 266.815627 244.144279 -1.310246 0.060744091 0.031102954 0.329790268 0.941584378
1561000946.685132027 265.957935 243.914676 -1.318129 0.060382428 0.029961109 0.330647118 0.941344133
1561000946.785168409 265.092488 243.687292 -1.327761 0.060801392 0.029197311 0.331124867 0.941173220
1561000946.885191917 264.212817 243.444435 -1.338555 0.061344225 0.029351247 0.331708126 0.940927792
1561000946.985146761 263.323640 243.199560 -1.354971 0.061602626 0.030701046 0.331835036 0.940823082
1561000947.085332155 262.443066 242.961738 -1.359353 0.061863796 0.031433967 0.332011331 0.940719540
1561000947.185409069 261.552676 242.724433 -1.372016 0.062241729 0.031163094 0.332156824 0.940652259
1561000947.285435200 260.654349 242.477353 -1.389436 0.061660979 0.029370576 0.332112511 0.940763824
1561000947.385713816 259.739594 242.237882 -1.405415 0.061393272 0.027879784 0.332763562 0.940596617
1561000947.485692024 258.841514 241.994791 -1.421668 0.060378811 0.028812272 0.332671807 0.940666637
1561000947.585533142 257.917616 241.733383 -1.433523 0.059995039 0.031411849 0.332775825 0.940571178
1561000947.685474157 257.001515 241.482725 -1.434339 0.060176300 0.034190064 0.332536087 0.940547502
1561000947.785414696 256.082573 241.231426 -1.439051 0.060691758 0.034779772 0.333080321 0.940300153
1561000947.885055780 255.158797 240.977135 -1.447439 0.060399645 0.032550209 0.333206329 0.940354140
1561000947.986113071 254.213826 240.719938 -1.458792 0.060453848 0.029140305 0.333133891 0.940488164
1561000948.085165501 253.271906 240.461296 -1.477865 0.060433709 0.028126375 0.333198705 0.940497367
1561000948.184691668 252.307951 240.204600 -1.490128 0.060738513 0.029166091 0.333865686 0.940209485
1561000948.285302401 251.346109 239.940295 -1.504308 0.060758843 0.031455071 0.333683103 0.940199196
1561000948.384161472 250.387328 239.680963 -1.513118 0.060855814 0.032510482 0.334381884 0.939908716
1561000948.485171080 249.415659 239.421485 -1.517606 0.061335965 0.032500995 0.334260961 0.939920845
1561000948.585386515 248.445304 239.156461 -1.526475 0.062402564 0.030519837 0.333588221 0.940156029
1561000948.685260296 247.470533 238.884183 -1.539344 0.063003512 0.027240157 0.333613068 0.940207877
1561000948.785410404 246.487710 238.603749 -1.555281 0.064105760 0.025609597 0.333463514 0.940232251
1561000948.884781599 245.510386 238.329513 -1.575772 0.064424346 0.026044102 0.333134669 0.940315107
1561000948.984304905 244.533769 238.058153 -1.592118 0.064334755 0.027298202 0.332797417 0.940405086
1561000949.085188627 243.544078 237.781235 -1.604819 0.064354779 0.028870223 0.332410610 0.940493572
1561000949.184095621 242.588424 237.513719 -1.606341 0.065013694 0.030916384 0.331803935 0.940597441
1561000949.284937620 241.629253 237.249749 -1.607415 0.065467918 0.031799052 0.331715599 0.940567666
1561000949.384917021 240.671913 236.994166 -1.611866 0.066040430 0.031096500 0.331623233 0.940583702
1561000949.484980345 239.712686 236.735559 -1.622815 0.066144954 0.028715190 0.331464506 0.940708012
1561000949.585278988 238.772897 236.473979 -1.637584 0.065641370 0.027075190 0.331076772 0.940928433
1561000949.684110165 237.811162 236.214620 -1.654820 0.065366230 0.027050838 0.330493990 0.941153139
1561000949.785906553 236.841828 235.947572 -1.672057 0.064925706 0.029074061 0.330439900 0.941142297
1561000949.884867191 235.896937 235.691431 -1.683810 0.064683285 0.031319542 0.329868935 0.941287228
1561000949.985026836 234.935865 235.434201 -1.688480 0.064116698 0.032319684 0.330233129 0.941164474
1561000950.084852219 233.984651 235.181944 -1.685970 0.063962409 0.032082830 0.329583737 0.941410677
1561000950.183718443 233.026793 234.922308 -1.688657 0.064267754 0.030880518 0.329689827 0.941392940
1561000950.284357786 232.072652 234.657584 -1.696114 0.064571751 0.030034462 0.329608852 0.941427865
1561000950.384089947 231.128413 234.403505 -1.709712 0.064615013 0.030522894 0.329212320 0.941547928
1561000950.485162020 230.161743 234.142255 -1.718254 0.064532267 0.031656713 0.329137127 0.941542453
1561000950.585227728 229.197269 233.889872 -1.726855 0.064242273 0.032601131 0.329110269 0.941539445
1561000950.684036016 228.221906 233.632180 -1.731741 0.063773171 0.032219531 0.329103148 0.941586960
1561000950.785015583 227.253254 233.383507 -1.734112 0.063319299 0.031286206 0.329077305 0.941658094
1561000950.885850191 226.279579 233.129197 -1.744974 0.063134892 0.030778105 0.329119787 0.941672374
1561000950.984353065 225.322598 232.870760 -1.755066 0.063177873 0.030738212 0.328570114 0.941862728
1561000951.084622860 224.342079 232.596775 -1.770300 0.063171962 0.031449392 0.328365671 0.941910943
1561000951.183506489 223.372706 232.335956 -1.774108 0.063052451 0.032358503 0.328299005 0.941911397
1561000951.284728765 222.388626 232.079182 -1.779960 0.063031690 0.033442144 0.328080435 0.941951091
1561000951.384571314 221.409232 231.825544 -1.785221 0.062267008 0.033737552 0.328044008 0.942004101
1561000951.485527039 220.408759 231.567689 -1.791238 0.061554256 0.033498627 0.328218280 0.941998766
1561000951.585792303 219.413630 231.308002 -1.796527 0.060873275 0.033037040 0.328370562 0.942006248
1561000951.683954239 218.428836 231.048648 -1.803679 0.060854818 0.032328724 0.328089487 0.942129945
1561000951.785044670 217.418440 230.771139 -1.810480 0.060587630 0.030936358 0.328419772 0.942078836
1561000951.883976698 216.416768 230.497455 -1.821652 0.060410664 0.031744806 0.328518095 0.942029023
1561000951.984986067 215.397507 230.234200 -1.831052 0.060603951 0.034195023 0.328639951 0.941888339
1561000952.084914684 214.384725 229.974119 -1.825545 0.061333143 0.035790203 0.329150475 0.941603564
1561000952.183744192 213.398025 229.702937 -1.828933 0.062026292 0.034677044 0.329056101 0.941632797
1561000952.284785032 212.367694 229.426178 -1.836276 0.062389469 0.032151859 0.329692387 0.941475832
1561000952.385110378 211.345173 229.149774 -1.840966 0.062406454 0.031107304 0.329592988 0.941544599
1561000952.484282970 210.331056 228.870907 -1.844155 0.063960340 0.032422029 0.329819897 0.941316484
1561000952.584971666 209.299467 228.590132 -1.853180 0.065161830 0.034554670 0.330086688 0.941064657
1561000952.683932304 208.287717 228.317486 -1.859167 0.065092523 0.034440721 0.330201843 0.941033232
1561000952.785142183 207.256563 228.039716 -1.869058 0.065155148 0.032118245 0.330413126 0.941036870
1561000952.885421753 206.220843 227.769155 -1.881721 0.064893887 0.030443109 0.330588837 0.941048894
1561000952.984917641 205.185737 227.487542 -1.892160 0.064603968 0.030045982 0.330442911 0.941132854
1561000953.085067034 204.149560 227.202622 -1.900436 0.064387198 0.031951613 0.330776723 0.940967663
1561000953.183916330 203.104733 226.922852 -1.906114 0.064209266 0.033832811 0.331200942 0.940764820
1561000953.285813093 202.042388 226.636495 -1.909993 0.064578289 0.033646101 0.331697288 0.940571366
1561000953.383930683 201.006574 226.353316 -1.921463 0.063877453 0.032311147 0.331585028 0.940705602
1561000953.485931873 199.941551 226.061836 -1.928903 0.063484626 0.031099940 0.331774431 0.940706236
1561000953.586206436 198.883840 225.778024 -1.929506 0.063997543 0.031486852 0.331838231 0.940636104
1561000953.684051275 197.845120 225.490187 -1.938042 0.063765449 0.033697282 0.331884468 0.940558962
1561000953.785928488 196.761119 225.196456 -1.947835 0.063935242 0.034708870 0.332423764 0.940320169
1561000953.885986567 195.704664 224.900992 -1.956368 0.063246079 0.032814181 0.332398584 0.940443695
1561000953.985918999 194.626957 224.601582 -1.969930 0.062524938 0.030603567 0.332699667 0.940459986
1561000954.085774899 193.553817 224.314371 -1.980087 0.062030690 0.030233045 0.332779819 0.940476341
1561000954.183897734 192.493312 224.020875 -1.986863 0.061835825 0.031988219 0.332737117 0.940446221
1561000954.285753012 191.415464 223.724783 -1.997578 0.061219790 0.034758574 0.332649695 0.940419140
1561000954.385541916 190.339404 223.426605 -1.994076 0.061130524 0.035178427 0.333157453 0.940229573
1561000954.485032558 189.271024 223.136485 -1.997323 0.060801698 0.035101879 0.333048617 0.940292311
1561000954.585534334 188.196923 222.846920 -1.993221 0.060362071 0.034334078 0.332780705 0.940443828
1561000954.683674097 187.129793 222.555129 -1.993018 0.059803707 0.034446221 0.332758707 0.940483183
1561000954.785400391 186.037880 222.261270 -1.994818 0.059816435 0.034871118 0.332872037 0.940426609
1561000954.883682489 184.967478 221.964865 -1.995646 0.059669321 0.034737307 0.333228052 0.940314818
1561000954.985439539 183.862520 221.652486 -2.000315 0.059426079 0.033959911 0.333503389 0.940261004
1561000955.086703777 182.766061 221.343180 -2.003018 0.060100017 0.032984114 0.333556203 0.940234171
1561000955.185409784 181.677409 221.030080 -2.004984 0.061593947 0.032547552 0.333964102 0.940007883
1561000955.286662579 180.566539 220.712686 -2.017741 0.062788486 0.033148485 0.334306715 0.939786042
1561000955.386850834 179.462544 220.397330 -2.024092 0.062917755 0.033609984 0.334452915 0.939708983
1561000955.485283613 178.363814 220.084265 -2.027107 0.063478307 0.033965939 0.334595384 0.939607763
1561000955.587283850 177.245602 219.767630 -2.041579 0.063596634 0.033969448 0.334858557 0.939505876
1561000955.685685873 176.150799 219.461570 -2.045532 0.063148096 0.033184187 0.334770962 0.939595408
1561000955.787601233 175.023894 219.148303 -2.053561 0.063044260 0.032595165 0.334985268 0.939546618
1561000955.888366222 173.917766 218.840475 -2.064162 0.062822045 0.031310895 0.335103459 0.939563032
1561000955.988884687 172.797471 218.534024 -2.073248 0.062717559 0.031289404 0.335095095 0.939573711
1561000956.088726044 171.680620 218.223639 -2.079650 0.062994665 0.033316409 0.335002233 0.939518596
1561000956.188635349 170.567057 217.899371 -2.085406 0.063443669 0.035273131 0.334834854 0.939476624
1561000956.288421392 169.459457 217.583789 -2.086850 0.062990460 0.035106639 0.335281840 0.939353934
1561000956.388401508 168.337436 217.275314 -2.091983 0.063518090 0.033696807 0.335050759 0.939452482
1561000956.486763477 167.209727 216.970695 -2.098071 0.063344233 0.031828393 0.335232348 0.939464600
1561000956.588392258 166.074786 216.644627 -2.101339 0.063265162 0.031561830 0.335522150 0.939375461
1561000956.687091112 164.946611 216.326552 -2.112448 0.063828373 0.032672176 0.335683130 0.939241877
1561000956.788536072 163.801169 216.014204 -2.114602 0.063994780 0.033323706 0.335783990 0.939171609
1561000956.887017727 162.681914 215.696699 -2.118252 0.064009436 0.033769028 0.335857582 0.939128388
1561000956.988505363 161.550688 215.375979 -2.121162 0.064098417 0.033570025 0.335905876 0.939112181
1561000957.088414669 160.434362 215.058276 -2.126115 0.064627262 0.032433906 0.336367249 0.938950708
1561000957.187021732 159.333167 214.746133 -2.133250 0.064075391 0.030905721 0.336869039 0.938860177
1561000957.288455248 158.209693 214.420913 -2.147183 0.063362728 0.030971072 0.337256377 0.938767327
1561000957.388379097 157.102704 214.103749 -2.153772 0.063209143 0.032930085 0.337516831 0.938617389
1561000957.488420963 156.010401 213.790602 -2.156104 0.063022305 0.034628969 0.337715929 0.938497190
1561000957.588378429 154.922996 213.472703 -2.154717 0.062930242 0.034073066 0.338232930 0.938337517
1561000957.687039614 153.830279 213.157302 -2.160832 0.062747914 0.032809962 0.338759514 0.938204774
1561000957.788133144 152.709444 212.838058 -2.166599 0.062276125 0.032175194 0.339169131 0.938110197
1561000957.889079094 151.609653 212.512973 -2.168963 0.062757394 0.033098795 0.339511497 0.937922130
1561000957.988786459 150.533902 212.194456 -2.173136 0.063411433 0.033952682 0.339484246 0.937857480
1561000958.090153933 149.460755 211.884261 -2.174411 0.063340171 0.033526105 0.340106486 0.937652175
1561000958.188767672 148.405335 211.579231 -2.167319 0.064211325 0.032713280 0.340139607 0.937609617
1561000958.290233135 147.319631 211.259205 -2.165465 0.064339244 0.032320912 0.340453032 0.937500695
1561000958.389962673 146.263936 210.943946 -2.169531 0.065086927 0.032240392 0.340729268 0.937351490
1561000958.489778042 145.212908 210.640660 -2.176410 0.064983788 0.030505535 0.340729681 0.937416558
1561000958.591312885 144.162861 210.333836 -2.181783 0.064588015 0.029135366 0.340599437 0.937534822
1561000958.689979792 143.122897 210.036493 -2.196276 0.065147991 0.030861832 0.340432260 0.937501554
1561000958.791182995 142.100557 209.731050 -2.201755 0.065222815 0.032595075 0.340446459 0.937432533
1561000958.891231060 141.104678 209.432350 -2.202143 0.064467327 0.033493831 0.339988968 0.937619128
1561000958.991314650 140.095346 209.142574 -2.207408 0.064375677 0.033593813 0.339986881 0.937622605
1561000959.091128826 139.100923 208.848751 -2.208395 0.063431238 0.035230448 0.339492372 0.937806069
1561000959.189853430 138.111396 208.560321 -2.193559 0.062896367 0.039103770 0.339758874 0.937592049
1561000959.292696953 137.137229 208.266876 -2.174213 0.064172523 0.039644765 0.339630610 0.937529321
1561000959.391457558 136.209056 207.997487 -2.169367 0.064260012 0.035990654 0.339967217 0.937548727
1561000959.491301537 135.259203 207.717450 -2.168252 0.063131548 0.032029224 0.339503589 0.937937018
1561000959.591312647 134.326652 207.446859 -2.176725 0.062578966 0.032174876 0.339227244 0.938069042
1561000959.689921856 133.406179 207.179486 -2.183418 0.062191942 0.034164264 0.338858216 0.938157809
1561000959.791233540 132.476985 206.912968 -2.182683 0.060731544 0.034165133 0.339201986 0.938129221
1561000959.891107559 131.588139 206.658847 -2.183013 0.059239455 0.033159484 0.339014508 0.938328460
1561000959.989674091 130.716302 206.409912 -2.182029 0.059002613 0.032859189 0.338595314 0.938505290
1561000960.090940475 129.829375 206.153603 -2.177640 0.059231426 0.034108499 0.338627070 0.938434844
1561000960.189781189 128.966775 205.899147 -2.177107 0.059591963 0.035477371 0.338634204 0.938358689
1561000960.291163206 128.080779 205.642516 -2.173383 0.059448513 0.035457409 0.338111927 0.938556856
1561000960.391526222 127.205864 205.396149 -2.176333 0.058876368 0.034888124 0.337218116 0.938935745
1561000960.491475821 126.346709 205.152345 -2.174715 0.058723217 0.033651040 0.336790640 0.939143895
1561000960.591658831 125.505993 204.916148 -2.170019 0.059732711 0.033082455 0.336112975 0.939343187
1561000960.690536022 124.663787 204.677764 -2.172099 0.061542989 0.033172876 0.335494835 0.939444110
1561000960.791438580 123.820108 204.434649 -2.174818 0.062586941 0.034144062 0.334461316 0.939708831
1561000960.891407728 122.999156 204.201155 -2.175491 0.063084144 0.034720155 0.334034055 0.939806444
1561000960.990225315 122.192590 203.971910 -2.176733 0.063405522 0.035435477 0.333903225 0.939804609
1561000961.090926886 121.377383 203.751753 -2.178086 0.063671437 0.035449569 0.333439219 0.939950830
1561000961.189651489 120.571469 203.526063 -2.174320 0.063341666 0.035161053 0.334055489 0.939765111
1561000961.291135073 119.750620 203.295360 -2.172236 0.063335068 0.035514148 0.334154997 0.939716900
1561000961.392426968 118.939437 203.068772 -2.170400 0.063987676 0.036121055 0.334467036 0.939538530
1561000961.492033958 118.144785 202.841965 -2.169515 0.064565494 0.036944491 0.335076991 0.939249600
1561000961.592827797 117.337572 202.609127 -2.171291 0.063962006 0.036981486 0.335154965 0.939261615
1561000961.692653179 116.548503 202.389380 -2.167271 0.063453849 0.036620290 0.335584251 0.939156949
1561000961.791678667 115.766544 202.168515 -2.161457 0.063464886 0.036424222 0.335515690 0.939188323
1561000961.891368389 114.968325 201.945579 -2.152040 0.064130472 0.036663712 0.335251818 0.939228020
1561000961.992475271 114.200535 201.724404 -2.155614 0.064192428 0.037798920 0.335178360 0.939205005
1561000962.092440605 113.414731 201.506855 -2.154496 0.063275007 0.037220112 0.334699853 0.939460986
1561000962.191398144 112.645368 201.298176 -2.148161 0.062431073 0.036707978 0.333868194 0.939833451
1561000962.284523726 111.904412 201.089703 -2.139708 0.062537453 0.036421966 0.332269237 0.940403988
1561000962.384649754 111.117610 200.877914 -2.133745 0.062255259 0.038166387 0.330583095 0.940947622
1561000962.483613014 110.362627 200.678978 -2.124069 0.062165016 0.039990240 0.327505923 0.941953375
1561000962.584870100 109.626853 200.491740 -2.108011 0.062199922 0.040487095 0.324194868 0.943074574
1561000962.683688641 108.902031 200.316670 -2.093408 0.063992840 0.039942618 0.319455528 0.944593918
1561000962.784689188 108.180665 200.144705 -2.078033 0.066026336 0.038717213 0.314306807 0.946230803
1561000962.884744883 107.472824 199.993870 -2.068361 0.069277618 0.036741810 0.307311691 0.948372382
1561000962.984386444 106.767353 199.857910 -2.069777 0.070313984 0.035996357 0.299135841 0.950935305
1561000963.084700346 106.086149 199.735992 -2.058712 0.071121721 0.034306455 0.289464671 0.953926083
1561000963.183694601 105.392109 199.643436 -2.049389 0.073640299 0.033386274 0.278839780 0.956927813
1561000963.284952402 104.702837 199.573996 -2.039131 0.075339229 0.032720281 0.266685261 0.960277228
1561000963.384372950 104.032805 199.518430 -2.023568 0.077426005 0.032813981 0.255263729 0.963207602
1561000963.485167742 103.377410 199.484561 -2.011092 0.079564514 0.034740249 0.240522369 0.966753119
1561000963.585233450 102.732793 199.477748 -1.994819 0.082039590 0.036194901 0.225629710 0.970077661
1561000963.683647394 102.101148 199.500007 -1.978099 0.083999002 0.035985190 0.209968636 0.973428172
1561000963.784937859 101.463316 199.532708 -1.963332 0.084663875 0.036781059 0.194003453 0.976648269
1561000963.884650707 100.821086 199.602643 -1.940877 0.084716767 0.037111966 0.177369529 0.979788662
1561000963.983434916 100.181138 199.694915 -1.911225 0.085349894 0.037866087 0.159614513 0.982753663
1561000964.084925890 99.547351 199.808419 -1.880539 0.086427770 0.038190161 0.141882717 0.985363409
1561000964.183969259 98.936924 199.934674 -1.851540 0.087481161 0.039107555 0.123998730 0.987644653
1561000964.285007715 98.320849 200.103969 -1.819251 0.088130159 0.039254502 0.105434908 0.989735136
1561000964.385648012 97.709475 200.290527 -1.785260 0.087668212 0.039225745 0.087152151 0.991554400
1561000964.484849691 97.118759 200.497226 -1.751781 0.086845944 0.039094499 0.069296598 0.993039467
1561000964.584822893 96.524428 200.734481 -1.714306 0.085746672 0.038821497 0.051622895 0.994221040
1561000964.683777809 95.965850 200.976445 -1.672513 0.085125422 0.038990645 0.033287627 0.995050414
1561000964.783824682 95.397092 201.236978 -1.625515 0.085995502 0.038295174 0.013821284 0.995463322
1561000964.884946346 94.855124 201.523170 -1.588398 0.086856469 0.038843969 -0.005246794 0.995449432
1561000964.984812975 94.330370 201.828152 -1.542367 0.086542853 0.039549631 -0.024420726 0.995163197
1561000965.085591793 93.813970 202.153776 -1.500510 0.086286902 0.041277285 -0.043089784 0.994481788
1561000965.183646679 93.328166 202.493554 -1.448955 0.085974263 0.042027453 -0.062493211 0.993446887
1561000965.284957170 92.828715 202.874143 -1.397813 0.087191914 0.041683757 -0.081279650 0.991994785
1561000965.384976149 92.357769 203.263976 -1.348090 0.088207159 0.039627673 -0.099847463 0.990292699
1561000965.483543396 91.891196 203.659772 -1.311704 0.087746809 0.039491564 -0.118617236 0.988266596
1561000965.584986448 91.440543 204.075519 -1.261480 0.085380228 0.041554358 -0.137164206 0.985986528
1561000965.684486866 91.028140 204.506673 -1.199612 0.085481518 0.041983389 -0.155505901 0.983233553
1561000965.785499334 90.627142 204.968340 -1.126350 0.087828733 0.039280283 -0.175346233 0.979794301
1561000965.884537458 90.226697 205.424321 -1.067292 0.091450025 0.034885409 -0.193998602 0.976106779
1561000965.983076572 89.841076 205.905756 -1.028488 0.090891049 0.030490126 -0.211509838 0.972662715
1561000966.084619522 89.466291 206.409822 -1.000717 0.087666233 0.029690823 -0.228634484 0.969102347
1561000966.183230400 89.135592 206.917504 -0.938318 0.086427427 0.031594420 -0.246507363 0.964762257
1561000966.284712315 88.812270 207.441740 -0.877221 0.090416499 0.032947580 -0.265229985 0.959370819
1561000966.384607792 88.509534 207.974799 -0.828438 0.093107676 0.032798917 -0.282522416 0.954167845
1561000966.483518124 88.226344 208.503091 -0.794045 0.091322795 0.031850835 -0.298397877 0.949528503
1561000966.585576057 87.953515 209.072787 -0.761493 0.085080479 0.032571998 -0.313925402 0.945066780
1561000966.683497667 87.709191 209.645811 -0.710745 0.078704408 0.032859901 -0.328306606 0.940712823
1561000966.784542799 87.481967 210.248496 -0.644434 0.075857948 0.032627271 -0.343712774 0.935437097
1561000966.884462595 87.259371 210.856634 -0.583938 0.078257234 0.032839275 -0.356659971 0.930371460
1561000966.983263731 87.044300 211.450993 -0.544826 0.080007015 0.034439640 -0.368182883 0.925664169
1561000967.084389925 86.829572 212.054822 -0.504618 0.078058714 0.036551570 -0.377706981 0.921904690
1561000967.183247328 86.619659 212.683496 -0.456491 0.074213770 0.037754577 -0.385338962 0.919010768
1561000967.284685612 86.431787 213.306408 -0.398576 0.070343958 0.036714779 -0.390538267 0.917160627
1561000967.384592533 86.241541 213.937044 -0.332421 0.068780680 0.035433120 -0.395199075 0.915331308
1561000967.483224154 86.040590 214.581136 -0.276243 0.072005488 0.034375565 -0.399634281 0.913195473
1561000967.584946394 85.838665 215.235104 -0.224902 0.076416674 0.034355658 -0.402987242 0.911362421
1561000967.683718204 85.646213 215.854590 -0.185957 0.077700372 0.036300567 -0.406644167 0.909552331
1561000967.784705877 85.454435 216.504733 -0.161555 0.074637659 0.038764451 -0.409130737 0.908591535
1561000967.884687185 85.287618 217.146654 -0.102872 0.068554347 0.039589291 -0.411108056 0.908142696
1561000967.984691620 85.116574 217.812802 -0.026952 0.066613801 0.035406591 -0.413208405 0.907506357
1561000968.084750652 84.933667 218.481001 0.036674 0.068558444 0.031931470 -0.414579410 0.906864948
1561000968.183260441 84.732265 219.155119 0.069334 0.072794515 0.029944321 -0.416550839 0.905698457
1561000968.284327745 84.528847 219.834252 0.099580 0.072910940 0.033948085 -0.418137217 0.904816440
1561000968.383413315 84.346911 220.512325 0.147064 0.071447007 0.037715041 -0.419263289 0.904262791
1561000968.483355999 84.166712 221.187495 0.210312 0.071794394 0.038302045 -0.421090871 0.903360945
1561000968.584438324 83.992787 221.870744 0.278348 0.072628141 0.036919795 -0.420828386 0.903474156
1561000968.683402777 83.804330 222.570094 0.337965 0.073663193 0.035560669 -0.420813580 0.903451772
1561000968.784822464 83.604325 223.270960 0.389635 0.074786152 0.034491879 -0.421646661 0.903012422
1561000968.885429621 83.411686 223.964869 0.436204 0.073193076 0.036099525 -0.421594566 0.903104435
1561000968.983834982 83.225455 224.661412 0.484165 0.071554749 0.037128193 -0.421666340 0.903160513
1561000969.084949970 83.043272 225.382988 0.545565 0.070658188 0.036752876 -0.421956575 0.903110899
1561000969.183634043 82.841897 226.090987 0.613951 0.070638099 0.034846014 -0.422141480 0.903101647
1561000969.283847332 82.644398 226.830413 0.666624 0.071726355 0.034879012 -0.421740976 0.903201712
1561000969.383179426 82.452818 227.546212 0.716729 0.072438349 0.035144186 -0.421230484 0.903372819
1561000969.484140873 82.259421 228.279407 0.776527 0.072807142 0.035452740 -0.421160679 0.903363662
1561000969.584017515 82.061437 229.001115 0.833726 0.073621547 0.035577957 -0.420977414 0.903378157
1561000969.683040142 81.860073 229.738425 0.891476 0.073580599 0.035086758 -0.420965986 0.903406029
1561000969.784004211 81.658397 230.488016 0.952108 0.073157178 0.034529633 -0.420825131 0.903527499
1561000969.883886576 81.447773 231.226661 1.006718 0.072028821 0.034638610 -0.421214110 0.903432725
1561000969.984343052 81.251126 231.982801 1.070165 0.072287141 0.034193199 -0.420910040 0.903570768
1561000970.084389687 81.047220 232.733895 1.129749 0.073142004 0.034546805 -0.421065666 0.903416001
1561000970.183631182 80.848160 233.486656 1.189132 0.074559752 0.035324520 -0.420504346 0.903531470
1561000970.284636497 80.642955 234.246178 1.256066 0.074552519 0.035768818 -0.420120010 0.903693361
1561000970.384439945 80.442697 235.004000 1.319642 0.073457618 0.035607507 -0.420148202 0.903776284
1561000970.485275269 80.224633 235.778703 1.382478 0.072485530 0.033816910 -0.420078357 0.903955994
1561000970.584341288 80.016825 236.540152 1.441823 0.072155514 0.033645862 -0.420087253 0.903984645
1561000970.684443235 79.804397 237.298970 1.502307 0.073143413 0.033344580 -0.419675009 0.904107885
1561000970.784308672 79.592692 238.059001 1.565152 0.074045001 0.034843616 -0.419073392 0.904257017
1561000970.883879185 79.385932 238.805766 1.626410 0.074344660 0.035087063 -0.418490099 0.904493121
1561000970.983227730 79.173285 239.552192 1.685612 0.073923715 0.034099751 -0.417741415 0.904911378
1561000971.084427357 78.960631 240.302387 1.745701 0.072673321 0.031577172 -0.416718282 0.905575698
1561000971.183258295 78.741939 241.043899 1.810604 0.073379823 0.030615009 -0.415802527 0.905972616
1561000971.284656525 78.520145 241.796403 1.869876 0.075701015 0.031424833 -0.414095094 0.906535763
1561000971.383232355 78.311852 242.510081 1.921829 0.075896587 0.034221528 -0.412606032 0.907096939
1561000971.483886957 78.096264 243.243179 1.990152 0.076662188 0.034493004 -0.410818949 0.907833097
1561000971.585474491 77.870417 243.977285 2.054836 0.077117550 0.032607359 -0.409330298 0.908536378
1561000971.684720755 77.642864 244.697433 2.109853 0.076635998 0.030098736 -0.407671527 0.909409103
1561000971.785248280 77.412517 245.408487 2.165664 0.075332472 0.028863172 -0.405248841 0.910640057
1561000971.884037495 77.189353 246.102193 2.223427 0.074984508 0.028691588 -0.402933296 0.911701089
1561000971.985054255 76.951404 246.815896 2.289788 0.076498205 0.027177228 -0.399731606 0.913030156
1561000972.085093737 76.713122 247.505922 2.347923 0.079159578 0.026948244 -0.396017251 0.914427630
1561000972.183376312 76.466495 248.174386 2.400810 0.080999503 0.028018500 -0.391826347 0.916038295
1561000972.285013199 76.220095 248.841394 2.454849 0.081581050 0.028857258 -0.386886404 0.918058114
1561000972.383723259 75.972158 249.484845 2.508437 0.080432963 0.029900000 -0.381323818 0.920450256
1561000972.485286236 75.718712 250.126460 2.563434 0.078248872 0.030752528 -0.375641854 0.922943440
1561000972.585299015 75.463942 250.740701 2.612302 0.075567674 0.031748438 -0.369202807 0.925727201
1561000972.685008764 75.194289 251.346688 2.667229 0.073579918 0.031806690 -0.361509438 0.928916173
1561000972.785479307 74.911261 251.947481 2.727905 0.074363240 0.031343224 -0.352116063 0.932470905
1561000972.884397268 74.619005 252.518087 2.789504 0.076514114 0.031632279 -0.342009995 0.936041747
1561000972.985361814 74.311402 253.094317 2.834566 0.078588241 0.034028380 -0.331213349 0.939661468
1561000973.085532427 74.007846 253.624396 2.879810 0.078332600 0.036973326 -0.319213356 0.943715959
1561000973.183577061 73.698663 254.135385 2.925495 0.077440316 0.038393038 -0.305599492 0.948228835
1561000973.283831596 73.365294 254.639197 2.977658 0.076415345 0.036993081 -0.291140318 0.952905831
1561000973.383857250 73.013520 255.119805 3.021046 0.076460925 0.035316659 -0.275792083 0.957520333
1561000973.483830929 72.645957 255.588722 3.072160 0.076469504 0.033151004 -0.259343671 0.962182044
1561000973.584774017 72.269791 256.035006 3.113138 0.076843363 0.033027602 -0.241665273 0.966748246
1561000973.683710814 71.890097 256.452708 3.152447 0.076533209 0.033917768 -0.222728773 0.971279644
1561000973.785025597 71.492883 256.849770 3.188421 0.076916241 0.035683413 -0.203063618 0.975487444
1561000973.883437157 71.091586 257.207449 3.219592 0.077028848 0.036814738 -0.182345334 0.979521011
1561000973.985337496 70.671807 257.558152 3.262852 0.077105083 0.037181578 -0.161459409 0.983159802
1561000974.085320950 70.254894 257.873416 3.306223 0.078230099 0.036709021 -0.140232142 0.986340431
1561000974.183490753 69.830714 258.128201 3.333571 0.079155222 0.037470483 -0.118403105 0.989096112
1561000974.285704136 69.382991 258.389887 3.349336 0.077901208 0.037991844 -0.095341492 0.991664269
1561000974.384006262 68.942270 258.634643 3.359480 0.074552924 0.037714649 -0.072025623 0.993897267
1561000974.485372782 68.506568 258.825384 3.375012 0.069991555 0.038130360 -0.048039227 0.995660329
1561000974.586887360 68.048249 259.003446 3.421176 0.068416842 0.038048790 -0.023090644 0.996663558
1561000974.685586214 67.610290 259.168282 3.473325 0.071754994 0.036986508 0.003101408 0.996731458
1561000974.786907196 67.141736 259.307765 3.509974 0.076678022 0.037480006 0.029510635 0.995914079
1561000974.885524750 66.673467 259.406924 3.512598 0.080401298 0.039357587 0.056737254 0.994367887
1561000974.985458374 66.201396 259.467413 3.501405 0.078204890 0.042121400 0.084487934 0.992457340
1561000975.087263584 65.732140 259.526360 3.496490 0.073768653 0.043618329 0.112799774 0.989915066
1561000975.186519623 65.270679 259.558264 3.523488 0.071420616 0.041259299 0.139971235 0.986714153
1561000975.287033558 64.812604 259.553673 3.559731 0.072994326 0.037334990 0.167410480 0.982472217
1561000975.385408640 64.345174 259.525897 3.581730 0.077353289 0.033401842 0.195010432 0.977175377
1561000975.487001896 63.877029 259.468701 3.581824 0.080165443 0.031276208 0.222735170 0.971073810
1561000975.587198019 63.427098 259.363811 3.577866 0.083016539 0.030464020 0.249532449 0.964320359
1561000975.685003996 62.990056 259.229066 3.562042 0.085125214 0.033249400 0.276520463 0.956652815
1561000975.786659002 62.557782 259.072847 3.544910 0.083625039 0.038110498 0.303545548 0.948374685
1561000975.885049582 62.130315 258.922299 3.539262 0.079434163 0.041902828 0.330240820 0.939614478
1561000975.985083580 61.718048 258.740760 3.545720 0.074779925 0.042852617 0.356175468 0.930435732
1561000976.086943388 61.293675 258.533707 3.556194 0.073229360 0.042997193 0.381134854 0.920611169
1561000976.187207937 60.909275 258.289918 3.570268 0.075859650 0.042280547 0.404994752 0.910185102
1561000976.287299633 60.541560 258.050355 3.569535 0.080033378 0.040775882 0.427916432 0.899343935
1561000976.385954142 60.176402 257.777926 3.544463 0.084153558 0.041608603 0.450224702 0.887966565
1561000976.485713482 59.814763 257.469620 3.511373 0.084600118 0.042188872 0.471569468 0.876746917
1561000976.587063551 59.452869 257.165037 3.478233 0.079778431 0.041827459 0.491249162 0.866348732
1561000976.685241222 59.096913 256.861573 3.463473 0.074106206 0.039804602 0.509301146 0.856467283
1561000976.787432194 58.748963 256.528583 3.457163 0.071323907 0.039765016 0.525357943 0.846953762
1561000976.885406971 58.416761 256.188132 3.455538 0.071407163 0.039357794 0.541899172 0.836479090
1561000976.988823652 58.084597 255.833261 3.444379 0.072694273 0.040219659 0.556203262 0.826883216
1561000977.088373184 57.776840 255.479877 3.423467 0.073002824 0.040675084 0.570131137 0.817292244
1561000977.188319206 57.467479 255.099862 3.398151 0.071665058 0.039894421 0.583719913 0.807801720
1561000977.288352728 57.157313 254.708026 3.379543 0.069840636 0.040053931 0.596470901 0.798586522
1561000977.387111187 56.858601 254.319238 3.364115 0.070870218 0.041118831 0.607936118 0.789747004
1561000977.488684177 56.569719 253.894104 3.347810 0.072600756 0.041972305 0.616607163 0.782791838
1561000977.589176416 56.278364 253.456940 3.315517 0.074143877 0.044142952 0.622842792 0.777573753
1561000977.688554764 55.992981 253.018773 3.284011 0.073972445 0.045133123 0.628448663 0.773009286
1561000977.788650036 55.703071 252.560766 3.248093 0.072115100 0.045445194 0.633365429 0.769143927
1561000977.886802435 55.412063 252.099379 3.221835 0.070710730 0.044270150 0.637699639 0.765754084
1561000977.988249302 55.088578 251.629644 3.202418 0.071915934 0.042595882 0.642212232 0.761956126
1561000978.088636637 54.762423 251.167655 3.177479 0.073338360 0.042006341 0.644962530 0.759526357
1561000978.187677383 54.445845 250.670288 3.151383 0.074701590 0.041665511 0.648186396 0.756662444
1561000978.288118839 54.133393 250.213437 3.121046 0.074915650 0.041545385 0.651524757 0.753775243
1561000978.386617661 53.825902 249.732124 3.086631 0.075010443 0.042192249 0.654123774 0.751475439
1561000978.487805843 53.517182 249.234594 3.050745 0.073674693 0.041926453 0.656839573 0.749250283
1561000978.587914228 53.219435 248.751570 3.016263 0.072213559 0.042353371 0.659497603 0.747030324
1561000978.687939882 52.919607 248.251572 2.988470 0.071071642 0.042253240 0.661446233 0.745420933
1561000978.788264513 52.608354 247.743962 2.968301 0.071510706 0.041335176 0.663387430 0.743703395
1561000978.886841297 52.289217 247.232489 2.941122 0.072434565 0.041108945 0.665138600 0.742060598
1561000978.988387108 51.973686 246.693432 2.904104 0.072941166 0.041496557 0.667163245 0.740169458
1561000979.086934328 51.663591 246.175434 2.862531 0.072135580 0.041810141 0.669118883 0.738463466
1561000979.187030792 51.346468 245.630997 2.825118 0.070077171 0.041854777 0.670796003 0.737136412
1561000979.287875175 51.021219 245.089495 2.795604 0.068887171 0.041733181 0.672707349 0.735511878
1561000979.386244774 50.712626 244.538717 2.769317 0.069272692 0.040606558 0.674597924 0.733805180
1561000979.487649918 50.385060 243.967589 2.734212 0.070126513 0.039858861 0.675830464 0.732630007
1561000979.588452578 50.058749 243.399984 2.693923 0.069653079 0.039019855 0.677671415 0.731018025
1561000979.686301947 49.728321 242.814270 2.650756 0.068448084 0.039226680 0.679252994 0.729651628
1561000979.789393663 49.402179 242.209620 2.609525 0.067103125 0.039763542 0.680612543 0.728479648
1561000979.888055325 49.079617 241.630361 2.571916 0.066824992 0.040255999 0.681889631 0.727282893
1561000979.989781141 48.748555 241.016214 2.548157 0.067175964 0.042873852 0.683033872 0.726026138
1561000980.088529825 48.423100 240.393406 2.538282 0.067243385 0.050742303 0.683400255 0.725167317
1561000980.190017700 48.116821 239.783108 2.519819 0.066543646 0.058460778 0.684694253 0.723427993
1561000980.290025949 47.807093 239.202260 2.489259 0.066662323 0.060421637 0.686341009 0.721693411
1561000980.388288260 47.474379 238.641670 2.429524 0.066332948 0.054924319 0.687907022 0.720671346
1561000980.489541292 47.137216 238.058209 2.363331 0.061918639 0.049958312 0.689198471 0.720191444
1561000980.589478970 46.787416 237.439537 2.282365 0.061672927 0.043135114 0.689996036 0.719889771
1561000980.688309193 46.446883 236.771034 2.243386 0.070583464 0.028724951 0.690385217 0.719417198
1561000980.789653301 46.107379 236.077786 2.211555 0.073321678 0.029902901 0.690792719 0.718703810
1561000980.888385773 45.786378 235.425160 2.191881 0.071531075 0.037438167 0.691281155 0.718061316
1561000980.989814758 45.449778 234.799511 2.150191 0.064712565 0.045042823 0.692422866 0.717170832
1561000981.088310719 45.123148 234.183435 2.116667 0.063438797 0.045515068 0.692729691 0.716958487
1561000981.188538790 44.783932 233.530428 2.075845 0.066717168 0.043375046 0.693557506 0.715992606
1561000981.289541245 44.448178 232.870154 2.024371 0.069309433 0.040484757 0.693804434 0.715676319
1561000981.388079643 44.106221 232.208806 1.968688 0.069675280 0.041012851 0.694027669 0.715394224
1561000981.489538670 43.754683 231.523142 1.914563 0.066930086 0.042463025 0.693661125 0.715927021
1561000981.590112925 43.406031 230.852836 1.867221 0.064454204 0.042957537 0.693723410 0.716064338
1561000981.690110922 43.046729 230.176329 1.832643 0.063263949 0.042626234 0.693671966 0.716240099
1561000981.791241646 42.690290 229.480121 1.797320 0.063454433 0.041511144 0.693094831 0.716847205
1561000981.890524149 42.340583 228.798894 1.754880 0.064520592 0.040820838 0.692896579 0.716983322
1561000981.991343975 41.974471 228.105167 1.711380 0.065614479 0.040202445 0.692064210 0.717722532
1561000982.089827299 41.592540 227.415969 1.655544 0.064959959 0.040298442 0.691123376 0.718682627
1561000982.190962315 41.228308 226.735724 1.607407 0.063670683 0.040263969 0.690470729 0.719426876
1561000982.290940762 40.871484 226.067904 1.572983 0.063137068 0.039369050 0.689803336 0.720163277
1561000982.389489651 40.510080 225.403147 1.534791 0.064245273 0.039301009 0.688898829 0.720934380
1561000982.491021633 40.135222 224.724846 1.491093 0.065849466 0.039035013 0.687328892 0.722301260
1561000982.591684818 39.773491 224.037127 1.443778 0.067569897 0.037981195 0.685613318 0.723827408
1561000982.692216396 39.404124 223.369498 1.394644 0.069021266 0.037514752 0.683845863 0.725385101
1561000982.792111158 39.039173 222.700872 1.344254 0.069260998 0.037345175 0.681695447 0.727392308
1561000982.891155481 38.671352 222.053579 1.302081 0.068500473 0.037723464 0.679713153 0.729297371
1561000982.992078066 38.286145 221.407204 1.263699 0.068886569 0.038436624 0.676319546 0.732372268
1561000983.091119051 37.900957 220.774189 1.224830 0.070231331 0.037808373 0.673298628 0.735055811
1561000983.192522049 37.506388 220.124343 1.179382 0.072488969 0.037072523 0.670476554 0.737449774
1561000983.292391062 37.120107 219.502443 1.130883 0.073561529 0.036396486 0.666391361 0.741071219
1561000983.391312599 36.727131 218.877783 1.093638 0.076043560 0.036363150 0.662015023 0.744735662
1561000983.492416382 36.315736 218.266749 1.047355 0.077148494 0.037454055 0.656352742 0.749564127
1561000983.591967583 35.887465 217.666691 0.999720 0.077692544 0.038766839 0.650584975 0.754453571
1561000983.691625118 35.458128 217.073840 0.957388 0.077888833 0.039866616 0.644419309 0.759649746
1561000983.792779207 35.018395 216.480886 0.919887 0.078115843 0.040353445 0.638244795 0.764796114
1561000983.892564774 34.566308 215.891436 0.891867 0.079336837 0.040546464 0.631801764 0.769992326
1561000983.992566824 34.113836 215.324288 0.860989 0.080396768 0.042112098 0.625306961 0.775083309
1561000984.091455460 33.647146 214.764152 0.828525 0.080187680 0.045188981 0.618433025 0.780428398
1561000984.192534924 33.161569 214.212240 0.801773 0.079049309 0.046747204 0.611338847 0.786022086
1561000984.292322159 32.668763 213.687437 0.776134 0.078969932 0.045725453 0.604397484 0.791439584
1561000984.390987635 32.177216 213.167209 0.749343 0.078642296 0.042680513 0.597479159 0.796876664
1561000984.492233753 31.659950 212.651663 0.700289 0.076143359 0.041908008 0.590825684 0.802104058
1561000984.591433525 31.136776 212.143351 0.699228 0.070424424 0.047081840 0.583808768 0.807459611
1561000984.692344427 30.615702 211.658695 0.717568 0.067577535 0.055242487 0.576307722 0.812558278
1561000984.792350292 30.102894 211.193922 0.721543 0.065800412 0.059626452 0.568411627 0.817938393
1561000984.891396523 29.572669 210.750851 0.687243 0.064247021 0.055013664 0.561564801 0.823098288
1561000984.992465496 29.004683 210.305754 0.659713 0.058873620 0.053882660 0.554365807 0.828437751
1561000985.084165573 28.444184 209.864428 0.642732 0.055549979 0.039908078 0.545186517 0.835519723
1561000985.183871031 27.869934 209.394912 0.608259 0.058688623 0.023004652 0.538359344 0.840354478
1561000985.284285784 27.304715 208.951756 0.617591 0.063096966 0.028798690 0.530896559 0.844593542
1561000985.382882357 26.778201 208.532605 0.572932 0.065307026 0.037408758 0.523621027 0.848620408
1561000985.484081984 26.222484 208.140698 0.539893 0.061793876 0.054558984 0.515007356 0.853212903
1561000985.582893133 25.644135 207.796458 0.547603 0.058259504 0.053824144 0.505826154 0.858981195
1561000985.683883667 25.022935 207.427642 0.570201 0.058944450 0.047781393 0.497440806 0.864173093
1561000985.784226894 24.418966 207.054340 0.568290 0.063253854 0.039763200 0.488642230 0.869279362
1561000985.883246899 23.789176 206.672339 0.555577 0.068076807 0.040891142 0.479979962 0.873677686
1561000985.985223293 23.166215 206.298905 0.541793 0.070748733 0.044937245 0.471721105 0.877755353
1561000986.083473206 22.551938 205.954352 0.530503 0.071400806 0.047958664 0.463267875 0.882034448
1561000986.184447289 21.903099 205.629428 0.531941 0.071320828 0.048476980 0.454930726 0.886341558
1561000986.284831047 21.250144 205.311579 0.539317 0.072428161 0.046229411 0.445990939 0.890903522
1561000986.383036375 20.598163 205.015683 0.547354 0.075381105 0.044341428 0.437539804 0.894936001
1561000986.484928131 19.918783 204.706885 0.547236 0.078775280 0.044661486 0.428636550 0.898927425
1561000986.583189249 19.244607 204.411751 0.551046 0.081109384 0.045938127 0.419917949 0.902762356
1561000986.684993267 18.546024 204.122207 0.541906 0.081881041 0.049263287 0.411820875 0.906240691
1561000986.785318375 17.845031 203.852987 0.541671 0.081202248 0.049960529 0.404246349 0.909667538
1561000986.883500099 17.129503 203.599016 0.551588 0.078889150 0.049299567 0.397942912 0.912681485
1561000986.985196352 16.389923 203.343274 0.569219 0.077221293 0.046719822 0.392856030 0.915160243
1561000987.083924770 15.669286 203.091322 0.581288 0.077065073 0.043581499 0.388528511 0.917173497
1561000987.185717106 14.923648 202.842438 0.584627 0.077748309 0.042383318 0.384551892 0.918846395
1561000987.285920620 14.188741 202.584818 0.590565 0.077324707 0.043631079 0.381526408 0.920084137
1561000987.385387421 13.441715 202.338111 0.599270 0.078891396 0.046608176 0.378495236 0.921056557
1561000987.485305071 12.697090 202.095109 0.612244 0.079906068 0.049213531 0.376704177 0.921567692
1561000987.583402872 11.952797 201.851828 0.620018 0.079964873 0.050881116 0.375010466 0.922162611
1561000987.685040474 11.180257 201.603508 0.633523 0.080109128 0.050687207 0.373494465 0.922775823
1561000987.785009384 10.419100 201.360737 0.651559 0.079397870 0.048757828 0.371343622 0.923808728
1561000987.884857893 9.649068 201.109677 0.666999 0.080237240 0.046650987 0.369702294 0.924503047
1561000987.984787703 8.880935 200.868069 0.666209 0.080296942 0.046643615 0.368239978 0.925081668
1561000988.083253622 8.092331 200.627138 0.671947 0.079752656 0.047943899 0.367090693 0.925518946
1561000988.185073614 7.295073 200.380928 0.686752 0.079727849 0.050405473 0.365696880 0.925941980
1561000988.285442114 6.513195 200.144062 0.707962 0.080027129 0.051854715 0.364417349 0.926340511
1561000988.383557320 5.727604 199.906017 0.731818 0.081528386 0.051403650 0.363279404 0.926681640
1561000988.485218763 4.922249 199.661142 0.758164 0.082564615 0.050140442 0.362365365 0.927016916
1561000988.583676338 4.130124 199.418063 0.774239 0.082847474 0.049101629 0.361365890 0.927437340
1561000988.683475494 3.319815 199.171769 0.784746 0.081442976 0.049384979 0.361587338 0.927460383
1561000988.785039425 2.493503 198.918652 0.798886 0.079854664 0.049986963 0.362100529 0.927366025
1561000988.883289576 1.680565 198.674098 0.817527 0.078874529 0.050061034 0.363029053 0.927082849
1561000988.985238075 0.848105 198.424201 0.837341 0.078132179 0.051035102 0.363867278 0.926763931
1561000989.083656311 0.030112 198.173236 0.859978 0.078844106 0.050826011 0.364530212 0.926454558
1561000989.185331106 -0.800133 197.912461 0.881385 0.079081583 0.050882372 0.365357030 0.926105463
1561000989.286571503 -1.625099 197.649205 0.893903 0.078891866 0.051054917 0.366485683 0.925666091
1561000989.385462523 -2.453486 197.390028 0.905690 0.078382126 0.050517179 0.367526197 0.925326295
1561000989.486038208 -3.298267 197.123859 0.919062 0.077919576 0.049162081 0.368400203 0.925090763
1561000989.584698200 -4.136955 196.864374 0.929279 0.076986855 0.047029284 0.369270408 0.924932774
1561000989.686309338 -4.997754 196.591411 0.936051 0.075784611 0.046317764 0.369991415 0.924779817
1561000989.786310673 -5.846122 196.330973 0.944859 0.074904419 0.045987264 0.370763175 0.924558904
1561000989.889426708 -6.705248 196.049423 0.953603 0.073555311 0.047002607 0.371051530 0.924500478
1561000989.987965345 -7.553636 195.773708 0.966633 0.073055181 0.048008642 0.371910764 0.924143114
1561000990.086600065 -8.414984 195.500347 0.981931 0.072742640 0.049147091 0.372583960 0.923836709
1561000990.188046932 -9.289873 195.214047 0.997558 0.072193562 0.050598663 0.372581547 0.923802390
1561000990.287778616 -10.150923 194.933123 1.016023 0.071808054 0.051790031 0.373036174 0.923582919
1561000990.386688471 -11.016400 194.650479 1.033872 0.071801332 0.053004238 0.373292475 0.923410985
1561000990.487400770 -11.891289 194.365879 1.059680 0.072217727 0.053495349 0.373292397 0.923350223
1561000990.587490559 -12.769823 194.075812 1.084343 0.073629130 0.053731905 0.373661286 0.923075770
1561000990.687641859 -13.646652 193.788612 1.108053 0.074965094 0.054328552 0.373870305 0.922848654
1561000990.787621737 -14.521687 193.501921 1.138475 0.077214423 0.054642581 0.373913534 0.922627113
1561000990.889230490 -15.414969 193.199819 1.137915 0.076244906 0.054587803 0.373911556 0.922711783
1561000990.989285946 -16.295033 192.911862 1.177212 0.077623413 0.052541999 0.374146607 0.922620323
1561000991.087842226 -17.178564 192.617594 1.202006 0.079957205 0.052138249 0.373873073 0.922554808
1561000991.188971281 -18.076984 192.313867 1.212718 0.080578023 0.054304382 0.373989771 0.922328503
1561000991.287661314 -18.968276 192.025004 1.225836 0.080406543 0.054752132 0.374077186 0.922281546
1561000991.389013767 -19.873393 191.732514 1.254021 0.080666085 0.052790035 0.374140435 0.922347619
1561000991.489376545 -20.773344 191.441090 1.271936 0.081035947 0.049719803 0.374141626 0.922485317
1561000991.587658882 -21.662660 191.143263 1.283410 0.080629857 0.047721474 0.374345100 0.922543892
1561000991.688919544 -22.574001 190.838006 1.292474 0.080248644 0.047547720 0.374347601 0.922585087
1561000991.789043665 -23.480884 190.536352 1.305334 0.079723553 0.047605712 0.374195484 0.922689325
1561000991.888275623 -24.379899 190.245179 1.312426 0.079911541 0.047940989 0.374119193 0.922686640
1561000991.989172459 -25.285898 189.950133 1.323743 0.078958185 0.048291457 0.374128636 0.922746609
1561000992.087741375 -26.183750 189.658150 1.333566 0.077966129 0.048685537 0.374042978 0.922844977
1561000992.188979387 -27.093886 189.371170 1.357003 0.077805206 0.048703020 0.373793394 0.922958755
1561000992.288805962 -27.997328 189.070062 1.377289 0.078753028 0.048563456 0.373845927 0.922864440
1561000992.387846947 -28.901686 188.773900 1.397457 0.079816755 0.049228798 0.373861439 0.922731508
1561000992.488774538 -29.810345 188.475811 1.413633 0.081246386 0.050292870 0.373590829 0.922658953
1561000992.589710236 -30.714353 188.180922 1.432360 0.082207995 0.051683601 0.373613349 0.922487786
1561000992.688680887 -31.615079 187.883671 1.452735 0.082918033 0.052532252 0.373775847 0.922310457
1561000992.788914442 -32.514451 187.579504 1.471508 0.082988070 0.052485046 0.373854320 0.922275039
1561000992.887718201 -33.405766 187.281613 1.493267 0.082552012 0.052548737 0.373784711 0.922338758
1561000992.989260674 -34.312455 186.985578 1.517510 0.081745766 0.052319069 0.373445626 0.922560952
1561000993.089370012 -35.194138 186.701100 1.539552 0.081939219 0.052656569 0.373253410 0.922602375
1561000993.189116478 -36.073412 186.412424 1.564110 0.081666436 0.052678805 0.372644434 0.922871422
1561000993.288225889 -36.943556 186.131957 1.587459 0.081319254 0.052730663 0.372578709 0.922925653
1561000993.387355804 -37.813627 185.854345 1.610316 0.081575241 0.052626925 0.372382792 0.922988052
1561000993.488828182 -38.686865 185.563634 1.642044 0.080854963 0.051718230 0.371584936 0.923424244
1561000993.587410450 -39.552739 185.284748 1.661127 0.080794797 0.053299422 0.371272333 0.923465336
1561000993.688840628 -40.419614 185.006107 1.687212 0.080864107 0.054578210 0.370901527 0.923533580
1561000993.788255453 -41.275914 184.730851 1.716237 0.082206398 0.055271263 0.370743726 0.923437213
1561000993.887538671 -42.132112 184.455276 1.747562 0.083365228 0.054212214 0.370549150 0.923474202
1561000993.988674641 -42.996314 184.174595 1.775873 0.083034090 0.052120466 0.370530281 0.923632020
1561000994.087204456 -43.845335 183.899029 1.789359 0.082276757 0.051131575 0.370199672 0.923887601
1561000994.188621759 -44.707700 183.622220 1.806693 0.081667557 0.051858321 0.369634789 0.924127290
1561000994.288608789 -45.558646 183.354615 1.832934 0.081410217 0.053691326 0.369685202 0.924025145
1561000994.387563944 -46.400331 183.086090 1.859355 0.082913327 0.056636778 0.369935850 0.923615246
1561000994.488898277 -47.250560 182.811375 1.886312 0.083316028 0.059838253 0.370020005 0.923343392
1561000994.590086699 -48.087356 182.534661 1.920468 0.082964961 0.061449814 0.370689987 0.923000362
1561000994.688959599 -48.911161 182.264116 1.954460 0.082478765 0.059750291 0.371309374 0.922906552
1561000994.788121223 -49.753562 181.990694 1.978374 0.080844683 0.055843602 0.371921037 0.923049496
1561000994.887884140 -50.598553 181.716500 2.000703 0.079602186 0.052126743 0.372709455 0.923056855
1561000994.989195108 -51.442798 181.442803 2.023486 0.079844841 0.049947646 0.373045435 0.923020659
1561000995.088314056 -52.276060 181.169914 2.037604 0.079294463 0.049522657 0.373585442 0.922872587
1561000995.189236164 -53.110159 180.900847 2.051033 0.078399844 0.051291241 0.373783051 0.922772401
1561000995.287747622 -53.924523 180.635089 2.086761 0.078051038 0.055746548 0.373962095 0.922470980
1561000995.390610695 -54.743328 180.362711 2.119874 0.078223541 0.062828967 0.373887974 0.922031117
1561000995.492012739 -55.554619 180.098288 2.156184 0.077484589 0.063678871 0.374370622 0.921839345
1561000995.591069937 -56.366280 179.824129 2.187924 0.078063441 0.056180845 0.374582587 0.922191790
1561000995.691839933 -57.204905 179.543823 2.204494 0.079630323 0.044164035 0.374401351 0.922785012
1561000995.791187286 -58.036370 179.261482 2.197257 0.082178944 0.038064804 0.374409716 0.922829917
1561000995.891802073 -58.858841 178.976838 2.195478 0.083642238 0.043456354 0.373687200 0.922753162
1561000995.991812706 -59.652587 178.706846 2.217949 0.085796529 0.052883429 0.373227563 0.922249145
1561000996.091159344 -60.453183 178.444300 2.240603 0.086654723 0.061376278 0.373243559 0.921636131
1561000996.191781759 -61.267314 178.181384 2.275390 0.085818926 0.061091431 0.372891333 0.921875807
1561000996.291173220 -62.088098 177.922637 2.308763 0.085509590 0.057464739 0.372799317 0.922174920
1561000996.392056227 -62.925758 177.651252 2.346081 0.085446791 0.054209651 0.372467238 0.922511960
1561000996.492157698 -63.742431 177.381997 2.361511 0.086038564 0.054897021 0.371925446 0.922634893
1561000996.591148376 -64.572339 177.113786 2.382375 0.084886237 0.056772418 0.371795240 0.922680616
1561000996.692040920 -65.401060 176.857002 2.414812 0.083533038 0.058168134 0.372021144 0.922626126
1561000996.790927887 -66.224015 176.583239 2.443245 0.082580991 0.060795992 0.372200972 0.922469871
1561000996.891875267 -67.039787 176.316024 2.480736 0.082874681 0.061204807 0.372382879 0.922343076
1561000996.991891623 -67.855280 176.050335 2.518096 0.083068563 0.059665093 0.372431517 0.922406882
1561000997.091728926 -68.665378 175.777709 2.559616 0.083721706 0.058089085 0.372910654 0.922254834
1561000997.191762447 -69.487291 175.509076 2.591967 0.084760897 0.057557064 0.372882028 0.922204841
1561000997.290721178 -70.301738 175.238294 2.620193 0.084499697 0.058305325 0.373290703 0.922016454
1561000997.390743256 -71.106030 174.971788 2.651006 0.084013982 0.058031392 0.373627252 0.921941801
1561000997.491983891 -71.922642 174.707240 2.687295 0.083804793 0.058204809 0.374047016 0.921779685
1561000997.590656757 -72.729291 174.436166 2.719654 0.084262229 0.058485460 0.373898677 0.921780401
1561000997.691978931 -73.558668 174.152726 2.745837 0.084177509 0.059530010 0.373982208 0.921687384
1561000997.791004419 -74.367548 173.884563 2.785233 0.084815906 0.059573687 0.374122733 0.921568999
1561000997.892395496 -75.176790 173.609653 2.810079 0.084650329 0.060599238 0.374499400 0.921364343
1561000997.984559536 -75.952717 173.350819 2.842744 0.084859223 0.060169370 0.374712650 0.921286594
1561000998.084117413 -76.779152 173.068325 2.880172 0.084970853 0.060364306 0.374933728 0.921173601
1561000998.184180021 -77.594492 172.804926 2.918307 0.085116616 0.059880575 0.375519706 0.920953000
1561000998.283261538 -78.388892 172.535173 2.951394 0.085724851 0.060518325 0.375705619 0.920779056
1561000998.384133339 -79.196943 172.261084 2.981428 0.085442050 0.061249836 0.375663694 0.920774078
1561000998.484097004 -79.989383 171.983938 3.012814 0.085173337 0.060563290 0.375781004 0.920796518
1561000998.583892584 -80.792367 171.714139 3.051284 0.084755936 0.059029242 0.375545731 0.921030610
1561000998.682859421 -81.594696 171.444157 3.084884 0.084468461 0.058146967 0.375996653 0.920929165
1561000998.782958746 -82.396043 171.169138 3.109750 0.084688814 0.057989522 0.376384935 0.920760230
1561000998.882682323 -83.189614 170.907777 3.139812 0.083586206 0.057931577 0.376417150 0.920851458
1561000998.984086990 -83.987864 170.648725 3.171526 0.083133730 0.058031078 0.376435899 0.920878489
1561000999.082993269 -84.762265 170.382475 3.199974 0.083441449 0.058341317 0.376791785 0.920685487
1561000999.184105873 -85.543930 170.109932 3.233249 0.083284895 0.058527517 0.376738418 0.920709683
1561000999.283425093 -86.314118 169.845283 3.266387 0.083203197 0.059268305 0.376624373 0.920716339
1561000999.384214640 -87.080190 169.587373 3.300513 0.083363946 0.059336589 0.376947225 0.920565267
1561000999.484326124 -87.845116 169.328406 3.338232 0.083214026 0.058603350 0.376763745 0.920700903
1561000999.584913254 -88.616586 169.073096 3.370208 0.083200827 0.058785919 0.376918487 0.920627119
1561000999.684185505 -89.374764 168.823849 3.392544 0.084002485 0.059674869 0.376962193 0.920479222
1561000999.782849789 -90.124561 168.571008 3.422479 0.084146135 0.059365483 0.376491764 0.920678619
1561000999.884289503 -90.879477 168.311291 3.466137 0.084181154 0.058588443 0.376459477 0.920738394
1561000999.984319210 -91.614829 168.056677 3.492450 0.085328326 0.059229698 0.375744021 0.920884005
1561001000.084141016 -92.357982 167.805140 3.524320 0.085340912 0.059469366 0.375320300 0.921040170
1561001000.184458494 -93.089210 167.558956 3.560513 0.085165247 0.059368520 0.374625713 0.921345665
1561001000.283620596 -93.810191 167.322773 3.595233 0.085153513 0.059997753 0.373774097 0.921651818
1561001000.384507418 -94.539672 167.088404 3.626890 0.085908646 0.060560027 0.372217147 0.922174920
1561001000.485103369 -95.262284 166.849456 3.659878 0.085992098 0.060707136 0.369372512 0.923300574
1561001000.584955454 -95.985870 166.621559 3.686181 0.086962970 0.061189704 0.367234779 0.924030237
1561001000.686173439 -96.714377 166.409655 3.723259 0.086655088 0.060241504 0.364191662 0.925324965
1561001000.784478664 -97.430674 166.198726 3.747641 0.086647502 0.060686625 0.360245522 0.926840066
1561001000.884636641 -98.145856 166.004792 3.784931 0.085939897 0.060349004 0.356540956 0.928359240
1561001000.986142159 -98.851616 165.809136 3.829131 0.086164575 0.060132127 0.351319949 0.930340844
1561001001.084548950 -99.549408 165.626290 3.867939 0.086614925 0.060308439 0.345246569 0.932558606
1561001001.186443329 -100.249223 165.461983 3.900741 0.086520671 0.060510650 0.338976883 0.934851489
1561001001.284759998 -100.946675 165.312928 3.939428 0.085441325 0.060074725 0.331872004 0.937524282
1561001001.386330366 -101.661245 165.179564 3.968953 0.084308471 0.059396829 0.323987352 0.940423465
1561001001.486531258 -102.372401 165.059439 4.005368 0.082448373 0.058757083 0.315858409 0.943389282
1561001001.586014509 -103.076860 164.956615 4.042440 0.080933770 0.058160138 0.308400041 0.946021426
1561001001.686326981 -103.792505 164.857364 4.083145 0.080915926 0.057687794 0.300221558 0.948678949
1561001001.786206245 -104.484139 164.767898 4.122628 0.080345852 0.057402016 0.291774174 0.951376573
1561001001.886059999 -105.174771 164.697655 4.161530 0.079671408 0.057637771 0.282558939 0.954196416
1561001001.986108780 -105.866558 164.643560 4.192165 0.079203098 0.058130960 0.272814194 0.957037134
1561001002.085974216 -106.561201 164.609513 4.226424 0.078074013 0.057304623 0.263071104 0.959903236
1561001002.186273813 -107.267539 164.588394 4.261286 0.077141015 0.056753201 0.252847857 0.962754537
1561001002.284575462 -107.965993 164.581640 4.300582 0.075817025 0.055500358 0.243162202 0.965424069
1561001002.386271238 -108.682386 164.586189 4.335644 0.074554041 0.055308908 0.233586100 0.967894702
1561001002.486663103 -109.383613 164.604777 4.372115 0.074365681 0.056085783 0.224633358 0.969981435
1561001002.584576368 -110.072935 164.627447 4.418139 0.074932919 0.056915339 0.216179922 0.971808594
1561001002.686505795 -110.776930 164.666146 4.472032 0.076733881 0.057335854 0.207600483 0.973512481
1561001002.786335945 -111.465966 164.710941 4.513796 0.079119086 0.058132420 0.200122192 0.974839423
1561001002.886293411 -112.160365 164.761352 4.554926 0.080542925 0.057466307 0.192557959 0.976284740
1561001002.986269951 -112.858192 164.821104 4.586391 0.080666503 0.056563795 0.185735744 0.977648038
1561001003.086553335 -113.555109 164.891112 4.627068 0.079978134 0.054234808 0.178744717 0.979138606
1561001003.186441898 -114.250903 164.974988 4.667251 0.080436600 0.052347476 0.172752043 0.980278750
1561001003.284529686 -114.939499 165.065347 4.711862 0.080895365 0.051729152 0.167516581 0.981182057
1561001003.386185408 -115.646501 165.157763 4.762927 0.080737316 0.052676977 0.163235958 0.981865899
1561001003.485207558 -116.332672 165.254623 4.807728 0.083050327 0.055373554 0.159271597 0.982175631
1561001003.584503174 -117.016105 165.361161 4.852620 0.083418580 0.057102172 0.156214132 0.982536425
1561001003.686105967 -117.709258 165.463315 4.896758 0.083373519 0.057303954 0.153371559 0.982976235
1561001003.785104275 -118.382320 165.556449 4.940123 0.083504582 0.055633210 0.150796514 0.983459375
1561001003.887629747 -119.068710 165.653953 4.989572 0.082954067 0.053256033 0.149274925 0.983869612
1561001003.984642029 -119.746580 165.760396 5.035471 0.084222329 0.050843888 0.148150714 0.984059380
1561001004.084979057 -120.439478 165.867265 5.072358 0.084439381 0.050762106 0.147488571 0.984144461
1561001004.186522007 -121.112006 165.964251 5.113266 0.084005506 0.051008382 0.146606485 0.984300644
1561001004.285167694 -121.770375 166.069731 5.149899 0.083378183 0.051756277 0.146515440 0.984328498
1561001004.386288166 -122.433473 166.176934 5.194641 0.083005476 0.052821077 0.146709982 0.984274457
1561001004.485669851 -123.082233 166.279724 5.242612 0.083897728 0.054183837 0.147094257 0.984067357
1561001004.586616039 -123.735385 166.374747 5.297044 0.084742426 0.055841616 0.147406297 0.983855588
1561001004.686793089 -124.374446 166.464585 5.336737 0.085577988 0.058049342 0.147306468 0.983670415
1561001004.785786629 -124.991854 166.557642 5.380374 0.085105135 0.059025003 0.148000786 0.983549151
1561001004.886181116 -125.633444 166.660495 5.425732 0.083833065 0.059119633 0.148784765 0.983534433
1561001004.984526634 -126.258089 166.759029 5.474817 0.082644033 0.058565508 0.148441855 0.983720011
1561001005.086465597 -126.873991 166.856777 5.529800 0.082789599 0.057323103 0.148620230 0.983754020
1561001005.186216593 -127.459415 166.938862 5.579281 0.082883748 0.056276553 0.148334754 0.983849600
1561001005.284398317 -128.030331 167.023311 5.622142 0.084514870 0.056159047 0.147566194 0.983833124
1561001005.386128187 -128.607205 167.111475 5.659251 0.084463542 0.056256872 0.147616498 0.983824397
1561001005.485214233 -129.155311 167.193672 5.694502 0.084202942 0.055924925 0.146858854 0.983979037
1561001005.586306572 -129.697615 167.280013 5.731213 0.083803859 0.056387530 0.146735302 0.984005138
1561001005.686416626 -130.222684 167.360188 5.769761 0.082762742 0.055851258 0.146285525 0.984190790
1561001005.784831524 -130.735528 167.446277 5.811002 0.083034609 0.055382663 0.145989185 0.984238372
1561001005.886323929 -131.252393 167.527632 5.853954 0.083953440 0.054522863 0.145617389 0.984263508
1561001005.984700203 -131.734680 167.599418 5.886477 0.084745686 0.053885124 0.145019725 0.984318973
1561001006.086145401 -132.220390 167.676645 5.915030 0.084201677 0.053986042 0.144969423 0.984367539
1561001006.186124802 -132.688280 167.752985 5.943796 0.082832213 0.053460255 0.144695944 0.984552644
1561001006.284197569 -133.141336 167.829180 5.977106 0.081956707 0.053684200 0.144239149 0.984680747
1561001006.386202574 -133.590195 167.902343 6.014550 0.082455836 0.054418441 0.143703002 0.984677163
1561001006.485046625 -134.007684 167.973397 6.053469 0.084330664 0.054625123 0.143111751 0.984593044
1561001006.586048841 -134.416323 168.040712 6.080977 0.084840110 0.053862282 0.142918652 0.984619352
1561001006.686694145 -134.797998 168.103567 6.101170 0.084818419 0.054962815 0.142150844 0.984671551
1561001006.786047935 -135.162763 168.176635 6.115899 0.083779141 0.057700068 0.140910682 0.984782178
1561001006.887555599 -135.545075 168.246182 6.146458 0.082092016 0.059013106 0.139131319 0.985099401
1561001006.985695839 -135.899729 168.312922 6.177587 0.080992863 0.057003999 0.136681291 0.985651523
1561001007.086557388 -136.277912 168.390961 6.218799 0.082505325 0.055325296 0.134069095 0.985980457
1561001007.187033415 -136.641986 168.462584 6.257131 0.085121721 0.057755468 0.130660431 0.986076290
1561001007.284661293 -136.980378 168.534736 6.300735 0.088127915 0.063984357 0.127024991 0.985902695
1561001007.386380672 -137.324374 168.614593 6.340538 0.088760885 0.071149446 0.122859799 0.985882717
1561001007.485439539 -137.652080 168.696791 6.370871 0.086678546 0.075152929 0.118855468 0.986261753
1561001007.585498571 -137.992450 168.790503 6.398829 0.085258874 0.076601510 0.114897090 0.986743022
1561001007.686360836 -138.333397 168.886461 6.422731 0.085424392 0.078017218 0.110299978 0.987142291
1561001007.785144091 -138.671403 168.970442 6.450633 0.086352543 0.077082736 0.106307305 0.987572907
1561001007.885955811 -139.013958 169.059546 6.471254 0.085996678 0.074474614 0.102278538 0.988229328
1561001007.984122753 -139.346623 169.155777 6.495224 0.082861492 0.069450508 0.098233832 0.989272821
1561001008.085806370 -139.702964 169.269389 6.515669 0.078928921 0.065175432 0.093894616 0.990306109
1561001008.185726166 -140.055843 169.372996 6.550813 0.076162301 0.055635337 0.089991036 0.991466402
1561001008.285509348 -140.414625 169.473685 6.571464 0.074977126 0.048170049 0.086237179 0.992280820
1561001008.386263609 -140.741998 169.581506 6.582481 0.072021055 0.043581327 0.082407137 0.993037109
1561001008.484771729 -141.052989 169.700827 6.595294 0.068335495 0.044171802 0.078232065 0.993609006
1561001008.586199284 -141.354658 169.817224 6.636336 0.066010415 0.048215674 0.074032240 0.993899945
1561001008.686268806 -141.645494 169.933428 6.689190 0.067352198 0.051094577 0.070073610 0.993953075
1561001008.785772085 -141.938890 170.033527 6.732733 0.069967355 0.051974313 0.066455440 0.993975309
1561001008.886486530 -142.219003 170.133108 6.759716 0.071942593 0.052219441 0.063445743 0.994018124
1561001008.984809399 -142.497481 170.231280 6.764818 0.073585330 0.053785847 0.060898416 0.993973674
1561001009.087753057 -142.782903 170.329684 6.765245 0.073960206 0.056773209 0.058666551 0.993913943
1561001009.187955141 -143.033284 170.443979 6.754645 0.073542939 0.061521366 0.057866188 0.993709244
1561001009.286217213 -143.282164 170.546560 6.761175 0.071300014 0.066177030 0.057952334 0.993568536
1561001009.387725353 -143.529423 170.647169 6.796123 0.067784290 0.066907854 0.057821814 0.993773247
1561001009.486407995 -143.760912 170.738483 6.837432 0.068191498 0.064381495 0.058667313 0.993862711
1561001009.587465048 -144.009822 170.809072 6.876987 0.069511902 0.061107172 0.061006830 0.993837097
1561001009.687361002 -144.241261 170.871063 6.902757 0.072554613 0.058756499 0.062897724 0.993643487
1561001009.787178755 -144.453620 170.926920 6.912397 0.074634222 0.058070271 0.065293534 0.993375222
1561001009.887289286 -144.651485 170.973885 6.920258 0.074949486 0.059226468 0.068376637 0.993075745
1561001009.986159563 -144.808973 171.015097 6.930380 0.075387463 0.061227417 0.070254704 0.992790114
1561001010.086577654 -144.953489 171.055310 6.946235 0.076086011 0.062333630 0.072970635 0.992472027
1561001010.188104868 -145.092776 171.083627 6.959775 0.077072979 0.062600919 0.076112131 0.992143046
1561001010.286673069 -145.207870 171.104680 6.970550 0.076998364 0.062054711 0.078405195 0.992004582
1561001010.388260841 -145.312590 171.130727 6.973983 0.077113946 0.062266714 0.080899516 0.991782014
1561001010.486746311 -145.403202 171.148449 6.976889 0.076877127 0.062947561 0.083279805 0.991560379
1561001010.588370800 -145.459232 171.173790 6.980120 0.077105749 0.063943721 0.085027896 0.991330500
1561001010.689369678 -145.523801 171.185417 6.987661 0.076875722 0.064044807 0.087007560 0.991170051
1561001010.789109945 -145.590424 171.198274 6.995491 0.076790908 0.064283114 0.088493292 0.991029654
1561001010.888892889 -145.644602 171.211112 7.003387 0.077011530 0.063838801 0.089735721 0.990929529
1561001010.988343000 -145.699734 171.215348 7.009099 0.077020839 0.063899789 0.091147403 0.990796022
1561001011.088702917 -145.737379 171.219713 7.010053 0.077041182 0.063910517 0.091884907 0.990725626
1561001011.188750744 -145.758889 171.224339 7.011445 0.077065240 0.064261362 0.092300392 0.990662437
1561001011.287417412 -145.773470 171.229356 7.010596 0.077258305 0.064611232 0.092472503 0.990608590
1561001011.388892174 -145.765923 171.226614 7.008886 0.077073086 0.064500744 0.092904014 0.990589843
1561001011.488420486 -145.761993 171.229092 7.006984 0.077225993 0.064802477 0.092421982 0.990603332
1561001011.588775158 -145.744356 171.230941 7.008644 0.077232661 0.065429876 0.092496530 0.990554612
1561001011.689348459 -145.725542 171.229442 7.013004 0.077212908 0.065786648 0.092514432 0.990530849
1561001011.788794518 -145.711964 171.227164 7.013934 0.077337687 0.066291608 0.092424561 0.990495838
1561001011.889159441 -145.709300 171.231753 7.013503 0.077533257 0.066331225 0.092513436 0.990469599
1561001011.989153385 -145.708835 171.234777 7.014217 0.077624099 0.065865324 0.092781240 0.990468525
1561001012.088875771 -145.711129 171.231208 7.012312 0.077330261 0.065955313 0.092830148 0.990480939
1561001012.187576056 -145.716778 171.234200 7.011822 0.077409894 0.065837437 0.092915816 0.990474528
1561001012.287864685 -145.727923 171.237586 7.011362 0.077338475 0.065972757 0.093146828 0.990449405
1561001012.388856411 -145.738486 171.239289 7.012078 0.077574909 0.065974970 0.093440189 0.990403134
1561001012.487510920 -145.742608 171.234471 7.011537 0.077261377 0.065936149 0.093255486 0.990447635
1561001012.589137793 -145.746133 171.237815 7.012076 0.077434471 0.065982126 0.093518905 0.990406218
1561001012.689310074 -145.749197 171.243828 7.014074 0.077459787 0.065838420 0.093574078 0.990408590
1561001012.789607286 -145.744363 171.242697 7.015010 0.077598101 0.066002008 0.093522298 0.990391766
1561001012.889276743 -145.749664 171.239012 7.014334 0.077584175 0.065982931 0.093682427 0.990378994
1561001012.988078833 -145.735958 171.241767 7.014994 0.077588826 0.065877028 0.093553683 0.990397849
1561001013.089468002 -145.745243 171.242207 7.013887 0.077553393 0.065956334 0.093487629 0.990401583
1561001013.189131260 -145.747350 171.245459 7.012883 0.077607098 0.065996306 0.093551637 0.990388670
1561001013.289026499 -145.748421 171.242426 7.011409 0.077439842 0.065891610 0.093689209 0.990395728
1561001013.388990879 -145.747844 171.240486 7.012698 0.077696257 0.066108605 0.093417151 0.990386884
1561001013.487493753 -145.750753 171.237415 7.013855 0.077510719 0.066070651 0.093591718 0.990387474
1561001013.588990927 -145.755623 171.240460 7.014645 0.077492066 0.066186121 0.093669227 0.990373896
1561001013.690579414 -145.754020 171.240548 7.014271 0.077557289 0.066064627 0.093694894 0.990374474
1561001013.790483952 -145.756271 171.241435 7.014213 0.077510539 0.065975100 0.093898588 0.990364810
1561001013.890450239 -145.741289 171.241725 7.014741 0.077481694 0.065881658 0.093491259 0.990411823
1561001013.989123821 -145.738378 171.244893 7.015372 0.077503903 0.065899946 0.093680464 0.990390990
1561001014.091803074 -145.740544 171.238693 7.013047 0.077548462 0.066052344 0.093697484 0.990375740
1561001014.191874743 -145.739858 171.236234 7.013633 0.077466485 0.065794285 0.093779394 0.990391580
1561001014.290810585 -145.748154 171.238970 7.015063 0.077560758 0.065932179 0.093817412 0.990371430
1561001014.391991377 -145.747599 171.239401 7.015827 0.077594847 0.065833116 0.093859996 0.990371315
1561001014.490945578 -145.748811 171.234829 7.017110 0.077438628 0.065630861 0.093676694 0.990414320
1561001014.592012167 -145.744003 171.238188 7.015989 0.077466033 0.065798560 0.093714891 0.990397437
1561001014.692126036 -145.743601 171.240965 7.016722 0.077476118 0.065851836 0.093930272 0.990372703
1561001014.791890860 -145.745200 171.241900 7.015269 0.077514857 0.065827171 0.093923776 0.990371928
1561001014.891716003 -145.749875 171.246696 7.014445 0.077614412 0.065844314 0.093894618 0.990365756
1561001014.990618706 -145.750182 171.241792 7.015911 0.077641455 0.065714389 0.093882982 0.990373369
1561001015.091563225 -145.754511 171.243555 7.014595 0.077505632 0.065820076 0.093936877 0.990371878
1561001015.191788197 -145.756087 171.245013 7.015089 0.077503166 0.065942382 0.093865845 0.990370670
1561001015.290960550 -145.753248 171.239868 7.016159 0.077552129 0.065793800 0.093739050 0.990388729
1561001015.392151356 -145.747751 171.239598 7.015155 0.077553017 0.065868962 0.093824599 0.990375562
1561001015.492509127 -145.742364 171.241467 7.014552 0.077414081 0.065759349 0.093936675 0.990383092
1561001015.592401981 -145.740861 171.243954 7.014395 0.077546922 0.065753686 0.093953754 0.990371455
1561001015.691495180 -145.738462 171.241100 7.014037 0.077505612 0.065872436 0.093898871 0.990372003
1561001015.790975332 -145.736407 171.241631 7.012548 0.077627456 0.065985596 0.093830029 0.990361452
1561001015.891897917 -145.733084 171.242688 7.012106 0.077553797 0.065786569 0.093814079 0.990381974
1561001015.990660667 -145.739033 171.243038 7.012689 0.077601958 0.065945535 0.093880461 0.990361339
1561001016.092030048 -145.742407 171.240487 7.011021 0.077613092 0.066013390 0.093918408 0.990352348
1561001016.190917730 -145.745893 171.243163 7.010327 0.077688985 0.065986107 0.093815205 0.990357997
1561001016.292119503 -145.747818 171.245721 7.012855 0.077747383 0.065906974 0.094135271 0.990328312
1561001016.392023563 -145.737295 171.243702 7.014405 0.077729047 0.065764108 0.093842275 0.990367056
1561001016.490915298 -145.733730 171.244789 7.013151 0.077731139 0.065906378 0.093916394 0.990350408
1561001016.592010736 -145.725781 171.241858 7.012006 0.077692483 0.065878280 0.093764753 0.990369679
1561001016.690917730 -145.727829 171.242400 7.014100 0.077658575 0.065788699 0.093790549 0.990375851
1561001016.792147160 -145.732879 171.244496 7.015624 0.077630065 0.065859517 0.093879488 0.990364952
1561001016.891812325 -145.732716 171.241597 7.014334 0.077579141 0.065894623 0.093965871 0.990358415
1561001016.990856171 -145.740188 171.241276 7.014698 0.077659316 0.065747708 0.093947021 0.990363684
1561001017.091044426 -145.741436 171.243137 7.015868 0.077673914 0.065964307 0.094060009 0.990337411
1561001017.190616369 -145.742319 171.239784 7.014810 0.077731847 0.066137360 0.094105173 0.990317033
1561001017.291862249 -145.745925 171.241950 7.016152 0.077837083 0.066499026 0.094427939 0.990253822
1561001017.391887426 -145.748583 171.247011 7.018428 0.078053870 0.066246382 0.094542742 0.990242738
1561001017.490731001 -145.748532 171.247217 7.018232 0.077690361 0.066224192 0.094620998 0.990265334
1561001017.591810465 -145.765479 171.249333 7.016503 0.077934703 0.066479811 0.095092087 0.990183878
1561001017.691565514 -145.784672 171.251360 7.018942 0.077785653 0.066319727 0.095720158 0.990145816
1561001017.790792227 -145.798221 171.256494 7.019466 0.078076729 0.066975722 0.096180581 0.990034127
1561001017.892034292 -145.825393 171.262292 7.019345 0.078086595 0.067406569 0.096919349 0.989932057
1561001017.990814686 -145.846827 171.265565 7.026280 0.078121296 0.067323535 0.097829123 0.989845477
1561001018.092070818 -145.879972 171.274575 7.029779 0.077889472 0.067077632 0.098639582 0.989800007
1561001018.191148043 -145.922643 171.284121 7.034404 0.078040655 0.067149972 0.099864108 0.989660395
1561001018.291330338 -145.968757 171.293516 7.036102 0.078071119 0.067483840 0.101096906 0.989510105
1561001018.392001390 -146.036133 171.299960 7.040731 0.078286780 0.067710433 0.102787005 0.989303446
1561001018.491668701 -146.092007 171.308849 7.046476 0.078229494 0.067805863 0.103915338 0.989183559
1561001018.591997862 -146.164958 171.320784 7.053240 0.078499382 0.068039088 0.105539526 0.988974185
1561001018.691225290 -146.238644 171.333002 7.059069 0.078542998 0.068004938 0.107439974 0.988768415
1561001018.791846275 -146.318696 171.349682 7.065617 0.078651866 0.068274145 0.108777721 0.988594928
1561001018.891655207 -146.404769 171.369166 7.071511 0.078525455 0.068653190 0.110767382 0.988357769
1561001018.990707874 -146.487421 171.385724 7.076591 0.078690360 0.069402792 0.113100141 0.988028055
1561001019.091928482 -146.594262 171.402402 7.086306 0.078696431 0.069489120 0.115115185 0.987788757
1561001019.191161871 -146.719593 171.418183 7.101009 0.079376713 0.069425157 0.117959686 0.987403159
1561001019.291254997 -146.844755 171.430155 7.112101 0.079503028 0.068737258 0.121091685 0.987061934
1561001019.391832352 -146.974358 171.442746 7.121384 0.079738819 0.068381824 0.124541458 0.986638268
1561001019.490834713 -147.104538 171.455737 7.130525 0.079627260 0.068794388 0.128464257 0.986115493
1561001019.591900826 -147.255587 171.471386 7.142948 0.079713081 0.069189136 0.133191817 0.985453514
1561001019.690919399 -147.399703 171.486629 7.158236 0.080005138 0.068802304 0.138602136 0.984710551
1561001019.792137384 -147.555387 171.490601 7.168302 0.080064018 0.068686544 0.144687579 0.983838105
1561001019.891392469 -147.731107 171.495862 7.181166 0.079255295 0.068939982 0.152535663 0.982699725
1561001019.991666555 -147.915749 171.495737 7.193980 0.078060132 0.070355371 0.160588834 0.981411210
1561001020.091975451 -148.101323 171.487375 7.214623 0.077675182 0.071146747 0.170130009 0.979775733
1561001020.191069603 -148.291078 171.476050 7.232563 0.078425353 0.071823198 0.179841575 0.977930417
1561001020.291010857 -148.478674 171.452141 7.246400 0.079204089 0.072694166 0.189757325 0.975927471
1561001020.391906977 -148.681991 171.425414 7.257120 0.079453770 0.073487999 0.200622867 0.973671956
1561001020.490751505 -148.903827 171.398702 7.269093 0.078972057 0.073840167 0.212425168 0.971177940
1561001020.591746330 -149.109508 171.361006 7.283505 0.077809390 0.074713695 0.224530990 0.968477876
1561001020.691078186 -149.317636 171.323010 7.291549 0.075833230 0.075645593 0.238005458 0.965339561
1561001020.791775703 -149.536755 171.268420 7.301466 0.072508739 0.076027388 0.250814517 0.962317202
1561001020.891840219 -149.780595 171.219052 7.321904 0.070554871 0.076622388 0.265146485 0.958565784
1561001020.990699530 -149.995579 171.166156 7.350705 0.070273908 0.076851775 0.279059791 0.954610400
1561001021.091811180 -150.240225 171.088061 7.375266 0.071243002 0.076912277 0.293727727 0.950122602
1561001021.191092253 -150.461311 171.002190 7.396683 0.073567563 0.075890953 0.308025179 0.945488691
1561001021.291859627 -150.709719 170.898856 7.407136 0.075107143 0.074395410 0.324722244 0.939882814
1561001021.391914129 -150.943531 170.780942 7.401480 0.075721299 0.073494141 0.339636187 0.934618723
1561001021.490903616 -151.175978 170.671887 7.401037 0.074718434 0.073432886 0.356099909 0.928556741
1561001021.592318058 -151.428716 170.541388 7.414506 0.072776741 0.073392330 0.371746486 0.922562552
1561001021.691451311 -151.681444 170.402348 7.440323 0.072528620 0.072308033 0.387822830 0.916026528
1561001021.791908741 -151.940866 170.257449 7.458787 0.073234536 0.071627971 0.404640593 0.908720049
1561001021.892222881 -152.170943 170.094531 7.457336 0.072842479 0.072664590 0.420738400 0.901328480
1561001021.992000341 -152.407571 169.933248 7.467309 0.070293450 0.073503787 0.436863893 0.893759455
1561001022.091892242 -152.652731 169.756096 7.476078 0.068028057 0.073941517 0.453232211 0.885711803
1561001022.190582752 -152.903194 169.571155 7.493960 0.067052697 0.072865415 0.469950347 0.877120994
1561001022.291969538 -153.146818 169.369423 7.513001 0.067377988 0.071230149 0.486452251 0.868188160
1561001022.391752481 -153.373075 169.160442 7.527066 0.068331589 0.070739073 0.501841743 0.859349546
1561001022.491465092 -153.604321 168.918229 7.528259 0.068657209 0.071439588 0.517204225 0.850107265
1561001022.592014551 -153.826371 168.674166 7.526037 0.067832523 0.072889958 0.531735997 0.841036641
1561001022.691372156 -154.049264 168.424011 7.511636 0.065306441 0.073502648 0.545494967 0.832326661
1561001022.791198730 -154.269890 168.179914 7.509380 0.060607112 0.073934197 0.559071384 0.823589521
1561001022.892334223 -154.492629 167.923071 7.527260 0.057669586 0.073945802 0.572668085 0.814406226
1561001022.990995884 -154.712144 167.670752 7.561114 0.056613874 0.074030885 0.585408879 0.805363733
1561001023.092298985 -154.929207 167.380749 7.597011 0.058526425 0.075977315 0.597879658 0.795827883
1561001023.190953255 -155.113990 167.087466 7.599877 0.060557926 0.079382236 0.608379905 0.787340517
1561001023.291858673 -155.305106 166.787115 7.596223 0.060034498 0.082326806 0.618616447 0.779058308
1561001023.392302036 -155.490560 166.488112 7.580865 0.057336171 0.085634209 0.627613283 0.771674097
1561001023.491256237 -155.693511 166.176587 7.581123 0.053335424 0.086498653 0.636414688 0.764623869
1561001023.592007160 -155.890310 165.866153 7.598971 0.052424422 0.082314324 0.644462828 0.758382288
1561001023.691043377 -156.089879 165.553058 7.622067 0.053707593 0.077377553 0.651987836 0.752356345
1561001023.792043447 -156.285144 165.212857 7.633815 0.057282929 0.072911322 0.658276289 0.747044130
1561001023.892089367 -156.471387 164.866471 7.609078 0.060349904 0.068065270 0.663182352 0.742909265
1561001023.991906404 -156.672083 164.500358 7.577984 0.063455778 0.063305630 0.667849594 0.738879342
1561001024.091767550 -156.872869 164.123706 7.563606 0.065512864 0.056464963 0.671247677 0.736170040
1561001024.190478563 -157.084884 163.744370 7.545860 0.063117519 0.051109406 0.674531946 0.733764718
1561001024.291796446 -157.306275 163.358542 7.544591 0.060177820 0.051155584 0.677265502 0.731486963
1561001024.392264605 -157.546639 162.972744 7.565726 0.058162833 0.053936342 0.679957212 0.728948658
1561001024.490728378 -157.773030 162.586802 7.575294 0.057510837 0.059065238 0.682691226 0.726041659
1561001024.593524456 -157.997642 162.194562 7.579137 0.058815729 0.064301549 0.684586818 0.723703606
1561001024.683430195 -158.202894 161.817005 7.565296 0.060421951 0.068031277 0.685871377 0.722012041
1561001024.784059286 -158.425605 161.389361 7.539760 0.060889315 0.070109981 0.687235237 0.720475406
1561001024.884156942 -158.648837 160.964936 7.511061 0.058650288 0.068958296 0.688569721 0.719497488
1561001024.984085083 -158.886315 160.537751 7.510402 0.056420388 0.065077746 0.689844938 0.718815406
1561001025.083487511 -159.132481 160.099550 7.519579 0.055646186 0.062845373 0.690992009 0.717972148
1561001025.182974815 -159.378614 159.648660 7.531917 0.057438585 0.063055451 0.692283012 0.716567548
1561001025.282843590 -159.623788 159.188173 7.526790 0.059765196 0.064562362 0.693195161 0.715360253
1561001025.383862734 -159.862737 158.720779 7.500836 0.059620090 0.066169933 0.693807574 0.714631398
1561001025.482723713 -160.095716 158.268224 7.477771 0.058254596 0.066298179 0.694289808 0.714263688
1561001025.583863735 -160.333723 157.799602 7.465722 0.056327674 0.065079626 0.694818654 0.714016018
1561001025.683580160 -160.591142 157.329517 7.470308 0.055848199 0.063815108 0.695272470 0.713726000
1561001025.783916235 -160.861580 156.852908 7.477492 0.057167054 0.063505478 0.695334909 0.713588359
1561001025.884295464 -161.133624 156.365885 7.474190 0.058914576 0.063950048 0.694816691 0.713911220
1561001025.984165907 -161.391921 155.876684 7.453728 0.058740986 0.063894323 0.693567485 0.715144151
1561001026.084345579 -161.665016 155.378065 7.443416 0.057816606 0.063266409 0.692560985 0.716249875
1561001026.182954311 -161.946255 154.884758 7.437910 0.056749697 0.062613233 0.691847579 0.717081573
1561001026.283938646 -162.244349 154.371709 7.435765 0.056760902 0.061992638 0.691135183 0.717821197
1561001026.383793831 -162.529958 153.860795 7.434348 0.057626336 0.061869010 0.690367986 0.718500852
1561001026.483632088 -162.828140 153.334874 7.427609 0.058139146 0.062073212 0.689438105 0.719334314
1561001026.583564520 -163.118614 152.814086 7.418363 0.058466062 0.062042582 0.688516502 0.720192657
1561001026.682362556 -163.415470 152.282272 7.399896 0.057360609 0.063168902 0.687676931 0.720985359
1561001026.783733606 -163.729501 151.750201 7.393685 0.057154532 0.063025117 0.687031669 0.721629184
1561001026.883764982 -164.035677 151.225513 7.391573 0.056813423 0.063023087 0.685738937 0.722884801
1561001026.983581543 -164.347457 150.680037 7.378958 0.057142599 0.062994507 0.684892722 0.723663164
1561001027.083493233 -164.666457 150.136958 7.370193 0.057331890 0.062264872 0.683867497 0.724680197
1561001027.182608604 -164.972146 149.592892 7.360296 0.057986447 0.061753146 0.682871966 0.725610087
1561001027.283847570 -165.297931 149.029140 7.352012 0.057957242 0.060633230 0.682062959 0.726467266
1561001027.384040833 -165.638213 148.458002 7.344715 0.057728151 0.060719616 0.681015870 0.727459946
1561001027.483074427 -165.981292 147.897371 7.337091 0.057178202 0.060849457 0.680465431 0.728007413
1561001027.584723234 -166.330343 147.318495 7.328178 0.057030293 0.061245551 0.679402177 0.728978196
1561001027.682981491 -166.666982 146.748620 7.323156 0.056485690 0.061216401 0.678791882 0.729591324
1561001027.784042597 -167.027911 146.166083 7.311530 0.055952449 0.061800742 0.677994857 0.730323877
1561001027.883742809 -167.375797 145.581594 7.296376 0.055095394 0.062281721 0.676835175 0.731423018
1561001027.982734203 -167.736351 144.987694 7.292540 0.055135333 0.061504017 0.675934234 0.732318416
1561001028.083581209 -168.100887 144.390165 7.283048 0.054926741 0.061578502 0.675150071 0.733050833
1561001028.182401419 -168.470342 143.795888 7.278715 0.054887366 0.061836315 0.674197575 0.733908221
1561001028.283248901 -168.852495 143.187723 7.271860 0.055036403 0.062077084 0.673221901 0.734771870
1561001028.383744240 -169.235647 142.580744 7.268381 0.054790155 0.062119517 0.672547129 0.735404354
1561001028.482474804 -169.610665 141.966286 7.264035 0.054238141 0.062180267 0.671877403 0.736052032
1561001028.583679914 -169.998689 141.361543 7.258094 0.054625005 0.062493243 0.670947780 0.736844475
1561001028.682441473 -170.378910 140.752678 7.253533 0.054592305 0.063325633 0.669998661 0.737639030
1561001028.783564568 -170.773808 140.131749 7.251505 0.054390133 0.063768575 0.669245841 0.738298914
1561001028.883728266 -171.165682 139.514611 7.249925 0.054449974 0.064390367 0.668266475 0.739127188
1561001028.983829975 -171.548358 138.897663 7.240418 0.054053534 0.064558560 0.667199447 0.740104929
1561001029.083940744 -171.947568 138.280621 7.237901 0.053877816 0.063699521 0.666468020 0.740850815
1561001029.183998823 -172.341997 137.665795 7.243402 0.053680948 0.062590658 0.665149420 0.742143527
1561001029.283761024 -172.755353 137.038707 7.248700 0.056525302 0.061239489 0.665068851 0.742117267
1561001029.383507729 -173.146722 136.416884 7.260584 0.060891873 0.060586145 0.664409638 0.742415875
1561001029.482422590 -173.545913 135.791901 7.238458 0.066577090 0.060420059 0.664151762 0.742172045
1561001029.583455324 -173.935444 135.170898 7.204026 0.067122647 0.060405139 0.663266246 0.742915646
1561001029.682471037 -174.325800 134.566314 7.181415 0.062750801 0.062356938 0.662052562 0.744217948
1561001029.783788204 -174.738589 133.951701 7.180753 0.058372535 0.065979736 0.661531046 0.744725450
1561001029.883648634 -175.152268 133.346579 7.204089 0.058232322 0.069470866 0.660686738 0.745168323
1561001029.982813120 -175.547375 132.734325 7.215140 0.060339529 0.070526479 0.659912043 0.745587857
1561001030.083766460 -175.944997 132.123869 7.214494 0.063588458 0.067194640 0.659885623 0.745648947
1561001030.182829857 -176.343804 131.516636 7.199402 0.066549863 0.062717881 0.659414457 0.746197130
1561001030.283693790 -176.751248 130.890501 7.177633 0.067106060 0.060369005 0.658404302 0.747232317
1561001030.383532047 -177.168094 130.274658 7.164607 0.065505875 0.060286541 0.657872898 0.747848757
1561001030.484431028 -177.596192 129.653284 7.165002 0.065129912 0.062975282 0.656896299 0.748518177
1561001030.583477974 -178.001533 129.053148 7.166627 0.066420140 0.065215936 0.655620992 0.749330609
1561001030.682173967 -178.402885 128.462236 7.160294 0.064984939 0.065067123 0.654689833 0.750282913
1561001030.784224749 -178.827947 127.848507 7.157796 0.063020542 0.063460316 0.653605257 0.751532679
1561001030.884786606 -179.260113 127.239356 7.157242 0.062123138 0.062561507 0.652776212 0.752402812
1561001030.984553576 -179.694280 126.626283 7.160988 0.062390789 0.062399042 0.651902187 0.753151570
1561001031.084239006 -180.122464 126.012333 7.152494 0.060915165 0.062361013 0.651177314 0.753902217
1561001031.182499409 -180.553699 125.408234 7.150030 0.060313702 0.061997035 0.650445373 0.754612114
1561001031.282992601 -180.998400 124.793640 7.145699 0.059858138 0.060788964 0.649580437 0.755491205
1561001031.384526730 -181.438471 124.171629 7.137568 0.059588089 0.059833120 0.648173161 0.756796413
1561001031.484557390 -181.871440 123.561833 7.135623 0.059677928 0.059267621 0.647039766 0.757803032
1561001031.584525108 -182.316407 122.943937 7.133069 0.060236385 0.060380193 0.645567471 0.758925853
1561001031.682759285 -182.758405 122.333332 7.124115 0.060121077 0.061483908 0.644074777 0.760113720
1561001031.784438610 -183.218546 121.719513 7.117625 0.059517022 0.062323129 0.642736775 0.761224665
1561001031.884510040 -183.673285 121.111433 7.113106 0.059338382 0.062604219 0.640918581 0.762747036
1561001031.982612133 -184.120190 120.512742 7.116114 0.060208506 0.061973737 0.639216746 0.764157146
1561001032.084543467 -184.584510 119.896704 7.116651 0.061483720 0.062013447 0.637497989 0.765487034
1561001032.184772015 -185.046019 119.289022 7.115060 0.062678843 0.062067595 0.635440492 0.767094751
1561001032.284749508 -185.518929 118.678997 7.114237 0.062708651 0.062198971 0.633604663 0.768598754
1561001032.383053064 -185.995315 118.076564 7.109221 0.062612148 0.062356875 0.631466120 0.770351789
1561001032.484600067 -186.483696 117.466517 7.105198 0.062684133 0.063047754 0.629493665 0.771902459
1561001032.584528208 -186.970838 116.855728 7.101523 0.062691593 0.063126600 0.627346635 0.773641387
1561001032.684642315 -187.458131 116.250879 7.100105 0.062666206 0.062555216 0.625382760 0.775278140
1561001032.784624338 -187.957137 115.647996 7.103614 0.062902380 0.061814411 0.623323694 0.776974801
1561001032.884482861 -188.456767 115.043746 7.104869 0.063336998 0.061842473 0.621240705 0.778603827
1561001032.984437704 -188.963399 114.441897 7.104328 0.064278001 0.062122001 0.619321341 0.780032225
1561001033.084437132 -189.472036 113.836878 7.107535 0.064190262 0.062749483 0.617201662 0.781667590
1561001033.182887554 -189.979336 113.247461 7.112100 0.064268855 0.063607091 0.615246594 0.783131713
1561001033.284401655 -190.501106 112.646061 7.113033 0.063367702 0.064981768 0.613269277 0.784641764
1561001033.384232521 -191.020337 112.047424 7.116759 0.063450766 0.065871847 0.611298248 0.786097546
1561001033.484555006 -191.540338 111.454464 7.119237 0.063361982 0.066469027 0.609800831 0.787216663
1561001033.586239815 -192.066972 110.859533 7.130534 0.063288830 0.066137437 0.608219878 0.788472539
1561001033.685162067 -192.592326 110.269466 7.139258 0.063029331 0.066377179 0.606627090 0.789699276
1561001033.786155939 -193.130160 109.669703 7.149438 0.063560641 0.066631405 0.604926322 0.790938965
1561001033.884553194 -193.658256 109.075972 7.154520 0.063165346 0.066567278 0.603393297 0.792146114
1561001033.986463070 -194.206092 108.475821 7.168032 0.063653558 0.065943246 0.602130496 0.793119523
1561001034.086306572 -194.746416 107.889626 7.179508 0.064264044 0.065493477 0.600397194 0.794420510
1561001034.184576511 -195.289175 107.303795 7.185959 0.064436655 0.065813826 0.598702796 0.795657854
1561001034.286199570 -195.850623 106.701336 7.198478 0.064803930 0.065981448 0.597089316 0.796825733
1561001034.385314703 -196.402424 106.109481 7.204427 0.064813995 0.066452481 0.595539603 0.797944732
1561001034.485735893 -196.957468 105.519196 7.217555 0.065313546 0.066435146 0.594015975 0.799040383
1561001034.585570812 -197.513238 104.939556 7.225732 0.065721105 0.066777090 0.592141942 0.800368338
1561001034.685150146 -198.073062 104.354911 7.242372 0.066594108 0.066368797 0.590499026 0.801543079
1561001034.785887003 -198.645168 103.763633 7.250705 0.067103284 0.066346471 0.588799263 0.802751968
1561001034.885006905 -199.215152 103.178347 7.265852 0.068122335 0.066778816 0.587377796 0.803671116
1561001034.985762119 -199.791949 102.588606 7.275751 0.068496061 0.067842667 0.585587611 0.804855771
1561001035.085786581 -200.375225 101.993367 7.284729 0.068608828 0.069015173 0.583991309 0.805905630
1561001035.184232473 -200.950165 101.423918 7.303864 0.068747614 0.069265570 0.582438974 0.806994974
1561001035.285921812 -201.544979 100.835979 7.316956 0.068893378 0.069554361 0.580420355 0.808410852
1561001035.384994984 -202.133557 100.257798 7.332162 0.069786684 0.069148327 0.578737696 0.809574584
1561001035.485539913 -202.727448 99.669578 7.347847 0.069779446 0.068732541 0.576974506 0.810868107
1561001035.586358786 -203.328060 99.091002 7.359027 0.069319748 0.068838634 0.574853480 0.812403527
1561001035.684487343 -203.935609 98.524329 7.371603 0.066819976 0.067834642 0.572566469 0.814310255
1561001035.786295891 -204.563450 97.949676 7.397647 0.067883906 0.068307625 0.570047104 0.815948616
1561001035.885354519 -205.184971 97.374577 7.425409 0.069693374 0.069980664 0.567446133 0.817465856
1561001035.986364841 -205.807395 96.802040 7.441436 0.069759374 0.072279358 0.564962263 0.818979221
1561001036.086345434 -206.430533 96.232306 7.459949 0.069180567 0.072884667 0.562643456 0.820569446
1561001036.184529781 -207.053340 95.673999 7.485670 0.070233852 0.070939313 0.560272749 0.822270799
1561001036.286452055 -207.695742 95.096658 7.504951 0.072434479 0.069061284 0.557990113 0.823790519
1561001036.384920597 -208.333889 94.530866 7.523643 0.073802280 0.067578374 0.555393017 0.825545264
1561001036.484282732 -208.979432 93.979837 7.534832 0.074011464 0.068041357 0.552798356 0.827228297
1561001036.585771322 -209.635419 93.418132 7.552961 0.073740325 0.069163818 0.550442076 0.828729299
1561001036.684869051 -210.287464 92.871563 7.575570 0.072323122 0.070624093 0.547618168 0.830599751
1561001036.784768581 -210.954742 92.316010 7.600745 0.071762485 0.071247178 0.545201295 0.832183593
1561001036.884650469 -211.614676 91.766485 7.624193 0.071425991 0.070876795 0.542630447 0.833922662
1561001036.986030817 -212.291939 91.225121 7.648467 0.071092108 0.070115836 0.540185699 0.835601037
1561001037.087554216 -212.971951 90.681106 7.670067 0.070531789 0.069911850 0.537501373 0.837394694
1561001037.187634706 -213.648206 90.131072 7.696193 0.070184930 0.069941037 0.535157447 0.838921232
1561001037.288882256 -214.343148 89.585877 7.723297 0.069613490 0.071201408 0.533257020 0.840072183
1561001037.387960434 -215.030871 89.052859 7.752437 0.069439708 0.071692474 0.531751368 0.840998691
1561001037.488841534 -215.723355 88.517658 7.776930 0.068661830 0.072597940 0.530245109 0.841935399
1561001037.588985920 -216.410538 87.985707 7.810707 0.068352649 0.071653385 0.528454775 0.843166210
1561001037.688245535 -217.099275 87.454952 7.840676 0.067659676 0.071320020 0.526826545 0.844268567
1561001037.788607359 -217.807880 86.922634 7.873095 0.067812738 0.070297918 0.525182822 0.845365388
1561001037.887475252 -218.521336 86.392535 7.903661 0.067361292 0.070091602 0.523617240 0.846389160
1561001037.987691879 -219.242124 85.851112 7.934260 0.066918856 0.069860630 0.522305387 0.847253470
1561001038.088774920 -219.959323 85.313109 7.960468 0.067796143 0.069714526 0.521301186 0.847814037
1561001038.187298059 -220.672925 84.779167 7.987350 0.069375313 0.069463932 0.520267480 0.848341663
1561001038.288718700 -221.389105 84.243309 8.011296 0.071069777 0.070214888 0.519392746 0.848675516
1561001038.387589455 -222.096496 83.712329 8.040794 0.073004091 0.070185906 0.518365927 0.849141394
1561001038.488727570 -222.815084 83.175822 8.071026 0.074132344 0.071036884 0.517139139 0.849720700
1561001038.588848114 -223.532618 82.651438 8.097241 0.074603419 0.072291300 0.516280243 0.850095882
1561001038.687446833 -224.255555 82.119703 8.131168 0.074722990 0.072900471 0.515346870 0.850599553
1561001038.789086580 -224.986886 81.589846 8.161062 0.073367210 0.073215381 0.513959911 0.851529196
1561001038.888062239 -225.719885 81.069897 8.199171 0.070953463 0.073073886 0.512825938 0.852429100
1561001038.989351034 -226.463691 80.552152 8.237613 0.068629148 0.074043489 0.511371858 0.853408709
1561001039.090661526 -227.185376 80.045695 8.278912 0.066590735 0.074443779 0.510170143 0.854254191
1561001039.189191818 -227.895287 79.543310 8.320923 0.066033585 0.074167338 0.509162328 0.854922508
1561001039.290376425 -228.618466 79.040333 8.364337 0.065715293 0.072800132 0.507789383 0.855880589
1561001039.389317751 -229.336807 78.539635 8.408612 0.067336088 0.072288411 0.506441003 0.856596607
1561001039.489052057 -230.046215 78.040102 8.449217 0.068927320 0.073079011 0.505031373 0.857234971
1561001039.590386152 -230.758520 77.541214 8.490122 0.069866386 0.074714749 0.503528221 0.857901932
1561001039.688780069 -231.456582 77.063451 8.525233 0.070801763 0.076179727 0.502293274 0.858420192
1561001039.790158749 -232.151156 76.587309 8.564756 0.071685010 0.075885359 0.501068899 0.859088255
1561001039.889310122 -232.841456 76.119230 8.603454 0.072922187 0.074564228 0.499684281 0.859905896
1561001039.990466356 -233.542908 75.638660 8.637861 0.073374709 0.073960846 0.498725755 0.860475779
1561001040.090459347 -234.237154 75.173256 8.673044 0.073200974 0.074423864 0.497831573 0.860968310
1561001040.190517902 -234.937547 74.700855 8.713340 0.072880089 0.074787871 0.496915828 0.861492848
1561001040.290470362 -235.636367 74.235337 8.758838 0.074078142 0.075230770 0.496308123 0.861702389
1561001040.389506817 -236.306377 73.789942 8.803405 0.076796847 0.075775554 0.495749096 0.861738443
1561001040.489447594 -236.980104 73.340964 8.848218 0.078944615 0.075318901 0.495074302 0.861972300
1561001040.590554714 -237.664956 72.879741 8.888552 0.078672769 0.077098272 0.494686689 0.862062371
1561001040.690619946 -238.335007 72.435220 8.921174 0.076836435 0.077625380 0.494305449 0.862399319
1561001040.790631771 -239.009407 71.997858 8.961891 0.075976020 0.076324519 0.494094237 0.862712639
1561001040.889661074 -239.677690 71.561316 9.005042 0.076320774 0.075147025 0.493913575 0.862889011
1561001040.990201235 -240.335866 71.128907 9.048239 0.077370090 0.074622593 0.493838706 0.862883927
1561001041.090152502 -240.986073 70.691865 9.085154 0.077433423 0.076034815 0.493688635 0.862840833
1561001041.188931227 -241.637548 70.262883 9.119270 0.076084535 0.076602547 0.493505958 0.863015100
1561001041.289863348 -242.286861 69.837872 9.157856 0.075573457 0.076786664 0.493538897 0.863024807
1561001041.388670206 -242.923099 69.415565 9.201486 0.076637106 0.075762596 0.493575859 0.863000379
1561001041.490232468 -243.569980 68.981463 9.241204 0.077856373 0.074604584 0.493363736 0.863113414
1561001041.590464115 -244.206718 68.549847 9.271576 0.078767234 0.074182221 0.493275782 0.863117445
1561001041.689182997 -244.826802 68.139229 9.303700 0.079467805 0.073939997 0.493214841 0.863108837
1561001041.790416241 -245.457323 67.723048 9.340123 0.079197436 0.074559761 0.493215227 0.863080151
1561001041.889254332 -246.071019 67.318578 9.380471 0.079046722 0.075859298 0.493555350 0.862786242
1561001041.990231752 -246.688224 66.908276 9.422411 0.080078074 0.076972849 0.493874560 0.862409764
1561001042.090037346 -247.293612 66.500325 9.455048 0.080289361 0.076964917 0.494260357 0.862169774
1561001042.189151049 -247.907951 66.092491 9.488222 0.081144513 0.075568376 0.494610967 0.862012169
1561001042.289156914 -248.514015 65.681981 9.520606 0.080872353 0.074261939 0.495121358 0.861858264
1561001042.390456438 -249.120952 65.272831 9.554603 0.081203160 0.073557615 0.495506161 0.861666391
1561001042.491461039 -249.722012 64.865986 9.592388 0.082040479 0.073432814 0.495864981 0.861391260
1561001042.591639280 -250.310232 64.466217 9.623705 0.082713546 0.074030881 0.496419308 0.860956311
1561001042.690447569 -250.892578 64.071871 9.651785 0.084050773 0.074268003 0.496770235 0.860603895
1561001042.791530371 -251.476892 63.668742 9.679365 0.084520792 0.074536110 0.497497233 0.860114590
1561001042.891321659 -252.052836 63.267890 9.713034 0.084718295 0.074475808 0.497972500 0.859825304
1561001042.991852760 -252.641104 62.870260 9.743696 0.084007903 0.074762479 0.497921961 0.859899392
1561001043.092053413 -253.212314 62.490433 9.778957 0.084633958 0.075096463 0.498275654 0.859603971
1561001043.191898346 -253.781203 62.104339 9.809631 0.085068062 0.075130631 0.498513702 0.859420096
1561001043.291934252 -254.355368 61.714885 9.837809 0.084932504 0.075024652 0.499228689 0.859027641
1561001043.391823769 -254.919590 61.332230 9.868500 0.084909049 0.074231286 0.499611526 0.858876297
1561001043.491522074 -255.471848 60.953061 9.897177 0.085053892 0.073301859 0.499992796 0.858719906
1561001043.591304779 -256.020533 60.571067 9.924716 0.084359281 0.072659472 0.500208132 0.858717612
1561001043.690228939 -256.557459 60.202492 9.947608 0.084048525 0.072385483 0.500171215 0.858792724
1561001043.791324615 -257.094457 59.832340 9.980119 0.083386945 0.071865126 0.500080393 0.858953795
1561001043.891613722 -257.610734 59.482285 10.008771 0.084548589 0.071954816 0.499957563 0.858904230
1561001043.991505146 -258.103533 59.135539 10.040165 0.085221469 0.072155392 0.500637561 0.858424681
1561001044.083869457 -258.577325 58.811012 10.064820 0.085867125 0.072662278 0.500433758 0.858436418
1561001044.183942556 -259.080651 58.463903 10.092623 0.085908628 0.073194590 0.500504546 0.858345769
1561001044.283908844 -259.556605 58.144851 10.119249 0.085868560 0.074363260 0.500527455 0.858235960
1561001044.382914782 -260.027039 57.818094 10.146052 0.086426975 0.076080870 0.500270864 0.858178968
1561001044.483796358 -260.492526 57.503700 10.172626 0.087030786 0.077235105 0.500099052 0.858114980
1561001044.583940029 -260.946783 57.186824 10.201411 0.087324329 0.077152910 0.500472585 0.857874747
1561001044.683817148 -261.402129 56.870557 10.233456 0.087769090 0.077801910 0.500176246 0.857943572
1561001044.783472300 -261.851875 56.560297 10.271498 0.088013204 0.080584139 0.499739002 0.857916547
1561001044.882616043 -262.283980 56.257792 10.314429 0.088475947 0.087856230 0.499125781 0.857511950
1561001044.983585119 -262.722216 55.959793 10.349905 0.088131894 0.093468804 0.499220494 0.856898623
1561001045.082805872 -263.151104 55.665459 10.386737 0.088770974 0.093017598 0.499807437 0.856539530
1561001045.183072805 -263.588544 55.365927 10.404663 0.088484400 0.088444816 0.500076643 0.856896363
1561001045.283780098 -264.034903 55.068076 10.395210 0.089063963 0.079763901 0.500278055 0.857570521
1561001045.382571697 -264.481696 54.762216 10.397784 0.090057931 0.067307737 0.500169888 0.858597298
1561001045.483532429 -264.919906 54.447140 10.446168 0.092329477 0.062232749 0.500169933 0.858738837
1561001045.583571672 -265.335144 54.156231 10.494758 0.092902980 0.068133525 0.499735220 0.858482131
1561001045.683448315 -265.731256 53.885333 10.528236 0.092218425 0.075311692 0.499500969 0.858092474
1561001045.783589602 -266.131793 53.609026 10.548663 0.090499466 0.082713908 0.499556010 0.857561688
1561001045.883589029 -266.522518 53.345671 10.568149 0.089774729 0.089181670 0.499632676 0.856944757
1561001045.983900785 -266.909164 53.073091 10.587442 0.090214955 0.089718866 0.500150872 0.856540070
1561001046.083928108 -267.300224 52.806584 10.620449 0.091895686 0.084685248 0.499799628 0.857078715
1561001046.183792830 -267.699762 52.527675 10.647330 0.093021575 0.080385289 0.499735813 0.857408485
1561001046.283720970 -268.094621 52.250363 10.678477 0.093450860 0.079684234 0.500033863 0.857253460
1561001046.382549763 -268.486961 51.972469 10.703947 0.092728532 0.081259177 0.499997154 0.857205466
1561001046.483197927 -268.875044 51.700128 10.739267 0.093065251 0.083277498 0.499938972 0.857009184
1561001046.582651854 -269.247431 51.442087 10.768000 0.093656370 0.084346120 0.500059615 0.856769863
1561001046.682537794 -269.620909 51.185730 10.788814 0.094807721 0.084901447 0.500071451 0.856581452
1561001046.784588814 -269.995934 50.929029 10.816580 0.096434025 0.083908147 0.500326222 0.856348979
1561001046.882744789 -270.360945 50.675042 10.839464 0.097209533 0.083434276 0.500142338 0.856415010
1561001046.984536171 -270.724122 50.424011 10.861240 0.097595730 0.082729722 0.500337111 0.856325664
1561001047.084312201 -271.084427 50.171595 10.881821 0.097314905 0.081854874 0.500536988 0.856324887
1561001047.182418346 -271.437112 49.928289 10.903061 0.097326812 0.081150165 0.500501678 0.856411241
1561001047.284220219 -271.793775 49.678205 10.934874 0.097554326 0.081477335 0.501088586 0.856010996
1561001047.384638309 -272.133510 49.436343 10.961689 0.097947808 0.082436495 0.500825609 0.856028131
1561001047.483953476 -272.472928 49.202659 10.988593 0.098579147 0.082728615 0.500923006 0.855870475
1561001047.582661629 -272.823428 48.962282 11.011439 0.099191429 0.082912451 0.500900428 0.855795155
1561001047.684323549 -273.163698 48.729698 11.031982 0.099496884 0.082958626 0.500970495 0.855714204
1561001047.784392118 -273.491447 48.499770 11.054409 0.099488963 0.084009076 0.501135583 0.855515955
1561001047.884647369 -273.816867 48.270097 11.080033 0.099263906 0.083433257 0.501540114 0.855361376
1561001047.984635353 -274.145119 48.038737 11.104314 0.099318790 0.083107230 0.501800157 0.855234219
1561001048.082846642 -274.469600 47.812940 11.131472 0.099551943 0.082929153 0.502333156 0.854911438
1561001048.184401035 -274.784686 47.583459 11.151071 0.099833978 0.083408062 0.502679910 0.854628095
1561001048.284323692 -275.105324 47.361405 11.174629 0.100454055 0.084325192 0.503007508 0.854272610
1561001048.382706404 -275.415043 47.142751 11.198412 0.100784693 0.084922074 0.503369296 0.853961380
1561001048.482937098 -275.733711 46.908487 11.218356 0.100742597 0.085950120 0.504043789 0.853465503
1561001048.584648371 -276.053150 46.684285 11.240412 0.100834656 0.086172663 0.505095020 0.852810451
1561001048.685214043 -276.363265 46.461376 11.259422 0.100687767 0.085790222 0.505800915 0.852447914
1561001048.784650564 -276.679833 46.230246 11.281195 0.100955763 0.085122444 0.507026288 0.851754922
1561001048.882723331 -276.997078 46.000188 11.306460 0.100990276 0.084767900 0.508157616 0.851111746
1561001048.985802650 -277.316524 45.766918 11.330168 0.101207068 0.084671974 0.509777139 0.850126493
1561001049.085938215 -277.623931 45.537694 11.349115 0.101386548 0.085065344 0.511802785 0.848847787
1561001049.184611797 -277.934138 45.304780 11.366326 0.100982314 0.084805213 0.514111930 0.847525558
1561001049.285605431 -278.254434 45.068540 11.391928 0.100969240 0.084280408 0.516434661 0.846166217
1561001049.383944273 -278.564054 44.822276 11.408447 0.100851554 0.084106713 0.519465536 0.844340324
1561001049.485827684 -278.879587 44.564147 11.429407 0.101754077 0.083769246 0.522058435 0.842664709
1561001049.584794760 -279.182852 44.307484 11.446624 0.102059733 0.083499708 0.525177314 0.840714219
1561001049.685948610 -279.505321 44.053159 11.465183 0.102069907 0.083666211 0.528038832 0.838902075
1561001049.785964012 -279.822112 43.790397 11.480068 0.101072995 0.083757074 0.531177625 0.837030067
1561001049.884330034 -280.131767 43.531194 11.500506 0.100419993 0.084059550 0.534287943 0.835096528
1561001049.985788584 -280.455507 43.249610 11.526655 0.100632668 0.084212452 0.537255378 0.833149439
1561001050.084744692 -280.766386 42.967501 11.546442 0.101892356 0.084951384 0.540565755 0.830776670
1561001050.184565067 -281.080606 42.674390 11.558854 0.102179276 0.085207163 0.543639740 0.828706805
1561001050.285571337 -281.398343 42.383404 11.569976 0.101760590 0.085290333 0.547596497 0.826140676
1561001050.385581255 -281.728728 42.089594 11.580077 0.100159307 0.085069211 0.550657450 0.824322579
1561001050.485752821 -282.064098 41.781992 11.596971 0.098762772 0.084140738 0.554335620 0.822118162
1561001050.586269379 -282.386576 41.483423 11.618746 0.097593881 0.083322513 0.558703695 0.819379628
1561001050.686586857 -282.710315 41.169572 11.644206 0.097327807 0.083349504 0.562984233 0.816473460
1561001050.787702084 -283.029655 40.856829 11.664956 0.096986012 0.084057435 0.567641904 0.813210139
1561001050.885810852 -283.349467 40.540258 11.680160 0.096572728 0.084895617 0.572745546 0.809585685
1561001050.987944365 -283.664288 40.191699 11.688101 0.095670995 0.085417221 0.578329007 0.805659058
1561001051.086416483 -283.964373 39.853492 11.699075 0.093594290 0.085041979 0.584642274 0.801374683
1561001051.187693119 -284.270770 39.499767 11.711518 0.091617891 0.084431539 0.591635572 0.796520450
1561001051.287593842 -284.582367 39.129360 11.730132 0.091639245 0.084225359 0.597980522 0.791787619
1561001051.386906385 -284.877740 38.770785 11.745745 0.092273144 0.082898605 0.605831984 0.785863280
1561001051.486081123 -285.169926 38.390726 11.750306 0.091844034 0.081790077 0.613723203 0.779883893
1561001051.585965633 -285.468850 37.994923 11.741002 0.089620086 0.080883671 0.622234550 0.773466377
1561001051.685472012 -285.743512 37.599136 11.741616 0.086289389 0.079669887 0.631027960 0.766818469
1561001051.787038803 -286.029797 37.188768 11.755153 0.084030144 0.079068582 0.640828898 0.758963384
1561001051.885551691 -286.279229 36.768135 11.783899 0.085016578 0.079346023 0.650180417 0.750827421
1561001051.987123013 -286.531189 36.342524 11.795223 0.086189623 0.080833552 0.660040375 0.741878689
1561001052.087395191 -286.759633 35.912173 11.782611 0.085040272 0.082572031 0.669431757 0.733356077
1561001052.188537359 -286.976493 35.460374 11.754888 0.081409795 0.082559004 0.679654885 0.724310496
1561001052.288499594 -287.200791 35.001735 11.752552 0.078249938 0.079692520 0.689156743 0.715953234
1561001052.387208223 -287.410145 34.543568 11.785256 0.079990888 0.077286110 0.698306672 0.707104029
1561001052.488564968 -287.612283 34.063102 11.798238 0.084926105 0.076247579 0.707536865 0.697399060
1561001052.587393999 -287.797353 33.574984 11.781796 0.087537714 0.077497117 0.716717241 0.687493812
1561001052.688647270 -287.964079 33.074981 11.739947 0.085271412 0.079429852 0.727008600 0.676666964
1561001052.788615704 -288.130237 32.576123 11.714025 0.079597270 0.080265987 0.737085378 0.666278314
1561001052.887225151 -288.283345 32.069145 11.727043 0.077100958 0.080729046 0.746855571 0.655549403
1561001052.988583565 -288.416619 31.529516 11.743235 0.079044761 0.081884476 0.755889313 0.644731110
1561001053.088000536 -288.513427 31.008503 11.724502 0.080506108 0.083183274 0.765676114 0.632723793
1561001053.187639475 -288.609383 30.472815 11.681712 0.079113353 0.083043377 0.774881120 0.621614128
1561001053.288678408 -288.702773 29.954746 11.671054 0.076876484 0.082069534 0.784310849 0.610091051
1561001053.387157440 -288.767519 29.417765 11.669036 0.077492164 0.081609857 0.793131363 0.598562809
1561001053.488769293 -288.823025 28.872457 11.660980 0.078808684 0.082222822 0.801858276 0.586559378
1561001053.587111712 -288.860672 28.331000 11.621118 0.078287008 0.082188721 0.810543763 0.574573726
1561001053.688352585 -288.886146 27.764871 11.576034 0.075745414 0.079560365 0.819811225 0.561998519
1561001053.788466215 -288.895831 27.198644 11.548690 0.073955247 0.075365633 0.827736585 0.551092360
1561001053.887021542 -288.904090 26.622775 11.540254 0.074718986 0.072563487 0.835387440 0.539703102
1561001053.987121582 -288.887423 26.046360 11.509785 0.074855670 0.072201397 0.843157088 0.527512760
1561001054.087251425 -288.841219 25.473544 11.466185 0.073676412 0.072764660 0.850147830 0.516261326
1561001054.188841343 -288.783132 24.895782 11.423946 0.071150551 0.072895588 0.857202539 0.504804556
1561001054.289001703 -288.711407 24.304072 11.393730 0.069851619 0.072492487 0.863411292 0.494354662
1561001054.389043093 -288.634257 23.717908 11.353317 0.069714419 0.072015035 0.869066132 0.484435541
1561001054.489046097 -288.556259 23.137017 11.306253 0.069306922 0.070912236 0.874071107 0.475570925
1561001054.588755369 -288.461522 22.571138 11.263362 0.068329698 0.069839485 0.878082695 0.468427454
1561001054.689153194 -288.353544 21.958540 11.226608 0.067301628 0.069642697 0.881688566 0.461785294
1561001054.789282084 -288.235854 21.359745 11.190589 0.066511840 0.070114419 0.885059992 0.455333892
1561001054.887433290 -288.116260 20.764159 11.148475 0.065917699 0.070466544 0.888353212 0.448907445
1561001054.988718748 -288.001299 20.164983 11.102225 0.065092451 0.069499101 0.891755784 0.442384978
1561001055.088760853 -287.859598 19.566597 11.060818 0.065651378 0.067057971 0.894840218 0.436410483
1561001055.188452959 -287.712403 18.947379 11.016136 0.066690765 0.065715706 0.897945656 0.430031844
1561001055.288682222 -287.551343 18.353449 10.967283 0.066749247 0.064835832 0.900713528 0.424330053
1561001055.388660669 -287.395720 17.731110 10.912745 0.065747180 0.065286989 0.903318096 0.418845239
1561001055.489235640 -287.235183 17.120498 10.863269 0.064771026 0.065172184 0.905820503 0.413577704
1561001055.587567329 -287.063318 16.513988 10.814803 0.064509731 0.064978831 0.908243420 0.408301526
1561001055.688968658 -286.888801 15.901480 10.762563 0.064858685 0.064637950 0.910778167 0.402614476
1561001055.788998604 -286.693119 15.302437 10.703377 0.064800597 0.064331840 0.912804056 0.398059107
1561001055.887397051 -286.514722 14.717581 10.648570 0.063656560 0.062900411 0.914700862 0.394098609
1561001055.988837242 -286.339747 14.118654 10.598918 0.061919081 0.061695504 0.916698835 0.389901189
1561001056.087354183 -286.152646 13.526560 10.556688 0.062053586 0.060209116 0.918565683 0.385695866
1561001056.188796043 -285.957596 12.946683 10.500736 0.063332689 0.058815166 0.920156692 0.381891882
1561001056.289220572 -285.748865 12.362941 10.438796 0.063643617 0.058063481 0.921417275 0.378904114
1561001056.388934612 -285.549241 11.794346 10.392798 0.063128014 0.058284285 0.922402047 0.376553130
1561001056.489039183 -285.335302 11.208807 10.337341 0.060898823 0.059638525 0.922279225 0.377008768
1561001056.589157343 -285.138013 10.641842 10.284658 0.057931301 0.062162593 0.922202998 0.377255095
1561001056.690208673 -284.964912 10.073034 10.240149 0.055839657 0.063379560 0.922231533 0.377298243
1561001056.790133476 -284.784395 9.515059 10.189639 0.054624314 0.062087212 0.921978210 0.378308793
1561001056.889648676 -284.611314 8.947210 10.145038 0.053985835 0.059398410 0.921844474 0.379157123
1561001056.989887476 -284.417502 8.379602 10.105534 0.054882918 0.057588751 0.921788807 0.379442744
1561001057.088593960 -284.241006 7.829894 10.069720 0.055620498 0.056873164 0.921801498 0.379412442
1561001057.189893723 -284.054337 7.264046 10.022153 0.055938354 0.056827526 0.922094351 0.378660192
1561001057.289996862 -283.884687 6.738668 9.974085 0.055179288 0.056615978 0.922281689 0.378346882
1561001057.388690948 -283.716990 6.219167 9.928866 0.053771391 0.056172856 0.922288170 0.378599762
1561001057.490047455 -283.551921 5.709441 9.893178 0.052064151 0.055706294 0.923049937 0.377047671
1561001057.590004206 -283.379198 5.205001 9.853210 0.050754690 0.056398746 0.922969033 0.377321226
1561001057.689964771 -283.205333 4.723527 9.812842 0.049716076 0.056508308 0.923311010 0.376605764
1561001057.790200949 -283.044964 4.230392 9.774803 0.049219109 0.056680120 0.923861066 0.375293983
1561001057.890137911 -282.875018 3.753140 9.737800 0.048743206 0.056190448 0.924025518 0.375024766
1561001057.990380526 -282.693159 3.263596 9.699112 0.046585779 0.057125180 0.924032562 0.375140378
1561001058.088928223 -282.522724 2.790082 9.682112 0.041313181 0.061320941 0.923968878 0.375252549
1561001058.190022469 -282.356929 2.302198 9.660958 0.037255651 0.064156835 0.924313612 0.374353128
1561001058.291175842 -282.202465 1.838473 9.624949 0.037901330 0.062200237 0.924603285 0.373902910
1561001058.391206264 -282.059737 1.383051 9.568300 0.043538920 0.055321845 0.924858237 0.373739345
1561001058.491060495 -281.891671 0.887194 9.504501 0.049093460 0.049127748 0.925234923 0.372983423
1561001058.590013981 -281.731143 0.402270 9.462392 0.052999272 0.043921261 0.925607001 0.372174259
1561001058.691048622 -281.547512 -0.109736 9.441571 0.053351186 0.043873749 0.925680772 0.371946035
1561001058.791085720 -281.357578 -0.607260 9.410164 0.049774146 0.046039880 0.925595173 0.372392856
1561001058.883384228 -281.189237 -1.083863 9.373215 0.043648923 0.051638912 0.925321970 0.373105140
1561001058.983612299 -281.017853 -1.585303 9.321306 0.038159446 0.057326779 0.924860661 0.374019057
1561001059.082769156 -280.869744 -2.048047 9.274807 0.035950565 0.057804286 0.925051287 0.373692840
1561001059.183719873 -280.717166 -2.509157 9.242854 0.038798658 0.054081641 0.924808082 0.374566218
1561001059.283688068 -280.557801 -2.985368 9.210328 0.041320179 0.049800422 0.924896702 0.374671392
1561001059.384047747 -280.387527 -3.476154 9.168180 0.042008454 0.048776152 0.924432822 0.375872497
1561001059.483585358 -280.231653 -3.954553 9.135311 0.041581363 0.048678409 0.924656524 0.375382094
1561001059.582391024 -280.066165 -4.419074 9.099363 0.039667429 0.049427972 0.924098865 0.376861591
1561001059.682520390 -279.905533 -4.912830 9.060774 0.038956193 0.049965363 0.924310732 0.376344986
1561001059.782324314 -279.751641 -5.378050 9.025496 0.039219759 0.049811310 0.923688852 0.377861812
1561001059.883408785 -279.593801 -5.851162 8.983758 0.039681504 0.049358462 0.923203320 0.379057714
1561001059.983484745 -279.440327 -6.334512 8.945726 0.039705344 0.047828859 0.922695613 0.380484812
1561001060.082146168 -279.302486 -6.805047 8.909841 0.039447329 0.047171293 0.922051344 0.382151928
1561001060.183033705 -279.163516 -7.278345 8.879233 0.039683113 0.046496620 0.922038157 0.382242008
1561001060.283139467 -279.022150 -7.734413 8.842023 0.039737329 0.046485269 0.921477307 0.383587848
1561001060.382140636 -278.874742 -8.182724 8.807986 0.039719792 0.046645120 0.920908584 0.384933696
1561001060.483460426 -278.717489 -8.638826 8.765243 0.039291054 0.046695691 0.920420555 0.386136929
1561001060.582479239 -278.580686 -9.070838 8.735917 0.038925638 0.046200113 0.920007294 0.387216895
1561001060.683787346 -278.450059 -9.522122 8.702790 0.038364793 0.046073536 0.920014591 0.387270610
1561001060.784933805 -278.318813 -9.935554 8.675232 0.038073424 0.046484170 0.920388243 0.386361383
1561001060.884977102 -278.194862 -10.344773 8.641149 0.037165935 0.048271937 0.919712629 0.387836555
1561001060.983646870 -278.066773 -10.741319 8.608882 0.036038462 0.048262028 0.919705787 0.387960399
1561001061.082944870 -277.942593 -11.143018 8.578233 0.034991237 0.048417557 0.919931854 0.387500629
1561001061.185359716 -277.820228 -11.555236 8.552471 0.034982527 0.047994028 0.919909336 0.387607546
1561001061.284133673 -277.694865 -11.950096 8.534229 0.036097599 0.048733394 0.920038311 0.387106609
1561001061.384082556 -277.572722 -12.345737 8.510037 0.036662649 0.049868520 0.920090406 0.386784985
1561001061.484185696 -277.437550 -12.722200 8.469102 0.036608436 0.050352371 0.920057371 0.386806018
1561001061.582356691 -277.323306 -13.112217 8.440794 0.032603352 0.052646818 0.920397526 0.386048867
1561001061.684498310 -277.195910 -13.521436 8.428332 0.025402268 0.056959340 0.920225349 0.386387973
1561001061.784070730 -277.061023 -13.906977 8.434716 0.020779991 0.060504435 0.919897129 0.386906548
1561001061.882775545 -276.945080 -14.279321 8.438596 0.022221821 0.063017056 0.920060638 0.386035573
1561001061.984380245 -276.813995 -14.680631 8.406986 0.026415701 0.063570839 0.920303906 0.385099571
1561001062.082633257 -276.684477 -15.059427 8.349575 0.029133501 0.062347284 0.920608095 0.384375846
1561001062.183088303 -276.569238 -15.432564 8.291643 0.029718270 0.057498730 0.920775448 0.384685968
1561001062.283927917 -276.455798 -15.808251 8.250776 0.031950839 0.048099216 0.921415636 0.384264017
1561001062.384415865 -276.333232 -16.219630 8.217300 0.039875431 0.037288384 0.921701045 0.384039986
1561001062.484482050 -276.198073 -16.651943 8.207867 0.049477516 0.031997024 0.921738171 0.383310463
1561001062.582787037 -276.039624 -17.077415 8.184786 0.053399715 0.035095342 0.921421080 0.383275332
1561001062.684537411 -275.876728 -17.510769 8.137431 0.051216059 0.040889913 0.921824851 0.382026013
1561001062.783223391 -275.736814 -17.915236 8.095549 0.045418659 0.044146145 0.921990192 0.381997839
1561001062.884403229 -275.605173 -18.328806 8.055710 0.039522063 0.045616602 0.922252639 0.381847093
1561001062.984252930 -275.481307 -18.750945 8.022728 0.034626006 0.048846906 0.922223847 0.381992402
1561001063.082421780 -275.364284 -19.151904 8.000612 0.032239149 0.053869468 0.922222666 0.381528599
1561001063.184089899 -275.233863 -19.567086 7.975310 0.033059192 0.057112278 0.922501299 0.380311228
1561001063.282417297 -275.093607 -19.978925 7.942171 0.035410130 0.056576934 0.922647935 0.379823593
1561001063.385558367 -274.942456 -20.404641 7.904573 0.036973853 0.054976709 0.922546599 0.380155584
1561001063.485841036 -274.785379 -20.828016 7.867370 0.036520284 0.053560820 0.922668119 0.380106630
1561001063.583967686 -274.636328 -21.271958 7.838217 0.035849797 0.053227487 0.922917453 0.379611645
1561001063.685844183 -274.489924 -21.711523 7.811309 0.035556340 0.053881623 0.922978021 0.379399645
1561001063.784738302 -274.346105 -22.151257 7.789066 0.036317297 0.054885652 0.923102943 0.378879367
1561001063.884446383 -274.194160 -22.596562 7.756802 0.037200409 0.055996992 0.922912432 0.379095120
1561001063.985860348 -274.042749 -23.030863 7.714586 0.037125155 0.056110584 0.923088640 0.378656424
1561001064.084208965 -273.898081 -23.480555 7.688781 0.037738291 0.055281658 0.923434981 0.377872458
1561001064.185669899 -273.737825 -23.950828 7.650131 0.037397780 0.055216071 0.923370501 0.378073419
1561001064.284376144 -273.572805 -24.427733 7.623641 0.036857307 0.055396214 0.923392349 0.378046780
1561001064.385807276 -273.412460 -24.888015 7.593999 0.036769627 0.056389669 0.923651509 0.377274556
1561001064.485794783 -273.254591 -25.361427 7.565631 0.036985183 0.057473384 0.923525993 0.377397201
1561001064.584135056 -273.079190 -25.830169 7.529107 0.037463892 0.057520674 0.923524594 0.377346198
1561001064.685810089 -272.914679 -26.296799 7.492438 0.037945291 0.057763037 0.923754543 0.376697665
1561001064.784161806 -272.764124 -26.775095 7.459375 0.038186370 0.057115090 0.924052082 0.376041775
1561001064.885569811 -272.595100 -27.250551 7.424318 0.036846701 0.056725862 0.924213096 0.375838595
1561001064.985643148 -272.422475 -27.738002 7.397538 0.036631837 0.056815423 0.924552996 0.375009164
1561001065.085786581 -272.251183 -28.209321 7.371769 0.037197432 0.057293019 0.924633922 0.374681160
1561001065.186112881 -272.089383 -28.699213 7.336247 0.037350492 0.057629798 0.924777590 0.374259478
1561001065.284489393 -271.926204 -29.180325 7.303478 0.037796578 0.057572560 0.924738143 0.374320965
1561001065.385910034 -271.751290 -29.677639 7.271490 0.038308665 0.057370029 0.925045366 0.373540088
1561001065.485925913 -271.585338 -30.165780 7.241238 0.038889598 0.057052717 0.925088712 0.373421292
1561001065.584256887 -271.419482 -30.627587 7.206422 0.038947232 0.056913467 0.924813821 0.374116781
1561001065.686115265 -271.248824 -31.116974 7.173027 0.038754080 0.056977613 0.924833977 0.374077248
1561001065.784687757 -271.105216 -31.557512 7.140589 0.038500389 0.057260364 0.924540919 0.374784016
1561001065.886231422 -270.938988 -32.022681 7.109640 0.038292896 0.057134062 0.924490233 0.374949547
1561001065.985972166 -270.764812 -32.492167 7.076435 0.038612100 0.057264327 0.924332060 0.375286751
1561001066.084078074 -270.614017 -32.958892 7.045518 0.039303700 0.056828702 0.924196145 0.375615765
1561001066.185680389 -270.456469 -33.428455 7.015162 0.039314792 0.056122736 0.924259107 0.375565824
1561001066.284209013 -270.308189 -33.885835 6.983130 0.039521850 0.055707080 0.923825207 0.376671916
1561001066.385867834 -270.147758 -34.354405 6.951315 0.039159833 0.055298337 0.923987444 0.376371898
1561001066.487525940 -269.982772 -34.819310 6.918401 0.039390486 0.054838598 0.923734737 0.377034817
1561001066.587247372 -269.835989 -35.274034 6.890305 0.039452671 0.054254088 0.923704173 0.377187728
1561001066.688665390 -269.683653 -35.747271 6.852436 0.038918905 0.053853860 0.923755297 0.377175334
1561001066.787299633 -269.524239 -36.197399 6.815273 0.038324647 0.053577269 0.923773717 0.377230456
1561001066.888620138 -269.374648 -36.670497 6.784589 0.038307425 0.052897295 0.923887859 0.377048592
1561001066.988610029 -269.218603 -37.122679 6.751240 0.037900898 0.052500403 0.923672028 0.377673422
1561001067.087073803 -269.072232 -37.565356 6.718773 0.038183562 0.052195179 0.923612448 0.377832933
1561001067.188369751 -268.920020 -38.028365 6.678045 0.037265078 0.050622037 0.923907545 0.377416972
1561001067.286655903 -268.782039 -38.476102 6.648342 0.036120170 0.050104250 0.924331364 0.376558664
1561001067.388001680 -268.641665 -38.912491 6.628424 0.035557005 0.049982505 0.924519839 0.376165543
1561001067.488376617 -268.481475 -39.352406 6.600919 0.035554537 0.050826166 0.924613748 0.375821756
1561001067.586827517 -268.345550 -39.785744 6.572039 0.035696507 0.050813599 0.924637940 0.375750471
1561001067.688380718 -268.185888 -40.240501 6.526830 0.033522811 0.051205137 0.924715331 0.375707082
1561001067.787022114 -268.041999 -40.656499 6.510536 0.027967579 0.054141617 0.925163865 0.374644262
1561001067.888447046 -267.899532 -41.085871 6.505706 0.021452804 0.058767692 0.924823502 0.375216772
1561001067.988378763 -267.755312 -41.519957 6.501281 0.018705138 0.061144901 0.925005529 0.374534632
1561001068.088319778 -267.617314 -41.958641 6.478125 0.020054993 0.061285586 0.924785226 0.374985546
1561001068.188484192 -267.458991 -42.381011 6.436481 0.021973255 0.058607251 0.925044948 0.374665464
1561001068.287070751 -267.319653 -42.802676 6.387814 0.025511943 0.054767001 0.925462012 0.373991685
1561001068.389976263 -267.155866 -43.211035 6.332566 0.030548942 0.046450426 0.925564009 0.374486830
1561001068.489779949 -267.012370 -43.656033 6.288505 0.038983118 0.036189579 0.925828315 0.374182524
1561001068.588541746 -266.852389 -44.124321 6.261354 0.044984062 0.030824606 0.926002831 0.373557271
1561001068.689914227 -266.684273 -44.599936 6.230905 0.042729546 0.033104032 0.926085922 0.373420907
1561001068.788717270 -266.533403 -45.042483 6.206760 0.037677475 0.037998140 0.926211035 0.373188515
1561001068.890141726 -266.375826 -45.495287 6.168016 0.032287873 0.043418446 0.926024814 0.373564420
1561001068.988807440 -266.225892 -45.941533 6.134128 0.028060706 0.047804568 0.925828967 0.373855646
1561001069.089428186 -266.075016 -46.373211 6.091156 0.024755654 0.051837527 0.925828701 0.373552199
1561001069.190011501 -265.930041 -46.806799 6.057119 0.023999775 0.052531017 0.925587909 0.374100956
1561001069.288758755 -265.771577 -47.263595 6.024271 0.025290289 0.049923788 0.925614819 0.374306324
1561001069.390188932 -265.604172 -47.735366 5.994246 0.027395002 0.047453172 0.925271291 0.375327522
1561001069.491412163 -265.443971 -48.207616 5.962740 0.027801647 0.046497172 0.925608394 0.374585347
1561001069.590254784 -265.287394 -48.686647 5.933398 0.027176642 0.046692236 0.925756995 0.374239565
1561001069.691448450 -265.114534 -49.158206 5.901012 0.026039270 0.046977189 0.925404644 0.375155095
1561001069.790375471 -264.959512 -49.638317 5.865584 0.025695428 0.047714345 0.925178517 0.375643178
1561001069.891555548 -264.793125 -50.133391 5.831437 0.025650483 0.047511276 0.925134146 0.375781245
1561001069.991385698 -264.624481 -50.614997 5.796240 0.025928228 0.047131829 0.925205402 0.375634504
1561001070.091350317 -264.460215 -51.108162 5.758558 0.025632485 0.047208249 0.925120087 0.375855266
1561001070.191238165 -264.293632 -51.600722 5.728275 0.025375575 0.046806377 0.925227153 0.375659366
1561001070.289928913 -264.127697 -52.083384 5.701238 0.024871429 0.047000481 0.925365390 0.375328204
1561001070.392473221 -263.951666 -52.597220 5.666404 0.025401636 0.047322280 0.925168414 0.375737627
1561001070.481939077 -263.779768 -53.076396 5.628640 0.025009721 0.048189456 0.925297220 0.375336310
1561001070.583059311 -263.590775 -53.599307 5.597293 0.025052669 0.048598773 0.925377737 0.375082081
1561001070.683089256 -263.409602 -54.108201 5.561904 0.024509155 0.048718292 0.925228148 0.375471309
1561001070.782217503 -263.244721 -54.609986 5.530098 0.024487248 0.048365868 0.925248698 0.375467661
1561001070.883188009 -263.067590 -55.132648 5.496388 0.024647396 0.048783785 0.925504003 0.374773250
1561001070.983183146 -262.875452 -55.642408 5.461499 0.025015466 0.048866174 0.925292194 0.375260814
1561001071.082998991 -262.686856 -56.158861 5.427043 0.025645341 0.048860173 0.925331298 0.375122632
1561001071.183083773 -262.513287 -56.671996 5.392400 0.025610617 0.048726096 0.925326320 0.375154721
1561001071.282132864 -262.347520 -57.195928 5.362184 0.025603295 0.048984962 0.925393286 0.374956278
1561001071.383422852 -262.168891 -57.710079 5.330284 0.025656045 0.049672243 0.925456718 0.374705616
1561001071.483483076 -261.988587 -58.242497 5.293701 0.025097472 0.050674871 0.925241647 0.375140067
1561001071.583646774 -261.806884 -58.767252 5.261598 0.025107558 0.051166134 0.925404326 0.374671150
1561001071.683470726 -261.615569 -59.297565 5.229266 0.025068322 0.051174880 0.924937160 0.375824376
1561001071.782249451 -261.429957 -59.832598 5.196245 0.025674393 0.051622198 0.924602459 0.376545173
1561001071.883247137 -261.253739 -60.369108 5.171236 0.026297528 0.050905652 0.924512187 0.376821273
1561001071.983281374 -261.064415 -60.902217 5.135199 0.026654948 0.050622071 0.924409956 0.377085075
1561001072.083230257 -260.879995 -61.441648 5.093818 0.027203683 0.050585664 0.924480796 0.376877047
1561001072.183196306 -260.700636 -61.993736 5.061990 0.027778186 0.049936922 0.924275177 0.377425587
1561001072.283281565 -260.524767 -62.539676 5.027324 0.028065966 0.050153855 0.924066369 0.377886541
1561001072.383306742 -260.335738 -63.077231 4.993057 0.027912670 0.050645757 0.923916139 0.378199496
1561001072.483091116 -260.147706 -63.611335 4.958226 0.028065788 0.050936284 0.923818101 0.378388588
1561001072.583111048 -259.983352 -64.145505 4.925049 0.028045702 0.050987986 0.924116573 0.377653577
1561001072.683095932 -259.799122 -64.692040 4.888854 0.028017012 0.051685654 0.924024275 0.377786686
1561001072.781921387 -259.607242 -65.225025 4.851834 0.028503771 0.051913457 0.924174164 0.377352147
1561001072.883060217 -259.415517 -65.758946 4.815857 0.029194653 0.052331504 0.924210923 0.377151502
1561001072.983287334 -259.225567 -66.289630 4.780383 0.029896326 0.052627526 0.924214654 0.377046185
1561001073.082601309 -259.050805 -66.819349 4.747689 0.029906149 0.052873756 0.924536561 0.376220859
1561001073.185176849 -258.866251 -67.362677 4.713132 0.029647408 0.053196810 0.924565764 0.376124021
1561001073.283574343 -258.676360 -67.884126 4.680525 0.029209537 0.053354511 0.924609454 0.376028531
1561001073.383621693 -258.501787 -68.418436 4.651423 0.029381745 0.054284282 0.924771460 0.375483258
1561001073.483099222 -258.320006 -68.948792 4.617501 0.029773098 0.055125217 0.924728819 0.375434928
1561001073.582269430 -258.131616 -69.479263 4.580822 0.029310822 0.055736858 0.924830549 0.375130288
1561001073.683149099 -257.947953 -70.014395 4.547859 0.029049277 0.055363547 0.925007327 0.374769878
1561001073.781948090 -257.769252 -70.552636 4.520878 0.029262168 0.055201091 0.924872939 0.375108800
1561001073.883282185 -257.577058 -71.098252 4.486022 0.030018216 0.054738995 0.924928160 0.374980597
1561001073.982235670 -257.387964 -71.634064 4.451469 0.030033040 0.054687063 0.924914935 0.375019607
1561001074.083472252 -257.187149 -72.171145 4.413704 0.029545524 0.054710990 0.924902638 0.375085163
1561001074.183619499 -257.012341 -72.706782 4.380943 0.029177566 0.054029816 0.924740623 0.375611807
1561001074.282670736 -256.820290 -73.258854 4.348911 0.029310633 0.053551900 0.924862930 0.375368673
1561001074.383072138 -256.636923 -73.813136 4.315093 0.029323024 0.053221981 0.924841797 0.375466685
1561001074.482825279 -256.452659 -74.377016 4.280892 0.029320667 0.052721523 0.924961570 0.375242366
1561001074.583816051 -256.264545 -74.931551 4.240234 0.029206024 0.051872015 0.925136987 0.374937138
1561001074.683584929 -256.087249 -75.470840 4.207565 0.029202269 0.050837556 0.925269504 0.374752072
1561001074.782573938 -255.894034 -76.027293 4.172843 0.028930056 0.051201800 0.925627480 0.373838462
1561001074.883599281 -255.684966 -76.591108 4.136358 0.029004578 0.051852831 0.925804667 0.373303814
1561001074.982517719 -255.481334 -77.138952 4.096470 0.028978894 0.052359868 0.925750002 0.373370595
1561001075.083357573 -255.286566 -77.704866 4.058895 0.029182624 0.052375378 0.926088630 0.372511804
1561001075.184128046 -255.074794 -78.258844 4.020873 0.029204796 0.051695866 0.926213024 0.372295651
1561001075.283576488 -254.890734 -78.807527 3.984639 0.029533468 0.051183021 0.926126114 0.372556700
1561001075.384193420 -254.691388 -79.365501 3.947087 0.030625708 0.050436660 0.926462248 0.371733658
1561001075.482441187 -254.486135 -79.924207 3.910093 0.031007257 0.050369569 0.926372772 0.371934058
1561001075.584443092 -254.282209 -80.501121 3.868694 0.031112044 0.050322063 0.926408737 0.371842147
1561001075.684878588 -254.088279 -81.038565 3.830409 0.030678916 0.050124495 0.926577715 0.371483617
1561001075.783499002 -253.894249 -81.593261 3.791988 0.030593395 0.049881520 0.926517642 0.371673159
1561001075.884480476 -253.700815 -82.142360 3.755146 0.030237791 0.049870845 0.926643353 0.371390186
1561001075.983170748 -253.510036 -82.689818 3.717451 0.030084524 0.049867761 0.926801343 0.371008622
1561001076.084552526 -253.319185 -83.241957 3.680091 0.029897100 0.050083690 0.926822234 0.370942495
1561001076.184798956 -253.122614 -83.782374 3.645746 0.029904573 0.050325925 0.926875759 0.370775330
1561001076.282488346 -252.940390 -84.305879 3.610241 0.029933138 0.050691146 0.926862721 0.370755866
1561001076.384285212 -252.750828 -84.849809 3.575877 0.030185918 0.050881562 0.926982154 0.370410532
1561001076.482762575 -252.562778 -85.378695 3.540375 0.030312509 0.051749063 0.926991417 0.370256802
1561001076.583029270 -252.362721 -85.914925 3.505737 0.030984461 0.052130303 0.926975598 0.370187299
1561001076.684256077 -252.160432 -86.449424 3.467566 0.031385747 0.052239159 0.926727300 0.370759378
1561001076.782493114 -251.973473 -86.966766 3.433384 0.032103332 0.052539507 0.926328911 0.371650004
1561001076.884339333 -251.790180 -87.496912 3.398441 0.032541517 0.052583290 0.926380120 0.371478021
1561001076.983100176 -251.617814 -88.004069 3.361579 0.032852869 0.052539077 0.926125521 0.372091191
1561001077.084511042 -251.441430 -88.524116 3.324734 0.032986255 0.052449584 0.925898583 0.372656361
1561001077.184492826 -251.264636 -89.033689 3.293346 0.032909381 0.052291836 0.925918119 0.372636784
1561001077.282763243 -251.087228 -89.537369 3.261035 0.032777376 0.052703956 0.925679880 0.373181854
1561001077.384581327 -250.910243 -90.036620 3.226602 0.032554964 0.052665048 0.925398296 0.373904482
1561001077.483135462 -250.745334 -90.526983 3.196927 0.032557870 0.052544552 0.924857642 0.375256442
1561001077.584319115 -250.568759 -91.030673 3.163011 0.032544625 0.052892396 0.924894159 0.375118697
1561001077.684247017 -250.401692 -91.513288 3.125652 0.032577060 0.052182767 0.924678875 0.375745488
1561001077.782429457 -250.233087 -91.991253 3.092317 0.032217500 0.051301147 0.924802342 0.375594002
1561001077.884387255 -250.074817 -92.489094 3.063841 0.031969718 0.051261474 0.924575744 0.376178005
1561001077.983203411 -249.902261 -92.956938 3.034797 0.032048536 0.051035827 0.924335757 0.376791247
1561001078.084416151 -249.737722 -93.425638 3.004134 0.032122032 0.050561743 0.924344409 0.376827677
1561001078.184631824 -249.579282 -93.881264 2.972616 0.031815465 0.050868191 0.924063963 0.377499663
1561001078.282338142 -249.433137 -94.310416 2.946345 0.031674296 0.051306931 0.924187995 0.377148363
1561001078.384208202 -249.291361 -94.742973 2.923916 0.031844349 0.051477234 0.924035203 0.377485067
1561001078.482391357 -249.170141 -95.147943 2.899453 0.031682231 0.052888604 0.923982212 0.377433310
1561001078.582772493 -249.027398 -95.563651 2.874011 0.031301887 0.053559480 0.923844224 0.377708119
1561001078.684144497 -248.887932 -95.970200 2.847739 0.030781856 0.054070662 0.923562748 0.378365816
1561001078.784902334 -248.743571 -96.382394 2.817157 0.030505777 0.053882210 0.923518432 0.378523196
1561001078.884029627 -248.611171 -96.788013 2.793021 0.030537242 0.053777033 0.923280210 0.379116291
1561001078.983920813 -248.466233 -97.199617 2.770417 0.031088345 0.053884709 0.923044486 0.379629858
1561001079.085351944 -248.334137 -97.614345 2.748273 0.031444828 0.054363536 0.923292803 0.378927734
1561001079.185181856 -248.199080 -98.011580 2.723937 0.031917865 0.054734548 0.922959405 0.379646303
1561001079.283475876 -248.073615 -98.419041 2.695152 0.032074883 0.054810368 0.922935329 0.379680660
1561001079.385140181 -247.936733 -98.830219 2.666152 0.031615890 0.054684936 0.922975456 0.379639699
1561001079.483640909 -247.798625 -99.236613 2.640811 0.031352199 0.054365935 0.922837050 0.380043633
1561001079.585520744 -247.659470 -99.643121 2.618974 0.031017192 0.054473420 0.922701810 0.380383950
1561001079.685577631 -247.528343 -100.036300 2.596961 0.030726518 0.054971044 0.922655064 0.380449339
1561001079.783645391 -247.398713 -100.418663 2.575423 0.031406074 0.054625432 0.922899641 0.379849934
1561001079.885437727 -247.270774 -100.811226 2.549307 0.031561254 0.054705929 0.922817204 0.380025731
1561001079.985482454 -247.143805 -101.189459 2.526162 0.031587976 0.054332773 0.922896799 0.379883730
1561001080.085436821 -247.017857 -101.570862 2.506050 0.031587941 0.054502578 0.922971372 0.379678177
1561001080.185312510 -246.893949 -101.946922 2.483110 0.031281576 0.054992112 0.923063947 0.379407801
1561001080.284849644 -246.764144 -102.303961 2.461729 0.031311252 0.055153796 0.923373767 0.378627193
1561001080.385543823 -246.642049 -102.642055 2.439876 0.031912140 0.054666621 0.923479765 0.378389085
1561001080.484827042 -246.520272 -102.987088 2.414889 0.031702978 0.054075417 0.923680958 0.378000342
1561001080.585418224 -246.401808 -103.335764 2.393981 0.031655661 0.053767818 0.923721898 0.377948140
1561001080.685405970 -246.292882 -103.674620 2.373575 0.031327581 0.053896163 0.923756180 0.377873401
1561001080.784578800 -246.175903 -103.998687 2.354575 0.031224933 0.054045124 0.923887089 0.377540429
1561001080.885074615 -246.063044 -104.310048 2.335006 0.031325806 0.053908793 0.924041647 0.377173131
1561001080.983289003 -245.961332 -104.604359 2.317920 0.031286581 0.054123926 0.924427782 0.376198122
1561001081.084763527 -245.870160 -104.907936 2.299018 0.030926054 0.054341219 0.924518445 0.375973745
1561001081.184940577 -245.768942 -105.212839 2.278152 0.030810049 0.054476691 0.924694822 0.375529648
1561001081.283399343 -245.667257 -105.506734 2.258918 0.030196169 0.054009131 0.925243523 0.374293505
1561001081.385087013 -245.562357 -105.804937 2.242152 0.029528157 0.054108979 0.925060942 0.374783350
1561001081.483713627 -245.473624 -106.092093 2.229055 0.028948267 0.053631431 0.925308101 0.374286769
1561001081.585238934 -245.368419 -106.389801 2.214194 0.029323180 0.053842449 0.925572205 0.373573599
1561001081.686723471 -245.273932 -106.692404 2.198233 0.029801968 0.053786564 0.925652072 0.373345805
1561001081.786685944 -245.178421 -106.989871 2.181741 0.030107195 0.054270488 0.925578579 0.373433480
1561001081.887049198 -245.074382 -107.272906 2.158477 0.029670557 0.054250664 0.925659614 0.373270414
1561001081.985136747 -244.971922 -107.572056 2.134578 0.029765054 0.054452132 0.925527270 0.373561614
1561001082.087326765 -244.857099 -107.873160 2.111395 0.029210191 0.053709537 0.925629677 0.373459170
1561001082.186716318 -244.736048 -108.167004 2.096139 0.027194937 0.054458659 0.925736253 0.373238636
1561001082.285029411 -244.644740 -108.444556 2.097943 0.023533166 0.057159452 0.925917627 0.372633244
1561001082.386585474 -244.544470 -108.723495 2.106136 0.020871831 0.060728977 0.925484541 0.373302454
1561001082.484943867 -244.449714 -108.994439 2.106732 0.020009489 0.064221891 0.925478579 0.372779518
1561001082.587628126 -244.354484 -109.273748 2.098298 0.020273318 0.066496896 0.925355621 0.372671611
1561001082.686302662 -244.262492 -109.549596 2.076610 0.020402439 0.067926166 0.925594992 0.371811361
1561001082.787648916 -244.166463 -109.823446 2.046653 0.019858268 0.068311790 0.925634947 0.371670680
1561001082.887762547 -244.065157 -110.097450 2.017648 0.018794799 0.067669618 0.925577454 0.371986499
1561001082.987987041 -243.979313 -110.367868 1.998912 0.017768015 0.066763600 0.925802548 0.371640366
1561001083.087826014 -243.898764 -110.648683 1.990563 0.018292387 0.064464421 0.926134794 0.371192766
1561001083.188112020 -243.802565 -110.931005 1.988042 0.021705422 0.060382197 0.926099359 0.371783327
1561001083.287912607 -243.705100 -111.220770 1.980344 0.026223114 0.055557252 0.926411369 0.371466977
1561001083.387866974 -243.602211 -111.497336 1.968907 0.030200570 0.052042775 0.926407065 0.371684578
1561001083.486412525 -243.498694 -111.772157 1.951232 0.033029325 0.049961812 0.926509770 0.371473453
1561001083.587736607 -243.392228 -112.055212 1.929982 0.034715959 0.049798703 0.926371672 0.371685912
1561001083.687691212 -243.285733 -112.330110 1.911106 0.035707208 0.049486517 0.926664551 0.370902803
1561001083.786313534 -243.184813 -112.586427 1.890372 0.036010173 0.049545736 0.926513437 0.371242964
1561001083.887817860 -243.087767 -112.849927 1.869509 0.035735127 0.049241613 0.926617327 0.371050662
1561001083.986575603 -242.994265 -113.108982 1.849817 0.035392265 0.049017944 0.926807846 0.370637082
1561001084.088142633 -242.894363 -113.372577 1.833989 0.035396609 0.049108724 0.926749299 0.370771020
1561001084.189690351 -242.800375 -113.638603 1.814768 0.034834563 0.049823404 0.926928190 0.370281397
1561001084.288906097 -242.711369 -113.882698 1.795929 0.033806208 0.051178248 0.926846639 0.370396053
1561001084.389524937 -242.621815 -114.134492 1.774883 0.032579066 0.052657983 0.926910170 0.370139539
1561001084.487960339 -242.538304 -114.384476 1.758780 0.031326995 0.053583336 0.926919127 0.370092390
1561001084.589037180 -242.450206 -114.646341 1.744730 0.030331119 0.054485689 0.926820356 0.370290913
1561001084.687825203 -242.358728 -114.908146 1.733498 0.030464935 0.055297135 0.926904014 0.369950083
1561001084.788902998 -242.262263 -115.163701 1.719208 0.030947507 0.055691098 0.926912619 0.369829354
1561001084.888893366 -242.169136 -115.408254 1.701902 0.031137821 0.056024601 0.926902778 0.369787669
1561001084.989115000 -242.083840 -115.662452 1.685287 0.030527095 0.056731995 0.927005808 0.369472340
1561001085.089356422 -241.988491 -115.910317 1.668565 0.029478304 0.058258390 0.926921208 0.369532224
1561001085.188716888 -241.895908 -116.149645 1.653268 0.028488584 0.059481949 0.926898212 0.369472601
1561001085.288328886 -241.813152 -116.389452 1.642030 0.028123910 0.060181878 0.927157116 0.368736857
1561001085.389575005 -241.716323 -116.633264 1.630675 0.027897135 0.060685344 0.927349239 0.368188033
1561001085.489211321 -241.637856 -116.865432 1.617389 0.027759406 0.060733234 0.927362535 0.368157056
1561001085.589471102 -241.552101 -117.098236 1.602881 0.027339693 0.060586114 0.927679841 0.367412542
1561001085.689117432 -241.470258 -117.322856 1.592476 0.026703596 0.060587970 0.927992446 0.366668837
1561001085.789865255 -241.382582 -117.562377 1.585472 0.026547385 0.061063488 0.928176428 0.366135228
1561001085.889647245 -241.291878 -117.798904 1.574851 0.026403784 0.062078036 0.928476466 0.365213103
1561001085.988338232 -241.212824 -118.026147 1.565076 0.026139040 0.063081576 0.928944558 0.363867385
1561001086.089690447 -241.110743 -118.254016 1.549351 0.025536169 0.063706612 0.929473602 0.362447506
1561001086.188564301 -241.028932 -118.488905 1.540381 0.025355251 0.063780003 0.930063051 0.360932049
1561001086.289535522 -240.935862 -118.727256 1.529757 0.024495566 0.063596571 0.931001629 0.358596444
1561001086.389413595 -240.845288 -118.960595 1.521063 0.023829868 0.063859805 0.932032660 0.355906144
1561001086.489204407 -240.746242 -119.181628 1.513128 0.023303123 0.064363068 0.933240877 0.352669569
1561001086.590790749 -240.626641 -119.405367 1.503479 0.022650601 0.065270159 0.934336923 0.349630193
1561001086.689782381 -240.523924 -119.636516 1.499553 0.023084997 0.066123827 0.935734724 0.345680849
1561001086.789778709 -240.406715 -119.864933 1.476895 0.022672960 0.065931734 0.937439968 0.341094194
1561001086.890481472 -240.291643 -120.091983 1.451880 0.020574110 0.064517301 0.939301328 0.336343931
1561001086.989774704 -240.169176 -120.319497 1.437031 0.017657058 0.062230837 0.941290455 0.331342468
1561001087.090443134 -240.048934 -120.559708 1.441344 0.016649534 0.061998290 0.943336995 0.325567687
1561001087.189140797 -239.928643 -120.805386 1.450101 0.016598322 0.063384875 0.945772504 0.318152831
1561001087.290183783 -239.788278 -121.029653 1.442845 0.016538174 0.065166301 0.948340317 0.310049166
1561001087.390208960 -239.635354 -121.249006 1.420607 0.015530503 0.065454262 0.950960867 0.301907226
1561001087.489197493 -239.483663 -121.478525 1.398744 0.013620733 0.064527304 0.953876913 0.292864368
1561001087.590369701 -239.331309 -121.708693 1.392207 0.012444756 0.063160283 0.956831684 0.283423772
1561001087.689253092 -239.161776 -121.925364 1.387837 0.011794902 0.062982807 0.959612381 0.273930876
1561001087.790531874 -238.987080 -122.155070 1.384264 0.011741261 0.064601792 0.962280811 0.264015894
1561001087.890367508 -238.795538 -122.354598 1.358740 0.010309359 0.065370037 0.965242890 0.252837179
1561001087.989744425 -238.608738 -122.567375 1.332234 0.007542177 0.064107365 0.968427631 0.240793034
1561001088.090362787 -238.422762 -122.792098 1.325308 0.007503260 0.061215873 0.971271970 0.229841421
1561001088.189782381 -238.227498 -123.017282 1.321284 0.008741516 0.060011917 0.974116343 0.217760203
1561001088.290704012 -238.004163 -123.228826 1.321119 0.009617189 0.060287455 0.976816929 0.205186791
1561001088.383211851 -237.778116 -123.419749 1.305668 0.009106621 0.061662401 0.979300115 0.192577525
1561001088.481944084 -237.537049 -123.628910 1.283545 0.006701874 0.062574292 0.981944482 0.178394441
1561001088.583049536 -237.297473 -123.829773 1.255781 0.003894188 0.061453228 0.984406675 0.164778134
1561001088.682126045 -237.042350 -124.033900 1.239028 0.002204506 0.058621774 0.986847961 0.150631104
1561001088.782938957 -236.784458 -124.230089 1.222594 0.001769509 0.055930340 0.989065642 0.136447139
1561001088.882764816 -236.508342 -124.415824 1.206060 0.001868552 0.053815837 0.991143899 0.121384245
1561001088.982557535 -236.225888 -124.603374 1.196139 0.002674781 0.053244562 0.992916854 0.106179010
1561001089.082492590 -235.945798 -124.781259 1.179087 0.004115234 0.052880913 0.994491847 0.090402656
1561001089.181574821 -235.639292 -124.945080 1.160899 0.004939277 0.053020953 0.995779604 0.074748667
1561001089.281428576 -235.323482 -125.104096 1.134082 0.005035857 0.052590675 0.996859249 0.058995752
1561001089.382590294 -234.983156 -125.245249 1.096313 0.003881667 0.050885506 0.997789593 0.042562035
1561001089.481361389 -234.640874 -125.388664 1.063461 0.001773491 0.047547419 0.998532134 0.025878068
1561001089.582539797 -234.294401 -125.541039 1.044303 -0.000264182 0.044398715 0.998974556 0.008861151
1561001089.681478024 -233.947406 -125.682630 1.031457 -0.002104527 0.042691942 0.999052115 -0.008236585
1561001089.782533884 -233.567524 -125.807628 1.013472 -0.003185196 0.042289043 0.998783466 -0.025161055
1561001089.882657528 -233.209114 -125.909355 0.995002 -0.003499861 0.041348675 0.998204450 -0.043196228
1561001089.982871771 -232.813941 -126.016274 0.962792 -0.004154040 0.041315847 0.997324751 -0.060158833
1561001090.082680941 -232.406468 -126.100597 0.923390 -0.005760122 0.040253858 0.996124966 -0.077983971
1561001090.181905270 -231.982422 -126.175058 0.889985 -0.007158993 0.037685822 0.994734003 -0.095040998
1561001090.282462835 -231.565014 -126.233822 0.862261 -0.008094142 0.034844906 0.992911146 -0.113348021
1561001090.382484913 -231.126438 -126.288652 0.832085 -0.009210541 0.032187165 0.990820680 -0.130971495
1561001090.482252598 -230.677622 -126.320143 0.798362 -0.010482143 0.029434006 0.988244577 -0.149654335
1561001090.582631588 -230.229971 -126.343325 0.771387 -0.011583382 0.026617642 0.985362424 -0.167982799
1561001090.681511641 -229.785172 -126.342685 0.743334 -0.011958136 0.023978411 0.982019031 -0.186870710
1561001090.782689095 -229.319164 -126.332219 0.711217 -0.011619824 0.022212237 0.978372533 -0.205326042
1561001090.882676601 -228.848358 -126.305739 0.682669 -0.011320460 0.020108385 0.974338271 -0.223902732
1561001090.981528997 -228.360674 -126.243284 0.640405 -0.012367861 0.017835281 0.969940455 -0.242372548
1561001091.082626343 -227.862764 -126.173231 0.608062 -0.013731174 0.014563567 0.965291384 -0.260407184
1561001091.181734085 -227.364566 -126.082353 0.576734 -0.014446062 0.012118221 0.960361064 -0.278120632
1561001091.283236027 -226.853884 -125.984706 0.548008 -0.014997724 0.011257909 0.955392441 -0.294743298
1561001091.383074284 -226.349618 -125.865784 0.516810 -0.014970881 0.010430024 0.950328642 -0.310712986
1561001091.483327389 -225.840306 -125.725732 0.484118 -0.015320563 0.010160231 0.945725887 -0.324445058
1561001091.583764553 -225.324393 -125.555928 0.444686 -0.016882278 0.010496284 0.941620531 -0.336088667
1561001091.687133789 -224.813057 -125.381297 0.410308 -0.017930171 0.010741044 0.937464379 -0.347453129
1561001091.787733078 -224.294607 -125.221498 0.372599 -0.018931096 0.010670246 0.933882190 -0.356919900
1561001091.887940884 -223.768787 -125.025346 0.336583 -0.019624238 0.009628400 0.930938923 -0.364520101
1561001091.986210823 -223.243107 -124.854477 0.301537 -0.020770456 0.008774026 0.927910596 -0.372120318
1561001092.087533474 -222.685680 -124.665131 0.266327 -0.021691483 0.008687126 0.925454759 -0.378136883
1561001092.186325550 -222.148088 -124.468646 0.230716 -0.021879047 0.008090295 0.922957666 -0.384193963
1561001092.287664652 -221.598029 -124.270245 0.192492 -0.022388421 0.006703558 0.920568288 -0.389881839
1561001092.387819529 -221.036868 -124.052366 0.157774 -0.021670819 0.005857534 0.917932908 -0.396100040
1561001092.487199306 -220.473590 -123.830837 0.119154 -0.021524740 0.004577740 0.915275469 -0.402226983
1561001092.587547064 -219.878514 -123.591440 0.076323 -0.021095117 0.002963589 0.912561337 -0.408384647
1561001092.686241150 -219.284160 -123.333757 0.034169 -0.021207114 0.001045513 0.909975171 -0.414118768
1561001092.787710190 -218.698727 -123.077786 -0.004146 -0.021457109 -0.000870391 0.907185251 -0.420183003
1561001092.887659550 -218.117957 -122.811562 -0.042730 -0.022299155 -0.002817772 0.904360555 -0.426176952
1561001092.989364862 -217.518148 -122.521207 -0.074696 -0.023095469 -0.004083219 0.901361631 -0.432431655
1561001093.089314938 -216.911381 -122.219511 -0.116139 -0.024291433 -0.005394149 0.898256191 -0.438767188
1561001093.187972784 -216.313869 -121.905607 -0.155629 -0.024836494 -0.007877555 0.895143754 -0.445015452
1561001093.288154364 -215.704024 -121.586127 -0.191314 -0.025616658 -0.010218837 0.892055937 -0.451082661
1561001093.389076948 -215.089690 -121.243911 -0.218983 -0.026285968 -0.010713993 0.889048481 -0.456932223
1561001093.487618446 -214.497032 -120.911582 -0.248706 -0.026294382 -0.009757468 0.886510969 -0.461856794
1561001093.589133263 -213.890849 -120.553372 -0.287097 -0.026632113 -0.009358449 0.884642841 -0.465414003
1561001093.689300299 -213.292400 -120.203892 -0.333333 -0.027175884 -0.010564829 0.882687431 -0.469055173
1561001093.789328098 -212.680986 -119.845878 -0.367900 -0.027395942 -0.012297801 0.880612774 -0.472884096
1561001093.889569044 -212.057607 -119.492789 -0.395547 -0.027615170 -0.012587346 0.879123734 -0.475626347
1561001093.989547729 -211.444736 -119.120080 -0.427509 -0.027643466 -0.012284844 0.877299210 -0.478989579
1561001094.089104176 -210.821969 -118.717450 -0.462503 -0.027655324 -0.012102942 0.875737248 -0.481843309
1561001094.188892841 -210.200130 -118.315693 -0.503760 -0.027181367 -0.012681437 0.874508263 -0.484082278
1561001094.288731098 -209.580676 -117.919349 -0.537437 -0.026753217 -0.013548571 0.873056015 -0.486696925
1561001094.390043020 -208.949181 -117.509049 -0.569297 -0.026894781 -0.013399920 0.871757245 -0.489015766
1561001094.488033533 -208.348207 -117.128198 -0.598052 -0.027633829 -0.013183227 0.870183223 -0.491776100
1561001094.589184999 -207.733368 -116.723056 -0.629989 -0.028323282 -0.012954956 0.868463861 -0.494773163
1561001094.687920570 -207.120958 -116.314837 -0.666166 -0.028055299 -0.012998166 0.867262308 -0.496890367
1561001094.789109945 -206.509432 -115.896543 -0.704465 -0.027315550 -0.013867142 0.865913047 -0.499255604
1561001094.890449286 -205.898650 -115.483859 -0.739081 -0.025878161 -0.014674730 0.864805602 -0.501224745
1561001094.987658262 -205.304123 -115.089432 -0.780949 -0.024656128 -0.016384939 0.863814017 -0.502940308
1561001095.088873148 -204.703375 -114.673009 -0.818454 -0.024362468 -0.018999478 0.862902564 -0.504425074
1561001095.187623024 -204.110943 -114.267669 -0.856919 -0.026607937 -0.022392896 0.862236629 -0.505310372
1561001095.288948059 -203.515560 -113.851520 -0.881083 -0.032351090 -0.025611751 0.861729491 -0.505687383
1561001095.388879299 -202.955980 -113.441990 -0.858944 -0.042015161 -0.026243674 0.860940513 -0.506287891
1561001095.489067078 -202.377956 -113.060978 -0.853589 -0.050037688 -0.024791279 0.860019390 -0.507196482
1561001095.588995218 -201.813881 -112.690411 -0.859269 -0.052235026 -0.023216536 0.859115157 -0.508580025
1561001095.687527657 -201.239439 -112.312276 -0.890731 -0.046057207 -0.023927144 0.858210637 -0.510666944
1561001095.790446520 -200.622480 -111.892624 -0.944645 -0.047403936 -0.029919486 0.856751149 -0.512674517
1561001095.890566111 -200.024138 -111.454971 -0.979154 -0.044765121 -0.033047487 0.855658571 -0.514540919
1561001095.990632296 -199.406281 -110.980772 -1.028893 -0.041262608 -0.035051443 0.855209640 -0.515446665
1561001096.090689659 -198.841158 -110.488734 -1.090772 -0.034404673 -0.032174990 0.856037168 -0.514763495
1561001096.189648628 -198.302277 -110.070769 -1.128826 -0.022178235 -0.015798386 0.857871533 -0.513142251
1561001096.290751934 -197.729800 -109.688295 -1.166498 -0.029326418 -0.015647992 0.858743285 -0.511326775
1561001096.390650988 -197.152537 -109.302765 -1.187613 -0.037691174 -0.017929924 0.859124894 -0.510061085
1561001096.489273310 -196.557727 -108.929202 -1.192694 -0.038660856 -0.015799348 0.859151066 -0.510014868
1561001096.590278149 -195.950642 -108.545351 -1.214248 -0.035888020 -0.013709833 0.859135067 -0.510304837
1561001096.689218998 -195.363490 -108.128674 -1.249408 -0.031739254 -0.012102409 0.859034190 -0.510789988
1561001096.790377855 -194.745626 -107.679109 -1.284791 -0.028968200 -0.011419050 0.859703974 -0.509842647
1561001096.890539169 -194.127993 -107.240353 -1.322034 -0.029351868 -0.012482091 0.859995450 -0.509303927
1561001096.990397930 -193.510345 -106.806421 -1.353222 -0.031281939 -0.012931235 0.860374338 -0.508537336
1561001097.090426683 -192.897093 -106.376358 -1.374104 -0.032625023 -0.012494686 0.860871386 -0.507621854
1561001097.189634085 -192.275755 -105.953167 -1.401651 -0.033497112 -0.011251965 0.860882915 -0.507574569
1561001097.290754557 -191.629067 -105.510402 -1.443207 -0.033433991 -0.010602839 0.861111087 -0.507205524
1561001097.390887499 -190.990877 -105.080054 -1.474799 -0.031414064 -0.010465197 0.861303915 -0.507010061
1561001097.490662813 -190.356432 -104.640777 -1.504280 -0.030352463 -0.010910454 0.861690902 -0.506407424
1561001097.590381384 -189.701411 -104.209397 -1.533846 -0.030422476 -0.010629878 0.861606127 -0.506553414
1561001097.690352201 -189.072496 -103.772146 -1.561027 -0.030835084 -0.010337802 0.861599491 -0.506545797
1561001097.790328741 -188.419714 -103.332302 -1.598167 -0.032114283 -0.010507775 0.861724042 -0.506250862
1561001097.889655590 -187.757007 -102.880041 -1.631151 -0.032286473 -0.010157831 0.861686281 -0.506311322
1561001097.990451336 -187.087126 -102.427531 -1.660791 -0.031732566 -0.009921276 0.861754499 -0.506234922
1561001098.090381145 -186.422949 -101.978856 -1.694907 -0.031638528 -0.009619394 0.861641919 -0.506438223
1561001098.189395189 -185.755288 -101.527978 -1.725220 -0.031804949 -0.008987186 0.861598612 -0.506513087
1561001098.290576696 -185.094106 -101.063889 -1.750983 -0.031885003 -0.008166424 0.861651015 -0.506432804
1561001098.390345812 -184.435270 -100.601169 -1.784915 -0.033025780 -0.007603139 0.861902897 -0.505939608
1561001098.490567923 -183.754980 -100.142759 -1.822666 -0.032950724 -0.007843289 0.862018926 -0.505743121
1561001098.590574980 -183.068564 -99.675252 -1.855177 -0.032258958 -0.007692246 0.862135671 -0.505591015
1561001098.689329624 -182.390460 -99.221963 -1.888195 -0.031688064 -0.007457020 0.862259323 -0.505419746
1561001098.790410042 -181.703198 -98.760380 -1.921719 -0.031516530 -0.007537329 0.862055067 -0.505777578
1561001098.890415907 -181.015052 -98.294786 -1.954211 -0.031867179 -0.007241460 0.862196817 -0.505518242
1561001098.990550041 -180.309336 -97.832436 -1.988261 -0.032940234 -0.007507177 0.862128945 -0.505561337
1561001099.090441942 -179.605079 -97.356373 -2.020506 -0.033514258 -0.007613594 0.862322926 -0.505191052
1561001099.189242125 -178.908241 -96.870009 -2.053614 -0.033806374 -0.007957825 0.862760612 -0.504418406
1561001099.290369034 -178.216347 -96.385557 -2.088732 -0.032594022 -0.009192131 0.863365021 -0.503442127
1561001099.390451670 -177.523307 -95.906549 -2.126955 -0.030598931 -0.010142522 0.864057823 -0.502359347
1561001099.489946127 -176.805275 -95.432256 -2.157496 -0.029806641 -0.012605922 0.864683972 -0.501272664
1561001099.590730429 -176.101758 -94.965617 -2.179624 -0.031264817 -0.012551875 0.865079621 -0.500501959
1561001099.689605474 -175.406799 -94.499142 -2.204495 -0.033454768 -0.012165155 0.865726999 -0.499248987
1561001099.790673971 -174.706699 -94.048987 -2.231724 -0.035735772 -0.011587860 0.865857441 -0.498878311
1561001099.890444994 -174.012590 -93.586286 -2.256331 -0.035574208 -0.010210545 0.866488121 -0.497823821
1561001099.990074396 -173.321463 -93.128944 -2.280936 -0.034734954 -0.008834274 0.866874228 -0.497236877
1561001100.090720892 -172.620328 -92.677388 -2.312373 -0.033711289 -0.007272589 0.867153231 -0.496845984
1561001100.189621210 -171.932100 -92.231063 -2.341180 -0.032532355 -0.006032152 0.867616956 -0.496131108
1561001100.290729523 -171.218952 -91.770529 -2.373263 -0.031756681 -0.005158678 0.867963989 -0.495583913
1561001100.390028238 -170.511942 -91.306612 -2.402327 -0.031256506 -0.003636093 0.868825310 -0.494117790
1561001100.490555763 -169.802621 -90.841703 -2.434061 -0.031826765 -0.003266489 0.869140629 -0.493529081
1561001100.590602636 -169.094667 -90.392321 -2.469811 -0.033039470 -0.002692513 0.869361332 -0.493063908
1561001100.690161467 -168.393401 -89.956114 -2.509787 -0.033353965 -0.002457406 0.870029843 -0.491863342
1561001100.790366173 -167.694296 -89.503010 -2.545990 -0.032553946 -0.003271359 0.870523517 -0.491038029
1561001100.889676809 -166.990341 -89.068080 -2.577072 -0.030612315 -0.003417163 0.871107284 -0.490125809
1561001100.989704609 -166.284195 -88.630895 -2.613507 -0.030008689 -0.003285236 0.871601793 -0.489284170
1561001101.090593576 -165.573460 -88.188366 -2.647365 -0.029365067 -0.003709169 0.872031210 -0.488554504
1561001101.190384626 -164.882463 -87.755018 -2.685704 -0.029279949 -0.004584644 0.872651078 -0.487444112
1561001101.290536880 -164.176949 -87.318433 -2.720784 -0.029228792 -0.005479385 0.873092849 -0.486646208
1561001101.389741421 -163.471642 -86.882528 -2.759201 -0.028844017 -0.005558154 0.873405256 -0.486107384
1561001101.489724636 -162.740212 -86.438371 -2.796173 -0.028707286 -0.004829285 0.873875411 -0.485277586
1561001101.590873003 -162.028337 -86.007631 -2.829025 -0.028490554 -0.004772588 0.874516380 -0.484134911
1561001101.689607620 -161.328931 -85.587740 -2.866699 -0.029354965 -0.006530212 0.874711403 -0.483710248
1561001101.790672779 -160.609000 -85.166856 -2.901381 -0.029773176 -0.008202058 0.874928878 -0.483265707
1561001101.889776468 -159.917418 -84.751536 -2.929216 -0.030141782 -0.008761846 0.875269841 -0.482615177
1561001101.989432812 -159.213394 -84.330680 -2.964498 -0.029998817 -0.008892175 0.875508184 -0.482189195
1561001102.090445757 -158.515863 -83.918293 -2.997285 -0.029449099 -0.010117149 0.875502921 -0.482208491
1561001102.189796686 -157.813622 -83.496088 -3.032317 -0.030066951 -0.010841284 0.875949732 -0.481342407
1561001102.290591717 -157.107079 -83.077826 -3.058580 -0.031147818 -0.011412254 0.876106840 -0.480974406
1561001102.390011549 -156.412032 -82.667164 -3.087159 -0.033312369 -0.012328222 0.876379711 -0.480309174
1561001102.490508556 -155.727954 -82.250864 -3.115874 -0.034501931 -0.013348848 0.876328041 -0.480292192
1561001102.590492249 -155.029264 -81.841960 -3.147631 -0.033723158 -0.014663212 0.876711031 -0.479609745
1561001102.689715862 -154.329594 -81.438189 -3.168302 -0.033842891 -0.015142602 0.876887834 -0.479263066
1561001102.790379286 -153.635803 -81.024841 -3.186177 -0.038983445 -0.016146393 0.876942274 -0.478739838
1561001102.889591217 -152.949738 -80.626410 -3.198648 -0.044870915 -0.017789558 0.877059741 -0.477950148
1561001102.990125179 -152.281568 -80.234891 -3.211375 -0.046759220 -0.019436263 0.877175599 -0.477492173
1561001103.090093851 -151.617703 -79.832740 -3.220704 -0.040637115 -0.018704832 0.876878525 -0.478625958
1561001103.188939810 -150.948511 -79.398035 -3.288721 -0.035477970 -0.018009991 0.876268299 -0.480177906
1561001103.290109634 -150.262337 -78.947663 -3.380447 -0.028732121 -0.014848145 0.876283013 -0.480709973
1561001103.389504194 -149.567661 -78.540944 -3.401758 -0.017632732 -0.013126191 0.876564186 -0.480782713
1561001103.490766764 -148.868401 -78.131134 -3.420175 -0.020099810 -0.012700830 0.877136967 -0.479651360
1561001103.591040850 -148.164220 -77.721559 -3.436022 -0.026721902 -0.011461408 0.877691089 -0.478343944
1561001103.689350843 -147.505188 -77.330407 -3.467733 -0.034290736 -0.010201680 0.877432101 -0.478364903
1561001103.790859938 -146.826778 -76.937219 -3.506103 -0.036628573 -0.010687078 0.877384995 -0.478267398
1561001103.889698267 -146.186235 -76.559727 -3.533648 -0.036234812 -0.011390240 0.877939713 -0.477262152
1561001103.990520477 -145.502893 -76.161540 -3.553215 -0.033221369 -0.010444929 0.877939431 -0.477503507
1561001104.082731485 -144.862006 -75.772201 -3.577732 -0.032548853 -0.008806479 0.878122523 -0.477246113
1561001104.181656361 -144.172556 -75.368349 -3.615160 -0.033097255 -0.008125383 0.878575087 -0.476386782
1561001104.282799006 -143.487146 -74.971809 -3.650451 -0.033065253 -0.008653585 0.878803621 -0.475957981
1561001104.382025242 -142.829942 -74.591945 -3.676383 -0.032637186 -0.009743525 0.879336466 -0.474981323
1561001104.482827663 -142.162300 -74.207013 -3.706923 -0.032316799 -0.009644009 0.879485522 -0.474729222
1561001104.582721710 -141.503865 -73.813489 -3.733226 -0.030885464 -0.010002462 0.879716652 -0.474388713
1561001104.681437254 -140.858820 -73.445652 -3.760729 -0.030351018 -0.010264708 0.879901826 -0.474074075
1561001104.782527924 -140.196223 -73.074992 -3.788362 -0.029955086 -0.009992870 0.880394688 -0.473189211
1561001104.881752968 -139.571919 -72.731458 -3.815212 -0.030347225 -0.009889744 0.880554181 -0.472869509
1561001104.982408285 -138.954227 -72.374174 -3.845530 -0.031440682 -0.010066420 0.880402312 -0.473077077
1561001105.083443165 -138.343149 -72.027483 -3.874396 -0.031662211 -0.010590233 0.880934428 -0.472059196
1561001105.182689190 -137.750427 -71.696493 -3.895936 -0.031825582 -0.010602781 0.881030331 -0.471868911
1561001105.284148932 -137.141702 -71.350241 -3.921343 -0.032331026 -0.009715923 0.881623022 -0.470745317
1561001105.382358551 -136.561663 -71.024023 -3.947658 -0.032668796 -0.009762619 0.881591008 -0.470780985
1561001105.482003927 -135.967952 -70.703779 -3.976608 -0.032323208 -0.010422610 0.882005536 -0.470013631
1561001105.583657503 -135.361939 -70.361016 -4.007480 -0.032065737 -0.011072619 0.882382650 -0.469308049
1561001105.681514263 -134.776614 -70.022516 -4.029325 -0.031136468 -0.011950029 0.882570755 -0.468995287
1561001105.782574654 -134.165944 -69.681148 -4.050109 -0.030860413 -0.011198717 0.882854940 -0.468496936
1561001105.882048607 -133.569309 -69.370362 -4.074007 -0.031620022 -0.009844813 0.883231738 -0.467765914
1561001105.983881950 -132.975912 -69.039884 -4.101307 -0.033007869 -0.008981337 0.883125743 -0.467887527
1561001106.083759308 -132.401802 -68.712342 -4.131556 -0.033938418 -0.008741377 0.883444146 -0.467223943
1561001106.181709290 -131.817523 -68.390564 -4.159496 -0.033591751 -0.009149148 0.883711096 -0.466736100
1561001106.283956289 -131.224512 -68.061154 -4.180368 -0.032276221 -0.009183659 0.883975517 -0.466327343
1561001106.381919622 -130.658865 -67.757910 -4.205019 -0.030486493 -0.008734346 0.884225893 -0.465981605
1561001106.483802080 -130.087002 -67.443821 -4.234210 -0.029182989 -0.009237876 0.884403375 -0.465718461
1561001106.583737135 -129.515114 -67.129187 -4.265447 -0.028875126 -0.009720563 0.884426842 -0.465683260
1561001106.681407452 -128.980225 -66.826162 -4.290695 -0.029066956 -0.010899764 0.884663764 -0.465194939
1561001106.783570051 -128.433586 -66.532314 -4.319150 -0.029490637 -0.012424794 0.884857554 -0.464761269
1561001106.881993532 -127.903196 -66.249309 -4.339898 -0.030190296 -0.014014802 0.884793774 -0.464792544
1561001106.983604193 -127.366191 -65.952739 -4.356921 -0.033664358 -0.013718713 0.885409166 -0.463388732
1561001107.083695889 -126.861067 -65.678221 -4.360083 -0.040362677 -0.012237367 0.885417430 -0.462879115
1561001107.181663513 -126.374112 -65.412435 -4.372973 -0.046516473 -0.012632944 0.885486502 -0.462158285
1561001107.283364534 -125.861673 -65.151091 -4.393781 -0.049261412 -0.014052979 0.885702765 -0.461417858
1561001107.381760359 -125.365835 -64.892596 -4.405760 -0.048621795 -0.015501541 0.886000553 -0.460867274
1561001107.483498096 -124.871759 -64.629494 -4.408473 -0.043446343 -0.015554542 0.886076344 -0.461236581
1561001107.583665133 -124.374209 -64.374732 -4.428885 -0.036244820 -0.014470548 0.886246091 -0.461567743
1561001107.683578253 -123.855798 -64.096545 -4.462527 -0.027963701 -0.013273180 0.886811161 -0.461094154
1561001107.783552885 -123.331969 -63.804050 -4.501985 -0.022169829 -0.012894836 0.886916337 -0.461217555
1561001107.881962061 -122.805895 -63.512809 -4.535888 -0.018396925 -0.013263350 0.887396299 -0.460449178
1561001107.982778072 -122.261963 -63.228376 -4.567962 -0.017640374 -0.012686918 0.887971069 -0.459385720
1561001108.083726645 -121.710985 -62.946356 -4.595934 -0.019522487 -0.010940308 0.888455591 -0.458416672
1561001108.183215380 -121.169890 -62.664231 -4.635431 -0.024143268 -0.010245821 0.889005073 -0.457145606
1561001108.283457518 -120.636999 -62.388023 -4.672598 -0.027491511 -0.009976620 0.889419062 -0.456156131
1561001108.381596327 -120.108742 -62.113308 -4.714925 -0.029764738 -0.011001178 0.889893514 -0.455063257
1561001108.483378649 -119.553388 -61.826335 -4.745888 -0.030911006 -0.012544186 0.890644503 -0.453474940
1561001108.583629370 -118.992513 -61.547086 -4.771374 -0.031723151 -0.013834173 0.891096867 -0.452491581
1561001108.684821367 -118.423817 -61.269824 -4.792757 -0.031844810 -0.014054240 0.891875382 -0.450939785
1561001108.783529997 -117.861728 -60.986225 -4.818969 -0.032805393 -0.014166565 0.892214267 -0.450196419
1561001108.884225368 -117.269392 -60.692646 -4.848476 -0.033221711 -0.014624587 0.892782564 -0.449023088
1561001108.984730244 -116.679786 -60.408622 -4.879183 -0.032693329 -0.014225809 0.893173100 -0.448297430
1561001109.086652040 -116.092555 -60.105948 -4.910603 -0.031689586 -0.013881612 0.893483885 -0.447760670
1561001109.186089754 -115.495011 -59.819578 -4.942226 -0.030662803 -0.013661131 0.893868338 -0.447071092
1561001109.287386417 -114.890698 -59.520325 -4.970851 -0.030573281 -0.013909203 0.893753944 -0.447298217
1561001109.385946989 -114.286842 -59.227941 -4.991850 -0.031583106 -0.013148586 0.894160467 -0.446437769
1561001109.487315893 -113.669189 -58.924792 -5.006014 -0.033759115 -0.010148432 0.894183242 -0.446311171
1561001109.588815928 -113.056108 -58.609643 -5.033020 -0.036473968 -0.007453441 0.894361029 -0.445794175
1561001109.687434673 -112.452220 -58.300745 -5.066573 -0.038671772 -0.006987661 0.894271903 -0.445795279
1561001109.789162874 -111.832736 -57.990979 -5.096734 -0.040225249 -0.006910704 0.894355668 -0.445490866
1561001109.887689352 -111.204826 -57.690721 -5.115420 -0.039633027 -0.006182274 0.894639587 -0.444984283
1561001109.989278793 -110.551614 -57.368409 -5.133628 -0.037837853 -0.004461225 0.894454245 -0.445533387
1561001110.089261293 -109.912807 -57.050421 -5.167337 -0.035193313 -0.003686195 0.894801260 -0.445060163
1561001110.189591169 -109.263169 -56.721176 -5.209782 -0.032412190 -0.004061096 0.895071475 -0.444724648
1561001110.288885593 -108.605609 -56.402918 -5.245335 -0.030497046 -0.005109536 0.895359319 -0.444269639
1561001110.390015364 -107.934483 -56.079870 -5.278742 -0.030282773 -0.005894702 0.895535234 -0.443919870
1561001110.489656448 -107.262672 -55.749877 -5.311611 -0.031603353 -0.006525036 0.895937995 -0.443005374
1561001110.589281321 -106.581757 -55.421832 -5.345601 -0.032995863 -0.006889783 0.896017086 -0.442738280
1561001110.690397978 -105.904702 -55.092792 -5.383100 -0.033452231 -0.008676858 0.896305670 -0.442088008
1561001110.790363073 -105.214359 -54.773039 -5.415143 -0.033167782 -0.010590565 0.896685770 -0.441296235
1561001110.889260530 -104.512129 -54.450435 -5.441559 -0.032434743 -0.010840057 0.897012743 -0.440679724
1561001110.990275145 -103.803548 -54.119166 -5.469981 -0.032103219 -0.010364440 0.897352818 -0.440022591
1561001111.090206861 -103.101168 -53.788603 -5.499700 -0.032612637 -0.009813504 0.897748903 -0.439189047
1561001111.190068722 -102.380906 -53.451791 -5.540298 -0.033779555 -0.010688945 0.898130705 -0.438298898
1561001111.290091276 -101.663581 -53.110434 -5.568083 -0.034076402 -0.010951344 0.898358009 -0.437803329
1561001111.389412880 -100.931245 -52.774470 -5.598859 -0.034083488 -0.010101208 0.898713748 -0.437092532
1561001111.490041971 -100.197970 -52.427685 -5.639418 -0.033088528 -0.009578330 0.898926856 -0.436742387
1561001111.589027405 -99.466120 -52.090807 -5.676990 -0.031933360 -0.009322578 0.899234866 -0.436199501
1561001111.690150738 -98.721390 -51.739177 -5.713052 -0.031382823 -0.009491413 0.899846176 -0.434973437
1561001111.790184498 -97.975057 -51.389190 -5.755269 -0.031610987 -0.010534647 0.900317600 -0.433956203
1561001111.890267611 -97.214749 -51.049557 -5.794463 -0.032067402 -0.011929558 0.900967228 -0.432536036
1561001111.990479469 -96.443841 -50.705384 -5.842961 -0.033163515 -0.013898424 0.901673132 -0.430920618
1561001112.089253664 -95.680418 -50.371140 -5.871720 -0.034162607 -0.015445125 0.902365771 -0.429337140
1561001112.190056801 -94.903985 -50.031774 -5.886653 -0.038418664 -0.015055658 0.902896669 -0.427872572
1561001112.290314913 -94.128167 -49.691780 -5.903604 -0.044495164 -0.014746401 0.903461316 -0.426099020
1561001112.389015675 -93.354881 -49.359232 -5.929373 -0.046533436 -0.015199658 0.903855207 -0.425028675
1561001112.490427732 -92.556466 -49.026064 -5.962229 -0.040230024 -0.015793670 0.904347658 -0.424602659
1561001112.590256214 -91.766018 -48.693123 -6.000488 -0.027930743 -0.015131163 0.904769974 -0.424714276
1561001112.690253973 -90.939691 -48.325883 -6.056056 -0.016081118 -0.012427234 0.904978198 -0.424972260
1561001112.789028406 -90.121204 -47.957870 -6.128846 -0.012409502 -0.009552343 0.905369026 -0.424336757
1561001112.890160561 -89.270777 -47.565450 -6.203040 -0.019197427 -0.009237938 0.905817182 -0.423132783
1561001112.990030527 -88.425614 -47.198847 -6.254491 -0.030511586 -0.010041040 0.906464809 -0.421057919
1561001113.089967012 -87.606617 -46.844734 -6.287325 -0.037845753 -0.010388176 0.906742607 -0.419854295
1561001113.189855099 -86.790357 -46.515223 -6.318217 -0.037917497 -0.010445104 0.906916597 -0.419470439
1561001113.289675474 -85.947141 -46.177542 -6.353724 -0.033591348 -0.009685290 0.907089083 -0.419484460
1561001113.388624191 -85.085652 -45.818224 -6.397987 -0.030557073 -0.008259007 0.907376620 -0.419124951
1561001113.489856482 -84.197202 -45.443567 -6.450893 -0.029960241 -0.007525924 0.907483769 -0.418949822
1561001113.589791536 -83.335846 -45.080097 -6.497880 -0.030983654 -0.006940190 0.907687080 -0.418444753
1561001113.689847231 -82.466936 -44.703768 -6.541927 -0.031879283 -0.006357179 0.908008467 -0.417688786
1561001113.791539192 -81.591505 -44.327428 -6.589787 -0.032342517 -0.006053320 0.908540298 -0.416499514
1561001113.889017105 -80.723464 -43.971334 -6.626480 -0.030605309 -0.006327318 0.908722070 -0.416230081
1561001113.990167379 -79.831111 -43.602797 -6.668355 -0.030171344 -0.005631316 0.908984039 -0.415699404
1561001114.089741707 -78.960330 -43.235860 -6.705100 -0.029830583 -0.004258739 0.909191498 -0.415286431
1561001114.190043688 -78.082180 -42.867264 -6.750333 -0.030259157 -0.003245483 0.909146167 -0.415363814
1561001114.289926767 -77.206171 -42.518984 -6.796812 -0.030677045 -0.002464322 0.909367387 -0.414853952
1561001114.388837099 -76.333471 -42.154783 -6.842109 -0.029991770 -0.002213813 0.909902225 -0.413731233
1561001114.489863396 -75.452892 -41.775468 -6.885513 -0.029138040 -0.002164860 0.910215285 -0.413103404
1561001114.589346886 -74.586973 -41.431366 -6.933926 -0.029181327 -0.002192954 0.910320649 -0.412867966
1561001114.689473391 -73.714706 -41.092515 -6.974203 -0.029671867 -0.001813572 0.910750907 -0.411884785
1561001114.790091038 -72.850075 -40.743715 -7.015282 -0.031249490 -0.001658826 0.910445117 -0.412444427
1561001114.888798714 -71.988438 -40.394150 -7.055840 -0.032022004 -0.001161829 0.911100282 -0.410937365
1561001114.990440845 -71.102939 -40.047444 -7.099310 -0.031966437 -0.000639016 0.910948390 -0.411279430
1561001115.089070320 -70.234194 -39.699619 -7.141678 -0.031194402 -0.000208443 0.911446668 -0.410233882
1561001115.190121889 -69.359047 -39.353850 -7.183912 -0.031032540 0.000094370 0.911322813 -0.410521257
1561001115.289946079 -68.489181 -39.018656 -7.223866 -0.031498264 0.000506742 0.911429416 -0.410248731
1561001115.390235424 -67.592828 -38.656523 -7.267746 -0.032530178 0.000872385 0.911894261 -0.409133087
1561001115.490111113 -66.708042 -38.309885 -7.311775 -0.032795285 0.000600567 0.911871969 -0.409162095
1561001115.589249372 -65.827746 -37.960417 -7.347797 -0.031677972 0.000553928 0.912023348 -0.408912718
1561001115.690066814 -64.924731 -37.625713 -7.388149 -0.031624387 0.001178106 0.912294746 -0.408309695
1561001115.789912939 -64.043433 -37.282859 -7.430368 -0.031250518 0.002023054 0.912659992 -0.407518161
1561001115.889833212 -63.152474 -36.929482 -7.471091 -0.032420155 0.002675758 0.912957065 -0.406756894
1561001115.990028143 -62.262518 -36.576364 -7.513651 -0.032876120 0.003132551 0.913270621 -0.406012463
1561001116.089177608 -61.382195 -36.237365 -7.558720 -0.033804261 0.002834448 0.913255427 -0.405972613
1561001116.188856363 -60.472616 -35.889875 -7.591268 -0.036165150 0.002045436 0.913836376 -0.404463813
1561001116.291566610 -59.545857 -35.546175 -7.628515 -0.042038948 0.002161684 0.914235144 -0.402991508
1561001116.381500244 -58.702829 -35.223005 -7.649100 -0.045561911 -0.000988580 0.914392941 -0.402254503
1561001116.482177734 -57.784879 -34.894527 -7.676806 -0.043587006 -0.004076222 0.914553742 -0.402088312
1561001116.581154346 -56.871940 -34.575951 -7.715194 -0.035042272 -0.004828016 0.914480419 -0.403081000
1561001116.682467222 -55.919107 -34.183974 -7.813744 -0.031866416 -0.007681973 0.914613896 -0.402997444
1561001116.782732010 -54.990043 -33.809783 -7.844408 -0.019532150 -0.000973918 0.914264843 -0.404644712
1561001116.882263184 -54.053438 -33.430737 -7.878634 -0.022517350 0.002512860 0.914925692 -0.402985896
1561001116.982228994 -53.137299 -33.085224 -7.917438 -0.032603839 0.003534924 0.914904560 -0.402335854
1561001117.081355095 -52.231159 -32.737231 -7.967437 -0.039184312 0.003591098 0.914775431 -0.402041796
1561001117.181170464 -51.310015 -32.411748 -8.009128 -0.037495129 0.002829382 0.914873509 -0.401985786
1561001117.282702684 -50.383172 -32.084174 -8.049203 -0.032549683 0.003531324 0.914894962 -0.402362097
1561001117.381185055 -49.452128 -31.730379 -8.093185 -0.030959300 0.005279562 0.915190477 -0.401796016
1561001117.482522726 -48.489445 -31.367821 -8.138274 -0.032645668 0.006417387 0.915343236 -0.401297693
1561001117.581364870 -47.558924 -31.030313 -8.184144 -0.036474366 0.006882752 0.915337476 -0.400973257
1561001117.682261229 -46.614202 -30.674281 -8.223327 -0.037689744 0.006543265 0.915542267 -0.400398583
1561001117.782183886 -45.673349 -30.327834 -8.261376 -0.037363183 0.006300561 0.916121733 -0.399105583
1561001117.881141186 -44.722203 -29.979473 -8.301343 -0.035634291 0.005726002 0.916119957 -0.399276388
1561001117.982579470 -43.737416 -29.617681 -8.342345 -0.034487839 0.005736218 0.916246227 -0.399087129
1561001118.081548691 -42.766736 -29.262014 -8.382429 -0.035105578 0.005307589 0.916202042 -0.399140634
1561001118.181528807 -41.805272 -28.901562 -8.426002 -0.036580654 0.005254414 0.916928514 -0.397336566
1561001118.282244682 -40.826943 -28.545109 -8.468063 -0.037479261 0.004161723 0.916736706 -0.397708181
1561001118.381539345 -39.855773 -28.201922 -8.511081 -0.037596795 0.003177417 0.916848895 -0.397447467
1561001118.482189178 -38.872163 -27.853115 -8.543847 -0.036839745 0.002851198 0.917250452 -0.396593384
1561001118.581086397 -37.900160 -27.508440 -8.573203 -0.036363290 0.002769469 0.916621300 -0.398089731
1561001118.682058573 -36.910862 -27.145284 -8.614830 -0.035798527 0.003118588 0.916679980 -0.398003209
1561001118.782029152 -35.922547 -26.785964 -8.660936 -0.035920238 0.002930796 0.916425507 -0.398579272
1561001118.881407499 -34.940138 -26.429570 -8.705363 -0.035597553 0.002510603 0.916691100 -0.397999922
1561001118.981834173 -33.944321 -26.055096 -8.746383 -0.036067750 0.002082622 0.917076736 -0.397070574
1561001119.081171513 -32.929614 -25.694349 -8.790338 -0.036253853 0.001531574 0.916781539 -0.397737252
1561001119.181607962 -31.905798 -25.325245 -8.829404 -0.035694575 0.000245542 0.916417231 -0.398629271
1561001119.283392668 -30.871631 -24.944329 -8.869543 -0.035419519 -0.000620928 0.916169029 -0.399223473
1561001119.382990360 -29.875397 -24.568038 -8.906311 -0.035439262 -0.001339991 0.916542476 -0.398361837
1561001119.483072758 -28.866213 -24.206517 -8.944512 -0.035771997 -0.001253202 0.916155729 -0.399221085
1561001119.583230019 -27.864818 -23.830867 -8.980898 -0.035589664 -0.001489794 0.916244563 -0.399032651
1561001119.682877064 -26.853163 -23.452611 -9.018198 -0.035789259 -0.001826258 0.915957808 -0.399671225
1561001119.784595490 -25.833088 -23.062758 -9.057921 -0.036560710 -0.001326664 0.916082336 -0.399317804
1561001119.882724524 -24.844541 -22.711665 -9.096973 -0.036970171 -0.001152072 0.915901157 -0.399696072
1561001119.984459162 -23.825612 -22.345561 -9.127279 -0.035842271 -0.001232721 0.915613088 -0.400457844
1561001120.083081961 -22.849760 -21.971705 -9.163776 -0.035326678 -0.000574908 0.915750860 -0.400190027
1561001120.184496641 -21.844472 -21.598998 -9.205926 -0.035576029 0.000276429 0.915555018 -0.400616123
1561001120.284540892 -20.857840 -21.218846 -9.244310 -0.035856661 0.000078422 0.916089236 -0.399368007
1561001120.384683847 -19.861042 -20.852364 -9.277269 -0.036316942 -0.000679637 0.915661023 -0.400306769
1561001120.484637022 -18.874502 -20.484511 -9.309590 -0.036530773 -0.000239734 0.915799501 -0.399970899
1561001120.583133936 -17.884111 -20.121327 -9.347768 -0.036882503 0.000707326 0.915672291 -0.400229229
1561001120.683198690 -16.907063 -19.745110 -9.379975 -0.036770454 0.000680431 0.915821561 -0.399897911
1561001120.784907341 -15.920213 -19.366301 -9.409788 -0.036239401 0.000827141 0.916147474 -0.399198982
1561001120.884451866 -14.934530 -19.014836 -9.447782 -0.036547493 0.001766932 0.916193833 -0.399061423
1561001120.984592199 -13.980782 -18.664793 -9.484773 -0.036849441 0.001866670 0.916256055 -0.398890306
1561001121.082983017 -13.001222 -18.308278 -9.521724 -0.036755165 0.000841944 0.916534012 -0.398263423
1561001121.183065176 -12.024856 -17.943468 -9.560341 -0.037390908 0.001044079 0.916721230 -0.397772569
1561001121.284290314 -11.026028 -17.593288 -9.594758 -0.037219409 0.000544584 0.916615442 -0.398033354
1561001121.382600307 -10.042584 -17.239303 -9.623660 -0.035996950 0.000397939 0.917013832 -0.397227509
1561001121.484465599 -9.036434 -16.874442 -9.663391 -0.036411383 -0.000251623 0.917327736 -0.396464340
1561001121.583061934 -8.077990 -16.501674 -9.695812 -0.037575849 -0.001359804 0.917801730 -0.395254590
1561001121.685023308 -7.080487 -16.149667 -9.721226 -0.039045542 -0.002702831 0.917579180 -0.395621775
1561001121.785060883 -6.087397 -15.807451 -9.740650 -0.042348799 -0.002838552 0.917879889 -0.394582098
1561001121.883212090 -5.123967 -15.468926 -9.757369 -0.048774640 -0.005322983 0.918348494 -0.392719676
1561001121.985312223 -4.130431 -15.130501 -9.794473 -0.052974636 -0.008422259 0.918388284 -0.392027695
1561001122.082844734 -3.192507 -14.805799 -9.821114 -0.045612857 -0.011232943 0.919013766 -0.391416640
1561001122.184592962 -2.218675 -14.465034 -9.907114 -0.041165792 -0.013107522 0.919311321 -0.391152483
1561001122.285266876 -1.246772 -14.128610 -9.956291 -0.025052021 -0.010658816 0.919467724 -0.392221737
1561001122.383684158 -0.218970 -13.747646 -9.985123 -0.023303047 -0.006496071 0.919429759 -0.392509475
1561001122.484297514 0.801467 -13.382005 -10.007697 -0.032552593 -0.004113849 0.920442782 -0.389497742
1561001122.582571983 1.784092 -13.040827 -10.040281 -0.044345333 -0.003501278 0.920468645 -0.388276585
1561001122.684171438 2.771423 -12.713529 -10.064452 -0.047104236 -0.003981582 0.920853878 -0.387031617
1561001122.784415722 3.751965 -12.384639 -10.097779 -0.044681529 -0.004812534 0.921718560 -0.385247059
1561001122.884340763 4.771659 -12.041164 -10.132124 -0.041100501 -0.004130337 0.921860722 -0.385313506
1561001122.984551907 5.780117 -11.696647 -10.161553 -0.040186980 -0.002711973 0.922194336 -0.384623528
1561001123.082883120 6.779541 -11.366422 -10.192646 -0.041854317 -0.001190352 0.922256900 -0.384303277
1561001123.184447765 7.820089 -11.016745 -10.229585 -0.043717042 0.000080051 0.922874404 -0.382611616
1561001123.283259392 8.819844 -10.678109 -10.257747 -0.044445162 0.000447245 0.922932102 -0.382388235
1561001123.384312630 9.849381 -10.344031 -10.286013 -0.043316645 -0.000151731 0.922703338 -0.383069439
1561001123.484227657 10.866772 -10.013115 -10.319777 -0.042275988 -0.000309319 0.922639484 -0.383339311
1561001123.583727360 11.894684 -9.672640 -10.345472 -0.041368222 0.000178828 0.922726998 -0.383227773
1561001123.684306860 12.932074 -9.325052 -10.382489 -0.041998076 0.000125306 0.922838423 -0.382890833
1561001123.784292459 13.977206 -8.996864 -10.410738 -0.042974192 0.000679452 0.922628759 -0.383287009
1561001123.884437084 15.019761 -8.641853 -10.436421 -0.042823290 0.000865535 0.922680957 -0.383177854
1561001123.984747887 16.054014 -8.289891 -10.464660 -0.042670705 0.000792376 0.922573103 -0.383454628
1561001124.083253384 17.071118 -7.955641 -10.496455 -0.042773140 0.000791556 0.922634978 -0.383294312
1561001124.183132410 18.112388 -7.608893 -10.529070 -0.043066242 0.000673727 0.922636643 -0.383257706
1561001124.284449816 19.154016 -7.269978 -10.553696 -0.043092632 0.000763857 0.922380772 -0.383869969
1561001124.382679939 20.159209 -6.930463 -10.578181 -0.042864425 0.000325264 0.922562118 -0.383460132
1561001124.484482527 21.208033 -6.587757 -10.605058 -0.043175882 0.000176134 0.922436876 -0.383726494
1561001124.582497597 22.226322 -6.238242 -10.631088 -0.043326568 0.000531954 0.922340844 -0.383939960
1561001124.684333324 23.268638 -5.902098 -10.655134 -0.042976024 0.000284116 0.922123653 -0.384500908
1561001124.784410715 24.291318 -5.571045 -10.680403 -0.043185938 -0.000039200 0.922286569 -0.384086523
1561001124.885035276 25.329663 -5.231413 -10.709754 -0.043970700 -0.000813884 0.922025588 -0.384622841
1561001124.985195160 26.342426 -4.897997 -10.733761 -0.044128748 -0.001161399 0.922066831 -0.384504960
1561001125.083256721 27.341807 -4.558043 -10.755727 -0.044235681 -0.001804849 0.921964480 -0.384735551
1561001125.184480906 28.376387 -4.217684 -10.782688 -0.044053870 -0.002550200 0.921935632 -0.384821313
1561001125.284398794 29.393991 -3.882400 -10.803766 -0.043692043 -0.002643790 0.921991390 -0.384728336
1561001125.384473324 30.395214 -3.543434 -10.822028 -0.043549795 -0.002879104 0.921637692 -0.385589277
1561001125.484459639 31.419612 -3.205372 -10.846665 -0.044068030 -0.002728317 0.921570426 -0.385692253
1561001125.583213568 32.439203 -2.855513 -10.875885 -0.045074664 -0.003538996 0.921465181 -0.385820774
1561001125.684834003 33.455101 -2.505633 -10.898509 -0.045589586 -0.003974472 0.921505336 -0.385660095
1561001125.784115553 34.442215 -2.171213 -10.921488 -0.045850680 -0.004563348 0.921383078 -0.385914646
1561001125.883660078 35.449564 -1.835973 -10.945580 -0.046192010 -0.004746329 0.921406977 -0.385814661
1561001125.984602213 36.458427 -1.506747 -10.966887 -0.045730508 -0.004157955 0.921310852 -0.386105873
1561001126.083886385 37.456172 -1.174623 -10.984760 -0.045407057 -0.003987906 0.921462186 -0.385784571
1561001126.184541464 38.435848 -0.857003 -11.002247 -0.045669384 -0.003611996 0.921146808 -0.386509792
1561001126.284538746 39.424464 -0.518016 -11.022072 -0.046040553 -0.003265844 0.921543293 -0.385522452
1561001126.383444071 40.409197 -0.179409 -11.036564 -0.047876353 -0.002700550 0.921202658 -0.386116855
1561001126.484450340 41.393338 0.139881 -11.050715 -0.050590679 -0.002558814 0.921304885 -0.385527360
1561001126.582945585 42.367270 0.471227 -11.037437 -0.055876120 -0.001077755 0.921418598 -0.384531488
1561001126.684654236 43.339786 0.798155 -11.039953 -0.063771360 -0.000040838 0.921356087 -0.383452960
1561001126.783430576 44.288995 1.124403 -11.043668 -0.063619948 -0.000890136 0.921388835 -0.383398389
1561001126.884403229 45.271535 1.454706 -11.087563 -0.058421633 -0.003654382 0.921546509 -0.383830157
1561001126.984391212 46.280083 1.833205 -11.123473 -0.063272507 -0.009100820 0.921321557 -0.383510566
1561001127.082619905 47.287127 2.198782 -11.178584 -0.055215134 -0.008215472 0.922267426 -0.382500445
1561001127.184255838 48.274574 2.527192 -11.204306 -0.033003003 -0.001271049 0.922338986 -0.384967506
1561001127.283185959 49.219262 2.812538 -11.208910 -0.043460976 0.000946975 0.922318917 -0.383976643
1561001127.384677172 50.170304 3.114637 -11.229335 -0.056124805 -0.000120059 0.922047765 -0.382985523
1561001127.484930515 51.114562 3.404104 -11.226775 -0.055787611 -0.000554276 0.921908470 -0.383369546
1561001127.582696676 52.055116 3.700316 -11.244931 -0.050661352 -0.000233778 0.922306926 -0.383123097
1561001127.684265375 53.035298 4.021714 -11.265415 -0.046116902 0.000542846 0.922372073 -0.383539692
1561001127.782549143 53.984287 4.342269 -11.288959 -0.045615947 0.000906722 0.922413703 -0.383498793
1561001127.882879019 54.964926 4.659194 -11.314821 -0.047418951 0.000687181 0.922487609 -0.383102573
1561001127.984434128 55.942739 4.985895 -11.333188 -0.049995111 0.000416715 0.922852216 -0.381895407
1561001128.083887339 56.902094 5.297884 -11.345161 -0.051425025 0.000836490 0.922554320 -0.382424233
1561001128.184487581 57.868595 5.612066 -11.355104 -0.051460671 0.001330202 0.922785675 -0.381859435
1561001128.282767296 58.822811 5.927254 -11.370711 -0.050416049 0.002033278 0.922929739 -0.381647462
1561001128.384371281 59.794592 6.248564 -11.384561 -0.049335293 0.002061513 0.922860879 -0.381954941
1561001128.484718084 60.757247 6.558719 -11.399729 -0.049196688 0.002884778 0.922930781 -0.381798557
1561001128.582545757 61.700666 6.861107 -11.416064 -0.049268538 0.003720608 0.923512201 -0.380373479
1561001128.684162617 62.674180 7.179317 -11.434665 -0.049944000 0.003997601 0.923773214 -0.379648080
1561001128.783115625 63.609881 7.479430 -11.451925 -0.049901562 0.004031189 0.924755536 -0.377254267
1561001128.884294271 64.566403 7.776481 -11.468015 -0.049844339 0.004288541 0.925247858 -0.376049932
1561001128.984312534 65.503834 8.075068 -11.479905 -0.049594834 0.004495692 0.926012151 -0.374194652
1561001129.082503557 66.435011 8.362091 -11.490949 -0.049140793 0.004812019 0.926765165 -0.372382003
1561001129.184220552 67.377183 8.648293 -11.500472 -0.048628367 0.005349826 0.927704770 -0.370095286
1561001129.283439159 68.302559 8.933230 -11.519762 -0.049106575 0.005993085 0.928761640 -0.367361461
1561001129.384477615 69.244610 9.195032 -11.531333 -0.049712777 0.006841505 0.929570346 -0.365213369
1561001129.484252691 70.192767 9.465393 -11.537911 -0.050575994 0.007265699 0.929847030 -0.364381366
1561001129.584262609 71.121254 9.729291 -11.550469 -0.051493962 0.007693690 0.930975211 -0.361350709
1561001129.684071064 72.055726 9.980043 -11.565877 -0.051756803 0.007478184 0.931623536 -0.359642736
1561001129.782987833 73.003727 10.223742 -11.569450 -0.051103061 0.008328692 0.932292345 -0.357980578
1561001129.883878469 73.938088 10.468366 -11.582208 -0.050294426 0.008534441 0.933443716 -0.355078108
1561001129.984298229 74.908619 10.706052 -11.598215 -0.049093345 0.008980032 0.933964570 -0.353863511
1561001130.082777500 75.866666 10.952002 -11.615216 -0.048480780 0.009214950 0.934326789 -0.352984631
1561001130.184294462 76.827189 11.199676 -11.637958 -0.048320388 0.007989217 0.935168476 -0.350800846
1561001130.283022642 77.759194 11.421456 -11.652449 -0.048054732 0.006670881 0.935677431 -0.349505346
1561001130.382770777 78.716491 11.667332 -11.668438 -0.048148874 0.005106267 0.935691025 -0.349482356
1561001130.484414816 79.690989 11.898598 -11.688505 -0.048819229 0.003978422 0.936080405 -0.348359484
1561001130.583456039 80.627634 12.123313 -11.707435 -0.048617111 0.002253744 0.936228575 -0.348004816
1561001130.684418678 81.576651 12.342726 -11.719425 -0.048020094 0.001587945 0.936285893 -0.347937172
1561001130.783276320 82.492002 12.563355 -11.730060 -0.047820334 0.001205182 0.936349566 -0.347794843
1561001130.882695675 83.430493 12.799218 -11.740421 -0.049468222 0.002456014 0.935960142 -0.348605043
1561001130.984343529 84.367983 13.031728 -11.748697 -0.054401321 0.003353024 0.935723284 -0.348498478
1561001131.082496881 85.271196 13.251683 -11.744431 -0.059337485 0.003083420 0.935605676 -0.348010884
1561001131.184252024 86.174834 13.469021 -11.744289 -0.060134972 0.004181696 0.935725692 -0.347539535
1561001131.283136368 87.064354 13.688520 -11.754112 -0.054522092 0.003973081 0.935926845 -0.347925994
1561001131.384346008 87.977865 13.915387 -11.770944 -0.045824761 0.003176994 0.935882839 -0.349304035
1561001131.484563828 88.917621 14.150316 -11.793775 -0.040315367 0.004013695 0.935986559 -0.349696616
1561001131.584523439 89.846863 14.393968 -11.822393 -0.042284666 0.005607251 0.935969047 -0.349488924
1561001131.684347153 90.757653 14.628458 -11.853032 -0.047766629 0.005452818 0.935754971 -0.349358342
1561001131.783102274 91.656691 14.842187 -11.867006 -0.050464411 0.004882967 0.935555726 -0.349521078
1561001131.884672403 92.572036 15.070934 -11.880464 -0.050562898 0.004154939 0.935525330 -0.349597607
1561001131.984869957 93.494040 15.304735 -11.889978 -0.049261182 0.004194981 0.935660891 -0.349420140
1561001132.084277153 94.394340 15.544138 -11.901445 -0.049781584 0.004596903 0.935337962 -0.350205025
1561001132.184809685 95.301434 15.770868 -11.915568 -0.050955076 0.005054574 0.935129462 -0.350586538
1561001132.284941435 96.213054 15.990961 -11.923563 -0.052791485 0.004800640 0.934933399 -0.350841207
1561001132.386151791 97.117204 16.219762 -11.930311 -0.053906659 0.004928986 0.934577629 -0.351616883
1561001132.485601425 98.015106 16.456133 -11.934897 -0.054021439 0.005299042 0.934306071 -0.352314875
1561001132.585961103 98.911028 16.693918 -11.941658 -0.052339851 0.005479534 0.933948745 -0.353511324
1561001132.684566259 99.799859 16.936744 -11.953493 -0.051403156 0.006038104 0.933840232 -0.353926092
1561001132.784618378 100.692399 17.174719 -11.968722 -0.051097646 0.006246594 0.933760345 -0.354177398
1561001132.884348154 101.602555 17.419167 -11.977805 -0.051824633 0.006051914 0.933623563 -0.354435641
1561001132.985715389 102.505787 17.632785 -11.989797 -0.052957776 0.006625361 0.933193211 -0.355389940
1561001133.086115837 103.391081 17.865610 -11.996956 -0.053309931 0.006223004 0.933253319 -0.355186667
1561001133.185853720 104.280186 18.096087 -11.999472 -0.053758780 0.006083741 0.933414484 -0.354697594
1561001133.284146309 105.155979 18.339815 -12.002652 -0.053636836 0.005815371 0.933159659 -0.355390381
1561001133.387308836 106.072752 18.588456 -12.012267 -0.053389001 0.006097540 0.933364977 -0.354883437
1561001133.488371134 106.950837 18.806711 -12.022204 -0.052601299 0.005624555 0.933547216 -0.354529355
1561001133.585597992 107.836291 19.035552 -12.030893 -0.051505745 0.005141424 0.933408202 -0.355063168
1561001133.688664436 108.755076 19.288397 -12.043452 -0.051343002 0.005131286 0.933703569 -0.354309485
1561001133.787120342 109.659507 19.517819 -12.056046 -0.051117709 0.005133211 0.933552774 -0.354739126
1561001133.888472319 110.559069 19.760187 -12.065374 -0.051177504 0.005119721 0.933790899 -0.354103386
1561001133.988652945 111.457666 19.990453 -12.071000 -0.050595113 0.005602920 0.933905183 -0.353878301
1561001134.087587357 112.344235 20.216635 -12.089107 -0.050230232 0.006388891 0.934381065 -0.352658661
1561001134.188683033 113.247359 20.452639 -12.104053 -0.048674773 0.006477745 0.935040105 -0.351125061
1561001134.288877964 114.136853 20.666610 -12.125548 -0.048216299 0.006332450 0.935494381 -0.349979072
1561001134.389907837 115.055183 20.897749 -12.143586 -0.048036610 0.005842486 0.936089136 -0.348418540
1561001134.489928007 115.969703 21.107430 -12.166926 -0.048391832 0.005607484 0.936887095 -0.346221544
1561001134.590295553 116.876039 21.311716 -12.183358 -0.048517141 0.005532359 0.937369292 -0.344897506
1561001134.690085888 117.785844 21.525032 -12.201693 -0.049354687 0.004978723 0.938176274 -0.342585180
1561001134.788926363 118.707349 21.734689 -12.213197 -0.049954437 0.005095151 0.938630637 -0.341249354
1561001134.890287399 119.619551 21.944955 -12.224718 -0.050404136 0.005402801 0.939259711 -0.339442821
1561001134.990642786 120.527043 22.151782 -12.234771 -0.052926993 0.005818279 0.940006925 -0.336974572
1561001135.090342522 121.442736 22.347264 -12.237008 -0.058334282 0.006113292 0.940059088 -0.335929532
1561001135.189677000 122.348861 22.526816 -12.227807 -0.062970717 0.006482620 0.939850959 -0.335667751
1561001135.289121389 123.261840 22.718741 -12.219950 -0.061096211 0.006778394 0.939485295 -0.337029207
1561001135.390206814 124.202435 22.936603 -12.220780 -0.053775190 0.006107323 0.939303441 -0.338791935
1561001135.482093811 125.095509 23.149515 -12.226647 -0.046463326 0.006354515 0.939226556 -0.340079778
1561001135.581111431 126.047454 23.379766 -12.266163 -0.043377148 0.005760960 0.939148545 -0.340712848
1561001135.682196617 126.990873 23.597493 -12.290583 -0.044852288 0.006311183 0.938648319 -0.341888542
1561001135.781944513 127.909244 23.820681 -12.310086 -0.049113086 0.006646455 0.938025088 -0.343005339
1561001135.882292986 128.836481 24.058120 -12.318307 -0.054279988 0.007264514 0.937353831 -0.344047535
1561001135.982383013 129.750624 24.264949 -12.323933 -0.057361012 0.007106822 0.936615107 -0.345559472
1561001136.082290649 130.648908 24.466616 -12.314033 -0.056828559 0.007244219 0.936199587 -0.346768467
1561001136.183805227 131.568195 24.695407 -12.313075 -0.055567762 0.007225924 0.935954883 -0.347632661
1561001136.281190634 132.461836 24.928332 -12.312760 -0.053975743 0.007656996 0.935423830 -0.349299654
1561001136.382423639 133.398060 25.164510 -12.332367 -0.054177816 0.006923046 0.934996238 -0.350426697
1561001136.482727528 134.328176 25.397586 -12.337077 -0.053750746 0.005515303 0.934493286 -0.351856131
1561001136.582298517 135.241895 25.631819 -12.343041 -0.053534456 0.004621122 0.934057756 -0.353056391
1561001136.682347059 136.160302 25.874991 -12.351718 -0.053917446 0.003953182 0.933627884 -0.354141576
1561001136.781241655 137.076010 26.129911 -12.352583 -0.054280029 0.003951218 0.933049018 -0.355608768
1561001136.881251097 138.003829 26.378558 -12.353735 -0.055500085 0.003977569 0.932557536 -0.356707669
1561001136.983695745 138.944925 26.625752 -12.360720 -0.056219271 0.003871096 0.931874068 -0.358378472
1561001137.082225800 139.871188 26.872507 -12.364783 -0.056140262 0.003010743 0.931478502 -0.359425941
1561001137.182260752 140.801490 27.112851 -12.369906 -0.055671276 0.003162294 0.931399326 -0.359702660
1561001137.281066656 141.747362 27.374432 -12.378278 -0.056085458 0.003520099 0.930885946 -0.360961751
1561001137.382216692 142.705591 27.631302 -12.380267 -0.055973437 0.004014491 0.930577942 -0.361767262
1561001137.483516932 143.661401 27.891811 -12.383724 -0.056193842 0.003885324 0.930334048 -0.362361306
1561001137.581314564 144.585232 28.154054 -12.388021 -0.055650034 0.004025587 0.930491498 -0.362039279
1561001137.682174683 145.541473 28.424585 -12.390516 -0.055227740 0.003356932 0.930379746 -0.362397786
1561001137.780999184 146.486689 28.686625 -12.393540 -0.055659186 0.003092100 0.930577774 -0.361825234
1561001137.881971359 147.438554 28.958953 -12.400872 -0.057367502 0.002305729 0.930537330 -0.361668261
1561001137.981994867 148.391772 29.221409 -12.399652 -0.057699238 0.002710962 0.930623219 -0.361391579
1561001138.082314730 149.324614 29.483838 -12.397218 -0.057593840 0.002958337 0.930501600 -0.361719463
1561001138.181908131 150.272533 29.750585 -12.403552 -0.056924298 0.002921177 0.930864700 -0.360890567
1561001138.281018496 151.226003 30.026188 -12.404233 -0.055966698 0.003450409 0.930643545 -0.361605331
1561001138.382327318 152.209185 30.313845 -12.403692 -0.055533537 0.004252510 0.930564588 -0.361866675
1561001138.482562304 153.187934 30.575088 -12.409434 -0.055722207 0.004803270 0.930616952 -0.361696079
1561001138.582690239 154.169711 30.841511 -12.417863 -0.055911445 0.004690750 0.930804027 -0.361186615
1561001138.682304859 155.152332 31.102697 -12.417698 -0.055821392 0.005286113 0.930914561 -0.360907341
1561001138.781280279 156.110894 31.373110 -12.421253 -0.055990730 0.005572920 0.930797093 -0.361179667
1561001138.882111788 157.073689 31.641040 -12.427351 -0.055900892 0.005736638 0.930791661 -0.361205018
1561001138.980769396 158.030021 31.913351 -12.426053 -0.055420083 0.005918709 0.930722629 -0.361453968
1561001139.081107855 159.015918 32.195772 -12.428854 -0.055761088 0.006198063 0.930727471 -0.361384365
1561001139.182785511 160.028458 32.478801 -12.434974 -0.056785450 0.006846248 0.930545629 -0.361681317
1561001139.280867338 160.988739 32.742680 -12.436251 -0.057292705 0.006908790 0.930571162 -0.361534406
1561001139.382659435 161.981356 33.017697 -12.433242 -0.057178060 0.007145100 0.930704429 -0.361204766
1561001139.482221603 162.944402 33.272094 -12.436439 -0.056876344 0.006869075 0.930682630 -0.361313908
1561001139.582927942 163.932251 33.542779 -12.437835 -0.056457687 0.006590411 0.930477241 -0.361913249
1561001139.683217049 164.923150 33.821199 -12.444087 -0.056512902 0.005481925 0.930379674 -0.362173858
1561001139.781563759 165.912157 34.087860 -12.438783 -0.056236254 0.005682633 0.930527673 -0.361833445
1561001139.883711576 166.913888 34.377112 -12.445209 -0.057406357 0.005238353 0.930524374 -0.361664843
1561001139.983009815 167.908876 34.650401 -12.442369 -0.058245529 0.004812982 0.930396666 -0.361865081
1561001140.083716154 168.912940 34.928839 -12.436705 -0.059959709 0.004121433 0.930572217 -0.361141517
1561001140.183422327 169.907788 35.202750 -12.425689 -0.060901702 0.004300217 0.930202980 -0.361932185
1561001140.282708406 170.904833 35.470600 -12.420885 -0.061686607 0.004529917 0.930373818 -0.361356889
1561001140.384585381 171.913028 35.762627 -12.414710 -0.060728167 0.003793961 0.930680795 -0.360736682
1561001140.484399796 172.926810 36.013853 -12.405506 -0.058522619 0.003389659 0.930517295 -0.361526176
1561001140.585971594 173.927638 36.287129 -12.401782 -0.056337257 0.003729478 0.930566020 -0.361744505
1561001140.685829878 174.920379 36.569572 -12.404548 -0.055167858 0.003787795 0.930400237 -0.362350050
1561001140.784236193 175.904740 36.852409 -12.399576 -0.054909952 0.004910799 0.930340652 -0.362528692
1561001140.885968447 176.901009 37.128877 -12.399929 -0.055779947 0.005441027 0.930363259 -0.362330235
1561001140.985197306 177.873852 37.403226 -12.405476 -0.057261586 0.006321592 0.930274380 -0.362313022
1561001141.086545706 178.850172 37.686778 -12.405756 -0.058566652 0.006067109 0.929981518 -0.362860186
1561001141.186854839 179.818104 37.968401 -12.398577 -0.058950666 0.005319434 0.930004356 -0.362751184
1561001141.285454035 180.786217 38.232483 -12.395997 -0.058309829 0.004658434 0.930079840 -0.362670310
1561001141.386609077 181.774252 38.494419 -12.390249 -0.056416594 0.004646127 0.929926758 -0.363361811
1561001141.484638691 182.725737 38.767561 -12.393390 -0.054881501 0.004529882 0.929893217 -0.363684074
1561001141.585975885 183.705050 39.046051 -12.392931 -0.052976078 0.004802202 0.930034853 -0.363600945
1561001141.685833931 184.666942 39.309473 -12.401449 -0.051310461 0.004937625 0.929931514 -0.364101958
1561001141.785057545 185.613303 39.593393 -12.419215 -0.050819308 0.005290389 0.930002612 -0.363984274
1561001141.885903835 186.589713 39.883538 -12.426915 -0.050488845 0.004610259 0.930074163 -0.363856665
1561001141.984722137 187.538034 40.145415 -12.435734 -0.052624301 0.004466600 0.929936951 -0.363906581
1561001142.086062193 188.510520 40.408487 -12.439462 -0.054879324 0.004171079 0.930159305 -0.363007615
1561001142.186029196 189.428686 40.671342 -12.436417 -0.056753575 0.004536325 0.930132510 -0.362783637
1561001142.284381151 190.342397 40.936622 -12.428365 -0.057313659 0.004933352 0.930142700 -0.362664257
1561001142.385797739 191.262732 41.195403 -12.418341 -0.056667248 0.005439547 0.930316141 -0.362313556
1561001142.484869719 192.164942 41.447023 -12.416729 -0.056239726 0.006094505 0.930476969 -0.361956573
1561001142.584497929 193.061294 41.696725 -12.411490 -0.056311591 0.006892629 0.930644671 -0.361499643
1561001142.685821533 193.954437 41.940738 -12.409320 -0.056675891 0.007165808 0.930918966 -0.360730332
1561001142.785000563 194.830103 42.187202 -12.409855 -0.057267079 0.007325742 0.931214969 -0.359868721
1561001142.885412216 195.695403 42.411486 -12.404340 -0.056918627 0.007146088 0.931185135 -0.360004789
1561001142.985005856 196.553379 42.644816 -12.402327 -0.056884298 0.007221700 0.931807555 -0.358394621
1561001143.084751844 197.406666 42.871606 -12.397164 -0.056541639 0.007708793 0.931868149 -0.358281134
1561001143.186279297 198.265799 43.102051 -12.392225 -0.056919026 0.008437998 0.932094343 -0.357615940
1561001143.284335852 199.094236 43.323709 -12.391942 -0.056799170 0.008476426 0.932348935 -0.356969842
1561001143.385747910 199.943381 43.543143 -12.393205 -0.056494850 0.008779414 0.932840774 -0.355723690
1561001143.484142303 200.767299 43.759107 -12.395030 -0.055407739 0.007560400 0.932707546 -0.356271605
1561001143.585716724 201.604225 43.976164 -12.395842 -0.053909963 0.006549553 0.933073637 -0.355562101
1561001143.685602427 202.430780 44.207873 -12.398365 -0.053527284 0.005452590 0.932839448 -0.356252246
1561001143.784009218 203.232261 44.423132 -12.396346 -0.054218573 0.004901144 0.933104647 -0.355460325
1561001143.885990381 204.033828 44.635259 -12.395306 -0.056736903 0.005064946 0.932778785 -0.355919947
1561001143.984494448 204.817782 44.839422 -12.384552 -0.059464248 0.005749566 0.932531779 -0.356111536
1561001144.086175442 205.611598 45.045176 -12.376262 -0.061507179 0.006537178 0.932617725 -0.355525403
1561001144.186442614 206.399267 45.248910 -12.367777 -0.062378455 0.006803771 0.932532366 -0.355592497
1561001144.285151243 207.173008 45.451481 -12.359158 -0.063032982 0.006773861 0.932455286 -0.355679769
1561001144.386185169 207.967592 45.658440 -12.354041 -0.061865205 0.007229553 0.932506366 -0.355741911
1561001144.484603882 208.743513 45.853991 -12.353639 -0.058973023 0.007357292 0.932404472 -0.356496780
1561001144.584733009 209.529307 46.067724 -12.355623 -0.055888626 0.006786064 0.932413575 -0.356980863
1561001144.686102629 210.317830 46.276086 -12.353582 -0.054034707 0.006339295 0.932368509 -0.357391980
1561001144.784521103 211.095380 46.489502 -12.352234 -0.055529040 0.005822623 0.931799081 -0.358654562
1561001144.886048079 211.867945 46.678278 -12.349181 -0.058035454 0.005730730 0.932039515 -0.357633034
1561001144.984645844 212.631568 46.882110 -12.349260 -0.060797161 0.005209290 0.931687900 -0.358098066
1561001145.086178780 213.412713 47.081389 -12.339533 -0.060321927 0.005740202 0.931601580 -0.358394769
1561001145.187219620 214.178671 47.297405 -12.336483 -0.059433012 0.006049882 0.931561397 -0.358642551
1561001145.286214590 214.949088 47.516787 -12.337618 -0.058951844 0.005687835 0.931625276 -0.358561952
1561001145.386343718 215.722331 47.709234 -12.337005 -0.058946942 0.004990651 0.931619533 -0.358588060
1561001145.484691858 216.498482 47.914833 -12.333166 -0.059015786 0.004663002 0.931892273 -0.357871744
1561001145.586182356 217.278768 48.120616 -12.312153 -0.060636540 0.005880383 0.932103929 -0.357030666
1561001145.686109781 218.030703 48.335305 -12.293505 -0.064550856 0.008217084 0.931946074 -0.356710221
1561001145.785892963 218.788520 48.543976 -12.285100 -0.067938461 0.009995794 0.932026394 -0.355824746
1561001145.885802746 219.538813 48.739151 -12.294506 -0.067004413 0.008333499 0.932301048 -0.355324805
1561001145.985844374 220.289945 48.935173 -12.305697 -0.059220583 0.006247976 0.932823491 -0.355378981
1561001146.085590363 221.066727 49.130117 -12.298595 -0.050069391 0.005863713 0.933449692 -0.355148343
1561001146.185775280 221.873629 49.333023 -12.300608 -0.046544379 0.007649631 0.933626013 -0.355130360
1561001146.283927917 222.670217 49.547297 -12.307823 -0.050800494 0.008222295 0.933673341 -0.354409079
1561001146.385445833 223.473007 49.738374 -12.314066 -0.057224318 0.007672869 0.933694662 -0.353384751
1561001146.483846903 224.238587 49.938035 -12.315484 -0.061508358 0.006436488 0.934075383 -0.351679502
1561001146.585337639 225.035338 50.131088 -12.308985 -0.062082582 0.005829735 0.933947954 -0.351927529
1561001146.685917139 225.819573 50.329462 -12.305700 -0.060204588 0.006684538 0.934065765 -0.351925945
1561001146.784903526 226.617735 50.538782 -12.304250 -0.058677088 0.007511437 0.933958316 -0.352452040
1561001146.885892868 227.414931 50.736247 -12.303720 -0.058394391 0.008319369 0.933855705 -0.352752613
1561001146.984430313 228.202037 50.945540 -12.303636 -0.059016560 0.008346167 0.933803746 -0.352785984
1561001147.086077452 229.012715 51.154139 -12.300582 -0.060129067 0.008428333 0.933691353 -0.352893633
1561001147.186088562 229.818906 51.357093 -12.305138 -0.061328001 0.007679397 0.933510814 -0.353181913
1561001147.284325123 230.627313 51.572560 -12.298959 -0.061451482 0.006767191 0.933407319 -0.353452538
1561001147.385687351 231.446277 51.769962 -12.290938 -0.061555755 0.005891783 0.933274357 -0.353801005
1561001147.484004259 232.241363 51.975043 -12.284297 -0.061141136 0.005534915 0.933152757 -0.354199180
1561001147.585363865 233.058883 52.190886 -12.279232 -0.060862100 0.005048015 0.932913277 -0.354884686
1561001147.685277700 233.868077 52.403802 -12.282188 -0.060858770 0.003661877 0.932638820 -0.355622879
1561001147.785428762 234.688433 52.614087 -12.283807 -0.061262839 0.002059426 0.932386889 -0.356226490
1561001147.885680199 235.516783 52.827443 -12.284588 -0.061918066 -0.000519557 0.931759611 -0.357756775
1561001147.984253883 236.346181 53.046505 -12.263137 -0.060645942 -0.000846157 0.930999901 -0.359945188
1561001148.085975647 237.171976 53.276291 -12.258193 -0.059161595 -0.000192190 0.930324781 -0.361933240
1561001148.184486151 237.988955 53.507916 -12.258492 -0.058210886 0.000430747 0.929375949 -0.364515640
1561001148.285050869 238.807082 53.763234 -12.261798 -0.059263991 0.000352477 0.928594155 -0.366333934
1561001148.386099815 239.639152 54.010343 -12.263035 -0.060686713 0.000234800 0.927622587 -0.368555835
1561001148.484535456 240.458954 54.249819 -12.260388 -0.061152056 0.000056926 0.926671825 -0.370863520
1561001148.586162329 241.284969 54.508313 -12.252075 -0.060630929 0.000317133 0.925645506 -0.373502593
1561001148.687562704 242.114915 54.766627 -12.248248 -0.059847488 0.000949402 0.924699503 -0.375963039
1561001148.786041975 242.940035 55.031883 -12.244546 -0.060129418 0.001293181 0.923459060 -0.378954014
1561001148.887578964 243.775856 55.316563 -12.243083 -0.061749773 0.001628017 0.922392739 -0.381281983
1561001148.986067057 244.596525 55.583996 -12.235847 -0.063489618 0.001580152 0.921365617 -0.383473561
1561001149.088902235 245.443201 55.865425 -12.227363 -0.064597243 0.001212223 0.920264998 -0.385924940
1561001149.187531710 246.256519 56.148151 -12.219950 -0.064760001 0.000829150 0.919245045 -0.388322034
1561001149.287588358 247.079877 56.429016 -12.207075 -0.063623303 0.000714004 0.918251179 -0.390853345
1561001149.388610601 247.917321 56.740006 -12.201707 -0.062626978 0.000199214 0.917167661 -0.393549620
1561001149.487802744 248.738971 57.044110 -12.190555 -0.062350987 0.000049060 0.916136835 -0.395986934
1561001149.588543653 249.578890 57.346745 -12.183431 -0.063202889 0.000016967 0.915201001 -0.398010707
1561001149.687334061 250.413338 57.665187 -12.171768 -0.063951081 0.000549253 0.914151766 -0.400295523
1561001149.788720131 251.265239 57.998230 -12.158142 -0.065029784 0.000950971 0.913220693 -0.402241455
1561001149.888685226 252.084881 58.300679 -12.147846 -0.065479695 0.001267949 0.912317126 -0.404213141
1561001149.987399578 252.906138 58.610844 -12.140269 -0.065169105 0.001087877 0.911524047 -0.406048908
1561001150.088363171 253.743963 58.935862 -12.125535 -0.064694935 0.001187397 0.910804313 -0.407736017
1561001150.188556194 254.577552 59.264555 -12.112807 -0.064222732 0.001331419 0.910303621 -0.408926625
1561001150.288900852 255.416087 59.599770 -12.101702 -0.064676909 0.001434448 0.909717342 -0.410157527
1561001150.389025450 256.250894 59.942069 -12.090944 -0.065089497 0.001380252 0.908836629 -0.412040573
1561001150.487441778 257.083494 60.281844 -12.080496 -0.064899903 0.000782215 0.908568491 -0.412662923
1561001150.589521646 257.926069 60.628145 -12.067366 -0.064868393 0.000562595 0.908299742 -0.413259427
1561001150.689532042 258.759599 60.961953 -12.058918 -0.064121962 -0.000086628 0.908014435 -0.414002600
1561001150.788128376 259.596930 61.294914 -12.051109 -0.064082159 -0.000888737 0.907919202 -0.414216621
1561001150.888876438 260.447669 61.637711 -12.042377 -0.064102810 -0.001424873 0.907774304 -0.414529388
1561001150.988275290 261.276786 61.972481 -12.034005 -0.064186735 -0.002599368 0.907624856 -0.414837833
1561001151.088625669 262.123516 62.314612 -12.019806 -0.064982608 -0.002862995 0.907389669 -0.415226508
1561001151.187970161 262.961218 62.647073 -12.009542 -0.065545627 -0.002812410 0.907105598 -0.415758698
1561001151.288516760 263.792543 62.987403 -11.991894 -0.065376161 -0.003255543 0.906972342 -0.416072746
1561001151.388269186 264.620314 63.342342 -11.975862 -0.065151907 -0.003228973 0.906769318 -0.416550365
1561001151.487016201 265.449450 63.675249 -11.959830 -0.064968899 -0.002596335 0.906684580 -0.416767768
1561001151.588240862 266.290314 64.019338 -11.947397 -0.064946468 -0.002257475 0.906312029 -0.417582765
1561001151.687710762 267.109858 64.362251 -11.937246 -0.064951614 -0.002222523 0.906308383 -0.417590066
1561001151.787724495 267.935934 64.697078 -11.921548 -0.064938448 -0.002282546 0.906067633 -0.418113899
1561001151.888802767 268.770854 65.046346 -11.906850 -0.064656276 -0.001706324 0.905822255 -0.418691648
1561001151.987565994 269.581924 65.391163 -11.895963 -0.064995216 -0.001328698 0.905877027 -0.418522004
1561001152.088760138 270.388044 65.739303 -11.889204 -0.064991434 -0.001570074 0.905777227 -0.418737703
1561001152.187528372 271.180379 66.080468 -11.872957 -0.064865710 -0.001622436 0.905465313 -0.419431012
1561001152.287717819 271.977852 66.417033 -11.859703 -0.065368603 -0.001562809 0.905418856 -0.419453452
1561001152.388595581 272.797671 66.756008 -11.848093 -0.065176129 -0.001686065 0.905205080 -0.419944035
1561001152.488177538 273.604146 67.098585 -11.838833 -0.065498800 -0.001898122 0.904875799 -0.420602060
1561001152.588547707 274.412642 67.435637 -11.823617 -0.065248027 -0.002009081 0.904851559 -0.420692661
1561001152.688233137 275.215549 67.773102 -11.808376 -0.065856450 -0.001906969 0.904589312 -0.421162044
1561001152.788680077 276.030713 68.111378 -11.794509 -0.065798692 -0.001989672 0.904102159 -0.422215418
1561001152.888511419 276.825956 68.456406 -11.782937 -0.066291158 -0.002626439 0.903363783 -0.423712708
1561001152.987411499 277.620993 68.787449 -11.764990 -0.066020414 -0.002753773 0.902491828 -0.425608061
1561001153.088971376 278.437399 69.135583 -11.747767 -0.066105181 -0.002575342 0.901453622 -0.427790650
1561001153.188186646 279.222287 69.486017 -11.735299 -0.065911091 -0.002429784 0.900453561 -0.429922328
1561001153.289011240 280.023269 69.845740 -11.721103 -0.066121940 -0.002140945 0.899370513 -0.432152734
1561001153.389046431 280.804289 70.206731 -11.710198 -0.066837705 -0.002377574 0.898287029 -0.434289629
1561001153.487637758 281.563456 70.580625 -11.693645 -0.067500954 -0.002878809 0.897246000 -0.436331237
1561001153.588826895 282.348676 70.965640 -11.676046 -0.068495838 -0.003304952 0.895934571 -0.438860618
1561001153.687540531 283.114894 71.337431 -11.652858 -0.068965319 -0.003399685 0.894873635 -0.440946034
1561001153.788393736 283.891940 71.715165 -11.632898 -0.068939889 -0.003042643 0.893658309 -0.443410488
1561001153.888483524 284.647064 72.086601 -11.614923 -0.068485843 -0.003323777 0.892769506 -0.445265371
1561001153.987723827 285.410981 72.460272 -11.597167 -0.068185392 -0.003099935 0.891403132 -0.448041962
1561001154.088504791 286.172829 72.846639 -11.578130 -0.067846108 -0.002914671 0.890260848 -0.450359893
1561001154.187741995 286.933258 73.236318 -11.559315 -0.068347940 -0.003449924 0.889188736 -0.452393688
1561001154.289117098 287.707046 73.641570 -11.547197 -0.069111701 -0.004276805 0.888359119 -0.453897959
1561001154.389080763 288.459227 74.031341 -11.527410 -0.069171459 -0.005023132 0.887096642 -0.456343758
1561001154.488250256 289.200932 74.426601 -11.503640 -0.068922581 -0.005510685 0.886001359 -0.458498531
1561001154.588912487 289.945785 74.815381 -11.484200 -0.068592102 -0.005540001 0.885004080 -0.460469555
1561001154.687837601 290.676723 75.233530 -11.463333 -0.068567279 -0.005813774 0.884136283 -0.462133922
1561001154.787690639 291.419654 75.640682 -11.438739 -0.068652445 -0.005942331 0.883411957 -0.463502800
1561001154.890188932 292.165334 76.045145 -11.419201 -0.068830619 -0.005361708 0.882355290 -0.465491933
1561001154.987358093 292.857400 76.443214 -11.400942 -0.068516860 -0.004373878 0.881635146 -0.466910890
1561001155.088640928 293.605689 76.851874 -11.382004 -0.068392567 -0.003210923 0.881014562 -0.468108415
1561001155.187410831 294.315377 77.255689 -11.366925 -0.069031060 -0.003023936 0.880407247 -0.469157381
1561001155.288742781 295.037544 77.663904 -11.354699 -0.070289391 -0.003804603 0.880039421 -0.469654708
1561001155.388734341 295.743612 78.062918 -11.330840 -0.071526578 -0.004570470 0.879443971 -0.470575564
1561001155.487461805 296.456327 78.447722 -11.297963 -0.071631339 -0.003860770 0.878952883 -0.471482635
1561001155.588906050 297.162087 78.843881 -11.274617 -0.070491677 -0.001489153 0.879229730 -0.471151554
1561001155.688025951 297.860861 79.238676 -11.257410 -0.069215184 -0.001016445 0.879215127 -0.471369267
1561001155.788246155 298.565153 79.652479 -11.241942 -0.068904481 -0.001626343 0.879294637 -0.471264755
1561001155.888960361 299.267463 80.048265 -11.217654 -0.069026919 -0.001703402 0.879519966 -0.470825882
1561001155.988918066 299.958294 80.437084 -11.188983 -0.069347199 -0.000814720 0.880161418 -0.469580856
1561001156.089899778 300.637548 80.815339 -11.167134 -0.069752609 0.000773941 0.880734763 -0.468444503
1561001156.189201593 301.282490 81.181228 -11.153492 -0.069718375 0.002272864 0.882081826 -0.465903246
1561001156.281957626 301.915560 81.517305 -11.134359 -0.068994184 0.002836985 0.883711386 -0.462910294
1561001156.382101536 302.583879 81.886085 -11.118736 -0.069247936 0.003175700 0.885527743 -0.459385736
1561001156.481092930 303.244555 82.215320 -11.100367 -0.069256200 0.003739264 0.887548553 -0.455463678
1561001156.582385302 303.913162 82.544326 -11.079332 -0.069183094 0.004052737 0.889556946 -0.451537059
1561001156.681476831 304.557382 82.849711 -11.064533 -0.069025828 0.004763166 0.891556371 -0.447593548
1561001156.781229258 305.216140 83.153108 -11.050419 -0.067902225 0.005499254 0.893644376 -0.443574994
1561001156.882326126 305.873550 83.456743 -11.037403 -0.067331032 0.005232036 0.895259737 -0.440396596
1561001156.981991529 306.521206 83.756364 -11.025283 -0.067108806 0.004219615 0.896452635 -0.438008305
1561001157.082814217 307.181588 84.063449 -11.005377 -0.067016564 0.004068037 0.898405909 -0.434003519
1561001157.181137562 307.826537 84.343117 -10.985683 -0.066591581 0.004719875 0.899340513 -0.432122583
1561001157.284645081 308.473075 84.626386 -10.973408 -0.065962362 0.005204977 0.900690611 -0.429392942
1561001157.384552717 309.085426 84.897024 -10.965965 -0.065398535 0.005095266 0.901672279 -0.427415689
1561001157.482944250 309.700853 85.149836 -10.954915 -0.064988947 0.004820247 0.902563078 -0.425597335
1561001157.584735155 310.325568 85.417947 -10.935564 -0.064926025 0.004438962 0.903722489 -0.423143676
1561001157.682933569 310.923947 85.659645 -10.920224 -0.065586351 0.005109496 0.904406608 -0.421569699
1561001157.784859896 311.516076 85.903683 -10.911371 -0.065754509 0.005361560 0.904747173 -0.420808924
1561001157.885015249 312.095354 86.143178 -10.899390 -0.065086378 0.005594950 0.905687307 -0.418882994
1561001157.984003067 312.659392 86.376118 -10.886012 -0.064730876 0.005362236 0.906094911 -0.418058814
1561001158.084860086 313.219171 86.600970 -10.868121 -0.064874386 0.006067148 0.906320980 -0.417536567
1561001158.183189869 313.766099 86.825260 -10.853381 -0.065255497 0.006817413 0.906811849 -0.416398264
1561001158.284714460 314.304922 87.048100 -10.836319 -0.065264095 0.007956717 0.906845117 -0.416304243
1561001158.384681225 314.820436 87.254240 -10.827302 -0.066203352 0.009321347 0.907247124 -0.415250387
1561001158.484777927 315.308587 87.456893 -10.817423 -0.069154354 0.010160449 0.907333128 -0.414561256
1561001158.584870100 315.790697 87.658376 -10.796195 -0.073567509 0.010641553 0.907673141 -0.413042428
1561001158.684259176 316.242661 87.834593 -10.774339 -0.077272405 0.010049643 0.907693226 -0.412336012
1561001158.784959316 316.691786 88.005899 -10.750641 -0.078688730 0.009781021 0.908252042 -0.410841385
1561001158.884941578 317.112742 88.168349 -10.734258 -0.079344752 0.010014216 0.908282965 -0.410641183
1561001158.982940674 317.535266 88.331753 -10.723772 -0.077021403 0.010966807 0.908816395 -0.409878266
1561001159.086337805 317.960479 88.485742 -10.718089 -0.071874854 0.010840592 0.909265899 -0.409819487
1561001159.186198235 318.375330 88.652013 -10.715383 -0.065500648 0.010108105 0.909857839 -0.409592730
1561001159.287370682 318.813602 88.825745 -10.708887 -0.059297650 0.008693183 0.910352803 -0.409470379
1561001159.387305737 319.253645 88.990179 -10.706469 -0.055009362 0.007305126 0.910580640 -0.409589433
1561001159.487141609 319.681525 89.163083 -10.701110 -0.053040161 0.006348587 0.910558449 -0.409914318
1561001159.588606834 320.109396 89.327166 -10.705129 -0.053391934 0.004918030 0.910298838 -0.410464542
1561001159.687276363 320.532050 89.495170 -10.704899 -0.056178604 0.003848171 0.909330135 -0.412247332
1561001159.789034128 320.938819 89.664072 -10.703133 -0.058908072 0.002122004 0.907345828 -0.416231767
1561001159.888607979 321.340787 89.836058 -10.692865 -0.061326076 0.001333897 0.904866990 -0.421251782
1561001159.987370253 321.731166 90.017171 -10.682745 -0.063560529 0.000755934 0.901605391 -0.427863538
1561001160.088625193 322.110897 90.202241 -10.679085 -0.065658975 0.000689489 0.897550342 -0.435995193
1561001160.187492371 322.463369 90.392479 -10.673712 -0.067107431 -0.001037278 0.892594955 -0.445836028
1561001160.288746119 322.813173 90.599964 -10.658859 -0.067200371 -0.003517732 0.886868961 -0.457094282
1561001160.388933420 323.164188 90.805991 -10.649955 -0.066880249 -0.005669001 0.879795982 -0.470588913
1561001160.488695145 323.484756 91.030664 -10.635350 -0.067629762 -0.006668682 0.871668071 -0.485362253
1561001160.588774920 323.780109 91.288909 -10.626004 -0.069812648 -0.008035504 0.863137970 -0.500054466
1561001160.687581539 324.046160 91.547840 -10.611804 -0.072115650 -0.010742259 0.852849924 -0.517040564
1561001160.788053036 324.305420 91.808591 -10.596031 -0.074081390 -0.013479627 0.841252797 -0.535372748
1561001160.888904095 324.546267 92.065086 -10.575480 -0.074514198 -0.016010524 0.828689007 -0.554496011
1561001160.987649918 324.745644 92.319653 -10.559818 -0.075013567 -0.018215836 0.815120823 -0.574124718
1561001161.088438988 324.919094 92.608180 -10.544907 -0.077251042 -0.020324944 0.800175740 -0.594422374
1561001161.187751055 325.067318 92.872503 -10.529328 -0.079669331 -0.023174967 0.783462883 -0.615874686
1561001161.288914919 325.210499 93.145977 -10.501934 -0.081582822 -0.024747442 0.765122457 -0.638215820
1561001161.388921976 325.331364 93.429528 -10.461917 -0.082397291 -0.024900463 0.745274764 -0.661177873
1561001161.487922668 325.415289 93.715498 -10.444076 -0.083403767 -0.023321459 0.724088947 -0.684247849
1561001161.588738918 325.478729 94.015554 -10.428897 -0.083512859 -0.022653101 0.701963357 -0.706936974
1561001161.687714100 325.512101 94.304125 -10.423639 -0.084747816 -0.023906938 0.678077873 -0.729696282
1561001161.790751934 325.533446 94.597458 -10.401718 -0.085405152 -0.024873508 0.652881529 -0.752218704
1561001161.889777422 325.520678 94.872498 -10.378808 -0.086008784 -0.023917848 0.628512708 -0.772659175
1561001161.990681887 325.498097 95.177744 -10.355012 -0.084439891 -0.022398071 0.603462611 -0.792591388
1561001162.090410948 325.421097 95.452201 -10.353450 -0.082907165 -0.021557093 0.577298717 -0.812027022
1561001162.189192295 325.358111 95.741598 -10.351585 -0.081905191 -0.023206459 0.550640562 -0.830390252
1561001162.282636166 325.268638 96.026299 -10.334694 -0.081108870 -0.025169429 0.524012745 -0.847465925
1561001162.382832527 325.165788 96.301459 -10.309817 -0.080297257 -0.025641353 0.495078417 -0.864749809
1561001162.482745647 325.039313 96.589020 -10.291091 -0.080232166 -0.025275306 0.466580364 -0.880469603
1561001162.582601309 324.892378 96.847779 -10.282184 -0.079448181 -0.025629925 0.437831391 -0.895173037
1561001162.682556629 324.716063 97.086151 -10.282783 -0.078592914 -0.026834702 0.407883924 -0.909249007
1561001162.782516479 324.542316 97.327905 -10.278464 -0.076752116 -0.027970339 0.377293495 -0.922483817
1561001162.882212877 324.321975 97.554342 -10.264187 -0.075046247 -0.028800413 0.347231454 -0.934328055
1561001162.980956316 324.135420 97.795008 -10.250473 -0.073999648 -0.029106314 0.315603949 -0.945553289
1561001163.081969976 323.918545 97.997602 -10.241600 -0.073390297 -0.029669945 0.283564878 -0.955680134
1561001163.180884838 323.683089 98.216005 -10.227879 -0.071694080 -0.030077335 0.251355878 -0.964767089
1561001163.282196283 323.441560 98.406104 -10.223183 -0.070187244 -0.030370509 0.219743705 -0.972555442
1561001163.381432056 323.168517 98.575445 -10.218732 -0.068517922 -0.031103496 0.188105433 -0.979262076
1561001163.482605457 322.892139 98.704389 -10.211655 -0.067383080 -0.031433319 0.154426653 -0.985202454
1561001163.582685232 322.628153 98.823901 -10.208370 -0.067450783 -0.031752418 0.123135571 -0.989585674
1561001163.681626797 322.354942 98.943059 -10.212333 -0.066285943 -0.032296924 0.091408793 -0.993079813
1561001163.782557487 322.065533 99.025808 -10.223457 -0.065114756 -0.033625780 0.060292864 -0.995486889
1561001163.881566763 321.778321 99.098471 -10.228142 -0.062865327 -0.034808379 0.028406541 -0.997010229
1561001163.982356787 321.480991 99.147260 -10.225362 -0.061020760 -0.034943400 -0.002694145 -0.997521011
1561001164.082245350 321.181348 99.189617 -10.228679 -0.059575541 -0.035253728 -0.033447999 -0.997040200
1561001164.180924892 320.898414 99.215708 -10.230282 -0.057964620 -0.035831905 -0.065767657 -0.995505295
1561001164.282064199 320.598362 99.215479 -10.228682 -0.056778180 -0.036406849 -0.097689852 -0.992928735
1561001164.381991148 320.324300 99.183891 -10.226755 -0.056356784 -0.037206626 -0.129189919 -0.989317717
1561001164.481359720 320.035237 99.160697 -10.232760 -0.056621902 -0.037740555 -0.156731058 -0.985294365
1561001164.582238674 319.763733 99.116248 -10.254433 -0.055430710 -0.038540926 -0.183445698 -0.980708779
1561001164.680935860 319.473095 99.065338 -10.276008 -0.051035897 -0.039790137 -0.209877002 -0.975583787
1561001164.781991959 319.161518 99.002807 -10.285496 -0.046438109 -0.041223944 -0.234252342 -0.970190666
1561001164.881586313 318.860209 98.934353 -10.269321 -0.044568427 -0.041760577 -0.258291098 -0.964134544
1561001164.981424809 318.550068 98.859919 -10.254157 -0.045993968 -0.042470520 -0.278489588 -0.958396765
1561001165.082032919 318.230552 98.767664 -10.252985 -0.048362080 -0.042615574 -0.298624634 -0.952191341
1561001165.181327343 317.919542 98.650197 -10.272995 -0.048988932 -0.044289103 -0.316966001 -0.946134829
1561001165.282207489 317.607889 98.518591 -10.304981 -0.046861939 -0.045883450 -0.333747788 -0.940378159
1561001165.382048368 317.286060 98.393746 -10.321482 -0.042930015 -0.046581563 -0.348824007 -0.935044910
1561001165.482251406 316.952857 98.285790 -10.322535 -0.039882960 -0.046564089 -0.364622899 -0.929134692
1561001165.582561016 316.614676 98.147903 -10.311274 -0.039954911 -0.045335124 -0.376809481 -0.924317557
1561001165.681414366 316.280918 97.987139 -10.310015 -0.041961610 -0.045012108 -0.387003006 -0.920022721
1561001165.782642126 315.922150 97.840413 -10.322678 -0.044151042 -0.044753540 -0.395533976 -0.916297266
1561001165.882845879 315.561960 97.654434 -10.344225 -0.044845682 -0.045382876 -0.401900483 -0.913457860
1561001165.982615948 315.188572 97.490231 -10.361187 -0.044027356 -0.046411688 -0.408570988 -0.910481902
1561001166.082347155 314.808133 97.305590 -10.377478 -0.042980456 -0.047055291 -0.413495493 -0.908273063
1561001166.182419538 314.418877 97.093842 -10.384774 -0.042494474 -0.047639644 -0.416508962 -0.906887517
1561001166.282417059 314.026379 96.870968 -10.390671 -0.043514313 -0.048150626 -0.419812649 -0.905287447
1561001166.382501602 313.624287 96.664975 -10.404005 -0.044397591 -0.048882920 -0.421372152 -0.904480416
1561001166.482249737 313.215294 96.464141 -10.419348 -0.045088334 -0.049339633 -0.422268425 -0.904003329
1561001166.582196474 312.798909 96.219730 -10.432072 -0.045856849 -0.049001620 -0.421982920 -0.904116368
1561001166.680986404 312.354637 95.999834 -10.450563 -0.045855621 -0.049073025 -0.421050731 -0.904547059
1561001166.782071829 311.903146 95.793198 -10.463121 -0.045633088 -0.049666653 -0.420462673 -0.904799417
1561001166.881676435 311.438609 95.594070 -10.476560 -0.045077495 -0.050471520 -0.420265722 -0.904874228
1561001166.981935978 310.973683 95.386627 -10.485052 -0.044713692 -0.050555795 -0.419182239 -0.905389998
1561001167.082021236 310.507039 95.180849 -10.492300 -0.044916473 -0.050166040 -0.418349941 -0.905786512
1561001167.180868387 310.031296 94.986574 -10.500061 -0.045010712 -0.049292777 -0.417925089 -0.906025870
1561001167.281931400 309.547859 94.773367 -10.511977 -0.045034103 -0.048603876 -0.417129572 -0.906428438
1561001167.381872892 309.051026 94.594252 -10.528168 -0.045010093 -0.048246568 -0.416726090 -0.906634285
1561001167.481890917 308.563417 94.394446 -10.538387 -0.044285444 -0.047753867 -0.416591653 -0.906757830
1561001167.581975222 308.049284 94.179601 -10.548956 -0.043599504 -0.047737690 -0.414688430 -0.907663871
1561001167.680889130 307.524825 93.984518 -10.557046 -0.043759781 -0.048145063 -0.414224198 -0.907846599
1561001167.782101154 307.003064 93.770577 -10.564408 -0.044320403 -0.048518076 -0.413470121 -0.908143247
1561001167.881882429 306.472519 93.566295 -10.580344 -0.044725018 -0.049645592 -0.412496897 -0.908504980
1561001167.982218981 305.945592 93.366222 -10.593053 -0.044813454 -0.049902524 -0.412145355 -0.908646080
1561001168.081929922 305.406265 93.160301 -10.610194 -0.044487885 -0.049542185 -0.411757336 -0.908857688
1561001168.180833578 304.872445 92.958040 -10.622214 -0.043785868 -0.049078899 -0.411056693 -0.909233993
1561001168.281826019 304.309004 92.732622 -10.624625 -0.043289992 -0.048596790 -0.411380197 -0.909137318
1561001168.381040096 303.750974 92.503766 -10.632752 -0.043925130 -0.049133289 -0.410926923 -0.909282996
1561001168.481097937 303.167332 92.272659 -10.645453 -0.044651002 -0.050018295 -0.411382933 -0.908993146
1561001168.581739187 302.585547 92.038504 -10.657760 -0.044817743 -0.051260390 -0.411547342 -0.908841310
1561001168.680940866 302.004808 91.809713 -10.669405 -0.045337233 -0.051263583 -0.411894942 -0.908657877
1561001168.782174587 301.394747 91.570381 -10.682543 -0.045110693 -0.051185722 -0.412295187 -0.908492006
1561001168.881748915 300.799608 91.333464 -10.690707 -0.045044665 -0.050843680 -0.412351412 -0.908488972
1561001168.982442617 300.199351 91.087698 -10.696739 -0.045440057 -0.050696375 -0.412730306 -0.908305441
1561001169.082647324 299.580630 90.841078 -10.707389 -0.045553954 -0.050922621 -0.412758986 -0.908274047
1561001169.182695627 298.949100 90.577243 -10.720118 -0.045541674 -0.051016773 -0.412692319 -0.908299672
1561001169.281768322 298.320586 90.320814 -10.733609 -0.045605880 -0.050795077 -0.413020550 -0.908159671
1561001169.381900549 297.698371 90.036794 -10.747552 -0.045665302 -0.049919214 -0.412356845 -0.908506789
1561001169.480755568 297.058421 89.777587 -10.759497 -0.045183721 -0.049110402 -0.412907316 -0.908324913
1561001169.581781864 296.414833 89.514142 -10.775290 -0.044677448 -0.048109672 -0.413197353 -0.908271618
1561001169.680846453 295.767625 89.261885 -10.789623 -0.044333411 -0.047443072 -0.413305804 -0.908274196
1561001169.782193661 295.097470 89.004324 -10.801037 -0.044336628 -0.047654693 -0.414246543 -0.907834288
1561001169.881847858 294.429345 88.724085 -10.813630 -0.045206517 -0.049086061 -0.414485551 -0.907606003
1561001169.982500315 293.759936 88.452954 -10.825796 -0.044831270 -0.050971281 -0.414846628 -0.907355697
1561001170.082397223 293.092366 88.169116 -10.837999 -0.044987899 -0.052160181 -0.415107033 -0.907161262
1561001170.181636572 292.417694 87.897516 -10.852265 -0.045174982 -0.051451431 -0.415799575 -0.906875231
1561001170.282253265 291.738176 87.617250 -10.862858 -0.044753459 -0.049571931 -0.416472782 -0.906691884
1561001170.381462097 291.046998 87.339867 -10.878118 -0.044835177 -0.047855123 -0.417384450 -0.906360808
1561001170.482450485 290.330050 87.037298 -10.893221 -0.044651506 -0.047648527 -0.417523246 -0.906316832
1561001170.582428455 289.628204 86.740592 -10.911383 -0.044450959 -0.047839779 -0.417582864 -0.906289148
1561001170.681100607 288.930175 86.446023 -10.928803 -0.044087524 -0.048679484 -0.417904968 -0.906113699
1561001170.782346964 288.215789 86.143952 -10.941104 -0.044141877 -0.049803422 -0.418328438 -0.905854531
1561001170.882874966 287.487043 85.834904 -10.946549 -0.044878573 -0.050464601 -0.418385283 -0.905755482
1561001170.982195139 286.775439 85.537514 -10.962141 -0.045385179 -0.050947811 -0.419055461 -0.905393300
1561001171.082286358 286.051164 85.219197 -10.981706 -0.045431079 -0.050674139 -0.418678963 -0.905580518
1561001171.181243181 285.334372 84.900799 -10.993329 -0.045445666 -0.049834982 -0.418697793 -0.905617648
1561001171.282335758 284.593345 84.579162 -11.011063 -0.045474282 -0.049364517 -0.418873667 -0.905560647
1561001171.381114960 283.863577 84.274069 -11.022712 -0.045282822 -0.049050100 -0.418765903 -0.905637164
1561001171.482214212 283.120107 83.962408 -11.033219 -0.045593276 -0.048728010 -0.418854783 -0.905597872
1561001171.582201958 282.391558 83.671491 -11.048624 -0.045828846 -0.049200977 -0.419156595 -0.905420747
1561001171.680951118 281.676789 83.367361 -11.065157 -0.045936224 -0.048801622 -0.419021426 -0.905499481
1561001171.781807184 280.936210 83.069338 -11.078184 -0.045338846 -0.048005523 -0.419683580 -0.905265459
1561001171.881279469 280.205624 82.763291 -11.087941 -0.045663922 -0.047822379 -0.419024454 -0.905564097
1561001171.982257605 279.478500 82.453582 -11.105461 -0.045968731 -0.048090140 -0.418416844 -0.905815411
1561001172.082174301 278.754479 82.128604 -11.122623 -0.045665935 -0.049060906 -0.418602556 -0.905692856
1561001172.181156635 278.025703 81.826704 -11.132446 -0.045769809 -0.049243267 -0.418462542 -0.905742417
1561001172.282303333 277.290527 81.528852 -11.146027 -0.045850825 -0.049358052 -0.418287586 -0.905812883
1561001172.381473064 276.571526 81.216395 -11.157986 -0.045597758 -0.049519723 -0.418063890 -0.905920099
1561001172.482184172 275.837097 80.922994 -11.170334 -0.045640888 -0.050022029 -0.418431452 -0.905720611
1561001172.582118511 275.103410 80.619915 -11.180100 -0.045474333 -0.049905983 -0.418690228 -0.905615797
1561001172.680753231 274.370316 80.314521 -11.189191 -0.046018006 -0.049649160 -0.418597374 -0.905645373
1561001172.781884193 273.629713 80.007898 -11.208295 -0.045436578 -0.049170613 -0.418836496 -0.905590281
1561001172.881119490 272.916237 79.704085 -11.217819 -0.044803351 -0.048693380 -0.418783740 -0.905672012
1561001172.982280493 272.186062 79.398730 -11.231323 -0.044603328 -0.048565818 -0.418418273 -0.905857634
1561001173.082420111 271.468323 79.094148 -11.242237 -0.044306572 -0.048637312 -0.418445843 -0.905855626
1561001173.181460142 270.739866 78.782019 -11.259028 -0.044368165 -0.049790510 -0.418285746 -0.905863900
1561001173.282806635 270.001507 78.481025 -11.267361 -0.044350808 -0.050560254 -0.418548753 -0.905700617
1561001173.381441832 269.296756 78.185717 -11.274419 -0.044735661 -0.051292537 -0.418519841 -0.905653874
1561001173.481249809 268.568267 77.894806 -11.285533 -0.044990940 -0.051970873 -0.418787679 -0.905478726
1561001173.583010197 267.850955 77.582950 -11.295501 -0.045028634 -0.050590782 -0.419031224 -0.905442339
1561001173.680902004 267.151239 77.280513 -11.304568 -0.045563162 -0.048902099 -0.418944578 -0.905548466
1561001173.781931877 266.422765 76.986162 -11.316197 -0.046213619 -0.048665387 -0.418535121 -0.905717579
1561001173.880671024 265.717081 76.682790 -11.327759 -0.046855206 -0.049133030 -0.418737302 -0.905565904
1561001173.981781721 264.984067 76.378714 -11.344687 -0.047096341 -0.050795016 -0.418650534 -0.905501812
1561001174.082123280 264.248700 76.064449 -11.356151 -0.046670437 -0.050892553 -0.418434863 -0.905618068
1561001174.180668831 263.551078 75.767173 -11.362654 -0.046114311 -0.050839736 -0.418816571 -0.905473065
1561001174.283139229 262.813123 75.454833 -11.369591 -0.045747579 -0.049586184 -0.418593055 -0.905664520
1561001174.380716562 262.107646 75.154627 -11.384618 -0.045600715 -0.049055973 -0.419117051 -0.905458438
1561001174.482235432 261.384483 74.864467 -11.403025 -0.045518286 -0.048126516 -0.418938273 -0.905595189
1561001174.582128048 260.671742 74.563628 -11.416318 -0.045188781 -0.047886115 -0.418976218 -0.905606881
1561001174.681731701 259.964621 74.260289 -11.426049 -0.045171143 -0.048614826 -0.419383924 -0.905380191
1561001174.781960011 259.241190 73.960272 -11.438997 -0.045280439 -0.049865962 -0.418921908 -0.905520570
1561001174.880876541 258.526254 73.666302 -11.447984 -0.045161227 -0.051027352 -0.418414566 -0.905696375
1561001174.982169867 257.803940 73.361980 -11.461206 -0.044869949 -0.051581193 -0.418667823 -0.905562434
1561001175.082166910 257.090048 73.068732 -11.470470 -0.044567855 -0.051265653 -0.418683205 -0.905588159
1561001175.181641102 256.373075 72.772598 -11.475251 -0.044682872 -0.050705805 -0.418398942 -0.905745377
1561001175.282318115 255.649098 72.473173 -11.485950 -0.044870734 -0.049985638 -0.418363367 -0.905792551
1561001175.381169796 254.940837 72.183657 -11.496611 -0.044898475 -0.048830268 -0.418519690 -0.905781983
1561001175.481892347 254.223748 71.886773 -11.513374 -0.044910538 -0.047882461 -0.418485296 -0.905847874
1561001175.582248449 253.506976 71.574349 -11.527942 -0.044717556 -0.046651035 -0.417727332 -0.906271426
1561001175.682089806 252.777823 71.278633 -11.541967 -0.044846203 -0.047192399 -0.417648615 -0.906273320
1561001175.781844616 252.057125 70.983232 -11.551746 -0.045257902 -0.049141558 -0.416686131 -0.906592244
1561001175.880789042 251.344424 70.681841 -11.563096 -0.045667354 -0.052008808 -0.416344406 -0.906568758
1561001175.982044458 250.632800 70.393270 -11.570423 -0.046025798 -0.054032909 -0.416392845 -0.906409990
1561001176.081979513 249.926777 70.123034 -11.583470 -0.045457153 -0.053732223 -0.415466040 -0.906881726
1561001176.180749416 249.244244 69.826523 -11.595733 -0.044661575 -0.051695740 -0.414387726 -0.907532758
1561001176.282018661 248.516363 69.527406 -11.600786 -0.044458759 -0.049541596 -0.414547223 -0.907590022
1561001176.382251263 247.793498 69.233673 -11.611580 -0.044324619 -0.048510894 -0.414608799 -0.907624132
1561001176.482366562 247.070956 68.936645 -11.626522 -0.043999411 -0.048993789 -0.415021332 -0.907425454
1561001176.582418203 246.334269 68.630017 -11.638973 -0.043640898 -0.050302481 -0.414938028 -0.907409260
1561001176.681580305 245.622760 68.358159 -11.646140 -0.043702441 -0.051072949 -0.414715017 -0.907465209
1561001176.782855749 244.896157 68.060065 -11.652933 -0.043918407 -0.051962713 -0.415268938 -0.907150902
1561001176.880977869 244.182994 67.763506 -11.660984 -0.044520409 -0.052597310 -0.415819033 -0.906832944
1561001176.982772827 243.457882 67.458472 -11.670191 -0.044911049 -0.053238715 -0.415595639 -0.906878659
1561001177.082581282 242.744266 67.174762 -11.679101 -0.044695748 -0.052460318 -0.416076805 -0.906714011
1561001177.183237314 242.036429 66.884533 -11.685230 -0.044214766 -0.051031750 -0.416003096 -0.906852931
1561001177.282938004 241.326103 66.597530 -11.697343 -0.044596825 -0.049771922 -0.415539483 -0.907116761
1561001177.382550478 240.617454 66.293092 -11.710478 -0.044103453 -0.049545893 -0.416089841 -0.906900951
1561001177.483092070 239.885266 65.997516 -11.718876 -0.043871654 -0.049627004 -0.415868345 -0.907009348
1561001177.582842588 239.165332 65.702076 -11.724449 -0.043905890 -0.051064197 -0.415730633 -0.906991048
1561001177.682927132 238.448394 65.410577 -11.726084 -0.044802446 -0.052626693 -0.415634609 -0.906901893
1561001177.782884121 237.736064 65.125805 -11.734379 -0.045537301 -0.053781218 -0.415657352 -0.906787131
1561001177.880791903 237.033195 64.834574 -11.743304 -0.045982749 -0.054295387 -0.415337957 -0.906880355
1561001177.983627558 236.303110 64.542250 -11.751115 -0.046256207 -0.053506650 -0.415252386 -0.906952511
1561001178.083055019 235.586011 64.246655 -11.758998 -0.046503611 -0.052316989 -0.415304634 -0.906985341
1561001178.181840181 234.881082 63.959180 -11.767068 -0.046785508 -0.051985930 -0.415085285 -0.907090285
1561001178.282970428 234.164543 63.667875 -11.775470 -0.046591808 -0.052191490 -0.414943061 -0.907153520
1561001178.381215572 233.464397 63.387225 -11.778435 -0.046785227 -0.052430055 -0.414658358 -0.907259984
1561001178.482295990 232.745625 63.093991 -11.782250 -0.047322197 -0.051998770 -0.414413613 -0.907368776
1561001178.583378315 232.018244 62.797011 -11.792395 -0.048108497 -0.050964016 -0.414187081 -0.907489561
1561001178.682884216 231.324667 62.508023 -11.806295 -0.048691817 -0.049794797 -0.414191886 -0.907521166
1561001178.783598661 230.605118 62.218272 -11.815725 -0.048972535 -0.049344868 -0.413748471 -0.907732878
1561001178.880998373 229.911451 61.929853 -11.825092 -0.048880736 -0.049577887 -0.413493123 -0.907841475
1561001178.982686996 229.186666 61.643271 -11.830099 -0.049298216 -0.050372282 -0.413130630 -0.907940197
1561001179.083269358 228.472446 61.348959 -11.841455 -0.050136706 -0.051318591 -0.412844023 -0.907971655
1561001179.180779219 227.786801 61.082181 -11.851061 -0.050171249 -0.050932341 -0.412283132 -0.908246311
1561001179.282646894 227.096566 60.811663 -11.864016 -0.050021661 -0.049473027 -0.412157317 -0.908392316
1561001179.382702827 226.412342 60.537786 -11.875407 -0.049768531 -0.047587542 -0.412007968 -0.908574682
1561001179.482613564 225.725483 60.277206 -11.892518 -0.048875783 -0.045314885 -0.411475774 -0.908980421
1561001179.582821846 225.020118 60.005999 -11.906203 -0.048212922 -0.044013391 -0.411280128 -0.909168297
1561001179.682718754 224.318422 59.723066 -11.913763 -0.047890834 -0.045234434 -0.410834188 -0.909326995
1561001179.782914162 223.622002 59.447481 -11.920026 -0.048831964 -0.048985797 -0.410124622 -0.909402895
1561001179.880876064 222.951044 59.177817 -11.927684 -0.049570117 -0.052973836 -0.409690888 -0.909334896
1561001179.984066486 222.252592 58.910024 -11.938529 -0.049595784 -0.056002509 -0.409635548 -0.909176933
1561001180.084095478 221.593081 58.654758 -11.937288 -0.050145597 -0.055500665 -0.409657675 -0.909167578
1561001180.183820009 220.924759 58.396390 -11.940742 -0.050857848 -0.052962096 -0.408687710 -0.909715808
1561001180.283838987 220.256109 58.131964 -11.940392 -0.051742066 -0.050482646 -0.408941154 -0.909693021
1561001180.382524490 219.586919 57.859834 -11.950430 -0.052839346 -0.051009124 -0.408742602 -0.909689814
1561001180.483926535 218.914229 57.581630 -11.966233 -0.051464217 -0.055815924 -0.407980758 -0.909828401
1561001180.583786249 218.248702 57.325530 -11.964656 -0.048890964 -0.064105789 -0.407025819 -0.909851694
1561001180.684007406 217.589633 57.082463 -11.949542 -0.046182150 -0.069311769 -0.405946872 -0.910093525
1561001180.783686161 216.942269 56.867990 -11.925782 -0.045161904 -0.067918178 -0.405984211 -0.910233126
1561001180.882047653 216.315108 56.648320 -11.930132 -0.044851954 -0.060407278 -0.405729427 -0.910891264
1561001180.983523130 215.671580 56.419674 -11.956114 -0.044959613 -0.049374128 -0.405818288 -0.911511024
1561001181.083833933 215.002882 56.159997 -11.969131 -0.047033791 -0.035074956 -0.406848347 -0.911609562
1561001181.183913469 214.291076 55.887005 -11.986966 -0.049437687 -0.034687715 -0.405982519 -0.911883146
1561001181.283957005 213.566906 55.611937 -12.004229 -0.050577197 -0.043958285 -0.405053054 -0.911834217
1561001181.382357121 212.859647 55.332310 -12.000606 -0.050654313 -0.052854354 -0.404535223 -0.911587522
1561001181.484025717 212.159923 55.069172 -12.015753 -0.050671709 -0.060312371 -0.403576166 -0.911548723
1561001181.582500696 211.493510 54.820565 -12.021924 -0.050878015 -0.058510520 -0.403197513 -0.911822193
1561001181.682372808 210.810775 54.566484 -12.031464 -0.051576095 -0.054883282 -0.402650920 -0.912249948
1561001181.783750057 210.112876 54.293901 -12.048151 -0.050924338 -0.053254861 -0.402144848 -0.912606242
1561001181.881991625 209.409052 54.039194 -12.060189 -0.050389911 -0.054000809 -0.401473519 -0.912887607
1561001181.983636618 208.697542 53.775187 -12.063615 -0.049835544 -0.055362772 -0.400426724 -0.913296130
1561001182.083599806 207.985758 53.525289 -12.068221 -0.048785189 -0.055923269 -0.400033904 -0.913490815
1561001182.182166576 207.281356 53.273024 -12.071425 -0.048071213 -0.055235138 -0.399431715 -0.913833980
1561001182.285272360 206.548571 53.015034 -12.071401 -0.047976101 -0.053703366 -0.398547508 -0.914316207
1561001182.383624315 205.827506 52.749801 -12.074364 -0.049067757 -0.052943549 -0.398264818 -0.914425760
1561001182.485094309 205.081386 52.478142 -12.083068 -0.050263408 -0.053162957 -0.397376536 -0.914734485
1561001182.583701372 204.352546 52.213477 -12.102771 -0.049592241 -0.054294291 -0.397299125 -0.914738293
1561001182.685329437 203.608615 51.949987 -12.113631 -0.048802247 -0.054604050 -0.395430126 -0.915571818
1561001182.785302877 202.870475 51.695285 -12.113873 -0.048262305 -0.055059571 -0.394861446 -0.915818559
1561001182.883726120 202.128739 51.435612 -12.113002 -0.048703250 -0.055646580 -0.393972348 -0.916142587
1561001182.984324694 201.356021 51.157929 -12.112778 -0.049592394 -0.056108554 -0.392552441 -0.916676063
1561001183.083850622 200.612256 50.899610 -12.116261 -0.050480077 -0.057020622 -0.392117140 -0.916757634
1561001183.185326576 199.862669 50.640918 -12.115279 -0.050543900 -0.057398610 -0.391436382 -0.917021413
1561001183.285293579 199.100857 50.392892 -12.120591 -0.050934340 -0.056741342 -0.390145720 -0.917590557
1561001183.383745432 198.358949 50.126231 -12.125864 -0.051082930 -0.054894697 -0.389663239 -0.917899595
1561001183.485290289 197.584581 49.868375 -12.134478 -0.051449099 -0.052645371 -0.387960142 -0.918731943
1561001183.583975077 196.824043 49.612189 -12.141731 -0.051892794 -0.051208699 -0.387233370 -0.919094731
1561001183.683992624 196.025887 49.343798 -12.148315 -0.052792418 -0.051920954 -0.386502475 -0.919311162
1561001183.784892559 195.231590 49.080234 -12.152071 -0.053809674 -0.054643084 -0.384555916 -0.919910539
1561001183.883330345 194.436226 48.813598 -12.154997 -0.054432456 -0.058224052 -0.383618621 -0.920045554
1561001183.984966516 193.647754 48.561810 -12.155939 -0.054746468 -0.059921527 -0.381799809 -0.920674286
1561001184.083990097 192.880156 48.323116 -12.151710 -0.054710745 -0.059130856 -0.381340111 -0.920918018
1561001184.183526278 192.091913 48.077392 -12.154506 -0.055099848 -0.056723916 -0.380107349 -0.921555645
1561001184.285360575 191.251789 47.811745 -12.159753 -0.054732495 -0.054382179 -0.377396443 -0.922831977
1561001184.383547544 190.453851 47.561792 -12.171130 -0.054303265 -0.053210154 -0.376844021 -0.923151352
1561001184.485141277 189.636810 47.299283 -12.178321 -0.053927777 -0.053297834 -0.375348549 -0.923777355
1561001184.584088326 188.827407 47.052643 -12.174113 -0.054013054 -0.054835128 -0.374459664 -0.924043104
1561001184.683948278 188.019999 46.810044 -12.173701 -0.055814001 -0.058294432 -0.373170267 -0.924245913
1561001184.785135508 187.188247 46.576295 -12.174330 -0.055681225 -0.060672584 -0.371544135 -0.924755857
1561001184.883682489 186.376733 46.327922 -12.168276 -0.054945873 -0.060883125 -0.370154014 -0.925343289
1561001184.985288858 185.545914 46.084704 -12.159178 -0.054618023 -0.060070650 -0.368723919 -0.925986534
1561001185.083723307 184.731054 45.855625 -12.151231 -0.054284617 -0.059399291 -0.367384826 -0.926581510
1561001185.185198545 183.875130 45.612549 -12.146263 -0.055210138 -0.060712530 -0.365948924 -0.927009824
1561001185.285026550 183.043706 45.368717 -12.133602 -0.055913107 -0.061896835 -0.364706694 -0.927378851
1561001185.383406639 182.189299 45.141458 -12.135048 -0.056360722 -0.062295432 -0.363160163 -0.927931810
1561001185.485006332 181.327312 44.916794 -12.127329 -0.055432540 -0.059559695 -0.361878516 -0.928667764
1561001185.583856344 180.491844 44.701869 -12.121050 -0.054752771 -0.054812938 -0.361256905 -0.929242231
1561001185.686359167 179.618942 44.465919 -12.126420 -0.054375870 -0.051300926 -0.359223591 -0.930252595
1561001185.786403179 178.742254 44.225808 -12.143709 -0.054546496 -0.051693478 -0.357475556 -0.930894028
1561001185.886416435 177.879223 43.980211 -12.153329 -0.053527271 -0.053745207 -0.355887364 -0.931445365
1561001185.986504316 176.996143 43.756884 -12.155386 -0.052893362 -0.056383393 -0.355204139 -0.931586402
1561001186.085484266 176.120864 43.540947 -12.150996 -0.052787095 -0.057570183 -0.355702307 -0.931329730
1561001186.185472727 175.246494 43.322764 -12.143734 -0.053567235 -0.057082082 -0.355477093 -0.931401215
1561001186.286568165 174.358058 43.085282 -12.143894 -0.053714800 -0.055255168 -0.355947953 -0.931323060
1561001186.384876251 173.474889 42.863926 -12.144232 -0.053735210 -0.053740500 -0.355952136 -0.931408913
1561001186.487549067 172.563289 42.626525 -12.156427 -0.052784250 -0.053610480 -0.355708492 -0.931563851
1561001186.587973833 171.690385 42.388436 -12.158487 -0.052021635 -0.054775369 -0.355506228 -0.931616192
1561001186.688967943 170.819378 42.156773 -12.159083 -0.051737806 -0.056464678 -0.355486776 -0.931538561
1561001186.781089067 169.991563 41.939033 -12.158818 -0.050960288 -0.056701543 -0.355966664 -0.931383765
1561001186.880055428 169.097171 41.694873 -12.160720 -0.051072354 -0.055810640 -0.356172940 -0.931352578
1561001186.981319427 168.196674 41.460512 -12.155449 -0.051404137 -0.054272534 -0.356595519 -0.931263520
1561001187.080615282 167.294077 41.206524 -12.155457 -0.052207885 -0.053588065 -0.355909211 -0.931520955
1561001187.181005955 166.380415 40.964779 -12.163906 -0.052431977 -0.053711075 -0.356068093 -0.931440562
1561001187.281446934 165.473324 40.714743 -12.171208 -0.052630177 -0.054477629 -0.356148324 -0.931354188
1561001187.380506754 164.551653 40.466666 -12.172132 -0.052677623 -0.055701827 -0.356242830 -0.931242944
1561001187.481577158 163.634828 40.221483 -12.172072 -0.053131039 -0.056781958 -0.356237275 -0.931154072
1561001187.580713749 162.738697 39.989723 -12.176467 -0.053070414 -0.057285959 -0.356623609 -0.930978760
1561001187.680896282 161.813658 39.758026 -12.171156 -0.052884567 -0.057273934 -0.356191715 -0.931155401
1561001187.781370878 160.884609 39.503866 -12.170024 -0.053381530 -0.057426929 -0.356713619 -0.930917802
1561001187.880182266 159.964175 39.261859 -12.167613 -0.053529091 -0.057392731 -0.357069998 -0.930774800
1561001187.981287479 158.992647 38.989420 -12.166848 -0.053660935 -0.056679436 -0.357569270 -0.930619236
1561001188.080264330 158.074891 38.738982 -12.172482 -0.053674356 -0.056577307 -0.357384078 -0.930695811
1561001188.180219650 157.140191 38.473917 -12.171892 -0.054007933 -0.056606783 -0.357912952 -0.930471458
1561001188.281507730 156.207209 38.225544 -12.161489 -0.054495302 -0.057299495 -0.357552448 -0.930539240
1561001188.380746365 155.292751 37.990746 -12.157310 -0.054267868 -0.057711124 -0.357688987 -0.930474617
1561001188.480306864 154.379155 37.740419 -12.155515 -0.053899578 -0.057461175 -0.357477234 -0.930592863
1561001188.580298901 153.431322 37.489718 -12.155507 -0.053605929 -0.057214858 -0.358227495 -0.930336459
1561001188.681288242 152.484769 37.229446 -12.151954 -0.052862614 -0.057630354 -0.357958140 -0.930457015
1561001188.781306505 151.550595 36.986747 -12.147945 -0.051987406 -0.057079601 -0.358381476 -0.930377314
1561001188.880065203 150.653125 36.737467 -12.143047 -0.051730482 -0.056843994 -0.358389715 -0.930402886
1561001188.981198788 149.707105 36.481625 -12.134122 -0.051413873 -0.056094717 -0.358471949 -0.930434231
1561001189.080133438 148.806361 36.240250 -12.133228 -0.051161100 -0.056566616 -0.358095412 -0.930564579
1561001189.181329250 147.862470 35.997462 -12.127238 -0.051349301 -0.056908067 -0.358675624 -0.930309904
1561001189.281471729 146.948221 35.739522 -12.130744 -0.051057933 -0.057920115 -0.358230744 -0.930434889
1561001189.381006718 146.060216 35.501922 -12.119597 -0.051476850 -0.057773786 -0.357600308 -0.930663389
1561001189.481297731 145.167141 35.251113 -12.114638 -0.050966523 -0.057538758 -0.357924290 -0.930581489
1561001189.580420732 144.262804 35.014255 -12.108514 -0.051389705 -0.056922578 -0.358041915 -0.930550861
1561001189.680247068 143.360543 34.769849 -12.107298 -0.051447089 -0.056197213 -0.357822328 -0.930676234
1561001189.781193256 142.469880 34.522641 -12.113016 -0.051527095 -0.056179142 -0.357926939 -0.930632671
1561001189.879976511 141.592242 34.303463 -12.107479 -0.051142454 -0.055553076 -0.357465080 -0.930868961
1561001189.981053591 140.691286 34.068868 -12.101024 -0.051671334 -0.055620065 -0.357266397 -0.930912027
1561001190.080089331 139.799991 33.834137 -12.099206 -0.051602404 -0.056441328 -0.357443785 -0.930798318
1561001190.181203365 138.915247 33.603216 -12.097196 -0.051674861 -0.056863409 -0.356900008 -0.930977253
1561001190.281191111 138.037306 33.359613 -12.095886 -0.051100744 -0.056905240 -0.356563419 -0.931135348
1561001190.381334305 137.150660 33.121354 -12.093962 -0.051339175 -0.057410230 -0.356637899 -0.931062706
1561001190.481354237 136.280694 32.892000 -12.085461 -0.051493383 -0.058183548 -0.356613493 -0.931015533
1561001190.580257654 135.416220 32.663595 -12.079217 -0.051111675 -0.058744358 -0.355796922 -0.931313721
1561001190.680431843 134.541223 32.421380 -12.074146 -0.051064241 -0.059530532 -0.356043295 -0.931172235
1561001190.781099319 133.674087 32.180285 -12.063535 -0.050745804 -0.058903505 -0.356031190 -0.931234145
1561001190.880784273 132.795346 31.954605 -12.059745 -0.051765675 -0.058403556 -0.355713181 -0.931331022
1561001190.980972290 131.934032 31.730576 -12.055884 -0.052278679 -0.057660273 -0.356283677 -0.931130589
1561001191.079972506 131.081639 31.509446 -12.048880 -0.052668754 -0.057101295 -0.356544798 -0.931043098
1561001191.180071354 130.214832 31.286063 -12.035823 -0.052814139 -0.056600361 -0.356831610 -0.930955567
1561001191.281180143 129.360382 31.024243 -12.033131 -0.053405061 -0.057382942 -0.356642132 -0.930946554
1561001191.380069017 128.509656 30.803741 -12.029467 -0.053817473 -0.058171248 -0.356535331 -0.930914788
1561001191.481314421 127.661607 30.584655 -12.023888 -0.054418378 -0.059064198 -0.356822208 -0.930713690
1561001191.580160618 126.838545 30.361906 -12.017806 -0.054731652 -0.059408873 -0.357243705 -0.930511669
1561001191.681141615 125.990093 30.144659 -12.007110 -0.055864424 -0.059657456 -0.357647420 -0.930273335
1561001191.781115532 125.166950 29.927516 -11.999409 -0.056871848 -0.059720219 -0.357323192 -0.930332857
1561001191.879997015 124.332176 29.686930 -11.988865 -0.058928434 -0.059796244 -0.357836524 -0.930002619
1561001191.981205463 123.492889 29.445353 -11.973027 -0.059754034 -0.064422570 -0.358208890 -0.929497487
1561001192.080172300 122.673457 29.219838 -11.954927 -0.057656025 -0.070453426 -0.357568897 -0.929438853
1561001192.181540728 121.869630 29.015518 -11.930663 -0.054896463 -0.073199653 -0.357438545 -0.929443853
1561001192.281369686 121.066054 28.812219 -11.905771 -0.053253980 -0.067916664 -0.357684844 -0.929845628
1561001192.381585836 120.223200 28.581271 -11.937044 -0.052465126 -0.066956410 -0.358997221 -0.929454273
1561001192.481575489 119.380694 28.363496 -11.998918 -0.052522961 -0.066143089 -0.357056942 -0.930256293
1561001192.580341578 118.541281 28.117948 -12.019599 -0.052878856 -0.054529906 -0.357728764 -0.930731136
1561001192.681254625 117.675076 27.885602 -11.969507 -0.053354220 -0.051653896 -0.358550695 -0.930551773
1561001192.781065702 116.853221 27.672296 -11.904862 -0.053107096 -0.045335799 -0.360870508 -0.929998268
1561001192.881323576 116.111848 27.475178 -11.882107 -0.052575970 -0.051017323 -0.359963835 -0.930085500
1561001192.981015205 115.303626 27.265722 -11.857238 -0.053100171 -0.069583082 -0.359151562 -0.929165605
1561001193.080995321 114.495776 27.052845 -11.861944 -0.052323518 -0.064871797 -0.358515543 -0.929795948
1561001193.180986881 113.677471 26.832643 -11.873720 -0.051783009 -0.057264756 -0.357866191 -0.930575659
1561001193.281280518 112.840829 26.601170 -11.878678 -0.052387394 -0.055832065 -0.356519042 -0.931145807
1561001193.381281853 111.995620 26.371282 -11.884507 -0.054385337 -0.058842147 -0.356207664 -0.930965057
1561001193.481908560 111.140676 26.132581 -11.890985 -0.053533264 -0.063377423 -0.355931925 -0.930822194
1561001193.581173182 110.310905 25.905774 -11.891786 -0.051520091 -0.065215948 -0.355320998 -0.931042184
1561001193.681292534 109.491433 25.702629 -11.869612 -0.049962483 -0.063613915 -0.354466971 -0.931563303
1561001193.781444788 108.669237 25.495755 -11.854198 -0.050810802 -0.062309037 -0.353916399 -0.931814911
1561001193.881228924 107.830637 25.269500 -11.846112 -0.050873947 -0.063735709 -0.352779871 -0.932145892
1561001193.981140375 106.991968 25.057025 -11.834529 -0.050162669 -0.066280997 -0.352769581 -0.932010815
1561001194.080097675 106.154768 24.855347 -11.820081 -0.050310679 -0.067263347 -0.351696967 -0.932337772
1561001194.180901289 105.294847 24.654737 -11.806100 -0.049799280 -0.065883978 -0.351871529 -0.932397855
1561001194.280828476 104.463784 24.458922 -11.791720 -0.049405962 -0.063524782 -0.351303840 -0.932796476
1561001194.379916191 103.623042 24.236527 -11.778534 -0.049616518 -0.062147497 -0.350430937 -0.933206327
1561001194.480816841 102.776227 24.018731 -11.767385 -0.051333360 -0.062234636 -0.349852929 -0.933324523
1561001194.579881191 101.951733 23.784483 -11.769748 -0.051635184 -0.062950612 -0.350136095 -0.933153654
1561001194.681049347 101.107861 23.567841 -11.765970 -0.051065324 -0.063507257 -0.350237540 -0.933109226
1561001194.781070232 100.287061 23.362913 -11.750887 -0.050735992 -0.062685437 -0.350073462 -0.933244323
1561001194.880529642 99.460138 23.163026 -11.739639 -0.051093264 -0.062573187 -0.350146171 -0.933205087
1561001194.981196404 98.626090 22.960997 -11.730650 -0.051479023 -0.063128411 -0.350639679 -0.932961162
1561001195.080704451 97.802652 22.757050 -11.718869 -0.051596173 -0.063971107 -0.350314040 -0.933019617
1561001195.182229280 96.974021 22.540294 -11.707391 -0.051770121 -0.064225787 -0.350089208 -0.933076872
1561001195.280294895 96.170979 22.339434 -11.698347 -0.051697578 -0.064782128 -0.350636919 -0.932836742
1561001195.381826878 95.335109 22.126744 -11.688031 -0.051444699 -0.064031774 -0.351031969 -0.932753950
1561001195.482023239 94.519691 21.927343 -11.679784 -0.051011233 -0.063624989 -0.350649481 -0.932949439
1561001195.581993580 93.713214 21.729271 -11.668765 -0.050992964 -0.063145378 -0.350858231 -0.932904540
1561001195.682211399 92.888062 21.520139 -11.654554 -0.051623868 -0.063651283 -0.350560431 -0.932947413
1561001195.781264067 92.080089 21.310694 -11.641528 -0.052261869 -0.065187210 -0.350940710 -0.932662824
1561001195.881776094 91.251285 21.105556 -11.630483 -0.052209838 -0.066206694 -0.350702970 -0.932683351
1561001195.981807709 90.420941 20.892396 -11.623657 -0.051492011 -0.065834396 -0.350837104 -0.932699165
1561001196.079807997 89.628586 20.698830 -11.607921 -0.051255927 -0.063985831 -0.350674521 -0.932901937
1561001196.182383776 88.785717 20.490017 -11.594516 -0.050909188 -0.062945874 -0.351703599 -0.932604230
1561001196.282338858 87.973826 20.273590 -11.580046 -0.051261888 -0.062843099 -0.351710905 -0.932589086
1561001196.381685495 87.141670 20.047590 -11.570887 -0.052673338 -0.068629330 -0.350840977 -0.932430235
1561001196.482438803 86.307590 19.832548 -11.545069 -0.052270432 -0.076771550 -0.350179735 -0.932066567
1561001196.579985380 85.525376 19.646836 -11.518977 -0.050254031 -0.082478965 -0.350382652 -0.931613519
1561001196.682275534 84.721401 19.464408 -11.481751 -0.049166655 -0.077679245 -0.350905087 -0.931887437
1561001196.780991793 83.923896 19.246639 -11.476194 -0.046335578 -0.081703154 -0.352042569 -0.931259168
1561001196.881495476 83.084537 19.034143 -11.478631 -0.045733611 -0.081507863 -0.353541903 -0.930737894
1561001196.981733561 82.225755 18.818637 -11.496185 -0.046866899 -0.080094473 -0.354074612 -0.930601708
1561001197.079995155 81.375857 18.599299 -11.549769 -0.050799294 -0.056698475 -0.352043635 -0.932882626
1561001197.181876659 80.530421 18.372588 -11.516497 -0.053112547 -0.058579602 -0.350780560 -0.933113330
1561001197.280872583 79.717876 18.176875 -11.452890 -0.054437625 -0.068964217 -0.350352452 -0.932487877
1561001197.380743027 78.927011 17.984189 -11.436769 -0.051412358 -0.074176031 -0.350400767 -0.932241379
1561001197.481807232 78.128604 17.766847 -11.440562 -0.047074580 -0.073836629 -0.351416932 -0.932114948
1561001197.579964876 77.345602 17.573008 -11.444470 -0.046855516 -0.064999265 -0.352528266 -0.932364456
1561001197.681780338 76.496835 17.362948 -11.448343 -0.048687654 -0.061660117 -0.352268841 -0.932595414
1561001197.780249357 75.654896 17.152710 -11.442360 -0.048907802 -0.065836280 -0.351266770 -0.932676400
1561001197.881732702 74.801765 16.947234 -11.420885 -0.049738164 -0.070121486 -0.351290996 -0.932310961
1561001197.982005119 73.964437 16.738056 -11.396484 -0.050835486 -0.072502923 -0.351039946 -0.932164168
1561001198.080210686 73.136878 16.524905 -11.374908 -0.051843153 -0.073073478 -0.351135453 -0.932028137
1561001198.181984901 72.277679 16.301745 -11.345198 -0.053295066 -0.070981587 -0.351040375 -0.932143715
1561001198.280726910 71.454289 16.088453 -11.336445 -0.053434701 -0.068749515 -0.351737587 -0.932040185
1561001198.382074594 70.612053 15.858882 -11.326279 -0.053668953 -0.066308549 -0.351133019 -0.932431458
1561001198.481701374 69.767666 15.643972 -11.317179 -0.053476698 -0.064912255 -0.351562647 -0.932378864
1561001198.579937696 68.912281 15.414100 -11.304524 -0.054260128 -0.065459036 -0.351063472 -0.932483454
1561001198.681671381 68.048278 15.192789 -11.307378 -0.054709550 -0.067719273 -0.352304177 -0.931827630
1561001198.780194283 67.220824 14.975203 -11.295358 -0.054261264 -0.068457547 -0.351473822 -0.932113422
1561001198.882002831 66.365216 14.757851 -11.275951 -0.053788917 -0.067570447 -0.351970718 -0.932018026
1561001198.981867552 65.517775 14.539838 -11.263754 -0.053227921 -0.066190007 -0.352008341 -0.932135076
1561001199.079907417 64.669514 14.325412 -11.248623 -0.053436745 -0.065671598 -0.351835658 -0.932224986
1561001199.181783438 63.820567 14.100946 -11.244231 -0.052491715 -0.065988259 -0.352300513 -0.932080747
1561001199.280533552 62.992109 13.884484 -11.238219 -0.051897716 -0.067060937 -0.351375561 -0.932386547
1561001199.380574703 62.165887 13.673025 -11.220737 -0.051822708 -0.068452295 -0.351303805 -0.932316645
1561001199.483090162 61.305486 13.451869 -11.198147 -0.052265269 -0.069867800 -0.351923475 -0.931953164
1561001199.581761599 60.483754 13.232560 -11.177604 -0.052383423 -0.070679085 -0.352414993 -0.931699585
1561001199.683545351 59.649600 13.017607 -11.158778 -0.052273917 -0.070758413 -0.352225003 -0.931771556
1561001199.782258272 58.839834 12.806712 -11.138397 -0.052802465 -0.069777383 -0.352400142 -0.931749514
1561001199.882443666 58.037701 12.594507 -11.127613 -0.052918356 -0.068991350 -0.352163137 -0.931891070
1561001199.984800816 57.204662 12.376637 -11.108971 -0.052839677 -0.068528239 -0.352699773 -0.931726741
1561001200.082872629 56.418643 12.180490 -11.097830 -0.052704320 -0.068571805 -0.352558227 -0.931784771
1561001200.183601141 55.610921 11.974475 -11.082377 -0.052686285 -0.068736343 -0.352592587 -0.931760666
1561001200.281774521 54.813282 11.771376 -11.065215 -0.052671880 -0.068845179 -0.351864282 -0.932028724
1561001200.383598089 53.982924 11.560847 -11.052299 -0.052016452 -0.068193226 -0.352036077 -0.932048590
1561001200.483321667 53.192507 11.354728 -11.036741 -0.051758169 -0.066807270 -0.351784471 -0.932258315
1561001200.581450462 52.424109 11.149065 -11.024308 -0.051193458 -0.065817077 -0.351234476 -0.932567255
1561001200.683260679 51.637217 10.946186 -11.004640 -0.050768777 -0.065574635 -0.351081978 -0.932664969
1561001200.781702280 50.862133 10.747900 -10.993402 -0.051382912 -0.066805863 -0.351022234 -0.932566439
1561001200.884630203 50.066009 10.543645 -10.978417 -0.051039964 -0.068613019 -0.350811994 -0.932533174
1561001200.984907150 49.311300 10.354539 -10.961349 -0.051000611 -0.068873276 -0.350753313 -0.932538215
1561001201.083607197 48.588725 10.182940 -10.949033 -0.050539287 -0.068929949 -0.350881924 -0.932510760
1561001201.185081005 47.865699 9.998331 -10.936551 -0.050576669 -0.069041023 -0.350197472 -0.932757776
1561001201.283516884 47.154841 9.821203 -10.920721 -0.050701237 -0.068770264 -0.349906178 -0.932880326
1561001201.385267735 46.436016 9.641231 -10.906360 -0.050837561 -0.069441853 -0.349376943 -0.933021502
1561001201.485126019 45.725633 9.467985 -10.889409 -0.051276944 -0.071177016 -0.349286757 -0.932900460
1561001201.583573103 44.993812 9.281411 -10.844801 -0.051941514 -0.078889058 -0.349372257 -0.932211146
1561001201.684889555 44.258932 9.095724 -10.786092 -0.051658550 -0.088623793 -0.348575738 -0.931650242
1561001201.783192396 43.570640 8.927727 -10.768236 -0.048453508 -0.097287344 -0.347042330 -0.931530489
1561001201.886081934 42.908770 8.792005 -10.733522 -0.045834392 -0.093872242 -0.346927321 -0.932056138
1561001201.987475634 42.257001 8.611646 -10.721658 -0.040998190 -0.096397220 -0.346620225 -0.932137943
1561001202.087443590 41.625096 8.394807 -10.689093 -0.035344771 -0.103017465 -0.347098961 -0.931482936
1561001202.187290668 40.936676 8.165553 -10.735668 -0.034320464 -0.103526302 -0.346969997 -0.931512872
1561001202.287449837 40.227978 7.973465 -10.761747 -0.036007807 -0.099938826 -0.347047090 -0.931812205
1561001202.387688160 39.490694 7.794107 -10.762197 -0.039114866 -0.089095922 -0.348529622 -0.932233365
1561001202.487643957 38.729819 7.668816 -10.731920 -0.046071832 -0.068002267 -0.348967440 -0.933528148
1561001202.587789059 37.973349 7.520604 -10.651885 -0.048263792 -0.072984860 -0.349878060 -0.932699930
1561001202.687836409 37.232174 7.358178 -10.639915 -0.051196523 -0.084073105 -0.350671620 -0.931310928
1561001202.786162138 36.524692 7.201560 -10.650402 -0.051063785 -0.085032963 -0.351664931 -0.930856413
1561001202.886424541 35.809894 7.028221 -10.646161 -0.050156917 -0.080672816 -0.352228029 -0.931080875
1561001202.987961769 35.076623 6.831540 -10.627730 -0.049455837 -0.076208283 -0.353468373 -0.931024450
1561001203.086307526 34.352423 6.629611 -10.603034 -0.049521899 -0.074202852 -0.354553523 -0.930770282
1561001203.187753677 33.605322 6.425747 -10.587387 -0.049621542 -0.075273479 -0.355802531 -0.930202217
1561001203.286465883 32.873480 6.227797 -10.570054 -0.049549688 -0.077346806 -0.356120540 -0.929914222
1561001203.386618137 32.135649 6.016611 -10.550599 -0.049157206 -0.078884835 -0.356794068 -0.929547602
1561001203.487697124 31.390593 5.799339 -10.526655 -0.048794334 -0.079347690 -0.357350003 -0.929313743
1561001203.587701559 30.651932 5.595471 -10.505900 -0.048969006 -0.079031336 -0.358257986 -0.928981862
1561001203.687275410 29.923062 5.386633 -10.479352 -0.049758730 -0.079352989 -0.359229973 -0.928537020
1561001203.787400723 29.190539 5.181482 -10.454163 -0.050387755 -0.080516476 -0.360354248 -0.927967126
1561001203.888670206 28.447035 4.975017 -10.432262 -0.050984145 -0.081097957 -0.360919071 -0.927664359
1561001203.986125708 27.712370 4.763423 -10.413820 -0.051125202 -0.080905381 -0.361837941 -0.927315393
1561001204.087466478 26.957909 4.556279 -10.389808 -0.051124188 -0.079268502 -0.362625437 -0.927149187
1561001204.187530756 26.220329 4.351172 -10.367639 -0.051959971 -0.077853823 -0.363348166 -0.926939617
1561001204.287372351 25.470649 4.117452 -10.349166 -0.051966423 -0.077700605 -0.364188740 -0.926622182
1561001204.387797832 24.702315 3.895909 -10.331698 -0.052020345 -0.077540104 -0.365171888 -0.926245598
1561001204.487542391 23.935076 3.664871 -10.312304 -0.051787400 -0.077273301 -0.365950068 -0.925973785
1561001204.586690903 23.185212 3.446398 -10.291351 -0.051744973 -0.076885603 -0.366053811 -0.925967424
1561001204.687549591 22.409852 3.218053 -10.272047 -0.051754786 -0.077473116 -0.366909777 -0.925579048
1561001204.786178112 21.654888 3.000937 -10.252987 -0.051844737 -0.078294151 -0.367777777 -0.925160341
1561001204.887538910 20.881622 2.771656 -10.230558 -0.051768169 -0.078723779 -0.368168844 -0.924972608
1561001204.987415791 20.115551 2.545064 -10.212399 -0.051841223 -0.078893774 -0.368891221 -0.924666171
1561001205.087829113 19.353736 2.317674 -10.187792 -0.052150335 -0.079066750 -0.369817270 -0.924264020
1561001205.187698126 18.598207 2.076693 -10.164861 -0.052385881 -0.078819628 -0.370597348 -0.923959302
1561001205.286277056 17.861133 1.841240 -10.145207 -0.052503271 -0.078968304 -0.371047888 -0.923759102
1561001205.387474537 17.093870 1.607201 -10.127615 -0.052515231 -0.079001810 -0.371650974 -0.923513085
1561001205.486027718 16.352942 1.373467 -10.108835 -0.051923452 -0.078693675 -0.371899351 -0.923472866
1561001205.587404013 15.582861 1.138759 -10.083707 -0.051943499 -0.078267518 -0.372713586 -0.923179642
1561001205.687479734 14.807540 0.894352 -10.062566 -0.051409065 -0.077232015 -0.373668053 -0.922910890
1561001205.787549734 14.035410 0.649740 -10.045491 -0.051709256 -0.076001004 -0.374432465 -0.922686474
1561001205.887513399 13.266577 0.410775 -10.022382 -0.052903609 -0.076941588 -0.374655031 -0.922450436
1561001205.987216711 12.488109 0.159123 -9.999696 -0.053159752 -0.079616982 -0.375473955 -0.921875526
1561001206.087835550 11.712591 -0.097235 -9.973597 -0.053065291 -0.081886194 -0.376035469 -0.921453228
1561001206.187162161 10.965120 -0.325329 -9.948177 -0.052750018 -0.081818231 -0.376048343 -0.921472114
1561001206.285967827 10.248696 -0.546365 -9.923707 -0.052679543 -0.079542853 -0.376518581 -0.921483347
1561001206.387373686 9.507294 -0.788470 -9.899078 -0.052948535 -0.077521534 -0.377075010 -0.921412666
1561001206.487328291 8.764948 -1.027814 -9.876509 -0.053553394 -0.077127128 -0.377441949 -0.921260558
1561001206.587295771 8.025926 -1.277733 -9.856576 -0.053853442 -0.078786342 -0.377231213 -0.921188977
1561001206.687410355 7.281983 -1.514909 -9.837829 -0.053855841 -0.080961061 -0.377044185 -0.921076836
1561001206.786282778 6.549495 -1.746271 -9.814808 -0.053610686 -0.081917717 -0.377273000 -0.920912843
1561001206.887626886 5.830236 -1.976129 -9.782928 -0.053208621 -0.081401358 -0.377667475 -0.920820254
1561001206.987130880 5.119318 -2.198122 -9.756038 -0.053389708 -0.080463743 -0.377877853 -0.920805872
1561001207.086267233 4.410536 -2.424842 -9.733484 -0.054037057 -0.080132002 -0.377546820 -0.920932819
1561001207.187569857 3.695620 -2.658989 -9.715150 -0.053913703 -0.080189690 -0.377864531 -0.920804714
1561001207.287689686 2.994863 -2.884131 -9.695587 -0.053681807 -0.080275438 -0.377778437 -0.920846117
1561001207.387223959 2.277965 -3.114458 -9.672867 -0.053571971 -0.080290077 -0.377408382 -0.921002964
1561001207.486059189 1.543917 -3.352484 -9.652483 -0.052726447 -0.080208987 -0.377393418 -0.921064953
1561001207.587322950 0.821918 -3.585875 -9.629393 -0.051438984 -0.079468566 -0.377477138 -0.921167622
1561001207.687611580 0.101485 -3.816101 -9.610783 -0.051057857 -0.079265850 -0.377149973 -0.921340284
1561001207.786356211 -0.626424 -4.042682 -9.581587 -0.051385551 -0.079588938 -0.377448289 -0.921172033
1561001207.887149811 -1.349527 -4.265295 -9.552389 -0.052664139 -0.081680344 -0.378008765 -0.920686800
1561001207.987451077 -2.069296 -4.493301 -9.527120 -0.053453203 -0.084755293 -0.377998075 -0.920367726
1561001208.087362766 -2.782163 -4.721226 -9.504784 -0.052773234 -0.086906555 -0.378925568 -0.919824793
1561001208.187187910 -3.484367 -4.959212 -9.471861 -0.052719399 -0.088098774 -0.379461357 -0.919493529
1561001208.287428617 -4.187718 -5.186465 -9.428797 -0.052580346 -0.092381200 -0.379311281 -0.919143065
1561001208.387059212 -4.880414 -5.419900 -9.381585 -0.051838882 -0.098132757 -0.379226674 -0.918623874
1561001208.487249613 -5.576646 -5.633358 -9.336700 -0.050587042 -0.101965211 -0.379672603 -0.918091913
1561001208.587366343 -6.230973 -5.841333 -9.290926 -0.050397353 -0.098070634 -0.379895442 -0.918434380
1561001208.686988592 -6.876025 -6.066968 -9.289939 -0.049103379 -0.091885499 -0.382382006 -0.918112147
1561001208.787284374 -7.573780 -6.277173 -9.308823 -0.046527623 -0.088743550 -0.384554470 -0.917647875
1561001208.887379885 -8.313302 -6.495588 -9.315659 -0.047452767 -0.077973420 -0.385808296 -0.918052471
1561001208.987308741 -9.034478 -6.731857 -9.288181 -0.049118176 -0.058659237 -0.385918007 -0.919355095
1561001209.087456465 -9.789590 -7.023762 -9.248292 -0.050217373 -0.063073071 -0.385405531 -0.919218462
1561001209.187585592 -10.490087 -7.282400 -9.242902 -0.052536068 -0.059822268 -0.385883113 -0.919105805
1561001209.286191940 -11.188466 -7.517960 -9.246725 -0.053517688 -0.067953593 -0.386149836 -0.918371641
1561001209.387539387 -11.893179 -7.771479 -9.232349 -0.051617335 -0.079714224 -0.388041203 -0.916736232
1561001209.487177849 -12.588116 -8.019846 -9.163525 -0.053422313 -0.089365040 -0.389078902 -0.915301893
1561001209.585821390 -13.293293 -8.282926 -9.117985 -0.055646724 -0.085169267 -0.391142226 -0.914689782
1561001209.687168598 -14.035384 -8.552059 -9.095587 -0.057047681 -0.087010222 -0.391356582 -0.914338454
1561001209.785800695 -14.759662 -8.822068 -9.076294 -0.056797933 -0.090447485 -0.392480774 -0.913538225
1561001209.885838032 -15.488012 -9.099775 -9.047302 -0.056199982 -0.091865068 -0.393738685 -0.912892228
1561001209.985782623 -16.212900 -9.365985 -9.009992 -0.056062857 -0.089503403 -0.394452062 -0.912827293
1561001210.087155819 -16.939970 -9.625189 -8.986662 -0.055413495 -0.086014861 -0.396144966 -0.912469152
1561001210.187222719 -17.666693 -9.899610 -8.962300 -0.055430698 -0.082847368 -0.397328616 -0.912246525
1561001210.285557270 -18.393163 -10.146951 -8.952207 -0.055906413 -0.082597803 -0.397732163 -0.912064254
1561001210.386958122 -19.133049 -10.426043 -8.931929 -0.055706455 -0.082856636 -0.399010738 -0.911494377
1561001210.486564875 -19.859161 -10.707550 -8.910904 -0.054917676 -0.083936532 -0.399697094 -0.911142657
1561001210.587090254 -20.604481 -10.986304 -8.889426 -0.054223326 -0.085084664 -0.400654218 -0.910657251
1561001210.687223911 -21.335736 -11.256699 -8.868435 -0.053174122 -0.085385721 -0.401075093 -0.910505662
1561001210.786231279 -22.068222 -11.530524 -8.848425 -0.051916906 -0.084899703 -0.401694241 -0.910350708
1561001210.887682915 -22.808945 -11.822857 -8.821936 -0.050529163 -0.083859906 -0.403604383 -0.909680066
1561001210.986404419 -23.531653 -12.107256 -8.797084 -0.050831260 -0.084196158 -0.404167866 -0.909381947
1561001211.087847471 -24.295191 -12.386904 -8.764418 -0.050694746 -0.085689680 -0.404382215 -0.909154743
1561001211.187441587 -25.048517 -12.680064 -8.732673 -0.051131729 -0.088475867 -0.405268235 -0.908468615
1561001211.286849260 -25.794132 -12.964117 -8.695329 -0.051585672 -0.090272245 -0.405584190 -0.908125159
1561001211.387037992 -26.539568 -13.270480 -8.662041 -0.052718709 -0.091271228 -0.406111059 -0.907724687
1561001211.486629009 -27.273160 -13.560808 -8.628053 -0.053844897 -0.090711555 -0.405613655 -0.907937059
1561001211.587038040 -28.024178 -13.855929 -8.595358 -0.054981998 -0.089577142 -0.405760325 -0.907916006
1561001211.687184572 -28.769338 -14.147350 -8.571649 -0.055795383 -0.088574322 -0.405198460 -0.908215653
1561001211.787177563 -29.516032 -14.454208 -8.546168 -0.056085454 -0.087431077 -0.405446180 -0.908198009
1561001211.887688398 -30.263024 -14.741169 -8.520762 -0.056242611 -0.086825574 -0.405730057 -0.908119601
1561001211.987141848 -30.989360 -15.032994 -8.493220 -0.056713679 -0.086782484 -0.405076863 -0.908385983
1561001212.087755680 -31.749838 -15.327104 -8.467958 -0.057049951 -0.087432417 -0.405322464 -0.908193028
1561001212.187625647 -32.510039 -15.622210 -8.434658 -0.057022470 -0.088187298 -0.405712601 -0.907947534
1561001212.286515474 -33.265865 -15.911870 -8.402416 -0.057201475 -0.088822456 -0.404862357 -0.908253838
1561001212.387733936 -34.024262 -16.197996 -8.370620 -0.057309911 -0.089005325 -0.405060900 -0.908140569
1561001212.485953569 -34.770945 -16.508911 -8.339545 -0.057601377 -0.088932817 -0.405093536 -0.908114675
1561001212.587473869 -35.538609 -16.816993 -8.309194 -0.057674622 -0.088963122 -0.404116415 -0.908542307
1561001212.687319994 -36.308188 -17.105258 -8.277971 -0.057912271 -0.088437684 -0.404475681 -0.908418608
1561001212.785969734 -37.081067 -17.414738 -8.249235 -0.057909542 -0.088177225 -0.403812364 -0.908739147
1561001212.887326241 -37.851628 -17.727434 -8.222488 -0.057614499 -0.087993061 -0.403758033 -0.908799891
1561001212.986535072 -38.607744 -18.017577 -8.194251 -0.057121635 -0.087194559 -0.403198751 -0.909156199
1561001213.087265968 -39.360123 -18.305120 -8.168823 -0.056608418 -0.086344499 -0.402989615 -0.909362131
1561001213.187240362 -40.135535 -18.596183 -8.132385 -0.056844119 -0.086099439 -0.403426468 -0.909176945
1561001213.285911322 -40.917047 -18.889572 -8.100790 -0.057049915 -0.087679782 -0.404230004 -0.908655967
1561001213.387399197 -41.712166 -19.201940 -8.071041 -0.057020418 -0.089789551 -0.403380724 -0.908829192
1561001213.486251831 -42.474776 -19.482783 -8.040810 -0.056919495 -0.090727507 -0.403329451 -0.908765121
1561001213.587128878 -43.237462 -19.767793 -8.004470 -0.056951753 -0.090029351 -0.402667219 -0.909126132
1561001213.687181711 -44.009968 -20.051394 -7.967824 -0.057328492 -0.088927877 -0.401972112 -0.909518388
1561001213.785878420 -44.786347 -20.347367 -7.939131 -0.057510119 -0.088487112 -0.402192881 -0.909452310
1561001213.887528896 -45.570998 -20.654391 -7.910231 -0.057192076 -0.088294376 -0.402275342 -0.909454627
1561001213.986061096 -46.350148 -20.942952 -7.878261 -0.057022937 -0.088234402 -0.401572716 -0.909781528
1561001214.087192535 -47.140326 -21.243978 -7.844082 -0.056612958 -0.088022632 -0.401802789 -0.909726062
1561001214.187126398 -47.923041 -21.551862 -7.813662 -0.056441359 -0.088657229 -0.401244632 -0.909921433
1561001214.286764860 -48.696621 -21.839685 -7.778840 -0.056525006 -0.089623796 -0.401161078 -0.909858389
1561001214.387174368 -49.471482 -22.129273 -7.740398 -0.057033699 -0.090708193 -0.401525494 -0.909558387
1561001214.486006021 -50.237472 -22.416195 -7.707159 -0.057316707 -0.091281201 -0.400761968 -0.909819973
1561001214.586794615 -51.023672 -22.710136 -7.670945 -0.057758371 -0.090790925 -0.400854512 -0.909800329
1561001214.687356949 -51.787649 -23.008479 -7.640136 -0.057607888 -0.089309532 -0.401366074 -0.909730957
1561001214.787341595 -52.564517 -23.303813 -7.607579 -0.057518644 -0.087375953 -0.400936846 -0.910113561
1561001214.887284756 -53.339333 -23.598017 -7.577573 -0.057434219 -0.086449077 -0.400704727 -0.910309612
1561001214.986337662 -54.105876 -23.885750 -7.550651 -0.056792868 -0.086444064 -0.400288064 -0.910533613
1561001215.087161303 -54.878349 -24.185244 -7.516768 -0.056355272 -0.087286871 -0.400902867 -0.910209853
1561001215.187303782 -55.672725 -24.478999 -7.480829 -0.056047524 -0.089104688 -0.400840415 -0.910080211
1561001215.287222385 -56.431064 -24.761124 -7.446063 -0.056221898 -0.090769814 -0.400542632 -0.910036010
1561001215.387200117 -57.168429 -25.039729 -7.407398 -0.056281370 -0.091313547 -0.400271295 -0.910097321
1561001215.486172915 -57.914522 -25.329156 -7.362631 -0.057068918 -0.093597240 -0.400682940 -0.909635024
1561001215.586491346 -58.682023 -25.606722 -7.297763 -0.057955507 -0.101340147 -0.399948138 -0.909072506
1561001215.687019110 -59.444019 -25.903780 -7.237042 -0.056629222 -0.110893263 -0.399725896 -0.908138218
1561001215.785833597 -60.131403 -26.170985 -7.182651 -0.055031102 -0.114639154 -0.399503628 -0.907869095
1561001215.887155533 -60.810894 -26.440553 -7.174294 -0.052329540 -0.115015513 -0.399992152 -0.907766120
1561001215.986102104 -61.485249 -26.722552 -7.154303 -0.048586984 -0.121929277 -0.401137084 -0.906565826
1561001216.087085247 -62.159171 -26.989602 -7.132644 -0.044830525 -0.130733663 -0.400270985 -0.905915047
1561001216.187379837 -62.892434 -27.271870 -7.130277 -0.047501561 -0.126467702 -0.400749683 -0.906172839
1561001216.286118984 -63.586952 -27.566564 -7.085666 -0.050120083 -0.120282882 -0.399215054 -0.907550189
1561001216.387266159 -64.363616 -27.822565 -7.133895 -0.056995549 -0.091666543 -0.399104354 -0.910529772
1561001216.487574577 -65.111977 -28.085623 -7.038165 -0.055414633 -0.093308303 -0.398659700 -0.910655381
1561001216.585958242 -65.828871 -28.337380 -7.003893 -0.054464531 -0.102990873 -0.398407868 -0.909778910
1561001216.687267780 -66.521933 -28.556514 -6.975354 -0.053979411 -0.100620493 -0.398011744 -0.910246335
1561001216.785445213 -67.212603 -28.792863 -6.955428 -0.053485332 -0.093953811 -0.398272616 -0.910873715
1561001216.886713028 -67.944228 -29.045662 -6.929602 -0.053054102 -0.089135250 -0.399252772 -0.910954112
1561001216.985660315 -68.676798 -29.341269 -6.903324 -0.052018686 -0.088129415 -0.399814034 -0.910865523
1561001217.087144852 -69.434912 -29.625025 -6.874514 -0.051549780 -0.090930971 -0.400397242 -0.910360493
1561001217.187413931 -70.188350 -29.908078 -6.831691 -0.051250754 -0.094439521 -0.401166707 -0.909681159
1561001217.286079884 -70.912822 -30.180015 -6.788285 -0.051981711 -0.097020618 -0.401214899 -0.909346747
1561001217.387382984 -71.643602 -30.449173 -6.751133 -0.052309032 -0.098392820 -0.402067090 -0.908803980
1561001217.486249924 -72.357366 -30.728551 -6.719509 -0.052551306 -0.097399922 -0.403488029 -0.908267045
1561001217.587354660 -73.069902 -31.014808 -6.683602 -0.052494701 -0.094764704 -0.404209219 -0.908228421
1561001217.687560320 -73.792249 -31.303253 -6.652359 -0.052640108 -0.092922399 -0.404566486 -0.908251290
1561001217.787649632 -74.495006 -31.594711 -6.623575 -0.052177983 -0.092411351 -0.405539580 -0.907896056
1561001217.887589455 -75.210026 -31.893545 -6.594065 -0.051603988 -0.093273458 -0.405857553 -0.907698594
1561001217.986074686 -75.919240 -32.178427 -6.559981 -0.051562345 -0.094812483 -0.406559992 -0.907227034
1561001218.087138414 -76.646182 -32.458518 -6.521637 -0.051791132 -0.095933062 -0.407391043 -0.906723257
1561001218.187138557 -77.354488 -32.740229 -6.486389 -0.051986928 -0.097190886 -0.408230620 -0.906200338
1561001218.285797358 -78.047630 -33.021927 -6.451837 -0.051900406 -0.097506718 -0.409695703 -0.905509922
1561001218.387308359 -78.758771 -33.318880 -6.417094 -0.052129216 -0.096973730 -0.409497880 -0.905643488
1561001218.486237764 -79.456468 -33.614563 -6.385260 -0.052193615 -0.095841576 -0.410432737 -0.905337057
1561001218.586295843 -80.176724 -33.894509 -6.351468 -0.051851181 -0.095038685 -0.410929678 -0.905215943
1561001218.687330723 -80.890894 -34.196023 -6.320457 -0.051490360 -0.094577676 -0.411249598 -0.905139533
1561001218.787990570 -81.601336 -34.475655 -6.289781 -0.050505354 -0.094574638 -0.412415779 -0.904664619
1561001218.887281179 -82.294921 -34.757622 -6.255397 -0.049743087 -0.094876775 -0.412320902 -0.904718463
1561001218.986009836 -82.999939 -35.059634 -6.213510 -0.049390945 -0.095581284 -0.412644407 -0.904516084
1561001219.087176800 -83.705195 -35.340322 -6.168335 -0.050246351 -0.096894082 -0.412743745 -0.904283939
1561001219.187189579 -84.401515 -35.630733 -6.133709 -0.050849600 -0.098714446 -0.413289785 -0.903803812
1561001219.287153959 -85.102412 -35.918186 -6.103793 -0.050647409 -0.099408006 -0.413151859 -0.903802207
1561001219.388354301 -85.793876 -36.199237 -6.069571 -0.050156970 -0.098569283 -0.413589813 -0.903721108
1561001219.479591370 -86.447499 -36.476223 -6.031513 -0.050065542 -0.097166670 -0.413692278 -0.903831167
1561001219.580905676 -87.177059 -36.776447 -5.991442 -0.050184683 -0.095842233 -0.414022685 -0.903814683
1561001219.681033134 -87.877152 -37.077352 -5.960361 -0.050233399 -0.095933027 -0.414459598 -0.903602071
1561001219.779934883 -88.581951 -37.364052 -5.925064 -0.049784383 -0.096366758 -0.414805950 -0.903421821
1561001219.880908966 -89.292932 -37.666081 -5.888251 -0.049353950 -0.096822948 -0.415635861 -0.903015136
1561001219.979764462 -90.016155 -37.974028 -5.853478 -0.049075209 -0.097276647 -0.415946955 -0.902838307
1561001220.079637766 -90.713061 -38.279343 -5.818390 -0.048867446 -0.097029258 -0.416967000 -0.902405572
1561001220.180526257 -91.420075 -38.566214 -5.779172 -0.048634196 -0.096946969 -0.417130803 -0.902351314
1561001220.279446363 -92.105307 -38.853059 -5.740440 -0.048824160 -0.097274519 -0.417652872 -0.902064270
1561001220.380623817 -92.823433 -39.156573 -5.698385 -0.049487248 -0.097527171 -0.419021668 -0.901365800
1561001220.479712725 -93.518070 -39.450956 -5.668122 -0.049921176 -0.099042742 -0.419176329 -0.901104665
1561001220.580852747 -94.224876 -39.783087 -5.644844 -0.047205726 -0.102395014 -0.419847733 -0.900563580
1561001220.681068420 -94.907673 -40.062816 -5.602307 -0.043659273 -0.105631317 -0.419524945 -0.900519135
1561001220.780878544 -95.590590 -40.331548 -5.537498 -0.041886161 -0.107437883 -0.420743330 -0.899820927
1561001220.880980492 -96.261940 -40.619526 -5.469284 -0.043517879 -0.105318240 -0.421997412 -0.899406719
1561001220.979924202 -96.910084 -40.905050 -5.427385 -0.045753160 -0.100343428 -0.422599384 -0.899581906
1561001221.080864906 -97.601426 -41.201463 -5.403372 -0.046847519 -0.093353921 -0.424460601 -0.899401776
1561001221.180951357 -98.298037 -41.516984 -5.397381 -0.047232257 -0.086467848 -0.425462967 -0.899596403
1561001221.280869007 -98.998972 -41.844644 -5.385324 -0.046990396 -0.082383759 -0.426300283 -0.899595958
1561001221.379778147 -99.699766 -42.171194 -5.364801 -0.047284522 -0.084061076 -0.427091891 -0.899049735
1561001221.479551077 -100.385987 -42.499914 -5.328535 -0.048394485 -0.090834653 -0.427300278 -0.898232438
1561001221.580486774 -101.076310 -42.821033 -5.295110 -0.049307238 -0.098259249 -0.427284999 -0.897408183
1561001221.680234432 -101.737773 -43.135510 -5.266759 -0.049430248 -0.102837797 -0.428353847 -0.896378279
1561001221.779045105 -102.398636 -43.427080 -5.232603 -0.049080740 -0.102246219 -0.428986951 -0.896162367
1561001221.880278349 -103.073713 -43.736245 -5.196936 -0.048958695 -0.099347105 -0.429916435 -0.896049696
1561001221.979314566 -103.754440 -44.035015 -5.165229 -0.048664127 -0.096161935 -0.430943168 -0.895920014
1561001222.080528498 -104.453118 -44.344425 -5.133313 -0.048963148 -0.093706954 -0.431172049 -0.896053727
1561001222.180746078 -105.132229 -44.658314 -5.104641 -0.048578631 -0.092476479 -0.431855955 -0.895873122
1561001222.279495955 -105.814277 -44.979626 -5.082398 -0.048043464 -0.093084251 -0.432369596 -0.895591246
1561001222.380745649 -106.518701 -45.303780 -5.050414 -0.047532429 -0.094080589 -0.432857738 -0.895278554
1561001222.479617357 -107.181492 -45.619828 -5.020784 -0.046257547 -0.095215434 -0.433637221 -0.894848044
1561001222.580699682 -107.867307 -45.946624 -4.995428 -0.045810288 -0.095568263 -0.433679560 -0.894812921
1561001222.679659367 -108.549249 -46.255379 -4.962326 -0.045436277 -0.094472052 -0.434542640 -0.894529636
1561001222.781014681 -109.235334 -46.574074 -4.934449 -0.045480764 -0.092937099 -0.434694488 -0.894614385
1561001222.882418871 -109.926176 -46.900523 -4.901387 -0.045484495 -0.092244938 -0.435456369 -0.894315259
1561001222.979894876 -110.596465 -47.207109 -4.874180 -0.045196394 -0.092968029 -0.435645454 -0.894162888
1561001223.080976963 -111.279825 -47.541718 -4.837453 -0.045413251 -0.096086824 -0.436007882 -0.893645392
1561001223.180850506 -111.952785 -47.876694 -4.805841 -0.045686481 -0.101534715 -0.436258696 -0.892906377
1561001223.280204773 -112.618373 -48.196290 -4.765717 -0.045602561 -0.104762692 -0.436943329 -0.892202731
1561001223.380763292 -113.297480 -48.515153 -4.721423 -0.046071756 -0.104730490 -0.437285133 -0.892014927
1561001223.479774237 -113.954488 -48.828214 -4.681844 -0.046727116 -0.101580455 -0.438343021 -0.891825871
1561001223.579755783 -114.630201 -49.159083 -4.649166 -0.047714577 -0.097595287 -0.439038563 -0.891876460
1561001223.680601358 -115.302714 -49.484266 -4.620480 -0.048539329 -0.095414006 -0.439816421 -0.891684707
1561001223.779470682 -115.989013 -49.816704 -4.591583 -0.048536035 -0.095093751 -0.440284211 -0.891488219
1561001223.880560398 -116.683600 -50.171759 -4.558796 -0.048459644 -0.095530259 -0.440652303 -0.891263811
1561001223.980968714 -117.353332 -50.496158 -4.526717 -0.048511415 -0.096672234 -0.441447496 -0.890744200
1561001224.080654144 -118.048544 -50.834503 -4.491054 -0.049010132 -0.097121862 -0.442041288 -0.890373433
1561001224.181386709 -118.733872 -51.177166 -4.462310 -0.048810335 -0.097114906 -0.442346314 -0.890233669
1561001224.280846357 -119.392274 -51.502532 -4.432969 -0.048292187 -0.096524541 -0.443174118 -0.889914366
1561001224.380992889 -120.050199 -51.823666 -4.399805 -0.047868018 -0.096045075 -0.444308347 -0.889423459
1561001224.479822159 -120.732698 -52.161879 -4.365010 -0.048196271 -0.096218353 -0.444384222 -0.889349094
1561001224.580741644 -121.408535 -52.506027 -4.329877 -0.048577753 -0.098205097 -0.445365814 -0.888619858
1561001224.680681705 -122.072583 -52.840944 -4.296976 -0.048810766 -0.100213456 -0.445544658 -0.888293156
1561001224.780510426 -122.744177 -53.167467 -4.267238 -0.048107754 -0.101476196 -0.446474173 -0.887721262
1561001224.881328344 -123.410534 -53.502050 -4.231899 -0.047526375 -0.100502212 -0.446880364 -0.887658994
1561001224.981183529 -124.087705 -53.835977 -4.197410 -0.046767972 -0.097667067 -0.447479161 -0.887714088
1561001225.081330776 -124.765288 -54.177227 -4.154890 -0.047009750 -0.095263762 -0.448423343 -0.887486002
1561001225.181272507 -125.436306 -54.518381 -4.117500 -0.048325427 -0.096775674 -0.449101673 -0.886908569
1561001225.283002853 -126.110156 -54.881871 -4.088488 -0.047912514 -0.104415683 -0.449313812 -0.885956463
1561001225.383253098 -126.777660 -55.217195 -4.019118 -0.044936830 -0.112197030 -0.449501161 -0.885065655
1561001225.481518269 -127.417902 -55.545115 -3.969824 -0.040744948 -0.119906411 -0.449747766 -0.884131918
1561001225.584892035 -128.085176 -55.862036 -3.902071 -0.041718096 -0.116028172 -0.451078482 -0.883926053
1561001225.683664560 -128.718438 -56.182672 -3.866333 -0.041796252 -0.109554194 -0.453534586 -0.883491557
1561001225.782742977 -129.367241 -56.533403 -3.824930 -0.038031648 -0.110159029 -0.455678641 -0.882482611
1561001225.884336233 -130.036566 -56.915239 -3.802836 -0.038386857 -0.101038261 -0.457768132 -0.882477227
1561001225.982767105 -130.706545 -57.287759 -3.786210 -0.040196636 -0.091601641 -0.458874999 -0.882851689
1561001226.084202051 -131.417931 -57.667735 -3.827036 -0.044777400 -0.076577813 -0.458414862 -0.884300083
1561001226.183272839 -132.055991 -58.026945 -3.800801 -0.047548680 -0.073216024 -0.459471288 -0.883891776
1561001226.284305573 -132.727366 -58.368034 -3.809941 -0.050015947 -0.069000111 -0.458594988 -0.884549618
1561001226.384395123 -133.359828 -58.687571 -3.766610 -0.048678170 -0.074200042 -0.460745957 -0.883084341
1561001226.482772589 -133.987916 -59.037251 -3.701369 -0.047590789 -0.083605738 -0.461775178 -0.881764641
1561001226.584238529 -134.662119 -59.409160 -3.679300 -0.045433013 -0.097088899 -0.462321441 -0.880209334
1561001226.683455944 -135.338909 -59.785501 -3.670005 -0.044627206 -0.092664691 -0.463164371 -0.880284291
1561001226.783473253 -136.020212 -60.184012 -3.649320 -0.044566027 -0.090608847 -0.463123647 -0.880522796
1561001226.884262085 -136.710219 -60.583086 -3.619820 -0.045015820 -0.093236602 -0.464811532 -0.879335404
1561001226.982947350 -137.383153 -60.967586 -3.588993 -0.045006325 -0.097042535 -0.465034525 -0.878806047
1561001227.084399939 -138.059227 -61.340102 -3.555624 -0.044319837 -0.099432019 -0.466652360 -0.877715558
1561001227.183809996 -138.718396 -61.701430 -3.525628 -0.043592095 -0.098358050 -0.467360282 -0.877496319
1561001227.284518480 -139.388340 -62.080746 -3.488137 -0.043750979 -0.095754149 -0.467920948 -0.877477624
1561001227.384642124 -140.060946 -62.463422 -3.456840 -0.044858478 -0.093665890 -0.468363895 -0.877410782
1561001227.483186722 -140.720707 -62.848898 -3.431408 -0.045362181 -0.093744869 -0.469526007 -0.876755098
1561001227.584810257 -141.399317 -63.256175 -3.406493 -0.045592725 -0.095519501 -0.468766990 -0.876957717
1561001227.683235407 -142.063768 -63.637838 -3.377093 -0.044955033 -0.097207001 -0.469134631 -0.876608546
1561001227.784713745 -142.737645 -64.017714 -3.348546 -0.044331981 -0.097413887 -0.470246295 -0.876021479
1561001227.884626865 -143.400618 -64.397094 -3.317267 -0.044890583 -0.096551251 -0.470187862 -0.876119893
1561001227.982872486 -144.053793 -64.760189 -3.286818 -0.045560068 -0.094463176 -0.471058203 -0.875845396
1561001228.084379673 -144.722525 -65.140848 -3.259579 -0.046033986 -0.093826511 -0.470643356 -0.876112030
1561001228.183563471 -145.373545 -65.519381 -3.230453 -0.046425022 -0.094508456 -0.471529869 -0.875541233
1561001228.284115314 -146.022120 -65.891541 -3.206168 -0.045872601 -0.095652570 -0.471648435 -0.875382228
1561001228.384502172 -146.648568 -66.257590 -3.177726 -0.045716891 -0.095622117 -0.472422871 -0.874976004
1561001228.483016253 -147.267219 -66.616249 -3.150158 -0.045900035 -0.095456039 -0.471688412 -0.875380702
1561001228.584942341 -147.905193 -66.988267 -3.119777 -0.046577571 -0.094439256 -0.471344484 -0.875640414
1561001228.683348656 -148.514687 -67.359821 -3.092092 -0.047170028 -0.094104879 -0.470776542 -0.875950174
1561001228.784254074 -149.156026 -67.714362 -3.065614 -0.046901887 -0.095101719 -0.469587873 -0.876494784
1561001228.883494616 -149.774259 -68.062303 -3.042884 -0.046233156 -0.096109534 -0.469755258 -0.876330674
1561001228.982848167 -150.387817 -68.393812 -3.017641 -0.045871244 -0.096154079 -0.469576002 -0.876440871
1561001229.084616899 -151.007883 -68.751485 -2.987039 -0.045797369 -0.095387503 -0.468560341 -0.877071851
1561001229.183120489 -151.612077 -69.081986 -2.958502 -0.045682111 -0.094365450 -0.468158006 -0.877403207
1561001229.284189701 -152.225366 -69.425519 -2.925402 -0.046164639 -0.094338113 -0.467757941 -0.877594243
1561001229.384243727 -152.848364 -69.782335 -2.891133 -0.048086158 -0.096434248 -0.466877026 -0.877732305
1561001229.482660532 -153.445064 -70.119002 -2.871925 -0.049805668 -0.100127200 -0.466777879 -0.877275527
1561001229.584128141 -154.073133 -70.480933 -2.839636 -0.047597789 -0.106049816 -0.466657887 -0.876765820
1561001229.682998419 -154.666697 -70.809952 -2.792775 -0.044183839 -0.113063272 -0.466086309 -0.876372088
1561001229.784248114 -155.252635 -71.128350 -2.735960 -0.040429653 -0.117122158 -0.466471133 -0.875815349
1561001229.884433746 -155.818569 -71.430597 -2.688076 -0.040471480 -0.113059101 -0.467560849 -0.875766265
1561001229.983242750 -156.393412 -71.730591 -2.672237 -0.041020673 -0.105745362 -0.468359132 -0.876227679
1561001230.084658861 -156.971432 -72.073904 -2.688539 -0.039231995 -0.104101570 -0.469972489 -0.875642378
1561001230.183448315 -157.545778 -72.441197 -2.702886 -0.038806680 -0.100557283 -0.470966913 -0.875541227
1561001230.284483910 -158.173989 -72.826921 -2.696965 -0.041211888 -0.088298605 -0.471172127 -0.876642323
1561001230.384234667 -158.802046 -73.183765 -2.659016 -0.042604711 -0.078283060 -0.472329999 -0.876904198
1561001230.482727528 -159.421033 -73.546876 -2.620749 -0.041697615 -0.085109037 -0.474252985 -0.875272453
1561001230.584657192 -160.052600 -73.888832 -2.580814 -0.040948034 -0.095657092 -0.473333386 -0.874716231
1561001230.682715654 -160.660018 -74.227776 -2.550125 -0.040669408 -0.100942481 -0.474111391 -0.873713342
1561001230.784371853 -161.256673 -74.562927 -2.530507 -0.042246866 -0.100119961 -0.475600256 -0.872923589
1561001230.884519100 -161.833845 -74.909707 -2.522332 -0.042467124 -0.097355319 -0.477041479 -0.872439060
1561001230.982840776 -162.439580 -75.281655 -2.500477 -0.042654995 -0.095975355 -0.477565853 -0.872295901
1561001231.084470272 -163.056332 -75.662937 -2.481844 -0.042707952 -0.097147460 -0.477378925 -0.872265879
1561001231.183467150 -163.658416 -76.032140 -2.456116 -0.042320092 -0.099010925 -0.478480791 -0.871471158
1561001231.284685135 -164.278507 -76.399819 -2.426932 -0.042060628 -0.100441630 -0.478637058 -0.871234153
1561001231.384689093 -164.883052 -76.759236 -2.396486 -0.041958968 -0.101242149 -0.478834156 -0.871038072
1561001231.484246492 -165.493087 -77.128849 -2.360623 -0.042365843 -0.101398470 -0.479330759 -0.870727000
1561001231.584738016 -166.121757 -77.517210 -2.326097 -0.042896083 -0.102142049 -0.480658865 -0.869881591
1561001231.683271408 -166.748724 -77.891231 -2.291661 -0.042816841 -0.102381296 -0.480922757 -0.869711498
1561001231.784402847 -167.379828 -78.273283 -2.261560 -0.042835654 -0.102664518 -0.482017531 -0.869070885
1561001231.884423256 -168.000153 -78.649218 -2.235062 -0.042690951 -0.101684086 -0.483208606 -0.868531676
1561001231.984287739 -168.616390 -79.036562 -2.209051 -0.042313313 -0.100196849 -0.484061664 -0.868247937
1561001232.085828781 -169.236614 -79.432078 -2.180098 -0.041697286 -0.099251612 -0.484978759 -0.867874448
1561001232.184623241 -169.851560 -79.822978 -2.151446 -0.041103854 -0.099513584 -0.485674136 -0.867483806
1561001232.285678625 -170.478550 -80.207393 -2.113576 -0.041405341 -0.100795450 -0.486362644 -0.866935554
1561001232.386034489 -171.086199 -80.594896 -2.079629 -0.042166978 -0.101953679 -0.487677846 -0.866024083
1561001232.486671925 -171.694757 -80.990593 -2.055763 -0.042168433 -0.102656741 -0.488487986 -0.865484202
1561001232.585957766 -172.300378 -81.381732 -2.033330 -0.041410354 -0.101660371 -0.489485471 -0.865074751
1561001232.685446024 -172.908209 -81.767442 -2.000260 -0.041335291 -0.099838055 -0.490697409 -0.864603846
1561001232.785814762 -173.524708 -82.156363 -1.967242 -0.041771899 -0.098197702 -0.491268601 -0.864446344
1561001232.885886431 -174.149705 -82.549849 -1.939653 -0.042111188 -0.097212408 -0.492191874 -0.864015946
1561001232.984409094 -174.742705 -82.943145 -1.918523 -0.042024737 -0.096945823 -0.493248585 -0.863447313
1561001233.085815430 -175.351199 -83.340985 -1.894703 -0.041340745 -0.097143614 -0.493796933 -0.863144629
1561001233.184302568 -175.949933 -83.724274 -1.863247 -0.041386084 -0.097539703 -0.494323901 -0.862796082
1561001233.287278652 -176.575490 -84.132443 -1.834760 -0.041423890 -0.098015987 -0.495506845 -0.862061421
1561001233.387651682 -177.171864 -84.526451 -1.810461 -0.041329837 -0.098224126 -0.496502393 -0.861469233
1561001233.485974312 -177.744041 -84.905628 -1.789449 -0.040861162 -0.097791524 -0.496938118 -0.861289551
1561001233.587519884 -178.337993 -85.286398 -1.761833 -0.040547755 -0.097378786 -0.497791636 -0.860858141
1561001233.686136723 -178.899244 -85.668531 -1.736528 -0.040540616 -0.097147492 -0.499095119 -0.860129575
1561001233.787379265 -179.477800 -86.062578 -1.709128 -0.040800260 -0.096977641 -0.500132522 -0.859533674
1561001233.888118982 -180.053997 -86.452465 -1.686792 -0.040529814 -0.097467167 -0.501060379 -0.858950512
1561001233.988067627 -180.612255 -86.834908 -1.663637 -0.039958373 -0.098242028 -0.501536147 -0.858611278
1561001234.087394714 -181.168781 -87.207025 -1.636825 -0.039837700 -0.098231357 -0.502681638 -0.857947976
1561001234.185726404 -181.712293 -87.576594 -1.606916 -0.040202643 -0.098101349 -0.503263814 -0.857604458
1561001234.287424803 -182.269307 -87.962052 -1.583613 -0.040383629 -0.098356014 -0.504382742 -0.856909159
1561001234.388687849 -182.828694 -88.359907 -1.559486 -0.040156074 -0.098084467 -0.505255378 -0.856436764
1561001234.487349749 -183.367008 -88.734028 -1.537498 -0.039923283 -0.098021869 -0.505597819 -0.856252702
1561001234.588695288 -183.922095 -89.110664 -1.512601 -0.039645006 -0.097771115 -0.506113014 -0.855989895
1561001234.688645124 -184.466164 -89.478364 -1.487033 -0.039983277 -0.097563725 -0.506646012 -0.855682462
1561001234.788538456 -185.010266 -89.842577 -1.461393 -0.040129424 -0.097703783 -0.506476484 -0.855759996
1561001234.888426781 -185.547149 -90.225550 -1.437716 -0.040134591 -0.097616068 -0.507226126 -0.855325654
1561001234.988388062 -186.082989 -90.593302 -1.414167 -0.040174535 -0.097076026 -0.507075423 -0.855474586
1561001235.088340998 -186.618033 -90.963437 -1.392130 -0.040058277 -0.096712218 -0.507432574 -0.855309455
1561001235.187426567 -187.131837 -91.330025 -1.369020 -0.040392883 -0.095667130 -0.507680460 -0.855264150
1561001235.288322687 -187.643439 -91.694818 -1.351090 -0.040355846 -0.095377033 -0.507406350 -0.855460942
1561001235.387509108 -188.123477 -92.027151 -1.329207 -0.040513871 -0.095090533 -0.507109536 -0.855661344
1561001235.488888264 -188.604198 -92.353273 -1.310882 -0.040152490 -0.095725989 -0.506862608 -0.855753825
1561001235.588586330 -189.062843 -92.663635 -1.287085 -0.039889837 -0.095408879 -0.506544169 -0.855990041
1561001235.688452959 -189.533165 -92.979461 -1.262039 -0.040299241 -0.095243307 -0.506581343 -0.855967305
1561001235.788607597 -189.977385 -93.294997 -1.240786 -0.041268674 -0.095596427 -0.505431174 -0.856561468
1561001235.889017105 -190.403349 -93.593215 -1.226414 -0.042149542 -0.095694705 -0.503715667 -0.857517619
1561001235.988867521 -190.819299 -93.879620 -1.213511 -0.042560585 -0.095411404 -0.501868572 -0.858611202
1561001236.088534117 -191.218723 -94.149000 -1.198688 -0.042128996 -0.094637614 -0.497818663 -0.861072267
1561001236.187913418 -191.632909 -94.401228 -1.192460 -0.041907547 -0.093872925 -0.493824181 -0.863463554
1561001236.287554979 -192.026848 -94.636956 -1.169675 -0.042238665 -0.092981889 -0.488049392 -0.866820659
1561001236.388550520 -192.424261 -94.873965 -1.148067 -0.043475750 -0.092520738 -0.480629381 -0.870944987
1561001236.488811970 -192.813064 -95.080657 -1.125333 -0.044889030 -0.092185629 -0.471950566 -0.875642306
1561001236.588588953 -193.186217 -95.279464 -1.113263 -0.046116175 -0.092664413 -0.461542852 -0.881058909
1561001236.680057049 -193.541144 -95.444012 -1.105801 -0.046640936 -0.093707371 -0.450160780 -0.886791308
1561001236.781875610 -193.927419 -95.581293 -1.099399 -0.046788811 -0.094507614 -0.436374947 -0.893563665
1561001236.881666899 -194.299903 -95.712379 -1.084772 -0.045608760 -0.094661628 -0.422448123 -0.900275847
1561001236.981705904 -194.653209 -95.837297 -1.063399 -0.045425010 -0.094260612 -0.407801291 -0.907055463
1561001237.081712723 -195.027815 -95.917564 -1.033479 -0.046720713 -0.093298204 -0.390942396 -0.914481636
1561001237.179961443 -195.379561 -96.001797 -1.014807 -0.048318490 -0.092186560 -0.374032867 -0.921556496
1561001237.281775951 -195.740573 -96.063342 -1.001807 -0.049499150 -0.092586837 -0.355097658 -0.928915047
1561001237.381781101 -196.086010 -96.074811 -0.993665 -0.049691877 -0.094868341 -0.333496115 -0.936648844
1561001237.481771946 -196.403581 -96.083346 -0.966307 -0.050191208 -0.096902801 -0.310444459 -0.944306586
1561001237.581834793 -196.743469 -96.066916 -0.936620 -0.051504665 -0.099167330 -0.286656236 -0.951494252
1561001237.679405451 -197.051424 -96.047891 -0.912622 -0.053262231 -0.101177924 -0.262375687 -0.958167606
1561001237.781789780 -197.399664 -95.980210 -0.898379 -0.054599894 -0.102842612 -0.237730905 -0.964326846
1561001237.879492044 -197.718927 -95.920345 -0.876467 -0.056139742 -0.103629166 -0.213469863 -0.969814386
1561001237.980804920 -198.029370 -95.850396 -0.857988 -0.056993168 -0.105017013 -0.187849352 -0.974902983
1561001238.081978083 -198.360401 -95.753761 -0.826549 -0.057363549 -0.105461913 -0.162931786 -0.979306102
1561001238.179633141 -198.673788 -95.615478 -0.798586 -0.058250595 -0.105387461 -0.136073289 -0.983353655
1561001238.282010317 -198.973269 -95.469147 -0.761378 -0.060242652 -0.104611920 -0.111391476 -0.986417309
1561001238.382082462 -199.264238 -95.299294 -0.730902 -0.063781521 -0.102394886 -0.086055400 -0.988959895
1561001238.481339693 -199.531911 -95.143761 -0.713210 -0.066713022 -0.099870147 -0.060518940 -0.990915125
1561001238.581466675 -199.810199 -94.987899 -0.699441 -0.068147939 -0.096985265 -0.035323221 -0.992321514
1561001238.679689646 -200.097665 -94.789898 -0.674921 -0.068832212 -0.092771215 -0.009634081 -0.993258684
1561001238.781538963 -200.386029 -94.574458 -0.649354 -0.070163700 -0.089781634 0.016884911 -0.993343452
1561001238.881572247 -200.669513 -94.365195 -0.627593 -0.072244214 -0.086759009 0.042417460 -0.992700563
1561001238.981644869 -200.936798 -94.142352 -0.602708 -0.073528571 -0.083739438 0.067994520 -0.991442384
1561001239.081639767 -201.192027 -93.883514 -0.580865 -0.075704284 -0.081775811 0.094636154 -0.989255061
1561001239.179724455 -201.424148 -93.616532 -0.567411 -0.078060361 -0.080204202 0.119355478 -0.986523257
1561001239.281306505 -201.654519 -93.334120 -0.549613 -0.078485400 -0.078875023 0.143967944 -0.983306668
1561001239.381227493 -201.880901 -93.050134 -0.531773 -0.078697636 -0.077352820 0.167876226 -0.979612574
1561001239.479767799 -202.111186 -92.710674 -0.505789 -0.078213417 -0.075635540 0.189912985 -0.975753547
1561001239.581059694 -202.319157 -92.377001 -0.476192 -0.078395303 -0.073832218 0.210251884 -0.971698063
1561001239.679816484 -202.534757 -92.043662 -0.457735 -0.079876592 -0.072945192 0.230327816 -0.967082120
1561001239.780973673 -202.758964 -91.694087 -0.435050 -0.080095801 -0.072264420 0.246907943 -0.963015568
1561001239.881011486 -202.952887 -91.349744 -0.415253 -0.079706162 -0.071063660 0.261746627 -0.959210919
1561001239.981509924 -203.152092 -90.968673 -0.393536 -0.079359919 -0.070153873 0.274876315 -0.955627254
1561001240.081387758 -203.353008 -90.579446 -0.366498 -0.079136985 -0.068939676 0.286353830 -0.952358201
1561001240.179696560 -203.551841 -90.164857 -0.341416 -0.079813138 -0.067872928 0.296524108 -0.949261072
1561001240.280635357 -203.739577 -89.738551 -0.316991 -0.080114362 -0.066334596 0.306357875 -0.946216816
1561001240.380627155 -203.939086 -89.332440 -0.296477 -0.080114593 -0.065666776 0.314436987 -0.943609510
1561001240.481749773 -204.120737 -88.906917 -0.280766 -0.080233552 -0.065960410 0.322464255 -0.940865881
1561001240.581483841 -204.296651 -88.478179 -0.260878 -0.080061575 -0.066501331 0.329152087 -0.938523639
1561001240.680929899 -204.448972 -88.042016 -0.236737 -0.079552734 -0.066663428 0.335791012 -0.936200697
1561001240.782644272 -204.622189 -87.603256 -0.208843 -0.079338872 -0.066019904 0.340669322 -0.934500470
1561001240.882294416 -204.761718 -87.174639 -0.187755 -0.079318114 -0.064934322 0.344468566 -0.933184643
1561001240.982429504 -204.922994 -86.705217 -0.166443 -0.080617498 -0.063647793 0.347473748 -0.932047087
1561001241.082406759 -205.068083 -86.248033 -0.147698 -0.081209992 -0.063218634 0.350387057 -0.930933538
1561001241.181291342 -205.234932 -85.803878 -0.123723 -0.080786535 -0.062844996 0.355505673 -0.929053152
1561001241.283042669 -205.409667 -85.353104 -0.106699 -0.081193277 -0.063293051 0.360533944 -0.927047419
1561001241.382491350 -205.577393 -84.880763 -0.084425 -0.081563030 -0.063517553 0.363404544 -0.925878032
1561001241.482883930 -205.717192 -84.409077 -0.055581 -0.082203416 -0.063797369 0.366568020 -0.924554153
1561001241.582666636 -205.876550 -83.932256 -0.022815 -0.082954197 -0.062973500 0.370640567 -0.922918474
1561001241.681071043 -206.045521 -83.435188 -0.002008 -0.084417595 -0.062653151 0.372872504 -0.921907993
1561001241.782567263 -206.210934 -82.932648 0.012970 -0.083322738 -0.061827887 0.377184464 -0.920307836
1561001241.881372213 -206.377554 -82.423280 0.030332 -0.081912935 -0.062161780 0.380347224 -0.919109446
1561001241.981703520 -206.532611 -81.886722 0.055537 -0.079877685 -0.062113092 0.382442061 -0.918422337
1561001242.082715750 -206.688515 -81.363130 0.087173 -0.079268969 -0.060558085 0.385278425 -0.917392873
1561001242.181139231 -206.826909 -80.829357 0.115545 -0.079223451 -0.058835900 0.388022419 -0.916351780
1561001242.282745600 -206.989844 -80.276457 0.134501 -0.080144533 -0.058157579 0.390206860 -0.915386889
1561001242.382338524 -207.147705 -79.735687 0.147159 -0.079975714 -0.058521720 0.391189242 -0.914959054
1561001242.481142521 -207.297648 -79.184448 0.166395 -0.078880213 -0.059422978 0.392850688 -0.914283960
1561001242.582817316 -207.477547 -78.608107 0.190249 -0.078012082 -0.059945966 0.395496652 -0.913182892
1561001242.681094170 -207.632273 -78.039073 0.215458 -0.077616676 -0.060031797 0.396793873 -0.912648047
1561001242.782930851 -207.787105 -77.463789 0.246380 -0.077721960 -0.059164652 0.398028863 -0.912157807
1561001242.882099867 -207.964977 -76.870147 0.271993 -0.078529436 -0.058604393 0.399404621 -0.911523231
1561001242.983209133 -208.139557 -76.272962 0.301312 -0.079360115 -0.058928547 0.400064594 -0.911140889
1561001243.083602905 -208.313260 -75.700633 0.325755 -0.080391294 -0.059999664 0.400934930 -0.910597860
1561001243.182481766 -208.468350 -75.132490 0.340024 -0.081060019 -0.060843338 0.401569685 -0.910202807
1561001243.282995939 -208.617004 -74.557844 0.363436 -0.079823284 -0.061765483 0.401874665 -0.910115389
1561001243.381599188 -208.754491 -73.970752 0.395629 -0.079035697 -0.061525200 0.402673482 -0.909847281
1561001243.482637644 -208.913474 -73.356740 0.434897 -0.079926753 -0.061280056 0.402182118 -0.910003304
1561001243.582610369 -209.061244 -72.784704 0.468932 -0.082253303 -0.061580116 0.401277942 -0.910174872
1561001243.681798935 -209.223617 -72.185927 0.494360 -0.084191213 -0.061863521 0.401270783 -0.909981595
1561001243.782770157 -209.375406 -71.582956 0.511648 -0.085003512 -0.064314915 0.400286721 -0.910169509
1561001243.881395102 -209.528451 -71.005998 0.537956 -0.081186311 -0.066074532 0.399866682 -0.910576507
1561001243.984448195 -209.683954 -70.408662 0.584307 -0.080471177 -0.065947975 0.399268081 -0.910911771
1561001244.084182262 -209.838011 -69.817947 0.640279 -0.084654121 -0.067218469 0.398825461 -0.910633630
1561001244.183286428 -210.012865 -69.222825 0.688741 -0.087572274 -0.068340528 0.398488513 -0.910421646
1561001244.284097672 -210.191146 -68.645063 0.713930 -0.089727755 -0.068882824 0.396756813 -0.910927065
1561001244.382662773 -210.373587 -68.078646 0.737032 -0.088349756 -0.066871647 0.395858395 -0.911602235
1561001244.484418631 -210.546957 -67.480004 0.756882 -0.083164341 -0.061564048 0.394513564 -0.913045786
1561001244.584627390 -210.733883 -66.866987 0.786654 -0.078088038 -0.056635244 0.392728856 -0.914581190
1561001244.684099674 -210.925659 -66.263960 0.824650 -0.075715476 -0.054082160 0.392209384 -0.915157957
1561001244.784852028 -211.127827 -65.655529 0.859376 -0.079113300 -0.054844729 0.390866367 -0.915399708
1561001244.883673906 -211.328578 -65.061559 0.877376 -0.082583908 -0.057797460 0.389563461 -0.915466909
1561001244.984441042 -211.531161 -64.457836 0.899213 -0.083432614 -0.060064688 0.388442641 -0.915720234
1561001245.084359884 -211.711583 -63.875004 0.929188 -0.083525285 -0.060052156 0.386892088 -0.916368800
1561001245.183851957 -211.899021 -63.288646 0.966884 -0.083168873 -0.058524959 0.386271528 -0.916761733
1561001245.284374714 -212.082884 -62.678714 0.986731 -0.082604880 -0.059112941 0.384693526 -0.917438273
1561001245.383015394 -212.272975 -62.096059 1.009358 -0.082119121 -0.061246700 0.383517672 -0.917834128
1561001245.483018875 -212.471607 -61.500833 1.049464 -0.081461662 -0.063081847 0.381921287 -0.918433889
1561001245.584819794 -212.666154 -60.894258 1.095294 -0.082059604 -0.062891264 0.381862628 -0.918418120
1561001245.682413816 -212.851630 -60.309143 1.135243 -0.084897399 -0.062023899 0.379961236 -0.919007577
1561001245.784079313 -213.068748 -59.698435 1.160498 -0.086904326 -0.062643783 0.379746287 -0.918866776
1561001245.882345915 -213.285653 -59.117192 1.181650 -0.086560568 -0.065162008 0.378889830 -0.919077623
1561001245.983982563 -213.495764 -58.520863 1.215251 -0.084188548 -0.068185344 0.377648155 -0.919589538
1561001246.084216118 -213.691084 -57.910361 1.263511 -0.083255230 -0.069320929 0.376939224 -0.919880425
1561001246.182702065 -213.869440 -57.315800 1.318055 -0.084505884 -0.068399842 0.375794045 -0.920303783
1561001246.284216642 -214.063094 -56.732630 1.358712 -0.085755439 -0.068215899 0.375395348 -0.920364563
1561001246.382553816 -214.257649 -56.163872 1.380306 -0.086014770 -0.069749864 0.374951491 -0.920406321
1561001246.485544205 -214.455816 -55.571817 1.411256 -0.084158632 -0.072769012 0.374491056 -0.920531610
1561001246.585761786 -214.634599 -55.011408 1.435372 -0.079463078 -0.074248311 0.373814046 -0.921105785
1561001246.687073946 -214.836222 -54.425809 1.478669 -0.076151332 -0.073093571 0.373815265 -0.921477320
1561001246.786982775 -215.022237 -53.847266 1.536995 -0.075866766 -0.068694174 0.373319990 -0.922039874
1561001246.885746956 -215.222963 -53.285801 1.570226 -0.077434803 -0.067046356 0.373473657 -0.921968581
1561001246.987058640 -215.423046 -52.704126 1.587815 -0.077756073 -0.067865228 0.373134881 -0.922018798
1561001247.087076902 -215.624519 -52.139399 1.610958 -0.077433605 -0.071832512 0.372626614 -0.921950939
1561001247.187296152 -215.801112 -51.582443 1.648081 -0.077122913 -0.073761705 0.372310909 -0.921952198
1561001247.286624670 -215.986468 -51.023848 1.697095 -0.077687652 -0.071720726 0.372042704 -0.922174058
1561001247.385482311 -216.186349 -50.482329 1.726420 -0.079299236 -0.068492093 0.371908929 -0.922336280
1561001247.486462355 -216.391992 -49.918151 1.753426 -0.080354498 -0.066470061 0.370822926 -0.922830019
1561001247.586677313 -216.601288 -49.361781 1.781650 -0.079559987 -0.065626126 0.370287521 -0.923174183
1561001247.685855627 -216.799727 -48.818997 1.809081 -0.078986176 -0.066910896 0.370756581 -0.922942942
1561001247.787280560 -216.992415 -48.269884 1.842439 -0.078939088 -0.068823805 0.370602949 -0.922868007
1561001247.886639595 -217.182210 -47.732339 1.878559 -0.080718037 -0.069989156 0.370440244 -0.922691792
1561001247.986977816 -217.386060 -47.183531 1.923763 -0.082614095 -0.068973738 0.370698599 -0.922496658
1561001248.086842775 -217.577611 -46.651503 1.952809 -0.084328875 -0.068263507 0.370007251 -0.922671864
1561001248.185619831 -217.770436 -46.125790 1.981668 -0.084179529 -0.068856758 0.369255750 -0.922942439
1561001248.286806345 -217.969065 -45.589329 2.009657 -0.083770693 -0.070886256 0.369826036 -0.922597590
1561001248.385469198 -218.143566 -45.059545 2.046421 -0.082509361 -0.073259939 0.369037910 -0.922841377
1561001248.486689806 -218.321445 -44.512171 2.094984 -0.082804197 -0.073695562 0.368941749 -0.922818734
1561001248.586683512 -218.506590 -43.977334 2.133255 -0.084359362 -0.072646203 0.368877898 -0.922786608
1561001248.686765671 -218.694411 -43.461393 2.165701 -0.083976115 -0.071985332 0.369330049 -0.922692494
1561001248.785628796 -218.875879 -42.940964 2.194937 -0.082248023 -0.072277653 0.369496408 -0.922758694
1561001248.885679245 -219.068543 -42.406680 2.231976 -0.080892818 -0.072917983 0.369576227 -0.922796149
1561001248.986826181 -219.238294 -41.891223 2.267919 -0.079902116 -0.073424109 0.370224542 -0.922582430
1561001249.086737394 -219.416496 -41.362670 2.304266 -0.080836994 -0.073767160 0.370137447 -0.922508567
1561001249.186725855 -219.602604 -40.837103 2.337172 -0.081293528 -0.075463036 0.370320620 -0.922257736
1561001249.286624670 -219.785386 -40.307530 2.374054 -0.080780759 -0.075550365 0.370698487 -0.922143830
1561001249.386288881 -219.969854 -39.789309 2.410231 -0.079448379 -0.073460319 0.370683739 -0.922434335
1561001249.486746073 -220.154990 -39.272154 2.427101 -0.078411480 -0.072410567 0.370872696 -0.922530104
1561001249.586930990 -220.338201 -38.738701 2.453000 -0.074841059 -0.070474799 0.370525499 -0.923115905
1561001249.686159134 -220.509862 -38.208406 2.470286 -0.071449754 -0.069927186 0.371161496 -0.923170767
1561001249.786957979 -220.690557 -37.661974 2.503343 -0.070321818 -0.069994364 0.371749879 -0.923015524
1561001249.887089729 -220.886558 -37.126221 2.543668 -0.072875186 -0.069869883 0.372012455 -0.922721052
1561001249.986973763 -221.067399 -36.602602 2.581818 -0.076498856 -0.070578828 0.371945487 -0.922400731
1561001250.086833715 -221.255121 -36.096264 2.612287 -0.080014126 -0.071702150 0.371903598 -0.922032676
1561001250.185344934 -221.432802 -35.607308 2.631555 -0.081140788 -0.074403704 0.372645874 -0.921420270
1561001250.286893129 -221.603129 -35.081861 2.664295 -0.080103027 -0.076102796 0.372121026 -0.921584403
1561001250.386437178 -221.772066 -34.573648 2.695628 -0.078408765 -0.075370856 0.372879588 -0.921483648
1561001250.486662865 -221.952919 -34.055165 2.729434 -0.078624411 -0.072086460 0.372682000 -0.921807936
1561001250.586754084 -222.147838 -33.535950 2.765374 -0.079141416 -0.068304627 0.373648442 -0.921660434
1561001250.685403585 -222.321517 -33.025629 2.792434 -0.080045825 -0.067183950 0.373233967 -0.921832625
1561001250.786919355 -222.500934 -32.502126 2.812542 -0.080847169 -0.069160860 0.373778873 -0.921395607
1561001250.885299206 -222.664089 -32.007538 2.847828 -0.081189308 -0.072514574 0.373407534 -0.921258241
1561001250.986533642 -222.833040 -31.492396 2.880808 -0.080799906 -0.075167904 0.374110681 -0.920794418
1561001251.086955547 -222.992124 -30.990313 2.920359 -0.081139931 -0.074565170 0.374696207 -0.920575418
1561001251.186524153 -223.165664 -30.490247 2.952134 -0.081373330 -0.073102811 0.374738690 -0.920654807
1561001251.286612749 -223.351156 -29.986147 2.988137 -0.080126437 -0.071396779 0.374730317 -0.920901430
1561001251.385279179 -223.513988 -29.494437 3.020149 -0.078795785 -0.070269574 0.374915197 -0.921027690
1561001251.486696243 -223.695418 -28.990353 3.049578 -0.078301968 -0.071611286 0.375680557 -0.920654520
1561001251.586745739 -223.862645 -28.488607 3.079102 -0.079262460 -0.073507423 0.375617643 -0.920448536
1561001251.688488960 -224.027804 -27.991134 3.106432 -0.080012861 -0.076659108 0.376095368 -0.919931301
1561001251.788622141 -224.180083 -27.497889 3.146122 -0.078982711 -0.076493899 0.376448246 -0.919889739
1561001251.887152433 -224.338594 -27.031649 3.178763 -0.078248444 -0.074984913 0.376778154 -0.919941665
1561001251.988524199 -224.503020 -26.553202 3.208096 -0.078619689 -0.071845231 0.376526865 -0.920263401
1561001252.080401659 -224.658885 -26.110002 3.226941 -0.077398521 -0.069924087 0.376345887 -0.920588868
1561001252.180201292 -224.820676 -25.632084 3.242293 -0.075361684 -0.070895032 0.376031738 -0.920811948
1561001252.279380083 -224.972328 -25.182687 3.276861 -0.074140316 -0.071672394 0.374917476 -0.921305144
1561001252.378913879 -225.127820 -24.743372 3.314615 -0.074695457 -0.071852673 0.373678975 -0.921749318
1561001252.480553627 -225.287641 -24.304988 3.350538 -0.075694799 -0.071550242 0.373063645 -0.921940549
1561001252.578987837 -225.425090 -23.902522 3.372219 -0.076661713 -0.071276798 0.372232186 -0.922217870
1561001252.679258347 -225.564968 -23.502190 3.391217 -0.076154439 -0.071883987 0.369987888 -0.923115462
1561001252.780461073 -225.707121 -23.115366 3.411790 -0.074593245 -0.072654070 0.367961935 -0.923992017
1561001252.879548311 -225.842961 -22.736746 3.437638 -0.074712872 -0.074317950 0.366410539 -0.924466411
1561001252.980685234 -225.975559 -22.380816 3.476651 -0.076564421 -0.074018928 0.365186514 -0.924823171
1561001253.080688238 -226.108740 -22.044544 3.503432 -0.079384467 -0.072853614 0.363952786 -0.925164216
1561001253.180504322 -226.239106 -21.718997 3.514957 -0.079898934 -0.071629097 0.363961008 -0.925212309
1561001253.281174183 -226.365880 -21.410392 3.523074 -0.078449926 -0.071915869 0.364423970 -0.925131821
1561001253.379547596 -226.476843 -21.102624 3.543235 -0.077722554 -0.072411597 0.365511179 -0.924725550
1561001253.481241226 -226.587210 -20.787245 3.576398 -0.078557945 -0.073502928 0.366738318 -0.924082775
1561001253.582693577 -226.688264 -20.482839 3.604856 -0.080618921 -0.073780579 0.367801260 -0.923460475
1561001253.680963993 -226.781076 -20.199634 3.618666 -0.081396799 -0.074101678 0.369109194 -0.922844464
1561001253.782806396 -226.874617 -19.925121 3.635313 -0.081532071 -0.074632860 0.370149881 -0.922372768
1561001253.880894184 -226.961705 -19.653594 3.647837 -0.081568890 -0.075389246 0.370378779 -0.922216101
1561001253.982823372 -227.045589 -19.391577 3.669073 -0.081462689 -0.075073757 0.371280062 -0.921888755
1561001254.081014156 -227.140486 -19.122444 3.683292 -0.081987835 -0.075376981 0.371251382 -0.921829007
1561001254.182733059 -227.246693 -18.831871 3.701173 -0.082431884 -0.076220941 0.371124018 -0.921771293
1561001254.282655478 -227.342333 -18.554176 3.723611 -0.082363243 -0.076060802 0.369810324 -0.922318478
1561001254.381063938 -227.445685 -18.284559 3.738762 -0.080694869 -0.075642820 0.368538176 -0.923009271
1561001254.482836485 -227.548256 -18.006028 3.756380 -0.079368723 -0.075955630 0.366147090 -0.924049596
1561001254.582699060 -227.657010 -17.720200 3.784409 -0.078461381 -0.076444555 0.363334259 -0.925196335
1561001254.682851315 -227.768579 -17.436541 3.812782 -0.079910976 -0.077450784 0.359871393 -0.926341294
1561001254.782773733 -227.897209 -17.176306 3.842649 -0.081633885 -0.077347434 0.355295187 -0.927964769
1561001254.880855322 -228.018333 -16.906797 3.868303 -0.083439703 -0.076457002 0.349613545 -0.930033608
1561001254.982489824 -228.155146 -16.617706 3.874204 -0.084732476 -0.076695726 0.342761466 -0.932444503
1561001255.082312107 -228.287390 -16.348719 3.888358 -0.083207812 -0.077676041 0.334879242 -0.935360244
1561001255.182677031 -228.430753 -16.091856 3.908005 -0.082201290 -0.078218324 0.326427323 -0.938386938
1561001255.282424927 -228.587824 -15.813542 3.932035 -0.081688663 -0.077793952 0.316674744 -0.941802617
1561001255.382093430 -228.755379 -15.541112 3.948508 -0.082056505 -0.078527147 0.305518931 -0.945387963
1561001255.483648300 -228.937796 -15.267954 3.956770 -0.080725118 -0.080175726 0.294175989 -0.948955107
1561001255.582139015 -229.111503 -15.017539 3.982059 -0.076954517 -0.081926747 0.281313833 -0.953010251
1561001255.683840990 -229.299592 -14.767193 4.021028 -0.074942610 -0.082715529 0.267085027 -0.957187200
1561001255.783870459 -229.494976 -14.525070 4.065930 -0.075308511 -0.082279643 0.252455871 -0.961158011
1561001255.882465363 -229.705619 -14.291138 4.094444 -0.077982520 -0.082493445 0.236591518 -0.964954927
1561001255.983988523 -229.956022 -14.054019 4.106959 -0.079675033 -0.084343538 0.220600581 -0.968438661
1561001256.083304405 -230.169312 -13.866478 4.124016 -0.079283805 -0.087065851 0.204018561 -0.971859065
1561001256.182478905 -230.400099 -13.672259 4.152803 -0.079116946 -0.089519251 0.186499062 -0.975164044
1561001256.283897400 -230.656787 -13.468525 4.177394 -0.079152596 -0.091726997 0.167339770 -0.978426505
1561001256.383533239 -230.917308 -13.298963 4.198032 -0.078903613 -0.093817112 0.149036704 -0.981203664
1561001256.484035969 -231.172563 -13.116353 4.219679 -0.077710475 -0.096537405 0.130278653 -0.983701725
1561001256.582771540 -231.437356 -12.947570 4.261972 -0.077130231 -0.096417616 0.111212858 -0.986096482
1561001256.683484316 -231.707506 -12.803091 4.301982 -0.077851805 -0.095742621 0.091625398 -0.988118026
1561001256.783856153 -232.006437 -12.671376 4.323147 -0.077973432 -0.094856233 0.071679309 -0.989840652
1561001256.882142782 -232.300248 -12.572929 4.343559 -0.076468556 -0.095178493 0.051106773 -0.991202155
1561001256.983773708 -232.596222 -12.454553 4.353169 -0.074121010 -0.097402075 0.029115751 -0.992054023
1561001257.082324743 -232.891241 -12.357061 4.384431 -0.070739606 -0.099133857 0.006219928 -0.992537001
1561001257.184311867 -233.197428 -12.268479 4.424201 -0.070519292 -0.099221300 -0.016290736 -0.992429733
1561001257.284285069 -233.495571 -12.185674 4.470057 -0.072893223 -0.097130661 -0.038420514 -0.991854867
1561001257.383875132 -233.806301 -12.145733 4.493050 -0.076647579 -0.095760550 -0.061952108 -0.990513504
1561001257.483942032 -234.121262 -12.126880 4.494922 -0.076755676 -0.097158431 -0.084901028 -0.988666082
1561001257.582803488 -234.411217 -12.119045 4.501520 -0.073351716 -0.099989516 -0.105855143 -0.986618625
1561001257.682770967 -234.696982 -12.118833 4.527316 -0.068939592 -0.102391907 -0.128486905 -0.983999159
1561001257.783934832 -234.995795 -12.114408 4.561484 -0.066141568 -0.105363115 -0.150313506 -0.980780178
1561001257.882513762 -235.272345 -12.146014 4.595259 -0.065082209 -0.106323648 -0.170842636 -0.977380367
1561001257.986949444 -235.546430 -12.192678 4.629412 -0.067234338 -0.106043024 -0.193304348 -0.973071349
1561001258.085971355 -235.809007 -12.238315 4.653536 -0.070091412 -0.105452174 -0.214149922 -0.968559159
1561001258.185831547 -236.073010 -12.298306 4.657955 -0.071744865 -0.106425953 -0.234078888 -0.963708081
1561001258.287037134 -236.322967 -12.371079 4.663453 -0.070524931 -0.108630336 -0.253842911 -0.958535060
1561001258.385525942 -236.565796 -12.457641 4.673578 -0.068491053 -0.110384077 -0.273721264 -0.952995803
1561001258.486941099 -236.810412 -12.540385 4.692029 -0.065828361 -0.110967771 -0.292249740 -0.947598475
1561001258.585573912 -237.046265 -12.637191 4.722214 -0.064724929 -0.110582052 -0.307965118 -0.942729961
1561001258.686882019 -237.281936 -12.742966 4.752495 -0.065177946 -0.109766694 -0.323482099 -0.937583298
1561001258.786857128 -237.509882 -12.870021 4.773550 -0.066740829 -0.109297524 -0.337668227 -0.932512671
1561001258.885528803 -237.711913 -12.987406 4.780213 -0.067823583 -0.109846720 -0.349791767 -0.927889745
1561001258.986788273 -237.917949 -13.094530 4.788972 -0.068752532 -0.110298347 -0.360723816 -0.923572245
1561001259.085823774 -238.108502 -13.198272 4.792352 -0.069009966 -0.111634074 -0.370234115 -0.919620660
1561001259.187026501 -238.286007 -13.303860 4.796134 -0.067813528 -0.111852330 -0.377727346 -0.916631024
1561001259.286971807 -238.472790 -13.415457 4.814019 -0.067121735 -0.111512078 -0.384520462 -0.913894821
1561001259.386546612 -238.658531 -13.512876 4.829493 -0.067431267 -0.111494691 -0.390150636 -0.911484744
1561001259.486963511 -238.838055 -13.620519 4.851334 -0.069270287 -0.111032460 -0.395018098 -0.909304197
1561001259.585779428 -238.998548 -13.731917 4.857394 -0.070503437 -0.110789690 -0.398025369 -0.907926603
1561001259.686743259 -239.158956 -13.805496 4.864088 -0.071179804 -0.110106118 -0.401114433 -0.906596542
1561001259.786795139 -239.330164 -13.883661 4.870258 -0.070384670 -0.109977689 -0.404941215 -0.904971557
1561001259.885503054 -239.505223 -13.948290 4.884086 -0.069551344 -0.110132885 -0.406792795 -0.904186364
1561001259.986832857 -239.674432 -14.007251 4.901803 -0.069259595 -0.110058661 -0.408456823 -0.903467334
1561001260.085716486 -239.824837 -14.089536 4.920774 -0.069800542 -0.109919875 -0.410055651 -0.902718045
1561001260.186737299 -239.978469 -14.156795 4.936807 -0.071182971 -0.109513153 -0.411444924 -0.902027122
1561001260.286787748 -240.118574 -14.224050 4.941117 -0.071953638 -0.109176858 -0.411854748 -0.901819690
1561001260.386779308 -240.255031 -14.282105 4.944758 -0.071425919 -0.109409665 -0.411846577 -0.901837158
1561001260.486798048 -240.391540 -14.333304 4.953016 -0.069831965 -0.109347913 -0.411976395 -0.901910184
1561001260.585663557 -240.561985 -14.384010 4.966750 -0.069374735 -0.109460616 -0.412179355 -0.901839065
1561001260.688299179 -240.700129 -14.449737 4.984478 -0.070479010 -0.108614721 -0.412276293 -0.901811405
1561001260.788265705 -240.846223 -14.488566 4.997078 -0.072685664 -0.107644611 -0.411970711 -0.901892214
1561001260.880759239 -240.960802 -14.557731 4.995808 -0.074787305 -0.107100245 -0.411311177 -0.902086200
1561001260.982336998 -241.101407 -14.621739 5.000672 -0.076220950 -0.106344958 -0.411255548 -0.902080923
1561001261.080796719 -241.231653 -14.686313 5.002080 -0.074800130 -0.106163747 -0.411608500 -0.902060221
1561001261.182353973 -241.363039 -14.736128 5.009720 -0.072157978 -0.106258792 -0.410920760 -0.902577655
1561001261.282357454 -241.484957 -14.780867 5.023407 -0.070001936 -0.106503028 -0.410748662 -0.902796971
1561001261.381294966 -241.597623 -14.824471 5.038045 -0.070005867 -0.107285169 -0.410602621 -0.902770491
1561001261.481816530 -241.690063 -14.871241 5.050879 -0.070776953 -0.108155895 -0.410262486 -0.902761108
1561001261.581508875 -241.765654 -14.927469 5.056714 -0.071302910 -0.108353569 -0.410630139 -0.902528829
1561001261.682790995 -241.822731 -14.976436 5.057703 -0.071059069 -0.108064074 -0.409890961 -0.902918692
1561001261.782887220 -241.883035 -14.999385 5.062401 -0.070573357 -0.107546280 -0.409618813 -0.903142086
1561001261.882843971 -241.924799 -15.009987 5.063684 -0.069836994 -0.107385181 -0.410060411 -0.903018093
1561001261.982786894 -241.956461 -15.017669 5.064332 -0.069923428 -0.107501300 -0.410103212 -0.902978150
1561001262.081084490 -241.975082 -15.022557 5.064406 -0.070180938 -0.107770018 -0.410369438 -0.902805175
1561001262.182512045 -241.983273 -15.019894 5.068354 -0.070591198 -0.107758065 -0.410077349 -0.902907332
1561001262.282594919 -241.980280 -14.999348 5.068639 -0.070558135 -0.107815843 -0.410464136 -0.902727250
1561001262.380850077 -241.966610 -14.990152 5.071571 -0.070687114 -0.107688306 -0.410768517 -0.902593921
1561001262.482621431 -241.951051 -14.986315 5.077596 -0.070597988 -0.107884331 -0.410486323 -0.902705862
1561001262.580987215 -241.937437 -14.983110 5.078108 -0.070609859 -0.108312629 -0.410183400 -0.902791338
1561001262.682578325 -241.927019 -14.968704 5.075489 -0.070756321 -0.108619327 -0.410370045 -0.902658192
1561001262.782799721 -241.925697 -14.956944 5.075089 -0.070784116 -0.108419338 -0.410738008 -0.902512684
1561001262.879019022 -241.918542 -14.953629 5.070896 -0.070552729 -0.108629269 -0.410544246 -0.902593716
1561001262.980127335 -241.925395 -14.952058 5.070970 -0.070448911 -0.108318986 -0.410592516 -0.902617158
1561001263.079006433 -241.942440 -14.958798 5.074694 -0.070790187 -0.108321842 -0.410398536 -0.902678331
1561001263.180182695 -241.946147 -14.960550 5.074873 -0.070952617 -0.108473051 -0.410650592 -0.902532777
1561001263.280131817 -241.951459 -14.956783 5.073439 -0.070906667 -0.108457510 -0.410826193 -0.902458338
1561001263.380120993 -241.939950 -14.956437 5.073975 -0.070759753 -0.108394063 -0.410752584 -0.902510997
1561001263.480331898 -241.953718 -14.958030 5.075611 -0.070690440 -0.108435928 -0.410664759 -0.902551365
1561001263.579029083 -241.957858 -14.962231 5.071130 -0.070681554 -0.108858070 -0.410670025 -0.902498847
1561001263.679976940 -241.948286 -14.958497 5.073668 -0.070699078 -0.108628594 -0.410684836 -0.902518384
1561001263.780044794 -241.939638 -14.950303 5.074277 -0.070991446 -0.108594929 -0.410435152 -0.902613064
1561001263.879136086 -241.929046 -14.945997 5.076374 -0.070820396 -0.108531024 -0.410410243 -0.902645512
1561001263.980287075 -241.911643 -14.940798 5.073296 -0.070764168 -0.108844992 -0.410322977 -0.902651790
1561001264.079188824 -241.909624 -14.933978 5.072885 -0.070846515 -0.109206155 -0.410720628 -0.902420829
1561001264.179423809 -241.897711 -14.934451 5.072469 -0.070613587 -0.109177716 -0.410930080 -0.902347171
1561001264.280143738 -241.897855 -14.939135 5.072839 -0.070557503 -0.109071629 -0.410905550 -0.902375558
1561001264.379698992 -241.904040 -14.941520 5.070638 -0.070765527 -0.108978709 -0.410432161 -0.902585909
1561001264.479955435 -241.907476 -14.941495 5.068385 -0.070635309 -0.108737530 -0.410606648 -0.902545835
1561001264.579000711 -241.910930 -14.941029 5.067835 -0.070699513 -0.108670265 -0.410674960 -0.902517828
1561001264.679854155 -241.921232 -14.956676 5.066269 -0.070657123 -0.108718848 -0.410844518 -0.902438122
1561001264.780039310 -241.907311 -14.958816 5.068715 -0.070722653 -0.108741030 -0.410815205 -0.902443662
1561001264.878878117 -241.915300 -14.953819 5.071262 -0.070718048 -0.108879148 -0.410704033 -0.902477970
1561001264.980018377 -241.914651 -14.949754 5.075434 -0.070940649 -0.108559198 -0.410680938 -0.902509552
1561001265.079008341 -241.915499 -14.956284 5.071972 -0.070858295 -0.108797644 -0.410974768 -0.902353542
1561001265.180118084 -241.908951 -14.966389 5.068643 -0.070618830 -0.108927596 -0.410797349 -0.902437420
1561001265.280055523 -241.904092 -14.978410 5.069830 -0.070685194 -0.108777711 -0.410615111 -0.902533237
1561001265.380818129 -241.906017 -14.969515 5.073305 -0.070812484 -0.108598558 -0.410558675 -0.902570507
1561001265.480165243 -241.910207 -14.968507 5.073193 -0.070682307 -0.108826440 -0.410799553 -0.902443652
1561001265.579069376 -241.902302 -14.960106 5.068841 -0.070717075 -0.108833692 -0.410756935 -0.902459452
1561001265.680074930 -241.903761 -14.952418 5.067452 -0.070620684 -0.108830387 -0.411099881 -0.902311229
1561001265.778976202 -241.912898 -14.951524 5.068670 -0.070716617 -0.108833599 -0.410894386 -0.902396926
1561001265.880017281 -241.915448 -14.944169 5.070286 -0.070761650 -0.108806348 -0.410700966 -0.902484728
1561001265.980122089 -241.915553 -14.936988 5.070909 -0.070829348 -0.108779999 -0.410907912 -0.902388388
1561001266.079062700 -241.913503 -14.938647 5.070144 -0.070853218 -0.108770829 -0.410641742 -0.902508774
1561001266.180367708 -241.902193 -14.938794 5.068327 -0.070699172 -0.108878639 -0.410726291 -0.902469381
1561001266.280313492 -241.910411 -14.950979 5.068821 -0.070728514 -0.108913746 -0.410847390 -0.902407721
1561001266.379811287 -241.906974 -14.950879 5.069176 -0.070856999 -0.108806875 -0.411219527 -0.902241016
1561001266.480233908 -241.914389 -14.951666 5.068397 -0.070909835 -0.108915855 -0.410719723 -0.902451351
1561001266.580021143 -241.918518 -14.955085 5.070721 -0.070810269 -0.108858115 -0.410728621 -0.902462086
1561001266.679935694 -241.912056 -14.959367 5.071558 -0.070876466 -0.108738698 -0.410614482 -0.902523224
1561001266.779905319 -241.910446 -14.964475 5.072033 -0.070978918 -0.108859921 -0.410769824 -0.902429866
1561001266.879906178 -241.884758 -14.970542 5.068724 -0.070731792 -0.110346745 -0.410323324 -0.902471816
