1561000444.779632092 0.000934 -0.000008 0.001534 0.000046501 -0.000008274 -0.000081837 0.999999996
1561000444.878511906 0.003635 0.001547 0.001502 0.000057868 0.000008685 0.000070376 0.999999996
1561000444.979656696 0.001285 0.002049 0.001160 0.000042155 -0.000020762 0.000113212 0.999999992
1561000445.078600645 0.002166 -0.000025 0.001415 0.000101195 -0.000000729 -0.000089713 0.999999991
1561000445.179571390 0.001829 0.000897 0.001296 0.000089353 -0.000008790 0.000067292 0.999999994
1561000445.279480457 0.002422 0.003781 0.001878 0.000083501 0.000000459 -0.000013580 0.999999996
1561000445.378519535 0.001158 0.004005 0.002325 0.000079780 -0.000043760 -0.000071911 0.999999993
1561000445.480696440 -0.000271 0.002506 0.002444 0.000097007 -0.000043716 -0.000047132 0.999999993
1561000445.578361034 0.000749 0.002018 0.001757 0.000089960 -0.000030631 -0.000106384 0.999999990
1561000445.679673910 0.003402 0.003712 0.001529 0.000077482 -0.000014617 -0.000032351 0.999999996
1561000445.779381037 0.003373 0.003302 0.001934 0.000067051 0.000022850 -0.000125750 0.999999990
1561000445.878588438 0.003061 0.001850 0.001805 0.000087415 0.000008031 0.000012671 0.999999996
1561000445.979237318 0.003804 0.000797 0.001573 0.000098865 -0.000006386 -0.000025871 0.999999995
1561000446.078168869 -0.000760 0.001574 0.001394 0.000072814 -0.000028945 0.000011857 0.999999997
1561000446.179398060 -0.001057 0.002508 0.001990 0.000065893 -0.000037310 -0.000144532 0.999999987
1561000446.279172182 -0.000422 0.002138 0.002536 0.000061387 0.000000625 -0.000169830 0.999999984
1561000446.379225969 -0.001393 0.002146 0.002412 0.000088757 -0.000025858 0.000086748 0.999999992
1561000446.478498936 0.000023 0.002560 0.001640 0.000097239 -0.000026838 -0.000032908 0.999999994
1561000446.578007698 0.000234 0.005305 0.001917 0.000056714 -0.000016553 -0.000039536 0.999999997
1561000446.679177046 -0.001316 0.003710 0.001407 0.000082716 -0.000031524 -0.000068706 0.999999994
1561000446.779368877 -0.000139 0.002716 0.001385 0.000121916 -0.000019026 -0.000031843 0.999999992
1561000446.878254414 -0.001600 0.001538 0.001392 0.000088039 0.000000029 0.000022700 0.999999996
1561000446.979009390 -0.004770 0.003273 0.002252 0.000028604 -0.000039699 0.000014059 0.999999999
1561000447.078576326 -0.004487 0.003141 0.002721 0.000070031 -0.000033808 -0.000116330 0.999999990
1561000447.179496050 -0.002400 0.003244 0.002081 0.000096170 -0.000001477 -0.000018613 0.999999995
1561000447.279324293 -0.003012 0.001019 0.002063 0.000094496 -0.000010538 -0.000115944 0.999999989
1561000447.378302813 -0.003642 -0.000886 0.001930 0.000087628 -0.000047607 -0.000058456 0.999999993
1561000447.479393482 -0.003522 0.001054 0.002402 0.000052959 -0.000010712 0.000029795 0.999999998
1561000447.579032183 -0.001582 0.002238 0.002473 0.000069906 0.000007875 -0.000060904 0.999999996
1561000447.679842234 -0.001440 0.002665 0.001949 0.000103364 -0.000017002 -0.000047073 0.999999993
1561000447.779549599 -0.003058 0.002962 0.002577 0.000072978 -0.000025738 -0.000070616 0.999999995
1561000447.878508091 -0.003610 0.003996 0.002642 0.000079442 0.000009410 -0.000014156 0.999999997
1561000447.979607821 -0.004690 0.004632 0.002597 0.000079345 -0.000037502 0.000093000 0.999999992
1561000448.078937769 -0.006224 0.004485 0.002031 0.000095089 -0.000015733 0.000068831 0.999999993
1561000448.179020882 -0.007107 0.005033 0.002361 0.000069070 -0.000006485 0.000030391 0.999999997
1561000448.279675961 -0.005730 0.003916 0.002505 0.000065085 -0.000039266 0.000017178 0.999999997
1561000448.378248930 -0.004524 0.003041 0.002295 0.000074406 -0.000032643 -0.000040603 0.999999996
1561000448.479440451 -0.003538 0.002864 0.002220 0.000081697 -0.000022528 0.000102994 0.999999991
1561000448.578183413 -0.000415 0.002402 0.001783 0.000083599 -0.000064516 0.000131031 0.999999986
1561000448.679377317 -0.001937 0.003332 0.002250 0.000050035 -0.000123930 -0.000093356 0.999999987
1561000448.779323578 -0.000329 0.003233 0.001740 0.000082068 -0.000187317 0.000027113 0.999999979
1561000448.878132820 0.005176 0.004695 0.002785 0.000083462 -0.000108193 0.000017613 0.999999991
1561000448.979364395 0.007648 0.005549 0.003672 0.000078652 -0.000067617 0.000277109 0.999999956
1561000449.078458309 0.005881 0.005519 0.003952 0.000037576 0.000026732 0.000473466 0.999999887
1561000449.178693056 -0.002756 0.006239 0.003963 0.000043944 -0.000005705 0.000560188 0.999999842
1561000449.279799461 -0.009503 0.003862 0.003816 0.000045360 -0.000004762 0.000617129 0.999999809
1561000449.379762650 -0.026255 0.002435 0.002129 0.000079607 -0.000055251 0.000450638 0.999999894
1561000449.478700161 -0.046033 0.001114 0.001705 0.000069438 -0.000092201 0.000641809 0.999999787
1561000449.578472137 -0.071264 0.003692 0.001649 0.000112332 -0.000012113 0.000602384 0.999999812
1561000449.679887772 -0.098681 0.003639 0.001063 0.000120311 0.000086684 0.000764766 0.999999697
1561000449.779322147 -0.125920 0.005671 0.001944 0.000084985 0.000136100 0.001101351 0.999999381
1561000449.879400492 -0.163199 0.005340 0.002588 0.000040138 0.000196587 0.000914117 0.999999562
1561000449.979058266 -0.207961 0.007214 0.002350 0.000053541 0.000270652 0.000763986 0.999999670
1561000450.077958107 -0.258055 0.009302 0.002897 0.000033566 0.000303961 0.000860498 0.999999583
1561000450.179027081 -0.314730 0.004565 0.002412 0.000062385 0.000436790 0.001267031 0.999999100
1561000450.279126167 -0.381312 0.007709 0.000628 0.000106445 0.000525455 0.001157093 0.999999187
1561000450.377892733 -0.460751 0.005533 -0.000998 0.000140282 0.000651803 0.001359810 0.999998853
1561000450.479453802 -0.545869 0.007914 -0.002289 0.000144264 0.000846224 0.001857801 0.999997906
1561000450.579169989 -0.637073 0.012049 -0.000182 0.000142582 0.001064352 0.001804213 0.999997796
1561000450.679049730 -0.731186 0.012148 0.001013 0.000052731 0.001008399 0.002382409 0.999996652
1561000450.779245615 -0.829727 0.009773 0.004145 0.000008805 0.001141281 0.002602088 0.999995963
1561000450.878995895 -0.927237 0.007108 0.005588 0.000027199 0.001368439 0.002886196 0.999994898
1561000450.979281902 -1.025647 0.005038 0.006884 0.000082619 0.001517287 0.002680323 0.999995253
1561000451.078639030 -1.137332 0.004132 0.007079 0.000002304 0.001668009 0.003311571 0.999993126
1561000451.178175211 -1.250381 0.001224 0.009381 0.000009882 0.001890237 0.003631174 0.999991621
1561000451.279276609 -1.384590 -0.001730 0.008729 0.000130023 0.002150570 0.003208283 0.999992533
1561000451.378123283 -1.514886 -0.009645 0.000726 0.000371318 0.002371832 0.003221817 0.999991928
1561000451.479516506 -1.660118 -0.009738 -0.000198 0.000195526 0.002463571 0.003045601 0.999992308
1561000451.579315662 -1.822854 -0.010802 0.002615 0.000031318 0.002615449 0.003123975 0.999991700
1561000451.679162264 -1.979799 -0.014124 0.000904 0.000134441 0.002723315 0.003074467 0.999991557
1561000451.779295921 -2.133727 -0.016238 0.002539 0.000147630 0.002786911 0.001903677 0.999994294
1561000451.878306389 -2.299073 -0.016937 0.001282 0.000087901 0.002917612 0.001877830 0.999993977
1561000451.979738235 -2.471663 -0.016752 0.002910 0.000080007 0.003077560 0.001703544 0.999993810
1561000452.079871893 -2.647229 -0.022173 0.002060 0.000062928 0.003334988 0.001301956 0.999993589
1561000452.179499388 -2.828576 -0.028588 0.010338 -0.000093450 0.003693986 0.000725221 0.999992910
1561000452.279639721 -3.048850 -0.034257 0.018892 -0.000211947 0.003665454 0.000571342 0.999993097
1561000452.378611565 -3.256184 -0.043391 0.026963 -0.000336071 0.003925426 -0.000029603 0.999992239
1561000452.479264736 -3.478093 -0.063868 0.027734 0.000147646 0.004284473 -0.000430110 0.999990718
1561000452.579726696 -3.710480 -0.082113 0.022500 0.000269881 0.004653437 -0.000860244 0.999988766
1561000452.678304195 -3.944793 -0.091295 0.015643 0.000519913 0.005041785 -0.001085000 0.999986566
1561000452.779468536 -4.186442 -0.091395 0.022482 0.000168596 0.005458214 -0.002060099 0.999982968
1561000452.879040956 -4.426089 -0.086955 0.033753 0.000019196 0.006080477 -0.002634417 0.999978043
1561000452.979487181 -4.678968 -0.085310 0.046253 -0.000147495 0.006498991 -0.003396992 0.999973101
1561000453.079775810 -4.946759 -0.090632 0.056029 -0.000228092 0.006639134 -0.004363074 0.999968416
1561000453.179600716 -5.230105 -0.087068 0.065503 -0.000176378 0.006712253 -0.005033396 0.999964789
1561000453.279727936 -5.523725 -0.103601 0.067490 -0.000112003 0.007109007 -0.005689985 0.999958536
1561000453.379323483 -5.827386 -0.129228 0.069021 0.000074073 0.007607295 -0.006213397 0.999951757
1561000453.478852987 -6.141750 -0.134181 0.068131 0.000334991 0.008020410 -0.007032429 0.999943051
1561000453.580569506 -6.464464 -0.130780 0.067348 0.000274022 0.008371986 -0.007838530 0.999934194
1561000453.678573608 -6.788889 -0.113472 0.075604 0.000091516 0.008479709 -0.008891654 0.999924509
1561000453.780432701 -7.142049 -0.094670 0.090232 -0.000096053 0.008683796 -0.009077248 0.999921090
1561000453.878594875 -7.489268 -0.081358 0.104813 -0.000079329 0.009163882 -0.009961669 0.999908387
1561000453.980520964 -7.858135 -0.082507 0.106635 -0.000053412 0.009737201 -0.010339890 0.999899130
1561000454.080389977 -8.254456 -0.077428 0.105114 0.000206083 0.009630350 -0.011422673 0.999888362
1561000454.178549051 -8.658979 -0.071004 0.108375 0.000143590 0.009334881 -0.011708147 0.999887873
1561000454.280323505 -9.064871 -0.058844 0.119380 0.000228630 0.009936298 -0.012332097 0.999874561
1561000454.379942894 -9.444038 -0.049860 0.137503 0.000076384 0.010502708 -0.012083240 0.999871833
1561000454.481815100 -9.841989 -0.045192 0.146951 0.000224983 0.010829450 -0.012968422 0.999857236
1561000454.581917286 -10.278883 -0.028914 0.149900 0.000290757 0.010801411 -0.013327122 0.999852806
1561000454.680587769 -10.713169 -0.009361 0.143268 0.000419629 0.011089946 -0.013420197 0.999848356
1561000454.781633377 -11.151687 0.015844 0.154772 0.000137241 0.010801884 -0.013532565 0.999850074
1561000454.879956961 -11.617261 0.043495 0.166349 0.000097292 0.011102904 -0.013185496 0.999851418
1561000454.981893301 -12.080732 0.053420 0.182084 0.000323995 0.011294434 -0.013323887 0.999847391
1561000455.082039118 -12.532411 0.057704 0.192026 0.000134545 0.011626438 -0.012821590 0.999850196
1561000455.182285309 -12.998021 0.055492 0.208262 0.000412995 0.011792793 -0.012719957 0.999849470
1561000455.283512592 -13.474985 0.049708 0.218995 0.000239521 0.012080236 -0.012586866 0.999847779
1561000455.381767511 -13.937564 0.057496 0.234966 0.000513598 0.012792017 -0.013141181 0.999831691
1561000455.483105421 -14.434379 0.070534 0.238175 0.000672328 0.012979672 -0.012450301 0.999838020
1561000455.583163023 -14.934501 0.086832 0.256242 0.000334288 0.013204337 -0.012434467 0.999835445
1561000455.683046341 -15.449005 0.099091 0.272168 0.000748129 0.013450751 -0.011995575 0.999837299
1561000455.782942533 -15.952327 0.102282 0.277942 0.000530521 0.013525962 -0.011881245 0.999837788
1561000455.882995844 -16.478334 0.101356 0.303791 0.000883598 0.013676799 -0.011987097 0.999834223
1561000455.983166218 -17.011961 0.093069 0.307329 0.000666259 0.013644738 -0.011616975 0.999839199
1561000456.084738731 -17.533182 0.093513 0.331982 0.000548608 0.013838297 -0.011958355 0.999832585
1561000456.184599161 -18.063352 0.092644 0.354665 0.000843030 0.012341779 -0.011888693 0.999852804
1561000456.285342932 -18.620657 0.096969 0.379343 0.000925347 0.011645975 -0.012394095 0.999854940
1561000456.383277416 -19.094441 0.110028 0.421581 0.000702691 0.015179600 -0.015573663 0.999763245
1561000456.483070135 -19.586132 0.140145 0.464536 0.000779838 0.018974488 -0.017042057 0.999674411
1561000456.584005356 -20.092967 0.200648 0.513746 -0.000510090 0.023470376 -0.018479174 0.999553601
1561000456.684519291 -20.609690 0.278109 0.583645 -0.002415699 0.029813397 -0.019229223 0.999367581
1561000456.784339190 -21.261374 0.272809 0.661971 -0.002415780 0.033512758 -0.018020687 0.999272893
1561000456.882722139 -21.933501 0.286883 0.660390 -0.001582831 0.031466771 -0.017382146 0.999352389
1561000456.984020948 -22.683426 0.276222 0.631152 -0.000662713 0.027498480 -0.015338586 0.999503938
1561000457.083852530 -23.432419 0.233183 0.628081 -0.000555782 0.024419542 -0.014903363 0.999590550
1561000457.182293415 -24.151908 0.293223 0.682468 -0.001788181 0.023105109 -0.013552817 0.999639574
1561000457.283970118 -24.841461 0.328528 0.792587 -0.002267689 0.020268694 -0.012380000 0.999715346
1561000457.382588148 -25.519501 0.308771 0.766460 -0.000931922 0.013833636 -0.011136610 0.999841856
1561000457.482770205 -26.238631 0.294549 0.783239 -0.000982315 0.014212468 -0.008628556 0.999861285
1561000457.584078789 -26.945030 0.285930 0.785086 0.000550036 0.018847002 -0.009509696 0.999777002
1561000457.684350967 -27.629146 0.282377 0.785608 -0.000165976 0.021375539 -0.009177478 0.999729380
1561000457.785627127 -28.338247 0.296031 0.841246 0.000091470 0.021733683 -0.008837713 0.999724729
1561000457.885426283 -29.029468 0.306490 0.867999 -0.000758297 0.019117260 -0.008471751 0.999781068
1561000457.986454487 -29.772948 0.312024 0.882339 -0.000667088 0.017802903 -0.008157649 0.999808014
1561000458.086506367 -30.511509 0.307236 0.905796 -0.000081473 0.018352222 -0.008238208 0.999797640
1561000458.186119318 -31.246454 0.308442 0.912153 -0.000532205 0.018627230 -0.008460866 0.999790556
1561000458.286684036 -31.982386 0.306576 0.977056 -0.000750390 0.019373753 -0.008688346 0.999774278
1561000458.385658741 -32.723519 0.318231 1.037451 -0.000887471 0.019868207 -0.009037802 0.999761364
1561000458.486910820 -33.478242 0.339771 1.097077 -0.001850212 0.019542087 -0.008798202 0.999768611
1561000458.586846113 -34.245918 0.361837 1.146666 -0.001358110 0.019978580 -0.008762892 0.999761083
1561000458.687192917 -35.031979 0.361142 1.192488 -0.001481953 0.020875856 -0.007993489 0.999749022
1561000458.786817312 -35.809791 0.342053 1.234692 -0.001342362 0.022122263 -0.007162732 0.999728713
1561000458.886380434 -36.601079 0.314928 1.280320 -0.001453583 0.022435021 -0.006400191 0.999726760
1561000458.986970901 -37.416668 0.305044 1.322192 -0.001500637 0.021688561 -0.005979170 0.999745770
1561000459.086679220 -38.242759 0.307587 1.355323 -0.001150053 0.021612632 -0.005453706 0.999750883
1561000459.186843634 -39.069198 0.285423 1.388466 -0.001196865 0.021816341 -0.004566369 0.999750850
1561000459.287072897 -39.916813 0.293441 1.427159 -0.001106509 0.021695088 -0.003850935 0.999756605
1561000459.385898829 -40.755501 0.304812 1.472463 -0.001486853 0.021961513 -0.003383099 0.999751987
1561000459.486887932 -41.616237 0.304419 1.524229 -0.001531980 0.021912317 -0.002672791 0.999755150
1561000459.579908133 -42.445598 0.298720 1.575819 -0.001037963 0.022851114 -0.002096251 0.999736143
1561000459.679126740 -43.339723 0.300404 1.634087 -0.001252341 0.023270512 -0.001764999 0.999726863
1561000459.779140711 -44.235080 0.306846 1.690280 -0.001895474 0.023544043 -0.000396918 0.999720925
1561000459.880433559 -45.130983 0.290450 1.744759 -0.001390767 0.023956634 0.000170830 0.999712017
1561000459.980421782 -46.044466 0.276346 1.785934 -0.001722979 0.023615096 0.000901488 0.999719234
1561000460.079944849 -46.963131 0.266733 1.819830 -0.001180037 0.023878991 0.001557902 0.999712946
1561000460.178261995 -47.875756 0.263855 1.858590 -0.001234577 0.024038987 0.002607228 0.999706860
1561000460.280506611 -48.780747 0.261909 1.898150 -0.001078674 0.024840897 0.003634751 0.999684228
1561000460.378089190 -49.656328 0.271413 1.956316 -0.001269526 0.024952148 0.004405698 0.999678132
1561000460.480294704 -50.579914 0.268730 2.025854 -0.001994920 0.023575783 0.005084541 0.999707132
1561000460.579986334 -51.467724 0.250693 2.070067 -0.001534814 0.024202384 0.006352679 0.999685717
1561000460.679816484 -52.339130 0.230671 2.134503 -0.000848019 0.025223522 0.007209962 0.999655476
1561000460.781325817 -53.205509 0.223664 2.234700 -0.000825642 0.026830174 0.008616260 0.999602531
1561000460.881063223 -54.048993 0.221316 2.335370 -0.001536541 0.027760311 0.009877687 0.999564623
1561000460.981615782 -54.922126 0.206196 2.395144 -0.001407408 0.026928248 0.010329612 0.999583007
1561000461.081796408 -55.801716 0.174212 2.427536 -0.001695186 0.026149758 0.011367753 0.999591962
1561000461.181574583 -56.661902 0.129743 2.463533 -0.001012955 0.026514785 0.011789091 0.999578390
1561000461.281506062 -57.520225 0.098454 2.513077 -0.000717421 0.027250689 0.012424856 0.999551153
1561000461.379809380 -58.339827 0.072923 2.590089 -0.001036378 0.028461867 0.013398167 0.999504546
1561000461.482889891 -59.205599 0.044849 2.671636 -0.000911553 0.029895006 0.014005385 0.999454505
1561000461.581363440 -60.036679 0.024392 2.744916 -0.001203762 0.029586776 0.014666779 0.999453880
1561000461.679565191 -60.908296 -0.005479 2.811632 -0.000979449 0.029801336 0.014813259 0.999445591
1561000461.781259775 -61.794669 -0.022931 2.872921 -0.001285706 0.029744443 0.015643907 0.999434282
1561000461.879602671 -62.642945 -0.056627 2.941028 -0.000919611 0.029135319 0.015537535 0.999454287
1561000461.981518269 -63.495339 -0.090125 2.991627 -0.000940683 0.029338231 0.015656958 0.999446468
1561000462.081360817 -64.338464 -0.106125 3.053014 -0.001707977 0.029602609 0.016379808 0.999426070
1561000462.181036711 -65.190941 -0.097101 3.124716 -0.002270985 0.028625146 0.016388484 0.999453281
1561000462.281023979 -66.046010 -0.108123 3.207078 -0.002793655 0.027888397 0.016574276 0.999469722
1561000462.379472733 -66.871381 -0.152107 3.283504 -0.001812720 0.028936867 0.016461847 0.999444035
1561000462.481200457 -67.713431 -0.200907 3.358172 -0.001010967 0.032357213 0.017450021 0.999323514
1561000462.581337452 -68.549560 -0.233875 3.429468 -0.001769438 0.032753940 0.018257075 0.999295115
1561000462.681446552 -69.387913 -0.280532 3.512120 -0.001049253 0.033178054 0.018673828 0.999274439
1561000462.781468391 -70.205036 -0.307883 3.597360 -0.001789488 0.039040470 0.018958520 0.999056162
1561000462.879919052 -71.000011 -0.332408 3.720659 -0.002965425 0.049065067 0.020115075 0.998588609
1561000462.981329679 -71.773134 -0.337442 3.835596 -0.004094488 0.055520766 0.021309240 0.998221717
1561000463.081170082 -72.570799 -0.348976 3.887978 -0.001326110 0.057383224 0.022468199 0.998098486
1561000463.179785728 -73.427788 -0.347644 3.917228 -0.001694064 0.058834126 0.025735782 0.997934540
1561000463.280953169 -74.354509 -0.336386 3.957707 -0.001458162 0.051463122 0.027063484 0.998307061
1561000463.379291058 -75.247312 -0.346857 3.912736 0.002635548 0.033068714 0.027756607 0.999064104
1561000463.481387615 -76.118302 -0.393663 3.907212 0.006371712 0.009012675 0.025633106 0.999610483
1561000463.582119226 -76.958953 -0.481214 3.925009 0.007070713 0.010287497 0.026345027 0.999574966
1561000463.679647446 -77.757821 -0.552589 3.978774 0.005043341 0.023384374 0.026536526 0.999361570
1561000463.781271696 -78.545821 -0.583697 3.994351 0.005354888 0.025979534 0.027824486 0.999260820
1561000463.880215645 -79.371364 -0.667079 4.072184 0.005542785 0.027046712 0.028389707 0.999215581
1561000463.981730461 -80.191400 -0.767907 4.163890 0.006865695 0.025101991 0.029680067 0.999220619
1561000464.081287861 -80.989689 -0.852787 4.253589 0.007054513 0.027613104 0.030787855 0.999119542
1561000464.180880070 -81.818473 -0.929484 4.337532 0.007882358 0.030909149 0.031325527 0.999000102
1561000464.281557560 -82.616781 -0.951185 4.411377 0.006392294 0.031693688 0.032006392 0.998964584
1561000464.381450653 -83.439739 -0.985355 4.490400 0.006237031 0.029837886 0.033237629 0.998982512
1561000464.481370211 -84.271057 -1.021218 4.564832 0.006145526 0.027113628 0.033679832 0.999045921
1561000464.579716444 -85.136844 -1.074546 4.643320 0.006272311 0.024794155 0.034689294 0.999070849
1561000464.681433916 -86.027038 -1.132874 4.701082 0.006336004 0.025052485 0.035361462 0.999040437
1561000464.782950401 -86.917597 -1.195185 4.745782 0.006631345 0.025870143 0.035477383 0.999013572
1561000464.883132935 -87.792892 -1.260458 4.800668 0.006492626 0.027393218 0.035587051 0.998969979
1561000464.983193159 -88.675523 -1.314109 4.867517 0.004780403 0.027207657 0.034935491 0.999007709
1561000465.081842184 -89.526166 -1.352772 4.934726 0.003472326 0.026313680 0.034913015 0.999037844
1561000465.183570385 -90.407482 -1.392915 4.996948 0.004089554 0.026160676 0.035635516 0.999014016
1561000465.283203363 -91.263342 -1.436215 5.065722 0.002838522 0.026519487 0.035804503 0.999002851
1561000465.381454229 -92.101095 -1.491927 5.162409 0.002526248 0.028670446 0.036123269 0.998932797
1561000465.482875347 -92.988295 -1.567292 5.247757 0.003144671 0.031294605 0.037159629 0.998814257
1561000465.581643105 -93.857226 -1.616018 5.328242 0.003810224 0.033261613 0.037929961 0.998719413
1561000465.682814598 -94.734263 -1.725480 5.411352 0.004533071 0.033181978 0.038361314 0.998702567
1561000465.782907009 -95.620206 -1.832010 5.487725 0.005694592 0.031678223 0.039211269 0.998712440
1561000465.882273912 -96.523568 -1.918421 5.561329 0.006191189 0.029358493 0.040020802 0.998748258
1561000465.982770443 -97.446083 -2.002158 5.618392 0.006661550 0.028634666 0.040900411 0.998730612
1561000466.083074331 -98.372504 -2.083161 5.672916 0.007604822 0.028546421 0.040264545 0.998752239
1561000466.184193611 -99.274186 -2.156866 5.731326 0.007266747 0.029912168 0.040999316 0.998684892
1561000466.284170628 -100.164313 -2.239460 5.813033 0.007406092 0.030974084 0.041205343 0.998643017
1561000466.382800341 -101.059437 -2.304120 5.887254 0.007642548 0.031684075 0.041714231 0.998597834
1561000466.484409094 -101.966262 -2.385377 5.972367 0.007770685 0.031683617 0.042042296 0.998583101
1561000466.583075285 -102.850072 -2.474345 6.047576 0.008023208 0.031912241 0.042595750 0.998550369
1561000466.682420254 -103.751407 -2.560731 6.116543 0.008199780 0.031873234 0.042807398 0.998541129
1561000466.783877373 -104.656848 -2.644599 6.189435 0.008764718 0.031997959 0.042708787 0.998536564
1561000466.883894444 -105.568175 -2.708200 6.252630 0.008697729 0.032423969 0.042685273 0.998524413
1561000466.984181643 -106.493978 -2.766288 6.312716 0.008274450 0.031333799 0.041904580 0.998595881
1561000467.082513571 -107.424937 -2.842697 6.379181 0.008217715 0.029841261 0.041518263 0.998658201
1561000467.184119940 -108.342233 -2.921315 6.448264 0.008422711 0.030040686 0.040866723 0.998677388
1561000467.284232140 -109.258170 -2.987618 6.531068 0.008370558 0.032655426 0.040442988 0.998612999
1561000467.382562160 -110.158469 -3.049721 6.620078 0.007954766 0.034488332 0.040600162 0.998548398
1561000467.484652996 -111.094512 -3.122897 6.706258 0.008371632 0.034627025 0.039835133 0.998571003
1561000467.582894564 -112.010514 -3.193092 6.770200 0.008734609 0.034783258 0.038896490 0.998599467
1561000467.684459925 -112.968180 -3.275063 6.842876 0.008806478 0.034224243 0.038661270 0.998627284
1561000467.785933495 -113.930004 -3.347283 6.913393 0.008949508 0.033067329 0.038304467 0.998678740
1561000467.884768248 -114.866714 -3.427649 6.986577 0.008432594 0.032019535 0.037989980 0.998729394
1561000467.987583876 -115.821888 -3.502291 7.071782 0.008620321 0.031092482 0.037751733 0.998766116
1561000468.086464167 -116.736375 -3.557231 7.148945 0.007859676 0.031386922 0.037343927 0.998778513
1561000468.187446117 -117.655976 -3.608809 7.239360 0.007451150 0.033112290 0.037404155 0.998723678
1561000468.287757635 -118.531027 -3.663201 7.331520 0.007699181 0.034496360 0.036727856 0.998700049
1561000468.387311459 -119.416844 -3.732661 7.410405 0.007804255 0.034970491 0.036592826 0.998687701
1561000468.487322330 -120.311599 -3.818716 7.481625 0.008296030 0.034547572 0.036705477 0.998694322
1561000468.586225271 -121.219660 -3.885290 7.544287 0.008249089 0.033212421 0.035938988 0.998767879
1561000468.686332226 -122.133314 -3.945273 7.619326 0.007927357 0.031432647 0.035983076 0.998826493
1561000468.787309170 -123.048057 -4.006861 7.702312 0.007410251 0.030571386 0.036366566 0.998843307
1561000468.887712240 -123.937416 -4.064977 7.793109 0.006625796 0.030663262 0.036301727 0.998848361
1561000468.987616301 -124.807576 -4.129356 7.885591 0.006137901 0.033242190 0.036053667 0.998777961
1561000469.086231947 -125.662936 -4.188964 7.966245 0.005564538 0.033581287 0.036104889 0.998768126
1561000469.187317371 -126.550835 -4.252778 8.056721 0.005682110 0.032720862 0.036251688 0.998790706
1561000469.287302732 -127.423785 -4.327453 8.143700 0.006594542 0.038717362 0.035972669 0.998580715
1561000469.386177778 -128.244630 -4.377282 8.267332 0.004320888 0.052539101 0.036706912 0.997934655
1561000469.487243414 -129.002661 -4.435023 8.390118 0.002197127 0.064638019 0.037119627 0.997215740
1561000469.586009741 -129.784032 -4.496050 8.454490 0.002317050 0.068583437 0.037702433 0.996930023
1561000469.686868429 -130.615565 -4.529787 8.511064 0.001922350 0.075832786 0.037324268 0.996419887
1561000469.785867929 -131.521505 -4.593693 8.560058 0.003234491 0.069552899 0.038409649 0.996833302
1561000469.886828899 -132.483985 -4.645253 8.623224 0.003254157 0.056546542 0.038778734 0.997641273
1561000469.987026691 -133.448853 -4.708431 8.620846 0.005138033 0.036028090 0.039311323 0.998564068
1561000470.085964203 -134.354736 -4.792837 8.685731 0.003509185 0.027321287 0.039468349 0.998841070
1561000470.187265158 -135.194690 -4.875296 8.836812 0.003054163 0.047243927 0.041055989 0.998034613
1561000470.287098408 -136.021820 -4.961132 8.929131 0.003197745 0.050267519 0.041629792 0.997862672
1561000470.387068033 -136.874335 -5.040406 8.995367 0.004460367 0.043228263 0.042009292 0.998171649
1561000470.486867428 -137.748802 -5.114212 9.007657 0.004915928 0.033149128 0.042157410 0.998548808
1561000470.585954428 -138.638441 -5.201935 9.076529 0.004985321 0.028879989 0.042208210 0.998678907
1561000470.686840296 -139.532161 -5.275946 9.174601 0.004605872 0.031505123 0.042769883 0.998577463
1561000470.787041903 -140.438813 -5.348326 9.281950 0.003429234 0.036098184 0.044150563 0.998366611
1561000470.885874271 -141.316522 -5.414429 9.391598 0.003151181 0.041045925 0.044996935 0.998138556
1561000470.987133980 -142.190631 -5.501526 9.475271 0.002877179 0.041889783 0.045865751 0.998064778
1561000471.085878611 -143.091933 -5.566344 9.553265 0.004163826 0.039275420 0.046146571 0.998153594
1561000471.187014103 -144.000970 -5.658255 9.616508 0.005281321 0.035573511 0.046493309 0.998271008
1561000471.287602663 -144.922530 -5.767629 9.673549 0.004780671 0.034586378 0.047579312 0.998257049
1561000471.387480736 -145.843590 -5.862413 9.766825 0.004257313 0.034762189 0.048433887 0.998212214
1561000471.487039566 -146.749476 -5.951909 9.867536 0.004150584 0.036673593 0.049595273 0.998087235
1561000471.587266445 -147.633834 -6.036316 9.964900 0.003158357 0.038967098 0.050535411 0.997956794
1561000471.686977625 -148.498662 -6.131693 10.053504 0.003556989 0.039592459 0.051255852 0.997894094
1561000471.786712885 -149.388356 -6.231039 10.128289 0.004221455 0.039491285 0.052500187 0.997830821
1561000471.885667086 -150.290718 -6.333012 10.194075 0.004491952 0.038308857 0.053008753 0.997848849
1561000471.987157822 -151.225036 -6.423098 10.266149 0.004788363 0.037080086 0.054000414 0.997840716
1561000472.085807323 -152.131021 -6.515969 10.357683 0.003751217 0.036169388 0.054879595 0.997830614
1561000472.186968565 -153.058751 -6.617068 10.469376 0.002134423 0.035354023 0.055909781 0.997807413
1561000472.286701202 -153.961600 -6.717598 10.582069 0.001608109 0.036695046 0.056527753 0.997725163
1561000472.385806561 -154.866493 -6.825968 10.688054 0.002522685 0.040082762 0.057128711 0.997558679
1561000472.487100124 -155.770256 -6.956624 10.764231 0.002246350 0.041671567 0.057544888 0.997470310
1561000472.585694551 -156.683087 -7.069403 10.844534 0.002766160 0.041402746 0.057945149 0.997457027
1561000472.686954975 -157.618937 -7.161336 10.923602 0.002830465 0.039348944 0.058595115 0.997502011
1561000472.785810471 -158.549250 -7.290219 11.016125 0.003267870 0.038046369 0.058916333 0.997532285
1561000472.886876822 -159.490448 -7.389907 11.109873 0.003463032 0.037910586 0.059452952 0.997504958
1561000472.986942053 -160.415752 -7.489676 11.199819 0.003255378 0.038463105 0.060334968 0.997431543
1561000473.085763931 -161.326966 -7.586014 11.276180 0.002809987 0.039121182 0.061433259 0.997340259
1561000473.186110735 -162.234278 -7.686981 11.367084 0.001990195 0.039280893 0.062770398 0.997252690
1561000473.286473751 -163.152696 -7.796399 11.483582 0.002101372 0.039062254 0.063440642 0.997218637
1561000473.385700226 -164.069927 -7.930204 11.586499 0.004476413 0.038213752 0.063978880 0.997209293
1561000473.486864328 -165.008432 -8.069666 11.649860 0.004839451 0.040003955 0.065160416 0.997060873
1561000473.586167574 -165.930133 -8.189576 11.722136 0.002440680 0.043370807 0.065725479 0.996891758
1561000473.687100649 -166.843526 -8.277819 11.855689 -0.002212839 0.048693951 0.067077192 0.996556397
1561000473.786195278 -167.748835 -8.385519 12.000729 -0.002293057 0.050333824 0.068948071 0.996347034
1561000473.886898994 -168.691304 -8.507712 12.097214 -0.000788396 0.045625471 0.069818442 0.996515469
1561000473.987128496 -169.668226 -8.660802 12.181646 0.001265013 0.037473176 0.071072713 0.996766186
1561000474.085725784 -170.650615 -8.809056 12.228409 0.004756737 0.022533524 0.070707514 0.997231197
1561000474.179090261 -171.591358 -8.969513 12.299301 0.005026064 0.018192160 0.070882810 0.997306077
1561000474.278942823 -172.549177 -9.144646 12.424148 0.004774116 0.025038053 0.071441048 0.997119090
1561000474.379729748 -173.479978 -9.293955 12.532349 0.004759508 0.038838247 0.072143110 0.996626464
1561000474.479513168 -174.396213 -9.427119 12.617463 0.002749736 0.047699916 0.073969607 0.996115282
1561000474.578489542 -175.324074 -9.540271 12.706895 0.002952704 0.045780752 0.075175959 0.996114441
1561000474.679603338 -176.283125 -9.661689 12.780768 0.004237045 0.039815406 0.075766729 0.996321325
1561000474.778476715 -177.227841 -9.797054 12.851345 0.006166513 0.034148601 0.076614864 0.996456727
1561000474.879527569 -178.212272 -9.950415 12.908742 0.007276077 0.031563800 0.076671723 0.996530096
1561000474.979678154 -179.169155 -10.109313 12.981784 0.004122542 0.033407104 0.077843443 0.996397194
1561000475.079099417 -180.115833 -10.263523 13.085716 0.003094697 0.036664278 0.078362266 0.996245707
1561000475.179628134 -181.070830 -10.403687 13.175406 0.001826321 0.037608602 0.079327031 0.996137280
1561000475.278690577 -182.023229 -10.555525 13.277558 0.001435189 0.035701734 0.080170833 0.996140534
1561000475.379661322 -182.999434 -10.714887 13.367574 0.001912133 0.032839238 0.080694600 0.996195919
1561000475.479868650 -183.965265 -10.884551 13.465800 0.002028258 0.033000637 0.081476010 0.996126751
1561000475.579184294 -184.914292 -11.052185 13.586877 0.001766210 0.039888942 0.082521794 0.995789087
1561000475.679759502 -185.870233 -11.216105 13.696622 0.001651041 0.045502188 0.084114556 0.995415273
1561000475.778654814 -186.801790 -11.362307 13.804618 0.001355581 0.045124477 0.085399088 0.995323535
1561000475.879209757 -187.767378 -11.526380 13.897402 0.003285287 0.039691511 0.086398132 0.995464291
1561000475.979379892 -188.718586 -11.699888 13.976918 0.004168130 0.036162384 0.087719528 0.995479881
1561000476.080116272 -189.678907 -11.883496 14.063313 0.006517702 0.033658593 0.088495242 0.995486419
1561000476.179257154 -190.620491 -12.062963 14.149785 0.006528123 0.034007425 0.089782027 0.995359265
1561000476.278412580 -191.548351 -12.241172 14.229294 0.006916436 0.035825252 0.090670629 0.995212315
1561000476.378851652 -192.486008 -12.420439 14.315481 0.005738751 0.037401717 0.091966234 0.995042909
1561000476.479184628 -193.397946 -12.597666 14.410810 0.005328128 0.037258234 0.092837098 0.994969702
1561000476.583614111 -194.342804 -12.776152 14.512793 0.005056974 0.035488304 0.094001945 0.994926450
1561000476.679718971 -195.188008 -12.944677 14.607478 0.006448537 0.036216638 0.094847856 0.994811869
1561000476.778593540 -196.065146 -13.127543 14.694760 0.006558951 0.038929963 0.096143383 0.994584279
1561000476.880302191 -196.970983 -13.295210 14.779838 0.006375294 0.041677341 0.097305435 0.994361105
1561000476.979933500 -197.865487 -13.449702 14.859473 0.005606064 0.039865306 0.098461203 0.994326265
1561000477.080095291 -198.765824 -13.625137 14.951863 0.005448748 0.034656341 0.099271251 0.994441787
1561000477.180043459 -199.645438 -13.825442 15.028205 0.009238958 0.033240177 0.099579662 0.994431306
1561000477.278294563 -200.481360 -14.015376 15.140272 0.006584064 0.040815966 0.100448353 0.994082912
1561000477.380720854 -201.335728 -14.163372 15.282090 0.000317689 0.057326271 0.102299152 0.993100439
1561000477.480909586 -202.163941 -14.314187 15.415997 -0.002524523 0.065507069 0.104379627 0.992374599
1561000477.579357147 -203.002454 -14.478190 15.510854 0.000551619 0.064902453 0.105855573 0.992261037
1561000477.680029869 -203.897450 -14.663358 15.581124 0.001457312 0.059330652 0.107788055 0.992400869
1561000477.777907848 -204.787228 -14.852472 15.610095 0.005000934 0.048738902 0.109505916 0.992777903
1561000477.881096363 -205.778694 -15.067045 15.603463 0.011176710 0.031358825 0.108943071 0.993490369
1561000477.980384111 -206.686035 -15.287196 15.638892 0.011555759 0.013778192 0.108779347 0.993903255
1561000478.078129530 -207.513934 -15.491112 15.731466 0.007372240 0.020887701 0.109204486 0.993772476
1561000478.180001259 -208.364843 -15.704357 15.874816 0.006902096 0.041829850 0.109823114 0.993046579
1561000478.278292179 -209.216282 -15.895297 15.985483 0.006624962 0.049004358 0.111607014 0.992521313
1561000478.380050421 -210.107272 -16.092300 16.085739 0.007289087 0.043163990 0.112385076 0.992700022
1561000478.480250359 -211.016401 -16.296351 16.161751 0.008247608 0.033455020 0.112826302 0.993017102
1561000478.578768969 -211.909305 -16.517076 16.220209 0.009049152 0.030961123 0.113124184 0.993057119
1561000478.680097103 -212.836890 -16.738245 16.287730 0.008970802 0.034911532 0.113732250 0.992857334
1561000478.779031992 -213.701447 -16.942583 16.390987 0.006312533 0.039885203 0.114294692 0.992625834
1561000478.879825592 -214.588371 -17.153905 16.498753 0.005574936 0.040194828 0.114873521 0.992550941
1561000478.980081320 -215.479992 -17.363928 16.594049 0.005368438 0.037227272 0.115250135 0.992624157
1561000479.078106880 -216.365634 -17.581731 16.673184 0.006771643 0.035532944 0.115655263 0.992630553
1561000479.180343151 -217.283367 -17.805171 16.740954 0.007392803 0.036057780 0.116524701 0.992505505
1561000479.279818773 -218.184537 -18.014139 16.831079 0.007634208 0.038761936 0.116853895 0.992363038
1561000479.380135059 -219.077162 -18.237476 16.935875 0.006786074 0.039355786 0.117442759 0.992276307
1561000479.480209589 -219.979724 -18.447386 17.027166 0.006415121 0.038783209 0.118187263 0.992212921
1561000479.580695629 -220.885438 -18.665129 17.107733 0.006756729 0.038172198 0.118677918 0.992175782
1561000479.680541277 -221.777259 -18.899790 17.193729 0.007256897 0.038322118 0.119343301 0.992086654
1561000479.778501511 -222.673549 -19.126649 17.272790 0.007437968 0.038606824 0.119657800 0.992036391
1561000479.880461693 -223.610303 -19.352638 17.361661 0.007282104 0.038558021 0.120330026 0.991958132
1561000479.981447458 -224.526035 -19.578508 17.447791 0.007656814 0.038067119 0.121230538 0.991864620
1561000480.078635216 -225.406216 -19.795292 17.525800 0.007193290 0.037793127 0.121906181 0.991795755
1561000480.180531979 -226.332297 -20.024292 17.621047 0.007204478 0.038910263 0.122742132 0.991649361
1561000480.280461550 -227.232972 -20.260416 17.710065 0.007279016 0.039078557 0.123689383 0.991524492
1561000480.380247831 -228.141658 -20.486486 17.806094 0.006482548 0.038067426 0.124404726 0.991479860
1561000480.481379032 -229.065778 -20.733039 17.926715 0.005398222 0.036252310 0.125420535 0.991426406
1561000480.578586340 -229.982772 -20.990817 18.021869 0.009073916 0.035314660 0.125863134 0.991377330
1561000480.680484295 -230.916298 -21.243715 18.095064 0.011051265 0.038959767 0.126771900 0.991104884
1561000480.778753757 -231.790746 -21.461948 18.200892 0.008631275 0.049635839 0.128617921 0.990413659
1561000480.881070614 -232.687881 -21.665920 18.316032 0.003033355 0.063412072 0.129628665 0.989528230
1561000480.980698824 -233.576220 -21.884652 18.395351 0.002302674 0.068743345 0.130683856 0.989035277
1561000481.080506802 -234.477275 -22.142401 18.493192 0.000392072 0.072785435 0.132062238 0.988565472
1561000481.180418253 -235.432398 -22.432901 18.572207 0.004515569 0.064387557 0.133225250 0.988981741
1561000481.278278351 -236.398389 -22.781907 18.608472 0.008613361 0.049079115 0.133987506 0.989729457
1561000481.380002499 -237.416279 -23.061796 18.591723 0.009350825 0.022485255 0.134559210 0.990606276
1561000481.480217934 -238.316956 -23.269477 18.730149 0.007422495 0.028582563 0.135247984 0.990371610
1561000481.577883244 -239.172457 -23.466881 18.884810 0.005713754 0.047132263 0.136434708 0.989510724
1561000481.679662228 -240.063558 -23.705626 19.000086 0.003820261 0.044733008 0.137946744 0.989421578
1561000481.778224230 -240.986502 -23.972415 19.091590 0.006395548 0.038661330 0.138349474 0.989607913
1561000481.879905224 -241.942728 -24.267582 19.166437 0.006942109 0.033478985 0.138679601 0.989746904
1561000481.979844332 -242.881617 -24.539402 19.261928 0.008123642 0.035279862 0.139580031 0.989548762
1561000482.080125809 -243.812976 -24.814639 19.352081 0.007996687 0.037287780 0.140924418 0.989285592
1561000482.180164576 -244.740065 -25.088636 19.449969 0.008172356 0.041892895 0.142254541 0.988909421
1561000482.278155565 -245.638195 -25.355119 19.548597 0.008206564 0.043708759 0.142926280 0.988733673
1561000482.380100965 -246.581062 -25.643051 19.636421 0.008337139 0.042614845 0.143750670 0.988660818
1561000482.479418993 -247.540825 -25.931297 19.719817 0.009269062 0.040260600 0.144352238 0.988663542
1561000482.578271389 -248.493735 -26.222601 19.804336 0.009055229 0.037934641 0.145054896 0.988654663
1561000482.680275440 -249.453714 -26.519615 19.906637 0.009250547 0.038487838 0.145889967 0.988508589
1561000482.778630495 -250.396200 -26.804194 20.005280 0.009024879 0.040718796 0.147220570 0.988223980
1561000482.880594015 -251.346944 -27.093774 20.117801 0.008547916 0.041267399 0.148026036 0.988085132
1561000482.979999542 -252.266406 -27.384791 20.207575 0.009504573 0.040903383 0.148902676 0.987959802
1561000483.079419136 -253.225388 -27.698856 20.287088 0.010060231 0.039582699 0.149437551 0.987927335
1561000483.180515766 -254.190128 -28.009398 20.370510 0.010440866 0.037671310 0.150060569 0.987903683
1561000483.278452158 -255.140021 -28.291960 20.462386 0.010825464 0.037097352 0.150391307 0.987870969
1561000483.379877567 -256.104328 -28.605101 20.546089 0.010865498 0.037207975 0.150989597 0.987775100
1561000483.478901863 -257.044713 -28.896020 20.642785 0.009871028 0.037483586 0.151533904 0.987691763
1561000483.577575207 -257.993907 -29.179891 20.734160 0.010325664 0.036982691 0.152197737 0.987603924
1561000483.679493904 -258.963591 -29.474303 20.832572 0.009603414 0.036341356 0.152692401 0.987558662
1561000483.777752161 -259.900555 -29.773935 20.925329 0.010368861 0.036634794 0.153358045 0.987436929
1561000483.878508806 -260.830687 -30.075567 21.013297 0.009785762 0.036259590 0.153937987 0.987366486
1561000483.979865789 -261.753813 -30.368507 21.106050 0.010245104 0.036590889 0.154300576 0.987293005
1561000484.081875086 -262.675225 -30.675732 21.199564 0.009919609 0.036901818 0.155141452 0.987152970
1561000484.182078362 -263.597775 -30.983587 21.287561 0.010040980 0.037023673 0.155687954 0.987061137
1561000484.280555725 -264.513300 -31.274534 21.384425 0.009542193 0.037074903 0.156120435 0.986995850
1561000484.382338762 -265.447440 -31.565706 21.472100 0.010405635 0.037029944 0.156423353 0.986940850
1561000484.480268478 -266.341367 -31.866565 21.561469 0.009183175 0.037687854 0.156892557 0.986853596
1561000484.582251549 -267.263270 -32.173611 21.663002 0.010152382 0.038709566 0.157393688 0.986724747
1561000484.683471680 -268.181517 -32.469056 21.737839 0.008908721 0.038700699 0.157962936 0.986646138
1561000484.780188322 -269.071051 -32.759666 21.821019 0.009307178 0.038066200 0.158237626 0.986623127
1561000484.883028269 -270.008604 -33.070878 21.896459 0.009956592 0.037415506 0.158503617 0.986598981
1561000484.982046604 -270.906143 -33.372676 21.976269 0.009257421 0.036513836 0.159190828 0.986528925
1561000485.082051277 -271.782240 -33.678631 22.066135 0.009757392 0.036896265 0.159684388 0.986430107
1561000485.183131218 -272.667462 -33.975960 22.146455 0.010134529 0.038245987 0.160003009 0.986323260
1561000485.282931805 -273.553931 -34.250169 22.242305 0.007964616 0.037908685 0.160803648 0.986225980
1561000485.383160114 -274.444973 -34.518700 22.328652 0.008390176 0.036585693 0.161037518 0.986234257
1561000485.481937170 -275.324931 -34.800722 22.406964 0.007739050 0.035476906 0.161581014 0.986191194
1561000485.582126141 -276.196064 -35.098455 22.494404 0.006625104 0.035401362 0.162121068 0.986113386
1561000485.682597637 -277.056829 -35.384890 22.620369 0.005901557 0.036151280 0.162642015 0.986004986
1561000485.781085968 -277.909694 -35.675256 22.729686 0.007297975 0.036696301 0.162858870 0.985939709
1561000485.882863522 -278.755443 -36.004203 22.839456 0.008083738 0.039245958 0.163569414 0.985717736
1561000485.981479645 -279.582384 -36.322314 22.921788 0.010794846 0.043303800 0.164307826 0.985399001
1561000486.082722187 -280.422047 -36.637649 22.985308 0.010872109 0.043147927 0.164750471 0.985331079
1561000486.183070421 -281.252164 -36.923255 23.055034 0.009794305 0.038944157 0.165022929 0.985471896
1561000486.282217264 -282.051274 -37.202873 23.130095 0.010808477 0.035081410 0.165527224 0.985521796
1561000486.383256197 -282.860821 -37.493274 23.221504 0.012847344 0.034609748 0.165963776 0.985440580
1561000486.481505632 -283.635140 -37.788978 23.296505 0.014365335 0.037752565 0.166865066 0.985151984
1561000486.583740234 -284.423939 -38.068991 23.351036 0.013299180 0.039457572 0.167784542 0.984943947
1561000486.683982849 -285.192120 -38.320082 23.403226 0.011676458 0.037294077 0.168467494 0.984932239
1561000486.783078909 -285.968043 -38.558497 23.482925 0.010579330 0.034539460 0.169421085 0.984881515
1561000486.883432388 -286.749531 -38.822892 23.569576 0.011856062 0.032974969 0.170249152 0.984777798
1561000486.981877804 -287.501552 -39.093887 23.643763 0.011825282 0.035756727 0.171284770 0.984501471
1561000487.083180428 -288.204103 -39.364161 23.763811 0.008170018 0.043569373 0.172825153 0.983954484
1561000487.183013678 -288.902738 -39.590932 23.884448 0.000965394 0.057182321 0.174359141 0.983019908
1561000487.282317638 -289.562078 -39.809149 24.030837 -0.003508174 0.061156272 0.175981488 0.982485684
1561000487.383147001 -290.266316 -40.079362 24.102251 -0.001503985 0.061376150 0.177038712 0.982287127
1561000487.481962442 -291.028929 -40.412874 24.150569 0.001259988 0.054665575 0.178202883 0.982473318
1561000487.581980467 -291.859535 -40.778658 24.213248 0.004840874 0.045428981 0.179466122 0.982702745
1561000487.683030367 -292.655772 -41.075560 24.262719 0.010498983 0.026088489 0.180329419 0.983204182
1561000487.787354469 -293.410972 -41.350987 24.305245 0.012882607 0.015839445 0.181619742 0.983156864
1561000487.884690762 -294.004617 -41.567377 24.373692 0.011368280 0.024819796 0.182544332 0.982818552
1561000487.986634254 -294.620551 -41.786026 24.463187 0.007667979 0.039826500 0.183907378 0.982106475
1561000488.082792282 -295.207912 -42.017658 24.532839 0.005742712 0.046471061 0.185087752 0.981605820
1561000488.184411287 -295.879132 -42.285837 24.591898 0.006763414 0.045317345 0.186259148 0.981431671
1561000488.282731056 -296.555569 -42.553090 24.648043 0.008362862 0.040005414 0.186930213 0.981522656
1561000488.384290218 -297.290221 -42.842891 24.707980 0.009223351 0.037372114 0.187851699 0.981442812
1561000488.482887506 -297.959283 -43.121751 24.764884 0.008562290 0.036663599 0.188867431 0.981280572
1561000488.583397150 -298.649405 -43.397667 24.832791 0.007697737 0.038519276 0.189380885 0.981117674
1561000488.684536934 -299.313699 -43.665677 24.930506 0.006568366 0.039526906 0.190239253 0.980919725
1561000488.783121109 -299.946469 -43.923889 25.022038 0.007066068 0.041414935 0.190642182 0.980760130
1561000488.884786129 -300.585388 -44.199238 25.098525 0.007423073 0.042490344 0.190953400 0.980650941
1561000488.983372211 -301.203019 -44.479370 25.169106 0.008214628 0.042236648 0.190993714 0.980647738
1561000489.083579540 -301.867067 -44.751854 25.232091 0.008739211 0.041212267 0.190998185 0.980685917
1561000489.184089184 -302.529032 -45.016110 25.305437 0.008499423 0.039882921 0.190851696 0.980771504
1561000489.282573223 -303.150199 -45.267860 25.387166 0.009217962 0.039096705 0.190374547 0.980889397
1561000489.383840799 -303.772895 -45.521312 25.476870 0.011394930 0.039836885 0.189316247 0.981041557
1561000489.484484434 -304.364168 -45.754803 25.540556 0.013038937 0.040833402 0.188191538 0.981196496
1561000489.585370302 -304.944390 -45.991335 25.587511 0.013240746 0.041675757 0.186243880 0.981529944
1561000489.685576200 -305.540223 -46.213096 25.646135 0.012569593 0.041130858 0.183882636 0.982006840
1561000489.784389973 -306.114067 -46.428856 25.714417 0.012812464 0.040537461 0.180474893 0.982660352
1561000489.885807037 -306.675471 -46.648980 25.779938 0.013158131 0.040495313 0.176426976 0.983392351
1561000489.985877037 -307.230062 -46.858682 25.836637 0.013566971 0.040303928 0.171906881 0.984194877
1561000490.086199045 -307.785141 -47.043821 25.897353 0.013532547 0.040123662 0.166730912 0.985092770
1561000490.187131882 -308.337068 -47.219180 25.960593 0.013482959 0.040145612 0.160045185 0.986200831
1561000490.285693645 -308.845663 -47.385130 26.013688 0.013979379 0.040369430 0.151976470 0.987460399
1561000490.387469053 -309.372114 -47.530796 26.066690 0.013922926 0.039680861 0.142855158 0.988849829
1561000490.486257792 -309.899094 -47.667376 26.115929 0.014413661 0.037173564 0.131655370 0.990493431
1561000490.586994648 -310.419368 -47.780241 26.164042 0.013875167 0.037535346 0.119587943 0.992016785
1561000490.687097549 -310.921032 -47.863323 26.210058 0.012727886 0.039753046 0.105998829 0.993489781
1561000490.786058426 -311.408019 -47.912659 26.233318 0.011005549 0.042518966 0.091718730 0.994815908
1561000490.887293816 -311.895269 -47.917072 26.261282 0.007594676 0.042568156 0.076378788 0.996140830
1561000490.986357450 -312.376282 -47.888910 26.292159 0.002201441 0.041026407 0.061000557 0.997291793
1561000491.087260008 -312.839578 -47.850164 26.383115 -0.002732695 0.040430747 0.045499769 0.998142103
1561000491.187002420 -313.262001 -47.807687 26.475162 -0.004550135 0.041632423 0.028008745 0.998729967
1561000491.287123203 -313.697147 -47.776922 26.548250 -0.004206229 0.041843119 0.009829665 0.999066984
1561000491.387087822 -314.128732 -47.749471 26.594240 -0.004111809 0.040820464 -0.009753731 0.999110428
1561000491.485981464 -314.552476 -47.698103 26.615822 -0.004381347 0.041526942 -0.030309382 0.998667942
1561000491.586271286 -314.979300 -47.615994 26.652522 -0.007790547 0.043925657 -0.052384793 0.997630030
1561000491.686814308 -315.394495 -47.497549 26.713012 -0.012426565 0.046969924 -0.075154613 0.995987546
1561000491.785597563 -315.776713 -47.336925 26.778190 -0.014648506 0.047668262 -0.098012409 0.993934971
1561000491.886618614 -316.175277 -47.165071 26.839802 -0.013630904 0.046610029 -0.122382173 0.991294259
1561000491.985114574 -316.577158 -47.004142 26.867039 -0.013017494 0.045376538 -0.146833584 0.988034115
1561000492.086772442 -316.975998 -46.807080 26.889656 -0.015154703 0.043697113 -0.172889074 0.983854799
1561000492.186972141 -317.378340 -46.571515 26.916970 -0.017244848 0.042063914 -0.199017767 0.978940841
1561000492.285363674 -317.734259 -46.309940 26.958303 -0.019742443 0.041166469 -0.226129361 0.973026757
1561000492.378930330 -318.064275 -46.028343 27.024191 -0.021199990 0.041139428 -0.253826020 0.966142049
1561000492.477720022 -318.401369 -45.730796 27.076976 -0.021299310 0.040342548 -0.281472626 0.958484209
1561000492.577454090 -318.716652 -45.424349 27.112213 -0.020530769 0.037682567 -0.309456054 0.949944979
1561000492.678561211 -319.041016 -45.100485 27.124253 -0.020087352 0.034436685 -0.336911962 0.940691736
1561000492.777327538 -319.353669 -44.769089 27.122616 -0.020565712 0.033089204 -0.364566850 0.930361848
1561000492.878608704 -319.616044 -44.412672 27.129825 -0.021605810 0.033526514 -0.391966647 0.919114416
1561000492.977866173 -319.837304 -44.025480 27.156974 -0.024458452 0.033476458 -0.419459408 0.906826839
1561000493.077499866 -320.044256 -43.627278 27.174791 -0.025881220 0.031986372 -0.445897546 0.894137804
1561000493.178497314 -320.222883 -43.203672 27.195687 -0.026805580 0.032362980 -0.472139169 0.880521836
1561000493.278578043 -320.397523 -42.771824 27.217970 -0.027766573 0.031940802 -0.497490582 0.866436336
1561000493.378611565 -320.543417 -42.302547 27.229351 -0.029262573 0.032260760 -0.520493744 0.852753896
1561000493.477694511 -320.672287 -41.843715 27.247784 -0.030564600 0.032139662 -0.543825778 0.838025280
1561000493.578599691 -320.780245 -41.375993 27.252995 -0.029762518 0.032294727 -0.565153463 0.823816002
1561000493.678592205 -320.848473 -40.897625 27.243572 -0.030697802 0.034190009 -0.585247091 0.809552055
1561000493.778199434 -320.889652 -40.383705 27.237248 -0.032594248 0.034692444 -0.602830698 0.796447864
1561000493.878400087 -320.909969 -39.859583 27.243916 -0.035153548 0.036920334 -0.618364917 0.784235900
1561000493.977163553 -320.900987 -39.338567 27.271337 -0.036611587 0.040743141 -0.630355880 0.774371392
1561000494.078060627 -320.896996 -38.822138 27.321420 -0.036248038 0.044256084 -0.640705918 0.765652275
1561000494.177855730 -320.892720 -38.311029 27.375271 -0.034000597 0.047845419 -0.649542498 0.758056276
1561000494.276635885 -320.903516 -37.829118 27.412008 -0.030368551 0.052353348 -0.656330313 0.752042152
1561000494.377990007 -320.942293 -37.319528 27.413129 -0.029294026 0.056400181 -0.661181763 0.747528967
1561000494.477240324 -320.950059 -36.813409 27.406774 -0.030495707 0.058298366 -0.665255127 0.743711589
1561000494.577402353 -320.949186 -36.279305 27.413972 -0.034527548 0.055223134 -0.668587289 0.740776141
1561000494.678319931 -320.986876 -35.720601 27.398119 -0.038403661 0.049008427 -0.671556182 0.738333006
1561000494.777366638 -321.028502 -35.139747 27.390009 -0.045433892 0.041990467 -0.673536977 0.736559911
1561000494.879099846 -321.070931 -34.518837 27.394325 -0.051329922 0.035872261 -0.675170128 0.734999128
1561000494.977852583 -321.112706 -33.904823 27.418399 -0.054378490 0.032699725 -0.677090385 0.733159136
1561000495.079198122 -321.149848 -33.277137 27.456656 -0.052611788 0.032814753 -0.678273910 0.732188292
1561000495.179005384 -321.191113 -32.676732 27.498274 -0.048475752 0.035461334 -0.680247502 0.730517578
1561000495.277845144 -321.226448 -32.098730 27.524974 -0.042976204 0.041777207 -0.681214199 0.729626566
1561000495.379161119 -321.246715 -31.511305 27.534748 -0.039450512 0.048942617 -0.682617854 0.728066716
1561000495.478244305 -321.277214 -30.934946 27.549128 -0.038260107 0.050615892 -0.683055842 0.727604915
1561000495.579090118 -321.297697 -30.329236 27.560790 -0.038222484 0.047825270 -0.683026862 0.727822843
1561000495.679167271 -321.333683 -29.712547 27.550054 -0.038889208 0.044358082 -0.682212425 0.728770332
1561000495.779160023 -321.380564 -29.078022 27.547358 -0.040428326 0.043319720 -0.680734524 0.730129755
1561000495.880105972 -321.409762 -28.437626 27.572572 -0.041465442 0.043858342 -0.680137391 0.730595779
1561000495.978665352 -321.436171 -27.795181 27.612151 -0.040225190 0.045067236 -0.679539648 0.731147554
1561000496.079703331 -321.486620 -27.136823 27.654088 -0.038382593 0.044633218 -0.679679141 0.731143568
1561000496.179833412 -321.550029 -26.484774 27.672759 -0.037256155 0.044313508 -0.679576381 0.731316781
1561000496.279605389 -321.614159 -25.819316 27.681357 -0.036890989 0.043924274 -0.679442963 0.731482723
1561000496.379599571 -321.669354 -25.136355 27.691509 -0.038147901 0.043548507 -0.679626379 0.731270299
1561000496.477641106 -321.721993 -24.455472 27.707617 -0.039200557 0.043100523 -0.679332041 0.731514620
1561000496.577699184 -321.778995 -23.747857 27.734080 -0.039044060 0.042903919 -0.679436352 0.731437666
1561000496.679839849 -321.839083 -23.042315 27.756203 -0.038828452 0.043119290 -0.679526913 0.731352345
1561000496.779026985 -321.890945 -22.355601 27.777018 -0.038164939 0.043857381 -0.679469558 0.731396669
1561000496.880316257 -321.943800 -21.639681 27.785003 -0.038133270 0.044658963 -0.679293532 0.731513314
1561000496.978231668 -321.972629 -20.935904 27.798803 -0.039469390 0.046117530 -0.679603839 0.731063583
1561000497.080044985 -321.994159 -20.210105 27.827295 -0.041295332 0.046417227 -0.679388375 0.731144016
1561000497.180997849 -322.026166 -19.470765 27.847955 -0.042130760 0.046327043 -0.678837106 0.731613961
1561000497.279168367 -322.056302 -18.723463 27.870699 -0.042737852 0.045869731 -0.679026302 0.731431969
1561000497.380085230 -322.101139 -17.954461 27.889037 -0.042955015 0.045984047 -0.679047723 0.731392182
1561000497.478149652 -322.146599 -17.212430 27.907260 -0.044025643 0.047972306 -0.679182549 0.731075554
1561000497.580455065 -322.204123 -16.436048 27.941596 -0.043968934 0.049138135 -0.679646308 0.730570374
1561000497.679808378 -322.251836 -15.685848 27.973524 -0.044125905 0.048382201 -0.679568826 0.730683432
1561000497.779787302 -322.300143 -14.916629 27.981073 -0.045292885 0.047908346 -0.679542918 0.730667344
1561000497.879673004 -322.364139 -14.123367 28.005576 -0.045438570 0.047687151 -0.679771156 0.730460436
1561000497.979621172 -322.433412 -13.334043 28.028367 -0.043541670 0.045820403 -0.680388622 0.730120494
1561000498.079029799 -322.490826 -12.535594 28.048004 -0.043976197 0.049255795 -0.680455074 0.729808778
1561000498.179886103 -322.523024 -11.730496 28.077970 -0.043084593 0.050241779 -0.680781125 0.729490604
1561000498.277811766 -322.566444 -10.941726 28.102622 -0.042556289 0.050905611 -0.680608625 0.729636540
1561000498.379910469 -322.598605 -10.117318 28.128377 -0.042643601 0.051522800 -0.680708526 0.729494912
1561000498.478372097 -322.647963 -9.296716 28.153946 -0.042854487 0.051474061 -0.681340168 0.728896076
1561000498.579859257 -322.691333 -8.458744 28.178538 -0.043284183 0.052428434 -0.680932095 0.729183942
1561000498.679825068 -322.728495 -7.624775 28.205509 -0.042852514 0.052447756 -0.680966549 0.729175873
1561000498.779750109 -322.781062 -6.796386 28.221289 -0.043875990 0.053737067 -0.680631629 0.729333813
1561000498.879700422 -322.826718 -5.930945 28.261931 -0.046145795 0.055342078 -0.679248887 0.730362081
1561000498.979444504 -322.869601 -5.083461 28.303031 -0.045902543 0.055411591 -0.678727217 0.730856947
1561000499.080983400 -322.924962 -4.217682 28.339788 -0.045914453 0.055920394 -0.678779405 0.730768973
1561000499.181446075 -322.987444 -3.345464 28.373556 -0.046119031 0.056891169 -0.678074528 0.731335330
1561000499.282167673 -323.053113 -2.481354 28.396678 -0.046118148 0.056899408 -0.678098767 0.731312270
1561000499.381878138 -323.119632 -1.610361 28.410688 -0.046756232 0.056829841 -0.677966680 0.731399621
1561000499.479928732 -323.187368 -0.740994 28.427275 -0.048260176 0.057566634 -0.678423825 0.730820191
1561000499.581540585 -323.241260 0.155830 28.463518 -0.050871903 0.057880754 -0.677669152 0.731318254
1561000499.680823326 -323.292463 1.047745 28.491656 -0.053448416 0.058188455 -0.677965191 0.730835529
1561000499.781441689 -323.345577 1.939486 28.529694 -0.054718242 0.060161898 -0.677921258 0.730622493
1561000499.881340027 -323.396001 2.851367 28.592344 -0.055865375 0.061438835 -0.677631821 0.730697916
1561000499.979519844 -323.440439 3.750336 28.627250 -0.055161100 0.060736587 -0.677957886 0.730507649
1561000500.080875874 -323.495989 4.676272 28.650480 -0.055965972 0.062305976 -0.677365072 0.730864102
1561000500.180964231 -323.539647 5.598098 28.704432 -0.057770325 0.061236992 -0.677010946 0.731142120
1561000500.280735016 -323.607713 6.511460 28.745130 -0.055805494 0.059081205 -0.677184125 0.731311711
1561000500.381255627 -323.682625 7.421919 28.770932 -0.054539304 0.059746406 -0.677233052 0.731307886
1561000500.479608774 -323.759032 8.305982 28.799934 -0.051504367 0.059114691 -0.677255486 0.731558446
1561000500.581400394 -323.841907 9.224359 28.824694 -0.051214081 0.057202347 -0.677063689 0.731908308
1561000500.679764509 -323.919012 10.124519 28.846720 -0.050882031 0.054760497 -0.677235431 0.731959342
1561000500.781206608 -323.997502 11.041301 28.879368 -0.050521957 0.052851616 -0.676979721 0.732361042
1561000500.881176472 -324.066037 11.936084 28.911790 -0.050037153 0.052080624 -0.677241431 0.732207577
1561000500.980398893 -324.131423 12.808590 28.932869 -0.049908673 0.051811203 -0.676958891 0.732496679
1561000501.080839396 -324.192733 13.689538 28.958327 -0.049701026 0.051353018 -0.677007539 0.732498101
1561000501.182688475 -324.251462 14.578151 28.988042 -0.050260510 0.051284312 -0.676976284 0.732493626
1561000501.282319069 -324.305449 15.439501 29.019342 -0.049682123 0.051623497 -0.677268734 0.732238870
1561000501.382450342 -324.365660 16.322144 29.044248 -0.048293224 0.051247845 -0.677417153 0.732220884
1561000501.481411219 -324.435977 17.196247 29.057064 -0.047190066 0.050880598 -0.677618116 0.732132469
1561000501.582481861 -324.514627 18.076410 29.072063 -0.047526243 0.050583681 -0.677563138 0.732182178
1561000501.681537628 -324.569594 18.962962 29.098894 -0.048942707 0.050252995 -0.677442598 0.732223173
1561000501.782564163 -324.622566 19.850863 29.128631 -0.050221053 0.050290254 -0.677418275 0.732156552
1561000501.882762671 -324.660723 20.711555 29.168303 -0.050995569 0.050824168 -0.677676937 0.731826704
1561000501.982316494 -324.712211 21.547842 29.208236 -0.051400665 0.051962718 -0.677473579 0.731906686
1561000502.084071159 -324.764963 22.388328 29.247033 -0.051165873 0.053049747 -0.677645498 0.731685968
1561000502.180877686 -324.813216 23.186571 29.274810 -0.049825064 0.053677749 -0.677561683 0.731810308
1561000502.281745195 -324.872678 24.001018 29.292063 -0.050724221 0.053357956 -0.677548494 0.731784135
1561000502.382515907 -324.907297 24.831318 29.336246 -0.054478050 0.051924066 -0.677116785 0.732017004
1561000502.482617140 -324.978764 25.630005 29.390559 -0.055723236 0.047850633 -0.677453435 0.731889391
1561000502.582976580 -325.054495 26.404025 29.429495 -0.052100748 0.048598726 -0.677982619 0.731616870
1561000502.681932926 -325.122346 27.144460 29.459025 -0.044978525 0.051949704 -0.679071465 0.730848894
1561000502.781390190 -325.169857 27.882298 29.469256 -0.039120428 0.055191264 -0.679438756 0.730606934
1561000502.883126736 -325.215255 28.616442 29.472099 -0.041351575 0.057022644 -0.679328990 0.730445473
1561000502.981870651 -325.250916 29.338550 29.512837 -0.044784712 0.054166820 -0.679383943 0.730409298
1561000503.082974434 -325.307314 30.074934 29.549447 -0.044113128 0.048172587 -0.679677234 0.730597215
1561000503.181255102 -325.379470 30.796242 29.556213 -0.042455204 0.046507193 -0.679576037 0.730897425
1561000503.282823086 -325.429576 31.525047 29.581805 -0.041864489 0.048956314 -0.679154007 0.731163783
1561000503.383320570 -325.464251 32.235207 29.618593 -0.041293269 0.051319646 -0.678302358 0.731824481
1561000503.483459949 -325.509372 32.945258 29.655236 -0.041013028 0.052307233 -0.678125774 0.731933959
1561000503.584145546 -325.560735 33.659195 29.686155 -0.042381590 0.049726685 -0.677551331 0.732567575
1561000503.682714701 -325.633501 34.388734 29.714922 -0.042426688 0.049669372 -0.677155165 0.732935067
1561000503.784262657 -325.699151 35.093098 29.755813 -0.037019006 0.054796128 -0.677097736 0.732915843
1561000503.884308815 -325.747243 35.771701 29.785942 -0.032358948 0.063733768 -0.676922543 0.732575441
1561000503.990943670 -325.771065 36.486132 29.830968 -0.029259742 0.071545065 -0.676683929 0.732204911
1561000504.084525585 -325.804852 37.122000 29.833135 -0.030055745 0.068344850 -0.676088598 0.733027859
1561000504.183086634 -325.883576 37.847340 29.819742 -0.039806417 0.058379473 -0.674776390 0.734631955
1561000504.284519434 -325.970806 38.612463 29.772567 -0.049702536 0.047975929 -0.674049321 0.735449169
1561000504.384429216 -326.034055 39.326684 29.822547 -0.065002446 0.033715120 -0.673239615 0.735789640
1561000504.482624531 -326.086959 40.021328 29.841999 -0.063545191 0.037273196 -0.673192288 0.735788598
1561000504.583993912 -326.132065 40.688388 29.864800 -0.055879190 0.045438567 -0.674548134 0.734709240
1561000504.682750225 -326.147145 41.357609 29.925290 -0.041212969 0.061073356 -0.675174431 0.733969361
1561000504.783989906 -326.164721 42.037727 29.979884 -0.039590078 0.063047051 -0.675180728 0.733886013
1561000504.884228230 -326.198162 42.762058 30.038740 -0.044010121 0.056259207 -0.674841298 0.734497947
1561000504.984210968 -326.271864 43.493639 30.059692 -0.049290571 0.048858606 -0.674589523 0.734923296
1561000505.084263563 -326.344359 44.209338 30.081139 -0.048522691 0.048608181 -0.674428578 0.735138685
1561000505.182782888 -326.421346 44.891179 30.104743 -0.045415054 0.051407991 -0.675173043 0.734463106
1561000505.283946037 -326.469105 45.610560 30.115159 -0.043887572 0.055599995 -0.675413038 0.734029802
1561000505.384144545 -326.516721 46.323258 30.151660 -0.044170191 0.057587292 -0.675207817 0.734048433
1561000505.484129429 -326.585890 47.022173 30.190651 -0.044546547 0.055761602 -0.675231165 0.734145165
1561000505.584260941 -326.658102 47.743773 30.222204 -0.044507965 0.053657013 -0.675122235 0.734404476
1561000505.682359457 -326.715592 48.467882 30.258453 -0.044164311 0.052933775 -0.675273770 0.734338386
1561000505.783751488 -326.783630 49.198039 30.286222 -0.043655549 0.053046493 -0.675381369 0.734261717
1561000505.883943081 -326.835135 49.915087 30.313045 -0.042461009 0.053429548 -0.675186386 0.734483281
1561000505.984601974 -326.896755 50.639822 30.330942 -0.041219751 0.053295883 -0.675462972 0.734309373
1561000506.085169554 -326.955178 51.363988 30.341146 -0.041375795 0.053294704 -0.675160378 0.734578915
1561000506.184604168 -327.008676 52.096824 30.359741 -0.042569349 0.052975893 -0.675193852 0.734503007
1561000506.285865068 -327.056443 52.824093 30.390057 -0.043196547 0.052120399 -0.675391122 0.734346209
1561000506.385711193 -327.122577 53.536481 30.417383 -0.042946838 0.051662135 -0.675327306 0.734451920
1561000506.485690594 -327.162817 54.246272 30.440436 -0.043303526 0.052228825 -0.675336169 0.734382743
1561000506.585598946 -327.192907 54.950670 30.468750 -0.043492440 0.053462649 -0.675309840 0.734307002
1561000506.684347868 -327.230913 55.644804 30.503503 -0.043782270 0.054471648 -0.675163488 0.734350200
1561000506.786180019 -327.284255 56.362587 30.550449 -0.044017003 0.054579655 -0.675306520 0.734196615
1561000506.885682821 -327.337991 57.066259 30.582265 -0.043663295 0.053677449 -0.675300716 0.734289582
1561000506.984256506 -327.396009 57.764020 30.611072 -0.044161776 0.053681859 -0.675367630 0.734197902
1561000507.085358858 -327.459412 58.461270 30.654013 -0.043602992 0.053811670 -0.675543784 0.734059725
1561000507.185342073 -327.522119 59.136889 30.689647 -0.042590938 0.054029644 -0.675328516 0.734301168
1561000507.286555052 -327.598426 59.827154 30.715205 -0.042572410 0.053262865 -0.675506164 0.734194851
1561000507.377256393 -327.670117 60.483393 30.734643 -0.041807811 0.052976547 -0.675575173 0.734196008
1561000507.478517056 -327.732434 61.198089 30.753441 -0.041393752 0.052178756 -0.675994403 0.733890661
1561000507.578609228 -327.777519 61.887743 30.779387 -0.042582622 0.052291179 -0.676187302 0.733636889
1561000507.677472830 -327.823974 62.566746 30.807837 -0.044189635 0.049808516 -0.676703191 0.733238829
1561000507.778886795 -327.876915 63.240968 30.851941 -0.040259065 0.051026922 -0.676933883 0.733168452
1561000507.879149437 -327.922719 63.832382 30.904479 -0.034372026 0.058282136 -0.678102728 0.731845917
1561000507.978961945 -327.954265 64.456365 30.980436 -0.028738128 0.069708308 -0.678260317 0.730943099
1561000508.078900099 -327.941833 65.081300 31.059586 -0.026522997 0.073955809 -0.677897965 0.730945564
1561000508.177834272 -327.986618 65.762035 31.116991 -0.021838319 0.076409942 -0.678205405 0.730562823
1561000508.279293060 -328.071844 66.480950 31.197751 -0.024251170 0.069252361 -0.677699291 0.731669093
1561000508.379312038 -328.182323 67.225392 31.261590 -0.029948470 0.064624856 -0.677692870 0.731887348
1561000508.479010582 -328.218063 67.936765 31.256252 -0.042602599 0.054068299 -0.677539293 0.732258250
1561000508.578961611 -328.259121 68.560673 31.160214 -0.050378762 0.041232424 -0.678469395 0.731738442
1561000508.677796364 -328.292941 69.120965 31.155400 -0.039986444 0.049586025 -0.680523042 0.729952533
1561000508.778746367 -328.337280 69.682655 31.198892 -0.029031113 0.058412532 -0.681506596 0.728899122
1561000508.878466129 -328.364795 70.292532 31.208956 -0.027473498 0.059490375 -0.680995405 0.729349958
1561000508.978389025 -328.388696 70.960269 31.223889 -0.029026340 0.055257525 -0.680408224 0.730170341
1561000509.079502583 -328.422526 71.644378 31.222134 -0.036117164 0.049378599 -0.680353297 0.730326431
1561000509.178253174 -328.456655 72.294499 31.249908 -0.037845551 0.048627009 -0.680717584 0.729949792
1561000509.278561831 -328.479525 72.944298 31.294143 -0.036291335 0.051847072 -0.680876798 0.729658554
1561000509.378224850 -328.508950 73.573243 31.336830 -0.035920113 0.055721332 -0.680925372 0.729345951
1561000509.479091167 -328.546735 74.213169 31.363508 -0.035392851 0.056942765 -0.680580458 0.729599279
1561000509.579077005 -328.584848 74.862660 31.396570 -0.037310408 0.057402363 -0.680118924 0.729898042
1561000509.678909063 -328.619772 75.493168 31.427775 -0.039714096 0.056664730 -0.679769133 0.730154658
1561000509.779124975 -328.635124 76.134451 31.455632 -0.043044757 0.057404775 -0.679500868 0.730157799
1561000509.878659964 -328.652849 76.769509 31.487971 -0.044145300 0.057881511 -0.679367293 0.730178748
1561000509.978514910 -328.679350 77.400729 31.519165 -0.045088039 0.058231649 -0.679618165 0.729859777
1561000510.079510927 -328.718559 78.022351 31.559965 -0.046248204 0.059365195 -0.679391435 0.729906950
1561000510.179585457 -328.744365 78.631215 31.593110 -0.046839050 0.059653735 -0.679516492 0.729729315
1561000510.279673338 -328.785697 79.235309 31.628475 -0.048042420 0.060486758 -0.679368236 0.729720548
1561000510.378807545 -328.820707 79.819794 31.660567 -0.048721895 0.059620739 -0.679555723 0.729572179
1561000510.480813742 -328.859645 80.393440 31.687961 -0.049811374 0.059237902 -0.679501808 0.729580010
1561000510.579382181 -328.897556 80.941943 31.711662 -0.050428372 0.058272953 -0.679470332 0.729644647
1561000510.678345203 -328.951543 81.460489 31.726323 -0.049023141 0.056259804 -0.679792356 0.729598464
1561000510.779148817 -329.001001 81.963983 31.740205 -0.046969730 0.059909846 -0.680080822 0.729174006
1561000510.878316402 -329.030773 82.406930 31.785053 -0.043931158 0.064180713 -0.680329068 0.728768309
1561000510.979301929 -329.033542 82.858027 31.826356 -0.042903068 0.067325136 -0.680187591 0.728677908
1561000511.079406738 -329.052241 83.310017 31.856223 -0.045413518 0.066059357 -0.679688521 0.729107185
1561000511.178190470 -329.068303 83.787169 31.857554 -0.047155906 0.059063250 -0.679467589 0.729802472
1561000511.279284716 -329.119654 84.238883 31.830136 -0.051371222 0.053026044 -0.679619993 0.729839640
1561000511.378546238 -329.154260 84.694895 31.827404 -0.055152517 0.047926934 -0.679172278 0.730332955
1561000511.478102207 -329.170735 85.122047 31.848613 -0.057689411 0.049180861 -0.678858619 0.730345227
1561000511.579149485 -329.185486 85.531704 31.880788 -0.059414767 0.051900836 -0.678925902 0.729956032
1561000511.677976847 -329.198823 85.912838 31.922493 -0.058474227 0.052378716 -0.678995909 0.729932730
1561000511.779037476 -329.225633 86.263936 31.957551 -0.054727148 0.055221953 -0.679829555 0.729237445
1561000511.878218412 -329.258837 86.600934 31.964766 -0.051374128 0.058762765 -0.679771726 0.729258553
1561000511.979264736 -329.286552 86.958205 31.958187 -0.051194429 0.059461030 -0.679816603 0.729172752
1561000512.078881264 -329.309655 87.320924 31.952837 -0.054352760 0.059417080 -0.679412532 0.729324344
1561000512.177827597 -329.324407 87.679576 31.962230 -0.056835549 0.058390514 -0.679151131 0.729461452
1561000512.279099226 -329.328435 88.033052 31.970513 -0.057183538 0.057880192 -0.679037001 0.729581166
1561000512.378519297 -329.340048 88.353905 31.983002 -0.056945164 0.058169255 -0.678860250 0.729741288
1561000512.478978634 -329.349245 88.672321 31.989196 -0.056649316 0.059287714 -0.678774083 0.729754456
1561000512.580277443 -329.343583 88.988803 32.006824 -0.057028481 0.061019477 -0.678510354 0.729827428
1561000512.678164005 -329.351064 89.273624 32.026576 -0.057160884 0.061931793 -0.678758544 0.729509373
1561000512.780174971 -329.365070 89.549195 32.041499 -0.057489495 0.062971802 -0.678501536 0.729633590
1561000512.878286600 -329.379050 89.822107 32.054488 -0.057606503 0.062920028 -0.678351659 0.729768174
1561000512.979819298 -329.407911 90.087006 32.066297 -0.057982509 0.062899899 -0.678357668 0.729734544
1561000513.081162691 -329.428342 90.336107 32.079421 -0.057996969 0.063115054 -0.678484034 0.729597325
1561000513.178110123 -329.441761 90.580398 32.088498 -0.057775739 0.064100731 -0.678383034 0.729622862
1561000513.280522823 -329.452895 90.822888 32.105303 -0.057552106 0.065436041 -0.678303729 0.729595731
1561000513.378610134 -329.458177 91.066684 32.116180 -0.057407717 0.067066609 -0.678014761 0.729727625
1561000513.478811502 -329.464702 91.318565 32.128213 -0.057525811 0.067926628 -0.677936724 0.729711280
1561000513.580704212 -329.473717 91.574569 32.139718 -0.058011052 0.068042031 -0.677762244 0.729824184
1561000513.680208445 -329.491903 91.830972 32.149367 -0.057898979 0.067969088 -0.677709472 0.729888884
1561000513.780235291 -329.509935 92.087804 32.155869 -0.057772227 0.068115302 -0.677643483 0.729946563
1561000513.878060102 -329.520199 92.342160 32.159163 -0.057537787 0.068446575 -0.677511972 0.730056161
1561000513.978363037 -329.527998 92.598758 32.164613 -0.057656449 0.069149823 -0.677317096 0.730161344
1561000514.079825401 -329.530634 92.853105 32.181340 -0.058375770 0.070193735 -0.677121268 0.730186208
1561000514.180301666 -329.543717 93.096247 32.197910 -0.058547044 0.070325174 -0.676966288 0.730303539
1561000514.280033350 -329.551532 93.351172 32.212932 -0.059493892 0.070652327 -0.676762628 0.730384194
1561000514.378372669 -329.569977 93.599014 32.226932 -0.059226455 0.069584292 -0.676686234 0.730579218
1561000514.480306387 -329.602868 93.841002 32.238700 -0.057880525 0.070114213 -0.676537206 0.730774418
1561000514.580140114 -329.628842 94.075347 32.247974 -0.057267107 0.072796700 -0.676426374 0.730663041
1561000514.678220510 -329.649122 94.290482 32.270665 -0.057797502 0.075630942 -0.676050575 0.730681209
1561000514.779934406 -329.668095 94.533037 32.295701 -0.057877622 0.075937049 -0.675943892 0.730741815
1561000514.878211260 -329.687928 94.762972 32.314651 -0.057382811 0.074869968 -0.675735559 0.731083549
1561000514.979944229 -329.712476 95.004934 32.330816 -0.056274056 0.073591219 -0.675735162 0.731299907
1561000515.080175877 -329.744195 95.239889 32.331165 -0.056080381 0.073579887 -0.675529048 0.731506320
1561000515.180270672 -329.756491 95.482678 32.325552 -0.055874642 0.074858401 -0.675325651 0.731580145
1561000515.280303717 -329.755832 95.725854 32.324759 -0.056995947 0.076825399 -0.675162048 0.731440721
1561000515.378376484 -329.755434 95.960162 32.341370 -0.057689063 0.077754666 -0.675081671 0.731362373
1561000515.478300333 -329.753784 96.204425 32.363951 -0.057427404 0.078429558 -0.674810852 0.731560805
1561000515.578452587 -329.768731 96.426953 32.388350 -0.056917191 0.077102173 -0.674622793 0.731915142
1561000515.680737734 -329.792864 96.669996 32.389256 -0.057004866 0.073951508 -0.674773612 0.732094388
1561000515.780519485 -329.819250 96.900740 32.388307 -0.058456920 0.073510389 -0.673985883 0.732749644
1561000515.878081083 -329.832500 97.115084 32.391463 -0.060835114 0.074173691 -0.673397498 0.733030124
1561000515.979751110 -329.843297 97.329802 32.414807 -0.061169648 0.075185373 -0.673128715 0.733146074
1561000516.077884436 -329.856853 97.536934 32.445163 -0.059940922 0.075100385 -0.672773059 0.733582598
1561000516.178435087 -329.878696 97.739114 32.462531 -0.058759983 0.074531700 -0.672378651 0.734097568
1561000516.279830456 -329.903978 97.947402 32.469035 -0.057946483 0.074155887 -0.672401994 0.734178907
1561000516.378057718 -329.930303 98.152876 32.470546 -0.057928182 0.074298085 -0.672488266 0.734086952
1561000516.479758263 -329.945266 98.365742 32.472772 -0.058298257 0.075231502 -0.672519173 0.733934258
1561000516.580729008 -329.956752 98.582915 32.474814 -0.058607052 0.076524211 -0.672822157 0.733498196
1561000516.679037571 -329.956097 98.798778 32.484278 -0.058815065 0.077494060 -0.673039455 0.733180299
1561000516.780813456 -329.969228 99.036411 32.507850 -0.058352845 0.077646078 -0.673566744 0.732716776
1561000516.879102230 -329.984047 99.272677 32.528547 -0.058042186 0.077357689 -0.673949261 0.732420157
1561000516.981103659 -330.007752 99.525908 32.550137 -0.057976790 0.077215123 -0.674594951 0.731845728
1561000517.079289436 -330.026759 99.774882 32.561917 -0.057434439 0.076936344 -0.675072774 0.731477159
1561000517.181100368 -330.048436 100.032055 32.572021 -0.057626730 0.077235127 -0.675831000 0.730730014
1561000517.281332493 -330.063730 100.298551 32.582213 -0.057508524 0.077485022 -0.676930204 0.729694690
1561000517.379600048 -330.074954 100.555351 32.601001 -0.057365665 0.077969736 -0.678601870 0.728099858
1561000517.482452393 -330.085162 100.827699 32.621141 -0.056938130 0.078322054 -0.680783305 0.726056331
1561000517.581517935 -330.102553 101.095866 32.642565 -0.056398514 0.078231396 -0.683527869 0.723525195
1561000517.682610273 -330.112017 101.391019 32.652984 -0.056011250 0.077861796 -0.686954148 0.720343168
1561000517.782532215 -330.109651 101.680636 32.661068 -0.056229764 0.077749684 -0.690443220 0.716994672
1561000517.882188320 -330.098803 101.982051 32.667813 -0.056582486 0.077803596 -0.694515143 0.713017348
1561000517.981325626 -330.081975 102.297333 32.680254 -0.056850292 0.077594122 -0.699214675 0.708410922
1561000518.081800461 -330.058111 102.616085 32.687262 -0.057004729 0.077410483 -0.704188559 0.703474628
1561000518.182912588 -330.026644 102.954988 32.695498 -0.058096501 0.077473084 -0.709480676 0.698040033
1561000518.282648087 -329.985858 103.286451 32.720299 -0.059107731 0.076519667 -0.715319682 0.692075697
1561000518.381330729 -329.953713 103.626072 32.744472 -0.058810395 0.076161759 -0.721795911 0.685384117
1561000518.482660294 -329.921857 103.975393 32.783049 -0.057998908 0.076423871 -0.728761060 0.678013891
1561000518.582001686 -329.872468 104.323054 32.802223 -0.056690063 0.074993341 -0.736244043 0.670154419
1561000518.681723118 -329.813691 104.691626 32.808545 -0.056467324 0.074734631 -0.744254479 0.661295279
1561000518.783015728 -329.736551 105.069254 32.811146 -0.055941876 0.073431966 -0.752275945 0.652348952
1561000518.883008957 -329.649792 105.441749 32.806602 -0.055434133 0.072308907 -0.760348414 0.643093126
1561000518.983205795 -329.540747 105.827224 32.808126 -0.054469758 0.072463536 -0.768628638 0.633239368
1561000519.081252337 -329.417972 106.211656 32.808010 -0.053671662 0.072705166 -0.776759169 0.623280439
1561000519.183516502 -329.281115 106.604418 32.817116 -0.056194558 0.073057779 -0.784459123 0.613293255
1561000519.282275438 -329.133717 107.009919 32.834277 -0.055977802 0.069458489 -0.792296824 0.603579114
1561000519.382359743 -328.979398 107.431251 32.843489 -0.055314335 0.066169539 -0.800203802 0.593494559
1561000519.480913401 -328.829814 107.858785 32.822309 -0.053377238 0.062356445 -0.808298608 0.583023073
1561000519.580892086 -328.671925 108.296496 32.793173 -0.053053115 0.061911208 -0.816239994 0.571930626
1561000519.682269096 -328.481265 108.716826 32.765621 -0.054062701 0.062976552 -0.823698728 0.560920301
1561000519.782450199 -328.272942 109.092926 32.763833 -0.056057567 0.065782495 -0.830847400 0.549747952
1561000519.882563353 -328.036388 109.473295 32.776756 -0.057514301 0.066344357 -0.837607815 0.539169435
1561000519.981426239 -327.798559 109.849108 32.787847 -0.057916453 0.063868421 -0.844406024 0.528720130
1561000520.081303835 -327.570859 110.228313 32.770080 -0.056648899 0.061113750 -0.850829497 0.518792039
1561000520.182640553 -327.336964 110.609153 32.729877 -0.056753696 0.059762018 -0.856892254 0.508864604
1561000520.282503366 -327.093747 110.980310 32.682910 -0.060012630 0.060673879 -0.862427465 0.498934897
1561000520.381033897 -326.824651 111.324764 32.667280 -0.063692016 0.064442527 -0.867769977 0.488636629
1561000520.482664108 -326.541402 111.668401 32.671277 -0.063399075 0.064540310 -0.873356583 0.478605668
1561000520.582393169 -326.263427 112.004568 32.663873 -0.062363722 0.065502685 -0.879006036 0.468154412
1561000520.682460546 -325.968637 112.358229 32.660142 -0.062515866 0.066495520 -0.884243677 0.458020995
1561000520.783992052 -325.654789 112.715808 32.646484 -0.063527921 0.067129612 -0.889069763 0.448344482
1561000520.883548975 -325.339164 113.074274 32.639564 -0.063999942 0.065233343 -0.893847700 0.438958890
1561000520.983551025 -325.026866 113.448564 32.614587 -0.063418725 0.061572136 -0.898472320 0.430040029
1561000521.083635092 -324.703277 113.837026 32.559142 -0.062718921 0.058805693 -0.902869418 0.421230391
1561000521.182461500 -324.371562 114.217049 32.499588 -0.063016027 0.059248343 -0.906821798 0.412544351
1561000521.283823013 -324.008615 114.588668 32.467815 -0.064902940 0.061320255 -0.910344355 0.404104678
1561000521.381790400 -323.620290 114.936349 32.461470 -0.067103756 0.062507947 -0.913695253 0.395917701
1561000521.483361721 -323.215459 115.298310 32.459550 -0.067567858 0.061335377 -0.917196106 0.387845148
1561000521.582044840 -322.827724 115.660546 32.436936 -0.065692955 0.058951425 -0.920763298 0.380005414
1561000521.683501005 -322.434844 116.028942 32.387302 -0.063549421 0.057443040 -0.924320544 0.371878073
1561000521.783486128 -322.032228 116.383585 32.331137 -0.063399605 0.057735572 -0.927614136 0.363564449
1561000521.882357597 -321.613289 116.740017 32.283177 -0.064018546 0.059108110 -0.930639975 0.355411162
1561000521.983664989 -321.168129 117.100037 32.244254 -0.065280876 0.059988053 -0.933480155 0.347497685
1561000522.082372189 -320.703884 117.454200 32.215623 -0.065876210 0.060160397 -0.936346445 0.339553217
1561000522.184049368 -320.228155 117.814253 32.189463 -0.065566265 0.059377675 -0.939240398 0.331666749
1561000522.284296274 -319.757178 118.160998 32.157556 -0.065192010 0.059331834 -0.941977875 0.323894146
1561000522.384435415 -319.270340 118.499390 32.113292 -0.064826673 0.058087103 -0.944732332 0.316076277
1561000522.483684778 -318.777042 118.841972 32.060232 -0.065007662 0.057064541 -0.947258519 0.308575665
1561000522.582340240 -318.259929 119.173688 32.007105 -0.065785616 0.055921899 -0.949689165 0.301057277
1561000522.683675051 -317.721676 119.513693 31.952183 -0.066638402 0.055432680 -0.951929522 0.293797083
1561000522.783756495 -317.181725 119.849905 31.907612 -0.066526307 0.054646236 -0.954215810 0.286461563
1561000522.884217978 -316.632077 120.186026 31.865337 -0.066250686 0.054520366 -0.956484533 0.278882976
1561000522.984818935 -316.081564 120.513847 31.823919 -0.065728808 0.053151786 -0.958757037 0.271366091
1561000523.083626032 -315.516543 120.846906 31.755868 -0.065195994 0.050584671 -0.961008972 0.263917467
1561000523.184780359 -314.928656 121.178917 31.669633 -0.065865688 0.049382313 -0.963059918 0.256395579
1561000523.284804583 -314.328084 121.488070 31.592675 -0.067885442 0.048178635 -0.964985166 0.248744880
1561000523.384798765 -313.711635 121.793485 31.514651 -0.071610867 0.048182442 -0.966744771 0.240738205
1561000523.484790802 -313.095494 122.089954 31.449869 -0.074413236 0.049075422 -0.968431049 0.232799436
1561000523.583379269 -312.485785 122.363646 31.404749 -0.074724148 0.048478292 -0.970217747 0.225263579
1561000523.684638500 -311.878044 122.639595 31.345522 -0.073621008 0.049047752 -0.971927353 0.218017171
1561000523.784575701 -311.270842 122.898545 31.283055 -0.071285476 0.048093478 -0.973732924 0.210830718
1561000523.884863853 -310.657165 123.152794 31.205823 -0.070381722 0.050129574 -0.974905833 0.205163484
1561000523.985010386 -310.028164 123.395041 31.134520 -0.070375293 0.050081422 -0.976094629 0.199445345
1561000524.083727121 -309.392269 123.632993 31.059065 -0.071308291 0.049684642 -0.977086965 0.194287484
1561000524.185117483 -308.737439 123.873132 30.999096 -0.072023954 0.049539788 -0.978000864 0.189400814
1561000524.285040140 -308.088337 124.114970 30.945525 -0.071912000 0.048237963 -0.978880220 0.185189843
1561000524.384581089 -307.450068 124.362340 30.875989 -0.071216611 0.047554573 -0.979639705 0.181584157
1561000524.485043764 -306.808872 124.607646 30.800722 -0.070607936 0.046432965 -0.980242525 0.178838170
1561000524.583815575 -306.156339 124.840802 30.729907 -0.070429518 0.046565876 -0.980640811 0.176677395
1561000524.684990406 -305.483651 125.070923 30.675526 -0.071026445 0.046209831 -0.980879064 0.175203191
1561000524.783876181 -304.823623 125.308284 30.627459 -0.071763520 0.044385470 -0.981048345 0.174424975
1561000524.885141850 -304.156142 125.576860 30.563100 -0.071857459 0.039685414 -0.981294024 0.174136762
1561000524.986977339 -303.513453 125.855296 30.469733 -0.068911569 0.038824795 -0.981618513 0.173692041
1561000525.085468531 -302.889633 126.084943 30.409005 -0.061797213 0.041707844 -0.982170942 0.172574046
1561000525.186686277 -302.221779 126.291856 30.364658 -0.052285618 0.045483001 -0.982678609 0.171872806
1561000525.286900520 -301.508161 126.509018 30.288845 -0.050503928 0.043624460 -0.982800504 0.172190098
1561000525.386987209 -300.753419 126.764285 30.214298 -0.058873999 0.038798556 -0.982406598 0.172932938
1561000525.486992359 -299.987252 127.060837 30.086842 -0.075247964 0.031270830 -0.981491747 0.173302710
1561000525.585842848 -299.307249 127.365419 29.955282 -0.088323551 0.029950032 -0.980475077 0.173120102
1561000525.687031269 -298.663808 127.639730 29.886794 -0.080440962 0.032277840 -0.981171798 0.172595759
1561000525.786607504 -298.055326 127.875411 29.875271 -0.066135950 0.036225429 -0.982222944 0.171906496
1561000525.885661602 -297.405117 128.088475 29.847681 -0.056615295 0.037511609 -0.982829954 0.171560105
1561000525.986563683 -296.695246 128.322783 29.775768 -0.060332675 0.035195162 -0.982655259 0.171784492
1561000526.085261345 -295.950442 128.580250 29.674275 -0.066642305 0.031752223 -0.982331502 0.171975056
1561000526.186389923 -295.177742 128.866756 29.549040 -0.068178358 0.030818659 -0.982234892 0.172094564
1561000526.285840988 -294.438652 129.140304 29.450076 -0.067050066 0.033405883 -0.982206372 0.172217825
1561000526.385138750 -293.707725 129.408986 29.382391 -0.064470465 0.035647841 -0.982260854 0.172442468
1561000526.486426353 -292.974669 129.667603 29.321026 -0.062448707 0.036724086 -0.982304618 0.172711140
1561000526.585313559 -292.253023 129.923133 29.254669 -0.061668241 0.037123480 -0.982218159 0.173396552
1561000526.686613798 -291.509820 130.192287 29.183567 -0.062494875 0.036597393 -0.982106162 0.173846221
1561000526.785968304 -290.768809 130.474519 29.117809 -0.063542997 0.035784725 -0.981977060 0.174363970
1561000526.886542797 -290.004748 130.760771 29.037280 -0.064364022 0.035061436 -0.981838862 0.174986904
1561000526.986214638 -289.251922 131.046018 28.947672 -0.064324687 0.034863937 -0.981772550 0.175412374
1561000527.085142136 -288.495294 131.331176 28.859269 -0.064784489 0.035090851 -0.981664249 0.175803598
1561000527.185649157 -287.724052 131.621079 28.781628 -0.064956851 0.035437859 -0.981596678 0.176047516
1561000527.284931660 -286.952089 131.912231 28.718313 -0.064295266 0.035649898 -0.981563336 0.176433048
1561000527.386212826 -286.171866 132.210307 28.651976 -0.062923467 0.034873214 -0.981686346 0.176398452
1561000527.486607313 -285.390111 132.513132 28.579949 -0.061855314 0.035649729 -0.981715644 0.176457958
1561000527.586279154 -284.598837 132.807854 28.504022 -0.061052767 0.036280308 -0.981773156 0.176288881
1561000527.685974598 -283.811648 133.093893 28.422554 -0.061266298 0.035798687 -0.981788252 0.176229175
1561000527.786156178 -283.010093 133.391639 28.343659 -0.061579980 0.036060311 -0.981749321 0.176283384
1561000527.886253119 -282.200267 133.687981 28.258597 -0.061554546 0.035613724 -0.981768318 0.176277256
1561000527.986150980 -281.385561 133.995738 28.170916 -0.061941707 0.034938678 -0.981747319 0.176393637
1561000528.085072041 -280.568209 134.306674 28.077722 -0.061670936 0.034475835 -0.981776116 0.176419303
1561000528.185627699 -279.739154 134.617307 27.992194 -0.061571440 0.034628167 -0.981801992 0.176280166
1561000528.286658049 -278.912154 134.929272 27.904951 -0.061742321 0.034550338 -0.981828629 0.176087201
1561000528.385011435 -278.088175 135.231823 27.822641 -0.062615659 0.035449702 -0.981790132 0.175814487
1561000528.486257553 -277.234863 135.534188 27.741089 -0.063131900 0.035923893 -0.981810904 0.175417178
1561000528.584976673 -276.403963 135.832054 27.666866 -0.063745598 0.036071363 -0.981757842 0.175461946
1561000528.686270952 -275.557812 136.143683 27.588310 -0.062979193 0.036292458 -0.981836963 0.175250272
1561000528.787786484 -274.712028 136.459506 27.515200 -0.062388367 0.036629266 -0.981884295 0.175126294
1561000528.877248049 -273.914500 136.757436 27.449958 -0.062363246 0.036051369 -0.981919322 0.175058759
1561000528.979905844 -273.010583 137.101444 27.358563 -0.062114477 0.035816337 -0.981941430 0.175071444
1561000529.077695370 -272.151447 137.428884 27.267286 -0.061597201 0.035857546 -0.981953759 0.175176589
1561000529.178726673 -271.278454 137.757379 27.172399 -0.061145151 0.035472125 -0.981985761 0.175234027
1561000529.277489662 -270.405768 138.078571 27.084970 -0.061819294 0.035647117 -0.981918968 0.175336241
1561000529.378686428 -269.522305 138.403836 27.000295 -0.062189669 0.036007901 -0.981870892 0.175400763
1561000529.478867769 -268.635285 138.722577 26.913912 -0.062799438 0.036088229 -0.981791301 0.175612390
1561000529.577890396 -267.766897 139.044037 26.827455 -0.063074151 0.035982552 -0.981719423 0.175937151
1561000529.678641796 -266.901448 139.370297 26.740329 -0.062589658 0.036269438 -0.981664863 0.176355209
1561000529.777613640 -266.034282 139.695542 26.658926 -0.062213575 0.036788902 -0.981569735 0.176909307
1561000529.878658772 -265.153496 140.025205 26.590286 -0.061440717 0.037040840 -0.981450456 0.177786434
1561000529.979695320 -264.278402 140.357955 26.508767 -0.061218325 0.036181453 -0.981339163 0.178652359
1561000530.077809095 -263.412566 140.697169 26.417911 -0.061631182 0.036122832 -0.981158816 0.179510769
1561000530.179766893 -262.515730 141.046258 26.326103 -0.061652423 0.036017302 -0.981058490 0.180072127
1561000530.279937267 -261.628263 141.381820 26.239046 -0.061036979 0.038028556 -0.980858974 0.180953005
1561000530.377798319 -260.739007 141.706106 26.165998 -0.060571578 0.038966054 -0.980659072 0.181990428
1561000530.479612350 -259.833660 142.045165 26.084130 -0.060931479 0.037522609 -0.980485129 0.183107402
1561000530.577830076 -258.943669 142.392634 25.993910 -0.061985736 0.038081226 -0.980101896 0.184683140
1561000530.679552317 -258.052664 142.749695 25.912967 -0.061587643 0.037895886 -0.979906464 0.185887564
1561000530.779708147 -257.193668 143.103666 25.851625 -0.060291563 0.038814267 -0.979637550 0.187533066
1561000530.877749681 -256.353239 143.462688 25.799627 -0.058511845 0.040031954 -0.979400597 0.189072148
1561000530.979611397 -255.471279 143.824198 25.735781 -0.057413141 0.039576690 -0.979240571 0.190329509
1561000531.077805758 -254.588842 144.181467 25.654693 -0.058323842 0.041160161 -0.978831972 0.191812775
1561000531.179674387 -253.669895 144.540423 25.576593 -0.058654802 0.041897954 -0.978430961 0.193589850
1561000531.279661655 -252.765102 144.903623 25.497686 -0.058655931 0.042199215 -0.978068996 0.195345197
1561000531.379661560 -251.866644 145.275961 25.428078 -0.058266023 0.043837237 -0.977648185 0.197198871
1561000531.479563951 -250.984629 145.654518 25.369499 -0.056880907 0.044555019 -0.977352856 0.198898990
1561000531.577698708 -250.113601 146.030313 25.319187 -0.055507553 0.045526967 -0.976977604 0.200900393
1561000531.679520369 -249.225792 146.424768 25.265854 -0.054983511 0.044675865 -0.976684638 0.202652407
1561000531.780488253 -248.347518 146.827597 25.184514 -0.055318317 0.044311793 -0.976226651 0.204836216
1561000531.877772808 -247.485479 147.230435 25.110726 -0.057095381 0.043278226 -0.975735958 0.206897203
1561000531.979670525 -246.573257 147.643350 25.029139 -0.057829417 0.042582167 -0.975281635 0.208969496
1561000532.077754021 -245.692159 148.058143 24.955321 -0.057667261 0.042422640 -0.974879037 0.210916263
1561000532.179248333 -244.801387 148.477720 24.887056 -0.056177864 0.041384181 -0.974610834 0.212756010
1561000532.280844450 -243.932955 148.891612 24.821231 -0.055002775 0.040976335 -0.974350740 0.214327484
1561000532.378311396 -243.072929 149.294229 24.759791 -0.055253726 0.041297734 -0.973943576 0.216044981
1561000532.479307175 -242.179902 149.719465 24.693363 -0.054572624 0.040387416 -0.973630977 0.217792116
1561000532.577500105 -241.296669 150.142853 24.624532 -0.054630188 0.041212548 -0.973174509 0.219655283
1561000532.677948236 -240.401907 150.570155 24.564907 -0.054533808 0.041239960 -0.972742508 0.221579202
1561000532.780930996 -239.512322 151.004805 24.498482 -0.054250972 0.041091241 -0.972288997 0.223656987
1561000532.879768610 -238.642186 151.435608 24.441297 -0.054747104 0.041181587 -0.971726343 0.225952974
1561000532.979465008 -237.774854 151.879204 24.378679 -0.054000944 0.040431608 -0.971295690 0.228109330
1561000533.077734947 -236.909048 152.327658 24.315855 -0.053752199 0.041045023 -0.970744281 0.230394334
1561000533.178130627 -236.031075 152.778877 24.255597 -0.052984788 0.041303787 -0.970287593 0.232440523
1561000533.278447390 -235.148166 153.234839 24.191278 -0.052789722 0.040494333 -0.969715237 0.235001732
1561000533.379529953 -234.260366 153.701890 24.116759 -0.054394409 0.041026260 -0.968962593 0.237633307
1561000533.479631186 -233.371084 154.165757 24.059482 -0.054710495 0.040557677 -0.968392248 0.239954767
1561000533.579384804 -232.514946 154.635697 23.993337 -0.052961621 0.039447855 -0.967842206 0.242735244
1561000533.679680109 -231.665280 155.112560 23.942289 -0.052394356 0.041675988 -0.967057008 0.245598631
1561000533.779832840 -230.807990 155.579964 23.891894 -0.051185223 0.041842650 -0.966351841 0.248582753
1561000533.879842281 -229.935499 156.070394 23.829563 -0.051805169 0.042393194 -0.965478501 0.251734595
1561000533.979696035 -229.056430 156.575831 23.769482 -0.052907914 0.041432493 -0.964729620 0.254520849
1561000534.077817440 -228.199177 157.077842 23.705052 -0.053190008 0.041648660 -0.963883469 0.257613800
1561000534.179915667 -227.328285 157.592484 23.649143 -0.052134516 0.042689627 -0.963177575 0.260285510
1561000534.280144691 -226.483437 158.091083 23.604964 -0.050594970 0.043676728 -0.962446571 0.263114214
1561000534.377654076 -225.650500 158.593205 23.570632 -0.050143736 0.044613787 -0.961627117 0.266023502
1561000534.479686022 -224.784711 159.126564 23.527720 -0.049819123 0.043937164 -0.960902551 0.268800796
1561000534.578037739 -223.943893 159.653667 23.472436 -0.050095658 0.043566473 -0.960002465 0.272006718
1561000534.678169012 -223.083537 160.197025 23.411558 -0.050326686 0.042534996 -0.959265509 0.274713819
1561000534.779574871 -222.216898 160.749865 23.349936 -0.050570486 0.042852504 -0.958479971 0.277348939
1561000534.879766703 -221.378052 161.293860 23.304469 -0.049842493 0.042648348 -0.957700732 0.280189495
1561000534.979338884 -220.548709 161.851943 23.258139 -0.048118657 0.043194922 -0.956999457 0.282791146
1561000535.077287674 -219.724676 162.409354 23.208152 -0.047621928 0.043200787 -0.956303365 0.285218720
1561000535.179175854 -218.869238 162.981134 23.153749 -0.048142754 0.043183164 -0.955581696 0.287543234
1561000535.279422760 -218.020886 163.552140 23.096885 -0.048059783 0.042008209 -0.954907706 0.289960066
1561000535.379462242 -217.171282 164.130285 23.037271 -0.048308987 0.042609296 -0.954107430 0.292454615
1561000535.479537010 -216.325027 164.694694 22.985943 -0.048998527 0.043630259 -0.953383701 0.294542124
1561000535.577908754 -215.499946 165.250335 22.945309 -0.050208005 0.044655153 -0.952532408 0.296929430
1561000535.680111647 -214.659710 165.833392 22.908555 -0.048248018 0.045453445 -0.951988930 0.298869854
1561000535.780163050 -213.833539 166.408861 22.880940 -0.047052831 0.046800013 -0.951316816 0.300985226
1561000535.879864931 -213.003748 166.991539 22.854082 -0.046358678 0.048843601 -0.950558231 0.303157095
1561000535.979820490 -212.165835 167.583560 22.822158 -0.046434547 0.048670011 -0.949905678 0.305211837
1561000536.077656984 -211.344614 168.178732 22.782388 -0.047828079 0.048922711 -0.949050049 0.307608594
1561000536.179211378 -210.512880 168.790856 22.736969 -0.047832157 0.048497463 -0.948490724 0.309395260
1561000536.280035257 -209.709325 169.388620 22.699307 -0.048376204 0.048694039 -0.947767456 0.311489138
1561000536.380040646 -208.912529 169.984745 22.669946 -0.046397771 0.049324632 -0.947163455 0.313521479
1561000536.479504347 -208.120133 170.589383 22.647292 -0.044929362 0.049443151 -0.946470187 0.315802014
1561000536.579633236 -207.326832 171.195663 22.628005 -0.044993511 0.050205034 -0.945719930 0.317913279
1561000536.678138256 -206.542449 171.799737 22.607169 -0.044936597 0.049920904 -0.944959607 0.320218593
1561000536.780397892 -205.743300 172.431332 22.575613 -0.044662022 0.049326469 -0.944154734 0.322713559
1561000536.879976034 -204.961183 173.054546 22.552612 -0.044392876 0.049549955 -0.943246744 0.325360806
1561000536.979909897 -204.185562 173.676853 22.528184 -0.044463610 0.049327724 -0.942297085 0.328124927
1561000537.079572439 -203.423770 174.304056 22.508860 -0.045087336 0.048384658 -0.941324508 0.330959556
1561000537.179710150 -202.651258 174.946912 22.467220 -0.044828251 0.045318928 -0.940517723 0.333711007
1561000537.279464245 -201.887407 175.589210 22.428239 -0.044580537 0.044326386 -0.939620342 0.336394650
1561000537.379519701 -201.128338 176.224093 22.390771 -0.043880672 0.042480600 -0.938763684 0.339105634
1561000537.479688406 -200.373997 176.866596 22.352353 -0.042780063 0.041047979 -0.937894811 0.341816110
1561000537.577780485 -199.630791 177.496047 22.324481 -0.042240528 0.041432630 -0.937002925 0.344274009
1561000537.679538965 -198.879066 178.143179 22.299208 -0.041985194 0.041552293 -0.936080348 0.346791340
1561000537.778807402 -198.132307 178.787724 22.273822 -0.042159125 0.041555963 -0.935141908 0.349292601
1561000537.877816916 -197.395305 179.443999 22.253545 -0.041904672 0.041394529 -0.934253507 0.351711354
1561000537.979418516 -196.663487 180.105567 22.228275 -0.041415623 0.041264113 -0.933319836 0.354254291
1561000538.077619553 -195.945010 180.757796 22.214025 -0.040929875 0.042216571 -0.932444147 0.356497432
1561000538.178578377 -195.210603 181.422182 22.201985 -0.039574239 0.042006038 -0.931815497 0.358314461
1561000538.278232813 -194.496624 182.083931 22.181274 -0.038726069 0.041956804 -0.931123124 0.360207782
1561000538.380300999 -193.774371 182.754133 22.164063 -0.038378848 0.042140987 -0.930494900 0.361843118
1561000538.480454445 -193.052063 183.423327 22.132795 -0.037826224 0.040815413 -0.929920178 0.363526809
1561000538.577901602 -192.336567 184.106411 22.091582 -0.037534969 0.041486553 -0.929032398 0.365744167
1561000538.680407286 -191.588216 184.795342 22.062597 -0.037615105 0.042400578 -0.928492992 0.366998718
1561000538.778799295 -190.865777 185.468114 22.036457 -0.037428712 0.042890493 -0.927562285 0.369307060
1561000538.878325939 -190.140986 186.160871 22.009997 -0.037750226 0.041791518 -0.926811406 0.371280228
1561000538.979500055 -189.411481 186.866722 21.979824 -0.038049394 0.041201544 -0.925947404 0.373464967
1561000539.077799797 -188.712252 187.549996 21.941554 -0.036465073 0.039965535 -0.925503627 0.374854760
1561000539.179685116 -188.005876 188.242384 21.902683 -0.036701732 0.041303145 -0.924627297 0.376843992
1561000539.278367996 -187.310957 188.912332 21.895396 -0.036834553 0.042169402 -0.923781381 0.378804590
1561000539.379718542 -186.591084 189.604788 21.878348 -0.040461960 0.045576117 -0.922343290 0.381534406
1561000539.479927301 -185.896725 190.285255 21.884985 -0.042513979 0.049537835 -0.921397104 0.383100433
1561000539.578126907 -185.209995 190.960626 21.907581 -0.044144829 0.051222526 -0.920273929 0.385387315
1561000539.680072784 -184.536956 191.660993 21.920438 -0.041058330 0.049668866 -0.919389832 0.388032930
1561000539.778688431 -183.907744 192.349671 21.905592 -0.037591986 0.048395698 -0.918440039 0.390784587
1561000539.878657818 -183.267997 193.057048 21.884022 -0.035606992 0.047567896 -0.917343958 0.393636253
1561000539.980173588 -182.610304 193.773018 21.851463 -0.037193761 0.047672218 -0.916033739 0.396517556
1561000540.079934835 -181.957697 194.482916 21.829055 -0.037683791 0.046729491 -0.914953906 0.399068461
1561000540.179896355 -181.322032 195.179909 21.816042 -0.037988862 0.047429874 -0.913566734 0.402123211
1561000540.277972937 -180.709662 195.854560 21.820621 -0.037154383 0.046174154 -0.912561205 0.404622720
1561000540.379639149 -180.114666 196.531313 21.819790 -0.035115871 0.046010448 -0.911381264 0.407472828
1561000540.479566336 -179.545801 197.192322 21.819808 -0.032992071 0.046728030 -0.910144930 0.410322095
1561000540.577645779 -178.974124 197.849563 21.820531 -0.032384189 0.046598960 -0.909080137 0.412738544
1561000540.679625034 -178.394034 198.536270 21.814688 -0.032798960 0.047260257 -0.907816277 0.415403783
1561000540.778274298 -177.829031 199.213301 21.808674 -0.032928877 0.046064347 -0.906923187 0.417473469
1561000540.880091429 -177.266407 199.890941 21.795374 -0.033989338 0.046449492 -0.906013210 0.419317581
1561000540.980368614 -176.721951 200.534317 21.800862 -0.034705916 0.047142513 -0.905217809 0.420896425
1561000541.082084894 -176.185572 201.159791 21.804477 -0.035278361 0.047638908 -0.904503934 0.422325235
1561000541.180365562 -175.672179 201.776079 21.810728 -0.035054125 0.048322252 -0.903736086 0.423907131
1561000541.278373957 -175.157312 202.382438 21.809417 -0.034769445 0.047999214 -0.903074183 0.425375341
1561000541.380112886 -174.640884 203.005975 21.801738 -0.035672279 0.049283027 -0.902285675 0.426824593
1561000541.480025768 -174.160780 203.602232 21.809305 -0.035924819 0.048591439 -0.901717321 0.428081945
1561000541.579435349 -173.702253 204.172501 21.802451 -0.036654260 0.047653542 -0.901380736 0.428833736
1561000541.678730011 -173.248657 204.732447 21.815621 -0.035182951 0.049161659 -0.900867958 0.429863017
1561000541.778024197 -172.797472 205.273803 21.834648 -0.032867324 0.050102560 -0.900539897 0.430624391
1561000541.879751682 -172.324952 205.842609 21.862404 -0.036406978 0.052405447 -0.899523661 0.432186747
1561000541.980052710 -171.895668 206.414139 21.928585 -0.035236324 0.050332948 -0.898977569 0.433663841
1561000542.080142736 -171.500386 206.975898 21.962355 -0.029835021 0.046666713 -0.899005762 0.434419992
1561000542.180294037 -171.075559 207.541180 21.984447 -0.017902749 0.048358787 -0.898345044 0.436253483
1561000542.278204441 -170.626249 208.109912 21.984357 -0.011545838 0.057141981 -0.896994360 0.438181019
1561000542.379950523 -170.128731 208.750620 21.935098 -0.008889831 0.055168464 -0.896005159 0.440513525
1561000542.480095625 -169.636666 209.455751 21.921053 -0.008895133 0.054241015 -0.894060546 0.444561052
1561000542.577964783 -169.113519 210.164437 21.854042 -0.011141869 0.051494996 -0.893237116 0.446488050
1561000542.679811716 -168.568962 210.862838 21.768950 -0.016817779 0.051142730 -0.892436835 0.447948746
1561000542.778068542 -168.116573 211.412956 21.682342 -0.037004169 0.045114687 -0.891770260 0.448710552
1561000542.881147623 -167.735121 211.861152 21.680236 -0.040337714 0.043100858 -0.891729260 0.448702700
1561000542.981247663 -167.390259 212.330667 21.749369 -0.031401258 0.050070574 -0.890510576 0.451107319
1561000543.081350327 -166.994580 212.854432 21.837367 -0.023267137 0.056375466 -0.888859563 0.454102549
1561000543.181451082 -166.552946 213.488610 21.851812 -0.025127369 0.056225092 -0.887098832 0.457452749
1561000543.282052279 -166.080777 214.160619 21.828578 -0.030726285 0.053772927 -0.885533848 0.460428248
1561000543.382156849 -165.614303 214.833762 21.818621 -0.033552667 0.052550501 -0.884091640 0.463135656
1561000543.481982708 -165.162211 215.490343 21.820347 -0.032999011 0.054128711 -0.882314645 0.466371112
1561000543.581148624 -164.720155 216.141318 21.836580 -0.030539763 0.054953723 -0.881111588 0.468710765
1561000543.681175947 -164.278823 216.803501 21.847388 -0.030419734 0.055815775 -0.879554769 0.471532233
1561000543.779669046 -163.846446 217.458140 21.895847 -0.030343608 0.056838981 -0.878039817 0.474230615
1561000543.881620169 -163.414094 218.147684 21.919030 -0.030985249 0.055771295 -0.877227062 0.475817358
1561000543.980198145 -163.016097 218.828362 21.952630 -0.027677982 0.055437985 -0.876480360 0.477433491
1561000544.081522703 -162.612109 219.531530 22.007350 -0.023519720 0.055906409 -0.876127355 0.478249051
1561000544.181450129 -162.208769 220.225620 22.063247 -0.021775975 0.056737435 -0.874968915 0.480349944
1561000544.281239510 -161.792560 220.921302 22.111397 -0.022108881 0.055033893 -0.874431195 0.481510698
1561000544.381186724 -161.343091 221.629118 22.149108 -0.022650102 0.052384189 -0.873993728 0.482574173
1561000544.481139660 -160.894289 222.350444 22.185252 -0.023524755 0.049569442 -0.873220369 0.484226851
1561000544.581202745 -160.448793 223.066241 22.192883 -0.023282018 0.048638745 -0.873035786 0.484665593
1561000544.681107759 -160.002210 223.791778 22.180525 -0.022572985 0.048144591 -0.872557590 0.485608702
1561000544.779632807 -159.544964 224.507209 22.181391 -0.021901440 0.049667315 -0.872114776 0.486281094
1561000544.879809141 -159.077388 225.227147 22.202730 -0.021859115 0.050484567 -0.871735626 0.486878308
1561000544.979682684 -158.618281 225.951483 22.229520 -0.020771042 0.049866216 -0.871352732 0.487674420
1561000545.080096245 -158.169210 226.691644 22.235715 -0.019405104 0.049587130 -0.871213903 0.488007064
1561000545.180494308 -157.709917 227.434977 22.259394 -0.018970531 0.049601420 -0.870998774 0.488406545
1561000545.279521942 -157.238362 228.174894 22.280792 -0.019460775 0.050001614 -0.870530892 0.489180010
1561000545.381757021 -156.758231 228.943555 22.302172 -0.020106892 0.048745440 -0.870645030 0.489077526
1561000545.479969978 -156.294596 229.708463 22.311943 -0.020409029 0.049258328 -0.870600261 0.489093318
1561000545.582451820 -155.819235 230.471354 22.334014 -0.020531974 0.049662557 -0.870445136 0.489323343
1561000545.682573557 -155.350378 231.225587 22.349855 -0.020579431 0.050045072 -0.870308447 0.489525469
1561000545.779915094 -154.882683 231.972429 22.375739 -0.020303607 0.050764586 -0.870223980 0.489613056
1561000545.881828785 -154.404408 232.746555 22.398277 -0.019600242 0.050111579 -0.869949702 0.490196060
1561000545.981203794 -153.946818 233.514808 22.415423 -0.018338532 0.049287622 -0.869866127 0.490476655
1561000546.081273794 -153.473090 234.315985 22.429138 -0.019949707 0.050186231 -0.869007381 0.491842987
1561000546.182756186 -152.999588 235.125623 22.467796 -0.020437257 0.050193872 -0.868409622 0.492876883
1561000546.281179667 -152.542684 235.913853 22.502270 -0.019349147 0.048104506 -0.868054401 0.493754113
1561000546.381118059 -152.089835 236.713280 22.518364 -0.018156042 0.049891080 -0.867429838 0.494718824
1561000546.480350256 -151.617977 237.505418 22.550811 -0.017188659 0.050512213 -0.866807984 0.495779169
1561000546.581515074 -151.142421 238.322759 22.575606 -0.017918143 0.048991144 -0.866578594 0.496306707
1561000546.681564331 -150.648178 239.161163 22.584704 -0.019434942 0.049445786 -0.866062149 0.497105373
1561000546.779707670 -150.159223 239.982459 22.610751 -0.019544504 0.049242365 -0.865744165 0.497674835
1561000546.881368399 -149.660301 240.801556 22.643561 -0.019925372 0.049908572 -0.865392767 0.498204248
1561000546.979307413 -149.178896 241.603855 22.689181 -0.019228926 0.051264598 -0.865091065 0.498617728
1561000547.082331419 -148.687300 242.429269 22.731593 -0.017331445 0.051232518 -0.864831279 0.499140972
1561000547.182587147 -148.203549 243.244580 22.766608 -0.016566422 0.052000640 -0.864180680 0.500213193
1561000547.280666828 -147.700304 244.062339 22.796368 -0.017103720 0.053546410 -0.862967054 0.502123599
1561000547.383056879 -147.181253 244.926291 22.832205 -0.018660158 0.053658459 -0.862045940 0.503636143
1561000547.480533600 -146.694126 245.758025 22.860515 -0.019056795 0.052956320 -0.860675362 0.506033979
1561000547.581883192 -146.213958 246.633338 22.904333 -0.018326763 0.054681837 -0.859409014 0.508025760
1561000547.684996605 -145.736649 247.514339 22.958538 -0.016301488 0.055472468 -0.858157087 0.510121045
1561000547.783912420 -145.277145 248.382535 22.999335 -0.016111888 0.056810055 -0.856511037 0.512739572
1561000547.885336876 -144.797435 249.279269 23.046998 -0.016037774 0.056532872 -0.854872420 0.515499728
1561000547.984021664 -144.335878 250.190583 23.081041 -0.017625972 0.055801863 -0.853256684 0.518197364
1561000548.085160732 -143.871594 251.123415 23.141736 -0.019592109 0.055786106 -0.851670441 0.520731716
1561000548.185331106 -143.433402 252.053099 23.208246 -0.019438618 0.055478904 -0.850079165 0.523363778
1561000548.283834219 -143.018235 252.967097 23.280726 -0.017872530 0.055624540 -0.848524322 0.525921056
1561000548.385176182 -142.607395 253.891883 23.369797 -0.015968990 0.055070142 -0.846889400 0.528668719
1561000548.483814478 -142.194667 254.800276 23.451376 -0.013584165 0.054689705 -0.845311263 0.531294057
1561000548.585033894 -141.767050 255.736124 23.520478 -0.012133988 0.054827256 -0.843883769 0.533579350
1561000548.685084820 -141.333176 256.684483 23.570880 -0.010850711 0.054773546 -0.842364292 0.536007948
1561000548.783836603 -140.889272 257.644203 23.613848 -0.010164941 0.054959915 -0.840744527 0.538539435
1561000548.885791540 -140.431265 258.625085 23.646436 -0.009845841 0.054988401 -0.839088513 0.541119028
1561000548.984109640 -139.986611 259.578115 23.689862 -0.009458182 0.055548836 -0.837318769 0.543803409
1561000549.085180283 -139.548670 260.557857 23.736469 -0.008783865 0.056093753 -0.835675723 0.546280532
1561000549.185271740 -139.125118 261.532195 23.788788 -0.007462455 0.056356624 -0.833987438 0.548847152
1561000549.284521341 -138.713096 262.513180 23.841394 -0.006043014 0.056360417 -0.832441364 0.551206277
1561000549.385202646 -138.291536 263.503258 23.882226 -0.005024974 0.056553398 -0.830914933 0.553495110
1561000549.484024286 -137.862751 264.500666 23.916783 -0.004733419 0.057026078 -0.829388285 0.555734374
1561000549.584154844 -137.424186 265.499792 23.963139 -0.005290817 0.057526693 -0.827835115 0.557988987
1561000549.685782671 -136.989405 266.512009 24.031653 -0.005121594 0.058703174 -0.826215625 0.560263730
1561000549.784079790 -136.574951 267.497439 24.073373 -0.002060834 0.057194437 -0.825323852 0.561751803
1561000549.885479927 -136.159662 268.521563 24.147792 -0.004882170 0.061734060 -0.823123390 0.564475823
1561000549.984289885 -135.783679 269.525126 24.256583 -0.005181607 0.061419037 -0.821875625 0.566322620
1561000550.085891962 -135.437957 270.539149 24.380623 -0.004019649 0.061657779 -0.820499874 0.568297560
1561000550.185492039 -135.106110 271.558458 24.467848 -0.002183797 0.060785076 -0.819794678 0.569418205
1561000550.284677267 -134.770771 272.569348 24.556916 -0.000750391 0.060910047 -0.818464943 0.571318248
1561000550.385190725 -134.424863 273.589995 24.661445 0.000027752 0.060918368 -0.817200074 0.573125632
1561000550.483891726 -134.068483 274.599645 24.756698 0.001169983 0.059435112 -0.816088755 0.574861064
1561000550.584948063 -133.699146 275.619731 24.828026 0.002370452 0.059539957 -0.814636692 0.576902448
1561000550.684945822 -133.325200 276.610277 24.910109 0.004343156 0.061161290 -0.812986967 0.579044580
1561000550.783535957 -132.949579 277.586236 25.010357 0.004996777 0.063350203 -0.811244947 0.581242996
1561000550.884917498 -132.576902 278.608536 25.087463 0.006841707 0.062080957 -0.809603377 0.583645027
1561000550.983975649 -132.212527 279.634849 25.170936 0.004303413 0.062473817 -0.808161376 0.585622483
1561000551.085651875 -131.848189 280.695634 25.273309 0.002125377 0.062377625 -0.806469893 0.587971790
1561000551.184458733 -131.550617 281.720633 25.389550 0.004245910 0.061667845 -0.805081942 0.589933993
1561000551.285192490 -131.260514 282.732546 25.503125 0.006121581 0.062486118 -0.803397882 0.592123175
1561000551.385429621 -130.962065 283.733837 25.624036 0.007614618 0.062981275 -0.801775259 0.594248947
1561000551.483963013 -130.659363 284.761381 25.731499 0.007017821 0.061883999 -0.800253537 0.596418811
1561000551.585632086 -130.360571 285.815793 25.839541 0.005037721 0.059231152 -0.798798919 0.598653972
1561000551.684962034 -130.058237 286.852229 25.937773 0.002711970 0.056652210 -0.797033431 0.601266066
1561000551.783785105 -129.761947 287.851857 26.070958 0.004781415 0.057024362 -0.795410485 0.603363506
1561000551.885265827 -129.477896 288.840468 26.193873 0.008896573 0.060967537 -0.793415964 0.605553398
1561000551.985102415 -129.203817 289.827024 26.317951 0.012989396 0.064078340 -0.791547701 0.607599769
1561000552.085593700 -128.919053 290.853617 26.415920 0.012574021 0.063595608 -0.789819753 0.609903477
1561000552.185472488 -128.636613 291.906512 26.507905 0.010517701 0.062060899 -0.788245388 0.612133181
1561000552.284087181 -128.360802 292.963923 26.620886 0.010724272 0.060948432 -0.786446713 0.614550117
1561000552.385471582 -128.098609 294.032077 26.730421 0.011212227 0.061442018 -0.784711585 0.616706488
1561000552.485508442 -127.833456 295.066661 26.839221 0.011988549 0.062710125 -0.782666769 0.619157850
1561000552.584490061 -127.565163 296.084255 26.968219 0.012856732 0.063788825 -0.780404159 0.621880244
1561000552.684335232 -127.314990 297.124490 27.099587 0.013945551 0.065000033 -0.778199555 0.624488566
1561000552.785947561 -127.089372 298.174679 27.232928 0.015073944 0.065515374 -0.775995822 0.627145116
1561000552.885981321 -126.880331 299.217567 27.365710 0.015597135 0.065771353 -0.773772902 0.629846294
1561000552.984476566 -126.668959 300.276212 27.494904 0.015417662 0.064272580 -0.771842817 0.632368561
1561000553.087147951 -126.461546 301.356789 27.642839 0.014647580 0.063140699 -0.769604128 0.635222942
1561000553.179100037 -126.262884 302.382139 27.786465 0.013940649 0.062204800 -0.767626317 0.637719421
1561000553.278656721 -126.071154 303.445573 27.935417 0.016811038 0.063635712 -0.765360572 0.640227366
1561000553.378635883 -125.882895 304.493540 28.086994 0.018847381 0.066054228 -0.762887151 0.642872312
1561000553.478676319 -125.702641 305.545069 28.185573 0.023013639 0.063731457 -0.761008297 0.645193805
1561000553.578724623 -125.498331 306.620064 28.285826 0.017490751 0.068295317 -0.757839991 0.648620360
1561000553.678660631 -125.307441 307.706121 28.427448 0.017985751 0.064295442 -0.756096308 0.651046068
1561000553.778767824 -125.169908 308.796235 28.577791 0.016580550 0.064042603 -0.752899583 0.654802145
1561000553.878888130 -125.045237 309.894952 28.719597 0.017215902 0.061338938 -0.750676681 0.657590806
1561000553.979095936 -124.933689 310.956982 28.868216 0.018362976 0.062986258 -0.747920865 0.660537593
1561000554.078833580 -124.800508 312.005128 29.032757 0.018506850 0.063821651 -0.745435758 0.663256981
1561000554.178797007 -124.686184 313.079564 29.198600 0.020712752 0.063205534 -0.742533627 0.666498203
1561000554.278999805 -124.586067 314.169666 29.343858 0.022186838 0.063215056 -0.739399470 0.669925388
1561000554.379012585 -124.477988 315.265588 29.507304 0.022946874 0.063969874 -0.736452028 0.673067386
1561000554.478634119 -124.384340 316.372573 29.659275 0.023679064 0.062804643 -0.733545705 0.676317660
1561000554.578848600 -124.303547 317.505642 29.792921 0.022987662 0.059902083 -0.730562470 0.679824820
1561000554.678671122 -124.240121 318.640368 29.909248 0.022972871 0.057936588 -0.727727203 0.683029075
1561000554.778973818 -124.167767 319.760518 30.029489 0.022894387 0.057620321 -0.724819613 0.686143042
1561000554.878843546 -124.103183 320.867112 30.169596 0.023683331 0.059074693 -0.721817511 0.689150753
1561000554.977765560 -124.037558 321.961932 30.321005 0.022134054 0.060133244 -0.718625808 0.692438462
1561000555.078370571 -123.985008 323.078015 30.497709 0.020700653 0.060522650 -0.715753108 0.695417845
1561000555.178714752 -123.968483 324.169022 30.693591 0.020423430 0.061725657 -0.712757675 0.698390523
1561000555.279475927 -123.989138 325.256635 30.919051 0.025826357 0.062099339 -0.710374490 0.700603137
1561000555.378613949 -124.006847 326.346953 31.115833 0.030321375 0.063284672 -0.708218240 0.702497394
1561000555.477854967 -123.989979 327.466084 31.297122 0.032037326 0.064885223 -0.705701240 0.704804425
1561000555.578540802 -123.972476 328.624819 31.458710 0.029892268 0.064005633 -0.703627262 0.707049084
1561000555.678251505 -123.967080 329.791902 31.572790 0.029038841 0.061526142 -0.701368871 0.709544211
1561000555.777632475 -123.970409 330.963818 31.696041 0.028157456 0.059880715 -0.699197983 0.711859283
1561000555.878545046 -123.997757 332.130120 31.845439 0.026642438 0.059369281 -0.696866892 0.714242258
1561000555.977287531 -124.044300 333.257689 32.006587 0.027638251 0.057536137 -0.694564539 0.716593205
1561000556.078567266 -124.112513 334.396022 32.190662 0.028769658 0.056679115 -0.692418278 0.718690972
1561000556.177930355 -124.171825 335.508998 32.398612 0.031194067 0.057085106 -0.690544103 0.720358982
1561000556.278260708 -124.233077 336.650301 32.589327 0.033682743 0.054643956 -0.689525536 0.721411149
1561000556.378455400 -124.291553 337.805195 32.754915 0.033346507 0.054213323 -0.687965927 0.722946616
1561000556.478810072 -124.359410 338.967716 32.901118 0.033719261 0.053100676 -0.687109053 0.723826277
1561000556.578386307 -124.421482 340.124714 33.049520 0.033665345 0.053095723 -0.686431758 0.724471483
1561000556.677874565 -124.481612 341.271286 33.220915 0.034073458 0.052234592 -0.685969669 0.724952522
1561000556.777546167 -124.544983 342.423962 33.399138 0.036069491 0.051859689 -0.685765445 0.725076078
1561000556.878811121 -124.607451 343.577320 33.568121 0.037053561 0.051824554 -0.685809001 0.724987767
1561000556.977942705 -124.668513 344.703395 33.737494 0.037269421 0.052244162 -0.686022786 0.724744282
1561000557.079591990 -124.726528 345.853704 33.905157 0.036979117 0.052502252 -0.686192497 0.724579820
1561000557.178297758 -124.784074 347.000986 34.087984 0.036098006 0.052548815 -0.685806647 0.724986068
1561000557.279723167 -124.845934 348.144090 34.260808 0.038176384 0.050935710 -0.686370272 0.724461156
1561000557.379705906 -124.899472 349.275361 34.434131 0.037353837 0.052097712 -0.686934387 0.723886502
1561000557.477823973 -124.952518 350.384184 34.636013 0.035612976 0.056954572 -0.686675309 0.723854207
1561000557.579650402 -125.003319 351.498078 34.843542 0.037112757 0.059721777 -0.686695866 0.723536274
1561000557.678040743 -125.053518 352.606927 35.047371 0.038911742 0.059861432 -0.687677712 0.722496955
1561000557.779714346 -125.108050 353.739911 35.221984 0.036725736 0.059648580 -0.688017366 0.722305594
1561000557.879548311 -125.150726 354.881832 35.366145 0.036548060 0.056448066 -0.689358795 0.721292110
1561000557.977907181 -125.190540 356.006484 35.494197 0.036999282 0.052182767 -0.691122760 0.719900925
1561000558.080270052 -125.229527 357.121446 35.652162 0.036175038 0.052165151 -0.692994041 0.718143038
1561000558.178351402 -125.259784 358.175078 35.814617 0.036528493 0.051506528 -0.695075442 0.716158416
1561000558.278224707 -125.289505 359.226961 35.996061 0.037427106 0.051005175 -0.697728369 0.713563457
1561000558.380773306 -125.314918 360.261731 36.196659 0.039262867 0.051817239 -0.701145306 0.710048351
1561000558.477789879 -125.325867 361.241030 36.398078 0.041356420 0.053237065 -0.704460681 0.706534224
1561000558.579562426 -125.328819 362.234017 36.590593 0.043190104 0.053716646 -0.708026824 0.702813740
1561000558.677886724 -125.325282 363.204677 36.736483 0.044998322 0.052198710 -0.712033010 0.698755636
1561000558.779217482 -125.291559 364.203886 36.875579 0.042039205 0.052551471 -0.715927335 0.694923808
1561000558.879203796 -125.228164 365.194767 37.015156 0.040515782 0.052270933 -0.719571281 0.691262173
1561000558.977646351 -125.146186 366.182260 37.143793 0.039258602 0.052103178 -0.723180438 0.687571142
1561000559.079281092 -125.072788 367.170361 37.276901 0.038186676 0.052933506 -0.726528875 0.684028958
1561000559.179283142 -124.989059 368.122543 37.408694 0.037755664 0.051007428 -0.730841216 0.679590957
1561000559.281834602 -124.888063 369.061883 37.550149 0.035320309 0.052180688 -0.734639380 0.675525449
1561000559.381820917 -124.776607 369.960087 37.722612 0.033430717 0.054128752 -0.738103042 0.671681744
1561000559.481098413 -124.666255 370.831359 37.892399 0.035568843 0.056162468 -0.742116477 0.666966093
1561000559.581368923 -124.564186 371.699207 38.034714 0.035902356 0.058475689 -0.745803196 0.662622976
1561000559.679059029 -124.451953 372.566779 38.174167 0.034832831 0.058394074 -0.749751930 0.658216415
1561000559.780694962 -124.319903 373.479421 38.286102 0.033512017 0.056346716 -0.754307249 0.653240053
1561000559.880779505 -124.172730 374.358449 38.398526 0.032701345 0.056871192 -0.759083176 0.647679721
1561000559.980762482 -124.001550 375.209366 38.536050 0.032661580 0.057558440 -0.764358538 0.641386211
1561000560.080698729 -123.815265 376.030870 38.680775 0.032372553 0.059904469 -0.769289505 0.635261465
1561000560.179145813 -123.619980 376.833127 38.816007 0.031847502 0.061605273 -0.774263514 0.629052095
1561000560.279434681 -123.411335 377.656416 38.940987 0.030221922 0.061710526 -0.779304851 0.622866275
1561000560.380456209 -123.185456 378.480685 39.056255 0.027492392 0.062270326 -0.784195786 0.616768630
1561000560.479681015 -122.945513 379.279656 39.168638 0.026123110 0.063287500 -0.789500429 0.609919132
1561000560.580657005 -122.703144 380.078498 39.277979 0.024953389 0.063548743 -0.794837578 0.602969411
1561000560.679249525 -122.451234 380.853019 39.392471 0.024972507 0.063640049 -0.800529743 0.595380928
1561000560.779706001 -122.181998 381.629525 39.521027 0.024359370 0.064883929 -0.806150690 0.587637441
1561000560.881248474 -121.908498 382.390444 39.656042 0.024675690 0.065454251 -0.812387370 0.578907258
1561000560.979574919 -121.633071 383.120348 39.778217 0.025050418 0.066446444 -0.818763756 0.569722088
1561000561.081313133 -121.340015 383.854634 39.891823 0.028062915 0.065733650 -0.826076960 0.559006633
1561000561.179416418 -121.021016 384.609581 39.954001 0.026141581 0.065409338 -0.833127776 0.548576654
1561000561.281169176 -120.652548 385.378042 40.039903 0.020991786 0.068502545 -0.839750654 0.538224475
1561000561.380958796 -120.270117 386.077216 40.162425 0.018598418 0.069009275 -0.846762726 0.527147706
1561000561.481114864 -119.894182 386.754038 40.303996 0.022701464 0.068523405 -0.853770451 0.515621182
1561000561.580848217 -119.481311 387.425517 40.409421 0.027775367 0.069927525 -0.860438845 0.503967920
1561000561.679248095 -119.051687 388.071015 40.500697 0.026543725 0.072441748 -0.866832310 0.492594529
1561000561.780964375 -118.581271 388.736912 40.575420 0.020228767 0.070782483 -0.872642655 0.482778867
1561000561.879204035 -118.085772 389.395476 40.641937 0.014749255 0.069113883 -0.878084939 0.473257405
1561000561.980797291 -117.585583 390.054536 40.731951 0.011586884 0.068197415 -0.883123076 0.464013458
1561000562.080741405 -117.084837 390.678216 40.818286 0.009560292 0.069264370 -0.887808036 0.454871344
1561000562.180298567 -116.597074 391.279559 40.907144 0.009233397 0.071590478 -0.892422241 0.445389819
1561000562.280814409 -116.099961 391.869564 41.009591 0.009914357 0.074139565 -0.897009493 0.435636316
1561000562.380925417 -115.617521 392.439418 41.112606 0.010652197 0.075123027 -0.901477527 0.426123610
1561000562.478926659 -115.134986 392.987459 41.210406 0.013606252 0.075136066 -0.906215997 0.415862969
1561000562.581130505 -114.610792 393.531684 41.275449 0.014593009 0.073956955 -0.911080219 0.405277988
1561000562.679182768 -114.099538 394.039574 41.332146 0.012710934 0.074313954 -0.916132471 0.393722191
1561000562.779414177 -113.567584 394.527578 41.396091 0.011019785 0.074297850 -0.921166644 0.381851291
1561000562.879159451 -113.036483 394.980399 41.493721 0.007532334 0.076945739 -0.925812342 0.369992060
1561000562.978931189 -112.489055 395.443328 41.572295 0.007113439 0.073390299 -0.930684280 0.358315550
1561000563.080849886 -111.927462 395.901517 41.647956 0.011306400 0.073076774 -0.935105225 0.346569141
1561000563.178962946 -111.369049 396.296224 41.699708 0.018554616 0.075360819 -0.939299499 0.334204912
1561000563.282177210 -110.775047 396.665774 41.753037 0.022404070 0.083093164 -0.942718186 0.322298006
1561000563.380554199 -110.206654 396.996453 41.813227 0.019186756 0.085762520 -0.946504244 0.310493759
1561000563.481858730 -109.579221 397.423802 41.864062 0.014624066 0.085111166 -0.950352057 0.298953498
1561000563.581813574 -108.925916 397.915458 41.920491 0.006224987 0.081597592 -0.953925572 0.288667776
1561000563.680313587 -108.280861 398.337663 41.907775 -0.010087730 0.074483438 -0.957417262 0.278751935
1561000563.782065153 -107.650323 398.684461 41.917791 -0.011792860 0.073234558 -0.960893224 0.266799252
1561000563.881224155 -107.089039 398.943938 41.981376 -0.002221270 0.076084838 -0.964039853 0.254623889
1561000563.982053280 -106.479141 399.187940 42.067691 0.013119492 0.078711314 -0.967150493 0.241355200
1561000564.082121134 -105.826323 399.432118 42.105198 0.012068189 0.080278413 -0.969925990 0.229463087
1561000564.182465315 -105.153331 399.713360 42.116983 0.004470995 0.081593164 -0.972579065 0.217744180
1561000564.282600880 -104.450276 400.008072 42.150032 -0.004657508 0.078455688 -0.975365004 0.206121620
1561000564.380899191 -103.747716 400.295669 42.172778 -0.005744285 0.075961630 -0.978071057 0.193839732
1561000564.482687950 -103.029371 400.567993 42.187067 -0.003552831 0.075754491 -0.980441549 0.181612232
1561000564.582581043 -102.327554 400.803403 42.218127 -0.002953699 0.076603294 -0.982517838 0.169652318
1561000564.680820704 -101.614940 401.004471 42.245132 -0.002555312 0.077041020 -0.984542741 0.157269648
1561000564.782830954 -100.865134 401.199447 42.258077 -0.004472475 0.077666599 -0.986306986 0.145418109
1561000564.881164312 -100.135384 401.347651 42.272820 -0.006243455 0.078498463 -0.987881802 0.133748104
1561000564.980523586 -99.397702 401.488344 42.286892 -0.008034717 0.078981986 -0.989292282 0.122466608
1561000565.082302094 -98.639204 401.632324 42.302369 -0.008414963 0.079073571 -0.990522318 0.111991503
1561000565.181073427 -97.882042 401.779556 42.303044 -0.008823787 0.078753197 -0.991623955 0.101990231
1561000565.282930613 -97.116340 401.906317 42.304168 -0.009381636 0.079191315 -0.992536281 0.092262946
1561000565.382224083 -96.348022 402.012610 42.305167 -0.010091761 0.080231165 -0.993176801 0.084029512
1561000565.483489990 -95.559515 402.100486 42.311716 -0.010890748 0.080855510 -0.993711571 0.076688282
1561000565.584810734 -94.765545 402.176296 42.309064 -0.011761346 0.081435948 -0.994100931 0.070662553
1561000565.684883833 -93.978263 402.243211 42.308097 -0.012416468 0.081074310 -0.994459417 0.065751474
1561000565.784828186 -93.177963 402.323547 42.304042 -0.012962622 0.081460600 -0.994661255 0.062009097
1561000565.883824348 -92.385590 402.394364 42.306869 -0.013166618 0.081078218 -0.994865609 0.059121770
1561000565.985034227 -91.571085 402.476426 42.313420 -0.013133327 0.080297185 -0.995053397 0.056996621
1561000566.085023403 -90.760789 402.558333 42.312721 -0.013570431 0.079230147 -0.995213535 0.055573800
1561000566.183554173 -89.936370 402.647338 42.310451 -0.013431104 0.078125622 -0.995378710 0.054196092
1561000566.284815073 -89.092364 402.732523 42.309043 -0.013526169 0.078346052 -0.995407264 0.053322763
1561000566.383172512 -88.261050 402.811890 42.307074 -0.013243093 0.077957028 -0.995481755 0.052568021
1561000566.484235287 -87.407543 402.891930 42.303959 -0.012785736 0.077908969 -0.995535954 0.051719267
1561000566.585383892 -86.556263 402.971515 42.301453 -0.012227756 0.078334715 -0.995544119 0.051049594
1561000566.683805466 -85.697922 403.044673 42.310580 -0.011675896 0.079183340 -0.995500874 0.050711759
1561000566.784932613 -84.821864 403.120932 42.304407 -0.012001875 0.078920869 -0.995539368 0.050287361
1561000566.883625984 -83.952616 403.195737 42.297945 -0.012574445 0.078590737 -0.995568746 0.050082438
1561000566.983723402 -83.066640 403.270531 42.301213 -0.011881909 0.079906271 -0.995497622 0.049581180
1561000567.084946156 -82.189156 403.340231 42.312741 -0.010776931 0.081381878 -0.995429421 0.048796681
1561000567.184633970 -81.319156 403.424995 42.325172 -0.009606402 0.081576431 -0.995462090 0.048044052
1561000567.284650087 -80.441325 403.505634 42.334649 -0.007660457 0.083017461 -0.995366259 0.047910629
1561000567.383274317 -79.549610 403.568888 42.350244 -0.006964916 0.084764751 -0.995229652 0.047795046
1561000567.484494448 -78.637095 403.641547 42.369625 -0.007377696 0.085020128 -0.995190082 0.048102471
1561000567.584279537 -77.724492 403.717064 42.390751 -0.008673276 0.083844657 -0.995274608 0.048200656
1561000567.683644533 -76.808695 403.796087 42.412865 -0.010009578 0.085952886 -0.995058344 0.048690885
1561000567.784304619 -75.884812 403.888992 42.422564 -0.009973442 0.083428871 -0.995271247 0.048737031
1561000567.883317709 -74.978661 404.004027 42.413995 -0.008373130 0.080028373 -0.995551018 0.049025709
1561000567.984413624 -74.040868 404.096207 42.402150 -0.009370362 0.082927488 -0.995322313 0.048669508
1561000568.084242344 -73.096171 404.170940 42.396784 -0.011090226 0.084380686 -0.995153753 0.049253566
1561000568.182860374 -72.160709 404.272249 42.405223 -0.014201737 0.081258694 -0.995402508 0.048674257
1561000568.284702539 -71.204487 404.371690 42.413816 -0.014239998 0.080938057 -0.995449495 0.048234396
1561000568.383553743 -70.284505 404.460790 42.455131 -0.011902104 0.082734985 -0.995355319 0.047760354
1561000568.485061646 -69.336892 404.554885 42.483452 -0.008013427 0.082428000 -0.995469235 0.046716295
1561000568.584795952 -68.385274 404.646537 42.480299 -0.007009238 0.082454559 -0.995492006 0.046344165
1561000568.684945107 -67.416620 404.731273 42.475193 -0.007792900 0.081746451 -0.995584973 0.045468128
1561000568.785133600 -66.442652 404.814114 42.465737 -0.009586771 0.081188344 -0.995663698 0.044388589
1561000568.883745670 -65.474544 404.896315 42.474554 -0.010902225 0.080710823 -0.995763396 0.042686811
1561000568.984275103 -64.492132 404.975898 42.483924 -0.011227764 0.080039799 -0.995908721 0.040415182
1561000569.085146189 -63.504086 405.046342 42.497793 -0.010078574 0.080796774 -0.995953408 0.038040933
1561000569.185298204 -62.516680 405.102293 42.522404 -0.008647412 0.079895866 -0.996145442 0.035158666
1561000569.285125971 -61.522437 405.169109 42.526038 -0.008564840 0.079719406 -0.996248719 0.032556877
1561000569.383636713 -60.525587 405.231477 42.526929 -0.009269072 0.078265698 -0.996446948 0.029699242
1561000569.484810352 -59.505358 405.291410 42.514246 -0.010042881 0.077018944 -0.996613254 0.027004530
1561000569.584575891 -58.494388 405.341086 42.500702 -0.010172151 0.076101470 -0.996749735 0.024393823
1561000569.684120417 -57.475956 405.372731 42.489223 -0.010328485 0.075888702 -0.996822729 0.021878609
1561000569.784384727 -56.452399 405.392417 42.483907 -0.009991872 0.076717894 -0.996815724 0.019311639
1561000569.883261442 -55.425750 405.410004 42.488238 -0.009253069 0.077251454 -0.996825731 0.016883588
1561000569.984455824 -54.375313 405.424961 42.500466 -0.009552819 0.078840717 -0.996729530 0.014937530
1561000570.084396124 -53.336116 405.428237 42.508118 -0.010314021 0.079299412 -0.996705807 0.013518790
1561000570.183373928 -52.294490 405.432285 42.511937 -0.011100577 0.079564915 -0.996696999 0.011886740
1561000570.286437750 -51.220677 405.442877 42.509567 -0.011549043 0.080449348 -0.996636225 0.010524100
1561000570.385214567 -50.170997 405.453724 42.500791 -0.011876738 0.080240093 -0.996660648 0.009382041
1561000570.486419678 -49.101442 405.466827 42.490031 -0.011991166 0.080665817 -0.996629107 0.008925326
1561000570.586428642 -48.025760 405.472468 42.488582 -0.011655724 0.081372835 -0.996579297 0.008503535
1561000570.686506033 -46.953388 405.477925 42.495901 -0.011579003 0.082191610 -0.996516451 0.008088826
1561000570.786420584 -45.878846 405.481065 42.500159 -0.011478798 0.082467384 -0.996496709 0.007853452
1561000570.884725094 -44.805932 405.498747 42.486777 -0.011602652 0.082399402 -0.996498514 0.008150332
1561000570.985508204 -43.701904 405.510254 42.472341 -0.012292048 0.082559846 -0.996475318 0.008349759
1561000571.085452318 -42.583178 405.525865 42.452475 -0.012623163 0.082724322 -0.996456100 0.008519584
1561000571.185765982 -41.483416 405.544284 42.444055 -0.012405712 0.082811170 -0.996444611 0.009303016
1561000571.285856724 -40.378712 405.566701 42.438685 -0.011789329 0.082812364 -0.996443795 0.010143346
1561000571.385056734 -39.265477 405.582871 42.450070 -0.011152473 0.083453914 -0.996397266 0.010176185
1561000571.485281467 -38.150834 405.592945 42.455246 -0.010946581 0.083380869 -0.996394515 0.011214854
1561000571.578574181 -37.066986 405.610925 42.445840 -0.011660654 0.083459352 -0.996374668 0.011665587
1561000571.677369118 -35.912636 405.638496 42.444998 -0.013000834 0.083984460 -0.996308286 0.012140363
1561000571.778457165 -34.765898 405.662957 42.451315 -0.013029351 0.083528323 -0.996321185 0.014048164
1561000571.877353430 -33.661248 405.692654 42.460571 -0.010949937 0.083300388 -0.996358952 0.014490820
1561000571.978432894 -32.545267 405.722286 42.472272 -0.009586252 0.082851777 -0.996413926 0.014246907
1561000572.078799009 -31.449431 405.752905 42.474077 -0.010860981 0.083060836 -0.996364994 0.015483368
1561000572.178514004 -30.357023 405.781782 42.471508 -0.009372892 0.085670695 -0.996142457 0.016519244
1561000572.278677702 -29.283043 405.803743 42.482012 -0.011024923 0.085249398 -0.996157443 0.016773173
1561000572.377501488 -28.216794 405.828954 42.468068 -0.013645988 0.084676282 -0.996166519 0.017204072
1561000572.478511572 -27.137387 405.866205 42.463164 -0.012812379 0.085662912 -0.996073874 0.018290621
1561000572.578434467 -26.073530 405.887160 42.486829 -0.011076362 0.085942455 -0.996066888 0.018492266
1561000572.678675652 -24.996825 405.914891 42.513396 -0.009236265 0.086534746 -0.996018699 0.019317896
1561000572.778758287 -23.920108 405.950744 42.538426 -0.007564188 0.088007868 -0.995889420 0.020041468
1561000572.877647161 -22.848851 405.980632 42.550776 -0.007862016 0.088222165 -0.995856076 0.020632829
1561000572.978232861 -21.770671 406.018131 42.558719 -0.008379241 0.089166709 -0.995753004 0.021331712
1561000573.078259945 -20.697502 406.054231 42.572295 -0.009141091 0.088966031 -0.995756014 0.021712793
1561000573.179945230 -19.617579 406.089916 42.572127 -0.010027609 0.089487365 -0.995684783 0.022433698
1561000573.278193712 -18.551202 406.139936 42.562543 -0.008874298 0.088418947 -0.995753592 0.024044158
1561000573.377393723 -17.477755 406.172878 42.579832 -0.007289764 0.088367300 -0.995754662 0.024712989
1561000573.478687525 -16.391271 406.219267 42.609360 -0.004788376 0.088685338 -0.995712320 0.025864236
1561000573.578368425 -15.279032 406.261347 42.582984 -0.009505892 0.087714816 -0.995741718 0.026724156
1561000573.678851843 -14.195814 406.314199 42.607752 -0.011009616 0.085993440 -0.995889752 0.026220582
1561000573.778819561 -13.138061 406.374394 42.623857 -0.011149821 0.086425966 -0.995842110 0.026546677
1561000573.879788637 -12.110937 406.436928 42.622289 -0.010015430 0.086582151 -0.995818651 0.027357577
1561000573.978636742 -11.084024 406.488723 42.627220 -0.008172893 0.087030089 -0.995789154 0.027621169
1561000574.077600002 -10.043240 406.543193 42.645749 -0.006543884 0.087367461 -0.995759285 0.028063342
1561000574.178362131 -8.983851 406.593823 42.658268 -0.006543776 0.087186589 -0.995773096 0.028135716
1561000574.278244972 -7.933492 406.642573 42.662710 -0.007064975 0.087350069 -0.995745667 0.028471357
1561000574.377160788 -6.887756 406.694155 42.671928 -0.007289965 0.086922396 -0.995781762 0.028461144
1561000574.478384018 -5.840854 406.747555 42.676388 -0.006753512 0.086795179 -0.995795632 0.028496412
1561000574.577744246 -4.813813 406.792223 42.680498 -0.005930945 0.087121007 -0.995771286 0.028535931
1561000574.678413153 -3.779274 406.829419 42.706383 -0.006257048 0.087902657 -0.995701423 0.028506995
1561000574.778220654 -2.753852 406.872856 42.728733 -0.007387941 0.087995811 -0.995686874 0.028457063
1561000574.877284050 -1.736655 406.921291 42.750058 -0.008027476 0.089200664 -0.995574407 0.028467564
1561000574.978249550 -0.732321 406.972096 42.777943 -0.009070215 0.088710818 -0.995609707 0.028450527
1561000575.077406406 0.235902 407.032613 42.793763 -0.008350101 0.087990380 -0.995680946 0.028415174
1561000575.178278208 1.198398 407.092685 42.816246 -0.007868053 0.088020157 -0.995680202 0.028486502
1561000575.278374910 2.151558 407.142311 42.832486 -0.007090804 0.087045558 -0.995762699 0.028799986
1561000575.378168821 3.091372 407.195243 42.848892 -0.006520713 0.086755304 -0.995795410 0.028679236
1561000575.478340387 4.034233 407.245329 42.864803 -0.006511429 0.085840243 -0.995881818 0.028433410
1561000575.577409029 4.976215 407.292281 42.865907 -0.006376956 0.085688381 -0.995892537 0.028546300
1561000575.678474903 5.903181 407.338111 42.876852 -0.006710068 0.084280447 -0.996009599 0.028577251
1561000575.778279066 6.793870 407.385831 42.888548 -0.006984998 0.084430823 -0.995988590 0.028798854
1561000575.877254725 7.642085 407.418146 42.914255 -0.007811691 0.084026432 -0.996013274 0.028915294
1561000575.978373766 8.488875 407.456484 42.940449 -0.007100747 0.083419459 -0.996058815 0.029284981
1561000576.077503204 9.299980 407.495693 42.964516 -0.005847306 0.083478510 -0.996053911 0.029559313
1561000576.178445101 10.090948 407.525748 42.997197 -0.004534731 0.082644210 -0.996128440 0.029622651
1561000576.278692245 10.850533 407.561953 43.004905 -0.004182430 0.083495502 -0.996063042 0.029486000
1561000576.377549410 11.596226 407.598767 43.010336 -0.004362288 0.082510437 -0.996168580 0.028655852
1561000576.478651285 12.339655 407.633425 43.003903 -0.004205913 0.083504849 -0.996105776 0.027973813
1561000576.577841759 13.071792 407.666624 43.013738 -0.006863009 0.084560624 -0.996002187 0.027965054
1561000576.679054737 13.811659 407.698689 43.057796 -0.005751100 0.084922505 -0.995996846 0.027301580
1561000576.778885365 14.513277 407.722326 43.103799 -0.000062282 0.084849428 -0.996006892 0.027764049
1561000576.877216101 15.218171 407.752339 43.118635 0.003918559 0.086113410 -0.995884276 0.027993457
1561000576.978299141 15.979566 407.785869 43.120893 0.000846609 0.085145393 -0.995945075 0.029033654
1561000577.077344656 16.747456 407.841213 43.098559 -0.007524097 0.085823284 -0.995785979 0.031433031
1561000577.177866936 17.495159 407.893544 43.086478 -0.020398827 0.085060158 -0.995668910 0.031497280
1561000577.279848337 18.239981 407.934431 43.118395 -0.014711616 0.083219422 -0.995958617 0.030406080
1561000577.377990484 18.957436 407.978418 43.178073 -0.003162344 0.082465040 -0.996144757 0.029751294
1561000577.478066921 19.656137 408.024445 43.239249 0.005082491 0.082374689 -0.996130758 0.030200854
1561000577.580223322 20.372903 408.071190 43.276247 0.004895331 0.081817888 -0.996151329 0.031054756
1561000577.678260326 21.062989 408.119504 43.289448 -0.000004039 0.080368358 -0.996294572 0.030627635
1561000577.778560638 21.803067 408.180292 43.263056 -0.001911194 0.078999046 -0.996382721 0.031256540
1561000577.877820253 22.539782 408.233902 43.236478 -0.003074850 0.078337773 -0.996445894 0.030811032
1561000577.978353739 23.255907 408.276176 43.252108 -0.002716361 0.077242701 -0.996550185 0.030231041
1561000578.077402115 23.957925 408.310087 43.280681 -0.002655561 0.076967983 -0.996586371 0.029740246
1561000578.177420378 24.648396 408.344233 43.295960 -0.002169051 0.077562815 -0.996549466 0.029469761
1561000578.278003216 25.330591 408.378382 43.316343 -0.001677641 0.077483217 -0.996554319 0.029547001
1561000578.378007412 26.003375 408.400418 43.330935 -0.001521575 0.076601366 -0.996636877 0.029066325
1561000578.479142904 26.674401 408.433224 43.343386 -0.000980428 0.076585013 -0.996636987 0.029128868
1561000578.577785730 27.338425 408.437907 43.347048 -0.001251563 0.078989637 -0.996449026 0.029127477
1561000578.679456472 28.042032 408.445239 43.379103 -0.001284890 0.079533230 -0.996416557 0.028755147
1561000578.779051542 28.724084 408.461691 43.401586 -0.001359892 0.079476588 -0.996415270 0.028952230
1561000578.877331972 29.396277 408.492523 43.422694 -0.001686661 0.079961608 -0.996373780 0.029027360
1561000578.978870869 30.094213 408.525855 43.443163 -0.001601664 0.080329677 -0.996351139 0.028792095
1561000579.077555418 30.767851 408.530175 43.470368 -0.002069232 0.081170816 -0.996277864 0.028938449
1561000579.177255392 31.425645 408.542490 43.499775 -0.002733900 0.082296324 -0.996186269 0.028857548
1561000579.279049158 32.090437 408.583252 43.525474 -0.002809841 0.082854140 -0.996138691 0.028896451
1561000579.378392935 32.748708 408.620035 43.522795 -0.002469973 0.082403335 -0.996179207 0.028819721
1561000579.479579449 33.389171 408.664074 43.531178 -0.002598935 0.083062543 -0.996129329 0.028639459
1561000579.577577591 34.026977 408.706306 43.533446 -0.002404654 0.082547222 -0.996191096 0.027990625
1561000579.678830147 34.665275 408.737416 43.539829 -0.002970730 0.083260907 -0.996147116 0.027381009
1561000579.778482199 35.297174 408.767928 43.551736 -0.002542551 0.082899189 -0.996193095 0.026843570
1561000579.879339457 35.915884 408.792835 43.558584 -0.003090596 0.083823565 -0.996120144 0.026621753
1561000579.979730606 36.503435 408.832134 43.572039 -0.003709599 0.082958011 -0.996206394 0.026019741
1561000580.078631639 37.061126 408.864288 43.587130 -0.003422224 0.082823824 -0.996229175 0.025611199
1561000580.179579496 37.602278 408.890986 43.624723 -0.001714452 0.084226756 -0.996132020 0.024978248
1561000580.279763937 38.130377 408.895059 43.665684 -0.000689947 0.085405669 -0.996043825 0.024537613
1561000580.377556562 38.658625 408.895437 43.696302 -0.001079381 0.087101406 -0.995904099 0.024232338
1561000580.478818655 39.161492 408.926037 43.712143 -0.001804305 0.085363834 -0.996052785 0.024261304
1561000580.577343225 39.661701 408.960171 43.696759 -0.002219328 0.084791015 -0.996103465 0.024154633
1561000580.677429676 40.166782 409.002290 43.690958 -0.002475965 0.084038382 -0.996178814 0.023647219
1561000580.779059887 40.628839 409.016144 43.692903 -0.003321469 0.084293101 -0.996152177 0.023758795
1561000580.879075527 41.042656 409.031709 43.714422 -0.003548023 0.085183739 -0.996072088 0.023906870
1561000580.978864431 41.443653 409.050161 43.742409 -0.002937327 0.084856843 -0.996094549 0.024214428
1561000581.077630758 41.830427 409.080094 43.755401 -0.002352788 0.083896934 -0.996157756 0.025009882
1561000581.179730654 42.186321 409.111586 43.747289 -0.001690457 0.082389699 -0.996256530 0.026115263
1561000581.280373096 42.525103 409.129262 43.735198 0.000353594 0.082512972 -0.996183613 0.028455119
1561000581.380308867 42.856865 409.133881 43.745770 0.002193657 0.084052195 -0.995917166 0.032854461
1561000581.480332136 43.204906 409.134209 43.779256 0.002770399 0.086006132 -0.995510861 0.039413144
1561000581.580241442 43.572251 409.156468 43.818495 0.002348497 0.085864566 -0.995154980 0.047836452
1561000581.679916143 43.964474 409.215403 43.838372 0.001919156 0.085084066 -0.994727483 0.057221097
1561000581.780571938 44.341263 409.292879 43.848345 0.002405857 0.084456026 -0.994079178 0.068322619
1561000581.879438639 44.706828 409.377700 43.881890 0.003853846 0.084925009 -0.993066986 0.081184064
1561000581.979925156 45.078845 409.482687 43.924247 0.005239546 0.083191986 -0.991956443 0.095257843
1561000582.078409910 45.438169 409.628472 43.949514 0.005594624 0.079507633 -0.990683406 0.110424749
1561000582.179916382 45.796356 409.789057 43.922330 0.007088785 0.076179617 -0.989036082 0.126309315
1561000582.280124187 46.126786 409.924984 43.897423 0.010663358 0.080275192 -0.986348846 0.143381105
1561000582.381330729 46.452050 410.044875 43.946775 0.013343009 0.085029050 -0.983041492 0.161930388
1561000582.481773615 46.781562 410.165092 44.059872 0.013623301 0.087795788 -0.979464573 0.180984681
1561000582.579893589 47.118906 410.324598 44.159020 0.012231388 0.085809340 -0.975969484 0.199926778
1561000582.681579351 47.460076 410.535744 44.235488 0.012515734 0.080480462 -0.972032680 0.220269656
1561000582.781234026 47.762483 410.791804 44.285302 0.014864591 0.072125392 -0.968147410 0.239306425
1561000582.881549120 48.052180 411.080929 44.265073 0.021982802 0.064910287 -0.963510343 0.258749357
1561000582.981024027 48.347038 411.358738 44.220996 0.024174246 0.065894002 -0.957604872 0.279403822
1561000583.079532385 48.649460 411.625389 44.229737 0.020010909 0.073139648 -0.950777737 0.300452744
1561000583.181162357 48.963434 411.877505 44.312702 0.017598366 0.075052464 -0.943864025 0.321213522
1561000583.281284332 49.241824 412.136528 44.442416 0.017837429 0.073192481 -0.936996497 0.341119116
1561000583.382424116 49.488603 412.427388 44.559976 0.023932579 0.068413366 -0.929521703 0.361574676
1561000583.481967449 49.712361 412.746852 44.614141 0.029843425 0.063848001 -0.921504255 0.381919771
1561000583.580690145 49.937095 413.095816 44.630630 0.034393068 0.062226636 -0.912727626 0.402334740
1561000583.681942940 50.161543 413.457265 44.649607 0.037151057 0.063660728 -0.903326366 0.422573766
1561000583.781869411 50.385154 413.821824 44.696779 0.037153133 0.064261212 -0.893671169 0.442540375
1561000583.880205154 50.597392 414.191439 44.758955 0.037493971 0.062854628 -0.883852604 0.462004408
1561000583.981506824 50.800389 414.598807 44.815625 0.038221780 0.060761855 -0.873665818 0.481201756
1561000584.080160141 50.985707 414.994939 44.882522 0.038358799 0.061796951 -0.862686081 0.500482233
1561000584.181990147 51.163721 415.413144 44.975457 0.038715818 0.061013532 -0.851786134 0.518882276
1561000584.282429218 51.311056 415.819540 45.069419 0.041429127 0.060584739 -0.840577699 0.536695675
1561000584.380176306 51.435236 416.232906 45.162297 0.043401564 0.059801919 -0.829060644 0.554254890
1561000584.481787920 51.518289 416.673397 45.249925 0.046914420 0.057174037 -0.817875959 0.570621664
1561000584.580037594 51.597928 417.126559 45.305347 0.049854464 0.055718899 -0.807125323 0.585626715
1561000584.681788921 51.679299 417.597382 45.356614 0.051248882 0.056558819 -0.796038639 0.600414138
1561000584.781707764 51.764980 418.063783 45.417742 0.051395432 0.057492786 -0.785152974 0.614481812
1561000584.880263329 51.835002 418.528784 45.504246 0.051101683 0.057590784 -0.774824234 0.627470578
1561000584.981919527 51.891568 419.009928 45.607894 0.051930231 0.056805403 -0.765126031 0.639264072
1561000585.080963850 51.927509 419.477539 45.731139 0.053613225 0.056192566 -0.756112057 0.649817340
1561000585.182267666 51.942972 419.982102 45.829721 0.057082993 0.053967490 -0.748691633 0.658247583
1561000585.282202482 51.952189 420.501946 45.893862 0.059167946 0.052034059 -0.742411367 0.665294651
1561000585.382136345 51.952426 421.017063 45.946523 0.059374745 0.051543726 -0.736823319 0.671497789
1561000585.482025146 51.967745 421.538072 46.012186 0.057713598 0.051802353 -0.731883149 0.677002743
1561000585.581097841 51.995998 422.062757 46.095099 0.055572139 0.052365249 -0.727023753 0.682353340
1561000585.681939602 52.022922 422.597889 46.197812 0.053918074 0.053122792 -0.722407186 0.687312642
1561000585.781729460 52.045290 423.136560 46.305897 0.054036036 0.053206383 -0.717810326 0.692096470
1561000585.880294561 52.043411 423.668916 46.412346 0.054377674 0.052585799 -0.713680961 0.696374388
1561000585.982194662 52.025038 424.233590 46.510660 0.055540497 0.051661229 -0.709347203 0.700765949
1561000586.080326557 51.995728 424.775841 46.603308 0.054745395 0.051656222 -0.704529919 0.705671431
1561000586.181928158 51.970752 425.358539 46.705495 0.054741544 0.050658485 -0.700614929 0.709630751
1561000586.280345917 51.941618 425.928886 46.802201 0.054321406 0.050075333 -0.696612567 0.713633364
1561000586.380307913 51.907497 426.501443 46.899798 0.055460473 0.048332049 -0.693621830 0.716573029
1561000586.483160496 51.851705 427.103289 46.995157 0.056104383 0.047400136 -0.690883814 0.719225334
1561000586.581524849 51.807335 427.691556 47.089952 0.056726617 0.046288892 -0.688436138 0.721592068
1561000586.683518648 51.763697 428.303788 47.186332 0.057179056 0.045725561 -0.686312498 0.723612385
1561000586.783414125 51.723834 428.897539 47.283094 0.057223390 0.045618006 -0.683858201 0.725935564
1561000586.881644011 51.682003 429.503402 47.386082 0.057692829 0.044767390 -0.682269196 0.727444955
1561000586.983180761 51.630746 430.136812 47.494311 0.057994436 0.044291189 -0.680775913 0.728847784
1561000587.083878994 51.576116 430.771943 47.604073 0.058361969 0.044042599 -0.679059877 0.730432621
1561000587.184049845 51.532258 431.416745 47.715956 0.058690735 0.043505602 -0.678237807 0.731201845
1561000587.283776522 51.467126 432.063407 47.825434 0.059763936 0.043597061 -0.678073993 0.731261396
1561000587.385178566 51.395604 432.729033 47.930462 0.061434393 0.042873286 -0.677702363 0.731510221
1561000587.485132217 51.331390 433.391934 48.030645 0.062292090 0.043021693 -0.678278670 0.730894572
1561000587.583831549 51.264604 434.059188 48.136503 0.062219224 0.043217550 -0.679166437 0.730064355
1561000587.685080290 51.211971 434.741471 48.244811 0.062306166 0.044343034 -0.679016585 0.730128834
1561000587.783706188 51.164650 435.436487 48.363664 0.062021112 0.044746461 -0.679721025 0.729472730
1561000587.884510756 51.121866 436.139485 48.483930 0.062098141 0.045003260 -0.680260124 0.728947660
1561000587.986343622 51.092414 436.838620 48.599942 0.062270613 0.045705708 -0.680495691 0.728669317
1561000588.086532593 51.058651 437.529105 48.720509 0.062633841 0.045509797 -0.681057786 0.728125094
1561000588.186365843 51.018451 438.242604 48.844288 0.062787196 0.046482083 -0.681159574 0.727955231
1561000588.285118580 50.976847 438.954095 48.972499 0.062210213 0.046753727 -0.681323400 0.727834049
1561000588.386089563 50.919867 439.687685 49.102952 0.062314265 0.047045482 -0.681989425 0.727182288
1561000588.485911608 50.863101 440.422997 49.239277 0.062911158 0.046353572 -0.681843983 0.727311705
1561000588.584710836 50.808981 441.155647 49.365936 0.063175946 0.046021290 -0.682327862 0.726855920
1561000588.685852051 50.747309 441.904175 49.499517 0.063031712 0.045639857 -0.682475557 0.726753824
1561000588.776763678 50.685580 442.616873 49.623140 0.063509136 0.044961545 -0.683353378 0.725929205
1561000588.876966238 50.622400 443.399943 49.753207 0.064040943 0.044405769 -0.683243333 0.726020271
1561000588.977847815 50.572158 444.197624 49.883690 0.064075779 0.044669079 -0.683073759 0.726160593
1561000589.077901840 50.531234 444.972265 50.016600 0.063585432 0.044819128 -0.683688642 0.725615586
1561000589.178349018 50.489558 445.761307 50.151976 0.064204064 0.045089063 -0.683523284 0.725700169
1561000589.278189659 50.447648 446.555629 50.285250 0.063727535 0.045221907 -0.683392978 0.725856610
1561000589.378559589 50.411461 447.355986 50.423953 0.063382219 0.045553759 -0.683510542 0.725755392
1561000589.478434086 50.358302 448.150494 50.559098 0.063245439 0.045765672 -0.683302739 0.725949643
1561000589.578370333 50.309416 448.954889 50.698511 0.063398888 0.046175555 -0.682623874 0.726548722
1561000589.677482128 50.251667 449.772048 50.834244 0.064010112 0.045592131 -0.682835136 0.726333422
1561000589.778072357 50.193905 450.600986 50.976544 0.063240555 0.046740607 -0.682870278 0.726294797
1561000589.878135920 50.136544 451.432710 51.110678 0.064147779 0.046127728 -0.682784696 0.726334877
1561000589.979213476 50.075042 452.263470 51.252245 0.063774058 0.046446913 -0.682703943 0.726423348
1561000590.077194929 50.031323 453.089683 51.395325 0.064661135 0.046129529 -0.682722642 0.726347574
1561000590.179354191 49.984369 453.955124 51.541588 0.063905421 0.046667817 -0.682192448 0.726878034
1561000590.279365778 49.940503 454.807119 51.695029 0.063959003 0.046248080 -0.682394705 0.726710277
1561000590.379127741 49.874433 455.668378 51.839366 0.064210226 0.045572072 -0.682300708 0.726819081
1561000590.477813959 49.803556 456.532599 51.983046 0.064500618 0.045135923 -0.682203158 0.726912147
1561000590.579303265 49.738644 457.413997 52.136607 0.064388433 0.045181084 -0.682681903 0.726469695
1561000590.679988384 49.669451 458.303282 52.293102 0.064108129 0.046042665 -0.682110095 0.726977331
1561000590.779212713 49.607422 459.185948 52.453879 0.064605294 0.046517685 -0.682013916 0.726993314
1561000590.878028154 49.547715 460.074132 52.610115 0.064507252 0.047306174 -0.681982496 0.726980616
1561000590.978987694 49.484528 460.974492 52.771582 0.064653359 0.047637443 -0.681953932 0.726972800
1561000591.077397346 49.428341 461.887001 52.922291 0.064609501 0.047094005 -0.681969246 0.726997741
1561000591.180089474 49.360314 462.820652 53.081385 0.063983993 0.047250385 -0.681886372 0.727120640
1561000591.279690742 49.305556 463.732167 53.236243 0.063863562 0.047409156 -0.681626429 0.727364577
1561000591.379090071 49.236710 464.653872 53.399917 0.064029142 0.047692481 -0.681789730 0.727178424
1561000591.479258537 49.175148 465.575872 53.569500 0.064568790 0.047596320 -0.681786506 0.727140029
1561000591.577326775 49.122163 466.495857 53.739573 0.064317427 0.048813878 -0.681362195 0.727479232
1561000591.679027557 49.056577 467.449198 53.928237 0.064637272 0.049779858 -0.681437332 0.727315029
1561000591.779538631 48.975042 468.399320 54.093496 0.065226439 0.048600095 -0.681491071 0.727291869
1561000591.880144596 48.906289 469.353905 54.255295 0.064450228 0.048153123 -0.681360688 0.727512926
1561000591.980302095 48.831977 470.319612 54.420119 0.065471941 0.047754742 -0.681393605 0.727417118
1561000592.078702927 48.759486 471.284384 54.583127 0.065841082 0.049245963 -0.681013556 0.727640244
1561000592.180522680 48.679003 472.284950 54.755122 0.065622861 0.049161633 -0.681440793 0.727265577
1561000592.280159235 48.619923 473.259373 54.931958 0.063797493 0.049344769 -0.681419901 0.727435147
1561000592.382334709 48.549056 474.250196 55.117058 0.063378046 0.048572775 -0.681512130 0.727437368
1561000592.480912447 48.490552 475.182495 55.290649 0.063903345 0.048465815 -0.681717280 0.727206282
1561000592.579141617 48.434264 476.118962 55.464932 0.064653601 0.048179409 -0.681428873 0.727429274
1561000592.680967808 48.354529 477.067379 55.644973 0.065927111 0.048035461 -0.681609109 0.727155577
1561000592.779995918 48.270406 478.005683 55.817946 0.066779505 0.047879693 -0.681097655 0.727567191
1561000592.880479097 48.192995 478.961977 55.998202 0.067005906 0.047915972 -0.681297029 0.727357290
1561000592.980597258 48.117148 479.898470 56.175536 0.067282048 0.048382504 -0.681268487 0.727327649
1561000593.080332041 48.047898 480.846709 56.354603 0.067575406 0.048558271 -0.681445662 0.727122733
1561000593.180847168 47.974691 481.787104 56.528888 0.067437661 0.048621450 -0.681611807 0.726975557
1561000593.279703856 47.902128 482.728692 56.697925 0.067916396 0.048013148 -0.681610084 0.726973035
1561000593.380991936 47.842588 483.691232 56.874978 0.067257659 0.048387788 -0.681638420 0.726982871
1561000593.480800867 47.785910 484.651966 57.055389 0.067629828 0.048110993 -0.682236026 0.726405909
1561000593.579091311 47.725802 485.603366 57.233908 0.067476381 0.048434403 -0.682160886 0.726469251
1561000593.680929661 47.658727 486.563913 57.427001 0.067823645 0.049056493 -0.682012932 0.726534083
1561000593.779366016 47.593714 487.501578 57.610253 0.068431540 0.048740047 -0.682134884 0.726383874
1561000593.881051302 47.528913 488.458071 57.791837 0.068813595 0.049282230 -0.682404478 0.726057904
1561000593.980614424 47.460803 489.404658 57.972757 0.069345320 0.048820775 -0.682368386 0.726072410
1561000594.079567909 47.393189 490.364977 58.136148 0.069437449 0.048105433 -0.682546437 0.725943985
1561000594.180600643 47.309637 491.336713 58.301750 0.069200193 0.047900535 -0.682689979 0.725845207
1561000594.279431581 47.248308 492.299242 58.476515 0.069259576 0.047748195 -0.682746933 0.725796008
1561000594.380651474 47.182607 493.261718 58.653421 0.068744542 0.048666496 -0.683043311 0.725505062
1561000594.480687857 47.120592 494.222753 58.842440 0.068755728 0.048208449 -0.683087869 0.725492632
1561000594.578875303 47.042694 495.190653 59.024802 0.068989827 0.048752468 -0.682861821 0.725646838
1561000594.680440426 46.966874 496.173677 59.216221 0.069532161 0.049494274 -0.682536164 0.725851211
1561000594.779456139 46.882708 497.136366 59.396640 0.071038147 0.049448841 -0.682448303 0.725791090
1561000594.879307985 46.796805 498.124955 59.559620 0.070406883 0.048726557 -0.682890856 0.725485129
1561000594.980443478 46.721405 499.128517 59.754891 0.071206849 0.047279762 -0.683008123 0.725392386
1561000595.079652071 46.633123 500.125916 59.903687 0.073324174 0.043297804 -0.683271849 0.725181664
1561000595.180580854 46.566791 501.111057 60.096883 0.070341268 0.049578309 -0.682265886 0.726021597
1561000595.279387712 46.543506 502.057259 60.322327 0.071803251 0.051666329 -0.680864823 0.727047437
1561000595.380556345 46.512536 503.036205 60.502601 0.072333889 0.054499202 -0.680323922 0.727294305
1561000595.480475187 46.466197 504.042311 60.694730 0.068903656 0.052309550 -0.680571906 0.727556099
1561000595.580813646 46.380824 505.070218 60.906575 0.068151024 0.047112168 -0.681195927 0.727398097
1561000595.680920362 46.280891 506.101758 61.102239 0.067334274 0.045067480 -0.681237645 0.727564629
1561000595.778893709 46.187105 507.085982 61.308338 0.071186941 0.047207964 -0.680688795 0.727575832
1561000595.880791664 46.098935 508.088617 61.491004 0.074389282 0.051461529 -0.679657820 0.727930761
1561000595.980737209 46.040553 509.077087 61.667209 0.075863104 0.052920961 -0.679107736 0.728187368
1561000596.078822374 45.987661 510.080668 61.849471 0.073346373 0.052652234 -0.678953132 0.728608741
1561000596.180483341 45.928342 511.104853 62.043400 0.071666321 0.052471753 -0.678571356 0.729144409
1561000596.278924465 45.864327 512.128083 62.253946 0.071349318 0.052635979 -0.678151180 0.729554457
1561000596.381078959 45.787986 513.160937 62.475858 0.071262456 0.053459341 -0.677499999 0.730107877
1561000596.480664492 45.707909 514.181708 62.689674 0.071577059 0.054036507 -0.676873995 0.730615067
1561000596.578947544 45.622705 515.186551 62.894888 0.071567599 0.054044838 -0.676340812 0.731108980
1561000596.679365873 45.529658 516.213020 63.105233 0.071700267 0.053981236 -0.675804409 0.731596541
1561000596.779042482 45.421922 517.248577 63.311528 0.072231107 0.053255418 -0.675401534 0.731969464
1561000596.879376650 45.324054 518.281144 63.516281 0.072112696 0.053278940 -0.674894200 0.732447222
1561000596.980836630 45.228800 519.318781 63.723535 0.072802449 0.052231016 -0.674658647 0.732671437
1561000597.079136848 45.130362 520.362555 63.919842 0.072902346 0.051339551 -0.674044652 0.733289373
1561000597.180579662 45.025207 521.415186 64.123778 0.073106087 0.051099804 -0.673844068 0.733470164
1561000597.279040337 44.938566 522.442756 64.321161 0.072658723 0.051082702 -0.673703135 0.733645250
1561000597.380581617 44.850321 523.488196 64.535105 0.072344374 0.051964638 -0.673538342 0.733765678
1561000597.480500698 44.762392 524.502063 64.735588 0.072004178 0.052686406 -0.673699356 0.733599835
1561000597.578774929 44.672739 525.520677 64.946157 0.071577395 0.053530872 -0.673718747 0.733562657
1561000597.681932211 44.583748 526.567389 65.168127 0.071740371 0.053215586 -0.673790434 0.733503832
1561000597.780482769 44.484552 527.591357 65.377116 0.071499424 0.052208004 -0.673779412 0.733609883
1561000597.880429268 44.380327 528.626992 65.586343 0.071520867 0.050583317 -0.673816633 0.733687426
1561000597.981998205 44.278897 529.666803 65.795190 0.071797274 0.049617363 -0.674093075 0.733472423
1561000598.081075907 44.163701 530.674717 65.986250 0.073422360 0.049073463 -0.674383409 0.733081148
1561000598.181881428 44.057028 531.696123 66.182930 0.075149740 0.049410036 -0.674147878 0.733100132
1561000598.280456305 43.969470 532.701001 66.373020 0.075513781 0.049676400 -0.673930384 0.733244681
1561000598.380303860 43.888004 533.709962 66.576804 0.075169230 0.050372377 -0.673819379 0.733334614
1561000598.482118607 43.811586 534.728750 66.782849 0.075033922 0.050450583 -0.673829045 0.733334213
1561000598.580303907 43.731399 535.710931 66.988543 0.074767098 0.051069798 -0.673626621 0.733504555
1561000598.681622744 43.654724 536.704572 67.192840 0.075662530 0.050884888 -0.673890210 0.733183398
1561000598.780045271 43.560412 537.684394 67.380602 0.075248730 0.051422864 -0.673683298 0.733378574
1561000598.881442070 43.462270 538.678645 67.587185 0.075523413 0.051364621 -0.673682833 0.733354846
1561000598.981467962 43.361933 539.661472 67.789580 0.075765607 0.051173014 -0.673605231 0.733414541
1561000599.081735611 43.263031 540.628569 67.992215 0.076075164 0.050055030 -0.673846518 0.733237979
1561000599.183076859 43.168817 541.583579 68.172789 0.075707679 0.049874016 -0.673899814 0.733239368
1561000599.281848431 43.082729 542.510875 68.361641 0.075969674 0.049178312 -0.673975759 0.733189456
1561000599.383084774 42.995296 543.450653 68.544481 0.075824825 0.048782649 -0.674127309 0.733091550
1561000599.483104706 42.918777 544.368305 68.722479 0.076099109 0.049550175 -0.674165682 0.732976356
1561000599.581524372 42.841313 545.276729 68.904281 0.076894516 0.049917634 -0.674194818 0.732841600
1561000599.682907820 42.779359 546.193680 69.081489 0.076557393 0.050555817 -0.674347673 0.732692494
1561000599.781486273 42.709023 547.104913 69.259712 0.076148651 0.051633092 -0.674542065 0.732480995
1561000599.883231878 42.639359 548.011578 69.453797 0.076482308 0.051435856 -0.674876742 0.732151755
1561000599.982753754 42.574439 548.920133 69.620511 0.076642899 0.052200830 -0.675373778 0.731622307
1561000600.082136154 42.508786 549.816666 69.806363 0.075944711 0.053254435 -0.675561245 0.731446082
1561000600.182752371 42.447949 550.716861 70.014847 0.075201165 0.053376299 -0.675914873 0.731187281
1561000600.281546593 42.391370 551.607378 70.192991 0.075411882 0.053318493 -0.676292275 0.730820734
1561000600.382814407 42.316846 552.504441 70.375238 0.074939844 0.053158827 -0.676748446 0.730458555
1561000600.482956409 42.237852 553.379711 70.567268 0.074778285 0.053133786 -0.676988637 0.730254335
1561000600.582281351 42.153965 554.259016 70.733471 0.075660679 0.052977147 -0.677560529 0.729644169
1561000600.683409691 42.066182 555.136282 70.920702 0.076089581 0.053383045 -0.677674971 0.729463679
1561000600.781735182 42.005203 555.973732 71.114430 0.075769242 0.053782683 -0.678159572 0.729017174
1561000600.883395195 41.944958 556.837870 71.307078 0.076138652 0.054155739 -0.678394672 0.728732276
1561000600.983220339 41.881727 557.680673 71.495896 0.076006849 0.053612664 -0.679013718 0.728209456
1561000601.081673861 41.814047 558.520272 71.676155 0.076282158 0.052866945 -0.679326288 0.727943619
1561000601.183052540 41.733915 559.378557 71.857718 0.076676239 0.052676580 -0.679635581 0.727627246
1561000601.281697750 41.656157 560.209851 72.036514 0.078005801 0.052157088 -0.680158835 0.727034176
1561000601.381620646 41.592249 561.037611 72.211025 0.078750845 0.052046685 -0.680612647 0.726536903
1561000601.482792854 41.529611 561.872870 72.392802 0.079106200 0.051487264 -0.680960483 0.726212153
1561000601.581609726 41.467528 562.701291 72.562870 0.079190682 0.050102954 -0.681524585 0.725770467
1561000601.683122873 41.415231 563.536129 72.741743 0.079829788 0.049046703 -0.682659649 0.724705064
1561000601.781882524 41.358423 564.345430 72.905961 0.080343795 0.049056537 -0.683130383 0.724203846
1561000601.883131027 41.303811 565.152928 73.073923 0.081181252 0.049200140 -0.683548406 0.723706106
1561000601.981864929 41.256522 565.949296 73.238919 0.080823009 0.050136405 -0.683897694 0.723351869
1561000602.082166672 41.205799 566.744704 73.416137 0.080669344 0.050401316 -0.684015671 0.723239052
1561000602.183266401 41.159603 567.538725 73.589116 0.080398435 0.049207723 -0.684433547 0.722956023
1561000602.282025814 41.094545 568.321205 73.744392 0.080165437 0.048967659 -0.684617115 0.722824374
1561000602.383481264 41.028800 569.101926 73.897836 0.081243701 0.047975035 -0.685111927 0.722301533
1561000602.483552217 40.977019 569.859669 74.047714 0.081520771 0.048336106 -0.684705670 0.722631393
1561000602.583281517 40.936247 570.577927 74.212292 0.081119193 0.050157415 -0.684900358 0.722367918
1561000602.683697939 40.886410 571.300949 74.370022 0.082015527 0.049454218 -0.686145222 0.721132768
1561000602.782217979 40.826980 572.035220 74.505952 0.081948544 0.049379052 -0.687769720 0.719596385
1561000602.882762909 40.761101 572.772520 74.643679 0.082642910 0.049880327 -0.689644807 0.717685267
1561000602.983453989 40.721284 573.475497 74.787466 0.083579284 0.049624151 -0.692815542 0.714533814
1561000603.082205772 40.684943 574.132132 74.925724 0.083078066 0.050927275 -0.696850388 0.710565960
1561000603.183619976 40.677564 574.783232 75.072757 0.083486238 0.051849466 -0.701085862 0.706272111
1561000603.283524752 40.656685 575.435947 75.216877 0.083949632 0.052216969 -0.706447908 0.700826084
1561000603.383194923 40.639838 576.096345 75.354011 0.083234550 0.053569404 -0.712053977 0.695112554
1561000603.483440161 40.625540 576.757066 75.505028 0.083147804 0.053925453 -0.718929336 0.687981903
1561000603.583608389 40.608561 577.404186 75.636974 0.083507338 0.055100448 -0.726486178 0.679859028
1561000603.683702469 40.582665 578.022123 75.773707 0.083692677 0.056289009 -0.735169315 0.670338095
1561000603.782333612 40.573456 578.613019 75.914958 0.084057570 0.056398620 -0.744862406 0.659494895
1561000603.884135008 40.609944 579.185415 76.061556 0.084026301 0.059471145 -0.754223154 0.648498417
1561000603.983912468 40.644205 579.741718 76.173371 0.086463181 0.059333693 -0.764703110 0.635793036
1561000604.083279848 40.753347 580.301598 76.270186 0.085465860 0.061484167 -0.774621882 0.623599410
1561000604.183880091 40.926447 580.886715 76.353950 0.083844302 0.063858354 -0.784834712 0.610677261
1561000604.282070398 41.125647 581.461158 76.427314 0.082452798 0.063425812 -0.796051550 0.596221966
1561000604.383486986 41.333509 582.030886 76.533780 0.079718442 0.066770759 -0.807064824 0.581234036
1561000604.483717203 41.547772 582.552897 76.659461 0.076877556 0.069380178 -0.818643665 0.564888291
1561000604.583456516 41.784061 583.029951 76.794073 0.075187073 0.075537419 -0.829472645 0.548284720
1561000604.683955908 42.080838 583.473388 76.912524 0.075263608 0.077844729 -0.840046879 0.531598372
1561000604.782637835 42.403647 583.925379 77.013259 0.075448687 0.078719299 -0.850661272 0.514282187
1561000604.884013891 42.753500 584.422277 77.119942 0.072117955 0.080158565 -0.861027544 0.496996150
1561000604.983808756 43.066945 584.901552 77.231404 0.067328639 0.083550389 -0.871695370 0.478156218
1561000605.082497120 43.417106 585.330170 77.363780 0.063816199 0.083791551 -0.881218109 0.460826554
1561000605.183431387 43.727180 585.784829 77.513683 0.061192614 0.084927942 -0.891036762 0.441696953
1561000605.282422304 44.034884 586.201374 77.654166 0.060473583 0.085829785 -0.900514943 0.421958565
1561000605.383126497 44.400055 586.596107 77.789384 0.060517067 0.086906399 -0.909183687 0.402703348
1561000605.484431744 44.760257 586.956914 77.930903 0.060410281 0.090637650 -0.917313264 0.382977533
1561000605.581471682 45.102959 587.269359 78.080989 0.060097882 0.091932011 -0.925434654 0.362639562
1561000605.683013678 45.473603 587.631084 78.185575 0.058534153 0.092395147 -0.932855797 0.343244741
1561000605.782197952 45.889587 587.990096 78.265082 0.056575755 0.093054157 -0.939219891 0.325585787
1561000605.883210182 46.344955 588.342712 78.356462 0.053296838 0.093933174 -0.944973864 0.308804797
1561000605.982896090 46.791366 588.665939 78.454246 0.050949886 0.094898077 -0.950102131 0.292753147
1561000606.084903955 47.250321 588.966678 78.551670 0.050385193 0.094842626 -0.954319594 0.278819512
1561000606.184685707 47.723701 589.250624 78.637532 0.050476642 0.094687350 -0.958133968 0.265453789
1561000606.283453703 48.203732 589.523310 78.724323 0.050611112 0.095995563 -0.961057579 0.254148968
1561000606.384668589 48.726561 589.769543 78.828790 0.050152127 0.097644030 -0.963201859 0.245341774
1561000606.483509779 49.248075 589.998773 78.927699 0.048828155 0.099113814 -0.965363034 0.236360902
1561000606.584648132 49.775226 590.249965 79.018202 0.047914087 0.098972182 -0.967531597 0.227577142
1561000606.684483290 50.322560 590.514106 79.110157 0.048047825 0.097668510 -0.969421502 0.219941402
1561000606.783231974 50.846291 590.770116 79.189583 0.047752532 0.097607776 -0.970955884 0.213159776
1561000606.884385109 51.395251 591.016953 79.267378 0.048000958 0.097384019 -0.972358602 0.206714804
1561000606.983309507 51.943133 591.252585 79.329186 0.047789515 0.098779982 -0.973346759 0.201382134
1561000607.084621191 52.509319 591.465039 79.406852 0.048850082 0.099427307 -0.973945757 0.197882648
1561000607.184411049 53.111100 591.650585 79.487382 0.049700595 0.100876489 -0.974358658 0.194881993
1561000607.283636570 53.689150 591.855195 79.572573 0.050271246 0.100977499 -0.974966895 0.191613936
1561000607.384567976 54.286966 592.066812 79.655089 0.049687746 0.100972739 -0.975357074 0.189774109
1561000607.484563351 54.879121 592.288092 79.729427 0.049895213 0.100627114 -0.975843738 0.187386369
1561000607.583303452 55.495219 592.503864 79.815817 0.049380498 0.099941757 -0.976189371 0.186084720
1561000607.684687376 56.137836 592.725138 79.912033 0.048464402 0.099982377 -0.976534393 0.184486602
1561000607.783225775 56.774443 592.949800 80.008270 0.047986818 0.100077735 -0.976765549 0.183332415
1561000607.884497404 57.432918 593.139814 80.105466 0.047156451 0.100652481 -0.976651024 0.183842660
1561000607.984259367 58.081047 593.338492 80.213591 0.047386430 0.101199301 -0.976541896 0.184062905
1561000608.084331036 58.711412 593.555732 80.334730 0.048839621 0.100671741 -0.976733224 0.182953822
1561000608.184502125 59.339936 593.788401 80.459544 0.050027973 0.099560414 -0.976882168 0.182444937
1561000608.283480644 60.003682 594.032205 80.559546 0.049880579 0.099751725 -0.976779621 0.182929204
1561000608.384695292 60.681710 594.273877 80.659416 0.049300028 0.099904737 -0.976866316 0.182539725
1561000608.484787703 61.373473 594.520594 80.751096 0.049448157 0.099979977 -0.976823914 0.182685317
1561000608.584762335 62.053919 594.773669 80.836627 0.049691995 0.099906716 -0.976883080 0.182342539
1561000608.684744835 62.756765 595.034480 80.921315 0.048947066 0.099546026 -0.976886442 0.182722887
1561000608.783224106 63.413223 595.291743 81.005747 0.048825522 0.099881800 -0.976928414 0.182347383
1561000608.884617329 64.105161 595.553411 81.099771 0.048989052 0.099925911 -0.977100442 0.181354934
1561000608.983642817 64.785042 595.809026 81.211091 0.049430849 0.099906993 -0.977147530 0.180991405
1561000609.084172010 65.484820 596.054371 81.327138 0.049313841 0.100319841 -0.977068937 0.181219112
1561000609.184297562 66.181342 596.290322 81.442214 0.048723424 0.100739375 -0.977004371 0.181493981
1561000609.283295393 66.869621 596.543196 81.540651 0.048631087 0.100254156 -0.977220993 0.180619081
1561000609.384303331 67.589337 596.809184 81.633931 0.048967671 0.099453088 -0.977469498 0.179623582
1561000609.484260321 68.314141 597.063493 81.746477 0.049607376 0.100050648 -0.977319852 0.179930217
1561000609.583832502 69.037252 597.302563 81.860670 0.048931413 0.100649584 -0.977245196 0.180186582
1561000609.684109926 69.767936 597.552929 81.983823 0.047888357 0.100882555 -0.977340720 0.179818052
1561000609.783019304 70.475988 597.801667 82.099606 0.047351504 0.100688178 -0.977419192 0.179642557
1561000609.883343220 71.197265 598.062055 82.216658 0.047765077 0.101186798 -0.977297883 0.179912695
1561000609.983076811 71.903134 598.346073 82.323315 0.047771507 0.099924391 -0.977556511 0.179210118
1561000610.083457947 72.637960 598.654956 82.424112 0.047462393 0.098295517 -0.977984413 0.177853313
1561000610.184518814 73.388235 598.932621 82.537827 0.047702757 0.098096751 -0.978027309 0.177662761
1561000610.283450127 74.131701 599.171389 82.666494 0.049106681 0.098413325 -0.978036569 0.177053158
1561000610.384668350 74.881502 599.394319 82.806034 0.051995336 0.098586518 -0.977948059 0.176620433
1561000610.484450579 75.635751 599.635806 82.929984 0.052726959 0.098848651 -0.978048314 0.175699478
1561000610.583388805 76.387599 599.870597 83.037807 0.050908082 0.099659602 -0.977901924 0.176590370
1561000610.684781313 77.157325 600.101754 83.150729 0.050739819 0.100118988 -0.977786098 0.177019791
1561000610.783357859 77.916175 600.354147 83.262769 0.051202319 0.099760666 -0.977811445 0.176948891
1561000610.884573221 78.697510 600.632457 83.389357 0.051602801 0.100030951 -0.977873850 0.176334040
1561000610.984580278 79.487580 600.910864 83.524169 0.050847921 0.100204445 -0.977897921 0.176321336
1561000611.083369493 80.283543 601.205475 83.645012 0.049619755 0.100171252 -0.978124030 0.175433696
1561000611.184624672 81.103633 601.506319 83.769193 0.049688018 0.099675925 -0.978132888 0.175646990
1561000611.283274651 81.918271 601.787511 83.881422 0.049501914 0.099348327 -0.978187517 0.175580900
1561000611.384605885 82.717698 602.049537 83.995196 0.049600518 0.100431706 -0.978105193 0.175395245
1561000611.484188080 83.535821 602.315590 84.121303 0.049746756 0.100747714 -0.978115177 0.175116702
1561000611.583684206 84.345351 602.594294 84.250638 0.050037350 0.100670358 -0.978153287 0.174865348
1561000611.684733391 85.176197 602.882575 84.383031 0.050449035 0.100907722 -0.978095445 0.174933781
1561000611.785774469 86.011487 603.166110 84.523191 0.050395287 0.101300987 -0.978101722 0.174686708
1561000611.886099100 86.865566 603.464240 84.673834 0.049737791 0.101729972 -0.978101433 0.174627468
1561000611.985928297 87.711352 603.768926 84.817242 0.048461267 0.100955959 -0.978133601 0.175254271
1561000612.084864855 88.541638 604.080577 84.960173 0.047505529 0.098674555 -0.978449292 0.175052961
1561000612.186110258 89.405696 604.420701 85.084598 0.048961252 0.097777208 -0.978439986 0.175207328
1561000612.284961939 90.247759 604.739879 85.199810 0.050601918 0.098268809 -0.978448746 0.174415420
1561000612.386140347 91.113340 605.032405 85.318603 0.050078199 0.098058631 -0.978578702 0.173955173
1561000612.485747099 91.985430 605.319960 85.448283 0.048451957 0.098430612 -0.978564059 0.174287708
1561000612.586256504 92.864004 605.632928 85.567116 0.047251979 0.097341508 -0.978678585 0.174585535
1561000612.686297894 93.757751 605.950263 85.689919 0.047576091 0.097485431 -0.978667362 0.174480087
1561000612.785846233 94.649361 606.249197 85.846324 0.047032332 0.098385562 -0.978530670 0.174888444
1561000612.886313200 95.542761 606.553136 86.033579 0.048682570 0.098172408 -0.978554003 0.174425480
1561000612.984890223 96.434098 606.867177 86.232617 0.050855031 0.096222957 -0.978643031 0.174392448
1561000613.078271151 97.312590 607.169236 86.404483 0.051538826 0.094621950 -0.978739236 0.174527774
1561000613.177902937 98.236332 607.528898 86.570295 0.049233584 0.091631515 -0.979157997 0.174440066
1561000613.277077436 99.165018 607.899572 86.652321 0.049540211 0.086345720 -0.979773933 0.173589242
1561000613.378242970 100.102899 608.249714 86.779963 0.049696709 0.092589903 -0.979178165 0.173687845
1561000613.478465557 101.033704 608.558824 86.944229 0.054318686 0.092050185 -0.978841097 0.174488826
1561000613.577147722 101.945279 608.865120 87.082624 0.055628598 0.093630096 -0.978775381 0.173601895
1561000613.678160191 102.897054 609.184603 87.218308 0.053523508 0.092714188 -0.978794982 0.174641621
1561000613.776867867 103.832277 609.507882 87.344526 0.046436051 0.092440196 -0.979253096 0.174246599
1561000613.877801895 104.802137 609.857220 87.461428 0.043461269 0.091426616 -0.979339865 0.175059191
1561000613.977733374 105.764187 610.190525 87.610502 0.046499635 0.092353667 -0.979179046 0.174691100
1561000614.076942444 106.729561 610.515925 87.773460 0.051668867 0.095500047 -0.978657234 0.174470877
1561000614.178018808 107.696700 610.828801 87.953544 0.053504023 0.098280276 -0.978264351 0.174577110
1561000614.276863813 108.659867 611.149582 88.120279 0.052535849 0.099057261 -0.978265737 0.174424172
1561000614.377847672 109.631262 611.480727 88.294144 0.049972146 0.099073557 -0.978470847 0.174017290
1561000614.476857185 110.609390 611.826669 88.451797 0.049547983 0.096723625 -0.978647617 0.174465982
1561000614.577945948 111.593105 612.182135 88.613136 0.049966422 0.095727831 -0.978814463 0.173959149
1561000614.677957773 112.587623 612.537497 88.765599 0.051543195 0.094825524 -0.978851434 0.173785178
1561000614.776926279 113.566870 612.885290 88.917786 0.052877968 0.094577638 -0.978889263 0.173305514
1561000614.878285170 114.588388 613.238351 89.069253 0.051981081 0.096507812 -0.978720784 0.173464224
1561000614.977580070 115.599246 613.575538 89.225571 0.048830298 0.097045192 -0.978775138 0.173773018
1561000615.076930046 116.629698 613.928619 89.384675 0.046402217 0.096334346 -0.978980084 0.173679370
1561000615.177910805 117.657213 614.289975 89.535169 0.046792647 0.096561652 -0.978952945 0.173601347
1561000615.278002739 118.679088 614.649641 89.696335 0.048436261 0.098476008 -0.978756974 0.173179646
1561000615.377815008 119.709896 614.991606 89.868332 0.049401808 0.100704776 -0.978441656 0.173406852
1561000615.477311850 120.727160 615.325181 90.028715 0.049586684 0.101494702 -0.978464066 0.172765906
1561000615.578030586 121.773958 615.673451 90.190356 0.048503276 0.102788745 -0.978386923 0.172745292
1561000615.677788258 122.819248 616.029319 90.360737 0.047242481 0.102356265 -0.978478971 0.172830109
1561000615.777753592 123.864597 616.381903 90.535545 0.045206553 0.103002904 -0.978457285 0.173113000
1561000615.877065420 124.917172 616.722728 90.709128 0.044493535 0.101614990 -0.978634158 0.173118180
1561000615.976853609 125.965490 617.090555 90.867460 0.046080592 0.100507167 -0.978775729 0.172548432
1561000616.077990055 127.002123 617.464599 91.021699 0.047892004 0.101446209 -0.978789237 0.171425353
1561000616.177706718 128.028797 617.814560 91.193770 0.048284702 0.101621571 -0.978615067 0.172203936
1561000616.277382851 129.048848 618.149362 91.362145 0.047085188 0.101103986 -0.978693039 0.172397519
1561000616.377517462 130.073209 618.502353 91.537184 0.046780059 0.100252497 -0.978936565 0.171593311
1561000616.477445364 131.078903 618.856774 91.710570 0.046735147 0.099763317 -0.978961193 0.171750079
1561000616.578242540 132.098405 619.203531 91.874322 0.047310421 0.098748052 -0.979149725 0.171103370
1561000616.678009033 133.095887 619.555784 92.013932 0.047080712 0.097792029 -0.979387966 0.170350631
1561000616.777808189 134.114088 619.900252 92.154906 0.045567736 0.097508925 -0.979629116 0.169535796
1561000616.878453493 135.132849 620.228176 92.298951 0.043670457 0.097694816 -0.979882179 0.168462246
1561000616.977794409 136.147935 620.557715 92.439625 0.043871587 0.098104101 -0.979990076 0.167541997
1561000617.078075886 137.160340 620.895812 92.605690 0.043404108 0.099187477 -0.980136435 0.166164063
1561000617.178050518 138.163346 621.218504 92.744416 0.043299823 0.100293107 -0.980234763 0.164943106
1561000617.277053118 139.151625 621.520428 92.919270 0.043814850 0.101749700 -0.980420632 0.162796319
1561000617.377785206 140.135891 621.822277 93.125203 0.045015795 0.100068322 -0.980940428 0.160361420
1561000617.476546049 141.112714 622.126547 93.291885 0.044322281 0.097120391 -0.981750536 0.157381862
1561000617.577629566 142.116417 622.446869 93.428405 0.042508581 0.094852612 -0.982616751 0.153819123
1561000617.677923203 143.119073 622.769286 93.565858 0.041350990 0.092677760 -0.983435857 0.150182703
1561000617.776918411 144.103763 623.077280 93.692214 0.041239238 0.090390280 -0.984353151 0.145525932
1561000617.878086090 145.116075 623.367248 93.801120 0.041883080 0.091101718 -0.984902944 0.141111569
1561000617.977110863 146.099493 623.631711 93.928203 0.043343045 0.092393839 -0.985515124 0.135442606
1561000618.077430964 147.079449 623.873058 94.051754 0.043962127 0.093387918 -0.986219961 0.129291209
1561000618.178003788 148.069208 624.092996 94.187919 0.043451301 0.094031181 -0.986853881 0.124054583
1561000618.276875496 149.056948 624.305108 94.313488 0.042691005 0.094318380 -0.987587852 0.118117549
1561000618.377896547 150.060753 624.506725 94.447021 0.042085707 0.096265848 -0.988089106 0.112434860
1561000618.476791143 151.051684 624.695956 94.602681 0.040774720 0.096600789 -0.988852005 0.105723328
1561000618.577757835 152.036052 624.880328 94.750110 0.040004308 0.094762580 -0.989849312 0.098071653
1561000618.677839279 153.030692 625.063275 94.894257 0.041026432 0.092875819 -0.990674227 0.090859729
1561000618.777130127 154.012905 625.218049 95.023399 0.043045864 0.092988387 -0.991263841 0.083043431
1561000618.877862453 155.016982 625.356192 95.143441 0.043565784 0.092865139 -0.991881769 0.075157470
1561000618.976759434 156.022360 625.475898 95.242146 0.041456300 0.091727193 -0.992614217 0.067709036
1561000619.076386929 157.036107 625.585763 95.328927 0.038659658 0.091887083 -0.993149932 0.060954146
1561000619.176639557 158.063541 625.672774 95.430561 0.036407471 0.090983012 -0.993723237 0.053951049
1561000619.276072741 159.079518 625.752432 95.520459 0.035296854 0.089783296 -0.994238835 0.046714344
1561000619.376643181 160.098408 625.818374 95.610077 0.034619971 0.089867969 -0.994571035 0.039416530
1561000619.476401806 161.114428 625.874110 95.706761 0.035086899 0.090063110 -0.994795258 0.032248101
1561000619.577236176 162.136534 625.906036 95.795653 0.035062311 0.091620148 -0.994843845 0.025731427
1561000619.676963329 163.143561 625.913584 95.900216 0.034046652 0.092649065 -0.994920638 0.019745906
1561000619.775997400 164.148847 625.907812 95.994908 0.033719574 0.092773070 -0.995007559 0.014700487
1561000619.877467394 165.176892 625.906629 96.078557 0.032788331 0.093169085 -0.995057719 0.010226570
1561000619.976532698 166.188077 625.886615 96.159012 0.031435902 0.093413207 -0.995105488 0.007129163
1561000620.077603340 167.217137 625.864124 96.231695 0.030318146 0.094471914 -0.995054585 0.004715924
1561000620.177915812 168.242310 625.832539 96.316456 0.029789158 0.095382951 -0.994989410 0.003282294
1561000620.277138948 169.270683 625.801798 96.396999 0.029103623 0.094626122 -0.995085250 0.002054727
1561000620.377859116 170.304749 625.781751 96.465496 0.028828847 0.095655840 -0.994995676 0.001568961
1561000620.477169752 171.324604 625.758020 96.548425 0.028248879 0.096846766 -0.994897131 0.001550087
1561000620.577168465 172.345669 625.736276 96.634536 0.028665259 0.097503567 -0.994819988 0.002132905
1561000620.678263187 173.367554 625.731344 96.724702 0.029204179 0.097226636 -0.994831496 0.002095554
1561000620.777109146 174.385748 625.726730 96.802922 0.028870031 0.098063475 -0.994757775 0.002654385
1561000620.878182411 175.408253 625.713316 96.885350 0.028205968 0.098872412 -0.994695568 0.003065448
1561000620.977001190 176.418059 625.702580 96.965556 0.028477926 0.099452366 -0.994628638 0.003479583
1561000621.077927589 177.443739 625.695885 97.056950 0.029366555 0.099130866 -0.994634063 0.003709233
1561000621.177932262 178.460500 625.697702 97.141216 0.029528858 0.098467457 -0.994694745 0.003817163
1561000621.277698755 179.482637 625.700902 97.224868 0.030047673 0.098637635 -0.994660981 0.004157852
1561000621.377558947 180.516140 625.707908 97.313197 0.029773834 0.097544224 -0.994776917 0.004186786
1561000621.476783276 181.540717 625.718526 97.397928 0.030052208 0.097846586 -0.994736503 0.004711586
1561000621.577875137 182.582167 625.713011 97.484883 0.029938524 0.096943060 -0.994824573 0.005458588
1561000621.677961826 183.609421 625.708016 97.572491 0.030393693 0.097369424 -0.994769987 0.005300200
1561000621.777835369 184.643718 625.703917 97.680400 0.030002402 0.096968960 -0.994820652 0.005361612
1561000621.877912283 185.672436 625.694467 97.802446 0.026475634 0.094637203 -0.995145261 0.005361923
1561000621.976767302 186.714315 625.706105 97.876113 0.023738235 0.093285968 -0.995339946 0.005711047
1561000622.076972246 187.762958 625.718604 97.930844 0.025017051 0.093778232 -0.995266328 0.004972594
1561000622.177844524 188.768461 625.715111 98.000034 0.031336416 0.094358502 -0.995036427 0.004124385
1561000622.277517319 189.758913 625.699152 98.070612 0.037320652 0.095183579 -0.994752834 0.003748814
1561000622.377129555 190.762944 625.681751 98.116283 0.036874068 0.095493960 -0.994739525 0.003805737
1561000622.476985693 191.800583 625.672485 98.152415 0.032386834 0.095520455 -0.994892810 0.003902801
1561000622.577878237 192.839494 625.661335 98.224906 0.029828382 0.095270959 -0.994995272 0.004256939
1561000622.677734375 193.860887 625.658263 98.305238 0.030557941 0.095171244 -0.994981755 0.004466925
1561000622.776753187 194.868242 625.660845 98.388449 0.032953794 0.093906138 -0.995028166 0.003825348
1561000622.879524946 195.898048 625.664868 98.472178 0.034938270 0.093920947 -0.994959552 0.003696362
1561000622.976071835 196.872692 625.661362 98.561192 0.032621356 0.093879213 -0.995041641 0.003830651
1561000623.078903437 197.903699 625.654239 98.662362 0.031296970 0.094495243 -0.995026767 0.003588990
1561000623.179399490 198.901435 625.639524 98.766983 0.033870671 0.096543205 -0.994746332 0.003452918
1561000623.279438734 199.888389 625.624565 98.867292 0.036145092 0.098486188 -0.994477832 0.002801007
1561000623.380493879 200.888120 625.606821 98.977970 0.035691193 0.099369715 -0.994408029 0.002114449
1561000623.477343559 201.870362 625.584512 99.075497 0.033469168 0.099995207 -0.994423351 0.001724253
1561000623.578798771 202.881758 625.564324 99.163112 0.032652037 0.100046767 -0.994446824 -0.000057591
1561000623.679700613 203.868120 625.547028 99.253441 0.032775062 0.100455422 -0.994399500 -0.002033974
1561000623.776994467 204.818991 625.527272 99.343602 0.032809978 0.100014573 -0.994432164 -0.005026014
1561000623.879296541 205.795820 625.496852 99.446817 0.034021624 0.100780652 -0.994292047 -0.008313471
1561000623.978639841 206.759334 625.457115 99.543240 0.034787620 0.102047377 -0.994090522 -0.012656584
1561000624.077414513 207.704207 625.394912 99.649111 0.034951434 0.102298561 -0.993975468 -0.018060178
1561000624.178776979 208.667244 625.330001 99.737645 0.031921230 0.103253010 -0.993877981 -0.022943614
1561000624.278326273 209.628555 625.254954 99.790122 0.027494047 0.102882285 -0.993901452 -0.028621954
1561000624.378510237 210.617434 625.172693 99.829314 0.023701426 0.104374340 -0.993656656 -0.034506383
1561000624.476604462 211.584542 625.067873 99.877716 0.024585081 0.106874798 -0.993135457 -0.040685565
1561000624.577254057 212.539595 624.949823 99.943208 0.027220730 0.107929863 -0.992624687 -0.048025061
1561000624.678520203 213.472169 624.817307 100.021492 0.028702269 0.110061160 -0.991991591 -0.054912690
1561000624.776584387 214.382220 624.676490 100.105876 0.027315530 0.109297396 -0.991670475 -0.062430847
1561000624.878428459 215.322579 624.522052 100.162889 0.024517919 0.110171987 -0.991159597 -0.069739930
1561000624.977660418 216.250093 624.359658 100.222977 0.020254048 0.108976560 -0.990875637 -0.076676953
1561000625.078467846 217.211129 624.212670 100.235992 0.016781939 0.104897976 -0.990774820 -0.084142959
1561000625.179273129 218.156387 624.038769 100.232317 0.019007237 0.107800713 -0.989689645 -0.092369567
1561000625.279012680 219.070383 623.826400 100.248469 0.024923815 0.109668884 -0.988540991 -0.100688866
1561000625.378237963 219.958259 623.593837 100.270040 0.030163227 0.110410628 -0.987454583 -0.108780145
1561000625.477352619 220.846509 623.348861 100.292672 0.029313647 0.112631475 -0.986371361 -0.116303052
1561000625.577425957 221.734662 623.088642 100.307384 0.023577032 0.113377662 -0.985766011 -0.121881095
1561000625.679434061 222.652010 622.812878 100.338225 0.018139755 0.116347316 -0.984853305 -0.127272222
1561000625.777700901 223.545431 622.524529 100.391930 0.015013204 0.120246374 -0.983809165 -0.132041431
1561000625.878826618 224.431137 622.232630 100.459158 0.016032577 0.120372109 -0.983136189 -0.136736042
1561000625.979025364 225.299364 621.957162 100.502565 0.018649217 0.118957978 -0.982500223 -0.142107417
1561000626.078804255 226.152398 621.690010 100.520130 0.019216962 0.118744123 -0.981882222 -0.146416681
1561000626.177867413 227.002368 621.411460 100.524265 0.018819579 0.118859394 -0.981211217 -0.150807210
1561000626.279107094 227.854280 621.120539 100.522732 0.018255619 0.120456669 -0.980349889 -0.155148374
1561000626.378882885 228.688332 620.810786 100.536615 0.017749196 0.121798251 -0.979517471 -0.159360208
1561000626.477008581 229.503803 620.496950 100.553111 0.016769838 0.122326799 -0.978736753 -0.163796504
1561000626.579287767 230.337577 620.178018 100.565457 0.015875610 0.122513702 -0.977998583 -0.168098573
1561000626.679304600 231.151008 619.861021 100.586923 0.015174464 0.122458996 -0.977190697 -0.172834810
1561000626.777735710 231.955428 619.537982 100.604063 0.013803607 0.122438493 -0.976326671 -0.177776566
1561000626.879149199 232.765572 619.220772 100.619309 0.010717777 0.121546721 -0.975400555 -0.183589981
1561000626.977517128 233.581752 618.907769 100.601476 0.008723382 0.119285582 -0.974549299 -0.189600942
1561000627.079395771 234.404607 618.578978 100.586536 0.009277591 0.119154130 -0.973177128 -0.196576951
1561000627.180070877 235.185232 618.229620 100.583271 0.011182057 0.118303895 -0.971745519 -0.203935766
1561000627.279513597 235.916736 617.863508 100.593808 0.012471884 0.117195662 -0.970541543 -0.210139817
1561000627.380353928 236.662296 617.495006 100.587112 0.011977023 0.117536783 -0.969005481 -0.216956295
1561000627.478700161 237.418478 617.109922 100.553381 0.009119704 0.120335694 -0.967201074 -0.223513389
1561000627.580134153 238.191922 616.685997 100.537634 0.004654776 0.121817729 -0.965467208 -0.230243013
1561000627.679667950 238.936171 616.274336 100.521754 0.003339790 0.120331993 -0.963955781 -0.237272648
1561000627.778591633 239.680197 615.863023 100.491616 0.004396834 0.118338944 -0.962434417 -0.244328785
1561000627.880317211 240.403345 615.452576 100.471483 0.006368740 0.117775977 -0.960590606 -0.251702099
1561000627.978779316 241.086688 615.031102 100.447567 0.006667850 0.118741582 -0.958658101 -0.258516193
1561000628.080760002 241.774990 614.600204 100.423035 0.006155165 0.118322081 -0.956655366 -0.266031030
1561000628.180061817 242.447603 614.160723 100.393135 0.005960522 0.118455423 -0.954736014 -0.272785498
1561000628.279055595 243.115140 613.709666 100.363387 0.005708964 0.118782190 -0.952626702 -0.279929572
1561000628.380751848 243.787265 613.249394 100.328463 0.005339033 0.118295218 -0.950633408 -0.286834202
1561000628.478821993 244.439893 612.792118 100.282163 0.004449126 0.119197029 -0.948558683 -0.293272397
1561000628.580414295 245.101006 612.306997 100.237345 0.003920490 0.120184987 -0.946334574 -0.299985120
1561000628.681253195 245.742522 611.812486 100.194106 0.002899101 0.121524913 -0.944183051 -0.306172594
1561000628.781708479 246.370729 611.315370 100.155948 0.002493756 0.122414268 -0.941972687 -0.312563568
1561000628.881842852 246.986532 610.816767 100.122590 0.002367487 0.123089303 -0.940007845 -0.318164533
1561000628.981796026 247.596002 610.311973 100.085476 0.001185674 0.122811073 -0.938309308 -0.323251725
1561000629.083159685 248.216081 609.807765 100.035988 -0.002900461 0.123320116 -0.936704445 -0.327671358
1561000629.182565212 248.851432 609.302752 99.968318 -0.010124754 0.122653258 -0.935482500 -0.331249391
1561000629.283004522 249.491429 608.787193 99.893749 -0.014699652 0.120826601 -0.933997639 -0.335906628
1561000629.383286238 250.104389 608.258907 99.840307 -0.009431141 0.121099210 -0.932055491 -0.341348206
1561000629.481816530 250.665384 607.749148 99.810051 0.004839304 0.119193191 -0.930470096 -0.346402893
1561000629.583210707 251.214663 607.239254 99.776988 0.010417363 0.116701780 -0.928886789 -0.351342433
1561000629.682984829 251.782911 606.744014 99.706387 0.006367772 0.118770476 -0.927484841 -0.354436024
1561000629.783653736 252.374775 606.200056 99.612712 -0.003995400 0.123748024 -0.925695769 -0.357432242
1561000629.883287191 252.982578 605.624509 99.536337 -0.009627581 0.127310291 -0.923849120 -0.360835423
1561000629.981827259 253.580400 605.042951 99.481715 -0.010051009 0.124808241 -0.922537119 -0.365030333
1561000630.082990885 254.171476 604.454096 99.442840 -0.008146167 0.123229898 -0.920787882 -0.369996903
1561000630.183214664 254.750558 603.893045 99.393426 -0.008055406 0.118831883 -0.919284375 -0.375140417
1561000630.284588099 255.319369 603.340351 99.324350 -0.008109649 0.117134888 -0.917276570 -0.380548744
1561000630.383129835 255.883670 602.791689 99.243488 -0.007572824 0.119090802 -0.914741119 -0.386016475
1561000630.481638193 256.434979 602.210502 99.179889 -0.006324994 0.118499177 -0.912158352 -0.392281889
1561000630.584401846 256.991274 601.605129 99.096557 -0.007015116 0.116453858 -0.909695556 -0.398551481
1561000630.683083773 257.522928 601.010028 99.015383 -0.006828496 0.116551399 -0.906962619 -0.404707241
1561000630.782851219 258.057351 600.397174 98.917913 -0.006304807 0.117074589 -0.903931890 -0.411291781
1561000630.882982969 258.580417 599.765745 98.822389 -0.005405430 0.121573394 -0.900800937 -0.416831336
1561000630.983098507 259.076359 599.111347 98.733232 -0.006583207 0.125214865 -0.897403550 -0.423018637
1561000631.083218336 259.569301 598.429729 98.658186 -0.009808842 0.126446430 -0.894591957 -0.428509413
1561000631.182296753 260.073423 597.755602 98.564753 -0.013356837 0.126923979 -0.891555466 -0.434558108
1561000631.283143520 260.583125 597.066167 98.463729 -0.014755452 0.127977052 -0.888746263 -0.439925255
1561000631.383444071 261.077521 596.385659 98.371579 -0.014604781 0.128044878 -0.885618455 -0.446173915
1561000631.481693029 261.552339 595.714849 98.288346 -0.013777233 0.124521446 -0.882507612 -0.453304436
1561000631.583141088 262.032246 595.032862 98.201812 -0.013948231 0.122520074 -0.879300816 -0.460026471
1561000631.682014704 262.500854 594.354993 98.115520 -0.015004013 0.123629130 -0.875448195 -0.466991622
1561000631.783304930 262.971306 593.642226 97.996505 -0.017414212 0.122705242 -0.872149255 -0.473281994
1561000631.883168459 263.430452 592.921919 97.868397 -0.018584145 0.123101225 -0.868387151 -0.480004660
1561000631.983542681 263.876434 592.170413 97.742210 -0.018389436 0.122941393 -0.864922548 -0.486267651
1561000632.083169699 264.303879 591.416070 97.635193 -0.017343331 0.121296823 -0.861731622 -0.492346322
1561000632.182263851 264.720181 590.676284 97.523144 -0.019000798 0.120580310 -0.858001248 -0.498932077
1561000632.282160997 265.143628 589.917347 97.380513 -0.022031402 0.120098704 -0.854879184 -0.504254400
1561000632.382771730 265.557344 589.130811 97.218334 -0.023443493 0.121462583 -0.852081372 -0.508580946
1561000632.481397390 265.969260 588.357377 97.069938 -0.023796389 0.122022576 -0.849319096 -0.513031476
1561000632.582669973 266.372091 587.567929 96.907537 -0.021888152 0.121339750 -0.846411259 -0.518059412
1561000632.681562662 266.749335 586.785307 96.766887 -0.018588634 0.124500412 -0.843923364 -0.521485826
1561000632.780731440 267.095730 585.973585 96.671306 -0.015775823 0.128316636 -0.841627663 -0.524355644
1561000632.883202791 267.457901 585.130927 96.560427 -0.017915583 0.127761921 -0.840149569 -0.526787077
1561000632.982194901 267.838816 584.324046 96.429061 -0.020032107 0.129877105 -0.838241495 -0.529227596
1561000633.083123684 268.227269 583.498730 96.282661 -0.021076560 0.130733943 -0.836269203 -0.532088559
1561000633.182445288 268.605656 582.686897 96.153721 -0.019069838 0.129966895 -0.834528177 -0.535077256
1561000633.282891273 268.968479 581.869647 96.041400 -0.018669684 0.129660923 -0.832754258 -0.537921773
1561000633.382774115 269.340393 581.064412 95.927058 -0.020672401 0.129091248 -0.831247934 -0.540310072
1561000633.481004477 269.709445 580.253706 95.780289 -0.026153517 0.128111204 -0.828878032 -0.543934483
1561000633.581429720 270.095790 579.404841 95.596399 -0.029352402 0.129797851 -0.826868818 -0.546423748
1561000633.682082176 270.464257 578.559670 95.437816 -0.029737296 0.129423389 -0.824855486 -0.549525893
1561000633.782382727 270.805735 577.728714 95.276710 -0.028775390 0.126076462 -0.822637903 -0.553663782
1561000633.883040667 271.141354 576.891064 95.134685 -0.027346973 0.125381418 -0.819894199 -0.557947261
1561000633.981915236 271.455208 576.046853 94.995126 -0.026424559 0.124474608 -0.818253067 -0.560597657
1561000634.083466291 271.759227 575.197109 94.838271 -0.026060890 0.123168042 -0.815665117 -0.564659968
1561000634.181680441 272.053182 574.348544 94.701919 -0.025037436 0.122499737 -0.813594405 -0.567830156
1561000634.284597158 272.372197 573.475216 94.565685 -0.024695972 0.120683639 -0.811133152 -0.571741706
1561000634.384472609 272.684714 572.622876 94.410750 -0.025056141 0.120294625 -0.808971164 -0.574862634
1561000634.483031750 272.976578 571.764651 94.272132 -0.025571727 0.121779412 -0.806323352 -0.578237419
1561000634.583318949 273.262022 570.898915 94.129050 -0.027436276 0.120883691 -0.803817726 -0.581817366
1561000634.682685137 273.543365 570.035186 93.973429 -0.029320710 0.120677743 -0.800933603 -0.585732483
1561000634.784065247 273.827133 569.156276 93.819161 -0.030949749 0.119960399 -0.797784884 -0.590077024
1561000634.885765314 274.105732 568.282615 93.657786 -0.032037401 0.119841466 -0.794128151 -0.594955551
1561000634.984837532 274.362487 567.397380 93.505821 -0.033556271 0.119852771 -0.790641891 -0.599495363
1561000635.085963011 274.605977 566.505706 93.342584 -0.036106322 0.118911798 -0.787307200 -0.603907022
1561000635.177145243 274.837566 565.644413 93.170655 -0.038229667 0.118377604 -0.783428321 -0.608905002
1561000635.277302504 275.075367 564.722426 92.973886 -0.040458370 0.117948108 -0.779793143 -0.613493292
1561000635.377761126 275.286116 563.807362 92.790842 -0.041005416 0.117954531 -0.776113350 -0.618104645
1561000635.477256060 275.474868 562.909762 92.606135 -0.041583315 0.116824270 -0.772072385 -0.623319460
1561000635.576583147 275.669621 562.012848 92.438308 -0.041045256 0.115956237 -0.767810749 -0.628757578
1561000635.676557779 275.842161 561.106782 92.277461 -0.040990136 0.113958241 -0.763733645 -0.634069593
1561000635.774909258 276.004309 560.215381 92.124983 -0.041546006 0.113003416 -0.759400696 -0.639386222
1561000635.876526833 276.154158 559.278443 91.940992 -0.043564260 0.111773608 -0.755039674 -0.644611438
1561000635.975451946 276.286012 558.351974 91.737427 -0.045603939 0.111052482 -0.750758956 -0.649575721
1561000636.076809645 276.419263 557.412391 91.536563 -0.046472292 0.110616796 -0.746050275 -0.654991022
1561000636.177987099 276.528698 556.479440 91.333037 -0.046456829 0.109612947 -0.740876007 -0.661006435
1561000636.277055979 276.620997 555.562559 91.127875 -0.045927953 0.109250483 -0.735955253 -0.666576943
1561000636.377147436 276.686309 554.627303 90.915393 -0.045580888 0.110665405 -0.731710310 -0.671025762
1561000636.477061987 276.736764 553.683484 90.716454 -0.045358177 0.113570356 -0.727847376 -0.674746328
1561000636.577279329 276.773302 552.740264 90.527785 -0.045336557 0.116116040 -0.723208904 -0.679286790
1561000636.676751852 276.803153 551.789183 90.358604 -0.044957234 0.117203995 -0.719603722 -0.682944034
1561000636.777018309 276.830688 550.839756 90.174166 -0.044222180 0.115189120 -0.715784446 -0.687334338
1561000636.877060652 276.840687 549.895807 89.993136 -0.043037685 0.114984409 -0.711655964 -0.691716801
1561000636.976934433 276.837638 548.954929 89.809792 -0.043458856 0.114131937 -0.707768183 -0.695808471
1561000637.076633930 276.843942 548.016840 89.605921 -0.044800229 0.114277125 -0.703117768 -0.700399231
1561000637.175913095 276.839120 547.071705 89.402878 -0.046074958 0.114997581 -0.699334410 -0.703977299
1561000637.277137756 276.825609 546.123754 89.193907 -0.047042250 0.114239454 -0.695335929 -0.707986101
1561000637.378241062 276.791928 545.179434 88.979179 -0.046744849 0.114681069 -0.691932726 -0.711261045
1561000637.475681782 276.758172 544.247946 88.784434 -0.047048797 0.116172212 -0.688520763 -0.714303568
1561000637.577061415 276.712481 543.275770 88.576028 -0.047985005 0.116753659 -0.685570785 -0.716978885
1561000637.676298141 276.650806 542.334535 88.371118 -0.048311495 0.117853812 -0.683588244 -0.718667928
1561000637.776693821 276.591568 541.387026 88.170598 -0.048642739 0.118023865 -0.681427368 -0.720667048
1561000637.877080679 276.518846 540.456149 87.960555 -0.049393697 0.118576581 -0.679398004 -0.722439069
1561000637.975842476 276.438063 539.531587 87.743657 -0.049912327 0.119413062 -0.677473570 -0.724071020
1561000638.076776981 276.357579 538.605625 87.527289 -0.050370342 0.119749098 -0.675356657 -0.725958930
1561000638.175938129 276.274577 537.687718 87.317856 -0.049873815 0.120137065 -0.672768466 -0.728328414
1561000638.277028561 276.202918 536.762010 87.121767 -0.049161498 0.120387103 -0.670416911 -0.730500690
1561000638.377026796 276.126619 535.860157 86.942147 -0.049155430 0.119741221 -0.668107160 -0.732720005
1561000638.477058649 276.044026 534.966332 86.751541 -0.050235195 0.119333826 -0.666053150 -0.734580876
1561000638.577646494 275.956921 534.069711 86.538339 -0.051628230 0.120114308 -0.664123913 -0.736102239
1561000638.676849842 275.847812 533.178530 86.322542 -0.053554675 0.120987097 -0.662362790 -0.737407319
1561000638.777724981 275.744845 532.299961 86.104738 -0.055247040 0.121910153 -0.660672377 -0.738645848
1561000638.877753735 275.637019 531.452599 85.904449 -0.056686781 0.121874153 -0.658779855 -0.740231317
1561000638.976956367 275.533801 530.626844 85.709685 -0.056710709 0.121641989 -0.657169694 -0.741697455
1561000639.078142881 275.428849 529.789631 85.520760 -0.056449526 0.120028207 -0.655264137 -0.743663628
1561000639.177135468 275.327853 528.992655 85.340714 -0.055699986 0.118910671 -0.653988804 -0.745021079
1561000639.278019190 275.217501 528.185279 85.153522 -0.055622991 0.119405029 -0.651984193 -0.746702842
1561000639.377957821 275.089611 527.388978 84.972853 -0.056209788 0.120454061 -0.649756314 -0.748430365
1561000639.476717710 274.957506 526.607525 84.792832 -0.057275473 0.118652606 -0.647787330 -0.750341692
1561000639.577870369 274.840756 525.832420 84.612371 -0.056760399 0.115212207 -0.645645617 -0.752759020
1561000639.676144361 274.734885 525.091961 84.428719 -0.054856899 0.111801709 -0.643302428 -0.755415835
1561000639.777076721 274.600182 524.359306 84.246592 -0.052963845 0.111926517 -0.640662542 -0.757772257
1561000639.877212286 274.459719 523.633730 84.063884 -0.053550443 0.114269400 -0.637481315 -0.760060805
1561000639.975912571 274.309054 522.910764 83.892344 -0.054212229 0.117670852 -0.633375700 -0.762921901
1561000640.077142239 274.140475 522.179284 83.751247 -0.053985765 0.118497248 -0.629520328 -0.765994841
1561000640.176721096 274.000316 521.476497 83.637655 -0.054100737 0.117198794 -0.625277402 -0.769652989
1561000640.277683735 273.854521 520.780490 83.518370 -0.057093485 0.114860650 -0.620033156 -0.774019542
1561000640.377831936 273.690251 520.092263 83.352784 -0.061261612 0.114167234 -0.613654917 -0.778871299
1561000640.476875782 273.528119 519.417734 83.141902 -0.065514350 0.113584218 -0.606620792 -0.784103125
1561000640.577869177 273.346794 518.744041 82.919710 -0.066725472 0.115295074 -0.598217238 -0.790184088
1561000640.676927567 273.130167 518.094209 82.726035 -0.067421727 0.116133454 -0.589298732 -0.796677058
1561000640.777815819 272.886143 517.446226 82.555574 -0.069405736 0.117973300 -0.579602630 -0.803321813
1561000640.877896547 272.631571 516.808335 82.371395 -0.073896082 0.119754909 -0.569821416 -0.809630585
1561000640.977579355 272.364579 516.158475 82.147201 -0.081650237 0.125815341 -0.559356603 -0.815244705
1561000641.077612638 272.093454 515.507427 81.897163 -0.089182016 0.133028827 -0.547877929 -0.821084450
1561000641.176633358 271.781464 514.863628 81.642483 -0.093939550 0.139326773 -0.536272748 -0.827148687
1561000641.277478218 271.453932 514.235272 81.406543 -0.097085499 0.141871575 -0.525089377 -0.833503454
1561000641.377463818 271.096427 513.622776 81.196683 -0.099271615 0.141728788 -0.514118139 -0.840083708
1561000641.475797653 270.733219 513.022300 80.980156 -0.103689678 0.141467155 -0.504406128 -0.845464342
1561000641.577321053 270.354014 512.406420 80.749729 -0.108072100 0.140831454 -0.495452962 -0.850301879
1561000641.676475763 269.978740 511.796515 80.492586 -0.112966597 0.139756528 -0.487285630 -0.854552149
1561000641.777580976 269.584352 511.178771 80.232177 -0.112670571 0.139858288 -0.479652488 -0.858882118
1561000641.878570318 269.171971 510.574211 80.011779 -0.112042870 0.136539418 -0.471934129 -0.863760129
1561000641.976620913 268.754247 509.991941 79.793942 -0.109919815 0.130100302 -0.465223803 -0.868653186
1561000642.077465773 268.318612 509.391091 79.572358 -0.108643650 0.124644194 -0.459233468 -0.872791501
1561000642.176484346 267.868856 508.793099 79.338119 -0.109098635 0.119779705 -0.453491142 -0.876410916
1561000642.277632475 267.386889 508.187818 79.091707 -0.108573785 0.120084961 -0.447666772 -0.879423559
1561000642.377377272 266.888969 507.581441 78.852525 -0.107239292 0.122054187 -0.441695794 -0.882330627
1561000642.475976229 266.372806 506.979224 78.620062 -0.105134319 0.121440176 -0.436656351 -0.885172463
1561000642.577042818 265.837109 506.371129 78.401675 -0.104090555 0.119265750 -0.433485568 -0.887147733
1561000642.675876141 265.318214 505.760927 78.187615 -0.102429226 0.116951738 -0.430471862 -0.889114459
1561000642.777304411 264.795130 505.145213 77.960810 -0.102077410 0.116033354 -0.427643091 -0.890639012
1561000642.877326250 264.268194 504.536520 77.735808 -0.101743899 0.115767968 -0.425286941 -0.891839096
1561000642.976241112 263.741952 503.923883 77.513788 -0.102828594 0.114139944 -0.422984632 -0.893018675
1561000643.077399492 263.197860 503.297771 77.287061 -0.103944082 0.113776243 -0.420590127 -0.894066295
1561000643.176469564 262.655699 502.668082 77.060373 -0.105535153 0.113647736 -0.418637591 -0.894812321
1561000643.277528524 262.104114 502.030073 76.820926 -0.107207341 0.111945485 -0.416827093 -0.895672914
1561000643.377699375 261.561812 501.409388 76.606947 -0.102325618 0.105990688 -0.415019385 -0.897805297
1561000643.477680683 261.022922 500.814966 76.433180 -0.092800580 0.097228976 -0.413579604 -0.900492359
1561000643.578172922 260.483623 500.230015 76.270733 -0.085421553 0.090395625 -0.411891805 -0.902705340
1561000643.676593065 259.933286 499.639774 76.102326 -0.083751691 0.091099639 -0.409911325 -0.903691992
1561000643.777568102 259.355157 499.032642 75.918163 -0.084163273 0.096120917 -0.406492984 -0.904677162
1561000643.877794027 258.762260 498.422467 75.723818 -0.085883052 0.103215246 -0.404306151 -0.904713906
1561000643.976788998 258.171612 497.803210 75.514669 -0.086027401 0.104315648 -0.402309364 -0.905463808
1561000644.077729940 257.589412 497.185083 75.322342 -0.086360064 0.102053056 -0.400042444 -0.906693529
1561000644.176327467 257.028426 496.588431 75.142641 -0.084307469 0.100271361 -0.397957179 -0.908002196
1561000644.277313948 256.463035 495.993164 74.958113 -0.083028865 0.099168737 -0.395289013 -0.909405501
1561000644.378093958 255.903308 495.406187 74.781370 -0.081475495 0.097807204 -0.392573786 -0.910868441
1561000644.478060246 255.351277 494.815805 74.603650 -0.080606548 0.096155025 -0.389206867 -0.912564962
1561000644.577891827 254.785253 494.235606 74.430390 -0.080518815 0.095059571 -0.385032743 -0.914456224
1561000644.676627636 254.192916 493.689857 74.250925 -0.077783405 0.097354554 -0.380723287 -0.916254120
1561000644.776649714 253.581929 493.125068 74.067609 -0.077382444 0.098818149 -0.376771158 -0.917763818
1561000644.878635883 252.969872 492.561288 73.886468 -0.077700036 0.099635033 -0.373134071 -0.919133575
1561000644.977783203 252.372483 492.019431 73.712423 -0.076186774 0.099708831 -0.368951133 -0.920939078
1561000645.078706503 251.756573 491.470874 73.534113 -0.075556686 0.099909704 -0.364594582 -0.922702568
1561000645.177072763 251.152687 490.937058 73.363950 -0.075513350 0.101049434 -0.359880896 -0.924430899
1561000645.278707743 250.538285 490.404596 73.187333 -0.077559002 0.100944186 -0.355292729 -0.926046408
1561000645.378654003 249.935710 489.878785 73.010427 -0.078828797 0.101456636 -0.350509842 -0.927704383
1561000645.478221655 249.317414 489.358910 72.827947 -0.080550819 0.101318981 -0.344689930 -0.929749903
1561000645.578202724 248.686074 488.851418 72.644096 -0.081080132 0.101153582 -0.339334873 -0.931689760
1561000645.676527262 248.055793 488.348960 72.460187 -0.082099785 0.098972226 -0.334487654 -0.933585633
1561000645.778273106 247.413945 487.847216 72.274283 -0.080156727 0.099658259 -0.328703452 -0.935733494
1561000645.877227306 246.748526 487.382911 72.094320 -0.079760910 0.103208448 -0.321789368 -0.937783459
1561000645.979253531 246.080426 486.910237 71.918867 -0.078988865 0.103275955 -0.316414439 -0.939668420
1561000646.078590631 245.441047 486.441209 71.743582 -0.082287375 0.100685535 -0.311964727 -0.941153133
1561000646.177004814 244.803294 485.993570 71.563071 -0.082031913 0.096423778 -0.306963178 -0.943263922
1561000646.278238058 244.139029 485.559476 71.396627 -0.074782412 0.098816995 -0.301386831 -0.945414602
1561000646.378351450 243.434201 485.138131 71.260898 -0.073250638 0.102339332 -0.294319936 -0.947384178
1561000646.479023218 242.734965 484.681416 71.104657 -0.079986740 0.104034338 -0.288806926 -0.948350957
1561000646.578578711 242.060874 484.221194 70.896069 -0.092821290 0.103905746 -0.283517005 -0.948791817
1561000646.676934481 241.386382 483.792969 70.686711 -0.090700844 0.101134230 -0.276136661 -0.951469269
1561000646.779268026 240.700847 483.381899 70.502381 -0.091847617 0.093326837 -0.269052477 -0.954182834
1561000646.879122257 240.027295 482.986711 70.335559 -0.090096931 0.092144678 -0.260910785 -0.956722250
1561000646.978735447 239.302528 482.621291 70.178395 -0.091760064 0.093907629 -0.251771012 -0.958839301
1561000647.078766823 238.558712 482.264014 70.044353 -0.091066973 0.087835955 -0.243479829 -0.961618024
1561000647.176915407 237.879115 481.901812 69.930511 -0.093976548 0.070405921 -0.235149350 -0.964839986
1561000647.278669596 237.213782 481.553224 69.834546 -0.089772020 0.057309370 -0.226095783 -0.968265107
1561000647.380162716 236.516334 481.236074 69.719159 -0.087003729 0.061515667 -0.214364088 -0.970924411
1561000647.480366707 235.783207 480.938834 69.587837 -0.091364190 0.072050966 -0.201040402 -0.972647932
1561000647.580197811 235.003432 480.654049 69.447588 -0.099688860 0.079452541 -0.187838053 -0.973892340
1561000647.680169821 234.210972 480.383650 69.307224 -0.102151655 0.077029499 -0.175175367 -0.976189063
1561000647.781547546 233.427018 480.130293 69.192219 -0.102528682 0.070657102 -0.163691322 -0.978621783
1561000647.882959843 232.656280 479.901580 69.094025 -0.103737159 0.062728464 -0.151580938 -0.980982651
1561000647.981476784 231.893586 479.711025 68.979992 -0.105010482 0.060962010 -0.138113151 -0.982945161
1561000648.084172249 231.108966 479.538366 68.854569 -0.105103059 0.062337214 -0.124152405 -0.984709906
1561000648.182917595 230.313904 479.398517 68.739951 -0.105877856 0.062288739 -0.110743916 -0.986228056
1561000648.284117222 229.506281 479.271748 68.639747 -0.106892304 0.061776575 -0.097314096 -0.987566533
1561000648.385167837 228.695240 479.153713 68.543529 -0.108111559 0.060781428 -0.084313459 -0.988690421
1561000648.485202074 227.874770 479.054964 68.444948 -0.109528786 0.059925368 -0.071513868 -0.989594948
1561000648.585081339 227.050164 478.979594 68.349705 -0.110105188 0.059098266 -0.059620943 -0.990368409
1561000648.684079170 226.211466 478.926738 68.253202 -0.110453869 0.058762897 -0.047883753 -0.990986383
1561000648.777527571 225.389917 478.895828 68.162065 -0.111140196 0.058668487 -0.036390230 -0.991403861
1561000648.877378464 224.517485 478.879703 68.066834 -0.111977124 0.057833102 -0.026600499 -0.991669738
1561000648.977667809 223.662366 478.876546 67.977727 -0.111798742 0.056529718 -0.017854636 -0.991961009
1561000649.077679873 222.810452 478.896022 67.910938 -0.111860295 0.054666759 -0.010463249 -0.992163968
1561000649.176326036 221.969350 478.916220 67.834490 -0.112033175 0.052980560 -0.003770934 -0.992283935
1561000649.277570248 221.105634 478.944631 67.745336 -0.113075182 0.051601036 0.001573746 -0.992244355
1561000649.377611637 220.255797 478.988026 67.669059 -0.111910424 0.052055663 0.006375562 -0.992333420
1561000649.476565838 219.391335 479.035854 67.597310 -0.109195336 0.053897916 0.010266997 -0.992504903
1561000649.577830553 218.518050 479.076300 67.544585 -0.107360664 0.053697151 0.012283188 -0.992693018
1561000649.676774979 217.644145 479.110478 67.503468 -0.108690214 0.052269715 0.013670629 -0.992606381
1561000649.776876926 216.765471 479.149210 67.441953 -0.108422595 0.050006999 0.013932263 -0.992748575
1561000649.877864838 215.890614 479.197064 67.395369 -0.107129534 0.049816289 0.014236697 -0.992894212
1561000649.979151487 215.020837 479.241037 67.329734 -0.107541154 0.050660371 0.014539795 -0.992802610
1561000650.077670336 214.165125 479.276021 67.268721 -0.107450879 0.051911765 0.015031091 -0.992740421
1561000650.177037716 213.294708 479.319925 67.204179 -0.107862210 0.052530731 0.014617167 -0.992669434
1561000650.277542114 212.431871 479.353534 67.137633 -0.107309633 0.053186319 0.014505549 -0.992696050
1561000650.376572371 211.563495 479.379343 67.076222 -0.107857174 0.053498196 0.013760258 -0.992630560
1561000650.477693558 210.693090 479.396521 67.003800 -0.109715915 0.052805472 0.012866422 -0.992475922
1561000650.577821970 209.836881 479.417279 66.926342 -0.111756409 0.050984963 0.012042690 -0.992353774
1561000650.677751541 208.990621 479.450396 66.851169 -0.110627200 0.051467008 0.010979894 -0.992467738
1561000650.777865887 208.135893 479.480512 66.790989 -0.108915123 0.052542381 0.009971430 -0.992611387
1561000650.877702951 207.287824 479.500858 66.719517 -0.109283706 0.053766567 0.009327366 -0.992511576
1561000650.977724075 206.456782 479.520492 66.657884 -0.109149009 0.053890669 0.008223650 -0.992529426
1561000651.077757120 205.625455 479.540756 66.600505 -0.108973640 0.053843341 0.006453006 -0.992564355
1561000651.176795959 204.819195 479.559356 66.545766 -0.108348852 0.053112949 0.004619183 -0.992682328
1561000651.277709007 204.040160 479.576733 66.490651 -0.108534289 0.053430069 0.003684380 -0.992648962
1561000651.376404762 203.278618 479.588770 66.430638 -0.108926161 0.053615847 0.002298658 -0.992600196
1561000651.477488518 202.528287 479.603725 66.370472 -0.108985765 0.053581517 0.000791394 -0.992597853
1561000651.577454329 201.803654 479.616830 66.318057 -0.108098108 0.053462065 -0.001229537 -0.992700909
1561000651.676428080 201.059255 479.630223 66.270999 -0.107828552 0.052982452 -0.003639181 -0.992750029
1561000651.777698040 200.333707 479.631881 66.215952 -0.108324015 0.052360697 -0.007066436 -0.992710598
1561000651.876505375 199.607656 479.632252 66.154098 -0.106718076 0.052406671 -0.010561915 -0.992851066
1561000651.976755381 198.872457 479.616948 66.093720 -0.105050293 0.053147709 -0.014728107 -0.992936473
1561000652.077836275 198.144553 479.585279 66.037262 -0.104721388 0.053445698 -0.019870310 -0.992865630
1561000652.176696301 197.436874 479.550853 65.979316 -0.104720413 0.053623550 -0.026681411 -0.992696455
1561000652.277566195 196.713665 479.506188 65.911160 -0.102027354 0.053842451 -0.034403669 -0.992727454
1561000652.377574444 195.993944 479.451449 65.844902 -0.098574576 0.055318018 -0.043448432 -0.992640521
1561000652.476626873 195.280121 479.378614 65.781122 -0.096020257 0.058712923 -0.053600247 -0.992199535
1561000652.577056885 194.557098 479.290325 65.702437 -0.095021255 0.061711887 -0.064965316 -0.991434371
1561000652.676018238 193.849704 479.186128 65.618181 -0.093399597 0.064067876 -0.077680741 -0.990523864
1561000652.777391195 193.154139 479.045701 65.539473 -0.090805105 0.064956868 -0.091607534 -0.989516598
1561000652.877538443 192.455084 478.888952 65.448955 -0.088846786 0.065501920 -0.106607358 -0.988155159
1561000652.977923870 191.786775 478.694475 65.362932 -0.087335623 0.066419003 -0.122475963 -0.986387674
1561000653.077593565 191.110175 478.482258 65.264727 -0.088523129 0.067694107 -0.139566935 -0.983921864
1561000653.176434755 190.461848 478.241715 65.154615 -0.088533499 0.069087263 -0.157161988 -0.981167101
1561000653.277550220 189.820106 477.972239 65.031636 -0.087395049 0.070667796 -0.175596573 -0.978025568
1561000653.377824068 189.189630 477.693424 64.902614 -0.085901876 0.074586557 -0.194447803 -0.974293470
1561000653.477774620 188.577284 477.380850 64.763884 -0.085012659 0.077555246 -0.214262474 -0.969974033
1561000653.577863693 187.974579 477.046270 64.615348 -0.082764974 0.080417023 -0.233996499 -0.965364543
1561000653.677077770 187.355093 476.685630 64.516349 -0.076814997 0.088155478 -0.253369279 -0.960277083
1561000653.778714657 186.733587 476.265558 64.424506 -0.081738177 0.088310990 -0.274210991 -0.954111299
1561000653.878501892 186.217608 475.825076 64.273031 -0.087531753 0.088407055 -0.294676019 -0.947464210
1561000653.977458000 185.708017 475.399461 64.108042 -0.084027098 0.089040825 -0.314897662 -0.941196388
1561000654.078445673 185.191502 474.957887 63.977161 -0.076536125 0.089355331 -0.335526196 -0.934655026
1561000654.176763535 184.706634 474.501923 63.840954 -0.076941459 0.091727194 -0.356292701 -0.926672350
1561000654.278417826 184.247601 473.987728 63.681500 -0.077897405 0.092979138 -0.377109100 -0.918191484
1561000654.377737999 183.826371 473.456167 63.527126 -0.075274722 0.095217574 -0.398272275 -0.909201037
1561000654.477066517 183.401769 472.906435 63.388394 -0.072665612 0.096847767 -0.419683623 -0.899558712
1561000654.578365803 183.011431 472.338038 63.206271 -0.073072785 0.097114206 -0.440963020 -0.889258575
1561000654.676873684 182.644366 471.750520 63.028652 -0.068919205 0.099217202 -0.461149945 -0.879060191
1561000654.778624535 182.288032 471.138072 62.890189 -0.066079575 0.102050156 -0.480957081 -0.868273886
1561000654.876966238 181.972946 470.510696 62.752172 -0.065617848 0.102208451 -0.500768392 -0.857017356
1561000654.978611469 181.694649 469.844471 62.595201 -0.065027883 0.103048622 -0.519369462 -0.845817780
1561000655.078569651 181.436106 469.190651 62.427231 -0.062559885 0.104872258 -0.537456396 -0.834403196
1561000655.176639318 181.209317 468.544120 62.259588 -0.061500064 0.106554138 -0.554558645 -0.822999798
1561000655.278124332 181.003852 467.857701 62.091998 -0.059767153 0.109200200 -0.569978520 -0.812174668
1561000655.377569199 180.819830 467.172325 61.942628 -0.058635970 0.110786846 -0.584703522 -0.801504766
1561000655.477633238 180.674991 466.488788 61.792908 -0.057722224 0.110690423 -0.598667430 -0.791209886
1561000655.578392744 180.568754 465.783490 61.631076 -0.057659696 0.110641418 -0.610283428 -0.782296602
1561000655.676839352 180.473784 465.074810 61.468115 -0.055274866 0.111604105 -0.620983937 -0.773865727
1561000655.778623819 180.379705 464.341362 61.275945 -0.056518101 0.113267878 -0.631024245 -0.765365595
1561000655.877341509 180.286032 463.628107 61.077804 -0.055983834 0.116754376 -0.639167140 -0.758089436
1561000655.976659775 180.198917 462.915648 60.898508 -0.052323123 0.116305146 -0.647219180 -0.751560202
1561000656.078438044 180.118613 462.190595 60.780129 -0.046856073 0.116419095 -0.655334608 -0.744840691
1561000656.176477194 180.046087 461.488831 60.673610 -0.046669620 0.112023795 -0.662327500 -0.739320565
1561000656.278329849 180.016792 460.736894 60.496350 -0.047223665 0.111159041 -0.668550142 -0.733794454
1561000656.377705812 179.999613 459.967974 60.299354 -0.048732501 0.115664510 -0.673009597 -0.728906679
1561000656.476489782 179.977356 459.201208 60.112616 -0.049874684 0.118021775 -0.676844805 -0.724889293
1561000656.578231335 179.952955 458.428616 59.942863 -0.049003638 0.119380975 -0.679809262 -0.721946115
1561000656.676467896 179.936653 457.672821 59.793089 -0.047538669 0.118538408 -0.683133071 -0.719039587
1561000656.778140306 179.924794 456.912857 59.641666 -0.046793471 0.117172400 -0.686108311 -0.716474972
1561000656.877212048 179.915085 456.162986 59.482607 -0.046704455 0.115121779 -0.689280984 -0.713762842
1561000656.978273392 179.911252 455.381344 59.316869 -0.045615583 0.115706590 -0.691689259 -0.711405070
1561000657.078066349 179.897952 454.580192 59.142710 -0.046281978 0.117249436 -0.693871310 -0.708980361
1561000657.176265478 179.902813 453.780061 58.959987 -0.047348315 0.118833474 -0.695499302 -0.707048417
1561000657.277948141 179.916152 452.967959 58.775988 -0.048011805 0.120758478 -0.697003496 -0.705193862
1561000657.376723766 179.933444 452.172192 58.596957 -0.048719328 0.120790206 -0.698243030 -0.703912512
1561000657.476489305 179.950028 451.373885 58.421556 -0.047635056 0.120644758 -0.699505089 -0.702757692
1561000657.578109026 179.965613 450.565406 58.248733 -0.047717750 0.119638221 -0.699715566 -0.702714621
1561000657.677735567 179.983991 449.750760 58.076068 -0.047897501 0.118493041 -0.699891913 -0.702720812
1561000657.778919220 179.990058 448.935218 57.903738 -0.048129047 0.118554105 -0.699620719 -0.702964699
1561000657.877166748 179.985329 448.116300 57.734918 -0.047842600 0.118193710 -0.699487449 -0.703177532
1561000657.976449490 179.978884 447.289566 57.561176 -0.047859077 0.118193678 -0.699449808 -0.703213858
1561000658.078510284 179.966506 446.438017 57.379880 -0.048173375 0.117350831 -0.699938148 -0.702847564
1561000658.176008701 179.960326 445.605604 57.200348 -0.047874745 0.118102152 -0.700255900 -0.702425487
1561000658.278118134 179.958972 444.732380 57.017187 -0.046236785 0.119645871 -0.700659297 -0.701871480
1561000658.376169205 179.962316 443.887527 56.840206 -0.046524578 0.119788722 -0.701583708 -0.700904007
1561000658.479519367 179.969337 442.996750 56.644263 -0.046922426 0.121630091 -0.702503850 -0.699637583
1561000658.579445362 179.986960 442.142159 56.456025 -0.047431673 0.122512358 -0.703132103 -0.698817719
1561000658.678093195 180.001624 441.298375 56.277732 -0.047093709 0.122711974 -0.704104331 -0.697825942
1561000658.779563665 180.021591 440.440749 56.096013 -0.046300085 0.122731665 -0.704725297 -0.697248518
1561000658.878786325 180.037499 439.612461 55.921771 -0.046210793 0.122527476 -0.705829415 -0.696172692
1561000658.979849815 180.064769 438.752179 55.741770 -0.046341872 0.122777910 -0.706425644 -0.695514791
1561000659.079730749 180.091037 437.908375 55.560246 -0.046518749 0.122416383 -0.706978365 -0.695004911
1561000659.177913427 180.119018 437.071948 55.377927 -0.046359627 0.122202832 -0.707348640 -0.694676295
1561000659.279594660 180.150440 436.215302 55.190094 -0.047057672 0.121342112 -0.707358977 -0.694769707
1561000659.377708673 180.188300 435.389862 55.007558 -0.048937246 0.120971926 -0.707246448 -0.694818970
1561000659.479430676 180.211568 434.556079 54.810760 -0.049698227 0.121330704 -0.707041480 -0.694910996
1561000659.579421282 180.232561 433.753343 54.620444 -0.050069077 0.121996729 -0.706662437 -0.695153282
1561000659.678908825 180.252921 432.964703 54.436162 -0.050654684 0.121866789 -0.706162211 -0.695641805
1561000659.779444933 180.273879 432.199787 54.258035 -0.051014751 0.121811322 -0.705921124 -0.695869861
1561000659.878154278 180.297210 431.458883 54.083846 -0.050636143 0.121852628 -0.705640543 -0.696174793
1561000659.979404926 180.310317 430.730076 53.926889 -0.050597444 0.121755368 -0.705528737 -0.696307927
1561000660.079487562 180.326053 430.027204 53.772342 -0.050717238 0.121060536 -0.705493236 -0.696456318
1561000660.178680658 180.356335 429.341338 53.615645 -0.051590729 0.120181481 -0.705109975 -0.696932372
1561000660.278744459 180.374174 428.673597 53.468929 -0.052606321 0.119611027 -0.704939451 -0.697127067
1561000660.378120184 180.386560 428.024904 53.324241 -0.052409813 0.120048911 -0.704821407 -0.697185954
1561000660.479547501 180.392328 427.389631 53.185768 -0.052885412 0.119940798 -0.704575217 -0.697417451
1561000660.579893351 180.394065 426.790423 53.055102 -0.052869518 0.119758373 -0.704754328 -0.697269018
1561000660.679210663 180.402885 426.208916 52.932692 -0.053144773 0.119866376 -0.704790288 -0.697193183
1561000660.780178308 180.415214 425.636527 52.811217 -0.053790879 0.119575572 -0.705245978 -0.696732613
1561000660.878221989 180.432570 425.085468 52.699670 -0.054011846 0.119320293 -0.705861685 -0.696135526
1561000660.979691505 180.445798 424.548166 52.585988 -0.053529184 0.119059931 -0.706612248 -0.695455599
1561000661.079739571 180.461542 424.048301 52.477834 -0.053069294 0.118687838 -0.707265403 -0.694890277
1561000661.179624319 180.476734 423.552254 52.364651 -0.053521814 0.118660107 -0.707831641 -0.694283488
1561000661.279540777 180.491128 423.074345 52.261141 -0.054050047 0.118898760 -0.708272651 -0.693751778
1561000661.377980471 180.517971 422.634050 52.158093 -0.054761253 0.117951548 -0.708663637 -0.693458352
1561000661.479466200 180.539115 422.221038 52.055061 -0.053834520 0.117605412 -0.709136341 -0.693106386
1561000661.580161810 180.544469 421.850014 51.973244 -0.053213248 0.117815227 -0.709551410 -0.692693814
1561000661.677824974 180.545757 421.509406 51.900959 -0.053314438 0.118106917 -0.709874524 -0.692305197
1561000661.779514790 180.559478 421.179640 51.832972 -0.053764542 0.118244211 -0.710131915 -0.691982907
1561000661.877839327 180.582025 420.910364 51.774612 -0.054452786 0.117492004 -0.710204978 -0.691982234
1561000661.979584932 180.610782 420.638677 51.695664 -0.053756097 0.116458251 -0.710887307 -0.691510661
1561000662.079779863 180.625580 420.404493 51.631401 -0.054128007 0.116340869 -0.711362161 -0.691012907
1561000662.177737474 180.627008 420.208537 51.582928 -0.054132017 0.116493509 -0.711580068 -0.690762473
1561000662.279452801 180.618516 420.041403 51.548012 -0.053316666 0.116249596 -0.711878256 -0.690559711
1561000662.378378868 180.605340 419.897304 51.525962 -0.052955509 0.116797903 -0.712000495 -0.690368929
1561000662.479307413 180.592976 419.773487 51.514963 -0.053106445 0.117606320 -0.711979083 -0.690242163
1561000662.580720901 180.587068 419.663916 51.507355 -0.053014243 0.117893710 -0.712231105 -0.689940154
1561000662.679200411 180.598739 419.578414 51.494754 -0.052882908 0.117643455 -0.712339347 -0.689881200
1561000662.780987263 180.619530 419.502664 51.475627 -0.053250285 0.117200160 -0.712631251 -0.689626877
1561000662.879577398 180.645180 419.434677 51.447435 -0.053597130 0.116786981 -0.712754102 -0.689543138
1561000662.981443882 180.653371 419.370466 51.418201 -0.053501761 0.116758859 -0.712706065 -0.689604956
1561000663.081502676 180.647568 419.319512 51.404064 -0.053398422 0.116994834 -0.712759409 -0.689517834
1561000663.181155920 180.645136 419.285310 51.399604 -0.052986868 0.116962962 -0.712911093 -0.689398166
1561000663.281102180 180.637308 419.268869 51.402062 -0.052982547 0.116991924 -0.713035349 -0.689265066
1561000663.379360199 180.640166 419.276048 51.410732 -0.053274138 0.117017815 -0.712893278 -0.689385140
1561000663.479444265 180.642302 419.300883 51.417555 -0.053501547 0.117084315 -0.712841748 -0.689409523
1561000663.582337618 180.641091 419.340604 51.430538 -0.053221408 0.116968385 -0.712848646 -0.689443751
1561000663.681154251 180.635573 419.369458 51.441391 -0.052945790 0.116830420 -0.712954034 -0.689379389
1561000663.781066656 180.627613 419.385900 51.450057 -0.052809279 0.116868755 -0.712943786 -0.689393960
1561000663.879058838 180.628221 419.387718 51.451505 -0.052944381 0.116837971 -0.712933828 -0.689399114
1561000663.979396820 180.628211 419.385816 51.449795 -0.053043296 0.116918740 -0.712871184 -0.689442595
1561000664.080766678 180.630005 419.381204 51.447382 -0.053298015 0.116962611 -0.712857725 -0.689429426
1561000664.181035757 180.634006 419.376586 51.444421 -0.053108090 0.116922616 -0.712814439 -0.689495618
1561000664.280996799 180.633329 419.371413 51.445812 -0.053119647 0.116951543 -0.712833520 -0.689470096
1561000664.379423380 180.630709 419.366508 51.445536 -0.053113611 0.117002758 -0.712879943 -0.689413871
1561000664.481244087 180.630880 419.370835 51.448374 -0.053153615 0.116989485 -0.712860343 -0.689433307
1561000664.581283092 180.631123 419.369685 51.445709 -0.053151351 0.116947535 -0.712833676 -0.689468171
1561000664.679195881 180.631460 419.369796 51.444389 -0.053108639 0.116928408 -0.712864685 -0.689442645
1561000664.780773878 180.636038 419.371099 51.444266 -0.053145918 0.116951249 -0.712794053 -0.689508923
1561000664.880814314 180.631753 419.370158 51.443219 -0.053035172 0.116931702 -0.712914326 -0.689396411
1561000664.981290579 180.635705 419.366332 51.442838 -0.053118123 0.116958065 -0.712917387 -0.689382387
1561000665.081585169 180.633815 419.366809 51.443072 -0.053108652 0.116982128 -0.712910910 -0.689385732
1561000665.179232836 180.630979 419.368651 51.443497 -0.053055310 0.116984494 -0.713071392 -0.689223441
1561000665.281094313 180.628659 419.372350 51.444553 -0.053004896 0.116968405 -0.713000070 -0.689303832
1561000665.379307270 180.627096 419.375181 51.444743 -0.052992728 0.117006947 -0.713120408 -0.689173729
1561000665.481068850 180.629260 419.373234 51.444539 -0.053252354 0.117290972 -0.713171383 -0.689052678
1561000665.579231739 180.627062 419.376604 51.445751 -0.053068007 0.117125953 -0.713272017 -0.688990804
1561000665.679638147 180.625863 419.393195 51.454034 -0.052968005 0.117025660 -0.713458704 -0.688822228
1561000665.781133175 180.629569 419.401513 51.456462 -0.052869656 0.116822579 -0.713550808 -0.688768850
1561000665.879384756 180.629666 419.392987 51.453400 -0.052683114 0.116919973 -0.713975963 -0.688325891
1561000665.980766535 180.626290 419.377566 51.452723 -0.052747269 0.117039704 -0.714255023 -0.688011043
1561000666.082023144 180.628588 419.349216 51.445298 -0.052620416 0.117155633 -0.714774931 -0.687460870
1561000666.180655241 180.633296 419.313311 51.436162 -0.052661214 0.117139589 -0.715422401 -0.686786649
1561000666.279465675 180.638647 419.278719 51.425353 -0.052619644 0.117211360 -0.716092219 -0.686079153
1561000666.380650520 180.648105 419.243348 51.419495 -0.052403654 0.117242145 -0.716989587 -0.685152588
1561000666.479971647 180.652876 419.204300 51.413093 -0.052055402 0.117266963 -0.718220826 -0.683884156
1561000666.580487967 180.659890 419.157196 51.405435 -0.051705574 0.117347023 -0.719633426 -0.682410391
1561000666.679011345 180.672409 419.107832 51.402035 -0.051632213 0.117475956 -0.721369198 -0.680558590
1561000666.781004429 180.683383 419.055690 51.392724 -0.051241344 0.117481920 -0.723281755 -0.678554218
1561000666.879228115 180.692528 418.999148 51.381414 -0.050656276 0.117442364 -0.725735291 -0.675980414
1561000666.980914593 180.705329 418.924548 51.359388 -0.049735522 0.117458264 -0.728391777 -0.673183001
1561000667.082355022 180.714004 418.835635 51.348029 -0.048620933 0.118143391 -0.731540235 -0.669721605
1561000667.180704832 180.719483 418.722847 51.346888 -0.047157003 0.119635778 -0.735213251 -0.665526088
1561000667.282132387 180.747306 418.593748 51.352662 -0.046585495 0.120903887 -0.739101200 -0.661015474
1561000667.380867004 180.814588 418.465399 51.341489 -0.047511132 0.120588689 -0.744008601 -0.655478651
1561000667.482550621 180.904125 418.350485 51.296389 -0.048234854 0.118735639 -0.749943588 -0.648968306
1561000667.582121134 180.989919 418.230259 51.212291 -0.045174566 0.115979135 -0.756006894 -0.642620942
1561000667.683398485 181.038442 418.098985 51.183015 -0.041928414 0.116376161 -0.761996388 -0.635657221
1561000667.783324003 181.095217 417.959670 51.172374 -0.040825414 0.116705034 -0.768548207 -0.627731530
1561000667.882022142 181.165901 417.797109 51.151735 -0.039425358 0.114571569 -0.775917979 -0.619088271
1561000667.983581781 181.245538 417.618175 51.113475 -0.037006007 0.111052412 -0.783712999 -0.609993322
1561000668.082336664 181.316793 417.435022 51.064313 -0.034144303 0.110840667 -0.791164530 -0.600505787
1561000668.183711290 181.389083 417.235333 51.041260 -0.031171517 0.111285627 -0.799085131 -0.590005761
1561000668.283637524 181.460519 417.034290 51.034671 -0.028048195 0.111547404 -0.807271990 -0.578863032
1561000668.384090424 181.562673 416.837369 51.031632 -0.025476247 0.110479222 -0.815547589 -0.567474610
1561000668.483201027 181.699145 416.645319 51.003407 -0.023877550 0.109243533 -0.824049827 -0.555371584
1561000668.582978010 181.840596 416.438675 50.960332 -0.020227955 0.108427668 -0.832617082 -0.542755070
1561000668.682586432 181.988033 416.222813 50.934341 -0.015295419 0.109071497 -0.841070330 -0.529594333
1561000668.783477783 182.147494 415.996996 50.915609 -0.013991575 0.110732284 -0.849457668 -0.515717236
1561000668.882488489 182.321802 415.765817 50.908383 -0.012840723 0.110596170 -0.858105141 -0.501257589
1561000668.983749151 182.532251 415.539629 50.901314 -0.010986816 0.108564306 -0.866579724 -0.486962693
1561000669.082736731 182.771133 415.309031 50.871113 -0.011121473 0.103540324 -0.875343264 -0.472154513
1561000669.182885647 183.024165 415.081968 50.820787 -0.009188660 0.100986566 -0.883636688 -0.457059608
1561000669.283872843 183.271649 414.844455 50.764187 -0.007331854 0.101039221 -0.891267539 -0.442017527
1561000669.382470131 183.513407 414.604264 50.714492 -0.005923875 0.103783466 -0.898663825 -0.426142264
1561000669.483706713 183.757098 414.356640 50.684879 -0.003804653 0.106714263 -0.905916347 -0.409772086
1561000669.583472490 184.012582 414.113573 50.689722 -0.002192994 0.108382447 -0.912839399 -0.393665680
1561000669.682028770 184.288730 413.878460 50.688579 -0.000723882 0.108512079 -0.919828831 -0.377013961
1561000669.783083677 184.594710 413.648811 50.679502 0.000841687 0.108509758 -0.926548031 -0.360185604
1561000669.881941557 184.922381 413.435442 50.664537 0.002419963 0.108686012 -0.932843871 -0.343487709
1561000669.983124495 185.265532 413.214022 50.637248 0.004853455 0.109737354 -0.938850100 -0.326335174
1561000670.083661795 185.625420 412.986860 50.615729 0.006580454 0.112890528 -0.944289218 -0.309079762
1561000670.181753635 185.998230 412.752671 50.608962 0.006873937 0.114388354 -0.949775972 -0.291193505
1561000670.283641338 186.412390 412.543597 50.593882 0.006493892 0.114971179 -0.955039407 -0.273201734
1561000670.382392406 186.843937 412.351009 50.594539 0.004594299 0.119849157 -0.959486843 -0.254951112
1561000670.483011961 187.271364 412.161022 50.603877 0.006729661 0.120988235 -0.963931030 -0.236967357
1561000670.582854986 187.695374 411.991696 50.610215 0.011045673 0.120887718 -0.968122316 -0.219096630
1561000670.682862759 188.150846 411.835934 50.624868 0.015159488 0.120180146 -0.972031717 -0.201199561
1561000670.784799576 188.623392 411.683578 50.636787 0.019158066 0.119964926 -0.975634327 -0.182699330
1561000670.883952141 189.104562 411.547480 50.664187 0.023088185 0.120017424 -0.978708883 -0.164898986
1561000670.984670162 189.609519 411.424276 50.695422 0.024431374 0.120066815 -0.981471791 -0.147309847
1561000671.084987640 190.154699 411.314078 50.718303 0.022069698 0.120726238 -0.983994010 -0.129204844
1561000671.184279919 190.724880 411.246047 50.736702 0.019563768 0.120727709 -0.986038549 -0.113004684
1561000671.285036325 191.284598 411.174178 50.761769 0.018607700 0.119827595 -0.987767773 -0.098030234
1561000671.383909464 191.825876 411.105605 50.792871 0.022415735 0.120241838 -0.988887727 -0.084501472
1561000671.477147102 192.350713 411.047678 50.843566 0.026541105 0.119700181 -0.989716847 -0.073674958
1561000671.577342272 192.920775 410.999688 50.908726 0.029967963 0.114939494 -0.990755912 -0.065525236
1561000671.676419020 193.493027 410.982627 50.947651 0.031269889 0.111595461 -0.991530379 -0.058618726
1561000671.777582645 194.100700 410.950177 50.967956 0.028705229 0.108694340 -0.992212961 -0.053618930
1561000671.876202822 194.701728 410.903032 50.997749 0.025141580 0.111332925 -0.992248031 -0.049160202
1561000671.977159023 195.273656 410.823602 51.068065 0.027768575 0.115373821 -0.991864414 -0.046073553
1561000672.076798916 195.846108 410.744366 51.157893 0.037661420 0.117289052 -0.991432170 -0.043441308
1561000672.176362991 196.431202 410.691954 51.226163 0.045042251 0.115999591 -0.991334303 -0.042090264
1561000672.276961803 197.040073 410.664723 51.273643 0.049861147 0.108450107 -0.991985248 -0.041445246
1561000672.375753880 197.688997 410.656167 51.305364 0.051225903 0.105783671 -0.992172076 -0.042193527
1561000672.476925135 198.345229 410.642039 51.308219 0.045019666 0.107876253 -0.992199299 -0.043318536
1561000672.577033043 199.032219 410.622004 51.318789 0.040689335 0.113082687 -0.991755826 -0.044464196
1561000672.677079678 199.722970 410.586247 51.287464 0.021577899 0.112728817 -0.992436541 -0.043546749
1561000672.777125120 200.414021 410.482967 51.358882 0.019786251 0.112852834 -0.992440936 -0.043974196
1561000672.876996517 201.041626 410.380796 51.471161 0.029769782 0.109247409 -0.992427463 -0.047607717
1561000672.977043152 201.682078 410.267790 51.549302 0.041472564 0.110237565 -0.991792864 -0.049745553
1561000673.077062845 202.386971 410.165836 51.581053 0.039253348 0.110704623 -0.991756905 -0.051204521
1561000673.177150249 203.102766 410.079883 51.594645 0.033354271 0.112533486 -0.991686936 -0.052732615
1561000673.277121067 203.845834 410.001845 51.642392 0.027966077 0.112116760 -0.991830334 -0.054039971
1561000673.376100540 204.585753 409.922843 51.708962 0.026567226 0.110272065 -0.991901578 -0.057144668
1561000673.477309942 205.329232 409.818682 51.766529 0.027441242 0.110559132 -0.991747834 -0.058820836
1561000673.577228546 206.053332 409.720454 51.821964 0.028764593 0.111581550 -0.991476228 -0.060803333
1561000673.676220179 206.773219 409.614354 51.877879 0.028524848 0.112260539 -0.991224803 -0.063696898
1561000673.777066231 207.520551 409.493139 51.927166 0.026908983 0.112093493 -0.991128716 -0.066142458
1561000673.876697540 208.255068 409.378419 51.971331 0.025461182 0.114166573 -0.990760769 -0.068635422
1561000673.977153063 209.020118 409.243931 51.999354 0.024782038 0.113428234 -0.990626691 -0.071962809
1561000674.075906754 209.772943 409.114977 52.019024 0.024685037 0.113639347 -0.990333842 -0.075601785
1561000674.176104069 210.550475 408.969851 52.051782 0.024635531 0.115917573 -0.989831783 -0.078671780
1561000674.277181864 211.349216 408.821298 52.083340 0.024388547 0.115792842 -0.989518968 -0.082761273
1561000674.376165867 212.133007 408.669152 52.121381 0.023623093 0.118300069 -0.988837124 -0.087453902
1561000674.477384090 212.946476 408.496770 52.160965 0.022462385 0.121560943 -0.988028062 -0.092298036
1561000674.577361822 213.752933 408.322543 52.203020 0.021708184 0.122770021 -0.987422115 -0.097230876
1561000674.677221298 214.569572 408.143524 52.250826 0.021912578 0.120157575 -0.987376473 -0.100844912
1561000674.777111769 215.400252 407.945790 52.303810 0.022604661 0.119929639 -0.986810374 -0.106354108
1561000674.876022577 216.255566 407.735644 52.332873 0.021027095 0.118548577 -0.986489477 -0.111097290
1561000674.977177858 217.130848 407.520997 52.350638 0.019584066 0.119370161 -0.985965908 -0.115058499
1561000675.077198267 217.974478 407.304429 52.396777 0.018829434 0.118160322 -0.985441610 -0.120782548
1561000675.177318573 218.825855 407.074219 52.429067 0.019764392 0.116268947 -0.984934945 -0.126467601
1561000675.277406216 219.680053 406.840175 52.456456 0.019432793 0.116426499 -0.984093501 -0.132767534
1561000675.376280308 220.530742 406.582019 52.482506 0.018563257 0.117008406 -0.983244057 -0.138548050
1561000675.476185560 221.384172 406.306210 52.499537 0.017555054 0.116406241 -0.982464461 -0.144585581
1561000675.576269627 222.235234 406.027399 52.506965 0.017080667 0.117239772 -0.981601148 -0.149740686
1561000675.676603794 223.089043 405.737867 52.526709 0.016944899 0.117185238 -0.980642114 -0.155953628
1561000675.776959896 223.925677 405.439987 52.544762 0.017201271 0.117496592 -0.979573699 -0.162277652
1561000675.875959158 224.760840 405.126899 52.563674 0.017463617 0.117422287 -0.978509649 -0.168599810
1561000675.977163553 225.599252 404.797392 52.577123 0.018170198 0.117216663 -0.977514265 -0.174344369
1561000676.077256441 226.440931 404.451085 52.583341 0.018144952 0.116516669 -0.976501831 -0.180385148
1561000676.177288294 227.284293 404.091330 52.587481 0.017077739 0.117155519 -0.975421148 -0.185840035
1561000676.277268171 228.124497 403.731744 52.602196 0.016162800 0.117704859 -0.974451322 -0.190601552
1561000676.376128912 228.947159 403.374107 52.614712 0.016175858 0.117540582 -0.973525727 -0.195371982
1561000676.477100849 229.768151 403.011665 52.624004 0.016839479 0.116367936 -0.972759561 -0.199784312
1561000676.576931477 230.566794 402.655338 52.634266 0.016635280 0.116218235 -0.971926374 -0.203901234
1561000676.675573349 231.363002 402.289284 52.631922 0.015410555 0.114398900 -0.971277347 -0.208076240
1561000676.776746511 232.172243 401.910298 52.617575 0.015122265 0.114162958 -0.970357514 -0.212472189
1561000676.875900030 232.967052 401.524128 52.606386 0.013703877 0.114223578 -0.969426409 -0.216743200
1561000676.977187872 233.759664 401.125476 52.604562 0.013161724 0.114787274 -0.968354654 -0.221223675
1561000677.075847864 234.548127 400.729881 52.597578 0.012447795 0.114572754 -0.967245555 -0.226172883
1561000677.176969528 235.337079 400.317819 52.589100 0.012146490 0.114379890 -0.966016192 -0.231478769
1561000677.277212381 236.115579 399.911121 52.570953 0.012020589 0.113897190 -0.964788203 -0.236783990
1561000677.376297712 236.885214 399.492584 52.543082 0.010699688 0.113926037 -0.963402826 -0.242407446
1561000677.477220774 237.657748 399.050509 52.511676 0.009833827 0.114929707 -0.961816313 -0.248201207
1561000677.577248573 238.420793 398.596001 52.490788 0.009594736 0.115635137 -0.960329537 -0.253581615
1561000677.677403450 239.174700 398.137003 52.478500 0.009720044 0.116313157 -0.958855788 -0.258790163
1561000677.777305603 239.925196 397.682269 52.469870 0.009206050 0.115591239 -0.957445293 -0.264296094
1561000677.876342535 240.663741 397.223879 52.454927 0.008528351 0.115441553 -0.956099858 -0.269209170
1561000677.977467299 241.407388 396.745776 52.428165 0.008254668 0.115252907 -0.954598641 -0.274572507
1561000678.076983452 242.136676 396.267699 52.400060 0.007667197 0.115554124 -0.953081714 -0.279685009
1561000678.177081347 242.867498 395.773920 52.368266 0.007113703 0.115164302 -0.951621317 -0.284786671
1561000678.277201414 243.591783 395.280095 52.332805 0.006360895 0.114690383 -0.950143939 -0.289882996
1561000678.376051426 244.311083 394.772724 52.297602 0.005908177 0.114644582 -0.948679118 -0.294668701
1561000678.477093458 245.029257 394.255992 52.260408 0.005727265 0.114912357 -0.947031083 -0.299824076
1561000678.576183558 245.734601 393.735556 52.226277 0.005603533 0.115379836 -0.945437249 -0.304638315
1561000678.677463293 246.446253 393.205721 52.185947 0.005246058 0.115576413 -0.943830417 -0.309513675
1561000678.777919054 247.151183 392.668163 52.120971 0.004444512 0.114940160 -0.942180701 -0.314745187
1561000678.876547337 247.841471 392.127148 52.055589 0.003711544 0.114837024 -0.940397187 -0.320080947
1561000678.977665663 248.536289 391.568268 51.987135 0.003749281 0.115926389 -0.938500991 -0.325212094
1561000679.076666832 249.223206 390.999402 51.918062 0.003010814 0.119354174 -0.936203335 -0.330558364
1561000679.177606583 249.906423 390.416702 51.854963 0.002367542 0.121550884 -0.934388311 -0.334870514
1561000679.277267218 250.570744 389.842818 51.805930 0.001311365 0.122625458 -0.932659918 -0.339273865
1561000679.376370668 251.226769 389.266050 51.785726 0.000678064 0.121501299 -0.931170257 -0.343742531
1561000679.477361917 251.878210 388.684063 51.792668 0.001979765 0.121374052 -0.929556467 -0.348122385
1561000679.576917410 252.522349 388.098796 51.803732 0.002053928 0.118813106 -0.928319780 -0.352280589
1561000679.676975965 253.178603 387.526965 51.806447 0.002226102 0.109149795 -0.928037441 -0.356129014
1561000679.776957750 253.846803 386.976048 51.745799 0.002493778 0.101688563 -0.927116211 -0.360705902
1561000679.877019167 254.487726 386.409313 51.651188 0.004516989 0.101817580 -0.925506304 -0.364761373
1561000679.977501869 255.108519 385.806473 51.571519 0.005806688 0.103795440 -0.923629816 -0.368918354
1561000680.076464891 255.729863 385.196814 51.507394 0.004398685 0.105211828 -0.921815630 -0.373051025
1561000680.177451372 256.396852 384.572729 51.425240 0.002262183 0.106445168 -0.920087146 -0.376966778
1561000680.277382851 257.023502 383.944724 51.342378 -0.000856956 0.109666524 -0.918105617 -0.380860336
1561000680.376216173 257.626075 383.289363 51.265445 -0.001923836 0.111899302 -0.916127231 -0.384949011
1561000680.477147818 258.219881 382.635111 51.206497 -0.001982258 0.112629272 -0.914289880 -0.389081910
1561000680.577069283 258.804457 382.001509 51.150219 -0.002050430 0.112897947 -0.912459448 -0.393278026
1561000680.677011013 259.384736 381.358588 51.087028 -0.002609149 0.113486289 -0.910885483 -0.396738820
1561000680.776992321 259.972533 380.706189 51.025781 -0.003143440 0.113902157 -0.909005296 -0.400906210
1561000680.876650572 260.553713 380.048866 50.950538 -0.003388265 0.113611918 -0.907192058 -0.405072119
1561000680.977384806 261.132187 379.387932 50.883079 -0.002439112 0.113471331 -0.905405664 -0.409095210
1561000681.077570677 261.693703 378.732498 50.823908 -0.002218587 0.112849979 -0.903684601 -0.413054599
1561000681.177574158 262.255653 378.062931 50.756158 -0.002305581 0.112532989 -0.901880004 -0.417065305
1561000681.277481318 262.815735 377.389188 50.672354 -0.002616317 0.112565243 -0.900025139 -0.421042718
1561000681.376174688 263.367152 376.710323 50.592401 -0.002908864 0.112556386 -0.898169502 -0.424987229
1561000681.477385283 263.932956 376.009511 50.514200 -0.003016976 0.112563674 -0.896374246 -0.428758122
1561000681.576991081 264.487711 375.320983 50.440171 -0.003449127 0.112539530 -0.894263050 -0.433147266
1561000681.677356005 265.038540 374.624467 50.370820 -0.003103573 0.113196985 -0.892132573 -0.437351440
1561000681.777444839 265.573296 373.926524 50.302348 -0.002907878 0.113153029 -0.889880746 -0.441927816
1561000681.876376152 266.089684 373.227175 50.231600 -0.002496790 0.113045347 -0.887555391 -0.446609386
1561000681.977363110 266.609519 372.508717 50.154187 -0.002672413 0.112557572 -0.884871083 -0.452025241
1561000682.076210022 267.111596 371.784647 50.069852 -0.003449424 0.112604643 -0.882287471 -0.457030758
1561000682.177275419 267.608722 371.041826 49.964501 -0.003607708 0.112597704 -0.879437678 -0.462491201
1561000682.277177095 268.091219 370.306885 49.868723 -0.003726729 0.113093281 -0.876781841 -0.467385949
1561000682.376972198 268.558221 369.561176 49.785859 -0.003593152 0.113655839 -0.874121212 -0.472209220
1561000682.477207899 269.027750 368.819440 49.703775 -0.003426814 0.113819542 -0.871922423 -0.476219127
1561000682.576625109 269.495164 368.075538 49.624973 -0.003141242 0.113242254 -0.869658115 -0.480480059
1561000682.677201033 269.962709 367.328302 49.538136 -0.003488780 0.112462011 -0.867419923 -0.484688356
1561000682.777357340 270.432355 366.568530 49.446517 -0.004603016 0.111833640 -0.865191241 -0.488790513
1561000682.876220465 270.878419 365.797974 49.354532 -0.006542157 0.111516246 -0.862763718 -0.493112658
1561000682.977262735 271.329802 365.013825 49.257390 -0.007720032 0.111100949 -0.860500928 -0.497126877
1561000683.076635599 271.765672 364.240629 49.164017 -0.009011816 0.110354279 -0.858193935 -0.501242346
1561000683.177041292 272.191700 363.465757 49.066677 -0.009663252 0.110335802 -0.855501092 -0.505816679
1561000683.277054071 272.612115 362.692658 48.960786 -0.010497510 0.109778625 -0.853205493 -0.509783134
1561000683.377047300 273.029848 361.913813 48.855806 -0.010752487 0.109211902 -0.850668425 -0.514120973
1561000683.477477551 273.429176 361.118168 48.757085 -0.010681810 0.108499951 -0.848287210 -0.518191536
1561000683.576356411 273.817152 360.320956 48.656499 -0.011237073 0.107739408 -0.845959449 -0.522128871
1561000683.677272797 274.211216 359.512292 48.562277 -0.011274519 0.107238822 -0.843381983 -0.526383465
1561000683.777241945 274.596508 358.704678 48.465477 -0.011142551 0.106321579 -0.840426342 -0.531276886
1561000683.876145601 274.973417 357.888817 48.360741 -0.009925143 0.105461926 -0.837591202 -0.535929334
1561000683.977234840 275.342076 357.065595 48.248393 -0.009651915 0.104829130 -0.834529297 -0.540812857
1561000684.076245546 275.687849 356.246916 48.135764 -0.009096722 0.105346589 -0.831524832 -0.545330908
1561000684.177104950 276.029412 355.406437 48.033809 -0.009497112 0.106727239 -0.828249848 -0.550019355
1561000684.277082920 276.359281 354.561202 47.933990 -0.009360369 0.107425330 -0.825085492 -0.554622497
1561000684.375878811 276.699156 353.713766 47.820064 -0.009535386 0.107476656 -0.821893128 -0.559329537
1561000684.477329016 277.031046 352.856120 47.701600 -0.009512113 0.107353624 -0.818467828 -0.564353731
1561000684.576781750 277.344347 352.019731 47.591990 -0.010281170 0.107668473 -0.814794846 -0.569571029
1561000684.677581072 277.645891 351.162072 47.469051 -0.010205495 0.106799220 -0.811453519 -0.574484953
1561000684.777543545 277.928682 350.300597 47.351279 -0.009324611 0.106989508 -0.807711752 -0.579713742
1561000684.876486301 278.184586 349.429530 47.255203 -0.008375250 0.108929760 -0.803980547 -0.584533526
1561000684.977503538 278.441787 348.552083 47.162787 -0.007752176 0.110692742 -0.800005015 -0.589643109
1561000685.076574564 278.687968 347.678030 47.062026 -0.007889616 0.111832325 -0.796418909 -0.594262742
1561000685.176610470 278.936498 346.794389 46.947950 -0.008649514 0.111910559 -0.792841316 -0.599002388
1561000685.277241468 279.181485 345.912391 46.824502 -0.009589181 0.112155293 -0.789219189 -0.603707139
1561000685.376102209 279.409720 345.027459 46.696518 -0.010215500 0.112243685 -0.785071114 -0.609065140
1561000685.477197886 279.627991 344.128178 46.561469 -0.012014650 0.112271089 -0.781065125 -0.614156431
1561000685.576516867 279.836491 343.227922 46.430354 -0.013140078 0.112104299 -0.777046998 -0.619239798
1561000685.677142143 280.037704 342.320909 46.288033 -0.014003054 0.111666140 -0.772907775 -0.624458293
1561000685.778699160 280.227677 341.401077 46.152157 -0.014513311 0.110583304 -0.768735294 -0.629767215
1561000685.875986338 280.390365 340.513959 46.022292 -0.015016188 0.109814036 -0.764189110 -0.635397825
1561000685.976943016 280.545610 339.586552 45.886073 -0.015895663 0.109796246 -0.760181581 -0.640168787
1561000686.075875759 280.679168 338.686867 45.751087 -0.016775560 0.108881246 -0.756010324 -0.645222322
1561000686.175637007 280.805959 337.764108 45.613485 -0.017392174 0.108698506 -0.752203484 -0.649670737
1561000686.277050257 280.926473 336.827387 45.474805 -0.018185994 0.108264533 -0.748465737 -0.654023777
1561000686.375946522 281.039172 335.897898 45.333148 -0.018977775 0.107556007 -0.744918620 -0.658154845
1561000686.477443218 281.149073 334.955609 45.185333 -0.019769098 0.106592533 -0.741294598 -0.662366615
1561000686.576355696 281.230702 334.043130 45.043203 -0.019895995 0.105695020 -0.737376606 -0.666864643
1561000686.676494122 281.313553 333.110585 44.893298 -0.019764992 0.104703133 -0.733453904 -0.671335959
1561000686.777573347 281.390215 332.156478 44.742920 -0.020508863 0.105102518 -0.729834082 -0.675185205
1561000686.876799345 281.448149 331.210571 44.594694 -0.020550763 0.104990449 -0.726173533 -0.679136711
1561000686.977344990 281.500815 330.250983 44.439541 -0.022106582 0.104385260 -0.722905899 -0.682658098
1561000687.076363087 281.544922 329.310695 44.276974 -0.023098044 0.104294217 -0.719347081 -0.686388355
1561000687.177137375 281.576714 328.349166 44.113375 -0.023388362 0.104700980 -0.716236080 -0.689562591
1561000687.277111769 281.603519 327.397267 43.952351 -0.023399124 0.104238578 -0.713457786 -0.692506164
1561000687.377031326 281.620118 326.445313 43.792659 -0.022235751 0.104593030 -0.710885514 -0.695131394
1561000687.477102757 281.623367 325.479915 43.644893 -0.021803146 0.104501018 -0.708384684 -0.697707174
1561000687.576246023 281.621678 324.519797 43.493769 -0.021346630 0.105123769 -0.706248196 -0.699790540
1561000687.677342415 281.615169 323.543779 43.334749 -0.021676012 0.105401502 -0.704857030 -0.701139959
1561000687.777444363 281.596114 322.561299 43.170069 -0.021526173 0.106441667 -0.703312636 -0.702536925
1561000687.877819300 281.586335 321.575021 43.014960 -0.021105351 0.107706315 -0.702235175 -0.703434199
1561000687.978367567 281.568535 320.599303 42.866058 -0.019941991 0.108560223 -0.700864177 -0.704703058
1561000688.076843977 281.560038 319.620783 42.716403 -0.019133313 0.108568517 -0.700136100 -0.705447543
1561000688.178702354 281.549872 318.617618 42.564084 -0.018994512 0.107085696 -0.699699126 -0.706111178
1561000688.278770208 281.554692 317.624421 42.409663 -0.018716120 0.106715426 -0.699043783 -0.706823397
1561000688.378863335 281.548011 316.615225 42.239800 -0.018536060 0.107064302 -0.698184964 -0.707623774
1561000688.478548050 281.532674 315.617608 42.073985 -0.018447024 0.106815704 -0.697765136 -0.708077628
1561000688.576944590 281.521584 314.621660 41.912924 -0.018272311 0.105932018 -0.697314344 -0.708658758
1561000688.678340912 281.522332 313.606831 41.745024 -0.017325642 0.105066440 -0.697031980 -0.709089052
1561000688.779960632 281.511905 312.591028 41.576014 -0.016993561 0.104417349 -0.697557803 -0.708675771
1561000688.880268335 281.495697 311.578638 41.402548 -0.017164635 0.104126220 -0.697641112 -0.708632475
1561000688.979849577 281.472454 310.560103 41.228408 -0.016675698 0.104543726 -0.698245820 -0.707986797
1561000689.078709126 281.466744 309.541922 41.069105 -0.016482792 0.104202067 -0.699191199 -0.707108135
1561000689.180199385 281.473910 308.508758 40.892488 -0.016121471 0.103540494 -0.699995934 -0.706417127
1561000689.280233383 281.493649 307.489138 40.735696 -0.015761926 0.102360650 -0.700337617 -0.706258509
1561000689.379609346 281.505239 306.468710 40.567504 -0.014992864 0.101683327 -0.700753456 -0.705960557
1561000689.480198860 281.524755 305.429016 40.395391 -0.014718043 0.101179193 -0.701176542 -0.705618598
1561000689.578293562 281.535528 304.399059 40.211309 -0.014675054 0.100113431 -0.701448150 -0.705501550
1561000689.679811954 281.532715 303.346725 40.036233 -0.014013177 0.100859114 -0.701545244 -0.705312230
1561000689.779401779 281.528672 302.311247 39.878738 -0.014018625 0.100379531 -0.701710291 -0.705216347
1561000689.879289865 281.534284 301.278854 39.735961 -0.012996615 0.099755918 -0.701869819 -0.705165656
1561000689.978872299 281.541318 300.229534 39.570675 -0.012624839 0.099115863 -0.702021108 -0.705112065
1561000690.077148199 281.557282 299.173455 39.396446 -0.012731907 0.099246994 -0.702185977 -0.704927505
1561000690.178297043 281.578785 298.077724 39.210671 -0.013191595 0.099189937 -0.702063354 -0.705049208
1561000690.280680180 281.587450 297.000478 39.017957 -0.013774807 0.099407684 -0.701698307 -0.705370721
1561000690.380450487 281.602386 295.953999 38.861930 -0.013309175 0.098820190 -0.701428947 -0.705730025
1561000690.480290890 281.584772 294.898417 38.708699 -0.013329187 0.098500052 -0.701045964 -0.706154819
1561000690.579469442 281.570075 293.826260 38.547782 -0.013829742 0.100047057 -0.700175207 -0.706791344
1561000690.680779457 281.558916 292.741254 38.401808 -0.014698456 0.100241502 -0.699314971 -0.707597461
1561000690.780955076 281.556261 291.661495 38.269253 -0.013469055 0.099400701 -0.698404149 -0.708639351
1561000690.880808592 281.536308 290.585687 38.132007 -0.011965856 0.097469178 -0.697741295 -0.709586966
1561000690.980698824 281.518828 289.515850 37.985650 -0.011548582 0.096853418 -0.696816271 -0.710586469
1561000691.079099178 281.507192 288.438952 37.828516 -0.011850659 0.096559618 -0.695794560 -0.711621903
1561000691.180364370 281.478546 287.324976 37.658172 -0.011982390 0.096666739 -0.695001695 -0.712379539
1561000691.280414581 281.461782 286.228958 37.498067 -0.012475911 0.096563267 -0.694380803 -0.712990314
1561000691.378936529 281.435654 285.132392 37.341939 -0.012364177 0.096645448 -0.693888266 -0.713460481
1561000691.480749369 281.398500 284.017506 37.185458 -0.011902980 0.096063364 -0.694210027 -0.713233894
1561000691.579533100 281.350017 282.924980 37.040482 -0.011118744 0.096277018 -0.694558964 -0.712877938
1561000691.681167603 281.314393 281.805806 36.895595 -0.010547790 0.096430522 -0.695381329 -0.712063695
1561000691.782476664 281.286358 280.700522 36.752673 -0.011004459 0.096069384 -0.695584340 -0.711907298
1561000691.881960154 281.266596 279.611491 36.607930 -0.010772465 0.094349226 -0.696232677 -0.711507018
1561000691.982325077 281.261838 278.500958 36.456424 -0.011077752 0.093645216 -0.696507636 -0.711326205
1561000692.081124544 281.240973 277.385402 36.297391 -0.010095042 0.094296334 -0.696871907 -0.710897909
1561000692.182363510 281.224204 276.250796 36.140073 -0.009806101 0.094905849 -0.697280407 -0.710420125
1561000692.283051014 281.192383 275.124832 35.972347 -0.009846276 0.094768957 -0.697710194 -0.710015761
1561000692.383950710 281.156408 273.990435 35.821421 -0.009489649 0.095965822 -0.697646185 -0.709922748
1561000692.482688427 281.135698 272.878759 35.678769 -0.009686435 0.095020650 -0.697379748 -0.710308902
1561000692.581089020 281.124281 271.754926 35.530358 -0.008978124 0.095555112 -0.697815292 -0.709818591
1561000692.682630777 281.110779 270.612930 35.377703 -0.008220376 0.094857586 -0.698234153 -0.709509360
1561000692.782747507 281.093549 269.478544 35.217721 -0.007828346 0.094767959 -0.698240779 -0.709519249
1561000692.881050110 281.083567 268.327237 35.061020 -0.007488440 0.094344746 -0.698172395 -0.709646602
1561000692.982244253 281.056391 267.151698 34.904236 -0.007334066 0.095771986 -0.697909580 -0.709715546
1561000693.080847025 281.050039 266.004552 34.759493 -0.007095222 0.096042848 -0.697740648 -0.709847460
1561000693.182136297 281.025117 264.843462 34.618866 -0.006830310 0.095467739 -0.697501848 -0.710162256
1561000693.282734156 281.000841 263.700057 34.480844 -0.006423802 0.095863009 -0.697672908 -0.709944739
1561000693.382239103 280.988068 262.564883 34.349787 -0.006016978 0.095600267 -0.697869546 -0.709790449
1561000693.482299089 280.986140 261.405547 34.207862 -0.006377920 0.094718386 -0.698015758 -0.709761757
1561000693.580876112 280.967990 260.268847 34.057811 -0.005442516 0.094402881 -0.698064598 -0.709763546
1561000693.681011438 280.951825 259.092644 33.902503 -0.005492444 0.094361479 -0.697718763 -0.710108634
1561000693.782653809 280.949878 257.903304 33.746036 -0.005452885 0.094828411 -0.697500833 -0.710260816
1561000693.881160498 280.943920 256.736030 33.603515 -0.005760313 0.094627687 -0.697196268 -0.710584114
1561000693.982816458 280.922150 255.553086 33.434623 -0.005691773 0.095108577 -0.696198566 -0.711498081
1561000694.081674576 280.892737 254.381679 33.288000 -0.005050671 0.095396510 -0.695737229 -0.711915518
1561000694.181618214 280.873992 253.200797 33.149766 -0.005754517 0.094633835 -0.695301609 -0.712437363
1561000694.282825708 280.832003 252.029825 32.999816 -0.004823437 0.095838362 -0.695041186 -0.712537362
1561000694.384124279 280.791278 250.872241 32.873500 -0.004614199 0.095651798 -0.694552155 -0.713040495
1561000694.483961344 280.758694 249.728160 32.725127 -0.004871070 0.095377482 -0.694460868 -0.713164435
1561000694.582767725 280.738885 248.581120 32.579487 -0.005193498 0.095808084 -0.694186863 -0.713371178
1561000694.683934450 280.726649 247.422977 32.449596 -0.005815961 0.095261997 -0.693986448 -0.713634456
1561000694.784013987 280.723120 246.272867 32.308464 -0.005866708 0.094663101 -0.694205029 -0.713501126
1561000694.884049654 280.717765 245.127211 32.181118 -0.005496853 0.093316038 -0.693621642 -0.714248499
1561000694.983908653 280.708705 243.979903 32.025414 -0.005729278 0.092030150 -0.693518155 -0.714513957
1561000695.082522392 280.680314 242.838522 31.865265 -0.005338316 0.092072553 -0.693960015 -0.714082380
1561000695.183902264 280.637397 241.680408 31.706049 -0.006032624 0.092612442 -0.693522097 -0.714432393
1561000695.283705711 280.587630 240.540257 31.557254 -0.005640705 0.093186626 -0.693320379 -0.714556707
1561000695.384207964 280.549481 239.404260 31.423724 -0.005355559 0.092843361 -0.692901499 -0.715009749
1561000695.483861923 280.509928 238.286644 31.278778 -0.005104234 0.092437673 -0.692225046 -0.715719015
1561000695.582499504 280.475497 237.182818 31.139346 -0.004896792 0.092525567 -0.691732132 -0.716185519
1561000695.683320045 280.430206 236.065375 30.997570 -0.005368692 0.092607624 -0.691185712 -0.716698902
1561000695.782005072 280.375870 234.984060 30.865424 -0.004917253 0.092426131 -0.691310155 -0.716605540
1561000695.883667707 280.321382 233.889251 30.726889 -0.004163447 0.092180026 -0.691392504 -0.716562568
1561000695.983504295 280.283081 232.822647 30.604474 -0.003428909 0.092003625 -0.691683709 -0.716308049
1561000696.082236052 280.246508 231.777045 30.491107 -0.002782682 0.092699981 -0.691886467 -0.716025200
1561000696.183815718 280.219197 230.712291 30.371253 -0.003215090 0.092795292 -0.692156030 -0.715750464
1561000696.283463478 280.193164 229.668838 30.256812 -0.002797039 0.092088605 -0.692230254 -0.715771710
1561000696.382253170 280.178559 228.638454 30.156643 -0.002415674 0.090973511 -0.692128019 -0.716014518
1561000696.483998775 280.154001 227.592419 30.039023 -0.001777063 0.090780318 -0.692223623 -0.715948484
1561000696.582628250 280.133494 226.568260 29.927051 -0.001456742 0.090144739 -0.692604235 -0.715661357
1561000696.683998346 280.102730 225.523291 29.795939 -0.000785352 0.089527483 -0.692728442 -0.715619675
1561000696.783862591 280.077818 224.494067 29.682160 -0.000381197 0.089274750 -0.692285877 -0.716079701
1561000696.882206202 280.050334 223.471691 29.570929 -0.000967641 0.088585117 -0.692796548 -0.715670793
1561000696.983640194 280.024504 222.436223 29.459078 -0.000569225 0.087956738 -0.692370289 -0.716161065
1561000697.082129955 279.999883 221.438720 29.353294 -0.000510378 0.087688566 -0.692603203 -0.715968755
1561000697.183554888 279.973205 220.422804 29.243361 -0.001049696 0.087172441 -0.692467167 -0.716162751
1561000697.283383131 279.952712 219.418719 29.122762 -0.001560152 0.087129290 -0.692499833 -0.716135486
1561000697.383795977 279.917676 218.435806 29.004224 -0.000700329 0.087077454 -0.691987488 -0.716638224
1561000697.483859539 279.890647 217.473740 28.890591 -0.000793987 0.085781375 -0.692331721 -0.716461941
1561000697.583768368 279.864857 216.522902 28.771197 -0.000163459 0.086226781 -0.692127643 -0.716606057
1561000697.683602095 279.832527 215.563950 28.682545 -0.000049798 0.086476338 -0.691726337 -0.716963399
1561000697.783463717 279.797178 214.628143 28.576610 -0.000295801 0.086526655 -0.691761252 -0.716923581
1561000697.882097721 279.774413 213.733290 28.480024 0.000307293 0.086661797 -0.691564860 -0.717096704
1561000697.983342171 279.744680 212.854990 28.396169 0.000266091 0.085628084 -0.691931311 -0.716867366
1561000698.082104445 279.719286 211.996211 28.300306 0.000636077 0.085809495 -0.692000877 -0.716778286
1561000698.182969332 279.703930 211.155677 28.223925 0.000667737 0.086435651 -0.691876228 -0.716823352
1561000698.283749104 279.681575 210.360294 28.153504 0.000643807 0.085857160 -0.691766140 -0.716999122
1561000698.383142471 279.664201 209.570415 28.088253 0.001239567 0.085803082 -0.691877860 -0.716897009
1561000698.483581305 279.639340 208.808743 28.013796 0.001576205 0.084873134 -0.692158561 -0.716736069
1561000698.584046364 279.604926 208.080105 27.946154 0.001681640 0.085150513 -0.692172938 -0.716689044
1561000698.684990644 279.575635 207.371035 27.883260 0.001792007 0.085280725 -0.692606924 -0.716253890
1561000698.784770489 279.545605 206.690721 27.807707 0.001830510 0.085747220 -0.692690877 -0.716116899
1561000698.884425402 279.518990 206.031917 27.747974 0.001760982 0.085188656 -0.692225555 -0.716633499
1561000698.985569477 279.494870 205.394581 27.684451 0.002296532 0.083990872 -0.691972698 -0.717017464
1561000699.083975315 279.472389 204.782019 27.626673 0.003890415 0.083386316 -0.692208387 -0.716853636
1561000699.185480118 279.444974 204.144753 27.569518 0.003780399 0.082232871 -0.692442121 -0.716761726
1561000699.277205467 279.409982 203.530315 27.516519 0.003809506 0.083669828 -0.692141366 -0.716885749
1561000699.376993179 279.401410 202.871921 27.442853 0.001499961 0.084211118 -0.692097883 -0.716872902
1561000699.477020502 279.386092 202.240790 27.393133 0.004300532 0.082484663 -0.692338319 -0.716830132
1561000699.577248812 279.358398 201.625693 27.326243 0.010051097 0.078931604 -0.691933214 -0.717563380
1561000699.678742647 279.318521 201.016322 27.316946 0.019997661 0.073415841 -0.691835197 -0.718035005
1561000699.777094603 279.283492 200.390027 27.315029 0.021942947 0.068398279 -0.692306312 -0.718019605
1561000699.877231598 279.249748 199.730391 27.274760 0.025067631 0.064489255 -0.692412494 -0.718176641
1561000699.977226973 279.235004 199.066084 27.191426 0.020119604 0.066897425 -0.693732466 -0.716836942
1561000700.076059103 279.214661 198.363454 27.116582 0.015908159 0.070454658 -0.693320052 -0.717000960
1561000700.177094698 279.197702 197.684102 27.007862 0.004614720 0.081179892 -0.692959221 -0.716377029
1561000700.276064396 279.184581 197.033601 26.900271 -0.004593887 0.091381779 -0.691388495 -0.716666042
1561000700.376759291 279.190169 196.407278 26.821012 0.002981048 0.083583607 -0.690876667 -0.718118601
1561000700.477112770 279.175072 195.753648 26.807575 0.011109417 0.074035529 -0.691140162 -0.718832802
1561000700.575882196 279.147066 195.101018 26.765631 0.009336998 0.074955020 -0.691079981 -0.718820579
1561000700.677129507 279.132728 194.407549 26.694783 0.005057438 0.077724348 -0.690831441 -0.718808228
1561000700.776985645 279.107832 193.673558 26.615174 0.001462375 0.079451316 -0.690956121 -0.718515823
1561000700.877449274 279.075578 192.980119 26.539484 0.001719036 0.078959287 -0.690085526 -0.719405617
1561000700.977494240 279.033435 192.292926 26.460264 0.002802223 0.079544256 -0.689806803 -0.719605053
1561000701.077761173 278.986796 191.616549 26.389515 0.004231110 0.080735212 -0.689121017 -0.720122314
1561000701.177733183 278.957988 190.920315 26.308816 0.006403785 0.079552097 -0.689114045 -0.720244603
1561000701.278464079 278.925041 190.205121 26.237887 0.006281708 0.079733420 -0.688837232 -0.720490381
1561000701.378819466 278.888230 189.479419 26.165094 0.005868260 0.079888442 -0.688970310 -0.720349437
1561000701.478525400 278.853213 188.762528 26.089982 0.006259082 0.079684239 -0.689045852 -0.720296508
1561000701.576571226 278.821978 188.033620 26.038389 0.006084604 0.080781638 -0.689140676 -0.720085018
1561000701.678561926 278.819528 187.297564 25.990043 0.006454455 0.079626850 -0.689525860 -0.719841645
1561000701.776453018 278.809792 186.578636 25.925561 0.006975634 0.078052203 -0.690003223 -0.719551768
1561000701.878220081 278.796697 185.826673 25.861800 0.006687294 0.077744454 -0.690472133 -0.719137896
1561000701.978364229 278.778992 185.079319 25.791599 0.007045463 0.077439410 -0.690858292 -0.718796439
1561000702.076275349 278.738502 184.336923 25.719996 0.007669213 0.078403808 -0.691457110 -0.718109386
1561000702.178002596 278.698267 183.568353 25.648928 0.007096336 0.078931738 -0.692030406 -0.717504941
1561000702.277831554 278.672885 182.802861 25.585993 0.007504032 0.079041916 -0.692650744 -0.716889819
1561000702.378041506 278.655609 182.042982 25.522536 0.007242564 0.077483932 -0.693467936 -0.716272300
1561000702.478339672 278.641555 181.278363 25.431666 0.008079847 0.076885241 -0.694424877 -0.715400213
1561000702.578584194 278.603408 180.504198 25.351015 0.008972910 0.077606593 -0.694945770 -0.714805625
1561000702.678358316 278.539386 179.725537 25.299655 0.009704648 0.080412684 -0.695591320 -0.713857363
1561000702.778097630 278.506934 178.955474 25.242063 0.009518171 0.080259330 -0.696278908 -0.713206510
1561000702.876889706 278.488876 178.194631 25.175371 0.009352894 0.081114732 -0.696910912 -0.712494284
1561000702.978226185 278.458432 177.411445 25.110043 0.010760553 0.082901664 -0.697739966 -0.711456580
1561000703.076292276 278.436634 176.637818 25.081358 0.012007680 0.084184553 -0.698118790 -0.710914153
1561000703.178274632 278.418414 175.868853 25.050669 0.013176332 0.086505893 -0.698515571 -0.710224691
1561000703.277725697 278.415716 175.110284 25.024768 0.013352389 0.086288055 -0.698643294 -0.710122266
1561000703.378072977 278.419856 174.354389 24.963831 0.012874715 0.085474352 -0.698933578 -0.709943822
1561000703.478117704 278.415570 173.611741 24.890872 0.012828138 0.085872191 -0.698890615 -0.709938951
1561000703.576546669 278.411441 172.896164 24.824167 0.012904701 0.085970227 -0.698697901 -0.710115365
1561000703.678447485 278.398790 172.181285 24.767281 0.013189215 0.087391122 -0.698752609 -0.709882827
1561000703.777431011 278.391579 171.485268 24.715608 0.012348331 0.087399263 -0.698832293 -0.709818508
1561000703.876539230 278.397836 170.819914 24.664846 0.012191759 0.086764838 -0.698873332 -0.709858641
1561000703.978104830 278.394639 170.175412 24.619175 0.012590293 0.085682450 -0.698924120 -0.709933149
1561000704.076212406 278.401744 169.555340 24.542030 0.011904871 0.081952360 -0.699143162 -0.710169645
1561000704.178233862 278.378418 168.890697 24.473101 0.013781842 0.086098714 -0.698992534 -0.709793286
1561000704.276869059 278.336589 168.213331 24.448830 0.012859102 0.089983222 -0.698563785 -0.709750873
1561000704.377194643 278.308657 167.526307 24.440923 0.009318146 0.091904967 -0.698516715 -0.709606262
1561000704.478010654 278.325282 166.853816 24.426019 0.007166746 0.086856155 -0.698853812 -0.709935205
1561000704.576070547 278.365740 166.228056 24.413977 0.011924419 0.079420778 -0.698430229 -0.711157763
1561000704.678019285 278.373131 165.631237 24.369141 0.023957732 0.067074689 -0.698368902 -0.712185292
1561000704.776088953 278.348472 165.040761 24.332350 0.028116386 0.063230071 -0.698041853 -0.712705407
1561000704.877581120 278.325162 164.415656 24.266767 0.033756375 0.057630456 -0.698170843 -0.712809029
1561000704.977390528 278.306804 163.757651 24.166798 0.030305802 0.058323807 -0.698691695 -0.712397226
1561000705.075479984 278.280177 163.046533 24.059402 0.017437029 0.070730365 -0.698745013 -0.711652002
1561000705.177656651 278.258798 162.288435 23.989031 -0.001899167 0.086879635 -0.698830925 -0.709988493
1561000705.276967049 278.250943 161.565719 23.896156 -0.006104182 0.090397445 -0.697448872 -0.710884035
1561000705.376583815 278.238543 160.918804 23.834538 -0.000647084 0.083487981 -0.697338540 -0.711862556
1561000705.478428841 278.213187 160.250913 23.833885 0.016829002 0.072367811 -0.696730702 -0.713474607
1561000705.576416492 278.191888 159.591036 23.816359 0.018412744 0.072337710 -0.697137411 -0.713041133
1561000705.678139687 278.186459 158.870464 23.792934 0.014789420 0.072715352 -0.697101635 -0.713122052
1561000705.776646852 278.194311 158.139892 23.791713 0.010601091 0.073759435 -0.697872589 -0.712334902
1561000705.878504753 278.199646 157.430447 23.742840 0.008790709 0.074112176 -0.697352694 -0.712831908
1561000705.978485584 278.188178 156.734489 23.660876 0.010815634 0.073010938 -0.697387609 -0.712883544
1561000706.076680899 278.160654 156.052526 23.594313 0.012700661 0.073286565 -0.697114055 -0.713091696
1561000706.178817749 278.137527 155.354115 23.541858 0.012645883 0.072740813 -0.696801186 -0.713454247
1561000706.277659178 278.118598 154.642655 23.493016 0.012198893 0.072904132 -0.696948109 -0.713301835
1561000706.376767635 278.118575 153.896410 23.442384 0.011266498 0.073028790 -0.696911968 -0.713339731
1561000706.478388309 278.118418 153.134621 23.390683 0.010466371 0.072664886 -0.696822119 -0.713476842
1561000706.576732874 278.089756 152.403486 23.327782 0.010454565 0.073121153 -0.696968528 -0.713287369
1561000706.678678513 278.063386 151.647141 23.274569 0.010442507 0.072724397 -0.696524345 -0.713761832
1561000706.777436018 278.042136 150.902030 23.216372 0.010547750 0.072850616 -0.696396769 -0.713871889
1561000706.876265764 278.030667 150.153462 23.166562 0.010557453 0.072368007 -0.696384688 -0.713932614
1561000706.978490114 278.027260 149.371610 23.117723 0.010267530 0.071937256 -0.696384223 -0.713980828
1561000707.076403856 278.022531 148.610134 23.061143 0.010373853 0.071986541 -0.696389529 -0.713969149
1561000707.178609610 278.017267 147.818416 23.028233 0.010293238 0.071446279 -0.696506111 -0.713910860
1561000707.276487827 278.013056 147.037301 22.961166 0.009641024 0.071193372 -0.696087300 -0.714353571
1561000707.378559828 277.989772 146.231810 22.890639 0.010113307 0.071927248 -0.696444637 -0.713925108
1561000707.478110075 277.980519 145.440436 22.844146 0.009988764 0.070713881 -0.695695403 -0.714778062
1561000707.578479052 277.961467 144.640431 22.770869 0.010599622 0.071714477 -0.695810041 -0.714557953
1561000707.679725647 277.941030 143.844815 22.713637 0.010638861 0.069993412 -0.695710796 -0.714824611
1561000707.780072927 277.923147 143.045288 22.644266 0.010703830 0.069685411 -0.695089632 -0.715457738
1561000707.881310701 277.888385 142.238478 22.591446 0.011066313 0.069712927 -0.694700772 -0.715827131
1561000707.981369972 277.840910 141.436742 22.526075 0.010638863 0.069238239 -0.694279276 -0.716288467
1561000708.079910517 277.810596 140.624009 22.463485 0.011067808 0.069291559 -0.694388624 -0.716170805
1561000708.181113243 277.779523 139.801836 22.415398 0.011082789 0.069091451 -0.694201889 -0.716370910
1561000708.281711340 277.736741 138.981391 22.370051 0.011725153 0.069886876 -0.693808986 -0.716664102
1561000708.380433798 277.701970 138.171091 22.326857 0.012252423 0.070066100 -0.693684253 -0.716758521
1561000708.481192112 277.658503 137.365333 22.277142 0.012796314 0.070114335 -0.693773410 -0.716658000
1561000708.579545975 277.628263 136.567739 22.233921 0.013282827 0.070510277 -0.694178369 -0.716218025
1561000708.681003571 277.619525 135.758447 22.185909 0.013146275 0.070209470 -0.694223415 -0.716206434
1561000708.780008316 277.603204 134.966631 22.131848 0.013344463 0.070203712 -0.694186159 -0.716239444
1561000708.881293535 277.579591 134.162527 22.081503 0.012985417 0.069905443 -0.694244512 -0.716218657
1561000708.981438875 277.553102 133.369747 22.024807 0.013024698 0.070376296 -0.693995890 -0.716412758
1561000709.080043077 277.528120 132.628619 21.981527 0.012827664 0.070286581 -0.693775195 -0.716638839
1561000709.181630373 277.503526 131.908131 21.933953 0.013260829 0.070525280 -0.693511929 -0.716862287
1561000709.280001163 277.483163 131.226001 21.892345 0.013774238 0.070557274 -0.693539306 -0.716822971
1561000709.382771969 277.469140 130.526116 21.849485 0.013889718 0.070575049 -0.693194295 -0.717152639
1561000709.482671499 277.453870 129.870266 21.803961 0.013738603 0.070203857 -0.692508653 -0.717854049
1561000709.582698584 277.433028 129.205940 21.752370 0.014037157 0.070077345 -0.692552512 -0.717818321
1561000709.681454897 277.403139 128.561574 21.712875 0.013449757 0.070065852 -0.692632574 -0.717753438
1561000709.781233788 277.364244 127.944012 21.675513 0.014117904 0.070410434 -0.692591738 -0.717746292
1561000709.882423878 277.332726 127.339686 21.670649 0.015068230 0.070105165 -0.692312700 -0.718026002
1561000709.982350111 277.318662 126.758622 21.646013 0.015201352 0.068842492 -0.692342588 -0.718116544
1561000710.080773830 277.302325 126.177102 21.611854 0.016208688 0.068602919 -0.692182566 -0.718271685
1561000710.182240486 277.288298 125.556845 21.584737 0.013694992 0.071411522 -0.691961513 -0.718263257
1561000710.281245232 277.276333 124.955078 21.564080 0.013266997 0.072830494 -0.691530805 -0.718543562
1561000710.382453680 277.234940 124.385192 21.567139 0.015667178 0.070197833 -0.690757766 -0.719500182
1561000710.482730150 277.188526 123.836247 21.539943 0.020257107 0.063422839 -0.691339555 -0.719455914
1561000710.581251144 277.149773 123.294841 21.546149 0.028639387 0.051604720 -0.690847929 -0.720587175
1561000710.682729483 277.125966 122.725790 21.497705 0.034608572 0.046300828 -0.691112891 -0.720431435
1561000710.782511473 277.112256 122.123143 21.474773 0.043700483 0.041959892 -0.690845211 -0.720459943
1561000710.883639574 277.065294 121.475024 21.471458 0.040347134 0.047471668 -0.690632424 -0.720517456
1561000710.983740807 277.064911 120.784732 21.383404 0.034081179 0.052627216 -0.691034118 -0.720097700
1561000711.083693981 277.083096 120.155440 21.199723 0.017744853 0.062505604 -0.691409380 -0.719535433
1561000711.186402321 277.052909 119.531187 21.066306 0.008939583 0.072419500 -0.690367229 -0.719769817
1561000711.284291744 277.011729 119.004679 21.053677 0.017149545 0.066946050 -0.689712854 -0.720777565
1561000711.385227680 276.959830 118.449354 21.108066 0.030844273 0.057911257 -0.689180087 -0.721613279
1561000711.477392435 276.928847 117.896857 21.099367 0.034174105 0.055534734 -0.689090103 -0.721736000
1561000711.577362537 276.915304 117.211961 21.109978 0.037607678 0.053156054 -0.689797725 -0.721068094
1561000711.676375866 276.911506 116.531581 21.075526 0.029084004 0.057295726 -0.689864060 -0.721081757
1561000711.776393175 276.902245 115.890688 21.030851 0.029600195 0.058451142 -0.689257233 -0.721548168
1561000711.877023935 276.865806 115.240940 20.972592 0.029476086 0.059691946 -0.689552523 -0.721169432
1561000711.976901293 276.834954 114.622733 20.937298 0.030204283 0.059235991 -0.688606272 -0.722080467
1561000712.075727940 276.797873 114.005509 20.913464 0.030306512 0.058569457 -0.688384050 -0.722342394
1561000712.177109718 276.770945 113.357627 20.902662 0.030840910 0.057973335 -0.688390977 -0.722361263
1561000712.276613712 276.766801 112.709208 20.883614 0.030411225 0.057327374 -0.687860393 -0.722936242
1561000712.377259970 276.759216 112.034321 20.860289 0.030262899 0.057070869 -0.688115183 -0.722720255
1561000712.477812767 276.741222 111.359708 20.827064 0.029598070 0.056439260 -0.687874941 -0.723026023
1561000712.578204155 276.704290 110.689651 20.773241 0.029951391 0.056850109 -0.687487112 -0.723348084
1561000712.678015232 276.652617 110.027207 20.755482 0.029978023 0.056379877 -0.686894229 -0.723946784
1561000712.776462317 276.619925 109.359420 20.729725 0.030119077 0.056109481 -0.687190639 -0.723680587
1561000712.876382351 276.573211 108.698575 20.710714 0.030565381 0.055576230 -0.686159891 -0.724680374
1561000712.978574514 276.510540 108.024949 20.681370 0.030393859 0.055649461 -0.686019458 -0.724814910
1561000713.076328754 276.441024 107.322394 20.643749 0.030710834 0.055356376 -0.685642751 -0.725180346
1561000713.178156614 276.358336 106.606164 20.607691 0.030555214 0.055285439 -0.685244612 -0.725568550
1561000713.276327848 276.286303 105.902932 20.567424 0.030675886 0.055184452 -0.685043047 -0.725761455
1561000713.378114462 276.198262 105.200684 20.543422 0.030536916 0.054919486 -0.684357887 -0.726433500
1561000713.478152037 276.139829 104.486101 20.521159 0.030496979 0.054817630 -0.683507786 -0.727242785
1561000713.576047182 276.090192 103.798417 20.506509 0.030910231 0.054813237 -0.682598931 -0.728078818
1561000713.677953482 276.030608 103.072595 20.474947 0.030624275 0.054430724 -0.681814293 -0.728854389
1561000713.776685476 275.986116 102.364590 20.442316 0.031338557 0.054815828 -0.680744550 -0.729794476
1561000713.876843214 275.928586 101.633269 20.433681 0.031014488 0.054461793 -0.679478856 -0.731013337
1561000713.978478193 275.869024 100.889533 20.401642 0.031609166 0.055119376 -0.678060318 -0.732254683
1561000714.076595068 275.816643 100.162777 20.387600 0.032316046 0.055147373 -0.676791617 -0.733394538
1561000714.178086758 275.773825 99.412162 20.365011 0.031505059 0.054043316 -0.675095587 -0.735073262
1561000714.276112795 275.745965 98.666826 20.332714 0.032149309 0.054657843 -0.673386289 -0.736566255
1561000714.377699852 275.695003 97.872374 20.317225 0.031841379 0.053933995 -0.672043635 -0.737858119
1561000714.477959633 275.627212 97.108082 20.299840 0.031562457 0.054631229 -0.670216189 -0.739479209
1561000714.578034401 275.553291 96.349046 20.299280 0.031898161 0.055050730 -0.667739693 -0.741670835
1561000714.677770615 275.463856 95.593920 20.293076 0.031622721 0.054732669 -0.665621587 -0.743607586
1561000714.776480675 275.371855 94.818202 20.296728 0.031754707 0.054320077 -0.663078988 -0.745900277
1561000714.876956463 275.284814 94.032801 20.287764 0.031429633 0.053841454 -0.659746963 -0.748897336
1561000714.978000641 275.180205 93.236145 20.267730 0.031464430 0.054008995 -0.656249733 -0.751950335
1561000715.076198816 275.076451 92.441646 20.243485 0.031141800 0.054167962 -0.652492906 -0.755214557
1561000715.177886248 274.948523 91.606071 20.222946 0.031097148 0.054573603 -0.648130405 -0.758934560
1561000715.276365280 274.809850 90.796733 20.196690 0.030564555 0.054626965 -0.643008592 -0.763296570
1561000715.376504660 274.656896 89.962232 20.166799 0.029939016 0.054865129 -0.638387672 -0.767173157
1561000715.479678154 274.485405 89.116525 20.138320 0.029618301 0.055336378 -0.633434126 -0.771246944
1561000715.582719564 274.283571 88.269743 20.115811 0.029672499 0.055350983 -0.627768452 -0.775862476
1561000715.679700851 274.089096 87.461671 20.089432 0.029634523 0.055172374 -0.622710515 -0.779941933
1561000715.778113604 273.895289 86.622553 20.063492 0.029363589 0.054959896 -0.617595828 -0.784023330
1561000715.877833605 273.679075 85.777230 20.032002 0.028995562 0.055065023 -0.612401938 -0.788093247
1561000715.979345560 273.458325 84.927153 20.010609 0.028875245 0.054360235 -0.607341031 -0.792053064
1561000716.077699184 273.226794 84.087079 19.981078 0.028354621 0.054150454 -0.601440908 -0.796575532
1561000716.179125071 272.981925 83.219808 19.954694 0.028537107 0.053799789 -0.596381394 -0.800387686
1561000716.277742386 272.721716 82.379360 19.923296 0.027929027 0.052662611 -0.591094499 -0.804396613
1561000716.379706621 272.439950 81.512938 19.882009 0.027919512 0.052749820 -0.586058877 -0.808067416
1561000716.479995012 272.140761 80.657447 19.849093 0.027686899 0.052615471 -0.580264248 -0.812255163
1561000716.578802347 271.849388 79.805214 19.802175 0.026785630 0.052201552 -0.574620651 -0.816314054
1561000716.681594133 271.522386 78.938954 19.755418 0.026833626 0.052286593 -0.568406380 -0.820646243
1561000716.779797792 271.184688 78.097729 19.714518 0.026867051 0.052192363 -0.562466866 -0.824733377
1561000716.881325245 270.832488 77.243129 19.662445 0.026047074 0.051801297 -0.556302310 -0.828954713
1561000716.982658386 270.444753 76.392621 19.616376 0.026936692 0.053232769 -0.551071236 -0.832322762
1561000717.081281185 270.038147 75.571351 19.575925 0.026176042 0.053103802 -0.545401758 -0.836081170
1561000717.182155609 269.637399 74.720892 19.525744 0.026001004 0.052455613 -0.540683132 -0.839186575
1561000717.280633688 269.215204 73.887531 19.477400 0.027815771 0.053247724 -0.535965608 -0.842099655
1561000717.380630016 268.793406 73.039900 19.458172 0.027521224 0.053211331 -0.530987231 -0.845259544
1561000717.482259035 268.368712 72.184680 19.403760 0.026907345 0.053302943 -0.526449167 -0.848107343
1561000717.580660820 267.947541 71.338867 19.353830 0.027048059 0.053403621 -0.522115065 -0.850771599
1561000717.682124615 267.505002 70.484233 19.302241 0.025770771 0.053289599 -0.517786337 -0.853459662
1561000717.782286644 267.038408 69.630348 19.251551 0.026017352 0.053709116 -0.514275656 -0.855546012
1561000717.883783817 266.563416 68.776773 19.215402 0.025642410 0.054169498 -0.510476171 -0.857800799
1561000717.983506441 266.079865 67.924381 19.179512 0.026327399 0.054658247 -0.507263070 -0.859653141
1561000718.083606720 265.585631 67.070290 19.131392 0.026266184 0.054238057 -0.504242935 -0.861456547
1561000718.183477402 265.084752 66.222074 19.086334 0.026249271 0.053994322 -0.501022562 -0.863349281
1561000718.282310963 264.591357 65.380644 19.037028 0.024983292 0.053694162 -0.498178052 -0.865049941
1561000718.383279562 264.088242 64.519982 18.965593 0.024500961 0.054203722 -0.495548378 -0.866541092
1561000718.483440876 263.574031 63.652396 18.902360 0.024071168 0.054435148 -0.493246664 -0.867850864
1561000718.583645105 263.043904 62.790057 18.832311 0.023813494 0.054691053 -0.491363017 -0.868909772
1561000718.683696985 262.525098 61.932184 18.781982 0.024005378 0.054795735 -0.489579837 -0.869903875
1561000718.782286167 261.991973 61.080996 18.726605 0.023571085 0.053692301 -0.488052877 -0.870842081
1561000718.883664608 261.452342 60.232372 18.669169 0.023362028 0.053281255 -0.486194630 -0.871911753
1561000718.983746529 260.917216 59.390452 18.619169 0.023505764 0.053351983 -0.484452984 -0.872872471
1561000719.083113670 260.388429 58.559434 18.569080 0.023346740 0.053727868 -0.483101532 -0.873602401
1561000719.183915377 259.847623 57.719538 18.523740 0.023174980 0.054113565 -0.481246336 -0.874606544
1561000719.282411575 259.315304 56.886893 18.484432 0.022952627 0.054091223 -0.479606319 -0.875514189
1561000719.384292603 258.778251 56.056087 18.427476 0.021639253 0.053243640 -0.478215987 -0.876359702
1561000719.482495785 258.257695 55.234708 18.368788 0.023103906 0.053683373 -0.477068576 -0.876920680
1561000719.583771467 257.710205 54.410789 18.321135 0.022745328 0.052855472 -0.475672515 -0.877738348
1561000719.683469534 257.165078 53.596179 18.249814 0.024076673 0.053038792 -0.475710192 -0.877671359
1561000719.782349348 256.600635 52.786427 18.209575 0.025637708 0.053114319 -0.475290120 -0.877850146
1561000719.883630514 256.036844 51.950489 18.163474 0.025680455 0.054140231 -0.475297589 -0.877782178
1561000719.982125282 255.494687 51.143578 18.141105 0.026794665 0.055231448 -0.476267919 -0.877154720
1561000720.083469868 254.962270 50.320598 18.111142 0.026404382 0.055128933 -0.476645018 -0.876968150
1561000720.183485031 254.441298 49.503130 18.069823 0.026987724 0.054954598 -0.477236841 -0.876639409
1561000720.282311678 253.920790 48.688437 18.012220 0.025545854 0.053405786 -0.477941789 -0.876394248
1561000720.383909464 253.401249 47.876548 17.947083 0.026602065 0.053533241 -0.478722145 -0.875929010
1561000720.483518362 252.873505 47.062974 17.897778 0.026520719 0.054053666 -0.479139091 -0.875671505
1561000720.583595514 252.350712 46.258168 17.862902 0.026949959 0.054449108 -0.479609656 -0.875376246
1561000720.683438778 251.831547 45.457916 17.828289 0.026679722 0.054426392 -0.480256215 -0.875031387
1561000720.782221079 251.318847 44.650219 17.781236 0.027686071 0.054979029 -0.480952126 -0.874583238
1561000720.883389711 250.806519 43.831954 17.731201 0.027216017 0.054430434 -0.481141038 -0.874528397
1561000720.982283831 250.308951 43.047993 17.675774 0.026724807 0.054433268 -0.481936219 -0.874105420
1561000721.082395077 249.799591 42.252604 17.632160 0.027560616 0.055162552 -0.482364371 -0.873797527
1561000721.183126450 249.295890 41.447304 17.601409 0.027106124 0.055302433 -0.482929319 -0.873490796
1561000721.281870127 248.807422 40.660028 17.559198 0.027221958 0.055168667 -0.483352662 -0.873261466
1561000721.383225203 248.303851 39.867013 17.511038 0.027375333 0.054302178 -0.484358882 -0.872753309
1561000721.483311653 247.814280 39.081545 17.463417 0.028193617 0.053685456 -0.485665875 -0.872038789
1561000721.582932711 247.325591 38.302670 17.435004 0.029190484 0.053580953 -0.487246420 -0.871130256
1561000721.683545828 246.822417 37.512020 17.393780 0.029513707 0.053798799 -0.488954139 -0.870148539
1561000721.782162905 246.336814 36.715737 17.360762 0.029921313 0.054130792 -0.490557071 -0.869211328
1561000721.883652687 245.856865 35.922341 17.314531 0.029850962 0.053723817 -0.492534836 -0.868119869
1561000721.983337641 245.402394 35.132072 17.271846 0.030059012 0.053894718 -0.494780277 -0.866824257
1561000722.083386421 244.938892 34.339868 17.221827 0.030828928 0.053516824 -0.497402188 -0.865318779
1561000722.184969664 244.488551 33.551378 17.180421 0.031446264 0.052884148 -0.500641046 -0.863465658
1561000722.285294056 244.015244 32.775701 17.134259 0.033098132 0.055298068 -0.503597791 -0.861531138
1561000722.384889841 243.565264 31.975717 17.126888 0.034655076 0.057073992 -0.507830236 -0.858865552
1561000722.485154867 243.138167 31.176658 17.119218 0.033851175 0.055773938 -0.512024523 -0.856489494
1561000722.584954262 242.727383 30.386059 17.076866 0.033235949 0.053171121 -0.515714105 -0.854463086
1561000722.684794426 242.328240 29.589679 17.039399 0.035106048 0.054749523 -0.520093707 -0.851629374
1561000722.784642696 241.920969 28.787378 17.019128 0.034030234 0.056515786 -0.524709306 -0.848721422
1561000722.884910583 241.532888 27.986538 16.987218 0.032897424 0.058135702 -0.528901916 -0.846050095
1561000722.983667135 241.178967 27.209981 16.958888 0.032439193 0.057514659 -0.533247531 -0.843378227
1561000723.083632946 240.844344 26.446636 16.929733 0.032373280 0.055831869 -0.537457490 -0.840817590
1561000723.184484720 240.530854 25.683407 16.909122 0.033425469 0.054765650 -0.541604856 -0.838181151
1561000723.284371614 240.222409 24.932533 16.897555 0.033494042 0.053573137 -0.546256283 -0.835231789
1561000723.384491920 239.910851 24.186941 16.871388 0.033245488 0.053020578 -0.550700289 -0.832353740
1561000723.484643936 239.614324 23.447366 16.850265 0.033186616 0.053407339 -0.555119160 -0.829390754
1561000723.586291552 239.319015 22.708490 16.844539 0.031953104 0.052949033 -0.559285852 -0.826664826
1561000723.676892757 239.062167 22.018412 16.835738 0.031746684 0.052457395 -0.563931848 -0.823541888
1561000723.775955915 238.799372 21.272034 16.825157 0.031310914 0.051492832 -0.568383945 -0.820553354
1561000723.876796484 238.547735 20.536416 16.815317 0.031061022 0.050451332 -0.572858994 -0.817509907
1561000723.976832390 238.306964 19.817578 16.792114 0.030716436 0.050069892 -0.577037526 -0.814602480
1561000724.075726271 238.089231 19.124671 16.779237 0.030529348 0.049683241 -0.580820223 -0.811940517
1561000724.176901579 237.878021 18.429540 16.758274 0.030651118 0.049425797 -0.584484753 -0.809317721
1561000724.275960922 237.669420 17.754503 16.743657 0.030547383 0.048548560 -0.587835837 -0.806944189
1561000724.377067566 237.474516 17.092448 16.729942 0.030729757 0.048099011 -0.591311965 -0.804420492
1561000724.477053404 237.285912 16.440099 16.720162 0.031088756 0.047995829 -0.594472286 -0.802080165
1561000724.575720549 237.101100 15.795380 16.716926 0.031462039 0.048098331 -0.597476013 -0.799824421
1561000724.676353931 236.924939 15.160005 16.709852 0.031508350 0.047991006 -0.600752730 -0.797370833
1561000724.776321650 236.759739 14.531869 16.705099 0.031135353 0.047556228 -0.603982145 -0.794968278
1561000724.876292229 236.601885 13.916808 16.704941 0.031144659 0.047087648 -0.607486986 -0.792320847
1561000724.976294279 236.452710 13.314809 16.690153 0.031379672 0.047162956 -0.610594645 -0.789914648
1561000725.076007366 236.309197 12.720895 16.683197 0.032065351 0.046498084 -0.613650105 -0.787555262
1561000725.176344633 236.165443 12.124811 16.677851 0.031816529 0.046000968 -0.616818446 -0.785115675
1561000725.275332451 236.032392 11.516791 16.642095 0.030699361 0.045937136 -0.619885804 -0.782744478
1561000725.376505136 235.902745 10.906050 16.621494 0.033886189 0.045894815 -0.622728007 -0.780355830
1561000725.476461172 235.761039 10.332363 16.642948 0.039263552 0.044080394 -0.624819801 -0.778534205
1561000725.576772213 235.630923 9.757973 16.693672 0.044468756 0.042412183 -0.627674738 -0.776046493
1561000725.676458120 235.515310 9.176254 16.739960 0.044609428 0.039466328 -0.630061195 -0.774257901
1561000725.776305676 235.414234 8.591390 16.729202 0.042414160 0.037249173 -0.632534639 -0.772472309
1561000725.876376152 235.326243 7.972739 16.679613 0.037913380 0.041369216 -0.634601844 -0.770799367
1561000725.976329565 235.195264 7.344959 16.630440 0.035269486 0.048317499 -0.636783308 -0.768718740
1561000726.075703859 235.062127 6.722918 16.634244 0.033860682 0.058825942 -0.638058724 -0.766990240
1561000726.176499844 234.944343 6.114761 16.683181 0.032373337 0.059496181 -0.639615689 -0.765704866
1561000726.276074171 234.850276 5.531950 16.711349 0.032257620 0.054654762 -0.640826735 -0.765057775
1561000726.376221180 234.775185 4.968269 16.703570 0.032785589 0.049432948 -0.641690984 -0.764666051
1561000726.475786448 234.687658 4.406348 16.683579 0.036663908 0.044977793 -0.642780983 -0.763849045
1561000726.576731443 234.593063 3.848327 16.669779 0.040286737 0.044896784 -0.643464576 -0.763095405
1561000726.676671267 234.474650 3.300250 16.677488 0.041987226 0.046002481 -0.644505695 -0.762058563
1561000726.775483847 234.372170 2.728253 16.696714 0.041065434 0.046273296 -0.645149142 -0.761547764
1561000726.876623631 234.287475 2.147324 16.701885 0.038355908 0.046176078 -0.645646797 -0.761273150
1561000726.975837708 234.209130 1.582264 16.696651 0.036712925 0.046047525 -0.646101237 -0.760976332
1561000727.076009750 234.124798 1.011786 16.693906 0.036365870 0.046696108 -0.645911984 -0.761114122
1561000727.176642179 234.026352 0.462695 16.702679 0.036910108 0.047165664 -0.645096458 -0.761750355
1561000727.275603533 233.938095 -0.054947 16.721368 0.036719707 0.046893450 -0.643832274 -0.762845116
1561000727.376880884 233.851209 -0.548370 16.727838 0.036436442 0.046613498 -0.641271278 -0.765029879
1561000727.476497889 233.758631 -1.027651 16.744311 0.036295906 0.044519111 -0.637679542 -0.768157183
1561000727.576748371 233.651738 -1.518437 16.746940 0.036668306 0.041695574 -0.632748824 -0.772363800
1561000727.676890135 233.547679 -1.990224 16.735746 0.036336862 0.040402071 -0.626856134 -0.777237861
1561000727.775661230 233.421938 -2.463308 16.717858 0.036078687 0.041250905 -0.620052957 -0.782643611
1561000727.876594067 233.277034 -2.949937 16.707405 0.034967224 0.043032768 -0.612577981 -0.788462866
1561000727.975466967 233.125476 -3.433889 16.699111 0.033366040 0.044408057 -0.604549276 -0.794628721
1561000728.075502396 232.963652 -3.900181 16.694142 0.031747520 0.045047785 -0.595563976 -0.801415213
1561000728.176350832 232.787596 -4.370889 16.695149 0.030695490 0.044897442 -0.586104258 -0.808408192
1561000728.275915384 232.604059 -4.809854 16.688659 0.029760386 0.043872009 -0.576104216 -0.815655257
1561000728.376297712 232.406000 -5.242743 16.676234 0.029492741 0.043634677 -0.565723461 -0.822911392
1561000728.475493431 232.187847 -5.672657 16.653800 0.029714544 0.044222046 -0.555284286 -0.829952299
1561000728.576142311 231.955454 -6.094391 16.633749 0.029477424 0.045356342 -0.544494867 -0.837018054
1561000728.676459789 231.710997 -6.512235 16.624178 0.028736206 0.046150516 -0.532917102 -0.844419163
1561000728.776539326 231.466648 -6.933782 16.618134 0.027707406 0.045776174 -0.521111671 -0.851809526
1561000728.876916170 231.217303 -7.343729 16.596500 0.026955109 0.045262692 -0.508403065 -0.859506274
1561000728.975690126 230.954078 -7.729997 16.569143 0.026553287 0.045261660 -0.495229195 -0.867176078
1561000729.076785803 230.666651 -8.106253 16.547704 0.026709905 0.045105459 -0.481014860 -0.875143864
1561000729.176947832 230.371669 -8.466798 16.528348 0.026139963 0.045104343 -0.466073919 -0.883208584
1561000729.275589466 230.054206 -8.827288 16.505287 0.025529158 0.046820040 -0.451051716 -0.890903191
1561000729.376740456 229.714763 -9.186959 16.486550 0.023485456 0.049196868 -0.434877104 -0.898838142
1561000729.475992203 229.370758 -9.522340 16.463834 0.021251884 0.049663699 -0.418019520 -0.906830500
1561000729.576158762 229.033821 -9.836246 16.437585 0.020152914 0.049719868 -0.400107279 -0.914896694
1561000729.675919771 228.676047 -10.137012 16.396997 0.018968067 0.049910030 -0.382062145 -0.922592932
1561000729.774661779 228.300719 -10.422000 16.341785 0.017548024 0.050212212 -0.363014149 -0.930264225
1561000729.876053095 227.908509 -10.687290 16.290180 0.017562391 0.051681154 -0.343415153 -0.937596210
1561000729.975612402 227.492726 -10.934827 16.248156 0.017738925 0.052733130 -0.323894238 -0.944455965
1561000730.075893164 227.066499 -11.166800 16.226086 0.017990449 0.054540888 -0.303203156 -0.951193714
1561000730.175905228 226.629217 -11.379056 16.206531 0.017144700 0.056000060 -0.282865874 -0.957369808
1561000730.275650024 226.187480 -11.585276 16.174594 0.015214536 0.055930390 -0.262091357 -0.963300799
1561000730.375719309 225.744048 -11.777962 16.113173 0.013123856 0.055009406 -0.241211071 -0.968823487
1561000730.474884272 225.295527 -11.951142 16.052886 0.013297169 0.054182127 -0.219472635 -0.974022199
1561000730.574355841 224.828990 -12.075784 16.004724 0.014286311 0.054122389 -0.198209678 -0.978559958
1561000730.675849438 224.347247 -12.187797 15.967346 0.014768456 0.055564052 -0.176626075 -0.982597455
1561000730.774952412 223.853042 -12.281142 15.924670 0.014231286 0.056179390 -0.155690474 -0.986104367
1561000730.875655174 223.340686 -12.361591 15.869207 0.014332699 0.056494367 -0.135054559 -0.989122453
1561000730.975406647 222.817234 -12.426341 15.826715 0.016051551 0.056526751 -0.115445086 -0.991574257
1561000731.076184034 222.288450 -12.481061 15.786508 0.017064209 0.056237919 -0.096503476 -0.993596089
1561000731.176258326 221.767553 -12.519672 15.743075 0.017537828 0.056095066 -0.079093220 -0.995133172
1561000731.275706053 221.248577 -12.545208 15.698767 0.017565241 0.055936470 -0.063582209 -0.996252918
1561000731.376021385 220.719093 -12.569057 15.643492 0.016850048 0.055846012 -0.049092904 -0.997089357
1561000731.474750996 220.165022 -12.560687 15.575183 0.017151470 0.055307197 -0.037220276 -0.997627983
1561000731.577371120 219.598101 -12.543905 15.506820 0.017666005 0.055233559 -0.027153927 -0.997947810
1561000731.676023483 219.041809 -12.515761 15.451218 0.019543029 0.056977282 -0.018236845 -0.998017573
1561000731.774914265 218.463139 -12.492210 15.393139 0.020759307 0.059482687 -0.010217904 -0.997961149
1561000731.875996351 217.870500 -12.453108 15.360375 0.022333530 0.059495636 -0.004255407 -0.997969626
1561000731.974991798 217.275267 -12.417599 15.335677 0.021703483 0.058348000 0.001036553 -0.998059815
1561000732.075906754 216.680528 -12.393303 15.286631 0.021080047 0.056188375 0.005380193 -0.998183125
1561000732.176537037 216.078036 -12.369440 15.229642 0.019612867 0.053570592 0.009056064 -0.998330364
1561000732.275370359 215.474229 -12.344114 15.155954 0.019505210 0.053264297 0.012816584 -0.998307666
1561000732.377547741 214.842479 -12.326056 15.086997 0.020134826 0.054621780 0.016110443 -0.998174085
1561000732.474922180 214.209627 -12.290902 15.022847 0.019908029 0.057465091 0.019538235 -0.997957760
1561000732.575129986 213.556560 -12.260794 14.970470 0.019587016 0.058584497 0.022352260 -0.997839958
1561000732.675837040 212.899619 -12.228377 14.921968 0.018456219 0.058087400 0.024582972 -0.997838113
1561000732.774626493 212.261064 -12.190554 14.857323 0.017534932 0.056425833 0.027218167 -0.997881668
1561000732.875732660 211.588802 -12.150705 14.794047 0.017421612 0.054307011 0.028903731 -0.997953812
1561000732.975122690 210.929831 -12.099502 14.728158 0.017287233 0.053699526 0.030539119 -0.997940316
1561000733.076224566 210.242600 -12.048600 14.660536 0.017803462 0.053755822 0.032047602 -0.997880904
1561000733.176367998 209.564273 -11.993427 14.593380 0.018022049 0.054103927 0.033650781 -0.997805390
1561000733.275841475 208.874708 -11.925168 14.528552 0.018367359 0.054278828 0.034408599 -0.997763748
1561000733.376681566 208.168712 -11.865344 14.464859 0.018499616 0.054418872 0.035137665 -0.997728267
1561000733.475421429 207.460287 -11.808957 14.398804 0.018319924 0.054899827 0.035114675 -0.997706043
1561000733.575511456 206.732853 -11.744931 14.325152 0.018849401 0.055786369 0.035546400 -0.997631713
1561000733.677853107 205.986284 -11.680064 14.255124 0.019830324 0.056450778 0.035423526 -0.997579692
1561000733.775289536 205.263475 -11.625600 14.194868 0.020006427 0.056103261 0.035440901 -0.997595163
1561000733.876388311 204.520406 -11.566378 14.134509 0.019735782 0.055040691 0.035602327 -0.997653996
1561000733.976103306 203.772208 -11.516438 14.065761 0.019231277 0.053926088 0.035433835 -0.997730714
1561000734.076797724 203.012743 -11.462635 13.989475 0.019018968 0.053692179 0.035594105 -0.997741694
1561000734.177607059 202.244284 -11.401249 13.920778 0.019397707 0.054074336 0.035604256 -0.997713402
1561000734.275676489 201.471763 -11.349925 13.851060 0.018827164 0.054489830 0.035632908 -0.997700703
1561000734.376616478 200.678138 -11.296749 13.778515 0.018806712 0.054200633 0.035343174 -0.997727147
1561000734.475895643 199.890794 -11.246044 13.706815 0.017726782 0.053013389 0.035584772 -0.997802118
1561000734.576510429 199.093916 -11.195037 13.630526 0.017371117 0.052239557 0.035291225 -0.997859611
1561000734.676296711 198.296553 -11.141869 13.553957 0.017696080 0.051799546 0.035075478 -0.997884446
1561000734.775057077 197.497928 -11.081401 13.486614 0.017568611 0.052061802 0.034857474 -0.997880689
1561000734.876385927 196.672135 -11.019080 13.412874 0.017753246 0.052123020 0.034479492 -0.997887357
1561000734.975432873 195.837240 -10.954307 13.336930 0.017648236 0.052349394 0.034105073 -0.997890237
1561000735.076269865 194.978303 -10.886276 13.254028 0.017365137 0.052542134 0.033534934 -0.997904396
1561000735.176242352 194.131061 -10.833810 13.167576 0.017587084 0.053640714 0.033322743 -0.997849169
1561000735.275769949 193.269130 -10.773605 13.088028 0.018297102 0.055419101 0.033008783 -0.997749648
1561000735.376716852 192.397616 -10.727718 13.015698 0.019187558 0.056404176 0.032390263 -0.997697989
1561000735.475293875 191.543296 -10.669302 12.943372 0.018580955 0.055532027 0.031602193 -0.997783666
1561000735.577337980 190.651886 -10.610343 12.866906 0.018047161 0.053018506 0.031052575 -0.997947431
1561000735.677403212 189.781477 -10.550346 12.793277 0.017297613 0.050348960 0.030781825 -0.998107336
1561000735.775469780 188.910117 -10.480339 12.716824 0.017907599 0.051149413 0.029901039 -0.998082654
1561000735.877331495 188.005788 -10.438976 12.634281 0.017859766 0.053446740 0.029702509 -0.997969056
1561000735.975853205 187.100229 -10.402754 12.536209 0.017794360 0.055292669 0.029717426 -0.997869208
1561000736.077403784 186.176906 -10.355598 12.446758 0.018021692 0.056202912 0.029694051 -0.997814970
1561000736.177508116 185.268914 -10.308651 12.367847 0.018229763 0.055152443 0.028996504 -0.997890318
1561000736.276756287 184.358282 -10.249414 12.293726 0.018027822 0.053653927 0.029460187 -0.997962099
1561000736.377303600 183.431635 -10.193293 12.215954 0.017655027 0.052081950 0.028800313 -0.998071296
1561000736.475972176 182.522502 -10.136824 12.144877 0.017600815 0.051774439 0.028652507 -0.998092507
1561000736.578234911 181.582749 -10.082125 12.060872 0.017336474 0.053081535 0.028449112 -0.998034291
1561000736.679145098 180.657251 -10.026343 11.973436 0.016971898 0.054788033 0.028638364 -0.997942919
1561000736.779046774 179.725963 -9.978217 11.888692 0.017379041 0.055015419 0.028386784 -0.997930590
1561000736.879239559 178.789046 -9.919079 11.806627 0.017125088 0.054021805 0.027826553 -0.998005040
1561000736.977446556 177.872162 -9.861247 11.715218 0.016455125 0.053039814 0.027898051 -0.998066985
1561000737.079060078 176.930247 -9.805706 11.630308 0.017493861 0.053151220 0.027607692 -0.998051466
1561000737.179150820 176.018705 -9.764683 11.554683 0.017271667 0.053920167 0.027549187 -0.998015705
1561000737.277620316 175.094840 -9.715206 11.472136 0.017036843 0.054005271 0.027816468 -0.998007726
1561000737.379072905 174.155087 -9.657285 11.398365 0.017120091 0.053563815 0.027508463 -0.998038629
1561000737.477309942 173.224240 -9.603854 11.318892 0.016440073 0.053110996 0.027569258 -0.998072584
1561000737.579089642 172.270432 -9.548988 11.228389 0.016723786 0.052612072 0.027553385 -0.998094733
1561000737.678923845 171.343592 -9.488553 11.154316 0.016769254 0.051900962 0.027143146 -0.998142441
1561000737.778043270 170.414209 -9.431740 11.073221 0.015990756 0.051687574 0.027519621 -0.998155980
1561000737.879300594 169.458498 -9.381942 10.986268 0.016149907 0.051759208 0.027759441 -0.998143065
1561000737.977482796 168.527699 -9.332952 10.900140 0.016186297 0.052199152 0.028010650 -0.998112547
1561000738.077658892 167.588592 -9.283893 10.814400 0.016360240 0.052828188 0.028279130 -0.998069044
1561000738.179030657 166.657308 -9.225552 10.732437 0.016591900 0.052935990 0.029023997 -0.998038124
1561000738.277163029 165.731415 -9.161496 10.664056 0.017020479 0.052355157 0.029222849 -0.998055743
1561000738.378947496 164.780670 -9.104084 10.587664 0.017026611 0.051265925 0.029927324 -0.998091306
1561000738.476889610 163.851283 -9.048194 10.525086 0.016943401 0.049995851 0.030206246 -0.998148746
1561000738.579627514 162.884391 -8.992953 10.445885 0.016814913 0.050312354 0.030372680 -0.998129965
1561000738.678697824 161.956997 -8.937727 10.363699 0.016718496 0.051180277 0.030533514 -0.998082550
1561000738.778738260 161.012696 -8.876115 10.273924 0.015770677 0.051754994 0.031164423 -0.998048839
1561000738.878840208 160.062768 -8.818840 10.177853 0.015504918 0.051321237 0.031223688 -0.998073549
1561000738.977214336 159.110702 -8.760733 10.094390 0.015209455 0.050362955 0.031112462 -0.998130382
1561000739.078454494 158.153456 -8.701633 10.010797 0.015733522 0.049650168 0.031270327 -0.998153036
1561000739.180855751 157.207586 -8.633162 9.938153 0.015535309 0.049503949 0.031528342 -0.998155287
1561000739.280125380 156.255326 -8.565823 9.862460 0.016214769 0.050323045 0.030966665 -0.998121104
1561000739.380101442 155.285365 -8.506004 9.792103 0.016729514 0.051592982 0.031142838 -0.998042289
1561000739.478807926 154.329523 -8.446947 9.708116 0.016668739 0.051785263 0.031177139 -0.998032277
1561000739.580676794 153.354202 -8.384927 9.631931 0.016369546 0.050610202 0.031488026 -0.998087746
1561000739.680329800 152.411880 -8.327183 9.555117 0.016795854 0.049327624 0.031376519 -0.998148385
1561000739.778465271 151.478244 -8.275514 9.494713 0.017221107 0.048706721 0.031456572 -0.998169110
1561000739.880374670 150.513700 -8.201743 9.419642 0.016361572 0.048095966 0.031484336 -0.998212309
1561000739.978905201 149.563621 -8.142503 9.333406 0.016908734 0.048771017 0.031796917 -0.998160527
1561000740.080199242 148.581057 -8.078565 9.247230 0.016420324 0.049557671 0.031690926 -0.998133305
1561000740.180222273 147.612072 -8.006049 9.168338 0.017818111 0.052439145 0.031660341 -0.997963062
1561000740.279912949 146.648714 -7.932675 9.099398 0.017483623 0.053151791 0.031553743 -0.997934653
1561000740.380106688 145.680225 -7.867519 9.020792 0.017281260 0.052471574 0.032111387 -0.997956387
1561000740.478585005 144.732470 -7.812433 8.954270 0.016344028 0.047964913 0.031910562 -0.998205368
1561000740.580223560 143.764577 -7.762767 8.873592 0.016237457 0.045517898 0.032222495 -0.998311663
1561000740.682347775 142.805877 -7.692724 8.789144 0.017386433 0.045850167 0.032315554 -0.998274100
1561000740.781738520 141.848141 -7.624331 8.710831 0.017071558 0.048457814 0.032398222 -0.998153674
1561000740.881705999 140.857497 -7.549462 8.627995 0.017269359 0.050698805 0.032438426 -0.998037649
1561000740.980092525 139.902392 -7.473309 8.557472 0.017663327 0.051420760 0.032607980 -0.997988292
1561000741.081837893 138.916295 -7.411011 8.483447 0.017991038 0.051273662 0.032321159 -0.997999337
1561000741.181458235 137.943157 -7.352155 8.423898 0.018151764 0.049281112 0.032377042 -0.998094992
1561000741.281317472 136.975824 -7.295144 8.356938 0.017137426 0.046873947 0.032664206 -0.998219511
1561000741.381279707 136.030184 -7.236906 8.283984 0.017369317 0.045908131 0.032574345 -0.998263323
1561000741.479799747 135.058777 -7.154038 8.198113 0.016833406 0.047408732 0.032357909 -0.998209404
1561000741.581219196 134.062374 -7.085251 8.102462 0.017657916 0.050351828 0.032646248 -0.998041639
1561000741.681135654 133.083960 -7.008598 8.029019 0.017475403 0.051831953 0.032749691 -0.997965689
1561000741.779748917 132.136869 -6.939264 7.957712 0.017746136 0.052242741 0.033063462 -0.997929145
1561000741.881503820 131.179721 -6.881297 7.899406 0.017811823 0.050139331 0.033081894 -0.998035257
1561000741.980095387 130.255778 -6.823592 7.840320 0.016620132 0.046330386 0.033250689 -0.998234270
1561000742.081761599 129.310866 -6.767364 7.771012 0.016433731 0.045313137 0.032885575 -0.998296144
1561000742.182045698 128.376908 -6.709233 7.695298 0.015911123 0.045865811 0.032845981 -0.998280674
1561000742.281749725 127.433754 -6.638232 7.601937 0.015781202 0.047832478 0.033428023 -0.998171115
1561000742.381779909 126.481310 -6.577581 7.538024 0.016287360 0.048344000 0.033284390 -0.998143140
1561000742.480130911 125.548499 -6.523127 7.465648 0.015986015 0.048126154 0.033183715 -0.998161892
1561000742.581444979 124.600805 -6.468765 7.401421 0.016010776 0.048101746 0.033108586 -0.998165166
1561000742.681328058 123.690053 -6.406862 7.340137 0.015166608 0.048255302 0.033324717 -0.998163746
1561000742.781178713 122.771512 -6.346197 7.270593 0.015034164 0.048904161 0.033471686 -0.998129252
1561000742.881229639 121.852014 -6.277755 7.213828 0.014661888 0.049458498 0.033468875 -0.998107570
1561000742.980203152 120.929786 -6.229467 7.140148 0.014090825 0.048565727 0.033401908 -0.998161876
1561000743.082669258 120.000149 -6.171452 7.068533 0.013321772 0.047906253 0.033415054 -0.998203865
1561000743.181624174 119.090667 -6.112419 6.979385 0.013591932 0.047654750 0.033451683 -0.998211034
1561000743.282551765 118.161734 -6.045569 6.897465 0.013518737 0.049324684 0.033773045 -0.998120083
1561000743.382868767 117.224879 -5.982604 6.804066 0.013559791 0.052629285 0.034413410 -0.997928859
1561000743.482905388 116.310619 -5.906633 6.738454 0.014843226 0.055626778 0.035022503 -0.997726799
1561000743.582819939 115.406294 -5.827830 6.687749 0.014067240 0.053878019 0.035692369 -0.997810266
1561000743.684368134 114.508284 -5.754674 6.628147 0.013861318 0.047260271 0.035871738 -0.998142049
1561000743.782243729 113.635739 -5.683332 6.587610 0.014283870 0.041901098 0.036050543 -0.998368984
1561000743.883116245 112.741470 -5.613219 6.538095 0.013309225 0.041380764 0.036294198 -0.998395327
1561000743.981503963 111.829385 -5.551504 6.463424 0.012600838 0.045609702 0.036855406 -0.998199706
1561000744.083031893 110.893769 -5.497361 6.387722 0.010278266 0.050560879 0.037443105 -0.997965916
1561000744.181850910 109.977526 -5.439496 6.269986 0.010650577 0.044185303 0.038625624 -0.998219558
1561000744.281395674 109.094143 -5.363603 6.209231 0.014469850 0.032913187 0.039375167 -0.998577459
1561000744.382955313 108.201999 -5.261059 6.214099 0.017352695 0.022631966 0.039282302 -0.998821095
1561000744.481312990 107.326281 -5.134127 6.166884 0.017058629 0.026417481 0.039989071 -0.998705159
1561000744.582620621 106.364338 -5.006787 6.084827 0.017778316 0.038632608 0.040349902 -0.998280190
1561000744.682545900 105.394872 -4.930285 5.957413 0.012564244 0.062192656 0.039510300 -0.997202662
1561000744.790531874 104.358663 -4.868526 5.838235 0.011491599 0.066286883 0.040625330 -0.996907004
1561000744.891832829 103.424381 -4.804776 5.795460 0.011571741 0.055893310 0.041737144 -0.997496889
1561000744.992093801 102.514466 -4.740567 5.773032 0.011526428 0.037833014 0.042624310 -0.998308055
1561000745.093869925 101.611741 -4.695676 5.713131 0.012946508 0.036596751 0.043373626 -0.998304460
1561000745.187759638 100.752482 -4.617605 5.643917 0.013692601 0.041430138 0.043339996 -0.998107059
1561000745.281635761 99.851821 -4.530195 5.563401 0.011806771 0.043054129 0.045127237 -0.997983204
1561000745.383183002 98.906936 -4.443954 5.469955 0.012032511 0.045665825 0.046290132 -0.997811142
1561000745.481816292 97.987717 -4.365423 5.410806 0.013591960 0.044523680 0.046741896 -0.997821675
1561000745.583105803 97.020255 -4.262507 5.362095 0.013452427 0.043463475 0.049646975 -0.997729992
1561000745.683560848 96.067767 -4.162936 5.306889 0.012536774 0.043490477 0.051091118 -0.997667833
1561000745.782776833 95.118637 -4.056727 5.232279 0.011934870 0.043178838 0.052280606 -0.997627127
1561000745.883323669 94.162566 -3.944229 5.152939 0.012820854 0.043749068 0.053413894 -0.997531253
1561000745.981529951 93.214849 -3.818352 5.083053 0.013522009 0.044078698 0.055504160 -0.997393359
1561000746.083099127 92.222579 -3.689004 5.021025 0.013358738 0.044147111 0.057512715 -0.997278729
1561000746.182931900 91.244370 -3.578981 4.959006 0.012704655 0.042945715 0.059202437 -0.997240858
1561000746.282544851 90.266209 -3.466526 4.900499 0.012411375 0.041684402 0.060687435 -0.997208806
1561000746.383478165 89.285841 -3.344503 4.842832 0.010841914 0.040838010 0.062883881 -0.997126034
1561000746.483193874 88.305845 -3.204348 4.761163 0.011533664 0.042593732 0.064611035 -0.996934382
1561000746.582859039 87.321159 -3.062383 4.687059 0.011060825 0.045676698 0.066782056 -0.996660150
1561000746.683088779 86.319330 -2.919065 4.611588 0.010830388 0.047819214 0.068381240 -0.996453728
1561000746.782943249 85.328752 -2.780994 4.546845 0.010762981 0.046591574 0.070287763 -0.996379955
1561000746.883979559 84.340564 -2.634837 4.493460 0.009365259 0.042555639 0.071349453 -0.996499155
1561000746.982884884 83.374616 -2.494248 4.427474 0.009130119 0.038862537 0.072577346 -0.996563532
1561000747.083954573 82.397407 -2.348449 4.370688 0.009137068 0.039131692 0.073704746 -0.996470188
1561000747.183906555 81.408741 -2.195657 4.278662 0.008352969 0.041255723 0.075723656 -0.996239992
1561000747.284151077 80.386505 -2.032147 4.182114 0.009043143 0.044175896 0.077452765 -0.995975793
1561000747.384050846 79.358904 -1.841326 4.114818 0.010346036 0.047126463 0.079179035 -0.995692089
1561000747.483245850 78.344409 -1.672055 4.053419 0.008308729 0.044980918 0.079875336 -0.995754796
1561000747.584132910 77.323103 -1.495508 3.996826 0.008750633 0.040601960 0.081300178 -0.995823874
1561000747.684149981 76.323492 -1.325194 3.938810 0.008573713 0.036775880 0.082827983 -0.995848157
1561000747.782895088 75.331876 -1.149631 3.880434 0.010180219 0.037099166 0.084402013 -0.995688865
1561000747.883862972 74.311190 -0.962042 3.830676 0.009428136 0.038182565 0.085661415 -0.995547751
1561000747.983161926 73.281481 -0.773579 3.758801 0.008544898 0.037709906 0.086780044 -0.995476856
1561000748.083950281 72.253783 -0.593467 3.706377 0.008203158 0.035212553 0.087574893 -0.995501593
1561000748.182910442 71.236067 -0.391010 3.643949 0.008183853 0.035990637 0.089056030 -0.995342515
1561000748.284052372 70.193884 -0.194026 3.566668 0.009311731 0.040310813 0.089978730 -0.995083996
1561000748.384227514 69.144598 0.008523 3.477737 0.009367720 0.045262076 0.090945640 -0.994782630
1561000748.483160019 68.106720 0.199665 3.400047 0.009471160 0.045908160 0.090996198 -0.994747420
1561000748.583842278 67.057443 0.388569 3.329407 0.010823804 0.044265839 0.091691299 -0.994744232
1561000748.683559656 66.015373 0.589602 3.276535 0.010688824 0.041612488 0.092330876 -0.994801065
1561000748.784049034 64.975390 0.789738 3.221266 0.010769903 0.040090412 0.092101356 -0.994883967
1561000748.884100676 63.934193 0.987257 3.150347 0.010235096 0.040549448 0.092146558 -0.994866824
1561000748.984337807 62.874375 1.188494 3.066078 0.010257299 0.042787128 0.092019628 -0.994784619
1561000749.083048344 61.816590 1.384288 2.996361 0.010336351 0.043158415 0.092363993 -0.994735846
1561000749.184223175 60.724931 1.589099 2.913089 0.010814159 0.041953593 0.092313883 -0.994786961
1561000749.283098221 59.659348 1.813798 2.850382 0.011327044 0.040690978 0.092482643 -0.994818025
1561000749.384144783 58.587870 2.041310 2.788341 0.011313780 0.040649995 0.091721980 -0.994890273
1561000749.482987881 57.505213 2.247099 2.714208 0.011910653 0.041177356 0.091589884 -0.994873788
1561000749.584203720 56.417093 2.450902 2.634750 0.011561262 0.041769099 0.091491368 -0.994862307
1561000749.683981419 55.337045 2.649672 2.551055 0.010794670 0.043141859 0.091472363 -0.994814084
1561000749.783499956 54.272841 2.838786 2.474751 0.011275917 0.043079923 0.090789777 -0.994873957
1561000749.884304523 53.205442 3.029252 2.414094 0.010640118 0.041889397 0.090109543 -0.994993636
1561000749.982745409 52.161971 3.220809 2.357235 0.010639629 0.040697618 0.090041359 -0.995049273
1561000750.083983898 51.104106 3.411866 2.287462 0.011644011 0.040209757 0.089425069 -0.995113436
1561000750.183398485 50.047818 3.597575 2.221003 0.010655334 0.039772924 0.089372180 -0.995146819
1561000750.282843828 48.989520 3.798843 2.160309 0.010950457 0.039929100 0.088756653 -0.995192449
1561000750.383740425 47.917633 3.997420 2.101523 0.010530981 0.041044869 0.088501290 -0.995174326
1561000750.482652664 46.876780 4.177319 2.019089 0.009759152 0.041840075 0.088617396 -0.995138746
1561000750.584123373 45.810504 4.352191 1.952045 0.009420431 0.041102587 0.089191140 -0.995121487
1561000750.684057236 44.787829 4.548336 1.897948 0.009771206 0.040069424 0.089549178 -0.995128087
1561000750.782595634 43.781819 4.735400 1.847821 0.009356186 0.039525264 0.089813771 -0.995129992
1561000750.883799314 42.742406 4.927131 1.786532 0.009612321 0.039239779 0.090037990 -0.995118588
1561000750.982515335 41.750027 5.114261 1.726533 0.009976397 0.037867281 0.090626334 -0.995114771
1561000751.083716154 40.718237 5.316273 1.663141 0.010633250 0.037986407 0.090572553 -0.995108325
1561000751.183792830 39.694498 5.525705 1.595225 0.010509225 0.038683209 0.090949536 -0.995048415
1561000751.283967972 38.662178 5.723032 1.527430 0.011513862 0.039380142 0.091057231 -0.995000109
1561000751.383872271 37.659737 5.921568 1.467206 0.011489685 0.039197421 0.091071676 -0.995006281
1561000751.482865572 36.655593 6.101805 1.416618 0.011942792 0.038940651 0.091364464 -0.994984186
1561000751.584195852 35.644483 6.294383 1.374139 0.011469436 0.038020648 0.091737290 -0.994991031
1561000751.683939934 34.648407 6.485112 1.325161 0.011623206 0.037194177 0.091849680 -0.995010116
1561000751.784201384 33.646019 6.664291 1.268432 0.011417973 0.037235230 0.091830683 -0.995012710
1561000751.884206057 32.663827 6.845366 1.199810 0.011149977 0.037917598 0.092202094 -0.994955631
1561000751.983967066 31.681458 7.043864 1.131238 0.011470979 0.038031578 0.091843018 -0.994980842
1561000752.083862305 30.701623 7.240917 1.065572 0.011424287 0.038403295 0.092283061 -0.994926384
1561000752.183033466 29.723379 7.417902 0.997735 0.011409394 0.038360523 0.091941197 -0.994959855
1561000752.283822298 28.724457 7.589849 0.951344 0.011494009 0.037622410 0.092549245 -0.994930691
1561000752.383663654 27.745361 7.771599 0.902887 0.011060478 0.037358057 0.092738949 -0.994927901
1561000752.482513666 26.799510 7.958282 0.864895 0.011781168 0.037001501 0.092874371 -0.994920321
1561000752.583689928 25.840561 8.148407 0.815004 0.011310102 0.037131763 0.092978152 -0.994911241
1561000752.683166742 24.887257 8.346665 0.766761 0.011469723 0.036514487 0.093117861 -0.994919194
1561000752.783298254 23.927280 8.546675 0.727374 0.012118547 0.035377813 0.093177304 -0.994947004
1561000752.883247614 22.988309 8.731852 0.695497 0.012359872 0.035276891 0.093471714 -0.994920003
1561000752.983822584 22.023090 8.910765 0.648354 0.012061216 0.034777614 0.093396283 -0.994948330
1561000753.083812475 21.073499 9.070339 0.593424 0.011264766 0.035422979 0.093335237 -0.994940627
1561000753.188347340 20.058161 9.240937 0.526162 0.010826330 0.035961255 0.093078304 -0.994950254
1561000753.283654690 19.175493 9.395875 0.479373 0.011272840 0.036098804 0.093132152 -0.994935275
1561000753.383755684 18.228508 9.575128 0.435951 0.009817483 0.036042542 0.092844600 -0.994979614
1561000753.482701063 17.287873 9.759814 0.394120 0.010552817 0.035335910 0.092395008 -0.995039283
1561000753.583997488 16.345787 9.943273 0.366669 0.010454167 0.034570673 0.091418850 -0.995157361
1561000753.683449268 15.422214 10.107735 0.320476 0.009710224 0.033801299 0.091233111 -0.995208372
1561000753.783283234 14.483794 10.271138 0.295004 0.010454196 0.033387193 0.090298944 -0.995300008
1561000753.884061813 13.530879 10.426180 0.242772 0.008040897 0.035807014 0.090674890 -0.995204133
1561000753.984368563 12.578638 10.576044 0.195877 0.006586825 0.035206875 0.090482312 -0.995253757
1561000754.083665371 11.677894 10.751383 0.143647 0.005705172 0.028421300 0.089497024 -0.995565148
1561000754.183379412 10.802488 10.960646 0.104239 0.008582289 0.018806297 0.089141225 -0.995804453
1561000754.282987356 9.914812 11.165567 0.071939 0.009296694 0.015031748 0.089154176 -0.995861010
1561000754.384196520 8.934683 11.331949 0.010540 0.006667511 0.011652666 0.089428663 -0.995902743
1561000754.482936382 7.909075 11.523917 -0.055157 0.004293198 0.015480187 0.091392181 -0.995685393
1561000754.584233284 6.866355 11.673522 -0.149132 0.009025284 0.033009990 0.090583123 -0.995300750
1561000754.683299065 5.936212 11.811943 -0.188616 0.010618174 0.047982429 0.087764998 -0.994928262
1561000754.783032179 5.046806 11.975896 -0.180539 0.008354857 0.032519138 0.086492665 -0.995686558
1561000754.875834227 4.207667 12.140099 -0.194814 0.010348061 0.017554491 0.086503948 -0.996043084
1561000754.974828005 3.276095 12.330526 -0.208059 0.008842786 0.018284287 0.086774639 -0.996020909
1561000755.076217413 2.312766 12.536345 -0.207790 0.008897799 0.016347331 0.087031449 -0.996031687
1561000755.175680161 1.371930 12.709947 -0.193591 0.008322614 0.018301533 0.088285263 -0.995892314
1561000755.275961161 0.408821 12.849247 -0.242754 0.006048077 0.018429735 0.088821161 -0.995858708
1561000755.377502203 -0.532893 12.994062 -0.282602 0.006193141 0.015920999 0.089152401 -0.995871486
1561000755.474936724 -1.433119 13.167587 -0.291479 0.007557088 0.014754911 0.089729216 -0.995828224
1561000755.575353146 -2.355098 13.346964 -0.298010 0.007517484 0.015308531 0.090406528 -0.995758905
1561000755.675123692 -3.277767 13.523214 -0.320286 0.008124993 0.014674208 0.090590237 -0.995746986
1561000755.776239395 -4.211354 13.712939 -0.310754 0.007616938 0.012861274 0.091122612 -0.995727493
1561000755.876235485 -5.131972 13.898409 -0.306880 0.007235604 0.010824171 0.091677603 -0.995703621
1561000755.975002766 -6.047913 14.069376 -0.305131 0.008048609 0.009714968 0.092591589 -0.995624245
1561000756.076160431 -6.979110 14.263704 -0.302516 0.008395724 0.011154493 0.093063029 -0.995562334
1561000756.175933123 -7.909775 14.442173 -0.303424 0.008771676 0.012903490 0.093508645 -0.995496203
1561000756.275837183 -8.841498 14.606774 -0.311458 0.007495569 0.012866671 0.094420537 -0.995421030
1561000756.376134634 -9.775771 14.780098 -0.323445 0.007197529 0.012854325 0.094638355 -0.995402704
1561000756.475084305 -10.721278 14.961249 -0.342118 0.007066497 0.012390612 0.094886204 -0.995385928
1561000756.576363564 -11.672784 15.143996 -0.363045 0.007207155 0.012558623 0.095232325 -0.995349759
1561000756.676170349 -12.600748 15.326908 -0.361839 0.006568772 0.012603827 0.094805937 -0.995394308
1561000756.776137829 -13.527800 15.502149 -0.358593 0.006734011 0.012629055 0.094507673 -0.995421247
1561000756.876235485 -14.464052 15.673499 -0.359222 0.006322904 0.011995168 0.094434456 -0.995438733
1561000756.977693558 -15.399020 15.858596 -0.358741 0.006606357 0.011143746 0.094201545 -0.995468855
1561000757.076005936 -16.314201 16.036621 -0.365222 0.005365098 0.010998258 0.094334884 -0.995465310
1561000757.175635815 -17.227371 16.226266 -0.381955 0.006353374 0.011455282 0.093911771 -0.995494345
1561000757.276071787 -18.140859 16.406540 -0.373039 0.007201238 0.011974189 0.093832743 -0.995489918
1561000757.376356602 -19.042200 16.568677 -0.367558 0.006447864 0.011941139 0.093886889 -0.995490375
1561000757.475275517 -19.934957 16.742674 -0.362512 0.006237057 0.010569440 0.093581598 -0.995535972
1561000757.576222420 -20.846110 16.911184 -0.352217 0.005818186 0.008963103 0.093756739 -0.995537787
1561000757.676106453 -21.750770 17.099567 -0.357283 0.006432290 0.009078092 0.093489951 -0.995558056
1561000757.775982141 -22.674166 17.286466 -0.366060 0.006545344 0.010502075 0.093461699 -0.995545969
1561000757.874887705 -23.577356 17.461517 -0.362424 0.007212396 0.013060667 0.093143396 -0.995540912
1561000757.974808216 -24.483797 17.615532 -0.367652 0.005933401 0.013627834 0.093655150 -0.995493742
1561000758.075918913 -25.373110 17.781576 -0.353137 0.005468735 0.006816842 0.092884826 -0.995638505
1561000758.176569462 -26.213435 17.964165 -0.312011 0.007320092 -0.005583958 0.092652013 -0.995655985
1561000758.276705265 -27.049573 18.144702 -0.300126 0.009028614 -0.012137801 0.092093872 -0.995635414
1561000758.376512051 -27.942830 18.315438 -0.302441 0.009839206 -0.017936352 0.091235566 -0.995619179
1561000758.474705219 -28.841746 18.501241 -0.315860 0.008785381 -0.012967671 0.089870964 -0.995830240
1561000758.578095913 -29.822403 18.683169 -0.361648 0.009343835 -0.000534108 0.089184124 -0.995971184
1561000758.677247763 -30.735167 18.830104 -0.406736 0.010526081 0.015852954 0.089106847 -0.995840276
1561000758.777055264 -31.585023 18.954529 -0.381737 0.008097656 0.009877080 0.090463223 -0.995817893
1561000758.878000736 -32.432394 19.102858 -0.321849 0.006898745 -0.005949680 0.089839678 -0.995914575
1561000758.976372242 -33.281624 19.270645 -0.298322 0.006807733 -0.007256083 0.089517777 -0.995935526
1561000759.077883005 -34.190218 19.451368 -0.283317 0.006702104 -0.007042824 0.088726042 -0.996008619
1561000759.176305056 -35.111810 19.623902 -0.293342 0.007523282 -0.002884418 0.088880313 -0.996009724
1561000759.276651144 -36.037130 19.796981 -0.291071 0.008089993 -0.002517369 0.089961565 -0.995909198
1561000759.378161430 -36.952367 19.966882 -0.269580 0.009025327 -0.004327939 0.090435884 -0.995851979
1561000759.477593184 -37.816388 20.147854 -0.214325 0.010423710 -0.004704245 0.091463606 -0.995742750
1561000759.577945471 -38.688609 20.308183 -0.137457 0.009952538 -0.005698945 0.092115395 -0.995682290
1561000759.676930189 -39.536056 20.452282 -0.089285 0.011193397 -0.006787891 0.091639308 -0.995706217
1561000759.777792692 -40.462787 20.605309 -0.052368 0.012308509 -0.006140814 0.092051496 -0.995659235
1561000759.877867937 -41.385489 20.769916 -0.051959 0.012491906 -0.003599708 0.092232340 -0.995652645
1561000759.976106882 -42.326804 20.926925 -0.038722 0.013361690 -0.002265713 0.092582183 -0.995612812
1561000760.078477859 -43.268417 21.091753 -0.029001 0.012153467 -0.002552688 0.092932462 -0.995594965
1561000760.176506519 -44.165228 21.274607 -0.024185 0.012181853 -0.003408512 0.093326232 -0.995555221
1561000760.277170658 -45.052392 21.446110 0.010351 0.012534472 -0.004192005 0.094046251 -0.995480094
1561000760.379051685 -45.924577 21.629265 0.035025 0.012483049 -0.003456497 0.094527155 -0.995438016
1561000760.476864576 -46.804284 21.794446 0.050364 0.012539365 -0.002498101 0.094665131 -0.995427063
1561000760.578196049 -47.704035 21.981718 0.073916 0.012305456 -0.002665737 0.095337495 -0.995365376
1561000760.676435947 -48.582291 22.170844 0.098928 0.012423538 -0.001984321 0.095610810 -0.995339284
1561000760.778700590 -49.504707 22.376089 0.130572 0.012993068 -0.002351825 0.095666844 -0.995325828
1561000760.878728867 -50.372994 22.552402 0.148153 0.012761949 -0.002848485 0.096242368 -0.995272036
1561000760.977615118 -51.242618 22.742974 0.182475 0.012500486 -0.005042950 0.096881868 -0.995204607
1561000761.079234838 -52.112057 22.902794 0.225981 0.012405611 -0.005574104 0.097227806 -0.995169224
1561000761.177640200 -52.972275 23.068368 0.244671 0.011938294 -0.004944398 0.097377742 -0.995163607
1561000761.279304266 -53.847700 23.245363 0.270963 0.012200291 -0.003735622 0.097880421 -0.995116386
1561000761.378851414 -54.722493 23.407674 0.280427 0.011657301 -0.003207818 0.097889699 -0.995123823
1561000761.476758957 -55.575740 23.588426 0.292661 0.012472828 -0.002540847 0.098577228 -0.995047990
1561000761.578555584 -56.436921 23.762100 0.313443 0.012224635 -0.002791947 0.098625083 -0.995045655
1561000761.677026987 -57.247437 23.928872 0.330453 0.011970205 -0.003372061 0.098878896 -0.995021762
1561000761.777987003 -58.063229 24.110517 0.341868 0.012401329 -0.003844666 0.098744948 -0.995028070
1561000761.878035784 -58.873710 24.287421 0.355350 0.012689769 -0.003441489 0.098989752 -0.995001585
1561000761.978143930 -59.673135 24.466238 0.378758 0.012503370 -0.003035639 0.098759320 -0.995028164
1561000762.076812744 -60.467064 24.627163 0.408263 0.012617370 -0.003391535 0.099197070 -0.994982030
1561000762.176700115 -61.237101 24.784309 0.443145 0.012439519 -0.003767723 0.099131419 -0.994989459
1561000762.278450251 -61.984804 24.927472 0.465181 0.012128042 -0.004591862 0.099067480 -0.994996211
1561000762.378512144 -62.709439 25.064648 0.466371 0.012669875 -0.005383195 0.099028818 -0.994989341
1561000762.476763725 -63.407098 25.219452 0.488796 0.012431162 -0.004621259 0.099135297 -0.994985579
1561000762.577278852 -64.111489 25.369231 0.506726 0.012669118 -0.005167735 0.098953596 -0.994997977
1561000762.676781893 -64.790187 25.494954 0.534348 0.013203395 -0.005335204 0.099148177 -0.994970776
1561000762.778564215 -65.490251 25.630463 0.564021 0.012853548 -0.005656000 0.099238126 -0.994964618
1561000762.878412962 -66.180812 25.751872 0.582956 0.013368976 -0.003508498 0.099369185 -0.994954635
1561000762.976717949 -66.878792 25.893727 0.634551 0.013042055 -0.004700987 0.099435646 -0.994947415
1561000763.078550577 -67.553339 26.051041 0.699694 0.013072787 -0.011193868 0.099240714 -0.994914609
1561000763.176797628 -68.162349 26.229607 0.746207 0.012861576 -0.016287676 0.099544038 -0.994816705
1561000763.278403044 -68.776680 26.411858 0.796230 0.016839161 -0.030010516 0.099200344 -0.994472274
1561000763.378169537 -69.404526 26.564444 0.845517 0.018455811 -0.033935268 0.098588365 -0.994378255
1561000763.477680445 -70.073297 26.656837 0.945609 0.018973695 -0.045997222 0.097587077 -0.993982403
1561000763.578214884 -70.762231 26.769568 1.026820 0.019373984 -0.047645772 0.095953884 -0.994056025
1561000763.676374674 -71.464248 26.870394 1.079153 0.020006934 -0.044545151 0.094659827 -0.994311304
1561000763.776315451 -72.103141 26.994723 1.138044 0.020127351 -0.042619695 0.093407774 -0.994511659
1561000763.878016233 -72.768062 27.153969 1.250929 0.020852118 -0.040873022 0.092947073 -0.994613205
1561000763.976478577 -73.412847 27.263236 1.337797 0.021369662 -0.040905128 0.093120536 -0.994584674
1561000764.078454494 -74.073355 27.357378 1.450428 0.021299222 -0.039713914 0.091716146 -0.994764945
1561000764.176886082 -74.728706 27.439124 1.540164 0.021106657 -0.042378119 0.090828456 -0.994740567
1561000764.278266191 -75.347279 27.564308 1.601387 0.021238211 -0.043835431 0.089433123 -0.994801040
1561000764.378381729 -76.003100 27.693709 1.633623 0.021551178 -0.043164687 0.088180578 -0.994935446
1561000764.476518869 -76.715535 27.854690 1.680279 0.021286694 -0.043464819 0.086303484 -0.995092656
1561000764.578061342 -77.418061 27.984404 1.725551 0.021089940 -0.042834605 0.085726879 -0.995174012
1561000764.677007198 -78.068412 28.080877 1.758341 0.020615379 -0.043326026 0.085083278 -0.995217915
1561000764.778276682 -78.730765 28.189114 1.802224 0.021053944 -0.043753522 0.084261216 -0.995259970
1561000764.878192186 -79.344231 28.312151 1.887945 0.020726299 -0.044175735 0.083332421 -0.995326395
1561000764.976635695 -79.965899 28.427324 1.966193 0.021224373 -0.045019596 0.082320054 -0.995362331
1561000765.078435898 -80.613315 28.546903 2.048285 0.021473088 -0.044335379 0.081266101 -0.995474310
1561000765.177221537 -81.219556 28.605680 2.114077 0.021578721 -0.043939827 0.080650317 -0.995539641
1561000765.278326750 -81.840080 28.675953 2.176732 0.021731679 -0.044825782 0.080683077 -0.995494161
1561000765.378070354 -82.441295 28.721649 2.248907 0.021121414 -0.046039552 0.079991475 -0.995507714
1561000765.476202726 -83.041248 28.818216 2.318209 0.021428238 -0.046858956 0.079041924 -0.995538770
1561000765.578058243 -83.664203 28.928806 2.386627 0.021482077 -0.046404215 0.078594042 -0.995594368
1561000765.676060677 -84.278324 29.030049 2.434795 0.021366740 -0.046072348 0.077451464 -0.995701799
1561000765.777716160 -84.867879 29.102108 2.486939 0.021274440 -0.046625815 0.077293287 -0.995690303
1561000765.877984285 -85.432192 29.172146 2.533761 0.021134766 -0.046856281 0.076776399 -0.995722449
1561000765.977719307 -85.981131 29.255890 2.588991 0.021259473 -0.047350343 0.076141431 -0.995745179
1561000766.077518702 -86.535640 29.359386 2.647314 0.021268980 -0.047404062 0.075465136 -0.995793904
1561000766.176123619 -87.072268 29.462889 2.707462 0.021429660 -0.047407039 0.074851590 -0.995836624
1561000766.279611826 -87.627237 29.557898 2.764370 0.021254323 -0.047889788 0.073743607 -0.995899946
1561000766.379557133 -88.168806 29.662486 2.824904 0.021288507 -0.048424687 0.073216705 -0.995912227
1561000766.479524136 -88.662249 29.757118 2.883245 0.021356457 -0.048664658 0.072024777 -0.995985986
1561000766.579697847 -89.149618 29.839463 2.934278 0.021396217 -0.049205543 0.071956656 -0.995963481
1561000766.677899837 -89.652008 29.932460 2.987284 0.020920123 -0.049614781 0.071433779 -0.995990932
1561000766.779441357 -90.152099 29.984631 3.035295 0.021212953 -0.050044260 0.071218646 -0.995978658
1561000766.878992319 -90.654625 30.057561 3.079199 0.020840637 -0.050750057 0.070487453 -0.996002821
1561000766.977090597 -91.145409 30.149164 3.136705 0.021044840 -0.051091133 0.070334502 -0.995991902
1561000767.078969717 -91.646862 30.251235 3.190955 0.020732932 -0.051983339 0.069347299 -0.996021501
1561000767.179104090 -92.153053 30.378997 3.246076 0.021053349 -0.051650005 0.069126405 -0.996047476
1561000767.279116392 -92.666017 30.494343 3.289059 0.020983951 -0.051642790 0.068748465 -0.996075471
1561000767.380913496 -93.174699 30.558148 3.345232 0.020647145 -0.051883082 0.067675161 -0.996143521
1561000767.479195833 -93.680009 30.643790 3.415626 0.020567781 -0.052559531 0.067311185 -0.996134362
1561000767.580440998 -94.217098 30.742673 3.520965 0.020680411 -0.053980728 0.066375396 -0.996118822
1561000767.679023266 -94.712891 30.838849 3.592109 0.020833041 -0.054306323 0.065840469 -0.996133445
1561000767.780410290 -95.215623 30.943144 3.630357 0.020698259 -0.054007519 0.064059627 -0.996268605
1561000767.880499125 -95.748049 31.036817 3.669310 0.020740066 -0.053922437 0.062886457 -0.996347085
1561000767.978871107 -96.256666 31.111862 3.705032 0.020105109 -0.054418829 0.061866616 -0.996396958
1561000768.081583738 -96.770298 31.209548 3.768698 0.020472810 -0.055093149 0.060876317 -0.996413410
1561000768.180279970 -97.277199 31.295975 3.841651 0.020097889 -0.055999285 0.060311489 -0.996404877
1561000768.281202078 -97.769753 31.374696 3.909783 0.020103895 -0.056632950 0.059629169 -0.996410008
1561000768.381665468 -98.264105 31.461475 3.965131 0.019567099 -0.057057292 0.060156973 -0.996364759
1561000768.481316328 -98.765898 31.529243 4.022749 0.019485689 -0.057662964 0.059212251 -0.996388077
1561000768.581634045 -99.247501 31.623282 4.084045 0.019364378 -0.057977847 0.058014865 -0.996442605
1561000768.680527687 -99.752359 31.686930 4.131166 0.019237345 -0.058134418 0.058112595 -0.996430249
1561000768.781829357 -100.251069 31.771549 4.178904 0.019627738 -0.058714327 0.057470511 -0.996425873
1561000768.883913517 -100.734134 31.854441 4.226816 0.019085961 -0.059269307 0.057340375 -0.996411038
1561000768.982604742 -101.214884 31.960777 4.290217 0.019908951 -0.059103398 0.057303899 -0.996406887
1561000769.084127188 -101.737012 32.058427 4.365663 0.019601848 -0.059288628 0.056709747 -0.996435964
1561000769.182445765 -102.229159 32.139522 4.419018 0.019838643 -0.059602902 0.056746992 -0.996410408
1561000769.283565998 -102.728387 32.206853 4.485813 0.018773936 -0.061109485 0.057116399 -0.996318667
1561000769.375535488 -103.240293 32.263333 4.565439 0.019431649 -0.060202003 0.056374430 -0.996403560
1561000769.474869490 -103.769828 32.319854 4.658581 0.018908689 -0.059868965 0.055614279 -0.996476402
1561000769.575695753 -104.310702 32.399365 4.728038 0.018704468 -0.061227183 0.055220281 -0.996419638
1561000769.674793243 -104.836334 32.512700 4.830877 0.018021588 -0.065482988 0.053592488 -0.996250494
1561000769.775159836 -105.358879 32.605231 4.948249 0.018920687 -0.071633930 0.052362148 -0.995875892
1561000769.875809431 -105.899623 32.662898 5.056217 0.016049545 -0.087974943 0.051093019 -0.994682022
1561000769.974379539 -106.437798 32.731460 5.118073 0.014198218 -0.100393061 0.049150801 -0.993631643
1561000770.075331688 -107.033946 32.818765 5.176647 0.014715662 -0.097086618 0.047758942 -0.994020483
1561000770.174465895 -107.695215 32.917206 5.184257 0.017052235 -0.081827033 0.045453211 -0.995463492
1561000770.274506807 -108.307355 32.991652 5.188844 0.018234927 -0.063491041 0.044370052 -0.996828809
1561000770.376224995 -108.929606 33.062957 5.215724 0.016614238 -0.056909719 0.043898518 -0.997275374
1561000770.474256516 -109.476840 33.138354 5.281572 0.016685620 -0.063478455 0.044345929 -0.996857821
1561000770.575351000 -110.049125 33.191236 5.371255 0.016909332 -0.066878343 0.043081677 -0.996687178
1561000770.674678564 -110.649308 33.263381 5.437683 0.016572495 -0.066221585 0.040708885 -0.996836416
1561000770.775810957 -111.261244 33.302961 5.499303 0.016034159 -0.063422327 0.042165316 -0.996966700
1561000770.875912189 -111.899148 33.331905 5.560631 0.015187072 -0.064566984 0.042709537 -0.996883320
1561000770.974461317 -112.509687 33.370435 5.639442 0.015007887 -0.066677846 0.041628621 -0.996792800
1561000771.075775623 -113.100577 33.399458 5.710157 0.014779720 -0.068999229 0.040713371 -0.996676019
1561000771.175307989 -113.685315 33.457888 5.794610 0.014802955 -0.069658831 0.041276031 -0.996606647
1561000771.275129318 -114.273130 33.508098 5.848463 0.015155670 -0.069189102 0.040893585 -0.996649832
1561000771.376996756 -114.853170 33.530063 5.894783 0.014588275 -0.067872168 0.039911581 -0.996788652
1561000771.475872278 -115.482382 33.567621 5.946257 0.014475721 -0.067996232 0.039444886 -0.996800415
1561000771.576524019 -116.111540 33.619437 6.008093 0.014102388 -0.068442226 0.038759907 -0.996802114
1561000771.675004959 -116.719414 33.670804 6.071404 0.013609087 -0.069634296 0.037685067 -0.996767622
1561000771.776704073 -117.318165 33.708511 6.152131 0.013369299 -0.070632168 0.036057018 -0.996760879
1561000771.876889706 -117.898839 33.773951 6.240786 0.014041645 -0.071132139 0.035045485 -0.996752158
1561000771.976613283 -118.499136 33.843283 6.329817 0.013890566 -0.070960720 0.034699285 -0.996778605
1561000772.077188492 -119.090846 33.900400 6.410872 0.013994073 -0.070843697 0.034375478 -0.996796701
1561000772.174936533 -119.651454 33.993310 6.493234 0.014089890 -0.071283581 0.034144162 -0.996771941
1561000772.276948214 -120.241932 34.052441 6.587291 0.013946397 -0.072095261 0.033711441 -0.996730310
1561000772.376738071 -120.787727 34.100477 6.677999 0.014007122 -0.073634227 0.033664982 -0.996618518
1561000772.474762201 -121.303322 34.156467 6.766095 0.013658121 -0.074577074 0.033281303 -0.996566140
1561000772.576702356 -121.801102 34.180609 6.862826 0.014094469 -0.074849909 0.032729207 -0.996557894
1561000772.674634457 -122.282191 34.199013 6.939352 0.013243288 -0.075193475 0.033276812 -0.996525569
1561000772.776614904 -122.811121 34.207586 7.002999 0.013584808 -0.074821771 0.032641901 -0.996569948
1561000772.877166510 -123.339905 34.237966 7.075513 0.013473907 -0.074606958 0.033404690 -0.996562282
1561000772.975188494 -123.865843 34.251837 7.146403 0.013616586 -0.074548021 0.034063900 -0.996542439
1561000773.076763630 -124.368706 34.269316 7.220381 0.013789079 -0.074692237 0.034516170 -0.996513705
1561000773.174302578 -124.842847 34.320767 7.311342 0.013760224 -0.075389244 0.034131645 -0.996474861
1561000773.277948141 -125.341576 34.341416 7.412586 0.013791301 -0.076014665 0.034500169 -0.996414226
1561000773.378657341 -125.801761 34.349249 7.496823 0.013597149 -0.076560824 0.034818376 -0.996364009
1561000773.476267099 -126.270845 34.342620 7.580725 0.014075002 -0.077023773 0.036035836 -0.996278400
1561000773.577971935 -126.755977 34.365246 7.651820 0.013729545 -0.077079829 0.037415058 -0.996228043
1561000773.677390337 -127.239580 34.410390 7.717046 0.014008915 -0.077496875 0.038461582 -0.996151942
1561000773.778737068 -127.709094 34.456417 7.781463 0.013660442 -0.078240140 0.037731452 -0.996126604
1561000773.879041672 -128.179654 34.495047 7.849214 0.014333363 -0.078352355 0.038377717 -0.996083638
1561000773.978001833 -128.633885 34.571413 7.913772 0.014197057 -0.077860518 0.037940136 -0.996140918
1561000774.078930140 -129.105563 34.650074 7.978609 0.014309353 -0.077377017 0.037986249 -0.996175228
1561000774.177270889 -129.517744 34.706331 8.060271 0.014225583 -0.077781942 0.036710898 -0.996192708
1561000774.278877735 -129.934900 34.784669 8.138778 0.013763897 -0.078723242 0.037150231 -0.996108963
1561000774.379121304 -130.336316 34.851240 8.220466 0.014298899 -0.079502186 0.037357178 -0.996031819
1561000774.478016853 -130.722140 34.899886 8.289786 0.013885779 -0.080253661 0.038159211 -0.995946991
1561000774.579658270 -131.123348 34.959735 8.347321 0.013823915 -0.080551753 0.037809890 -0.995937110
1561000774.678066969 -131.508976 35.046656 8.397575 0.013616275 -0.080398001 0.038299286 -0.995933694
1561000774.779518366 -131.895984 35.111907 8.448037 0.014365289 -0.079793415 0.038829313 -0.995951271
1561000774.877948284 -132.306179 35.176464 8.508220 0.013950426 -0.079738560 0.039572364 -0.995932315
1561000774.978531599 -132.670795 35.242012 8.565172 0.014330609 -0.079649095 0.039872814 -0.995922092
1561000775.079338074 -133.031481 35.310312 8.641035 0.014119096 -0.080183105 0.040110334 -0.995872724
1561000775.177867413 -133.388299 35.338968 8.711863 0.014095371 -0.080756822 0.040156444 -0.995824842
1561000775.279382944 -133.684442 35.370934 8.772423 0.014082548 -0.081319627 0.041329746 -0.995731215
1561000775.377927303 -134.023036 35.391116 8.834663 0.014354998 -0.081788914 0.043284564 -0.995605823
1561000775.477975607 -134.364141 35.416857 8.887380 0.013886473 -0.081790383 0.041927868 -0.995670404
1561000775.579327106 -134.686965 35.466230 8.922917 0.013829895 -0.081839769 0.042474186 -0.995643977
1561000775.679200411 -135.057429 35.508136 8.970846 0.013828450 -0.081457098 0.041930071 -0.995698440
1561000775.780815125 -135.400587 35.576893 9.016437 0.013537095 -0.081241816 0.040974768 -0.995759802
1561000775.880715370 -135.691046 35.633329 9.062153 0.013837100 -0.081149406 0.040731030 -0.995773213
1561000775.979488850 -135.944128 35.691171 9.120530 0.014005688 -0.081768231 0.041109966 -0.995704659
1561000776.080617905 -136.215390 35.736433 9.205082 0.014585257 -0.080119942 0.041364013 -0.995819805
1561000776.180288315 -136.491333 35.802543 9.278093 0.014730244 -0.078141269 0.042348215 -0.995933527
1561000776.279252052 -136.774776 35.815874 9.333090 0.013641533 -0.079462585 0.041478044 -0.995881106
1561000776.380558968 -136.989622 35.868223 9.391199 0.014037593 -0.084088147 0.042279647 -0.995461984
1561000776.482019663 -137.180689 35.925603 9.467514 0.012857314 -0.092203009 0.041960565 -0.994772640
1561000776.580793381 -137.355808 35.995203 9.563782 0.011787407 -0.108466988 0.041574594 -0.993160371
1561000776.678964615 -137.520342 36.015448 9.623325 0.011896822 -0.123455818 0.042270918 -0.991377978
1561000776.780558825 -137.722282 36.075732 9.634817 0.012066921 -0.121076446 0.039795464 -0.991771750
1561000776.881541967 -138.004448 36.098781 9.658408 0.012871504 -0.108962387 0.038935320 -0.993199659
1561000776.981153011 -138.292042 36.138574 9.686280 0.011812354 -0.090980209 0.038214404 -0.995049109
1561000777.081969500 -138.501992 36.138334 9.592321 0.013855417 -0.078679598 0.038990954 -0.996040789
1561000777.180993557 -138.643811 36.133044 9.606304 0.013172144 -0.086785386 0.037346984 -0.995439598
1561000777.283107996 -138.798346 36.158808 9.654832 0.012536363 -0.089062147 0.036968800 -0.995260811
1561000777.381487608 -138.921779 36.167272 9.642926 0.012512196 -0.085965256 0.037411394 -0.995516854
1561000777.480914354 -139.050070 36.181436 9.618238 0.012987403 -0.082253449 0.036651790 -0.995852571
1561000777.581736803 -139.292109 36.210614 9.627837 0.012911573 -0.080640301 0.037301544 -0.995961359
1561000777.680588245 -139.438121 36.224407 9.639729 0.013432175 -0.080637526 0.037463533 -0.995948618
1561000777.781947613 -139.595043 36.225157 9.703575 0.013637324 -0.082189538 0.037669634 -0.995811178
1561000777.882196903 -139.736936 36.257905 9.775980 0.013083928 -0.084059596 0.038054089 -0.995647870
1561000777.981758118 -139.863951 36.348716 9.817589 0.013420552 -0.084308071 0.036618034 -0.995676231
1561000778.083126307 -139.982289 36.386933 9.843819 0.013096857 -0.083746455 0.037041913 -0.995712258
1561000778.181880474 -140.193167 36.416850 9.856884 0.012543269 -0.082874918 0.037218628 -0.995785714
1561000778.282958508 -140.425245 36.471728 9.862879 0.013207775 -0.082139190 0.037621500 -0.995822942
1561000778.383348942 -140.667962 36.545311 9.911789 0.013009702 -0.082072399 0.037611354 -0.995831439
1561000778.482535839 -140.928782 36.589127 9.957795 0.012928773 -0.082703701 0.037952354 -0.995767324
1561000778.582947254 -141.149317 36.635465 10.003506 0.013696367 -0.083501663 0.037605006 -0.995703643
1561000778.681906223 -141.329824 36.700977 10.046549 0.012895201 -0.084351740 0.037389133 -0.995650818
1561000778.783089161 -141.549641 36.726103 10.090332 0.012900020 -0.084468393 0.037169838 -0.995649076
1561000778.884650707 -141.782823 36.774005 10.121731 0.012545052 -0.084305666 0.038162162 -0.995629864
1561000778.975084305 -142.014095 36.842939 10.133197 0.012325688 -0.083910435 0.037508943 -0.995690813
1561000779.075320482 -142.268072 36.913347 10.151142 0.012579678 -0.083453791 0.036735795 -0.995754838
1561000779.174091101 -142.605109 36.965066 10.214502 0.012767159 -0.082998872 0.035801549 -0.995824501
1561000779.275281668 -142.936229 37.015629 10.288051 0.013230686 -0.082838105 0.035488936 -0.995843026
1561000779.373922348 -143.265730 37.071573 10.356675 0.012630421 -0.083997236 0.035508859 -0.995753010
1561000779.475102425 -143.621007 37.119884 10.431173 0.012612010 -0.085027718 0.034023885 -0.995717630
1561000779.575210571 -143.955256 37.176132 10.502658 0.012206465 -0.085449982 0.032965644 -0.995722134
1561000779.673925161 -144.323789 37.243982 10.559235 0.012668628 -0.085459098 0.033328931 -0.995703485
1561000779.775425434 -144.744450 37.313262 10.621052 0.012089047 -0.084634113 0.032617247 -0.995804718
1561000779.875404835 -145.161527 37.347292 10.685380 0.012420131 -0.084300417 0.032757578 -0.995824342
1561000779.974034786 -145.580979 37.410068 10.754715 0.011906424 -0.084588293 0.031863491 -0.995835215
1561000780.076399565 -146.003647 37.451785 10.823905 0.011932226 -0.085198256 0.031935110 -0.995780612
1561000780.176457882 -146.417564 37.513582 10.901497 0.011996863 -0.085588753 0.030250615 -0.995798946
1561000780.276166201 -146.796550 37.585166 10.980774 0.012020732 -0.085498698 0.028830776 -0.995848513
1561000780.374434948 -147.221610 37.678511 11.085278 0.012265146 -0.085223091 0.028137782 -0.995888978
1561000780.475049734 -147.657579 37.752524 11.157845 0.011893780 -0.084683343 0.027815301 -0.995948582
1561000780.576397419 -148.124405 37.779363 11.208961 0.010616591 -0.084481931 0.027994394 -0.995975103
1561000780.674932718 -148.595287 37.836135 11.257010 0.010220618 -0.085517085 0.027574856 -0.995902603
1561000780.776246071 -149.070377 37.899981 11.357819 0.012009764 -0.087099672 0.026177980 -0.995783172
1561000780.876473427 -149.505040 37.992529 11.475103 0.012630079 -0.089360621 0.025532796 -0.995591903
1561000780.974158049 -149.981619 38.013351 11.569359 0.012019171 -0.090502935 0.024783713 -0.995515206
1561000781.076214075 -150.420306 38.056211 11.659060 0.011353725 -0.090954872 0.025041495 -0.995475378
1561000781.174086571 -150.890378 38.087469 11.734713 0.010738208 -0.089731388 0.022777495 -0.995647606
1561000781.276140928 -151.404826 38.140113 11.843603 0.010729813 -0.087277850 0.021911292 -0.995885206
1561000781.374193907 -151.945422 38.185106 11.950325 0.010822804 -0.084728256 0.021699257 -0.996108996
1561000781.475874662 -152.509127 38.222290 12.076412 0.009909179 -0.084721769 0.022299190 -0.996105806
1561000781.577389717 -153.034610 38.252368 12.184254 0.010161726 -0.087242952 0.020770986 -0.995918658
1561000781.675987720 -153.583492 38.281916 12.281121 0.009650146 -0.089750470 0.018798645 -0.995740096
1561000781.778007746 -154.141443 38.314098 12.382860 0.009714663 -0.090327011 0.015612002 -0.995742397
1561000781.881885290 -154.760920 38.354241 12.493382 0.008680543 -0.090521977 0.013945003 -0.995758985
1561000781.978725195 -155.331352 38.402689 12.581258 0.008740004 -0.089855531 0.011921971 -0.995845100
1561000782.079612494 -155.950059 38.426741 12.708091 0.008440863 -0.089733834 0.012875853 -0.995846777
1561000782.179476261 -156.601414 38.439539 12.815544 0.008043661 -0.089331051 0.011867890 -0.995898798
1561000782.281092167 -157.227078 38.464397 12.933822 0.007016318 -0.089931982 0.010736048 -0.995865326
1561000782.379644632 -157.864277 38.464145 13.033494 0.007708855 -0.090452681 0.009661361 -0.995824053
1561000782.481174469 -158.496393 38.491805 13.145125 0.007450435 -0.091430482 0.007925600 -0.995752049
1561000782.580933809 -159.098416 38.549259 13.277479 0.007025355 -0.092632634 0.006698199 -0.995653039
1561000782.681224346 -159.727865 38.580073 13.399802 0.007417631 -0.091923691 0.005194237 -0.995724878
1561000782.779668570 -160.379208 38.570039 13.540592 0.006314034 -0.091422490 0.004406928 -0.995782426
1561000782.881180048 -161.046779 38.573991 13.648256 0.005701996 -0.090631493 0.003071181 -0.995863438
1561000782.981456041 -161.714422 38.559875 13.780280 0.006908709 -0.090403837 0.002214054 -0.995878765
1561000783.082284212 -162.357618 38.531989 13.937223 0.006319210 -0.092598593 0.002051330 -0.995681355
1561000783.180811644 -162.982563 38.536632 14.079816 0.006890737 -0.093886754 0.001279567 -0.995558214
1561000783.282248497 -163.610447 38.560540 14.221148 0.007698614 -0.095869976 0.000371508 -0.995364024
1561000783.381530762 -164.260845 38.555445 14.375566 0.006084878 -0.095390019 0.000803585 -0.995421053
1561000783.482705355 -164.956438 38.544351 14.489512 0.006030261 -0.094852306 0.000878342 -0.995472704
1561000783.581729174 -165.658704 38.532962 14.607104 0.005359542 -0.094746121 0.001530277 -0.995485864
1561000783.680883884 -166.332848 38.522022 14.731727 0.005466342 -0.095024556 0.002248407 -0.995457381
1561000783.782107592 -166.996956 38.533024 14.869250 0.005905482 -0.094782121 0.002746242 -0.995476737
1561000783.881631374 -167.656417 38.529235 15.013371 0.006048431 -0.095430415 0.003714309 -0.995410798
1561000783.982354641 -168.337162 38.530047 15.144659 0.005553679 -0.096110190 0.003885996 -0.995347621
1561000784.082264185 -168.994153 38.514150 15.276565 0.005803802 -0.096368628 0.004515823 -0.995318547
1561000784.183380842 -169.659602 38.525325 15.414841 0.005660916 -0.096718786 0.005080049 -0.995282685
1561000784.283456564 -170.332293 38.550044 15.553076 0.005749126 -0.096958584 0.006394932 -0.995251268
1561000784.383134604 -170.987906 38.569503 15.698814 0.006211067 -0.096347991 0.006328462 -0.995308213
1561000784.483246088 -171.641902 38.562484 15.837406 0.005381533 -0.096899242 0.007180227 -0.995253747
1561000784.582959652 -172.299797 38.569644 15.965330 0.005160577 -0.097468886 0.006981276 -0.995200707
1561000784.681796789 -172.946425 38.589361 16.108548 0.004984304 -0.098488410 0.005990687 -0.995107683
1561000784.783305168 -173.604016 38.621868 16.254529 0.005447708 -0.099483627 0.004342554 -0.995014810
1561000784.882549286 -174.260019 38.651194 16.414091 0.005360976 -0.099086223 0.003400102 -0.995058601
1561000784.982650280 -174.948258 38.668132 16.561857 0.005465476 -0.098093214 0.003193306 -0.995157099
1561000785.083452702 -175.646853 38.648277 16.701861 0.005231998 -0.095576005 0.003023628 -0.995403793
1561000785.183226824 -176.300610 38.617767 16.838263 0.003102821 -0.094325118 0.002606779 -0.995533199
1561000785.283637762 -176.919911 38.601994 16.974169 0.003231611 -0.095971363 0.002262084 -0.995376279
1561000785.382618666 -177.496120 38.627343 17.070329 0.004525034 -0.100263883 0.000851106 -0.994950227
1561000785.483450174 -178.052635 38.678800 17.222563 0.006533062 -0.105599645 -0.001853002 -0.994385539
1561000785.583233595 -178.674110 38.707693 17.432227 0.008943429 -0.118583579 -0.004215044 -0.992894850
1561000785.681826115 -179.280093 38.704599 17.619418 0.008118674 -0.122264348 -0.006541672 -0.992442806
1561000785.783054590 -179.902900 38.667023 17.810341 0.008549158 -0.130735814 -0.009015385 -0.991339388
1561000785.881890774 -180.541670 38.667859 17.985656 0.008927212 -0.130029700 -0.011052660 -0.991408302
1561000785.981763601 -181.201594 38.627827 18.142164 0.009734093 -0.124557506 -0.012251299 -0.992088998
1561000786.083236933 -181.820954 38.614633 18.300861 0.010282281 -0.121570966 -0.014258831 -0.992427056
1561000786.182528019 -182.427615 38.610469 18.463656 0.010459335 -0.119991826 -0.015580431 -0.992597509
1561000786.283264637 -183.035766 38.612269 18.665499 0.010730010 -0.120861809 -0.016746941 -0.992470065
1561000786.382477045 -183.631217 38.614730 18.877639 0.009583208 -0.119899940 -0.017548032 -0.992584623
1561000786.483486176 -184.233671 38.589608 19.038879 0.008365335 -0.121806435 -0.018424979 -0.992347587
1561000786.583272696 -184.824159 38.555923 19.158370 0.008014576 -0.123028995 -0.019251396 -0.992183963
1561000786.682027578 -185.449125 38.535903 19.279653 0.007302217 -0.124296219 -0.020596512 -0.992004492
1561000786.783144712 -186.103105 38.511445 19.457646 0.007731289 -0.125994532 -0.021422622 -0.991769467
1561000786.882407665 -186.761988 38.482560 19.643841 0.008214367 -0.125547246 -0.021935327 -0.991811098
1561000786.975287437 -187.337919 38.435651 19.777631 0.008561958 -0.124604599 -0.022903321 -0.991905149
1561000787.077034235 -187.982741 38.398943 19.922893 0.007693295 -0.124339121 -0.023267569 -0.991937103
1561000787.174432278 -188.598460 38.371284 20.066625 0.007804576 -0.123212019 -0.024139115 -0.992056042
1561000787.275661469 -189.215552 38.334203 20.258837 0.007636746 -0.125365012 -0.024658216 -0.991774806
1561000787.375379801 -189.808812 38.327685 20.410015 0.007756920 -0.125822785 -0.025612499 -0.991691715
1561000787.474820852 -190.398133 38.312773 20.539385 0.007302645 -0.125584036 -0.026140192 -0.991711658
1561000787.575647831 -191.012343 38.286872 20.688843 0.007141889 -0.125052392 -0.026655019 -0.991766304
1561000787.674350023 -191.612322 38.242352 20.845908 0.007335779 -0.124727841 -0.027417996 -0.991784959
1561000787.776236534 -192.192084 38.174111 20.991928 0.006998364 -0.124996340 -0.028260107 -0.991729955
1561000787.876070499 -192.797954 38.118006 21.174338 0.007590570 -0.126242821 -0.027776542 -0.991581362
1561000787.976310015 -193.334699 38.075401 21.336980 0.007020276 -0.127765025 -0.028743812 -0.991363005
1561000788.076368809 -193.880251 38.041075 21.491278 0.007923446 -0.127939882 -0.029516676 -0.991310936
1561000788.174453974 -194.463147 38.006080 21.646860 0.007983299 -0.127268403 -0.029105181 -0.991409052
1561000788.276232004 -195.049131 37.941077 21.776399 0.007373367 -0.126885441 -0.029761723 -0.991443371
1561000788.376730680 -195.616933 37.871962 21.914760 0.007564108 -0.126900534 -0.029533457 -0.991446828
1561000788.478098869 -196.184778 37.803150 22.063705 0.006996193 -0.127540230 -0.029669037 -0.991364863
1561000788.578034401 -196.751210 37.753306 22.231158 0.007426657 -0.128514262 -0.029719512 -0.991234422
1561000788.676276445 -197.264982 37.721349 22.399499 0.007445416 -0.128996392 -0.030145009 -0.991158804
1561000788.779401302 -197.821470 37.698586 22.554616 0.007895407 -0.129146933 -0.030449171 -0.991126420
1561000788.878521204 -198.372103 37.640933 22.702411 0.007600220 -0.129057845 -0.030311311 -0.991144557
1561000788.977843046 -198.956924 37.574011 22.848502 0.007368003 -0.128973427 -0.030984055 -0.991136497
1561000789.080118656 -199.512322 37.523516 23.002949 0.007153110 -0.129624332 -0.031040000 -0.991051403
1561000789.177729845 -200.024824 37.470983 23.147782 0.007171132 -0.130135839 -0.031466890 -0.990970773
1561000789.279653549 -200.555038 37.438882 23.307458 0.007172413 -0.131141011 -0.031350184 -0.990841944
1561000789.378219366 -201.088545 37.404319 23.462844 0.007737534 -0.131220302 -0.031367588 -0.990826643
1561000789.477953196 -201.633731 37.360610 23.624730 0.007551278 -0.131178625 -0.031844939 -0.990818372
1561000789.579027414 -202.171521 37.300804 23.780406 0.008005837 -0.130630792 -0.031918290 -0.990884819
1561000789.677496433 -202.683007 37.242000 23.959156 0.008403812 -0.129941002 -0.031479979 -0.990986237
1561000789.779235840 -203.272549 37.165574 24.096092 0.006587140 -0.129536723 -0.030772593 -0.991075121
1561000789.879846573 -203.834646 37.084793 24.264452 0.006524081 -0.129783809 -0.031116319 -0.991032479
1561000789.980610371 -204.369126 37.023041 24.443519 0.004504779 -0.132090773 -0.031357701 -0.990731260
1561000790.080722570 -204.888751 36.997838 24.617627 0.007127615 -0.136503797 -0.032539491 -0.990079336
1561000790.179147482 -205.425723 37.001212 24.810399 0.008663458 -0.140916229 -0.034230130 -0.989391661
1561000790.280645609 -205.999771 36.930233 25.022593 0.009066860 -0.152642983 -0.032355671 -0.987709989
1561000790.379615307 -206.562971 36.847928 25.186801 0.007342108 -0.160830572 -0.033482214 -0.986386619
1561000790.481898785 -207.173971 36.782293 25.336317 0.008288769 -0.158339361 -0.033900540 -0.986767803
1561000790.582000971 -207.771540 36.705186 25.491529 0.008101669 -0.154373048 -0.034057704 -0.987392221
1561000790.680459976 -208.383563 36.590647 25.632957 0.008494058 -0.151613371 -0.034519087 -0.987800420
1561000790.781662941 -208.996747 36.511636 25.732085 0.007488856 -0.142562075 -0.036105885 -0.989098750
1561000790.880730867 -209.607341 36.489383 25.834293 0.007119815 -0.134488193 -0.036971962 -0.990199631
1561000790.980808496 -210.199100 36.454212 26.022841 0.009568255 -0.136189232 -0.038088898 -0.989904125
1561000791.081691504 -210.755959 36.405589 26.202118 0.009132513 -0.137263714 -0.038613866 -0.989739480
1561000791.180324316 -211.304353 36.354861 26.357481 0.007641249 -0.136702657 -0.038807322 -0.989822200
1561000791.281725645 -211.924627 36.293595 26.521683 0.009070407 -0.135545909 -0.039463017 -0.989943283
1561000791.380700588 -212.489121 36.234144 26.681570 0.008068938 -0.135205541 -0.040660908 -0.989950021
1561000791.481816053 -213.069223 36.173576 26.838897 0.008130208 -0.135047546 -0.040890853 -0.989961615
1561000791.581793785 -213.637394 36.127040 27.019486 0.008774303 -0.135677415 -0.041679399 -0.989837097
1561000791.680479765 -214.191857 36.077471 27.206800 0.008397877 -0.135867872 -0.041827166 -0.989808004
1561000791.781796932 -214.776949 36.012110 27.398930 0.008054037 -0.135852787 -0.042798848 -0.989771393
1561000791.882494211 -215.322523 35.950125 27.580314 0.007540172 -0.136149912 -0.042639748 -0.989741481
1561000791.983033419 -215.865064 35.877628 27.740646 0.006801693 -0.136634366 -0.042658989 -0.989679240
1561000792.083034754 -216.426501 35.814569 27.914583 0.007035991 -0.137120108 -0.042801161 -0.989604280
1561000792.182174683 -216.978166 35.759155 28.086960 0.006180238 -0.137114944 -0.043084037 -0.989598435
1561000792.282054186 -217.568397 35.702920 28.257434 0.006365602 -0.136638661 -0.043213793 -0.989657478
1561000792.382356882 -218.156333 35.637293 28.421042 0.006386316 -0.136042239 -0.043101803 -0.989744391
1561000792.483715773 -218.750924 35.572547 28.596960 0.006632326 -0.135679618 -0.043364172 -0.989781088
1561000792.575569391 -219.297628 35.522124 28.769355 0.006884211 -0.135718182 -0.043492560 -0.989768448
1561000792.675701857 -219.894634 35.450739 28.953752 0.006306562 -0.136636094 -0.043266090 -0.989655925
1561000792.775712490 -220.477517 35.370298 29.133066 0.006220225 -0.137237374 -0.044158038 -0.989533870
1561000792.874839783 -221.080467 35.300173 29.316122 0.006330888 -0.137423709 -0.044668497 -0.989484396
1561000792.975379467 -221.710815 35.207746 29.501390 0.006375306 -0.136754858 -0.045405250 -0.989543242
1561000793.074755192 -222.342152 35.139433 29.682947 0.005957643 -0.136466157 -0.045597662 -0.989576853
1561000793.175237894 -222.968839 35.055440 29.851989 0.005323741 -0.136566499 -0.045927951 -0.989551349
1561000793.275477171 -223.565314 34.983915 30.024822 0.005416059 -0.136548470 -0.046568159 -0.989523415
1561000793.374364376 -224.179597 34.917457 30.221115 0.005490552 -0.136233553 -0.046957429 -0.989548014
1561000793.475508690 -224.757838 34.845084 30.400243 0.005274189 -0.136377521 -0.047742023 -0.989491816
1561000793.575582027 -225.341942 34.776996 30.585120 0.005073138 -0.136471747 -0.047980685 -0.989468332
1561000793.675240755 -225.900321 34.703156 30.753142 0.005298424 -0.136428233 -0.048459842 -0.989449800
1561000793.775702477 -226.489916 34.625900 30.925240 0.004772291 -0.136588956 -0.048640666 -0.989421431
1561000793.874673367 -227.072356 34.543073 31.091045 0.005161316 -0.136331276 -0.049102376 -0.989432211
1561000793.975565434 -227.655145 34.454656 31.261175 0.004554466 -0.136445520 -0.049449140 -0.989402173
1561000794.075618505 -228.230098 34.372490 31.433297 0.004371908 -0.136506768 -0.049324623 -0.989400763
1561000794.176083565 -228.783478 34.294301 31.603418 0.004786214 -0.136771126 -0.050061475 -0.989325326
1561000794.275998354 -229.321536 34.206864 31.774473 0.004238570 -0.136614327 -0.050304160 -0.989337178
1561000794.375136375 -229.854997 34.102973 31.921792 0.004749017 -0.136921528 -0.051000479 -0.989256738
1561000794.476050854 -230.405392 34.013381 32.098684 0.004120941 -0.137218961 -0.051330633 -0.989201264
1561000794.575951576 -230.984342 33.921814 32.267505 0.004985057 -0.137052005 -0.051082955 -0.989233253
1561000794.674958944 -231.547711 33.847121 32.445001 0.004293815 -0.137104855 -0.051874153 -0.989187997
1561000794.775785446 -232.096366 33.763244 32.601648 0.004141088 -0.136811362 -0.051855897 -0.989230240
1561000794.875030279 -232.622447 33.661749 32.759550 0.004367227 -0.137157410 -0.052519676 -0.989146327
1561000794.974389315 -233.139858 33.573834 32.917850 0.003771598 -0.137675847 -0.052892263 -0.989056897
1561000795.075444221 -233.692251 33.491671 33.075797 0.004504367 -0.138149300 -0.053284264 -0.988966768
1561000795.174322844 -234.243195 33.415569 33.246725 0.004027824 -0.138351747 -0.053573962 -0.988924871
1561000795.276301861 -234.848884 33.336726 33.414676 0.003968200 -0.138023151 -0.054006729 -0.988947489
1561000795.374996662 -235.452612 33.266756 33.594631 0.004011605 -0.138071655 -0.054444467 -0.988916541
1561000795.475672007 -236.026955 33.199462 33.764226 0.003720413 -0.137724069 -0.054461685 -0.988965199
1561000795.575853348 -236.560968 33.104435 33.924570 0.004086989 -0.138041936 -0.054598355 -0.988911897
1561000795.674691677 -237.066041 32.993485 34.073645 0.003528670 -0.138779493 -0.054125013 -0.988836834
1561000795.776088476 -237.629460 32.905951 34.222707 0.003210703 -0.139362000 -0.054040363 -0.988760620
1561000795.874952078 -238.225095 32.844996 34.400745 0.003943044 -0.139487940 -0.053668181 -0.988760483
1561000795.975964069 -238.860456 32.786706 34.584203 0.004373124 -0.138737063 -0.053365997 -0.988880667
1561000796.075699568 -239.474401 32.713802 34.759824 0.004397740 -0.138319405 -0.052643668 -0.988977778
1561000796.174505472 -240.059991 32.642536 34.933896 0.003920848 -0.138312607 -0.052559164 -0.988985229
1561000796.276034832 -240.630414 32.563134 35.113175 0.004168985 -0.138381759 -0.052196425 -0.988993752
1561000796.374707222 -241.209646 32.501737 35.307730 0.004630072 -0.139563641 -0.052829015 -0.988792014
1561000796.475944996 -241.766042 32.453078 35.524267 0.005708014 -0.139049540 -0.053076389 -0.988845560
1561000796.575759411 -242.310647 32.380646 35.710512 0.005088939 -0.139175337 -0.053028972 -0.988833786
1561000796.675354719 -242.848402 32.279256 35.887510 0.004620128 -0.140116522 -0.053393451 -0.988683546
1561000796.775724649 -243.422752 32.192788 36.045435 0.003340430 -0.141520896 -0.054027852 -0.988454181
1561000796.874612331 -243.997931 32.112143 36.206503 0.003155619 -0.142912133 -0.054466490 -0.988230523
1561000796.975794077 -244.565319 32.022205 36.367439 0.004076869 -0.142793283 -0.054708793 -0.988230947
1561000797.075641632 -245.141291 31.957998 36.540233 0.005709587 -0.141406722 -0.054427504 -0.988437750
1561000797.175650835 -245.747755 31.874308 36.733463 0.005062022 -0.140325025 -0.054519096 -0.988590376
1561000797.276087761 -246.353200 31.765524 36.896103 0.003895306 -0.139808770 -0.054066927 -0.988693634
1561000797.374918222 -246.916318 31.663499 37.053890 0.003356756 -0.140682497 -0.054151339 -0.988567044
1561000797.475769997 -247.449226 31.588467 37.208309 0.002670175 -0.141895452 -0.054178208 -0.988394290
1561000797.575540781 -247.964005 31.559040 37.359669 0.003345474 -0.142851183 -0.054018209 -0.988263315
1561000797.674649239 -248.467024 31.530217 37.520079 0.004487423 -0.142766368 -0.053670681 -0.988289980
1561000797.775111914 -249.012354 31.476883 37.692008 0.004477779 -0.142065387 -0.053270470 -0.988412683
1561000797.874038935 -249.575058 31.423589 37.861277 0.004455797 -0.140689863 -0.053129316 -0.988617107
1561000797.975136518 -250.121909 31.361815 38.035549 0.003993608 -0.140004623 -0.052875546 -0.988729960
1561000798.075121880 -250.652813 31.307461 38.204245 0.002963282 -0.138724228 -0.052700003 -0.988923413
1561000798.174848557 -251.258336 31.134935 38.462385 0.001529572 -0.137704316 -0.055968963 -0.988889608
1561000798.275421381 -251.830192 31.027304 38.695701 0.001691294 -0.140215842 -0.056526018 -0.988504662
1561000798.374453068 -252.337050 30.955338 38.880820 0.002881148 -0.143937748 -0.056942023 -0.987942928
1561000798.475757599 -252.839778 30.924686 39.092192 0.003276654 -0.147105123 -0.056947730 -0.987474710
1561000798.575793266 -253.361311 30.920486 39.226164 0.004610233 -0.152482228 -0.055773157 -0.986720462
1561000798.675411224 -253.923861 30.883012 39.387175 0.004910195 -0.156987917 -0.055373886 -0.986034693
1561000798.775723219 -254.509498 30.805689 39.514443 0.002685349 -0.155605975 -0.054463255 -0.986312995
1561000798.874595165 -255.096348 30.719552 39.646822 0.002613916 -0.150550250 -0.054517105 -0.987094562
1561000798.974491358 -255.729140 30.653523 39.784722 0.003371152 -0.146235888 -0.055796538 -0.987669199
1561000799.075325489 -256.296218 30.591693 39.952291 0.004530690 -0.144199735 -0.056285581 -0.987936153
1561000799.174457788 -256.845451 30.487637 40.085315 0.003524186 -0.141817975 -0.057618136 -0.988208173
1561000799.275622368 -257.353223 30.408472 40.208591 0.002244490 -0.139508201 -0.057553204 -0.988544411
1561000799.374454498 -257.796683 30.350778 40.372671 0.002414538 -0.141317409 -0.058006100 -0.988260518
1561000799.475729704 -258.234223 30.295884 40.570075 0.003507540 -0.143675301 -0.059547050 -0.987825518
1561000799.575989008 -258.649370 30.243474 40.742538 0.003900725 -0.143674096 -0.059570453 -0.987822808
1561000799.676534176 -259.089973 30.195461 40.876421 0.004338561 -0.143194665 -0.059646889 -0.987885982
1561000799.775568247 -259.515705 30.132624 41.016589 0.003409591 -0.142937104 -0.059430980 -0.987939936
1561000799.874327660 -259.953063 30.064031 41.123624 0.002917219 -0.142835206 -0.059897596 -0.987928070
1561000799.974418879 -260.392131 30.034135 41.242096 0.003156866 -0.142720922 -0.060270300 -0.987921183
1561000800.075478554 -260.822398 29.984107 41.368594 0.003636205 -0.142874779 -0.060900976 -0.987858617
1561000800.174338102 -261.209347 29.956356 41.498519 0.004214296 -0.143378452 -0.061283570 -0.987759679
1561000800.275592327 -261.593258 29.889352 41.651331 0.004579053 -0.144312606 -0.061469129 -0.987610475
1561000800.374997139 -261.939155 29.826260 41.780555 0.004409345 -0.144591179 -0.061770659 -0.987551687
1561000800.476283550 -262.310826 29.775968 41.916338 0.004272720 -0.144301050 -0.062136839 -0.987571751
1561000800.575954914 -262.679405 29.716986 42.043282 0.004535179 -0.144452598 -0.062459975 -0.987528040
1561000800.676228762 -263.040678 29.673980 42.169165 0.004901989 -0.144788606 -0.062962306 -0.987445177
1561000800.776170492 -263.397033 29.602321 42.303589 0.004882904 -0.144466153 -0.062897226 -0.987496646
1561000800.874764442 -263.731245 29.525489 42.444469 0.004695110 -0.144014445 -0.062751475 -0.987572806
1561000800.976093054 -264.075358 29.454521 42.557776 0.004588184 -0.144000460 -0.063263982 -0.987542650
1561000801.076164961 -264.394354 29.389170 42.661545 0.004346623 -0.144211220 -0.063205800 -0.987516713
1561000801.175450325 -264.698262 29.321116 42.764759 0.005097748 -0.144639786 -0.063287588 -0.987445202
1561000801.276272774 -265.011173 29.262088 42.877065 0.005235308 -0.145661791 -0.063148717 -0.987303132
1561000801.374882221 -265.340979 29.221571 42.991743 0.005036130 -0.145431334 -0.062837076 -0.987358023
1561000801.476362705 -265.685761 29.173487 43.102364 0.005087330 -0.145382743 -0.062872244 -0.987362678
1561000801.576191664 -266.023295 29.127860 43.215381 0.005045126 -0.144913187 -0.062528327 -0.987453757
1561000801.676224947 -266.347049 29.057848 43.322539 0.005354865 -0.144821807 -0.061673960 -0.987519262
1561000801.776080608 -266.634764 28.987499 43.428831 0.005250458 -0.144882912 -0.060889682 -0.987559528
1561000801.874726057 -266.942453 28.926946 43.529694 0.004756552 -0.145497118 -0.060596373 -0.987489769
1561000801.974731445 -267.235675 28.856274 43.620350 0.004355663 -0.145796674 -0.059937864 -0.987487626
1561000802.075898647 -267.545372 28.806324 43.718213 0.004607272 -0.146056603 -0.059577687 -0.987469868
1561000802.174507618 -267.860417 28.769508 43.818104 0.004926361 -0.145907152 -0.058657111 -0.987545532
1561000802.275823355 -268.184466 28.734223 43.925311 0.005192137 -0.145961700 -0.057751300 -0.987589495
1561000802.374440670 -268.486971 28.682448 44.026115 0.005204123 -0.146083696 -0.056970467 -0.987616746
1561000802.474502087 -268.787110 28.622814 44.127941 0.005050021 -0.146230361 -0.055313570 -0.987690026
1561000802.576499462 -269.085741 28.584816 44.233775 0.005590554 -0.146254509 -0.054244837 -0.987742812
1561000802.675110102 -269.391533 28.546954 44.339356 0.005460940 -0.146169980 -0.052127207 -0.987870067
1561000802.775419950 -269.682590 28.490132 44.447317 0.005761242 -0.146106049 -0.049310326 -0.988022430
1561000802.874328136 -269.963754 28.414746 44.547471 0.005733196 -0.146157731 -0.045636284 -0.988191468
1561000802.974791050 -270.256715 28.380004 44.634618 0.005868167 -0.146266411 -0.042321601 -0.988322105
1561000803.075481415 -270.553325 28.354369 44.718981 0.006837084 -0.146510956 -0.038633396 -0.988430703
1561000803.174175501 -270.856079 28.345139 44.809716 0.007760163 -0.146704106 -0.034488972 -0.988548530
1561000803.275456667 -271.176604 28.357171 44.910163 0.008666907 -0.146498815 -0.030084968 -0.988715266
1561000803.374377728 -271.495275 28.357483 45.019208 0.009095851 -0.146538010 -0.024814183 -0.988851927
1561000803.475518703 -271.825385 28.344160 45.125833 0.009880946 -0.146538538 -0.019028236 -0.988972573
1561000803.576383352 -272.121715 28.319881 45.220714 0.010219624 -0.146555923 -0.012399783 -0.989071871
1561000803.674602032 -272.443746 28.315336 45.305075 0.011182343 -0.146713266 -0.005741409 -0.989099191
1561000803.774552345 -272.792280 28.342988 45.398786 0.012500378 -0.146292250 0.001821578 -0.989160755
1561000803.874816895 -273.138006 28.381575 45.503106 0.014253687 -0.145188707 0.009853160 -0.989252236
1561000803.974692822 -273.471160 28.407780 45.613888 0.015630692 -0.145137110 0.019602166 -0.989093856
1561000804.075545311 -273.787914 28.432110 45.721961 0.016332511 -0.145572489 0.029730030 -0.988765910
1561000804.174323559 -274.077307 28.468245 45.803929 0.017415822 -0.145833471 0.040408673 -0.988330120
1561000804.275371313 -274.399880 28.540976 45.875703 0.019709850 -0.146932848 0.052006506 -0.987581684
1561000804.375325918 -274.712719 28.616484 45.946773 0.022827307 -0.146998747 0.063793492 -0.986813393
1561000804.475481510 -275.017500 28.734289 46.026390 0.026139173 -0.146229806 0.075619217 -0.986009798
1561000804.576968908 -275.349293 28.876277 46.128637 0.027869497 -0.145829716 0.088330456 -0.984964322
1561000804.676380634 -275.655841 28.987926 46.241791 0.029937668 -0.145960714 0.102616190 -0.983498410
1561000804.776436329 -275.963475 29.092325 46.345432 0.031683270 -0.146044565 0.117415574 -0.981774281
1561000804.874539852 -276.291973 29.233019 46.435187 0.033680880 -0.145566928 0.132569392 -0.979847551
1561000804.976019382 -276.652237 29.403952 46.520258 0.036979470 -0.144035755 0.148300760 -0.977697860
1561000805.076074839 -276.985564 29.578023 46.610294 0.040920372 -0.142991598 0.164540144 -0.975092543
1561000805.176043272 -277.279884 29.767550 46.716163 0.043929087 -0.142142047 0.181486803 -0.972074284
1561000805.276068926 -277.575243 29.948953 46.841069 0.047247027 -0.142775329 0.199624080 -0.968262955
1561000805.374249220 -277.846625 30.138460 46.980530 0.049619782 -0.144008618 0.217517961 -0.964098196
1561000805.475974560 -278.116863 30.335585 47.111890 0.053348874 -0.144837133 0.235283069 -0.959592612
1561000805.575937510 -278.394609 30.561095 47.212227 0.056533919 -0.144391299 0.253116584 -0.954927779
1561000805.674168587 -278.699617 30.805470 47.286801 0.058851770 -0.142622727 0.272732981 -0.949637798
1561000805.776203394 -279.008018 31.061980 47.351577 0.060773694 -0.140674643 0.292093863 -0.944033039
1561000805.874477148 -279.300677 31.342672 47.421987 0.064188996 -0.139762259 0.311812572 -0.937613568
1561000805.975847483 -279.579246 31.654106 47.504845 0.067511899 -0.138961864 0.332089090 -0.930509850
1561000806.077775717 -279.836958 31.979220 47.590541 0.070819031 -0.136734642 0.352129549 -0.923197207
1561000806.177688599 -280.099767 32.307393 47.660385 0.073308780 -0.134071544 0.373570375 -0.914929406
1561000806.277106285 -280.349171 32.650392 47.731040 0.075728840 -0.130786922 0.394317681 -0.906462073
1561000806.376418591 -280.585927 32.980718 47.814035 0.077493158 -0.126804331 0.416095797 -0.897095179
1561000806.477199078 -280.819315 33.329903 47.884032 0.080545644 -0.123793928 0.438398544 -0.886563128
1561000806.576121330 -281.029686 33.705857 47.934159 0.083608766 -0.121683740 0.459973648 -0.875572318
1561000806.676483631 -281.234855 34.099400 47.953021 0.086821048 -0.120340631 0.481743263 -0.863657147
1561000806.778317928 -281.405189 34.524635 47.996451 0.091068786 -0.118145910 0.503815380 -0.850833757
1561000806.875885963 -281.552268 34.939401 48.039575 0.093467876 -0.115365725 0.525482159 -0.837748773
1561000806.977546215 -281.683401 35.391269 48.077484 0.096818856 -0.113678448 0.546999342 -0.823708103
1561000807.077229977 -281.801026 35.839716 48.116423 0.099523694 -0.111765780 0.567886793 -0.809387444
1561000807.178181648 -281.886037 36.308949 48.137949 0.101682473 -0.108674025 0.588457388 -0.794712862
1561000807.278420925 -281.950297 36.782270 48.138925 0.104937552 -0.106087259 0.607850279 -0.779904893
1561000807.377922297 -282.005283 37.273490 48.168294 0.106363220 -0.103841111 0.627302731 -0.764457437
1561000807.478323936 -282.032902 37.766984 48.160042 0.109238197 -0.101193912 0.645028658 -0.749509732
1561000807.578432560 -282.036249 38.274325 48.180509 0.112898193 -0.099683780 0.661764927 -0.734427888
1561000807.676888227 -282.012784 38.809876 48.211686 0.113792122 -0.098015015 0.676569013 -0.720901367
1561000807.778345585 -281.984200 39.362452 48.217625 0.113547045 -0.098189955 0.690059601 -0.708013805
1561000807.876950741 -281.930740 39.894541 48.220818 0.113765692 -0.098142941 0.700821890 -0.697333499
1561000807.978912830 -281.875849 40.465689 48.252851 0.112846539 -0.100396061 0.709959694 -0.687854289
1561000808.078422546 -281.779864 41.041903 48.228703 0.111972561 -0.109148661 0.718297581 -0.677936059
1561000808.177585840 -281.670228 41.585995 48.196537 0.111553420 -0.111399502 0.725505116 -0.669916646
1561000808.278582335 -281.551209 42.136384 48.132781 0.112676355 -0.111090503 0.731461079 -0.663270405
1561000808.377535105 -281.411715 42.697893 48.054791 0.112976377 -0.108470815 0.736451011 -0.658111182
1561000808.478851318 -281.300553 43.321870 47.967495 0.115603155 -0.105003509 0.741917933 -0.652049043
1561000808.579220772 -281.182546 43.934928 47.872449 0.120441806 -0.100874650 0.745308110 -0.647945906
1561000808.677697420 -281.077279 44.587598 47.760845 0.126616188 -0.096960053 0.749647469 -0.642336174
1561000808.779092312 -280.915788 45.226417 47.688396 0.134572994 -0.093063036 0.750653426 -0.640116250
1561000808.877543688 -280.766551 45.825509 47.684277 0.139878142 -0.090893032 0.752186177 -0.637486091
1561000808.978980303 -280.599240 46.420764 47.712509 0.136823851 -0.094070192 0.755481341 -0.633780701
1561000809.079072475 -280.438119 46.998822 47.739376 0.131254215 -0.099187062 0.758044611 -0.631112213
1561000809.179853678 -280.289234 47.598319 47.732848 0.125692177 -0.101726587 0.760387916 -0.629017802
1561000809.280829430 -280.154562 48.187283 47.690526 0.124458206 -0.099161186 0.762394572 -0.627241365
1561000809.379743814 -280.013287 48.841411 47.611896 0.126456667 -0.097089292 0.763017612 -0.626407619
1561000809.480890751 -279.881744 49.504634 47.524680 0.130696978 -0.094738179 0.763127280 -0.625763320
1561000809.581094503 -279.729761 50.171684 47.462969 0.131257319 -0.094366415 0.764159587 -0.624441048
1561000809.680267334 -279.566493 50.828003 47.405011 0.129924749 -0.096489112 0.765441635 -0.622823020
1561000809.780908585 -279.418741 51.499174 47.362662 0.127795352 -0.095451063 0.767052767 -0.621439856
1561000809.880353451 -279.274852 52.170905 47.313641 0.128109779 -0.095474921 0.768082758 -0.620097816
1561000809.980506182 -279.130346 52.851760 47.261323 0.127996688 -0.094952282 0.769054111 -0.618996516
1561000810.079411030 -278.986674 53.549058 47.211502 0.128724453 -0.094847970 0.769385179 -0.618449937
1561000810.179658890 -278.839669 54.249688 47.165261 0.129632320 -0.094876483 0.769330230 -0.618324277
1561000810.280728340 -278.681594 54.982773 47.113329 0.130087630 -0.094244440 0.769545868 -0.618056916
1561000810.379269361 -278.522414 55.696111 47.055024 0.129374927 -0.094545322 0.769851988 -0.617779271
1561000810.480595827 -278.366302 56.414160 46.997427 0.128117931 -0.094343976 0.770267569 -0.617553951
1561000810.580593109 -278.216541 57.145362 46.945040 0.127406044 -0.095583072 0.770630907 -0.617057195
1561000810.679416418 -278.040702 57.876565 46.892725 0.128736182 -0.096408452 0.770862248 -0.616363367
1561000810.783881187 -277.843434 58.641214 46.842677 0.130164418 -0.096803018 0.770128857 -0.616918102
1561000810.882948160 -277.651759 59.377185 46.806867 0.131963550 -0.096520340 0.769460566 -0.617413867
1561000810.983757257 -277.461053 60.135937 46.760226 0.132982423 -0.096281299 0.768960015 -0.617856037
1561000811.083632231 -277.269503 60.891265 46.704899 0.133340751 -0.097257660 0.768474572 -0.618229750
1561000811.182395697 -277.091912 61.661169 46.651590 0.133186506 -0.098558908 0.768155730 -0.618453127
1561000811.283585310 -276.911339 62.449805 46.600169 0.132912359 -0.099696137 0.767596644 -0.619023729
1561000811.382719517 -276.744595 63.235959 46.539401 0.133571390 -0.097681920 0.767271636 -0.619605651
1561000811.475769758 -276.594973 64.009439 46.470823 0.134464844 -0.098061593 0.766505442 -0.620300360
1561000811.575616837 -276.435593 64.842735 46.404630 0.133693209 -0.097802995 0.766097530 -0.621011493
1561000811.675553322 -276.263100 65.668322 46.353081 0.133515194 -0.099357536 0.765257008 -0.621838793
1561000811.775691271 -276.080420 66.466014 46.313224 0.131810040 -0.100113257 0.764696863 -0.622769746
1561000811.874718189 -275.891654 67.283361 46.265564 0.130884373 -0.100402074 0.764583119 -0.623058070
1561000811.974475861 -275.714765 68.112685 46.223610 0.130289417 -0.101082425 0.763698363 -0.624156889
1561000812.075661421 -275.537796 68.954546 46.176830 0.130310107 -0.101690173 0.762871789 -0.625064011
1561000812.174630642 -275.355336 69.782947 46.125822 0.130323294 -0.102541913 0.761944990 -0.626051777
1561000812.275510550 -275.169548 70.644558 46.074629 0.129875658 -0.102583695 0.761308536 -0.626911646
1561000812.374476433 -274.998205 71.512501 46.024589 0.130424607 -0.103783778 0.760595080 -0.627465914
1561000812.475733757 -274.831427 72.405373 45.973935 0.131051898 -0.104806158 0.759801338 -0.628126576
1561000812.574869871 -274.652111 73.285857 45.928307 0.130693460 -0.104621933 0.759241309 -0.628908662
1561000812.675925016 -274.482050 74.174768 45.879707 0.130832461 -0.106370026 0.758381927 -0.629623012
1561000812.775787592 -274.304952 75.077238 45.838385 0.130611079 -0.106144499 0.758105426 -0.630039883
1561000812.874618530 -274.129162 75.972927 45.777795 0.131278247 -0.106862800 0.757590350 -0.630399259
1561000812.975610971 -273.978971 76.889184 45.724042 0.132543530 -0.107845809 0.757319539 -0.630292479
1561000813.075697422 -273.823200 77.795968 45.672970 0.134126365 -0.107822513 0.756722438 -0.630678662
1561000813.175168514 -273.667067 78.701232 45.625291 0.136723915 -0.109555518 0.756368669 -0.630246457
1561000813.276723146 -273.494326 79.624323 45.598166 0.137793088 -0.110311893 0.755904854 -0.630438104
1561000813.374915600 -273.321958 80.538742 45.540888 0.138220024 -0.110556219 0.756084310 -0.630086552
1561000813.476786852 -273.116436 81.474810 45.510909 0.140226559 -0.112796521 0.755500459 -0.629946437
1561000813.576341867 -272.932144 82.387400 45.476462 0.140234337 -0.111238085 0.755355072 -0.630396014
1561000813.674801350 -272.754738 83.314084 45.423078 0.140762433 -0.111834019 0.755528507 -0.629964891
1561000813.776459455 -272.590325 84.253784 45.372707 0.139560102 -0.112695573 0.755281433 -0.630375001
1561000813.874686241 -272.426113 85.175716 45.325025 0.136810636 -0.111353856 0.756406142 -0.629867380
1561000813.976481438 -272.274051 86.125055 45.267494 0.134111506 -0.111228864 0.756959852 -0.629804752
1561000814.075443745 -272.122012 87.058664 45.211852 0.135752578 -0.110682328 0.756760781 -0.629788679
1561000814.174853802 -271.972255 87.990116 45.168458 0.136587794 -0.106204206 0.756950381 -0.630151222
1561000814.277843475 -271.822997 88.939750 45.101668 0.137047022 -0.103990986 0.757061031 -0.630287700
1561000814.374601364 -271.665419 89.836770 45.065898 0.136761882 -0.103649554 0.757268139 -0.630157062
1561000814.476236105 -271.490174 90.768890 45.018848 0.135759373 -0.102769045 0.757553401 -0.630175183
1561000814.576531649 -271.310355 91.694769 44.964637 0.135492444 -0.102894703 0.757621274 -0.630130529
1561000814.676131964 -271.128112 92.607713 44.911132 0.136230310 -0.102851830 0.757715362 -0.629865251
1561000814.776593924 -270.940862 93.517249 44.857365 0.136168107 -0.102413072 0.757887580 -0.629742984
1561000814.875107527 -270.778305 94.416159 44.807786 0.135051233 -0.101754831 0.758177041 -0.629741767
1561000814.975935221 -270.627186 95.325950 44.743578 0.134106742 -0.100423408 0.758772260 -0.629440369
1561000815.075406075 -270.464014 96.223961 44.666708 0.135023380 -0.100431504 0.758263828 -0.629855672
1561000815.177697182 -270.288522 97.109674 44.608430 0.136799186 -0.100560735 0.757959864 -0.629817724
1561000815.276867628 -270.098955 97.965368 44.567034 0.138115173 -0.101074446 0.757368095 -0.630160078
1561000815.374693632 -269.926416 98.803418 44.538873 0.137584117 -0.102635610 0.756953088 -0.630522454
1561000815.476581097 -269.749669 99.654114 44.516050 0.136137064 -0.103895961 0.757224581 -0.630304104
1561000815.576038361 -269.594827 100.473286 44.483431 0.135964246 -0.105693188 0.757105991 -0.630185046
1561000815.676313162 -269.448876 101.284612 44.437513 0.134531204 -0.105785420 0.756881460 -0.630746586
1561000815.776268482 -269.296028 102.100491 44.382063 0.136450711 -0.106414608 0.756072540 -0.631198423
1561000815.874482870 -269.145913 102.882898 44.368073 0.139677126 -0.103632539 0.755355970 -0.631813229
1561000815.976525307 -269.004516 103.713040 44.331545 0.140289845 -0.101110172 0.755432577 -0.631994552
1561000816.076243639 -268.887797 104.504745 44.303544 0.135638976 -0.101816471 0.755971706 -0.632251733
1561000816.174742460 -268.780109 105.250347 44.278947 0.127884920 -0.103118146 0.757437762 -0.631901995
1561000816.276706934 -268.670384 106.016684 44.210909 0.124172092 -0.107167856 0.758303485 -0.630929606
1561000816.374575853 -268.521990 106.742732 44.180846 0.127742387 -0.106826120 0.757981989 -0.630661055
1561000816.476389885 -268.358192 107.499678 44.154347 0.130573055 -0.102498588 0.757702229 -0.631135523
1561000816.574852228 -268.222302 108.253542 44.124490 0.130381724 -0.098100840 0.757812657 -0.631741093
1561000816.676850319 -268.103073 109.022832 44.073233 0.128419353 -0.097603585 0.758064844 -0.631917481
1561000816.776639223 -267.963893 109.758826 44.044564 0.127664348 -0.099620347 0.757873864 -0.631984816
1561000816.874961853 -267.816220 110.491508 44.011658 0.126780779 -0.101846709 0.757579368 -0.632160883
1561000816.976705551 -267.682438 111.212455 43.983114 0.127070223 -0.102324959 0.757340669 -0.632311532
1561000817.077021599 -267.551735 111.939598 43.953607 0.127750137 -0.098926651 0.757455118 -0.632578188
1561000817.175861359 -267.419866 112.672536 43.917865 0.125098161 -0.101330948 0.757511048 -0.632660653
1561000817.276832342 -267.293411 113.377491 43.897143 0.119341234 -0.109802246 0.758263032 -0.631457291
1561000817.374980450 -267.154400 114.056402 43.875342 0.113661103 -0.115886455 0.759481606 -0.629951723
1561000817.476747036 -267.041390 114.732081 43.807961 0.112377776 -0.119123503 0.759594719 -0.629441569
1561000817.576723337 -266.921464 115.452435 43.754635 0.113775101 -0.118243933 0.759059328 -0.630002012
1561000817.674629688 -266.813077 116.237749 43.701718 0.120407189 -0.112232858 0.758754092 -0.630236561
1561000817.776534796 -266.681558 117.071571 43.621956 0.135419925 -0.100034374 0.756104411 -0.632424452
1561000817.874399185 -266.505855 117.832778 43.635063 0.148238881 -0.092741865 0.753634377 -0.633608243
1561000817.977737665 -266.312479 118.585547 43.609337 0.142968993 -0.095699478 0.755622316 -0.632009804
1561000818.076261520 -266.132057 119.267950 43.616209 0.129193544 -0.106526495 0.758961523 -0.629236475
1561000818.176412344 -266.008154 119.954719 43.560407 0.122715530 -0.113528497 0.758931764 -0.629344704
1561000818.277935982 -265.875628 120.692319 43.524237 0.125323359 -0.110560353 0.758261863 -0.630166178
1561000818.377695084 -265.770201 121.445954 43.461434 0.133590853 -0.102341545 0.757053295 -0.631308166
1561000818.479693413 -265.652803 122.188128 43.420193 0.134067861 -0.100919978 0.756834560 -0.631698042
1561000818.579152346 -265.523888 122.937666 43.382858 0.131043732 -0.101558676 0.757591932 -0.631322295
1561000818.677722931 -265.402913 123.652858 43.348454 0.129008617 -0.106546443 0.758196662 -0.630192395
1561000818.778959513 -265.233133 124.403930 43.326900 0.128231660 -0.108490322 0.758180757 -0.630038437
1561000818.877221584 -265.094518 125.133810 43.313540 0.128598398 -0.106779366 0.757978948 -0.630498638
1561000818.977366209 -264.972096 125.890823 43.281720 0.129720583 -0.105214529 0.758024273 -0.630477339
1561000819.076843977 -264.846532 126.655004 43.251719 0.129149461 -0.104731664 0.757980643 -0.630727389
1561000819.178546667 -264.705068 127.441280 43.204944 0.128388915 -0.104498149 0.757956106 -0.630950841
1561000819.279180050 -264.582287 128.216208 43.158564 0.126688047 -0.104640694 0.758101513 -0.631096316
1561000819.378435373 -264.448594 128.982447 43.109558 0.125893796 -0.105092039 0.758361940 -0.630867326
1561000819.478228569 -264.296870 129.751650 43.067084 0.125958963 -0.105299141 0.758200428 -0.631013899
1561000819.578964472 -264.137624 130.515864 43.033568 0.126968651 -0.105207740 0.758224642 -0.630797658
1561000819.678279877 -263.994301 131.289193 42.992651 0.126648763 -0.104672787 0.758145820 -0.631045651
1561000819.779349804 -263.848558 132.067262 42.949950 0.127167862 -0.104713392 0.758069221 -0.631026542
1561000819.877607346 -263.697058 132.820533 42.917031 0.127891339 -0.105757304 0.757792898 -0.631038130
1561000819.979477644 -263.528626 133.595309 42.895689 0.128532201 -0.106513058 0.757632645 -0.630973230
1561000820.080607414 -263.374649 134.386964 42.874972 0.128207968 -0.106155832 0.757671567 -0.631052654
1561000820.177561760 -263.248954 135.157210 42.844341 0.128571989 -0.106237097 0.757429159 -0.631255884
1561000820.278947830 -263.113033 135.954831 42.818061 0.128171413 -0.106192418 0.757617073 -0.631119346
1561000820.377149343 -262.995500 136.740827 42.784078 0.127128397 -0.106084524 0.757556799 -0.631420732
1561000820.478737593 -262.860105 137.550937 42.749405 0.127485932 -0.105615223 0.757623381 -0.631347427
1561000820.576947927 -262.737630 138.346871 42.710075 0.126755360 -0.104815414 0.757881023 -0.631318591
1561000820.678682089 -262.605032 139.158261 42.670686 0.126754579 -0.103951992 0.757679648 -0.631703103
1561000820.779394627 -262.467426 139.987926 42.634993 0.127923532 -0.102476907 0.757630204 -0.631767780
1561000820.877104044 -262.337581 140.792437 42.595906 0.126300565 -0.102444035 0.758062272 -0.631581332
1561000820.978674889 -262.156253 141.589356 42.596708 0.120147091 -0.108921432 0.759564803 -0.629890553
1561000821.077414274 -261.952712 142.321398 42.641951 0.112871699 -0.122294280 0.760579353 -0.627553293
1561000821.179836512 -261.785754 143.104806 42.616196 0.105263201 -0.125187767 0.761583153 -0.627087539
1561000821.278849602 -261.647995 143.921174 42.592131 0.101638108 -0.127391279 0.762076040 -0.626642854
1561000821.378410339 -261.489874 144.812098 42.568789 0.107068531 -0.124137793 0.760148282 -0.628729455
1561000821.478673697 -261.330247 145.737213 42.489584 0.124974340 -0.108829674 0.757395023 -0.631577624
1561000821.577356815 -261.202001 146.532315 42.410627 0.138851557 -0.090190208 0.756428836 -0.632772777
1561000821.677574873 -261.109503 147.323279 42.414698 0.131588811 -0.095339902 0.758583731 -0.630987648
1561000821.778927088 -260.972901 148.035717 42.457941 0.117973783 -0.110285650 0.761666565 -0.627521557
1561000821.878211498 -260.799695 148.844548 42.420758 0.113901579 -0.110302322 0.761133602 -0.628916105
1561000821.979418993 -260.636660 149.704013 42.342828 0.116458403 -0.108424317 0.760090295 -0.630035198
1561000822.078372240 -260.470499 150.586150 42.256725 0.123818297 -0.100838549 0.758711555 -0.631551576
1561000822.178033829 -260.298262 151.429978 42.200267 0.123955239 -0.101779522 0.758890316 -0.631158867
1561000822.279235601 -260.133833 152.271205 42.136065 0.122399248 -0.105530492 0.759595458 -0.629997206
1561000822.380189896 -259.944637 153.072595 42.091036 0.122278124 -0.109267739 0.759359878 -0.629667529
1561000822.481004953 -259.753235 153.879308 42.063475 0.124468932 -0.112039418 0.758694057 -0.629553796
1561000822.579597235 -259.553912 154.658387 42.039963 0.126876740 -0.111607415 0.757996787 -0.629989642
1561000822.680780411 -259.370460 155.473446 42.018698 0.129124424 -0.110593849 0.756905006 -0.631023530
1561000822.780717373 -259.217754 156.267194 41.991283 0.130543947 -0.110738398 0.756539340 -0.631144605
1561000822.878859043 -259.077037 157.042152 41.967781 0.130896495 -0.111174403 0.756551285 -0.630980596
1561000822.980267286 -258.933218 157.814772 41.947907 0.131296977 -0.112120017 0.756417700 -0.630890220
1561000823.079419136 -258.790671 158.552491 41.936422 0.132022282 -0.110314249 0.756542198 -0.630907907
1561000823.179177046 -258.671951 159.298997 41.908336 0.131409785 -0.109261414 0.756974921 -0.630699913
1561000823.280305862 -258.552597 159.986110 41.909412 0.127436421 -0.113679289 0.757720922 -0.629838060
1561000823.378824234 -258.421351 160.640877 41.908487 0.124270263 -0.116884167 0.757958549 -0.629598150
1561000823.480370283 -258.287855 161.321722 41.862627 0.125708619 -0.115618248 0.758029241 -0.629461224
1561000823.579475880 -258.172132 161.993895 41.805594 0.127693333 -0.112771592 0.756925108 -0.630905193
1561000823.680683851 -258.074394 162.666127 41.732042 0.135333773 -0.106064760 0.755383307 -0.632321988
1561000823.781695366 -257.943787 163.352520 41.696490 0.143453784 -0.101694198 0.753928774 -0.632985549
1561000823.880501270 -257.798860 164.014117 41.687240 0.139547638 -0.105829396 0.754590290 -0.632392355
1561000823.981232882 -257.680196 164.642530 41.695192 0.134580742 -0.111537343 0.755612085 -0.631266839
1561000824.080451488 -257.541434 165.267847 41.682695 0.131035877 -0.115183318 0.755930184 -0.630976988
1561000824.181572437 -257.416637 165.908943 41.655116 0.133176540 -0.115762822 0.755996118 -0.630343437
1561000824.281940699 -257.290849 166.559013 41.618473 0.136308516 -0.114584294 0.756030236 -0.629848165
1561000824.381036282 -257.153391 167.223921 41.578078 0.138900034 -0.114324180 0.756043398 -0.629313230
1561000824.481821775 -257.006304 167.891604 41.547486 0.139041447 -0.115573212 0.756295322 -0.628750900
1561000824.580585241 -256.866381 168.545455 41.526377 0.138183674 -0.117784259 0.757166310 -0.627480134
1561000824.680262089 -256.728112 169.209069 41.493486 0.138224740 -0.120584470 0.757979847 -0.625955157
1561000824.781620264 -256.603804 169.885411 41.459152 0.137668183 -0.123624910 0.759034423 -0.624204372
1561000824.880431890 -256.464102 170.547795 41.420307 0.139011935 -0.123499302 0.760095253 -0.622638588
1561000824.983363628 -256.331636 171.224059 41.386191 0.139871177 -0.122594923 0.761738715 -0.620613139
1561000825.082180738 -256.190670 171.857439 41.366404 0.139785896 -0.123004944 0.764120168 -0.617616432
1561000825.182246447 -256.055039 172.492408 41.348816 0.137109783 -0.123152278 0.766929868 -0.614697488
1561000825.283949375 -255.902816 173.135487 41.326176 0.135389028 -0.124273523 0.770197466 -0.610755078
1561000825.383461475 -255.742517 173.766660 41.285252 0.136091495 -0.125979495 0.772814561 -0.606931566
1561000825.483271360 -255.549195 174.416857 41.246433 0.140327192 -0.125621889 0.775229307 -0.602948540
1561000825.582154036 -255.343248 175.066634 41.195085 0.144039912 -0.122877399 0.777900642 -0.599186315
1561000825.684616566 -255.146473 175.731637 41.161693 0.145663927 -0.119097630 0.781768407 -0.594504779
1561000825.774886847 -254.973516 176.356716 41.130674 0.145142699 -0.116393250 0.786174576 -0.589335002
1561000825.873946428 -254.784047 177.016054 41.080271 0.143513483 -0.115602199 0.792010052 -0.582031004
1561000825.976662636 -254.578269 177.664132 41.016761 0.143833830 -0.115937228 0.798248384 -0.573297397
1561000826.074804544 -254.343893 178.271132 40.961862 0.144103550 -0.116173012 0.804565077 -0.564280990
1561000826.173995018 -254.094651 178.857539 40.912792 0.144817802 -0.114923346 0.811369495 -0.554526799
1561000826.275185823 -253.821590 179.464019 40.852072 0.145387342 -0.113627036 0.818374880 -0.544255430
1561000826.373728752 -253.565552 180.076370 40.767190 0.146319408 -0.108777601 0.825667161 -0.533883699
1561000826.475008965 -253.271204 180.687656 40.651782 0.148023951 -0.106168753 0.832807246 -0.522732433
1561000826.573791504 -252.962195 181.255914 40.569279 0.149438384 -0.106349499 0.839850991 -0.510889680
1561000826.674970150 -252.595057 181.803970 40.524709 0.150787535 -0.107363597 0.846826126 -0.498619785
1561000826.774980545 -252.236517 182.336274 40.498263 0.147756721 -0.105642805 0.854632444 -0.486426700
1561000826.873678446 -251.876742 182.844204 40.446065 0.142760666 -0.101082362 0.862857532 -0.474213694
1561000826.975091934 -251.539216 183.387461 40.309800 0.139360094 -0.096525463 0.870627604 -0.461810757
1561000827.074631214 -251.170575 183.919921 40.148745 0.141875871 -0.096065340 0.877462592 -0.447997865
1561000827.176288366 -250.755253 184.422869 40.009638 0.145742225 -0.096004051 0.883620052 -0.434462922
1561000827.276243210 -250.308312 184.903493 39.889424 0.148050484 -0.094497728 0.890126316 -0.420507283
1561000827.373935699 -249.859091 185.374087 39.776057 0.148897560 -0.092032811 0.896532013 -0.406927301
1561000827.475727797 -249.408042 185.864333 39.631190 0.148545520 -0.088665375 0.902823297 -0.393678515
1561000827.574674368 -248.947738 186.323195 39.470626 0.150472270 -0.087829088 0.908174050 -0.380610092
1561000827.674818516 -248.446665 186.767482 39.291649 0.152530236 -0.087104893 0.912991093 -0.368231625
1561000827.775962353 -247.916311 187.197714 39.155222 0.157605587 -0.091068408 0.916912208 -0.355160564
1561000827.874147415 -247.369415 187.613906 39.055690 0.160921699 -0.090342788 0.921057794 -0.342921170
1561000827.975986004 -246.835385 188.023915 38.948776 0.157012527 -0.086238248 0.926185038 -0.331800100
1561000828.074217796 -246.354330 188.415526 38.810277 0.152572672 -0.081147468 0.931284091 -0.320697068
1561000828.176054239 -245.851126 188.811732 38.643690 0.149667684 -0.081135033 0.935681041 -0.309059347
1561000828.276118755 -245.311427 189.186390 38.462132 0.151173944 -0.081457196 0.939075445 -0.297738933
1561000828.374875784 -244.735225 189.548726 38.296529 0.154789824 -0.079761783 0.942062872 -0.286697948
1561000828.475557327 -244.142573 189.921052 38.120808 0.158304665 -0.075109344 0.945012144 -0.276134510
1561000828.576164484 -243.558412 190.288145 37.936648 0.158757121 -0.071204112 0.948314929 -0.265376990
1561000828.677016497 -242.972876 190.644002 37.753282 0.157681081 -0.069900470 0.951546203 -0.254578915
1561000828.776898861 -242.381516 190.973124 37.578526 0.156969145 -0.070995630 0.954375705 -0.243900229
1561000828.877069235 -241.764883 191.274999 37.411590 0.155748387 -0.071912252 0.957097345 -0.233528885
1561000828.977347136 -241.138259 191.549987 37.232607 0.155715739 -0.071898757 0.959315503 -0.224269800
1561000829.076095343 -240.497935 191.833599 37.059346 0.156551389 -0.070346826 0.961400073 -0.215064843
1561000829.175678253 -239.848478 192.127917 36.873090 0.157552382 -0.066987927 0.963401983 -0.206267991
1561000829.277159691 -239.197574 192.410937 36.674902 0.158227863 -0.064512542 0.965215970 -0.197889382
1561000829.375504732 -238.557484 192.682636 36.478232 0.158896241 -0.062896630 0.966970105 -0.189115874
1561000829.477169275 -237.888227 192.944390 36.285656 0.158541475 -0.062231990 0.968729174 -0.180431613
1561000829.575750351 -237.219591 193.181949 36.106173 0.158353083 -0.060638736 0.970437215 -0.171752313
1561000829.677290916 -236.535346 193.416671 35.901847 0.157364787 -0.056462691 0.972291120 -0.163396041
1561000829.776916981 -235.842776 193.647186 35.666722 0.156935303 -0.052547792 0.974004823 -0.154675937
1561000829.876511574 -235.137309 193.870324 35.414514 0.157181887 -0.048980742 0.975546980 -0.145611920
1561000829.977058649 -234.420064 194.066398 35.144464 0.161016553 -0.049718938 0.976245436 -0.136185704
1561000830.077198029 -233.685033 194.248620 34.922570 0.165918561 -0.048981578 0.976739374 -0.126696610
1561000830.178656340 -232.939332 194.428642 34.727600 0.168018580 -0.047956029 0.977632286 -0.117068742
1561000830.278614998 -232.221834 194.592041 34.530495 0.167396835 -0.047618164 0.978837055 -0.107651424
1561000830.377016783 -231.530655 194.728205 34.331283 0.163690222 -0.044258785 0.980637571 -0.097962366
1561000830.478505850 -230.825941 194.861078 34.095330 0.161734746 -0.042550538 0.981864532 -0.089293702
1561000830.577282667 -230.114414 194.966318 33.845460 0.162698933 -0.042036914 0.982481966 -0.080567621
1561000830.678515196 -229.394761 195.036950 33.605032 0.165380932 -0.041621502 0.982681924 -0.072477821
1561000830.778577089 -228.684575 195.106371 33.385000 0.167292318 -0.041208583 0.982871450 -0.065412879
1561000830.877132177 -227.993584 195.175048 33.184673 0.167897341 -0.039806956 0.983190033 -0.059692945
1561000830.978643656 -227.309241 195.255668 32.978104 0.167625102 -0.038776087 0.983554303 -0.054947005
1561000831.077594757 -226.656292 195.329421 32.779171 0.166919043 -0.037880837 0.983898274 -0.051451551
1561000831.178280592 -226.003773 195.396545 32.592773 0.166017766 -0.036796326 0.984261197 -0.048104333
1561000831.278958797 -225.365247 195.454260 32.417892 0.165249663 -0.034825328 0.984573362 -0.045771613
1561000831.377118826 -224.741424 195.527656 32.226039 0.165516885 -0.031783109 0.984707488 -0.044103952
1561000831.478978872 -224.115487 195.619210 32.002761 0.164747442 -0.028578550 0.985015925 -0.042251327
1561000831.577554226 -223.511881 195.678945 31.800871 0.157931282 -0.031028651 0.986143594 -0.040196331
1561000831.679266453 -222.861742 195.704059 31.617070 0.148319828 -0.032579994 0.987677082 -0.037864945
1561000831.780943155 -222.203812 195.711200 31.433355 0.145543183 -0.034142717 0.988093595 -0.036366264
1561000831.878528833 -221.477796 195.754960 31.243267 0.143014632 -0.032091601 0.988513246 -0.036857919
1561000831.980171442 -220.670880 195.842493 31.019782 0.148353486 -0.030918633 0.987781462 -0.036373942
1561000832.080583334 -219.902261 195.940759 30.782391 0.156030593 -0.029023768 0.986684356 -0.035581686
1561000832.180322170 -219.282953 196.010888 30.494462 0.171938899 -0.025589912 0.984197923 -0.033713783
1561000832.282639265 -218.715445 196.053278 30.279923 0.164267962 -0.026323031 0.985544359 -0.032022654
1561000832.381170034 -218.170393 196.079495 30.142761 0.154011899 -0.026407633 0.987210423 -0.031599885
1561000832.481447220 -217.566902 196.098538 29.971771 0.152508574 -0.026649982 0.987452438 -0.031122281
1561000832.579957724 -216.899002 196.134481 29.733289 0.155393415 -0.025165224 0.987021985 -0.031736411
1561000832.681119442 -216.202952 196.176786 29.480159 0.161991845 -0.022192220 0.986023458 -0.031998243
1561000832.781175137 -215.504569 196.228256 29.254701 0.162639866 -0.023448448 0.985873942 -0.032419368
1561000832.881282568 -214.810265 196.274123 29.049539 0.160059966 -0.025631244 0.986236675 -0.032574023
1561000832.981040478 -214.130920 196.319617 28.852693 0.158306212 -0.026063748 0.986491904 -0.033068824
1561000833.079948187 -213.436643 196.379091 28.651712 0.156531146 -0.026408400 0.986754429 -0.033410979
1561000833.181165934 -212.736911 196.436936 28.437846 0.156171669 -0.025809881 0.986810186 -0.033910416
1561000833.282016993 -212.020601 196.496915 28.214611 0.156700785 -0.026039436 0.986706651 -0.034304459
1561000833.380876541 -211.293570 196.553989 27.996174 0.157787773 -0.026341845 0.986503541 -0.034926908
1561000833.481201172 -210.563097 196.603639 27.771285 0.158774081 -0.025823949 0.986339839 -0.035463181
1561000833.579837322 -209.848550 196.658655 27.555251 0.158059527 -0.025885742 0.986436052 -0.035930907
1561000833.679631472 -209.113231 196.723969 27.324965 0.158104226 -0.025369166 0.986433049 -0.036184233
1561000833.781551361 -208.351236 196.796004 27.094207 0.157802882 -0.026104241 0.986457564 -0.036308315
1561000833.880872011 -207.592394 196.865728 26.865121 0.157497755 -0.026009920 0.986503451 -0.036453854
1561000833.979812860 -206.839894 196.940368 26.637582 0.157149313 -0.025919552 0.986553473 -0.036667640
1561000834.079678059 -206.071893 197.013686 26.411091 0.155980258 -0.026537169 0.986712187 -0.036945876
1561000834.181269169 -205.300448 197.078691 26.179501 0.155278633 -0.026500962 0.986820717 -0.037028601
1561000834.281776905 -204.530383 197.134938 25.948728 0.154997474 -0.026798904 0.986842599 -0.037407044
1561000834.380097389 -203.765590 197.194311 25.712842 0.155028593 -0.026433576 0.986839921 -0.037608143
1561000834.481606483 -202.970487 197.261900 25.470925 0.155056746 -0.026871922 0.986810307 -0.037956852
1561000834.580502033 -202.171747 197.330984 25.223031 0.154997776 -0.026299292 0.986819416 -0.038359824
1561000834.681381464 -201.352365 197.414873 24.963438 0.154664819 -0.026345437 0.986859280 -0.038645474
1561000834.781433821 -200.538738 197.494149 24.707476 0.154381839 -0.026002999 0.986908932 -0.038740835
1561000834.879812956 -199.717898 197.564445 24.453784 0.154458374 -0.026593255 0.986876874 -0.038851584
1561000834.981192827 -198.877458 197.637042 24.190280 0.154329802 -0.025971488 0.986907061 -0.039015974
1561000835.080149889 -198.048478 197.704248 23.935398 0.154912161 -0.026768772 0.986789966 -0.039130789
1561000835.181027174 -197.198235 197.764292 23.693179 0.155843796 -0.027781468 0.986615734 -0.039118973
1561000835.281180382 -196.350072 197.823205 23.444901 0.155978969 -0.027047500 0.986600327 -0.039481488
1561000835.380760431 -195.510486 197.897965 23.198507 0.155950924 -0.027466258 0.986589101 -0.039583586
1561000835.481463909 -194.650066 197.974996 22.947067 0.154636141 -0.028267794 0.986764429 -0.039806487
1561000835.579917431 -193.792213 198.055838 22.695122 0.154566558 -0.027922614 0.986780587 -0.039919678
1561000835.679884434 -192.917244 198.145417 22.431345 0.154313416 -0.028018099 0.986796306 -0.040440166
1561000835.781314850 -192.038102 198.241265 22.165518 0.154310475 -0.027569926 0.986804377 -0.040562284
1561000835.881667852 -191.167772 198.330551 21.904843 0.154291074 -0.027162433 0.986813668 -0.040684774
1561000835.981425285 -190.290934 198.417387 21.638696 0.154329484 -0.027148172 0.986812337 -0.040580778
1561000836.081728220 -189.390228 198.492844 21.365985 0.154325357 -0.027780936 0.986782894 -0.040883050
1561000836.181357861 -188.483054 198.566833 21.098061 0.154764791 -0.027977393 0.986703802 -0.040996734
1561000836.281432390 -187.566841 198.647538 20.814601 0.154399162 -0.028406994 0.986744164 -0.041108338
1561000836.379987717 -186.663273 198.730588 20.544627 0.153812957 -0.028723412 0.986808422 -0.041541275
1561000836.481440544 -185.731022 198.816932 20.265023 0.153352054 -0.028720773 0.986872811 -0.041717142
1561000836.580352068 -184.804889 198.912475 20.000914 0.153323943 -0.028948291 0.986861540 -0.041929299
1561000836.681713343 -183.852701 199.007129 19.705478 0.152623160 -0.028409631 0.986972844 -0.042233499
1561000836.781810284 -182.919558 199.102642 19.417711 0.152932092 -0.028455434 0.986909636 -0.042560947
1561000836.880652189 -181.965639 199.189150 19.127208 0.152690926 -0.027937985 0.986942194 -0.043012273
1561000836.981833935 -181.000020 199.268237 18.831969 0.152003807 -0.030008801 0.986961160 -0.043611745
1561000837.080336094 -180.035047 199.338019 18.546834 0.151438477 -0.030169459 0.986993265 -0.044726804
1561000837.181439877 -179.055456 199.417216 18.271328 0.152456575 -0.030830191 0.986749166 -0.046179817
1561000837.281767845 -178.088471 199.519664 17.984513 0.153002458 -0.030730020 0.986587249 -0.047869750
1561000837.381707191 -177.138391 199.639385 17.703403 0.152668119 -0.030707407 0.986570596 -0.049274341
1561000837.483135223 -176.205010 199.766663 17.457047 0.150921900 -0.030934827 0.986736194 -0.051159563
1561000837.581854343 -175.283637 199.897194 17.212838 0.150076367 -0.031753745 0.986749158 -0.052866658
1561000837.682872057 -174.320086 200.014124 16.943923 0.149637389 -0.033177025 0.986664008 -0.054791164
1561000837.782842398 -173.344993 200.111744 16.667073 0.150491358 -0.033994285 0.986395448 -0.056751740
1561000837.882955074 -172.354663 200.214631 16.380477 0.150914018 -0.035550780 0.986139352 -0.059078584
1561000837.982944489 -171.378767 200.331150 16.101353 0.150869999 -0.035500117 0.985984603 -0.061744215
1561000838.081692219 -170.434036 200.471983 15.842358 0.149388289 -0.037343255 0.985983582 -0.064226142
1561000838.174848318 -169.513245 200.618079 15.607533 0.147577707 -0.038133992 0.986056114 -0.066782924
1561000838.275039673 -168.547718 200.782721 15.348410 0.146384797 -0.038561218 0.986032839 -0.069453319
1561000838.373945951 -167.590080 200.946750 15.078524 0.147036136 -0.038530968 0.985755786 -0.071981037
1561000838.475035667 -166.630732 201.116986 14.788055 0.147212018 -0.037484790 0.985570250 -0.074664544
1561000838.573859692 -165.678151 201.280141 14.506878 0.148355203 -0.038241079 0.985165769 -0.077309517
1561000838.674658537 -164.729483 201.454158 14.231208 0.148816301 -0.036934661 0.984945047 -0.079829782
1561000838.774995327 -163.806541 201.641996 13.964273 0.147795479 -0.036646870 0.984947503 -0.081804151
1561000838.873955965 -162.898445 201.826539 13.722779 0.146587583 -0.036783881 0.984949221 -0.083869294
1561000838.975115538 -161.962548 202.008916 13.468392 0.145757148 -0.036002529 0.984928284 -0.085877518
1561000839.073836565 -161.025552 202.195660 13.208437 0.146163036 -0.037256030 0.984635807 -0.087981145
1561000839.174014330 -160.065960 202.382585 12.940838 0.145677194 -0.037025217 0.984503223 -0.090336555
1561000839.275883675 -159.104447 202.566792 12.673948 0.145955981 -0.037985806 0.984191063 -0.092854087
1561000839.373799086 -158.170595 202.753809 12.425298 0.145485692 -0.038247541 0.983997533 -0.095498139
1561000839.476037264 -157.223728 202.957768 12.174259 0.145699242 -0.038366961 0.983699179 -0.098161253
1561000839.574355841 -156.306307 203.173571 11.929698 0.145143302 -0.038079968 0.983498033 -0.101069068
1561000839.676216364 -155.379061 203.401249 11.675781 0.144553655 -0.038407748 0.983293612 -0.103743715
1561000839.776116848 -154.455151 203.619909 11.421769 0.143493993 -0.039164864 0.983124917 -0.106494062
1561000839.875016451 -153.517765 203.841977 11.165782 0.143301338 -0.039204972 0.982817486 -0.109533038
1561000839.976135492 -152.553498 204.084268 10.889793 0.144408261 -0.038953149 0.982367570 -0.112173365
1561000840.074550629 -151.606109 204.323211 10.632786 0.145308292 -0.039501218 0.981922430 -0.114688692
1561000840.174507141 -150.671546 204.570034 10.388603 0.144395392 -0.038916090 0.981760920 -0.117392529
1561000840.276344538 -149.740588 204.828096 10.141959 0.142573036 -0.040674083 0.981640776 -0.119999731
1561000840.375803709 -148.817950 205.074268 9.899787 0.141924973 -0.040616776 0.981455186 -0.122283673
1561000840.476439953 -147.883370 205.330308 9.644678 0.142516212 -0.041007251 0.981025803 -0.124883578
1561000840.574039698 -146.946617 205.592329 9.391531 0.143752253 -0.040839319 0.980544821 -0.127276443
1561000840.675830126 -145.993893 205.875225 9.130070 0.143627279 -0.041577380 0.980187044 -0.129907217
1561000840.776143551 -145.061315 206.148174 8.886698 0.142838034 -0.042298189 0.979970411 -0.132159576
1561000840.873861551 -144.140704 206.419910 8.653915 0.141723798 -0.043227402 0.979769893 -0.134524026
1561000840.975851774 -143.206055 206.699542 8.422277 0.140491061 -0.043998088 0.979586543 -0.136881827
1561000841.074298143 -142.281049 206.986646 8.187723 0.139973032 -0.043865074 0.979282974 -0.139600367
1561000841.176093340 -141.323238 207.285220 7.932136 0.140175205 -0.043238667 0.978931001 -0.142040221
1561000841.276416302 -140.380467 207.589876 7.670754 0.140297115 -0.043319596 0.978478848 -0.144980259
1561000841.374119997 -139.439119 207.891857 7.417207 0.140465511 -0.043847506 0.978036436 -0.147619666
1561000841.477213383 -138.490038 208.214133 7.176139 0.140108728 -0.044266803 0.977612571 -0.150610940
1561000841.575482130 -137.576856 208.541727 6.939054 0.138489272 -0.044551187 0.977416542 -0.153273665
1561000841.677023172 -136.643511 208.877128 6.697347 0.137894981 -0.044810812 0.977075862 -0.155883693
1561000841.777333975 -135.706886 209.212666 6.449337 0.138203021 -0.045012649 0.976651649 -0.158194003
1561000841.877254963 -134.762571 209.554025 6.198844 0.138495740 -0.043251572 0.976282965 -0.160685418
1561000841.977430105 -133.810695 209.903240 5.941795 0.138789736 -0.044063740 0.975803184 -0.163107150
1561000842.075640440 -132.870462 210.234265 5.694036 0.139411750 -0.046109886 0.975297676 -0.165023288
1561000842.178889275 -131.920410 210.570223 5.457556 0.140150850 -0.047174518 0.974835083 -0.166819860
1561000842.278899908 -131.000752 210.915040 5.231711 0.138952520 -0.048000235 0.974705963 -0.168334368
1561000842.377406359 -130.089944 211.264772 5.007972 0.137883959 -0.048733771 0.974582265 -0.169712821
1561000842.478979826 -129.154918 211.616448 4.777797 0.136933365 -0.050279899 0.974436890 -0.170862320
1561000842.577807903 -128.239946 211.960859 4.547913 0.136233586 -0.050757430 0.974215861 -0.172532751
1561000842.679325104 -127.303537 212.313370 4.311850 0.137064874 -0.052162757 0.973753126 -0.174060669
1561000842.780403137 -126.371137 212.666533 4.076980 0.137353665 -0.052085039 0.973372297 -0.175975827
1561000842.880367279 -125.457733 213.022306 3.847724 0.137432219 -0.053175392 0.972887873 -0.178252488
1561000842.981683493 -124.539719 213.394386 3.632278 0.136199717 -0.053331785 0.972613737 -0.180631883
1561000843.080445051 -123.637351 213.777484 3.416112 0.134747552 -0.053524303 0.972350585 -0.183064429
1561000843.181766748 -122.722037 214.169613 3.209835 0.134575355 -0.054644807 0.971896726 -0.185257043
1561000843.281341076 -121.824061 214.559762 3.001332 0.134482957 -0.054686977 0.971432982 -0.187727543
1561000843.380964041 -120.918210 214.957245 2.780858 0.134426017 -0.054431292 0.970991261 -0.190112735
1561000843.481524706 -120.005041 215.356067 2.557231 0.134465866 -0.054086985 0.970522558 -0.192560364
1561000843.580048323 -119.106127 215.751449 2.343515 0.134897768 -0.053683538 0.969935955 -0.195307229
1561000843.681563139 -118.200026 216.161120 2.124992 0.135369220 -0.051818027 0.969504441 -0.197613780
1561000843.781425953 -117.299147 216.584383 1.898066 0.135628660 -0.049960090 0.969104802 -0.199861799
1561000843.881684303 -116.410508 217.002029 1.665520 0.134915823 -0.047734286 0.968871512 -0.202007802
1561000843.982886553 -115.521854 217.415006 1.427821 0.134845738 -0.046619150 0.968609653 -0.203564786
1561000844.081928253 -114.648963 217.826000 1.203732 0.134096343 -0.046310770 0.968348671 -0.205363910
1561000844.183296442 -113.763398 218.243819 0.989814 0.133491288 -0.046359057 0.968095217 -0.206936138
1561000844.281910419 -112.885374 218.657752 0.779672 0.133442561 -0.047458690 0.967659432 -0.208748602
1561000844.382440090 -111.999806 219.082494 0.567403 0.133813086 -0.047558146 0.967246103 -0.210397853
1561000844.474846125 -111.138232 219.499092 0.351447 0.133630238 -0.047306419 0.966839631 -0.212429257
1561000844.573807955 -110.229302 219.932387 0.126687 0.133292601 -0.047877017 0.966507059 -0.214020979
1561000844.674923658 -109.332620 220.365889 -0.093764 0.132326851 -0.047977434 0.966258630 -0.215712844
1561000844.774772406 -108.465574 220.787743 -0.303659 0.131465525 -0.048922955 0.965859671 -0.217803710
1561000844.875034809 -107.608194 221.209945 -0.499760 0.130453965 -0.048697270 0.965587984 -0.219659245
1561000844.974733114 -106.752188 221.643046 -0.709160 0.129695188 -0.048726577 0.965222052 -0.221700854
1561000845.074614763 -105.892646 222.082030 -0.917386 0.129671652 -0.049264204 0.964728505 -0.223734691
1561000845.174540281 -105.029988 222.541099 -1.129572 0.129192165 -0.048297950 0.964269911 -0.226186277
1561000845.274673939 -104.178556 223.006066 -1.360204 0.128961202 -0.047093899 0.963746215 -0.228789000
1561000845.374636650 -103.311962 223.448767 -1.575699 0.129340822 -0.050394919 0.962991837 -0.231036850
1561000845.474895000 -102.448799 223.895763 -1.780306 0.129224626 -0.050140337 0.962193251 -0.234459144
1561000845.573950052 -101.604138 224.364364 -2.001756 0.128524424 -0.049431148 0.961467206 -0.237947150
1561000845.675008297 -100.756619 224.839305 -2.211617 0.127997237 -0.049915130 0.960699707 -0.241207919
1561000845.775519848 -99.938979 225.313123 -2.426654 0.126596008 -0.048250146 0.960027439 -0.244934054
1561000845.875239134 -99.121311 225.791831 -2.633737 0.126664620 -0.050123160 0.958945716 -0.248730490
1561000845.975151300 -98.282675 226.268719 -2.814733 0.126611204 -0.052877959 0.957929578 -0.252080242
1561000846.073854446 -97.436057 226.744207 -2.989594 0.128497900 -0.058755246 0.956512653 -0.255185530
1561000846.175112486 -96.599159 227.233032 -3.137601 0.131555565 -0.063812732 0.954872414 -0.258533832
1561000846.275026321 -95.803843 227.726800 -3.306916 0.130442890 -0.060091399 0.954180648 -0.262512795
1561000846.375414133 -95.042771 228.233727 -3.500383 0.127791445 -0.060223080 0.953607070 -0.265849739
1561000846.475255489 -94.284483 228.737684 -3.690573 0.125991687 -0.060625154 0.952843955 -0.269330806
1561000846.574102879 -93.531344 229.231758 -3.871359 0.126801390 -0.060858522 0.951684024 -0.272974661
1561000846.675300598 -92.778330 229.743661 -4.046681 0.126905014 -0.060029349 0.950824447 -0.276087785
1561000846.774093628 -92.062756 230.236412 -4.214826 0.126563123 -0.061094499 0.949872423 -0.279269794
1561000846.874959469 -91.346984 230.727490 -4.360162 0.125822678 -0.060784925 0.949056872 -0.282426806
1561000846.975642443 -90.651973 231.211361 -4.504180 0.123671897 -0.060178699 0.948390062 -0.285727275
1561000847.074694157 -89.966679 231.698599 -4.665464 0.121700345 -0.060763689 0.947832550 -0.288288497
1561000847.175972700 -89.289989 232.183737 -4.812239 0.120837216 -0.060537643 0.947217868 -0.290709255
1561000847.275223970 -88.633116 232.665517 -4.959633 0.121412277 -0.061253117 0.946355941 -0.293116951
1561000847.375380993 -87.975694 233.160488 -5.110849 0.121911778 -0.061322437 0.945760121 -0.294813279
1561000847.475327730 -87.325220 233.638951 -5.257878 0.122236257 -0.060853745 0.945325921 -0.296165532
1561000847.574330568 -86.697903 234.088799 -5.399305 0.122582272 -0.061979948 0.944718841 -0.297721991
1561000847.675532341 -86.070044 234.528296 -5.532012 0.122758550 -0.062343247 0.944416598 -0.298531318
1561000847.775291204 -85.477611 234.948583 -5.660553 0.122731751 -0.063276218 0.944009805 -0.299630649
1561000847.874236107 -84.898453 235.364998 -5.782953 0.122419435 -0.063624470 0.943696217 -0.300670681
1561000847.975239754 -84.320390 235.776996 -5.911877 0.122590946 -0.063896224 0.943299882 -0.301784799
1561000848.074134350 -83.771480 236.169080 -6.031855 0.123664480 -0.064723078 0.942622253 -0.303284202
1561000848.176613569 -83.238636 236.562222 -6.138115 0.123909218 -0.064335558 0.942268907 -0.304362858
1561000848.274476767 -82.736249 236.943194 -6.232803 0.122423836 -0.064460243 0.942070216 -0.305550307
1561000848.375360727 -82.240906 237.330496 -6.324450 0.120008636 -0.064751583 0.941900066 -0.306968119
1561000848.475468636 -81.727740 237.721056 -6.422611 0.119753044 -0.067177480 0.941450406 -0.307924548
1561000848.574501038 -81.198525 238.123209 -6.498917 0.120741981 -0.069326338 0.940669036 -0.309446274
1561000848.675319910 -80.650133 238.542224 -6.566676 0.123287319 -0.064856959 0.940221952 -0.310767587
1561000848.785876751 -80.093202 239.018928 -6.655491 0.122598481 -0.061393546 0.940097784 -0.312116327
1561000848.875406265 -79.686328 239.373606 -6.672762 0.114502150 -0.060554298 0.941127903 -0.312251028
1561000848.975313663 -79.205971 239.749178 -6.770958 0.104072585 -0.063250332 0.941725854 -0.313561331
1561000849.074110031 -78.696986 240.130444 -6.897746 0.098696439 -0.069639509 0.941704904 -0.314008321
1561000849.174845934 -78.139778 240.579893 -7.068671 0.097941358 -0.069500910 0.940963096 -0.316489441
1561000849.274931908 -77.554207 241.088650 -7.241132 0.101070074 -0.068199105 0.939403636 -0.320397459
1561000849.375937700 -76.956037 241.630579 -7.433000 0.103855218 -0.067247634 0.938322696 -0.322865865
1561000849.476011515 -76.355097 242.127192 -7.650207 0.107501204 -0.065263628 0.937760584 -0.323711658
1561000849.574382544 -75.828303 242.500573 -7.851747 0.127447603 -0.062819463 0.935394670 -0.323801845
1561000849.676210403 -75.358820 242.808231 -7.936404 0.133504165 -0.063617756 0.934714512 -0.323168996
1561000849.776327133 -74.949897 243.120835 -7.957699 0.127331850 -0.065784481 0.934400281 -0.326121324
1561000849.876100302 -74.501699 243.480807 -7.996685 0.115414440 -0.068427829 0.934666037 -0.329236296
1561000849.976067066 -74.001522 243.900701 -8.091689 0.112013690 -0.070718124 0.934035987 -0.331705674
1561000850.074863434 -73.463300 244.367417 -8.222747 0.115888935 -0.071691623 0.932243046 -0.335190945
1561000850.175413847 -72.890832 244.835359 -8.370202 0.118949714 -0.070515819 0.930855244 -0.338211472
1561000850.275996685 -72.337169 245.304740 -8.487240 0.119225744 -0.071717007 0.929656344 -0.341146559
1561000850.376015902 -71.771997 245.775754 -8.598229 0.118339525 -0.072769688 0.928743304 -0.343709478
1561000850.476162910 -71.236715 246.255821 -8.695447 0.116358189 -0.073655179 0.927888323 -0.346495233
1561000850.576087236 -70.719430 246.754468 -8.808567 0.116141598 -0.073590136 0.926928332 -0.349141072
1561000850.676165581 -70.198625 247.257201 -8.923910 0.116547636 -0.074074535 0.925800854 -0.351884057
1561000850.775580883 -69.651536 247.761594 -9.021104 0.116319226 -0.074998685 0.924919883 -0.354073785
1561000850.874356270 -69.115860 248.265140 -9.103297 0.115178666 -0.075694262 0.924008378 -0.356668994
1561000850.977588177 -68.579436 248.798600 -9.172705 0.112472040 -0.075657945 0.923827291 -0.358007057
1561000851.075911522 -68.072142 249.325763 -9.226045 0.109285922 -0.075200116 0.923655135 -0.359531251
1561000851.177674055 -67.531812 249.880815 -9.298260 0.107793751 -0.074220281 0.923738132 -0.359971832
1561000851.277580738 -66.990413 250.435255 -9.402491 0.108940197 -0.072660660 0.923478498 -0.360610491
1561000851.376386404 -66.427692 250.978694 -9.504224 0.109906147 -0.070110491 0.923499528 -0.360768318
1561000851.478629589 -65.868962 251.538667 -9.610962 0.110084236 -0.067925653 0.923787341 -0.360394943
1561000851.577353716 -65.321021 252.063841 -9.737220 0.109958591 -0.067883182 0.923874443 -0.360217982
1561000851.678496599 -64.750645 252.592796 -9.867813 0.108370070 -0.067756450 0.924345880 -0.359513122
1561000851.776839972 -64.184817 253.113280 -9.987246 0.107963073 -0.068712761 0.924553906 -0.358918662
1561000851.877052069 -63.584889 253.657283 -10.089012 0.107484203 -0.069144200 0.924855872 -0.358200841
1561000851.978625298 -62.985681 254.204648 -10.192524 0.107434481 -0.069177074 0.925015872 -0.357796033
1561000852.078482628 -62.403371 254.742776 -10.307598 0.105952671 -0.067593756 0.925437212 -0.357450810
1561000852.180321455 -61.800021 255.300495 -10.445002 0.105744675 -0.068039849 0.925618654 -0.356957629
1561000852.280809641 -61.165610 255.846009 -10.558239 0.104836522 -0.068475429 0.925750071 -0.356801381
1561000852.380899191 -60.534074 256.388313 -10.690763 0.105692987 -0.067809572 0.925731771 -0.356723342
1561000852.482137442 -59.910408 256.959329 -10.812087 0.106107022 -0.067211639 0.926163527 -0.355591081
1561000852.580554247 -59.293058 257.513552 -10.944060 0.106645752 -0.067260222 0.926311911 -0.355033786
1561000852.681643963 -58.670240 258.093562 -11.067739 0.106428890 -0.067521471 0.926420873 -0.354764865
1561000852.780340910 -58.048337 258.656796 -11.192765 0.105971045 -0.067987997 0.926430926 -0.354786569
1561000852.881293774 -57.425289 259.211645 -11.310900 0.105845753 -0.068898163 0.925992045 -0.355792711
1561000852.981214285 -56.800699 259.782697 -11.430796 0.105203030 -0.069481557 0.925529480 -0.357071166
1561000853.079874754 -56.182293 260.371256 -11.562506 0.104456613 -0.068347597 0.925112422 -0.358586711
1561000853.182695389 -55.538624 260.999971 -11.683718 0.105643774 -0.070399931 0.924142933 -0.360337457
1561000853.281621218 -54.903070 261.612001 -11.797020 0.105302774 -0.068387179 0.923440195 -0.362619258
1561000853.384341717 -54.281321 262.251704 -11.931787 0.103784408 -0.067958781 0.922939936 -0.364406745
1561000853.482992411 -53.657688 262.857391 -12.053242 0.102211157 -0.069499906 0.922264277 -0.366266631
1561000853.581837654 -53.036344 263.478739 -12.171404 0.101507453 -0.069517351 0.921585308 -0.368163137
1561000853.683054686 -52.373322 264.114431 -12.312291 0.102208723 -0.069673027 0.920888391 -0.369680427
1561000853.781816244 -51.720209 264.753806 -12.443361 0.102123912 -0.070318831 0.920223762 -0.371233345
1561000853.882817745 -51.057813 265.402546 -12.561254 0.102686564 -0.070028044 0.919471780 -0.372992209
1561000853.982903719 -50.396167 266.039230 -12.682901 0.102389111 -0.070461573 0.918710734 -0.374862940
1561000854.081551552 -49.748664 266.669356 -12.783754 0.101278345 -0.071425532 0.917877847 -0.377016376
1561000854.182679176 -49.089903 267.307314 -12.884338 0.100513878 -0.072854737 0.917002205 -0.379072688
1561000854.281455040 -48.451077 267.950195 -12.976487 0.099323792 -0.073634303 0.916046157 -0.381539267
1561000854.381491423 -47.799504 268.622230 -13.098393 0.098915899 -0.073238660 0.915364717 -0.383352551
1561000854.482279062 -47.127502 269.310684 -13.220216 0.100594093 -0.075646384 0.914167286 -0.385300696
1561000854.581683874 -46.462391 270.009200 -13.324531 0.100496268 -0.075153163 0.913404363 -0.387227287
1561000854.682360172 -45.803862 270.708909 -13.443662 0.099555807 -0.075148652 0.912807896 -0.388874100
1561000854.782292604 -45.156833 271.412945 -13.541533 0.097950142 -0.076785210 0.912192834 -0.390402400
1561000854.882603884 -44.497733 272.115516 -13.637671 0.097080963 -0.077230389 0.911350047 -0.392494389
1561000854.982519388 -43.842180 272.836265 -13.739338 0.096897281 -0.078214935 0.910372956 -0.394606668
1561000855.081282616 -43.188519 273.582542 -13.834053 0.098011636 -0.078422906 0.909432264 -0.396454947
1561000855.182090044 -42.520467 274.337954 -13.936533 0.099268018 -0.077422466 0.908365549 -0.398777698
1561000855.281733036 -41.867272 275.104460 -14.023857 0.099818674 -0.077478890 0.907356011 -0.400921843
1561000855.382719040 -41.234390 275.864064 -14.095433 0.099029744 -0.077959383 0.906369867 -0.403248198
1561000855.482608318 -40.609360 276.626565 -14.157708 0.097865408 -0.078045406 0.905483466 -0.405500886
1561000855.581667900 -39.985529 277.386091 -14.213714 0.095753263 -0.077993240 0.904436481 -0.408341792
1561000855.682710409 -39.357902 278.159714 -14.284782 0.093926873 -0.077387051 0.903633040 -0.410653523
1561000855.782009125 -38.721951 278.930357 -14.362145 0.092660400 -0.077643642 0.902715153 -0.412905397
1561000855.882759333 -38.067289 279.709198 -14.449895 0.091480110 -0.077544261 0.901640860 -0.415526217
1561000855.982612848 -37.399525 280.508376 -14.566936 0.090715108 -0.078243149 0.900585113 -0.417845943
1561000856.073539019 -36.756398 281.287504 -14.676077 0.090653406 -0.078255427 0.899523149 -0.420138254
1561000856.174695253 -36.060161 282.131021 -14.794127 0.090828839 -0.078483821 0.898371236 -0.422515720
1561000856.273868322 -35.413627 282.936456 -14.883177 0.090137890 -0.079398084 0.897178431 -0.425019961
1561000856.375190973 -34.774881 283.736215 -14.981900 0.088956851 -0.079466136 0.896024202 -0.427682642
1561000856.475228071 -34.152147 284.520403 -15.079017 0.087215897 -0.080217401 0.894865127 -0.430319603
1561000856.575230122 -33.510164 285.320543 -15.185334 0.086268525 -0.080058844 0.893705834 -0.432941342
1561000856.674385786 -32.871525 286.121697 -15.286314 0.086080507 -0.080592278 0.892361548 -0.435644235
1561000856.774921894 -32.218696 286.934750 -15.380221 0.086208212 -0.081515812 0.891068685 -0.438086653
1561000856.873941422 -31.580153 287.740272 -15.466329 0.086062352 -0.083209987 0.889439205 -0.441097801
1561000856.975254297 -30.978142 288.547445 -15.532866 0.083802147 -0.082421114 0.888519838 -0.443527291
1561000857.073913336 -30.376398 289.345333 -15.594542 0.084580307 -0.083393502 0.887500043 -0.445236307
1561000857.175211668 -29.799156 290.165824 -15.664136 0.084786485 -0.085540214 0.886012548 -0.447745339
1561000857.275538206 -29.243964 290.988543 -15.684424 0.083214438 -0.084861514 0.885218250 -0.449736067
1561000857.375878572 -28.701109 291.816484 -15.719468 0.082066818 -0.086691582 0.883748049 -0.452480930
1561000857.475821972 -28.135131 292.647493 -15.727018 0.081194712 -0.086813977 0.882865115 -0.454334614
1561000857.573878288 -27.572635 293.472007 -15.767866 0.080074139 -0.085466157 0.882154729 -0.456165215
1561000857.675844669 -27.002898 294.329259 -15.815374 0.080069747 -0.084549004 0.881090064 -0.458389137
1561000857.775582314 -26.432890 295.166960 -15.865718 0.078836661 -0.084290890 0.879945731 -0.460841988
1561000857.874810934 -25.861388 295.992582 -15.916426 0.077089656 -0.084639913 0.878820891 -0.463213894
1561000857.975232124 -25.279636 296.810167 -15.954093 0.075519066 -0.086385963 0.877543598 -0.465565860
1561000858.073779106 -24.705800 297.629359 -15.985276 0.074113277 -0.087598561 0.876158969 -0.468165756
1561000858.174870253 -24.135051 298.498869 -16.070130 0.073237444 -0.085353057 0.875160170 -0.470580289
1561000858.274245501 -23.547172 299.359017 -16.150408 0.076557314 -0.088236655 0.873440090 -0.472710989
1561000858.375149488 -22.968092 300.235340 -16.192761 0.077136370 -0.087312751 0.872269647 -0.474944340
1561000858.474972248 -22.439315 301.092415 -16.211326 0.075219843 -0.087066516 0.871268709 -0.477129158
1561000858.573825121 -21.920155 301.931965 -16.203291 0.073670015 -0.088403835 0.870036390 -0.479368514
1561000858.675696373 -21.393959 302.783169 -16.206106 0.071170535 -0.089000416 0.868723053 -0.482010310
1561000858.774089336 -20.875678 303.645988 -16.239564 0.072069867 -0.088561786 0.867529170 -0.484103174
1561000858.874759912 -20.324877 304.543713 -16.285071 0.073958415 -0.086986018 0.865921433 -0.486973980
1561000858.974669933 -19.803304 305.449769 -16.310101 0.076406131 -0.085055172 0.864355377 -0.489711652
1561000859.073515654 -19.306179 306.316302 -16.306146 0.076600275 -0.083701805 0.863041074 -0.492226077
1561000859.174801588 -18.803086 307.163663 -16.295521 0.072525324 -0.086009743 0.862242292 -0.493842719
1561000859.274477959 -18.314687 307.990092 -16.275802 0.067105120 -0.088996104 0.861639446 -0.495130348
1561000859.374926329 -17.823191 308.847445 -16.282868 0.064868452 -0.090546807 0.860994506 -0.496267891
1561000859.475003242 -17.299052 309.742657 -16.320103 0.066341207 -0.089319700 0.860099319 -0.497845355
1561000859.576430798 -16.760855 310.676759 -16.362598 0.068056395 -0.088205058 0.859306712 -0.499179496
1561000859.675111771 -16.260268 311.564105 -16.397605 0.067939566 -0.087469913 0.858682010 -0.500398277
1561000859.773614883 -15.751928 312.439108 -16.412571 0.066813819 -0.088829033 0.857909111 -0.501634602
1561000859.874764204 -15.229910 313.309669 -16.423011 0.066004571 -0.090696025 0.856885229 -0.503155375
1561000859.974560022 -14.724024 314.177849 -16.415228 0.065111272 -0.091704154 0.855910456 -0.504745641
1561000860.074882507 -14.228638 315.062631 -16.410187 0.063987813 -0.092401834 0.854886400 -0.506494526
1561000860.175689697 -13.737850 315.961900 -16.407296 0.063311380 -0.092833430 0.853927865 -0.508114971
1561000860.275327921 -13.265702 316.863110 -16.403261 0.062688138 -0.092716413 0.852928335 -0.509889320
1561000860.374769449 -12.791447 317.776653 -16.427088 0.062358992 -0.090722194 0.852035919 -0.511776937
1561000860.475995302 -12.290731 318.707692 -16.441252 0.065053493 -0.091672579 0.850184917 -0.514344038
1561000860.573816538 -11.822583 319.604336 -16.404661 0.065183118 -0.091916316 0.848889350 -0.516419814
1561000860.675836086 -11.362287 320.504248 -16.368620 0.061986195 -0.093248751 0.847524285 -0.518811111
1561000860.775240898 -10.910982 321.382565 -16.335175 0.059731003 -0.093668639 0.846338259 -0.520931805
1561000860.875141859 -10.460387 322.287368 -16.334620 0.057123269 -0.092492454 0.845092672 -0.523450527
1561000860.975516319 -9.996529 323.217082 -16.371640 0.057471461 -0.092910809 0.843548569 -0.525823568
1561000861.074520826 -9.501647 324.146865 -16.416266 0.061357390 -0.095259618 0.841341430 -0.528493590
1561000861.176093102 -9.047151 325.096691 -16.408251 0.061994129 -0.093230225 0.839360208 -0.531920384
1561000861.275844097 -8.640465 326.048698 -16.376648 0.062059959 -0.093413029 0.837597504 -0.534652213
1561000861.377253294 -8.242841 326.972584 -16.343430 0.058796894 -0.092245548 0.835677372 -0.538216512
1561000861.477071285 -7.842967 327.880080 -16.310514 0.057942399 -0.093727843 0.833898232 -0.540806351
1561000861.575619698 -7.429855 328.784011 -16.247257 0.057653913 -0.095454871 0.831260316 -0.544583034
1561000861.677299976 -7.019118 329.743757 -16.199337 0.056565511 -0.093398766 0.828556808 -0.549154468
1561000861.776271105 -6.627847 330.696756 -16.159007 0.055087677 -0.094247568 0.825786327 -0.553316985
1561000861.875823259 -6.234590 331.651239 -16.115126 0.054217765 -0.095781012 0.822694961 -0.557727024
1561000861.977143049 -5.859917 332.622349 -16.069416 0.053356585 -0.095075421 0.819841036 -0.562116016
1561000862.075345993 -5.511592 333.591529 -16.051119 0.053981901 -0.092493904 0.816940829 -0.566690846
1561000862.176970005 -5.173068 334.594545 -16.052206 0.053526409 -0.091722100 0.814270889 -0.570688092
1561000862.275513411 -4.831161 335.566234 -16.045717 0.052956755 -0.091272734 0.811562036 -0.574658101
1561000862.377030849 -4.477638 336.531033 -16.017907 0.052386609 -0.092624336 0.808736809 -0.578464476
1561000862.476941347 -4.137871 337.494687 -15.977429 0.051593820 -0.094015890 0.805929903 -0.582216524
1561000862.576767206 -3.800152 338.461177 -15.915506 0.053898051 -0.095816980 0.802625637 -0.586264611
1561000862.676773548 -3.489102 339.437776 -15.833573 0.054068299 -0.095710239 0.799420421 -0.590629460
1561000862.775913000 -3.213627 340.398535 -15.724108 0.051698719 -0.096606130 0.796738080 -0.594308783
1561000862.875268936 -2.952842 341.372911 -15.607641 0.046227624 -0.095461700 0.794388740 -0.598077420
1561000862.976788282 -2.679168 342.366558 -15.514203 0.041785837 -0.097813684 0.791909547 -0.601303332
1561000863.075349808 -2.396793 343.344465 -15.437875 0.041891383 -0.098965666 0.789137379 -0.604742181
1561000863.175904512 -2.111449 344.363923 -15.384511 0.043348523 -0.099366144 0.786470212 -0.608039375
1561000863.276897907 -1.848679 345.400683 -15.352332 0.044336592 -0.098248686 0.784123000 -0.611173121
1561000863.377004623 -1.603581 346.439493 -15.317683 0.044583379 -0.095853156 0.782400830 -0.613737270
1561000863.478463173 -1.351459 347.471507 -15.259461 0.046895274 -0.095889091 0.780637572 -0.615801182
1561000863.576821089 -1.120747 348.473323 -15.182833 0.046547552 -0.095434119 0.779143780 -0.617786876
1561000863.678536892 -0.902156 349.485447 -15.094281 0.044655368 -0.093796802 0.778246767 -0.619306086
1561000863.777056456 -0.682390 350.471514 -14.989271 0.041940003 -0.092991516 0.777565971 -0.620471413
1561000863.878280878 -0.454967 351.474846 -14.908050 0.039579665 -0.092562372 0.776924182 -0.621493744
1561000863.978323221 -0.217299 352.472691 -14.837617 0.038721949 -0.090898835 0.776282418 -0.622594266
1561000864.076695681 0.027256 353.498541 -14.770678 0.039420538 -0.090241652 0.775769604 -0.623284836
1561000864.178133965 0.259706 354.534046 -14.711950 0.039400245 -0.088432474 0.775406547 -0.623996799
1561000864.277155161 0.479453 355.544297 -14.659547 0.039776411 -0.089036313 0.774960722 -0.624440751
1561000864.376602411 0.697071 356.533981 -14.587929 0.038789114 -0.088299116 0.774890987 -0.624694028
1561000864.477980614 0.902783 357.519981 -14.523276 0.036998935 -0.088118601 0.775397367 -0.624199579
1561000864.576447248 1.118516 358.500276 -14.445227 0.037064495 -0.088254422 0.775689609 -0.623813282
1561000864.678359270 1.355717 359.494326 -14.355092 0.036618395 -0.087805494 0.776032614 -0.623476279
1561000864.777491808 1.592847 360.456256 -14.265430 0.036506679 -0.087720349 0.776501335 -0.622910973
1561000864.878686428 1.836293 361.433859 -14.173415 0.037376429 -0.087992330 0.777018369 -0.622175864
1561000864.980087280 2.079627 362.428994 -14.083000 0.037742052 -0.087192709 0.777445918 -0.621732107
1561000865.078918457 2.304557 363.406077 -14.011860 0.036906620 -0.086493042 0.778335642 -0.620766046
1561000865.180261612 2.539187 364.374988 -13.925113 0.037057933 -0.086420133 0.779360114 -0.619480494
1561000865.278317451 2.786091 365.325984 -13.832887 0.037991865 -0.090232494 0.780234634 -0.617777169
1561000865.379721403 3.042047 366.285448 -13.731770 0.036978254 -0.092416298 0.781038601 -0.616498613
1561000865.479753494 3.295143 367.229790 -13.636160 0.035799351 -0.094270742 0.782069028 -0.614979243
1561000865.579143524 3.544626 368.180472 -13.556248 0.036239188 -0.094879322 0.782556042 -0.614239918
1561000865.679973841 3.800507 369.151851 -13.497210 0.037168513 -0.092620189 0.783386144 -0.613470579
1561000865.778588295 4.049191 370.114073 -13.455278 0.038545734 -0.090620690 0.784404119 -0.612382474
1561000865.878370285 4.299315 371.077919 -13.404924 0.039309958 -0.088402674 0.785587294 -0.611140163
1561000865.979702473 4.542425 372.010753 -13.345267 0.039146577 -0.088490686 0.786831755 -0.609534850
1561000866.078449965 4.794569 372.914137 -13.273049 0.039272583 -0.089089479 0.787894981 -0.608064329
1561000866.179977417 5.050952 373.820275 -13.190456 0.039595071 -0.088495679 0.789374655 -0.606208215
1561000866.278865099 5.293532 374.706463 -13.097281 0.038690441 -0.086970209 0.791311633 -0.603957889
1561000866.380206108 5.539477 375.593446 -12.997905 0.036931491 -0.086486175 0.793890505 -0.600744599
1561000866.481639385 5.787384 376.457947 -12.906018 0.034792851 -0.088315611 0.796519740 -0.597114825
1561000866.579924583 6.037589 377.311649 -12.840814 0.031300317 -0.088373451 0.799546164 -0.593242239
1561000866.680192709 6.307745 378.191252 -12.797870 0.030697309 -0.087038927 0.802588466 -0.589350197
1561000866.780133963 6.613525 379.065002 -12.738547 0.033629055 -0.086942940 0.805160491 -0.585684723
1561000866.880877972 6.943330 379.939263 -12.677716 0.036281578 -0.085728369 0.807966616 -0.581828361
1561000866.980965137 7.277033 380.813606 -12.632586 0.038670200 -0.085084543 0.810496192 -0.578239707
1561000867.079940796 7.601531 381.680932 -12.595392 0.038256871 -0.081836709 0.813874480 -0.573975170
1561000867.181684256 7.926278 382.547190 -12.562152 0.041348358 -0.081750202 0.816035279 -0.570695752
1561000867.280227900 8.257103 383.379611 -12.522609 0.043170789 -0.082550079 0.818720804 -0.566584514
1561000867.380192757 8.613739 384.216933 -12.478717 0.043139226 -0.083131922 0.821618871 -0.562290424
1561000867.481895447 8.960315 385.038842 -12.423411 0.042883640 -0.086818378 0.824048611 -0.558182272
1561000867.580767632 9.305178 385.841507 -12.358756 0.040085460 -0.087873323 0.827066999 -0.553743275
1561000867.681135893 9.657777 386.654230 -12.319962 0.040716522 -0.088361301 0.830001686 -0.549210020
1561000867.779965639 10.018606 387.465552 -12.286730 0.043693022 -0.086465356 0.833125679 -0.544533070
1561000867.879873276 10.395978 388.288486 -12.265316 0.045654375 -0.083747417 0.836767378 -0.539186798
1561000867.981132507 10.781179 389.092282 -12.246982 0.046700706 -0.083435602 0.840579621 -0.533182375
1561000868.079831362 11.183142 389.860636 -12.216200 0.046119349 -0.084639848 0.844885056 -0.526192307
1561000868.181192636 11.600498 390.624596 -12.178423 0.045376186 -0.086200694 0.849704240 -0.518182542
1561000868.279928923 12.022316 391.370426 -12.145335 0.046596149 -0.087012562 0.854450032 -0.510071324
1561000868.381216049 12.468341 392.121091 -12.129463 0.049210442 -0.086425154 0.859010908 -0.502204426
1561000868.481445551 12.940211 392.870431 -12.122741 0.052625525 -0.086082376 0.863673361 -0.493850893
1561000868.579973698 13.418487 393.605574 -12.119441 0.055045618 -0.085498026 0.868576763 -0.485009767
1561000868.681327343 13.909727 394.345720 -12.119838 0.056462215 -0.084407425 0.873604923 -0.475922098
1561000868.780045271 14.405707 395.046600 -12.123142 0.057008380 -0.084372848 0.878588900 -0.466597056
1561000868.881177425 14.923438 395.725884 -12.115879 0.057463560 -0.084799074 0.883259502 -0.457558421
1561000868.981124640 15.438027 396.386977 -12.099953 0.056188749 -0.085298027 0.887830568 -0.448691379
1561000869.081365108 15.956214 397.043369 -12.080915 0.053702185 -0.085640648 0.892495849 -0.439582659
1561000869.180991888 16.484952 397.706074 -12.121325 0.053823353 -0.082000634 0.896987550 -0.431036284
1561000869.279738665 17.051887 398.364560 -12.173219 0.060975805 -0.083315902 0.900600403 -0.422207682
1561000869.380966187 17.653492 398.995030 -12.182326 0.064941079 -0.083920687 0.904370213 -0.413345488
1561000869.481114626 18.208226 399.590123 -12.169218 0.060945321 -0.083461252 0.908516674 -0.404867065
1561000869.580584049 18.758061 400.152651 -12.175754 0.054054780 -0.081790457 0.913443332 -0.394980608
1561000869.681161165 19.295925 400.684186 -12.219088 0.056188820 -0.083322763 0.916818532 -0.386450402
1561000869.779950619 19.835866 401.189540 -12.258780 0.063316237 -0.083212496 0.919575122 -0.378745732
1561000869.881234646 20.397679 401.690173 -12.305629 0.069011190 -0.080133843 0.922835496 -0.370392590
1561000869.981233120 20.959422 402.170667 -12.349897 0.070703551 -0.078341390 0.926344693 -0.361592512
1561000870.079910994 21.500861 402.623067 -12.379273 0.070581970 -0.078763877 0.929959661 -0.352121380
1561000870.181162357 22.043896 403.039105 -12.400716 0.070124141 -0.080326715 0.933592300 -0.342104722
1561000870.280127525 22.582851 403.446364 -12.423209 0.068579013 -0.081815466 0.937180091 -0.332109357
1561000870.381059885 23.129270 403.847216 -12.449920 0.067600307 -0.081815027 0.940862467 -0.321736410
1561000870.480820656 23.675854 404.238264 -12.480207 0.068037621 -0.081036150 0.944417705 -0.311254273
1561000870.580900669 24.245589 404.622040 -12.522263 0.067599935 -0.080524704 0.947797245 -0.301042194
1561000870.681203842 24.813005 404.999472 -12.573754 0.066716188 -0.080203321 0.951297311 -0.290085855
1561000870.779859543 25.377958 405.347307 -12.622981 0.067903690 -0.079637845 0.954601255 -0.278896658
1561000870.881331921 25.964954 405.682863 -12.665937 0.068776188 -0.078423649 0.957852924 -0.267651532
1561000870.981380463 26.557856 406.006909 -12.718106 0.069623623 -0.076121033 0.961166805 -0.255961935
1561000871.080152988 27.149794 406.316843 -12.748270 0.074486271 -0.075848157 0.963880195 -0.244200374
1561000871.183218241 27.761059 406.646451 -12.791786 0.073710960 -0.068100629 0.967249311 -0.233147527
1561000871.280221224 28.355062 406.924312 -12.862145 0.067797419 -0.066739586 0.970602926 -0.221086631
1561000871.381729126 28.969744 407.143987 -12.949407 0.061436178 -0.069920990 0.973564159 -0.208589258
1561000871.481930494 29.568916 407.314778 -13.008163 0.057124013 -0.076411599 0.976124305 -0.195139579
1561000871.579901457 30.137202 407.480148 -13.065785 0.059304656 -0.076240920 0.978514110 -0.182154922
1561000871.680892229 30.813307 407.712150 -13.154041 0.063897980 -0.075307980 0.980669398 -0.168917993
1561000871.779655457 31.523892 408.000077 -13.241394 0.073357838 -0.072660721 0.982099634 -0.157541603
1561000871.880518675 32.191625 408.227349 -13.382133 0.092926627 -0.067026837 0.982613247 -0.146093298
1561000871.980725050 32.821379 408.372830 -13.493869 0.096602056 -0.065642939 0.984371826 -0.131799683
1561000872.079313993 33.369768 408.459886 -13.553015 0.090422693 -0.064730880 0.986995938 -0.116071820
1561000872.180397987 33.936872 408.515785 -13.616681 0.080565548 -0.061788690 0.989769681 -0.100236366
1561000872.279940605 34.539304 408.549353 -13.699067 0.072814947 -0.064001142 0.991705000 -0.084398047
1561000872.380862713 35.230418 408.604222 -13.777600 0.077061454 -0.065349867 0.992477354 -0.069134861
1561000872.480989456 35.932755 408.653516 -13.880964 0.085474776 -0.064509024 0.992774592 -0.054141088
1561000872.579747677 36.632008 408.703671 -13.975992 0.088676120 -0.061643602 0.993397223 -0.038711362
1561000872.682299614 37.334834 408.742316 -14.090197 0.086802877 -0.059146123 0.994180995 -0.023898672
1561000872.781208038 38.006161 408.761384 -14.192546 0.084789875 -0.057866831 0.994676638 -0.008971814
1561000872.881408930 38.685393 408.732944 -14.309950 0.084514484 -0.056995145 0.994778064 0.005045774
1561000872.982500315 39.368713 408.665267 -14.444098 0.086123663 -0.057361669 0.994466711 0.018119432
1561000873.081057310 40.047355 408.572327 -14.563534 0.088109648 -0.057521630 0.993992325 0.030119936
1561000873.182264090 40.741563 408.473004 -14.685439 0.088960999 -0.057135420 0.993548446 0.041024009
1561000873.281157732 41.435556 408.374276 -14.810288 0.088986427 -0.056488804 0.993137638 0.050676050
1561000873.382464170 42.147981 408.268802 -14.932624 0.088424672 -0.055697141 0.992723080 0.059831366
1561000873.482489347 42.854421 408.168579 -15.063992 0.088475354 -0.054343576 0.992272915 0.067921641
1561000873.581126690 43.571277 408.050911 -15.204086 0.088425819 -0.053506708 0.991778786 0.075450291
1561000873.682338953 44.302606 407.908831 -15.350757 0.088718964 -0.053995424 0.991210900 0.081941384
1561000873.781509399 45.031933 407.758717 -15.480377 0.088389493 -0.054194577 0.990745757 0.087596183
1561000873.882568121 45.769404 407.599615 -15.611372 0.088336817 -0.054130593 0.990392381 0.091593767
1561000873.982624292 46.511127 407.452009 -15.752917 0.088221200 -0.053814661 0.990123511 0.094744055
1561000874.081365585 47.251525 407.301121 -15.888367 0.088441438 -0.053496555 0.989879762 0.097233160
1561000874.182412863 47.999620 407.147685 -16.019881 0.087989017 -0.053068329 0.989782579 0.098854093
1561000874.281491756 48.754070 406.997309 -16.147981 0.087712525 -0.052256151 0.989721304 0.100137643
1561000874.382498264 49.528634 406.842508 -16.279749 0.087585169 -0.051372833 0.989687922 0.101032111
1561000874.482857943 50.298018 406.680431 -16.414410 0.087552455 -0.050737590 0.989655990 0.101692116
1561000874.582432747 51.072485 406.520034 -16.557181 0.087463562 -0.050300183 0.989616830 0.102364772
1561000874.682481766 51.854064 406.353544 -16.699435 0.087387558 -0.050002403 0.989595207 0.102783756
1561000874.781226158 52.632354 406.180457 -16.837448 0.086735132 -0.049960598 0.989599112 0.103317726
1561000874.881537199 53.447868 406.005663 -16.973259 0.086250506 -0.052377969 0.989433668 0.104107709
1561000874.982507706 54.268898 405.823858 -17.100432 0.086432960 -0.053806047 0.989335851 0.104157697
1561000875.082456112 55.080828 405.644460 -17.226148 0.086716809 -0.055374104 0.989226947 0.104134295
1561000875.182357550 55.905020 405.466462 -17.345529 0.086626299 -0.058615527 0.989032018 0.104286965
1561000875.281582117 56.730574 405.284157 -17.479091 0.087045014 -0.059363983 0.988965609 0.104144648
1561000875.382460117 57.565263 405.113501 -17.637226 0.086885123 -0.058803971 0.989026457 0.104017955
1561000875.482754946 58.397823 404.931820 -17.798756 0.086596967 -0.058337486 0.989062331 0.104179696
1561000875.582002640 59.240581 404.748751 -17.948112 0.085687298 -0.058439648 0.989131800 0.104215054
1561000875.682463884 60.105766 404.563747 -18.088845 0.084860257 -0.058184188 0.989160417 0.104761669
1561000875.781257629 60.970055 404.388021 -18.235197 0.084297428 -0.057402797 0.989203257 0.105241528
1561000875.882702351 61.848387 404.201499 -18.388278 0.083616199 -0.057377929 0.989182980 0.105986495
1561000875.982318401 62.725683 404.005607 -18.538574 0.083302518 -0.058512193 0.989087041 0.106507465
1561000876.081493616 63.628245 403.786801 -18.643619 0.082961838 -0.059044361 0.989041796 0.106899122
1561000876.182226419 64.529304 403.613794 -18.795871 0.083599696 -0.056957568 0.989140760 0.106618400
1561000876.281116962 65.441307 403.400353 -18.929013 0.083522524 -0.059261532 0.988869693 0.107929552
1561000876.382312536 66.365046 403.188956 -19.028130 0.084654149 -0.060093355 0.988796538 0.107256095
1561000876.482388258 67.273143 403.016277 -19.177335 0.084990570 -0.057368572 0.988968458 0.106896396
1561000876.581589222 68.201699 402.847902 -19.376826 0.086528744 -0.057233347 0.988938114 0.106011915
1561000876.682989836 69.124652 402.677716 -19.548826 0.085539442 -0.057219781 0.989044973 0.105825056
1561000876.781527281 70.044873 402.507431 -19.698619 0.083934097 -0.056435843 0.989172036 0.106342593
1561000876.882865191 70.977343 402.329241 -19.861755 0.082800213 -0.056482228 0.989280784 0.106195161
1561000876.982937336 71.913285 402.136366 -20.019592 0.081628489 -0.056668008 0.989384766 0.106034483
1561000877.081525326 72.849080 401.931586 -20.177783 0.081498994 -0.056401197 0.989419886 0.105948611
1561000877.182816029 73.816688 401.729281 -20.337101 0.082521651 -0.056770500 0.989316284 0.105927227
1561000877.281802654 74.784186 401.530884 -20.477522 0.084240494 -0.055782484 0.989203893 0.106148531
1561000877.383151293 75.774983 401.320690 -20.640943 0.084346382 -0.055158914 0.989225088 0.106192788
1561000877.483242273 76.747887 401.115274 -20.794847 0.083440748 -0.053946462 0.989383290 0.106057187
1561000877.581598520 77.717129 400.908239 -20.955477 0.082647207 -0.053425888 0.989456875 0.106255386
1561000877.682507992 78.703744 400.696424 -21.126108 0.081747294 -0.053871975 0.989515523 0.106180127
1561000877.781351566 79.684591 400.486599 -21.293187 0.081769884 -0.054088819 0.989513275 0.106073395
1561000877.882533312 80.687882 400.257447 -21.461289 0.081636010 -0.054991956 0.989495095 0.105881551
1561000877.982592583 81.686246 400.032444 -21.612605 0.082440208 -0.056099046 0.989412505 0.105448583
1561000878.081098080 82.675631 399.812607 -21.758769 0.083633529 -0.056126912 0.989351741 0.105063481
1561000878.182423353 83.692391 399.599200 -21.920485 0.083304674 -0.056725207 0.989383136 0.104707174
1561000878.273786545 84.660820 399.396043 -22.074112 0.082648146 -0.056083483 0.989501137 0.104457775
1561000878.374156952 85.709239 399.187905 -22.243442 0.082521245 -0.056838526 0.989495049 0.104207361
1561000878.474678755 86.752109 398.970603 -22.415086 0.082627482 -0.057029014 0.989466967 0.104285719
1561000878.573515654 87.781670 398.759984 -22.581833 0.082626812 -0.057008328 0.989470239 0.104266512
1561000878.674790144 88.835216 398.551260 -22.766743 0.082248682 -0.056556659 0.989492355 0.104601043
1561000878.774005413 89.869841 398.345714 -22.952089 0.081754574 -0.056209173 0.989567447 0.104465245
1561000878.874767780 90.907625 398.132600 -23.130878 0.081665771 -0.055892485 0.989597215 0.104422618
1561000878.974509239 91.953295 397.909728 -23.302782 0.081584651 -0.056612526 0.989578280 0.104277485
1561000879.073204041 92.996753 397.697425 -23.465414 0.081855862 -0.056826146 0.989556506 0.104155307
1561000879.174722672 94.065638 397.477827 -23.629694 0.081581161 -0.056739033 0.989557068 0.104412670
1561000879.273668766 95.124645 397.271537 -23.800120 0.081311649 -0.056509666 0.989573416 0.104592199
1561000879.374314308 96.206420 397.053213 -23.988271 0.081118926 -0.056639129 0.989513752 0.105234330
1561000879.474504948 97.281334 396.834229 -24.173866 0.081321683 -0.056423460 0.989430283 0.105975904
1561000879.574664831 98.354168 396.609425 -24.357724 0.081735904 -0.057133727 0.989300064 0.106491143
1561000879.674535990 99.412572 396.385996 -24.528343 0.081881091 -0.056771022 0.989244700 0.107086230
1561000879.773774862 100.453756 396.152762 -24.688398 0.081692740 -0.056693108 0.989221677 0.107483309
1561000879.874079943 101.501347 395.926975 -24.837401 0.081202807 -0.056355472 0.989154352 0.108645448
1561000879.975158930 102.563080 395.695113 -24.985564 0.081171793 -0.055603275 0.989155892 0.109041448
1561000880.074100971 103.605086 395.473867 -25.145105 0.081627837 -0.054840312 0.989185946 0.108814528
1561000880.174973011 104.658469 395.249208 -25.311581 0.081850200 -0.054787344 0.989110673 0.109357067
1561000880.273698092 105.693526 395.021656 -25.469220 0.081495902 -0.054083309 0.989165226 0.109478628
1561000880.374678135 106.731600 394.793538 -25.628852 0.080687976 -0.053611155 0.989289164 0.109189031
1561000880.474796057 107.768894 394.566711 -25.797835 0.080857550 -0.054422355 0.989216222 0.109323054
1561000880.573714495 108.802903 394.338554 -25.945140 0.079484147 -0.055208977 0.989214677 0.109947998
1561000880.674735546 109.833711 394.107655 -26.113013 0.081831112 -0.054485184 0.989032268 0.110227976
1561000880.773527622 110.829392 393.882998 -26.290705 0.083619626 -0.055186751 0.988829918 0.110352046
1561000880.874761105 111.862801 393.643502 -26.452680 0.082933464 -0.056417698 0.988880234 0.109795115
1561000880.975179672 112.873611 393.417761 -26.579328 0.080911620 -0.056803049 0.988920135 0.110741548
1561000881.074859619 113.875056 393.199128 -26.713409 0.078929643 -0.056681512 0.989190531 0.109815351
1561000881.177103043 114.911839 392.967049 -26.863118 0.077295552 -0.057648994 0.989296552 0.109518596
1561000881.273852110 115.892273 392.744757 -27.009055 0.077712392 -0.058374928 0.989243859 0.109314867
1561000881.374699831 116.902531 392.516494 -27.161161 0.077869097 -0.060526163 0.989149831 0.108883422
1561000881.475251913 117.906279 392.291758 -27.312307 0.078630913 -0.060417975 0.989106326 0.108791195
1561000881.573873281 118.909154 392.082070 -27.472132 0.078535470 -0.059817029 0.989279818 0.107608292
1561000881.675026894 119.934575 391.875378 -27.639110 0.080031034 -0.057241813 0.989352158 0.107241392
1561000881.774398088 120.937402 391.666826 -27.763317 0.077058543 -0.057086419 0.989610455 0.107118011
1561000881.874945164 121.965955 391.445786 -27.925704 0.075786430 -0.058417615 0.989564598 0.107729783
1561000881.975327969 122.967016 391.227471 -28.078156 0.078959162 -0.055610578 0.989498955 0.107539449
1561000882.073587656 123.971333 390.991130 -28.276790 0.083713139 -0.058282714 0.989037877 0.106767563
1561000882.174551725 124.970156 390.766286 -28.443902 0.084218683 -0.057562054 0.988937886 0.107683241
1561000882.273461819 125.962836 390.557159 -28.574145 0.081710238 -0.056969487 0.989114793 0.108304389
1561000882.374654055 126.950462 390.345716 -28.708751 0.079463697 -0.057605076 0.989256956 0.108341365
1561000882.476059198 127.940095 390.135443 -28.843323 0.077700991 -0.057816014 0.989434768 0.107882826
1561000882.573934317 128.908762 389.932390 -28.992492 0.077443570 -0.058040647 0.989509352 0.107261448
1561000882.674268007 129.899737 389.717662 -29.153192 0.078128583 -0.057924656 0.989508869 0.106830972
1561000882.773942709 130.884257 389.510185 -29.314030 0.079046664 -0.057867982 0.989455191 0.106683391
1561000882.874753714 131.869781 389.302973 -29.463496 0.078627264 -0.057843343 0.989523141 0.106376001
1561000882.974470854 132.837074 389.094984 -29.612438 0.077928613 -0.058006822 0.989594022 0.106141467
1561000883.074517488 133.808338 388.874845 -29.752066 0.077597972 -0.058335239 0.989618380 0.105976495
1561000883.175595522 134.766299 388.672099 -29.896770 0.077565307 -0.058903276 0.989643866 0.105446890
1561000883.273810387 135.712565 388.472404 -30.031483 0.078261832 -0.059776998 0.989523424 0.105570776
1561000883.375815630 136.665268 388.272382 -30.171966 0.079348204 -0.059888208 0.989360085 0.106225640
1561000883.475813627 137.594297 388.073653 -30.313477 0.079582555 -0.059410870 0.989273470 0.107121270
1561000883.576452732 138.506141 387.890168 -30.444209 0.079287459 -0.058944839 0.989279963 0.107536781
1561000883.675305128 139.391369 387.707467 -30.570965 0.078882319 -0.058554903 0.989265820 0.108175972
1561000883.773794651 140.266870 387.533133 -30.695326 0.078365441 -0.058124072 0.989268334 0.108759430
1561000883.873672485 141.125420 387.351886 -30.824829 0.077964001 -0.057177545 0.989389631 0.108445842
1561000883.975191116 141.986812 387.160777 -30.955780 0.078296756 -0.056335322 0.989335440 0.109139075
1561000884.073542595 142.821979 386.975025 -31.085314 0.078219868 -0.056189578 0.989288600 0.109692525
1561000884.175341845 143.663139 386.789122 -31.211218 0.078514279 -0.055446892 0.989281977 0.109919604
1561000884.273957491 144.477759 386.614678 -31.332370 0.078526563 -0.055059812 0.989254357 0.110353129
1561000884.375401020 145.281322 386.437321 -31.438099 0.078945982 -0.055310422 0.989213504 0.110294756
1561000884.475575209 146.065856 386.258950 -31.550809 0.079374668 -0.053909732 0.989242968 0.110416272
1561000884.573482752 146.816060 386.091011 -31.659044 0.078867126 -0.053353757 0.989334013 0.110234128
1561000884.675538540 147.567973 385.920322 -31.758045 0.076842179 -0.053436640 0.989532674 0.109840306
1561000884.773894072 148.284311 385.754928 -31.846177 0.074087968 -0.053730799 0.989671991 0.110332792
1561000884.874586344 148.990316 385.582232 -31.938235 0.073153185 -0.053410449 0.989662888 0.111190395
1561000884.976379633 149.714695 385.419925 -32.050497 0.073853108 -0.053953838 0.989562219 0.111361197
1561000885.074208736 150.440129 385.259231 -32.183800 0.076657512 -0.054344741 0.989337014 0.111276899
1561000885.175137281 151.170934 385.084174 -32.297321 0.078518141 -0.056075442 0.989127014 0.110987370
1561000885.272998810 151.866992 384.921966 -32.364589 0.074109871 -0.055552411 0.989442544 0.111467973
1561000885.384082079 152.656079 384.740151 -32.464901 0.067434351 -0.055721618 0.989964749 0.110984255
1561000885.475194454 153.312532 384.582825 -32.563156 0.068112568 -0.055861317 0.989967470 0.110474435
1561000885.575263500 154.066027 384.422144 -32.710684 0.074281838 -0.056843162 0.989559832 0.109646719
1561000885.675353765 154.817313 384.291399 -32.865880 0.087287941 -0.058423908 0.988386726 0.109814125
1561000885.773901939 155.531722 384.159845 -32.981984 0.087634518 -0.057285864 0.988329847 0.110646438
1561000885.875485420 156.260530 383.997053 -33.042357 0.078649630 -0.054153929 0.989211392 0.111096402
1561000885.976753712 156.976383 383.811490 -33.071849 0.068351803 -0.052017163 0.990148617 0.110580115
1561000886.074940681 157.672936 383.650523 -33.135996 0.064652965 -0.051201257 0.990471871 0.110290066
1561000886.176446915 158.401210 383.481596 -33.232031 0.070144279 -0.050322244 0.990219135 0.109606185
1561000886.274989843 159.135852 383.333473 -33.363441 0.073663558 -0.049808224 0.989984954 0.109647675
1561000886.375098705 159.889452 383.200269 -33.525458 0.075487721 -0.049836927 0.989881448 0.109327959
1561000886.476557970 160.621509 383.057945 -33.649510 0.074920607 -0.049421663 0.989940613 0.109370856
1561000886.574828625 161.322389 382.907317 -33.746329 0.074692840 -0.048386703 0.989994391 0.109502570
1561000886.676226377 162.034282 382.753574 -33.832443 0.074437162 -0.048414812 0.990029388 0.109347728
1561000886.774973154 162.729742 382.594357 -33.909095 0.073793226 -0.047740713 0.990110308 0.109347898
1561000886.876623154 163.452681 382.430979 -34.004959 0.073182585 -0.047687413 0.990140014 0.109512427
1561000886.976472139 164.175988 382.262142 -34.106978 0.072541147 -0.048662577 0.990107282 0.109805766
1561000887.075990915 164.893712 382.085217 -34.210256 0.073220118 -0.048387868 0.990050082 0.109992110
1561000887.176639557 165.630020 381.901885 -34.316823 0.073124907 -0.049993829 0.989952193 0.110218058
1561000887.275185823 166.367026 381.733492 -34.407510 0.073522158 -0.050475144 0.989843358 0.110710785
1561000887.378247261 167.127637 381.555045 -34.517036 0.073357121 -0.050085231 0.989827448 0.111138768
1561000887.478944063 167.862456 381.381159 -34.608383 0.073309900 -0.051570921 0.989727767 0.111377941
1561000887.577681780 168.585439 381.205550 -34.693295 0.073551451 -0.051973617 0.989659250 0.111640031
1561000887.678479433 169.328130 381.035348 -34.798498 0.073990615 -0.053077142 0.989522146 0.112045205
1561000887.776760101 170.069056 380.880293 -34.910085 0.073510278 -0.053365421 0.989472659 0.112659788
1561000887.878473759 170.829510 380.708873 -35.035930 0.072965727 -0.053455621 0.989488152 0.112834821
1561000887.978257179 171.563289 380.544255 -35.144676 0.072698077 -0.054188142 0.989471990 0.112799895
1561000888.078023195 172.306054 380.383544 -35.252526 0.072306094 -0.054726836 0.989405516 0.113373400
1561000888.177973509 173.065054 380.210550 -35.359099 0.072598200 -0.052553578 0.989446650 0.113854948
1561000888.276301146 173.817967 380.041385 -35.477282 0.072501704 -0.053633628 0.989374062 0.114043420
1561000888.377857208 174.592248 379.838865 -35.570204 0.071176246 -0.055623409 0.989312872 0.114455315
1561000888.479705334 175.374583 379.634047 -35.650180 0.070047410 -0.057151522 0.989272464 0.114747789
1561000888.579263449 176.136010 379.459004 -35.724936 0.069056342 -0.057158305 0.989385067 0.114373686
1561000888.679278135 176.922536 379.300037 -35.839001 0.070597439 -0.055728153 0.989351344 0.114430292
1561000888.777811289 177.703860 379.142401 -35.967566 0.072223101 -0.055874887 0.989258229 0.114148923
1561000888.880573273 178.490849 378.990374 -36.087875 0.071756017 -0.054702280 0.989385142 0.113911257
1561000888.981976509 179.273862 378.830045 -36.200626 0.070419274 -0.053750454 0.989581027 0.113496280
1561000889.081449509 180.048509 378.666237 -36.299783 0.069135729 -0.052622364 0.989789702 0.112993287
1561000889.182441235 180.831339 378.487461 -36.410589 0.069400977 -0.052313115 0.989828115 0.112637224
1561000889.281175613 181.605851 378.308986 -36.536726 0.070098127 -0.052068728 0.989877231 0.111884621
1561000889.374353409 182.365315 378.119753 -36.658828 0.070857567 -0.052800008 0.989840138 0.111390597
1561000889.474227905 183.147071 377.930243 -36.768507 0.070180363 -0.054112732 0.989861526 0.110998597
1561000889.572932482 183.928403 377.739769 -36.864072 0.070076539 -0.054186022 0.989908439 0.110609384
1561000889.674304962 184.710444 377.569738 -36.963358 0.070034173 -0.054013154 0.989981695 0.110063792
1561000889.772947550 185.488153 377.406090 -37.061010 0.070384816 -0.053915540 0.989972624 0.109969525
1561000889.872776985 186.267641 377.243244 -37.167457 0.070825298 -0.053993901 0.990054972 0.108901740
1561000889.972992659 187.034097 377.076792 -37.271427 0.070603831 -0.054272326 0.990103993 0.108460579
1561000890.074007034 187.810637 376.912487 -37.369773 0.070462648 -0.054171750 0.990145927 0.108219594
1561000890.174022913 188.587876 376.742160 -37.479265 0.070706290 -0.054246591 0.990142417 0.108055182
1561000890.272930622 189.363715 376.570810 -37.584698 0.070864410 -0.054421524 0.990198137 0.107350743
1561000890.374386311 190.140264 376.412360 -37.678519 0.071038262 -0.053786725 0.990234161 0.107223410
1561000890.474459648 190.897152 376.250623 -37.788717 0.071066363 -0.053813780 0.990249893 0.107045776
1561000890.574253082 191.641276 376.104011 -37.886458 0.070637233 -0.053247165 0.990315379 0.107007336
1561000890.674338579 192.395076 375.935069 -37.984414 0.069673715 -0.052922594 0.990414160 0.106885757
1561000890.772882700 193.158976 375.769397 -38.074377 0.069281639 -0.053101433 0.990471708 0.106518019
1561000890.874150753 193.921821 375.612042 -38.168689 0.068640192 -0.052348867 0.990556151 0.106520569
1561000890.974398613 194.695013 375.451779 -38.271856 0.069820692 -0.053140015 0.990486510 0.106007938
1561000891.072658539 195.445622 375.295768 -38.378502 0.071512624 -0.052841879 0.990402424 0.105814552
1561000891.173900366 196.200529 375.127571 -38.470823 0.066068129 -0.052170332 0.990783696 0.106117513
1561000891.272727966 196.925224 374.954617 -38.531238 0.052720156 -0.053566031 0.991466585 0.106514202
1561000891.374381542 197.662361 374.780145 -38.585450 0.041880462 -0.055811025 0.991917463 0.105975954
1561000891.474230051 198.428324 374.620160 -38.656915 0.040531311 -0.056179714 0.991937474 0.106118333
1561000891.573796511 199.239556 374.474243 -38.747288 0.037907216 -0.056166894 0.992140287 0.105194930
1561000891.673937082 200.106711 374.324150 -38.966994 0.040114742 -0.058215236 0.992203852 0.102631910
1561000891.773241997 200.964638 374.169039 -39.123737 0.043672456 -0.061321139 0.991904374 0.102265087
1561000891.873676777 201.762086 374.001798 -39.253318 0.063543674 -0.055771006 0.991210377 0.101753555
1561000891.973923445 202.452478 373.821747 -39.399127 0.076481093 -0.058286927 0.990162006 0.101648801
1561000892.072574139 203.115900 373.628161 -39.404473 0.067964118 -0.059817831 0.990729668 0.101278978
1561000892.173717737 203.851140 373.461342 -39.416307 0.052868429 -0.061042118 0.991505507 0.101958907
1561000892.272802114 204.642143 373.298332 -39.475952 0.054541606 -0.057504909 0.991687504 0.101362189
1561000892.374202013 205.462264 373.147149 -39.578102 0.060041332 -0.056170207 0.991489162 0.100941503
1561000892.474758148 206.304267 373.007131 -39.724679 0.071230989 -0.056599163 0.990794752 0.100241908
1561000892.574896812 207.109164 372.864637 -39.849758 0.070989855 -0.056947019 0.990811231 0.100052899
1561000892.674346447 207.921777 372.702164 -39.949983 0.068006388 -0.056965738 0.990945781 0.100779438
1561000892.773446083 208.731640 372.538476 -40.041277 0.064005808 -0.057012363 0.991181398 0.101055844
1561000892.873511553 209.540457 372.373410 -40.142811 0.062102152 -0.056395843 0.991392696 0.100515445
1561000892.974546432 210.368681 372.205352 -40.244209 0.063718305 -0.055709213 0.991330488 0.100500371
1561000893.073239803 211.186851 372.038909 -40.351919 0.065570843 -0.055341811 0.991275891 0.100049269
1561000893.174404860 212.022532 371.877422 -40.457706 0.066290730 -0.055581797 0.991233130 0.099865336
1561000893.273355722 212.861093 371.710003 -40.562240 0.065997665 -0.056087251 0.991226376 0.099843875
1561000893.374572277 213.709276 371.532878 -40.657469 0.064750797 -0.055099340 0.991363162 0.099852279
1561000893.474776506 214.545887 371.361326 -40.757929 0.063733373 -0.054567049 0.991429017 0.100144884
1561000893.573412180 215.382505 371.190277 -40.862962 0.064351445 -0.055143755 0.991382438 0.099894544
1561000893.674566269 216.249807 371.019155 -40.969256 0.064427632 -0.055099209 0.991323253 0.100455791
1561000893.774363518 217.103027 370.843968 -41.079765 0.063334029 -0.054764460 0.991376299 0.100810165
1561000893.874449015 217.965060 370.665478 -41.186273 0.062418016 -0.054450970 0.991382698 0.101486101
1561000893.974334002 218.826852 370.487021 -41.279947 0.061319423 -0.054126652 0.991406272 0.102097199
1561000894.073254347 219.695861 370.304703 -41.373473 0.061624717 -0.053187803 0.991404662 0.102421908
1561000894.174427748 220.590731 370.120307 -41.477394 0.062155617 -0.053592332 0.991298339 0.102918143
1561000894.273726225 221.487800 369.946997 -41.586977 0.064258781 -0.052702521 0.991138557 0.103622455
1561000894.374350548 222.376438 369.762699 -41.708395 0.064898655 -0.052094343 0.991128858 0.103623989
1561000894.474470139 223.269826 369.567844 -41.823729 0.065260003 -0.052576331 0.991037967 0.104022162
1561000894.573035717 224.163605 369.371751 -41.937230 0.064923088 -0.052626977 0.991004509 0.104524914
1561000894.674112320 225.072805 369.168145 -42.050350 0.062822545 -0.052429004 0.991105636 0.104948302
1561000894.772969007 225.965189 368.969662 -42.156423 0.062125542 -0.053018178 0.991044644 0.105640922
1561000894.874164343 226.878930 368.763322 -42.261841 0.062761171 -0.054171300 0.990948953 0.105577833
1561000894.974096775 227.790133 368.563983 -42.373036 0.063629140 -0.054748074 0.990869388 0.105507517
1561000895.073106050 228.701470 368.378147 -42.482498 0.064039108 -0.054949377 0.990805095 0.105758325
1561000895.174054384 229.630308 368.178777 -42.591674 0.064479608 -0.055337278 0.990807189 0.105267660
1561000895.272902727 230.566258 367.981698 -42.698436 0.063504571 -0.055677977 0.990836435 0.105405366
1561000895.372933149 231.505182 367.784022 -42.802168 0.062795435 -0.055710241 0.990870312 0.105494676
1561000895.474508524 232.450761 367.577411 -42.905585 0.062577679 -0.056050122 0.990928230 0.104898340
1561000895.572728872 233.384393 367.375073 -43.007549 0.062654552 -0.055228593 0.990973560 0.104859968
1561000895.674150229 234.349123 367.171862 -43.121504 0.062802618 -0.055409613 0.990945569 0.104940392
1561000895.773607731 235.301318 366.968510 -43.233908 0.062922631 -0.055222656 0.990975845 0.104680830
1561000895.874512434 236.272976 366.768587 -43.352408 0.063020594 -0.054934260 0.991001845 0.104527390
1561000895.974783421 237.247316 366.566556 -43.462755 0.062804738 -0.054710958 0.991044294 0.104371851
1561000896.073112726 238.205921 366.363560 -43.572195 0.062763090 -0.055471305 0.990982792 0.104579323
1561000896.175100088 239.192113 366.153400 -43.693531 0.063004310 -0.054512531 0.991009185 0.104688282
1561000896.274511337 240.168573 365.949625 -43.819281 0.064267839 -0.054843225 0.990960534 0.104206938
1561000896.373483896 241.148890 365.744155 -43.940159 0.065509008 -0.053671694 0.990982967 0.103830041
1561000896.475365639 242.132690 365.536693 -44.061718 0.065635656 -0.053637131 0.990961287 0.103974738
1561000896.575764894 243.118473 365.333190 -44.175128 0.065439595 -0.053441503 0.991004966 0.103782574
1561000896.675296783 244.107695 365.130425 -44.291169 0.064443188 -0.053811057 0.991082398 0.103475247
1561000896.773470402 245.089346 364.930810 -44.406212 0.063701949 -0.053792437 0.991131348 0.103475056
1561000896.875215054 246.092654 364.718110 -44.527316 0.063739061 -0.053096361 0.991214426 0.103014899
1561000896.975450277 247.105879 364.506237 -44.650876 0.063819298 -0.052675105 0.991175012 0.103559283
1561000897.075296640 248.121080 364.300613 -44.771751 0.063679747 -0.052391457 0.991217375 0.103383464
1561000897.175433874 249.137506 364.092250 -44.894520 0.063769715 -0.052402019 0.991175441 0.103724138
1561000897.273679495 250.147553 363.874115 -45.018441 0.064030114 -0.052473893 0.991162417 0.103651811
1561000897.375674486 251.178742 363.659541 -45.145520 0.063460905 -0.052623151 0.991094817 0.104568543
1561000897.475642443 252.190057 363.445086 -45.266158 0.063419625 -0.053470301 0.990975627 0.105290948
1561000897.573755264 253.201704 363.225040 -45.390296 0.062532819 -0.055017258 0.990853436 0.106170694
1561000897.675775766 254.229756 363.001779 -45.511189 0.062784178 -0.055161678 0.990746981 0.106938090
1561000897.773897648 255.233064 362.773729 -45.636768 0.063107510 -0.055110676 0.990651065 0.107660219
1561000897.875375271 256.250548 362.543782 -45.757802 0.062875397 -0.054578288 0.990662276 0.107963653
1561000897.975366354 257.254539 362.320777 -45.874597 0.061548328 -0.055360482 0.990691564 0.108061305
1561000898.075273514 258.273946 362.095801 -45.979370 0.061324525 -0.056529155 0.990657692 0.107893908
1561000898.176243782 259.304622 361.863296 -46.086769 0.061390602 -0.056810087 0.990691387 0.107398251
1561000898.273319721 260.319411 361.642838 -46.198218 0.061826833 -0.056020048 0.990734391 0.107166059
1561000898.375325680 261.370357 361.418576 -46.317722 0.062594351 -0.054724923 0.990785156 0.106920081
1561000898.475453138 262.418769 361.202342 -46.446965 0.062692733 -0.053858643 0.990846231 0.106736192
1561000898.574453592 263.455443 360.984661 -46.565891 0.061884396 -0.053691943 0.990921987 0.106588522
1561000898.675634623 264.518594 360.761752 -46.685639 0.060784835 -0.053672674 0.990964762 0.106832992
1561000898.774011374 265.552109 360.540568 -46.803844 0.060096993 -0.054059471 0.991012736 0.106581805
1561000898.874293566 266.609798 360.309234 -46.930829 0.060389233 -0.054551726 0.990995476 0.106325989
1561000898.976026773 267.685973 360.078746 -47.060097 0.060306952 -0.055338375 0.990936413 0.106516486
1561000899.074521780 268.726741 359.858211 -47.176481 0.060742510 -0.053786575 0.991067755 0.105839773
1561000899.175762892 269.788847 359.656158 -47.312680 0.062691009 -0.053985979 0.991001268 0.105222805
1561000899.284596443 270.935615 359.390915 -47.458299 0.064413303 -0.054514502 0.990831899 0.105504712
1561000899.375591516 271.889175 359.218093 -47.548806 0.064714610 -0.054653350 0.990952138 0.104109989
1561000899.476042747 272.948250 359.004624 -47.662112 0.062156856 -0.055432104 0.991024400 0.104567895
1561000899.575442553 273.985897 358.765561 -47.762894 0.058157020 -0.057511674 0.991222708 0.103863911
1561000899.675481558 275.051245 358.517309 -47.886728 0.055977820 -0.056729979 0.991236502 0.105348893
1561000899.773393154 276.108647 358.289672 -48.013363 0.058746457 -0.057847636 0.991079005 0.104713468
1561000899.875236511 277.175879 358.063473 -48.137254 0.061234631 -0.060590293 0.990745093 0.104896599
1561000899.976374626 278.241661 357.844534 -48.251775 0.062108307 -0.059018204 0.990755149 0.105183860
1561000900.076395988 279.300503 357.633076 -48.364042 0.061658898 -0.057100875 0.990868409 0.105439396
1561000900.176390409 280.358715 357.415430 -48.485414 0.062166786 -0.054922901 0.990972474 0.105320091
1561000900.276481152 281.418387 357.198482 -48.615739 0.062923105 -0.053846011 0.990962084 0.105524590
1561000900.376388550 282.480740 356.980726 -48.739528 0.063151187 -0.052942984 0.990990605 0.105577410
1561000900.476359606 283.536808 356.757568 -48.868222 0.062553436 -0.052996263 0.991011505 0.105710263
1561000900.574640989 284.568353 356.534969 -48.978377 0.061987356 -0.053471627 0.991007698 0.105839947
1561000900.676495790 285.617674 356.305507 -49.092713 0.061136849 -0.053294645 0.991033722 0.106179703
1561000900.774822235 286.642559 356.083004 -49.196486 0.060373946 -0.052125032 0.991130113 0.106297072
1561000900.875185251 287.673133 355.860424 -49.307967 0.060207233 -0.051768734 0.991143950 0.106436634
1561000900.976705074 288.717895 355.635019 -49.432734 0.060342051 -0.050379331 0.991194864 0.106552809
1561000901.076611757 289.763231 355.405683 -49.569248 0.060405719 -0.049554045 0.991209138 0.106770734
1561000901.176311016 290.792389 355.179204 -49.701356 0.060348188 -0.049959311 0.991157002 0.107097904
1561000901.274628162 291.804576 354.951349 -49.829993 0.060526673 -0.049790448 0.991104845 0.107557519
1561000901.376378059 292.812842 354.729734 -49.955244 0.060362187 -0.050663478 0.991072409 0.107541151
1561000901.476418257 293.775344 354.518661 -50.061247 0.060386492 -0.050883432 0.991015900 0.107943663
1561000901.576427460 294.714555 354.312480 -50.160311 0.059915716 -0.050708754 0.991020378 0.108246659
1561000901.676518917 295.651950 354.108539 -50.241815 0.059650676 -0.052203572 0.990929650 0.108512730
1561000901.774971485 296.557444 353.915542 -50.333717 0.059494829 -0.051932837 0.990951869 0.108525297
1561000901.876801014 297.469673 353.718079 -50.421542 0.059340365 -0.053329352 0.990865322 0.108722651
1561000901.976861477 298.350419 353.525465 -50.509852 0.059173979 -0.052443254 0.990858901 0.109301339
1561000902.075324059 299.216196 353.333825 -50.601067 0.059312961 -0.051964074 0.990850447 0.109531269
1561000902.177004576 300.074301 353.147708 -50.688234 0.058928634 -0.052154893 0.990846371 0.109684785
1561000902.275058031 300.892677 352.967642 -50.767572 0.058914794 -0.050602455 0.990913963 0.109808726
1561000902.376640797 301.726458 352.782107 -50.842367 0.057841220 -0.050534416 0.990930899 0.110257062
1561000902.477835894 302.534643 352.601252 -50.908856 0.058103518 -0.049543682 0.990917469 0.110688637
1561000902.576882124 303.324415 352.424874 -50.981550 0.057373266 -0.050000235 0.990913452 0.110900024
1561000902.677629948 304.104261 352.253243 -51.063016 0.058107326 -0.048472620 0.990941493 0.110945487
1561000902.777843237 304.860245 352.087709 -51.137773 0.057640978 -0.048686225 0.990994292 0.110623158
1561000902.877610207 305.603465 351.921077 -51.213963 0.056950643 -0.048423937 0.991037200 0.110711405
1561000902.977677107 306.348103 351.751868 -51.287949 0.056511589 -0.048535259 0.991041172 0.110851989
1561000903.078867435 307.100185 351.583220 -51.358588 0.056519140 -0.047349295 0.991127744 0.110586740
1561000903.178148746 307.827112 351.428039 -51.440677 0.056641868 -0.047079160 0.991150628 0.110434075
1561000903.276789665 308.542365 351.274869 -51.524212 0.056837785 -0.047417987 0.991150738 0.110187186
1561000903.378216505 309.259049 351.114373 -51.605727 0.057797375 -0.044854452 0.991217705 0.110158986
1561000903.477745295 309.957023 350.958078 -51.693427 0.057640518 -0.044268385 0.991254901 0.110143553
1561000903.578217983 310.646615 350.792816 -51.771009 0.056990834 -0.046769771 0.991163067 0.110274238
1561000903.678007841 311.320277 350.622376 -51.827727 0.055854286 -0.049281458 0.991116529 0.110180139
1561000903.776324034 312.007347 350.466201 -51.886295 0.055439854 -0.048853084 0.991168753 0.110110411
1561000903.877840519 312.715104 350.328198 -51.945519 0.055831560 -0.046206698 0.991269301 0.110149672
1561000903.977886915 313.411676 350.172918 -52.026871 0.055866019 -0.046074895 0.991322913 0.109704029
1561000904.077998877 314.093956 350.002123 -52.105177 0.057173366 -0.049003255 0.991110856 0.109677518
1561000904.178301573 314.771770 349.847974 -52.151994 0.057944338 -0.051413764 0.990954594 0.109581348
1561000904.276691914 315.398503 349.723895 -52.145419 0.052652574 -0.047453110 0.991470104 0.109375236
1561000904.378050804 316.061737 349.573446 -52.189998 0.039828343 -0.044117420 0.992266363 0.108971653
1561000904.477896452 316.735281 349.409780 -52.242449 0.030476996 -0.046177920 0.992485229 0.109141298
1561000904.577705622 317.431988 349.237533 -52.310399 0.032673369 -0.049565177 0.992319149 0.108528575
1561000904.677793264 318.170112 349.068439 -52.445228 0.040519475 -0.048328270 0.992207453 0.107456599
1561000904.776364565 318.889779 348.926737 -52.562064 0.059706990 -0.046830580 0.991299746 0.107548988
1561000904.877741337 319.584369 348.801663 -52.649699 0.069097394 -0.047270150 0.990674735 0.107492568
1561000904.977763891 320.228125 348.669400 -52.678838 0.062801651 -0.047874689 0.991005358 0.108038641
1561000905.077857494 320.878849 348.502133 -52.711560 0.049611712 -0.049330288 0.991624328 0.108565151
1561000905.176552773 321.536900 348.324787 -52.743518 0.043346606 -0.050789899 0.991866730 0.108359808
1561000905.278072596 322.238670 348.157326 -52.793315 0.044996016 -0.051243748 0.991794365 0.108135911
1561000905.378334284 322.959850 348.001266 -52.878531 0.048312257 -0.051973561 0.991617582 0.107977991
1561000905.478183031 323.693735 347.851199 -52.968872 0.049845301 -0.051742031 0.991536498 0.108136864
1561000905.577030659 324.413548 347.701962 -53.049573 0.051093400 -0.052566437 0.991436577 0.108072882
1561000905.677883863 325.114535 347.554262 -53.110894 0.049429781 -0.052440747 0.991515599 0.108182632
1561000905.776641369 325.811662 347.399667 -53.163235 0.047290838 -0.052478621 0.991623320 0.108133080
1561000905.877971649 326.525292 347.250808 -53.210976 0.045988108 -0.052292421 0.991693029 0.108145884
1561000905.977533102 327.234345 347.103103 -53.272688 0.046508461 -0.051464283 0.991706481 0.108197256
1561000906.078119040 327.961291 346.964791 -53.350445 0.047129834 -0.050688955 0.991727319 0.108103342
1561000906.178721428 328.696365 346.810627 -53.433230 0.048192475 -0.050634271 0.991666951 0.108214206
1561000906.276639462 329.427541 346.647289 -53.506873 0.048783471 -0.050708766 0.991629097 0.108261383
1561000906.378276587 330.162446 346.478997 -53.573103 0.049164540 -0.050716579 0.991599883 0.108352888
1561000906.478168726 330.876896 346.315431 -53.635819 0.048123344 -0.050551593 0.991622174 0.108692888
1561000906.578036547 331.592868 346.153320 -53.696270 0.047581955 -0.050378452 0.991592115 0.109284244
1561000906.678007603 332.318014 345.971854 -53.763995 0.049123719 -0.051744434 0.991391445 0.109783313
1561000906.777500391 333.060374 345.801268 -53.833387 0.053295062 -0.054622361 0.990938295 0.110532026
1561000906.878040791 333.786007 345.650782 -53.897059 0.054719096 -0.052792876 0.990885768 0.111194102
1561000906.977992773 334.478001 345.500378 -53.947227 0.049997459 -0.051159316 0.991173453 0.111616145
1561000907.079102039 335.175103 345.331762 -53.972267 0.040963061 -0.051159338 0.991505523 0.112345665
1561000907.178063393 335.878249 345.150020 -53.990835 0.035913002 -0.051625226 0.991609535 0.112940793
1561000907.276420355 336.626901 344.963566 -54.052203 0.042312319 -0.050819682 0.991347337 0.113390854
1561000907.377606869 337.412200 344.794286 -54.164822 0.051883704 -0.050937220 0.990815995 0.114005021
1561000907.477785587 338.155979 344.632434 -54.255595 0.053462627 -0.052122588 0.990582494 0.114766309
1561000907.577859640 338.875763 344.458158 -54.319967 0.051193604 -0.050674737 0.990638862 0.115956590
1561000907.677623034 339.572431 344.294360 -54.354394 0.046881130 -0.053133746 0.990652081 0.116565089
1561000907.776280403 340.290974 344.111248 -54.387458 0.047727569 -0.050831795 0.990640350 0.117345240
1561000907.877931356 341.021820 343.930299 -54.439817 0.047685651 -0.050371449 0.990444587 0.119198640
1561000907.978022575 341.722180 343.752342 -54.473252 0.041822342 -0.051550435 0.990485274 0.120550263
1561000908.076317787 342.406491 343.569714 -54.505402 0.033064671 -0.051303369 0.990573107 0.122636093
1561000908.177801371 343.122438 343.391976 -54.578887 0.029345014 -0.046314646 0.990677630 0.124706286
1561000908.276401997 343.894050 343.210180 -54.659668 0.027205989 -0.048980852 0.990272123 0.127364955
1561000908.378021479 344.710272 343.008658 -54.734173 0.033305049 -0.053567968 0.989605605 0.129236194
1561000908.478017330 345.540186 342.811303 -54.878049 0.047955725 -0.058851496 0.988472903 0.130988812
1561000908.577906132 346.269081 342.608687 -54.994855 0.062430256 -0.056134131 0.987649765 0.132285159
1561000908.677781343 346.911350 342.398924 -55.049039 0.052231664 -0.050830721 0.988019130 0.136037826
1561000908.776567698 347.553758 342.178627 -55.057165 0.037606499 -0.048931338 0.988190076 0.140256368
1561000908.877799988 348.245310 341.958129 -55.106580 0.037296044 -0.049333778 0.987645529 0.143984351
1561000908.978146315 348.981371 341.730672 -55.177059 0.042553889 -0.047310695 0.986905000 0.148220730
1561000909.077977180 349.747422 341.503151 -55.265872 0.048097298 -0.048655235 0.985998553 0.152072913
1561000909.178005219 350.502707 341.277128 -55.339679 0.050894495 -0.047597987 0.985258889 0.156234131
1561000909.276520014 351.256775 341.027770 -55.403943 0.049730576 -0.047218933 0.984667113 0.160399249
1561000909.377993584 352.005198 340.760558 -55.466018 0.047404632 -0.047430941 0.984107920 0.164422350
1561000909.478521347 352.742544 340.492016 -55.533566 0.048000796 -0.047406734 0.983351715 0.168724418
1561000909.576509714 353.461572 340.213080 -55.606500 0.049459711 -0.046748891 0.982488047 0.173451766
1561000909.678056717 354.218496 339.912993 -55.692052 0.050027527 -0.048940997 0.981609435 0.177608957
1561000909.776858568 354.965647 339.606736 -55.762215 0.051685291 -0.050791451 0.980673697 0.181735961
1561000909.878360987 355.714848 339.301400 -55.842755 0.052551002 -0.050457104 0.979784991 0.186316516
1561000909.978387594 356.454113 338.994938 -55.930805 0.051874156 -0.051481066 0.978943734 0.190598891
1561000910.078292370 357.194706 338.670573 -56.016176 0.050360462 -0.053458646 0.977995703 0.195270075
1561000910.178112507 357.947768 338.334459 -56.098479 0.049652875 -0.059657879 0.976696207 0.200100097
1561000910.276209354 358.688604 337.998809 -56.165670 0.050368807 -0.060317725 0.975534869 0.205320419
1561000910.376380920 359.453819 337.656614 -56.247673 0.051126440 -0.056375268 0.974901980 0.209222481
1561000910.476010084 360.214046 337.303232 -56.327947 0.050994500 -0.053256070 0.974047732 0.213996187
1561000910.579078913 360.973845 336.938039 -56.425988 0.048735179 -0.056250236 0.973113506 0.217969947
1561000910.679073811 361.715236 336.562401 -56.500242 0.049846689 -0.056686963 0.972032420 0.222384510
1561000910.777595758 362.470277 336.192098 -56.579927 0.050111542 -0.054612983 0.971050407 0.227084482
1561000910.878258944 363.241889 335.805135 -56.660801 0.050736118 -0.050635437 0.970237769 0.231301905
1561000910.978969812 364.007182 335.407391 -56.755752 0.048867004 -0.051361861 0.969072658 0.236372922
1561000911.077650785 364.764352 334.995095 -56.840485 0.048854519 -0.050723514 0.967965237 0.241005520
1561000911.179332495 365.535139 334.568894 -56.931881 0.049472205 -0.050419439 0.966690492 0.246007875
1561000911.278061867 366.307147 334.146243 -57.032982 0.048957318 -0.049476954 0.965407928 0.251282199
1561000911.379423380 367.080849 333.706298 -57.132057 0.048933616 -0.048150457 0.963906237 0.257238800
1561000911.478348017 367.825535 333.259454 -57.220592 0.048821325 -0.048127008 0.962185790 0.263626204
1561000911.579762697 368.571056 332.788496 -57.304969 0.047774677 -0.048569792 0.960534082 0.269690255
1561000911.679598093 369.305049 332.312106 -57.375088 0.047373519 -0.047648710 0.958847800 0.275855482
1561000911.778174877 370.040095 331.825916 -57.447183 0.046941674 -0.047106820 0.957179910 0.281751745
1561000911.878362656 370.787771 331.324130 -57.532447 0.046429249 -0.046478796 0.955425336 0.287830633
1561000911.983154535 371.567328 330.782148 -57.623022 0.046484523 -0.045797235 0.953631662 0.293817044
1561000912.080810785 372.277843 330.274784 -57.705848 0.046070173 -0.044660522 0.951952522 0.299448448
1561000912.179973125 372.996125 329.750958 -57.781034 0.045829532 -0.043224625 0.950253916 0.305038982
1561000912.279805183 373.719630 329.209025 -57.867120 0.045413080 -0.042608028 0.948673996 0.310064281
1561000912.380692482 374.448558 328.654571 -57.959894 0.046316960 -0.042343671 0.947079689 0.314804409
1561000912.480838299 375.171667 328.097133 -58.053023 0.046666574 -0.042291768 0.945549527 0.319326993
1561000912.579225779 375.886394 327.530961 -58.147848 0.047565340 -0.041279073 0.944024898 0.323806375
1561000912.681110382 376.612050 326.948183 -58.244738 0.047859421 -0.041282302 0.942318655 0.328695603
1561000912.779784203 377.320172 326.364115 -58.339303 0.048747959 -0.040240175 0.940605345 0.333565510
1561000912.881041527 378.029460 325.774315 -58.437512 0.048130153 -0.040224245 0.938742786 0.338862038
1561000912.979588747 378.725235 325.181330 -58.537116 0.047908227 -0.039670469 0.936652549 0.344692702
1561000913.080972910 379.424449 324.557474 -58.640535 0.048576399 -0.039182505 0.934528398 0.350373711
1561000913.180864096 380.113282 323.926321 -58.746137 0.049211224 -0.039941928 0.932348639 0.355961954
1561000913.279645920 380.795404 323.290181 -58.843795 0.049351025 -0.039664374 0.930230264 0.361473193
1561000913.380607128 381.478889 322.636895 -58.940816 0.048917975 -0.039069875 0.928098342 0.367034119
1561000913.481016397 382.151729 321.975058 -59.033034 0.048570756 -0.038716329 0.926174325 0.371944951
1561000913.579933167 382.812781 321.314311 -59.116814 0.048940822 -0.038748236 0.924147149 0.376902398
1561000913.680866957 383.482006 320.635174 -59.209479 0.048978422 -0.038176941 0.922163949 0.381781726
1561000913.780335426 384.141360 319.954193 -59.296035 0.049227058 -0.037764135 0.920096700 0.386746209
1561000913.880575180 384.799490 319.264624 -59.397179 0.049703167 -0.036839068 0.917963605 0.391810284
1561000913.979521036 385.445219 318.564137 -59.494959 0.050015469 -0.036341154 0.915636302 0.397225295
1561000914.080850124 386.093976 317.837978 -59.591196 0.049812580 -0.036072727 0.913592512 0.401952967
1561000914.180793762 386.726605 317.112520 -59.686778 0.049183743 -0.036406850 0.911260860 0.407258082
1561000914.279319525 387.359060 316.375888 -59.791654 0.049156650 -0.035914462 0.909020666 0.412280493
1561000914.380695343 387.994334 315.623425 -59.903756 0.049615368 -0.035781845 0.906669987 0.417381731
1561000914.481983662 388.619512 314.860395 -60.023083 0.049768840 -0.035244560 0.904390789 0.422324739
1561000914.580825567 389.221495 314.104018 -60.142246 0.049336479 -0.036743538 0.901766729 0.427823084
1561000914.681894302 389.831502 313.304825 -60.257846 0.050063690 -0.040095772 0.898776989 0.433688690
1561000914.781661034 390.429694 312.504861 -60.364649 0.051071933 -0.042438582 0.896038712 0.438982062
1561000914.882089853 391.024309 311.704794 -60.446987 0.051834576 -0.041150889 0.893332316 0.444496518
1561000914.981967449 391.609824 310.905219 -60.509754 0.050137271 -0.041025241 0.890659153 0.450032728
1561000915.082368851 392.196967 310.095484 -60.542693 0.049496431 -0.037758140 0.888330589 0.454965044
1561000915.182119131 392.785956 309.304771 -60.591942 0.050795403 -0.026039358 0.886014231 0.460131026
1561000915.281249762 393.366341 308.511818 -60.700447 0.049488889 -0.017438482 0.883603321 0.465286922
1561000915.382518530 393.925037 307.694532 -60.823253 0.047542684 -0.017196977 0.880719560 0.470932069
1561000915.482264280 394.463771 306.875034 -60.935414 0.047170575 -0.018589263 0.877749696 0.476429268
1561000915.581901073 394.997832 306.009338 -61.067544 0.048058607 -0.020104152 0.874415517 0.482372986
1561000915.682442904 395.524085 305.132669 -61.197779 0.050239223 -0.023263861 0.871308286 0.487602999
1561000915.782008410 396.031039 304.240020 -61.303133 0.052495129 -0.028707290 0.868320160 0.492382223
1561000915.882041454 396.524716 303.332092 -61.399894 0.052205157 -0.028792816 0.865503108 0.497342906
1561000915.980804205 397.000025 302.430734 -61.486806 0.052757389 -0.029700610 0.863062972 0.501454722
1561000916.080655813 397.475555 301.529922 -61.587078 0.053232536 -0.030972065 0.860991281 0.504877254
1561000916.182351589 397.950035 300.628468 -61.689021 0.053001032 -0.031511325 0.858818313 0.508555829
1561000916.282558203 398.410576 299.748799 -61.783766 0.051929359 -0.029833625 0.856938242 0.511927872
1561000916.382626534 398.872849 298.877108 -61.877626 0.050590561 -0.028538099 0.854943922 0.515458110
1561000916.482521296 399.331704 297.996807 -61.965225 0.049860776 -0.027152450 0.852686152 0.519329349
1561000916.582104445 399.781548 297.103025 -62.072471 0.049852322 -0.027042236 0.850433095 0.523017221
1561000916.681899309 400.225521 296.195406 -62.170409 0.049942663 -0.027157939 0.848321515 0.526420730
1561000916.780849695 400.656737 295.283124 -62.270307 0.050251694 -0.026720921 0.846056842 0.530045828
1561000916.882127523 401.085155 294.368375 -62.360658 0.049357823 -0.026770762 0.843756344 0.533781195
1561000916.982299089 401.500136 293.458339 -62.449074 0.048854097 -0.026259645 0.841365655 0.537612819
1561000917.082875252 401.897480 292.546875 -62.527566 0.047454011 -0.027181418 0.838944383 0.541462472
1561000917.182242870 402.278793 291.652877 -62.611026 0.046649368 -0.026150095 0.836451023 0.545426160
1561000917.281182766 402.651133 290.754830 -62.699449 0.046246413 -0.026047020 0.833934516 0.549305057
1561000917.381311178 403.023610 289.832084 -62.794743 0.046205656 -0.025329217 0.831477995 0.553053172
1561000917.482306719 403.398317 288.905011 -62.886939 0.045878745 -0.026036207 0.828810959 0.557036490
1561000917.580996752 403.751075 288.001150 -62.961428 0.045681478 -0.026089746 0.826105599 0.561054424
1561000917.682101488 404.105354 287.103028 -63.031605 0.045301275 -0.024433328 0.823119789 0.565530388
1561000917.780839920 404.443738 286.197156 -63.111579 0.044220967 -0.023107933 0.820041439 0.570125045
1561000917.881919622 404.771350 285.291518 -63.189455 0.043988462 -0.022888784 0.817021916 0.574470459
1561000917.980783939 405.081622 284.364075 -63.274056 0.045700467 -0.022384461 0.813850998 0.578841045
1561000918.081753969 405.390794 283.421267 -63.358763 0.047511290 -0.022992617 0.810286410 0.583652251
1561000918.181799889 405.686982 282.489757 -63.434210 0.048879746 -0.022237280 0.807016554 0.588082100
1561000918.280642748 405.966864 281.587108 -63.512994 0.049432903 -0.021682601 0.803692543 0.592591385
1561000918.382478237 406.238687 280.659917 -63.591484 0.049775238 -0.020831774 0.800370312 0.597072715
1561000918.482298613 406.489096 279.744729 -63.668686 0.050206012 -0.019663330 0.796800069 0.601832502
1561000918.582575560 406.728684 278.817130 -63.748798 0.049232535 -0.018584204 0.793369150 0.606462015
1561000918.682453156 406.954644 277.898183 -63.818340 0.049220652 -0.017002296 0.789551405 0.611471037
1561000918.782424927 407.157913 276.982240 -63.892685 0.048601665 -0.016077559 0.785566512 0.616656019
1561000918.874699354 407.348285 276.097418 -63.946967 0.046955815 -0.015020940 0.781709119 0.621691544
1561000918.975202322 407.542833 275.133570 -64.017132 0.045585178 -0.013627801 0.777810248 0.626695694
1561000919.074694157 407.720382 274.193702 -64.097523 0.044489701 -0.013655214 0.773905161 0.631589268
1561000919.174335957 407.869949 273.243876 -64.169509 0.043811921 -0.014077306 0.769742438 0.636693744
1561000919.273208141 408.019299 272.303303 -64.235446 0.043311461 -0.014777386 0.765715593 0.641549201
1561000919.374096155 408.159454 271.360534 -64.306990 0.042833519 -0.014448356 0.761597656 0.646471612
1561000919.473433495 408.285212 270.435541 -64.362181 0.041802934 -0.015370604 0.757604812 0.651192144
1561000919.572482586 408.397254 269.506004 -64.417097 0.041849612 -0.015435407 0.753555047 0.655869765
1561000919.673856020 408.517718 268.557826 -64.480661 0.041163337 -0.015190951 0.749537223 0.660506447
1561000919.772746086 408.617718 267.628375 -64.533327 0.039621365 -0.015184014 0.745407644 0.665257121
1561000919.874030113 408.697609 266.673301 -64.564290 0.037768519 -0.016470135 0.741512900 0.669672228
1561000919.974109888 408.760155 265.715685 -64.595573 0.036367816 -0.018075241 0.737428943 0.674202657
1561000920.074397326 408.819399 264.745682 -64.638253 0.036008290 -0.018670343 0.733428735 0.678555165
1561000920.174489021 408.869656 263.785944 -64.695940 0.036125367 -0.018234361 0.729369863 0.682921715
1561000920.273051977 408.903796 262.833744 -64.753663 0.035679597 -0.018242304 0.725013225 0.687568184
1561000920.373965502 408.940086 261.864904 -64.808427 0.036334297 -0.017328270 0.721020151 0.691743805
1561000920.474554062 408.963852 260.901655 -64.871678 0.036603125 -0.017656456 0.716698727 0.696197813
1561000920.572820902 408.974178 259.960172 -64.926337 0.037252030 -0.017718515 0.712122751 0.700842014
1561000920.673932314 408.973947 258.993074 -64.984709 0.037612671 -0.016878354 0.708114590 0.704892996
1561000920.772873640 408.959525 258.036476 -65.036457 0.037422213 -0.016072094 0.703644270 0.709384245
1561000920.874380350 408.932092 257.057430 -65.082807 0.037237601 -0.015742404 0.699832943 0.713161545
1561000920.973749399 408.896218 256.102268 -65.131593 0.037847738 -0.014855589 0.695613023 0.717265211
1561000921.072809696 408.842635 255.131311 -65.179034 0.038289031 -0.014195564 0.691341044 0.721373687
1561000921.174016953 408.786206 254.149225 -65.227592 0.038739744 -0.013387351 0.687596610 0.724935109
1561000921.273030281 408.727682 253.171226 -65.284570 0.039213522 -0.012200918 0.683842682 0.728472803
1561000921.380422831 408.636762 252.119371 -65.343024 0.039350229 -0.011102154 0.679278956 0.732740337
1561000921.474206209 408.543382 251.201754 -65.386494 0.039432522 -0.010626158 0.675606651 0.736130297
1561000921.573374271 408.434112 250.224150 -65.435210 0.038466951 -0.009811785 0.671305658 0.740116704
1561000921.674636602 408.310592 249.239694 -65.474439 0.038728026 -0.009384490 0.667019566 0.743973770
1561000921.773441315 408.182731 248.260883 -65.522334 0.039183170 -0.009012489 0.662693004 0.747811097
1561000921.874382973 408.047150 247.268605 -65.573314 0.039723580 -0.007896737 0.658601209 0.751401441
1561000921.974062920 407.909549 246.284571 -65.621149 0.040803361 -0.007298492 0.654261693 0.755131415
1561000922.074205399 407.745748 245.284843 -65.676824 0.040519396 -0.008671925 0.650784731 0.758130734
1561000922.173959255 407.566965 244.297523 -65.730085 0.040679605 -0.008537691 0.647022603 0.761337001
1561000922.272930145 407.370891 243.310309 -65.770730 0.039181389 -0.008731212 0.643647029 0.764268989
1561000922.374039412 407.160339 242.318088 -65.812361 0.038508606 -0.008405430 0.640720944 0.766761441
1561000922.473223686 406.947450 241.333438 -65.852813 0.037204125 -0.008874815 0.637942390 0.769133667
1561000922.574201107 406.728636 240.336913 -65.894317 0.036442855 -0.009853565 0.635864221 0.770877109
1561000922.674324036 406.514008 239.335116 -65.931946 0.036258434 -0.010340319 0.633877142 0.772514189
1561000922.773025274 406.285707 238.345768 -65.966919 0.036190056 -0.011369647 0.632144242 0.773921617
1561000922.878904343 406.058371 237.293979 -65.998020 0.035008654 -0.011632839 0.630618887 0.775215384
1561000922.973041534 405.848994 236.344561 -66.033791 0.034633472 -0.010224732 0.629444692 0.776205744
1561000923.073973417 405.623232 235.344946 -66.070890 0.033187791 -0.010009115 0.628271924 0.777221190
1561000923.173997879 405.394006 234.332798 -66.101143 0.032488829 -0.010218994 0.627701896 0.777708414
1561000923.273384809 405.161826 233.323873 -66.131324 0.032259665 -0.010650133 0.627391412 0.777962663
1561000923.375174046 404.937893 232.302283 -66.162279 0.032289305 -0.010187582 0.627013733 0.778272056
1561000923.472975731 404.724815 231.296005 -66.209514 0.032115175 -0.008643481 0.626694708 0.778554847
1561000923.574347973 404.498450 230.281936 -66.260230 0.031221964 -0.008669777 0.626274551 0.778928887
1561000923.674097776 404.276449 229.266992 -66.308472 0.032199713 -0.007375951 0.625984150 0.779135815
1561000923.772938251 404.051531 228.251504 -66.365635 0.031631948 -0.007608438 0.625153041 0.779823830
1561000923.874270201 403.813720 227.223555 -66.408216 0.031732678 -0.007283921 0.624605937 0.780261114
1561000923.974190712 403.574853 226.203120 -66.455921 0.031746773 -0.006714742 0.624097173 0.780672642
1561000924.074142933 403.344421 225.157770 -66.506285 0.031382534 -0.005649632 0.623549094 0.781133629
1561000924.174179077 403.105759 224.123581 -66.541354 0.031107717 -0.004964667 0.623325660 0.781327577
1561000924.272976398 402.864235 223.095669 -66.585187 0.030468584 -0.004201297 0.623137027 0.781507684
1561000924.374166965 402.614811 222.045449 -66.637385 0.030479632 -0.003465075 0.622860011 0.781731663
1561000924.474241495 402.371773 220.993100 -66.688797 0.029921030 -0.003312757 0.622635797 0.781932492
1561000924.573132038 402.126227 219.945751 -66.713881 0.029695760 -0.002958258 0.622938845 0.781701097
1561000924.673963308 401.889417 218.888458 -66.741971 0.029240543 -0.002172986 0.622811926 0.781821958
1561000924.773961782 401.640816 217.847084 -66.774656 0.028384319 -0.001480263 0.622776862 0.781883060
1561000924.873925686 401.400460 216.806190 -66.812019 0.028665818 -0.001662294 0.622750530 0.781893397
1561000924.974598885 401.167401 215.731513 -66.864993 0.029602398 -0.002303916 0.622376815 0.782154390
1561000925.073872328 400.934198 214.670305 -66.916964 0.029912464 -0.002134768 0.622199135 0.782284426
1561000925.173953772 400.682074 213.599215 -66.959732 0.029368588 -0.001827811 0.622138464 0.782354061
1561000925.274151087 400.421285 212.532597 -66.981143 0.028895209 -0.001190531 0.621913450 0.782551794
1561000925.374298096 400.146111 211.457122 -66.993568 0.029338939 -0.002311297 0.621982785 0.782477667
1561000925.474017382 399.875661 210.371144 -67.008843 0.030086551 -0.003674046 0.621761233 0.782620131
1561000925.574549913 399.620437 209.289459 -67.012916 0.029402857 -0.003257147 0.621803006 0.782614774
1561000925.674123287 399.377629 208.214465 -67.020173 0.028256287 -0.001774884 0.622458630 0.782140452
1561000925.774477720 399.134324 207.131178 -67.043611 0.027196822 -0.000160902 0.622447494 0.782188867
1561000925.873484373 398.888264 206.050957 -67.072940 0.027299173 0.000387825 0.622679194 0.782000784
1561000925.973640203 398.629085 204.961801 -67.098855 0.027654289 -0.000024219 0.622651568 0.782010399
1561000926.073853493 398.378147 203.881452 -67.110240 0.027591091 -0.000313814 0.622827635 0.781872349
1561000926.174055338 398.121995 202.775917 -67.125742 0.027366430 -0.000059032 0.622932571 0.781796704
1561000926.272866488 397.865542 201.671053 -67.132758 0.027506502 0.001178841 0.622931329 0.781791892
1561000926.375202417 397.604464 200.554265 -67.155714 0.026939820 0.001295284 0.622846635 0.781878915
1561000926.473237753 397.357461 199.464999 -67.177974 0.026704080 0.001453385 0.622481934 0.782177104
1561000926.574990273 397.102284 198.352032 -67.192470 0.026980843 0.001368093 0.621905044 0.782626526
1561000926.674997568 396.843286 197.260369 -67.202814 0.026976446 0.002832226 0.621338626 0.783072514
1561000926.773096323 396.598359 196.200730 -67.203346 0.027276867 0.003799434 0.620715945 0.783551691
1561000926.875197887 396.335406 195.110856 -67.226871 0.026722780 0.003199909 0.620836050 0.783478304
1561000926.974954605 396.074978 194.035659 -67.239829 0.026850802 0.002835315 0.620513446 0.783730859
1561000927.073218346 395.803657 192.979515 -67.265534 0.027279450 0.002489053 0.620405363 0.783802795
1561000927.175174952 395.535842 191.896186 -67.270822 0.027009943 0.001603291 0.620300420 0.783897494
1561000927.273416519 395.269232 190.843971 -67.282857 0.027051434 0.001196085 0.619576466 0.784469115
1561000927.375231504 395.017697 189.769715 -67.285327 0.026732113 0.001098153 0.619425581 0.784599349
1561000927.475279331 394.771530 188.704337 -67.297524 0.025683983 0.001384176 0.619350907 0.784692851
1561000927.575547218 394.512766 187.637405 -67.319860 0.025523578 0.002278484 0.619402177 0.784655528
1561000927.675248861 394.235226 186.577774 -67.337697 0.024435298 0.001438311 0.619290081 0.784780634
1561000927.774602175 393.963465 185.528755 -67.337923 0.024021702 0.000814035 0.619636272 0.784520991
1561000927.875213146 393.701910 184.491789 -67.346539 0.024315756 0.000266281 0.619569150 0.784565320
1561000927.975051165 393.445419 183.454752 -67.344968 0.023714151 0.000325359 0.619419095 0.784702184
1561000928.075364828 393.191230 182.418619 -67.347201 0.022973460 0.000613589 0.619851493 0.784382541
1561000928.175354481 392.951912 181.380336 -67.340573 0.022240505 0.001007375 0.620416900 0.783956131
1561000928.273681164 392.709660 180.350885 -67.333855 0.022100680 0.001504327 0.620891856 0.783583180
1561000928.375429153 392.472573 179.299858 -67.330614 0.022146757 0.001660780 0.621120773 0.783400120
1561000928.475268364 392.253288 178.268520 -67.335514 0.022153974 0.002064915 0.621459262 0.783130464
1561000928.575061083 392.013614 177.238792 -67.348327 0.022616787 0.002653900 0.621592191 0.783009953
1561000928.675094604 391.770439 176.221747 -67.366773 0.022253039 0.001939693 0.621812481 0.782847545
1561000928.773436785 391.528502 175.206116 -67.372736 0.022415265 0.001898434 0.621612006 0.783002213
1561000928.875067711 391.272071 174.170736 -67.376840 0.021576990 0.001372087 0.622026826 0.782697374
1561000928.973395109 391.032347 173.162903 -67.378922 0.021373803 0.001999021 0.621611042 0.783031850
1561000929.075314760 390.794025 172.132916 -67.383112 0.021247543 0.002129981 0.621395225 0.783206218
1561000929.175337076 390.567123 171.120417 -67.379628 0.020586312 0.001869554 0.621486906 0.783151795
1561000929.274651527 390.319820 170.132131 -67.368192 0.020672383 0.002000944 0.621615394 0.783047221
1561000929.375101328 390.066483 169.135281 -67.358719 0.020676319 0.001861044 0.621439257 0.783187255
1561000929.475474834 389.836531 168.137959 -67.370191 0.020798507 0.001750652 0.621662231 0.783007297
1561000929.573636532 389.615725 167.148040 -67.365829 0.020976672 0.001371192 0.621478216 0.783149364
1561000929.675363779 389.389483 166.137962 -67.369179 0.020790373 0.001993134 0.621586479 0.783067070
1561000929.776031256 389.184267 165.148804 -67.363517 0.020767270 0.002941936 0.621901631 0.782814427
1561000929.876633167 388.968749 164.168930 -67.361953 0.021074001 0.003745096 0.621813177 0.782873063
1561000929.978105545 388.767025 163.171274 -67.357614 0.020609051 0.004851578 0.621401561 0.783206122
1561000930.079654217 388.551841 162.173333 -67.361066 0.021184351 0.005326831 0.621541955 0.783076271
1561000930.179524899 388.315566 161.177116 -67.378479 0.021372571 0.005110410 0.621622227 0.783008879
1561000930.278092384 388.080499 160.190664 -67.397346 0.021318631 0.004654849 0.621438129 0.783159307
1561000930.379529715 387.815369 159.201061 -67.403782 0.021457325 0.004757499 0.621469630 0.783129905
1561000930.478126287 387.572607 158.239430 -67.397732 0.021179227 0.004821974 0.621011019 0.783500799
1561000930.579250097 387.332254 157.284582 -67.385473 0.020819275 0.005508746 0.620920331 0.783577790
1561000930.679202318 387.091155 156.321161 -67.388155 0.020417838 0.005977558 0.620674074 0.783779992
1561000930.777709961 386.853287 155.377258 -67.373992 0.020102965 0.005604598 0.620420528 0.783991600
1561000930.877916336 386.618857 154.416996 -67.374983 0.020654882 0.006009333 0.620104621 0.784224154
1561000930.978552103 386.396555 153.463177 -67.375158 0.020212241 0.006000165 0.620150908 0.784199155
1561000931.079143286 386.165832 152.517200 -67.371887 0.020147536 0.006421646 0.619959181 0.784349063
1561000931.179134130 385.936782 151.589362 -67.368349 0.019262071 0.006513216 0.620239170 0.784149171
1561000931.277816534 385.713309 150.637313 -67.361537 0.019040505 0.006686032 0.620305659 0.784100533
1561000931.379231453 385.494048 149.672597 -67.352598 0.018744429 0.006641399 0.619934690 0.784401376
1561000931.478765488 385.264939 148.736894 -67.343813 0.018570327 0.006644062 0.620048702 0.784315374
1561000931.578076124 385.043984 147.802251 -67.333251 0.018104686 0.006797474 0.620188088 0.784214735
1561000931.679236889 384.818601 146.852507 -67.316927 0.018016364 0.007319966 0.620212254 0.784192954
1561000931.777615070 384.610174 145.935574 -67.307708 0.017981060 0.007830332 0.619763899 0.784543228
1561000931.878947973 384.389378 145.001222 -67.302693 0.017577408 0.008247780 0.620092605 0.784288321
1561000931.977269173 384.174595 144.091033 -67.294536 0.017666532 0.008825047 0.619350456 0.784866246
1561000932.077533484 383.951886 143.169483 -67.285860 0.017703716 0.009005769 0.618985352 0.785151329
1561000932.178535461 383.736932 142.244749 -67.267916 0.017529557 0.009473440 0.619065217 0.785086763
1561000932.278788567 383.525549 141.337968 -67.256129 0.017553784 0.009980855 0.619001908 0.785129853
1561000932.378972054 383.303138 140.430080 -67.254135 0.016809879 0.010582420 0.618895716 0.785221964
1561000932.479201317 383.078157 139.516812 -67.232663 0.017696399 0.010312234 0.618979646 0.785139919
1561000932.579508781 382.869715 138.606483 -67.211778 0.018568279 0.010293388 0.618797031 0.785263968
1561000932.679488897 382.654156 137.709957 -67.218810 0.018494274 0.010464877 0.618758365 0.785293916
1561000932.778355122 382.454044 136.839554 -67.213096 0.017529667 0.011477998 0.618854906 0.785225809
1561000932.879450083 382.235660 135.963731 -67.199046 0.017760902 0.012010993 0.618835610 0.785227849
1561000932.979360580 382.026366 135.087271 -67.188998 0.017177854 0.011528412 0.618686911 0.785365217
1561000933.079354286 381.817615 134.229603 -67.169867 0.016927934 0.011131577 0.619319594 0.784877553
1561000933.179523945 381.615357 133.393585 -67.154237 0.017253957 0.011589314 0.619047237 0.785078663
1561000933.277724743 381.416617 132.569778 -67.149780 0.016855122 0.011416496 0.619205816 0.784964793
1561000933.379193068 381.214165 131.720685 -67.128044 0.017063016 0.011899739 0.619278388 0.784895870
1561000933.477891684 381.017836 130.914446 -67.112941 0.016519486 0.011353900 0.619550026 0.784701192
1561000933.579549789 380.834478 130.110893 -67.090863 0.016630783 0.011543135 0.619599478 0.784657034
1561000933.679600954 380.657798 129.328296 -67.071269 0.016694251 0.011325164 0.619809163 0.784493240
1561000933.779303312 380.485360 128.575428 -67.049210 0.016826451 0.011952900 0.619848161 0.784450289
1561000933.879273653 380.305487 127.827416 -67.034034 0.016506267 0.012453386 0.619853982 0.784444707
1561000933.977883816 380.121503 127.096956 -67.019194 0.015972462 0.012514366 0.619931193 0.784393770
1561000934.079147577 379.945487 126.366839 -66.998580 0.015982273 0.012707624 0.620102951 0.784254687
1561000934.179224253 379.771279 125.656918 -66.981461 0.016278056 0.012375315 0.620285128 0.784109837
1561000934.277770758 379.602594 124.965747 -66.971113 0.015974291 0.012634937 0.620298095 0.784101686
1561000934.379408598 379.443550 124.294463 -66.954032 0.015978026 0.013173667 0.620003514 0.784325698
1561000934.478839874 379.297038 123.645841 -66.940039 0.015466335 0.013047123 0.619867271 0.784445748
1561000934.578983545 379.154863 123.025012 -66.916482 0.015078558 0.012177895 0.619559099 0.784710685
1561000934.679348230 379.019450 122.412462 -66.892086 0.017136217 0.010722027 0.619293356 0.784899438
1561000934.777725458 378.906228 121.833037 -66.872312 0.017055897 0.012537522 0.619075564 0.785046083
1561000934.879359007 378.771443 121.285332 -66.862627 0.013715242 0.016562334 0.619485018 0.784713893
1561000934.978884220 378.637042 120.791745 -66.868801 0.008148228 0.021563664 0.619321315 0.784799161
1561000935.077704430 378.488934 120.299028 -66.835038 0.002104997 0.025996124 0.619263223 0.784750171
1561000935.179011822 378.333851 119.784584 -66.785162 -0.001718845 0.030382826 0.619523260 0.784388207
1561000935.277762175 378.189990 119.233251 -66.731975 0.001657663 0.029935744 0.619443247 0.784468716
1561000935.379002094 378.040567 118.636175 -66.705822 0.009266926 0.025172154 0.619354851 0.784652825
1561000935.477962732 377.894395 118.013965 -66.668964 0.014124433 0.020194806 0.619152896 0.784883661
1561000935.579473495 377.763787 117.435536 -66.678870 0.020293486 0.012906374 0.618228633 0.785630293
1561000935.680820227 377.644642 116.903804 -66.721856 0.023291704 0.005934865 0.617681871 0.786060672
1561000935.780404568 377.555091 116.424697 -66.716536 0.019685071 0.008982267 0.617475910 0.786292132
1561000935.880733967 377.455441 115.951960 -66.731981 0.013100819 0.016948323 0.618190917 0.785736032
1561000935.980350971 377.356966 115.508587 -66.699844 0.009599059 0.022454375 0.617735436 0.786006737
1561000936.079282522 377.226302 114.995166 -66.683136 0.012545602 0.020094069 0.617288178 0.786380405
1561000936.180587292 377.092274 114.456480 -66.695934 0.014902287 0.017571494 0.616071965 0.787352842
1561000936.279787779 376.956684 113.947205 -66.667578 0.018305914 0.015352443 0.614367946 0.788657862
1561000936.380321264 376.828030 113.437279 -66.646245 0.017506784 0.016445476 0.612338114 0.790231038
1561000936.480394125 376.699989 112.907192 -66.630999 0.016617962 0.017812969 0.609623599 0.792316609
1561000936.580770969 376.563304 112.395521 -66.620412 0.015560567 0.018826232 0.605553925 0.795429372
1561000936.680954218 376.418338 111.906846 -66.613816 0.014962686 0.018896928 0.600509935 0.799253929
1561000936.780852556 376.249673 111.412991 -66.600922 0.014380837 0.018739051 0.594445858 0.803788630
1561000936.880762577 376.061541 110.920057 -66.585872 0.014804709 0.018886649 0.588135906 0.808406007
1561000936.979364395 375.878603 110.440262 -66.585607 0.015550062 0.019635384 0.581067066 0.813470167
1561000937.081809998 375.671763 109.942116 -66.575618 0.014156030 0.019169474 0.573564497 0.818813718
1561000937.181622028 375.438655 109.439160 -66.564113 0.013119694 0.018769839 0.565795035 0.824227848
1561000937.280636311 375.213148 108.978909 -66.541404 0.012072579 0.018546738 0.557292124 0.830021542
1561000937.381968737 374.990454 108.521214 -66.517100 0.011863281 0.019015374 0.548401868 0.835914511
1561000937.481573820 374.763888 108.075263 -66.492244 0.012632936 0.019909240 0.539215540 0.841837652
1561000937.582168341 374.496979 107.602027 -66.469565 0.011116640 0.018491073 0.529954668 0.847751467
1561000937.682314873 374.240164 107.143120 -66.404902 0.010632354 0.019013524 0.520464572 0.853605335
1561000937.781612396 373.982764 106.689368 -66.375759 0.011001330 0.020503093 0.510954839 0.859292585
1561000937.882049084 373.731551 106.227347 -66.365117 0.011638722 0.022496902 0.500860724 0.865157190
1561000937.981395006 373.465247 105.787667 -66.363270 0.012115717 0.024513797 0.490204141 0.871178617
1561000938.081102610 373.176955 105.359198 -66.350046 0.010725280 0.024345435 0.480007231 0.876861064
1561000938.183169365 372.865970 104.932822 -66.318570 0.009801521 0.023774223 0.468936503 0.882857447
1561000938.280695915 372.541059 104.544375 -66.273588 0.011195881 0.022276437 0.457805432 0.888702762
1561000938.381555796 372.222984 104.131724 -66.245572 0.018674694 0.022137007 0.446063538 0.894532576
1561000938.480607986 371.880237 103.733098 -66.233345 0.017991691 0.022931463 0.434261386 0.900315220
1561000938.581673384 371.528789 103.372448 -66.235827 0.013000136 0.023512041 0.422553313 0.905939776
1561000938.681700468 371.149847 103.047964 -66.180118 0.006093925 0.024737376 0.410226488 0.911627750
1561000938.780580997 370.780549 102.749415 -66.090343 0.004674684 0.026339859 0.397123859 0.917375059
1561000938.881280661 370.431408 102.423770 -66.004453 0.008466045 0.028931780 0.383479431 0.923057314
1561000938.980669737 370.098460 102.097318 -65.964654 0.013982920 0.031576032 0.368610457 0.928942282
1561000939.081849337 369.717469 101.768201 -65.993487 0.014050827 0.029240166 0.353124491 0.935013733
1561000939.182239771 369.298720 101.477806 -66.013816 0.009852699 0.026423268 0.336947335 0.941101073
1561000939.280798197 368.885434 101.231185 -66.004115 0.007742085 0.026138357 0.319835109 0.947080963
1561000939.381729841 368.465395 101.019859 -65.944823 0.004786868 0.028029183 0.301901418 0.952914993
1561000939.480502129 368.064310 100.801465 -65.892957 0.006239182 0.028762895 0.284172327 0.958321375
1561000939.581576109 367.649167 100.590099 -65.856996 0.006989833 0.028882892 0.266076948 0.963493632
1561000939.681910276 367.207472 100.399202 -65.837050 0.007366068 0.027675908 0.248205818 0.968283872
1561000939.780394554 366.760265 100.236303 -65.823711 0.007679132 0.024974647 0.228557455 0.973179730
1561000939.881411076 366.279028 100.085340 -65.822645 0.006881394 0.022925769 0.209032575 0.977615690
1561000939.980925083 365.803092 99.965872 -65.805214 0.005216077 0.021024945 0.188363001 0.981860542
1561000940.073503494 365.366642 99.869584 -65.749298 0.004266648 0.018981140 0.167636094 0.985656965
1561000940.173285007 364.889034 99.799120 -65.693988 0.003254864 0.018157225 0.146486469 0.989040664
1561000940.273519993 364.421696 99.734239 -65.659328 0.002827674 0.018608687 0.125929987 0.991860554
1561000940.373739243 363.954372 99.691094 -65.644545 0.000813815 0.017747776 0.104875734 0.994326624
1561000940.472854853 363.503191 99.666955 -65.601054 -0.002960618 0.016212032 0.084008209 0.996328774
1561000940.573438883 363.035226 99.683192 -65.564425 -0.008216600 0.016242037 0.063672070 0.997804866
1561000940.673494816 362.563213 99.708338 -65.516700 -0.011446870 0.016339450 0.045004607 0.998787553
1561000940.772187471 362.097966 99.744109 -65.471103 -0.011179017 0.016702960 0.027043292 0.999432189
1561000940.873617887 361.619502 99.788428 -65.457224 -0.009174611 0.018437825 0.010803131 0.999729546
1561000940.973600149 361.133055 99.835462 -65.464670 -0.011030781 0.019739737 -0.004094984 0.999735913
1561000941.073802233 360.644799 99.900844 -65.458382 -0.015544431 0.020967860 -0.017059495 0.999513728
1561000941.173632383 360.152282 99.981255 -65.430264 -0.020309412 0.022025313 -0.028563395 0.999142906
1561000941.272735357 359.662670 100.076450 -65.362888 -0.022708124 0.021836305 -0.038216336 0.998772761
1561000941.373724699 359.154211 100.162900 -65.303360 -0.019994342 0.021287378 -0.048157586 0.998412701
1561000941.473572016 358.632068 100.233929 -65.264308 -0.017248551 0.020327008 -0.056937736 0.998021740
1561000941.572474957 358.106692 100.319534 -65.230420 -0.018138054 0.017803048 -0.064943387 0.997565245
1561000941.673649549 357.577206 100.404742 -65.209865 -0.015329195 0.016479720 -0.073688701 0.997027286
1561000941.772255421 357.074607 100.518407 -65.192825 -0.014771914 0.023424725 -0.080445168 0.996374251
1561000941.873504400 356.583514 100.652560 -65.150790 -0.019350280 0.034255540 -0.086335109 0.995489012
1561000941.973502159 356.108659 100.792471 -65.096880 -0.028719966 0.040742848 -0.091711713 0.994537151
1561000942.072711468 355.627369 100.937791 -65.006873 -0.034880380 0.043979625 -0.096125222 0.993785235
1561000942.173539400 355.119985 101.065091 -64.941079 -0.030033410 0.043113975 -0.100437955 0.993554929
1561000942.272828817 354.553074 101.165276 -64.973028 -0.020984272 0.042982977 -0.104119246 0.993413965
1561000942.373923302 353.935813 101.301422 -65.025803 -0.015491355 0.038171478 -0.106535788 0.993455123
1561000942.473960638 353.310099 101.459737 -65.091015 -0.016061874 0.034250392 -0.108988364 0.993322940
1561000942.573911905 352.695511 101.664456 -65.123435 -0.023472667 0.024791767 -0.111020450 0.993231525
1561000942.673498631 352.137659 101.840689 -65.032898 -0.029029156 0.010409201 -0.111761608 0.993256412
1561000942.772182703 351.610657 101.957007 -64.885985 -0.028665476 0.012311680 -0.112839439 0.993123343
1561000942.873497009 351.055026 102.071750 -64.770800 -0.020383590 0.023705714 -0.114434328 0.992938736
1561000942.973566771 350.500942 102.161508 -64.722107 -0.017616720 0.032697813 -0.115709729 0.992588416
1561000943.073482275 349.925741 102.300010 -64.713412 -0.022012329 0.028744257 -0.116446690 0.992536847
1561000943.173417091 349.319134 102.466348 -64.679842 -0.023799115 0.025357486 -0.117377162 0.992478313
1561000943.273559332 348.694728 102.618428 -64.650882 -0.024585251 0.021467708 -0.117924388 0.992486041
1561000943.373688221 348.047371 102.776056 -64.626533 -0.021992514 0.021474332 -0.117993645 0.992538504
1561000943.473080397 347.404845 102.937994 -64.595013 -0.021124823 0.022778025 -0.118375485 0.992482820
1561000943.573837519 346.746421 103.094565 -64.562926 -0.020939544 0.023206931 -0.118214080 0.992496048
1561000943.673748732 346.109915 103.233153 -64.531961 -0.021535174 0.023470663 -0.119063298 0.992375582
1561000943.773835897 345.446398 103.396666 -64.490701 -0.021751304 0.022237886 -0.119543093 0.992341577
1561000943.873794079 344.785398 103.574670 -64.443163 -0.021736162 0.021290314 -0.119869535 0.992323312
1561000943.973302841 344.114184 103.760786 -64.401657 -0.021108232 0.020965093 -0.119752520 0.992357920
1561000944.080065489 343.403839 103.937633 -64.358333 -0.020697929 0.020737055 -0.120617456 0.992266597
1561000944.173771620 342.769872 104.089805 -64.329517 -0.021649815 0.021621768 -0.120857532 0.992198187
1561000944.273122072 342.083259 104.260421 -64.288574 -0.022489399 0.021931919 -0.120584435 0.992205932
1561000944.374440670 341.387833 104.430867 -64.253890 -0.021926759 0.022093248 -0.121152402 0.992145756
1561000944.474580765 340.697914 104.599300 -64.204184 -0.021847484 0.023158763 -0.121237385 0.992112824
1561000944.574525595 339.999025 104.790070 -64.155122 -0.022352508 0.023368841 -0.121364585 0.992081096
1561000944.674194813 339.277547 104.997415 -64.101855 -0.022708757 0.023472806 -0.121331370 0.992074613
1561000944.772983313 338.562461 105.183150 -64.047261 -0.022054949 0.022772649 -0.121008936 0.992145062
1561000944.874044895 337.809671 105.378401 -64.007092 -0.021413726 0.022594395 -0.120883121 0.992178521
1561000944.973994732 337.069209 105.570192 -63.966581 -0.021444861 0.022310936 -0.120711738 0.992205128
1561000945.074203253 336.325055 105.765013 -63.913486 -0.021630910 0.022600460 -0.120680993 0.992198277
1561000945.173402309 335.576774 105.968171 -63.863275 -0.022332889 0.022684063 -0.120291777 0.992228081
1561000945.272709608 334.817272 106.166935 -63.816048 -0.022120418 0.023400865 -0.120319873 0.992212787
1561000945.373841286 334.039030 106.365184 -63.781167 -0.021748064 0.023245845 -0.120569972 0.992194303
1561000945.472831488 333.269983 106.566773 -63.747792 -0.022090013 0.022432470 -0.120310058 0.992237021
1561000945.572685242 332.478833 106.764499 -63.712191 -0.021647386 0.020366558 -0.120272947 0.992295829
1561000945.674308300 331.662485 106.965448 -63.667120 -0.022388776 0.018785437 -0.120236301 0.992315011
1561000945.773141384 330.878193 107.152504 -63.600047 -0.021734084 0.019127368 -0.120573314 0.992282142
1561000945.874421597 330.070732 107.350763 -63.539248 -0.021678944 0.020739212 -0.120335543 0.992279832
1561000945.974130154 329.269203 107.549792 -63.483946 -0.021430476 0.023527718 -0.120169227 0.992243185
1561000946.073196411 328.462172 107.743832 -63.439281 -0.020737867 0.024863746 -0.119786445 0.992271607
1561000946.174244404 327.634591 107.946890 -63.398234 -0.020322955 0.024281005 -0.119359579 0.992346059
1561000946.274175406 326.786244 108.152147 -63.356382 -0.020803221 0.022386035 -0.118594631 0.992472370
1561000946.374148369 325.940180 108.357660 -63.314128 -0.020355543 0.021124051 -0.118480538 0.992522941
1561000946.473052263 325.099761 108.566869 -63.256995 -0.019579200 0.021230873 -0.117887027 0.992606948
1561000946.574110746 324.243844 108.773185 -63.210355 -0.019227048 0.023091998 -0.117302697 0.992641505
1561000946.673950434 323.399361 108.988144 -63.153397 -0.019966942 0.023706346 -0.116972021 0.992651438
1561000946.773803711 322.541883 109.201468 -63.092205 -0.020068178 0.022915171 -0.116698182 0.992700205
1561000946.873840094 321.667705 109.419985 -63.037729 -0.019826507 0.021552412 -0.116235346 0.992789881
1561000946.973863602 320.788302 109.627488 -62.979564 -0.018808460 0.021212150 -0.116303979 0.992808980
1561000947.073915958 319.898736 109.837369 -62.920338 -0.019080727 0.022724559 -0.116006009 0.992805180
1561000947.174101353 319.016123 110.050221 -62.860721 -0.018559390 0.024477320 -0.115916849 0.992783810
1561000947.274178267 318.112595 110.273801 -62.820183 -0.017848056 0.024729208 -0.115729745 0.992812439
1561000947.374302149 317.191549 110.485466 -62.779315 -0.017713489 0.022815126 -0.115913473 0.992839246
1561000947.474483013 316.256834 110.714567 -62.735443 -0.018105595 0.020369949 -0.115437167 0.992940841
1561000947.574558973 315.332941 110.946185 -62.679017 -0.019104437 0.020418096 -0.115213244 0.992947144
1561000947.674302340 314.405974 111.176192 -62.596962 -0.019536488 0.022716648 -0.115495069 0.992856066
1561000947.774243355 313.489024 111.394172 -62.517924 -0.019376044 0.027176320 -0.115476624 0.992749297
1561000947.874281645 312.569863 111.619396 -62.454700 -0.019109294 0.028312747 -0.115272463 0.992746434
1561000947.973922729 311.636728 111.854579 -62.401488 -0.018879448 0.026110691 -0.115361228 0.992800879
1561000948.074882269 310.674192 112.090818 -62.353863 -0.018997911 0.022046610 -0.114887124 0.992952152
1561000948.173934698 309.711718 112.321987 -62.294757 -0.018743655 0.020613863 -0.114763479 0.993002058
1561000948.273558617 308.744075 112.541926 -62.241032 -0.018768253 0.021545033 -0.114915232 0.992964276
1561000948.374071598 307.775356 112.774621 -62.170204 -0.018924197 0.023562651 -0.114951704 0.992911266
1561000948.473028421 306.813294 113.003679 -62.098914 -0.018846096 0.025130309 -0.115263218 0.992838196
1561000948.574038029 305.827207 113.235469 -62.032416 -0.018628945 0.026019238 -0.115351975 0.992809087
1561000948.674155712 304.836440 113.480958 -61.973657 -0.017267620 0.024249748 -0.115785489 0.992828031
1561000948.773931980 303.826182 113.721249 -61.922862 -0.017759001 0.020748567 -0.116076300 0.992864748
1561000948.874082088 302.821529 113.961364 -61.859412 -0.016369371 0.018585562 -0.116240265 0.992912293
1561000948.973550797 301.833406 114.200770 -61.801470 -0.015629748 0.018417223 -0.116707301 0.992872561
1561000949.073171854 300.856625 114.427759 -61.737864 -0.016540581 0.018968508 -0.117234669 0.992785293
1561000949.174055576 299.884026 114.663605 -61.663324 -0.016574628 0.020589062 -0.117865309 0.992677763
1561000949.272864819 298.945111 114.893311 -61.589298 -0.016438968 0.022957723 -0.117687981 0.992649103
1561000949.373609304 298.005866 115.135804 -61.518103 -0.016360056 0.024587841 -0.117743120 0.992604828
1561000949.473686218 297.054554 115.366016 -61.455500 -0.015092043 0.023989086 -0.118095642 0.992597690
1561000949.573847294 296.092003 115.606367 -61.406087 -0.015233530 0.021485029 -0.118332798 0.992624643
1561000949.674145937 295.121945 115.838115 -61.358138 -0.015345722 0.019810133 -0.118655886 0.992619186
1561000949.772879362 294.158715 116.078443 -61.304749 -0.015160630 0.019345844 -0.119075516 0.992580936
1561000949.874675751 293.185821 116.323536 -61.244915 -0.015740508 0.020158936 -0.119492837 0.992505575
1561000949.973636389 292.245095 116.558162 -61.170932 -0.016001052 0.023089655 -0.119759711 0.992405384
1561000950.073796034 291.302147 116.793000 -61.107284 -0.016274221 0.024574178 -0.120006337 0.992335497
1561000950.173621416 290.357025 117.030210 -61.026757 -0.016978533 0.024039071 -0.120267384 0.992305199
1561000950.272487640 289.405722 117.264667 -60.950770 -0.016821919 0.023288363 -0.120078327 0.992348664
1561000950.372931719 288.434555 117.497536 -60.894894 -0.016923768 0.022404660 -0.120371210 0.992331794
1561000950.472859144 287.471263 117.740655 -60.832803 -0.016857463 0.022577113 -0.120627239 0.992297924
1561000950.573931217 286.501415 117.987417 -60.772481 -0.016007062 0.023758861 -0.120867673 0.992255157
1561000950.673996925 285.552856 118.227453 -60.712677 -0.016048942 0.024655449 -0.121056329 0.992209608
1561000950.772805214 284.594839 118.479955 -60.653329 -0.016656724 0.024891184 -0.121412814 0.992150145
1561000950.873784781 283.603954 118.738721 -60.594289 -0.016141277 0.024237410 -0.121513261 0.992162554
1561000950.974521875 282.621627 118.993205 -60.552761 -0.016260155 0.023964642 -0.121553435 0.992162318
1561000951.073122263 281.646362 119.243865 -60.489332 -0.016439102 0.023917252 -0.121734403 0.992138325
1561000951.173392057 280.668132 119.498119 -60.426664 -0.016337038 0.024552064 -0.122127215 0.992076227
1561000951.272275686 279.705850 119.743585 -60.355561 -0.016369291 0.025380427 -0.122416792 0.992019158
1561000951.373497963 278.717490 119.998870 -60.284540 -0.015936583 0.026270910 -0.122220701 0.992027200
1561000951.473340511 277.741690 120.250120 -60.232743 -0.015693891 0.026963773 -0.122537399 0.991973408
1561000951.574296236 276.753174 120.513258 -60.179972 -0.016641571 0.027228547 -0.122363650 0.991972178
1561000951.674561501 275.761733 120.785638 -60.104580 -0.016330216 0.027445144 -0.122632155 0.991938225
1561000951.772821188 274.769298 121.047748 -60.050197 -0.016025059 0.026926847 -0.122783511 0.991938684
1561000951.873813868 273.735366 121.307584 -59.988164 -0.016237615 0.026428425 -0.122643322 0.991965974
1561000951.972843647 272.712198 121.565792 -59.932046 -0.016010972 0.026227855 -0.122589880 0.991981587
1561000952.073853016 271.704505 121.817234 -59.847887 -0.016766034 0.028405792 -0.122282624 0.991947061
1561000952.173683882 270.723525 122.074239 -59.759203 -0.015773669 0.029846802 -0.121921821 0.991965438
1561000952.272611141 269.726856 122.334699 -59.670326 -0.015346847 0.029819241 -0.121800137 0.991987910
1561000952.373554230 268.690699 122.584760 -59.606731 -0.015976855 0.027529656 -0.121916380 0.992029866
1561000952.473879576 267.648690 122.835058 -59.529628 -0.016036956 0.026443543 -0.121841598 0.992067629
1561000952.573149920 266.630252 123.078275 -59.449916 -0.014821714 0.027385014 -0.122048918 0.992035503
1561000952.673740864 265.611267 123.336307 -59.359012 -0.014105660 0.029618852 -0.121438714 0.992056648
1561000952.772701502 264.601244 123.592932 -59.283054 -0.013430917 0.029699844 -0.121305123 0.992079935
1561000952.873911381 263.568016 123.861082 -59.215486 -0.013931564 0.028274019 -0.121304067 0.992114819
1561000952.974190950 262.523639 124.121397 -59.151152 -0.013513927 0.025743610 -0.121232353 0.992198245
1561000953.073784590 261.476438 124.385197 -59.088324 -0.014191230 0.024886393 -0.121192017 0.992215587
1561000953.173933983 260.435792 124.645387 -59.006849 -0.014136913 0.026539712 -0.120951133 0.992202910
1561000953.272783279 259.416199 124.899007 -58.917252 -0.013718131 0.028681416 -0.120885111 0.992157235
1561000953.374582291 258.369504 125.171499 -58.833017 -0.013025770 0.029078699 -0.120552137 0.992195515
1561000953.472699881 257.336010 125.436760 -58.774543 -0.013501698 0.027563115 -0.120744450 0.992209029
1561000953.574798822 256.260238 125.705232 -58.704054 -0.013788246 0.026482525 -0.120901678 0.992215372
1561000953.674975634 255.202468 125.962572 -58.631852 -0.013329933 0.026547144 -0.120875265 0.992223126
1561000953.772820473 254.162223 126.224186 -58.547121 -0.012921055 0.029301017 -0.120706660 0.992171557
1561000953.874697685 253.094279 126.498142 -58.465482 -0.013134762 0.030988548 -0.120113512 0.992189464
1561000953.974755764 252.030210 126.775922 -58.395285 -0.012507969 0.029653849 -0.120205536 0.992227206
1561000954.074688196 250.936250 127.049392 -58.334595 -0.013262235 0.027500592 -0.120153800 0.992285692
1561000954.174544096 249.865248 127.321964 -58.259605 -0.013326172 0.026600597 -0.120585729 0.992256974
1561000954.272666931 248.803573 127.583393 -58.168644 -0.012038407 0.028484288 -0.120510572 0.992230278
1561000954.374424696 247.737132 127.854814 -58.065400 -0.012462542 0.030268220 -0.120265348 0.992201978
1561000954.474213600 246.676459 128.128073 -57.969867 -0.012210457 0.031533854 -0.119952962 0.992203511
1561000954.573704243 245.617644 128.403919 -57.882936 -0.012100710 0.031082225 -0.120201744 0.992188999
1561000954.674401283 244.534287 128.682134 -57.796664 -0.011838233 0.031065412 -0.120275322 0.992183775
1561000954.772541046 243.454658 128.952554 -57.705935 -0.012085215 0.031465529 -0.120501450 0.992140750
1561000954.874267340 242.356289 129.234122 -57.612927 -0.011569019 0.032123253 -0.120226721 0.992159156
1561000954.972451687 241.278844 129.510969 -57.531957 -0.011918119 0.032791392 -0.120375688 0.992115103
1561000955.074306488 240.158238 129.806572 -57.453327 -0.012596707 0.033071630 -0.119990382 0.992144092
1561000955.175570726 239.041552 130.082340 -57.369559 -0.012232838 0.032259213 -0.119956113 0.992179536
1561000955.274276733 237.947009 130.337836 -57.274784 -0.010897981 0.031464960 -0.119978205 0.992217930
1561000955.375431776 236.840022 130.596203 -57.180934 -0.010754084 0.031231298 -0.119776707 0.992251226
1561000955.475620031 235.742387 130.876174 -57.080331 -0.010573496 0.031985131 -0.119626572 0.992247265
1561000955.574052811 234.649907 131.142758 -56.985236 -0.008802488 0.032144981 -0.119468919 0.992278385
1561000955.676053047 233.534905 131.413190 -56.897370 -0.009312738 0.032142119 -0.119673339 0.992249187
1561000955.774357557 232.430576 131.694413 -56.803147 -0.008932235 0.031946125 -0.119466638 0.992283922
1561000955.876272917 231.292009 131.977080 -56.727348 -0.008073053 0.031869034 -0.119592330 0.992278623
1561000955.977037907 230.165353 132.261311 -56.644316 -0.008624492 0.030510237 -0.119497675 0.992328096
1561000956.077556372 229.040054 132.548418 -56.540509 -0.008676953 0.029111355 -0.119580426 0.992359693
1561000956.177397728 227.928101 132.831728 -56.437160 -0.008458777 0.031403043 -0.119464018 0.992305722
1561000956.277307034 226.814348 133.102244 -56.328446 -0.008381184 0.033968557 -0.119679882 0.992195857
1561000956.377093077 225.699120 133.385548 -56.235130 -0.008044493 0.034256763 -0.119302777 0.992234150
1561000956.477073193 224.567242 133.669549 -56.152992 -0.007784252 0.033332753 -0.119295932 0.992268519
1561000956.577193022 223.406168 133.946644 -56.059215 -0.007859067 0.032492354 -0.119352231 0.992289034
1561000956.677063942 222.264228 134.236688 -55.970097 -0.007319874 0.031565016 -0.119305134 0.992328753
1561000956.775860310 221.126839 134.520704 -55.873338 -0.007093984 0.032460941 -0.119140036 0.992321326
1561000956.877305269 219.980300 134.811003 -55.759879 -0.006913430 0.033063656 -0.119126671 0.992304306
1561000956.975786924 218.869307 135.088712 -55.653900 -0.007036315 0.033674509 -0.118704593 0.992333481
1561000957.077177048 217.741808 135.374719 -55.543985 -0.006381942 0.033921219 -0.118514579 0.992352214
1561000957.177086353 216.615840 135.647031 -55.456229 -0.005601237 0.033389885 -0.117995700 0.992436777
1561000957.275693417 215.493479 135.922402 -55.364979 -0.005664361 0.031890413 -0.117851575 0.992502858
1561000957.377126932 214.353631 136.213816 -55.275049 -0.005879878 0.031132097 -0.117212564 0.992601347
1561000957.477050781 213.258368 136.483244 -55.174112 -0.006301340 0.032586020 -0.116941734 0.992584039
1561000957.577190161 212.165695 136.745642 -55.062668 -0.006330589 0.034935916 -0.116249038 0.992585294
1561000957.677050114 211.068758 137.009789 -54.957166 -0.006431967 0.034991383 -0.115857004 0.992628524
1561000957.775613546 209.958129 137.274109 -54.858954 -0.005845067 0.033584782 -0.115346616 0.992740175
1561000957.876804829 208.840525 137.544637 -54.763321 -0.006117666 0.033080547 -0.115009362 0.992794590
1561000957.977750778 207.745546 137.799310 -54.652383 -0.005835590 0.033784627 -0.114664703 0.992812445
1561000958.077360392 206.662660 138.049225 -54.546030 -0.004957208 0.034644242 -0.114472646 0.992809758
1561000958.178727865 205.564281 138.306230 -54.440561 -0.005141394 0.034344352 -0.114345858 0.992833851
1561000958.277439356 204.486187 138.560786 -54.338102 -0.004307408 0.034324242 -0.114094772 0.992867401
1561000958.378904819 203.402953 138.816300 -54.232149 -0.003845951 0.034514263 -0.113930469 0.992881575
1561000958.478634357 202.330464 139.060970 -54.136453 -0.003310790 0.034472989 -0.113903039 0.992888085
1561000958.578351974 201.260371 139.315772 -54.054723 -0.003276215 0.033048520 -0.114176633 0.992905211
1561000958.680082083 200.197274 139.566366 -53.963971 -0.003247808 0.031990556 -0.114346300 0.992920430
1561000958.778748989 199.184186 139.813120 -53.869110 -0.002626247 0.032317920 -0.114329831 0.992913563
1561000958.879854679 198.166030 140.053761 -53.757518 -0.003733404 0.033835058 -0.114586826 0.992829849
1561000958.979902744 197.168859 140.288697 -53.646459 -0.004174772 0.033879137 -0.114815522 0.992800167
1561000959.080083847 196.163465 140.527326 -53.539727 -0.003638762 0.032723763 -0.115032799 0.992815879
1561000959.179898024 195.170878 140.771815 -53.429815 -0.005548252 0.034089982 -0.115180295 0.992743970
1561000959.278622627 194.215486 141.011285 -53.301773 -0.006028096 0.038256396 -0.114792252 0.992634298
1561000959.381368637 193.249289 141.241049 -53.193773 -0.004356824 0.040741411 -0.114892694 0.992532531
1561000959.480129242 192.295097 141.458293 -53.128251 -0.003609630 0.037497193 -0.115181772 0.992629886
1561000959.580070734 191.330002 141.687431 -53.066098 -0.004821715 0.033452393 -0.115257935 0.992760443
1561000959.679984331 190.385567 141.918249 -52.977310 -0.004096729 0.034061908 -0.115720365 0.992689176
1561000959.778593540 189.465363 142.140052 -52.887461 -0.004792715 0.035506228 -0.116006226 0.992602082
1561000959.879905224 188.560725 142.362432 -52.799671 -0.006551587 0.035791767 -0.115560623 0.992633753
1561000959.979876757 187.677489 142.587047 -52.704620 -0.007245780 0.034137424 -0.115680419 0.992673247
1561000960.078345776 186.811246 142.802756 -52.621383 -0.007813932 0.033692726 -0.115715809 0.992680006
1561000960.179612160 185.920865 143.017394 -52.528245 -0.008238576 0.034361783 -0.115870769 0.992635562
1561000960.278355122 185.059248 143.216193 -52.432614 -0.007787204 0.035800659 -0.116175874 0.992552688
1561000960.379737139 184.183050 143.421263 -52.346390 -0.008289774 0.036150984 -0.116729218 0.992470995
1561000960.480295420 183.318703 143.634339 -52.261018 -0.009094962 0.035426857 -0.117274624 0.992425756
1561000960.579952240 182.455279 143.854448 -52.181358 -0.009407309 0.035228262 -0.118237359 0.992315675
1561000960.680232763 181.596015 144.069049 -52.096670 -0.009262649 0.034252959 -0.118862437 0.992276503
1561000960.779012442 180.767290 144.267249 -52.005470 -0.007527190 0.033759985 -0.119725530 0.992204315
1561000960.879914999 179.925990 144.466305 -51.925777 -0.006924386 0.033915288 -0.120348691 0.992128015
1561000960.979884148 179.109357 144.659132 -51.842969 -0.006489948 0.035305097 -0.120920684 0.992012913
1561000961.078603983 178.319288 144.855440 -51.768212 -0.005970511 0.035787248 -0.121275266 0.991955612
1561000961.179207802 177.512821 145.059099 -51.689486 -0.005656874 0.035414949 -0.121275872 0.991970738
1561000961.278323174 176.705248 145.268851 -51.613931 -0.005542842 0.035144777 -0.121098811 0.992002621
1561000961.379806757 175.882003 145.479354 -51.532941 -0.005710588 0.035248073 -0.120623343 0.992055932
1561000961.481098652 175.082064 145.675806 -51.450588 -0.004797615 0.035860118 -0.120484076 0.992055756
1561000961.580607891 174.285539 145.866199 -51.375787 -0.004048523 0.036650855 -0.119942030 0.992095879
1561000961.681401730 173.478308 146.064209 -51.301797 -0.004524457 0.036902390 -0.119780264 0.992104042
1561000961.781324863 172.689753 146.263134 -51.219220 -0.004943109 0.036849001 -0.119704706 0.992113149
1561000961.880252600 171.902450 146.460395 -51.136283 -0.005215326 0.036600778 -0.119758731 0.992114424
1561000961.979942322 171.105800 146.656806 -51.059082 -0.003858368 0.037546903 -0.119808703 0.992079240
1561000962.081049204 170.320427 146.849024 -50.989367 -0.004040824 0.038242719 -0.119906294 0.992040144
1561000962.180819273 169.535731 147.051923 -50.912848 -0.004416816 0.038039619 -0.120782158 0.991940094
1561000962.279776812 168.757982 147.255577 -50.836434 -0.005353458 0.037587211 -0.121401419 0.991877128
1561000962.372804642 168.009299 147.448704 -50.763066 -0.005222697 0.037020666 -0.123309801 0.991663696
1561000962.472930670 167.228152 147.650960 -50.673379 -0.005394951 0.037856596 -0.125512484 0.991354825
1561000962.571893930 166.492601 147.848986 -50.574966 -0.006162773 0.039365861 -0.128375804 0.990924822
1561000962.673151016 165.745890 148.069472 -50.472941 -0.007527717 0.040015526 -0.132813158 0.990304376
1561000962.772262573 165.029784 148.278418 -50.380320 -0.007614051 0.040068812 -0.137899560 0.989606097
1561000962.873165607 164.312368 148.498727 -50.303391 -0.005517954 0.039110897 -0.144430122 0.988726367
1561000962.973221302 163.594191 148.719661 -50.245844 -0.004609208 0.038031225 -0.152117913 0.987619624
1561000963.072667360 162.913343 148.951318 -50.192386 -0.004827253 0.037692337 -0.161049882 0.986214440
1561000963.173079014 162.249110 149.203110 -50.131323 -0.004125769 0.036422741 -0.171169561 0.984559467
1561000963.272073269 161.615378 149.460750 -50.077520 -0.003692455 0.035775211 -0.182399853 0.982566432
1561000963.373428822 160.992645 149.733775 -50.012405 -0.002048368 0.034370754 -0.195283138 0.980142312
1561000963.472849369 160.397044 150.022509 -49.944515 -0.002171322 0.033924044 -0.208593620 0.977411452
1561000963.573644161 159.826517 150.330760 -49.858596 -0.002131901 0.034906867 -0.223727595 0.974024090
1561000963.673709869 159.270627 150.649337 -49.784511 -0.002110403 0.035486049 -0.239574799 0.970226882
1561000963.772123814 158.728874 150.980946 -49.723061 -0.002111934 0.035532002 -0.255417403 0.966175433
1561000963.873511791 158.180506 151.352963 -49.667882 -0.002189136 0.035548213 -0.272127899 0.961601757
1561000963.973127127 157.662317 151.738750 -49.613907 -0.003124506 0.035881778 -0.288830983 0.956702356
1561000964.071911335 157.162650 152.150414 -49.556805 -0.003868881 0.036319082 -0.306200133 0.951266227
1561000964.173402309 156.657784 152.584934 -49.497115 -0.004094231 0.036500263 -0.324268884 0.945251638
1561000964.272543192 156.188252 153.030461 -49.449559 -0.003826280 0.036963838 -0.341953389 0.938981850
1561000964.373484135 155.748783 153.485036 -49.398673 -0.004550314 0.037618241 -0.359342311 0.932436200
1561000964.474124432 155.322852 153.960094 -49.355583 -0.005757669 0.038076455 -0.376589882 0.925579329
1561000964.573326111 154.907947 154.473176 -49.317727 -0.007334470 0.038151034 -0.393409730 0.918542045
1561000964.673299313 154.523024 155.001448 -49.267975 -0.008826152 0.038471905 -0.410302062 0.911095072
1561000964.772254229 154.160386 155.522307 -49.200626 -0.011406386 0.039291857 -0.427227992 0.903217741
1561000964.872301102 153.809011 156.049574 -49.152046 -0.011424863 0.038745485 -0.445108065 0.894565297
1561000964.973325014 153.477891 156.580351 -49.109980 -0.011911245 0.038948838 -0.462917719 0.885465017
1561000965.073289394 153.181427 157.101463 -49.061880 -0.013508362 0.039521926 -0.479701175 0.876437290
1561000965.174068213 152.911069 157.649333 -49.005787 -0.015185500 0.040300365 -0.496689240 0.866859319
1561000965.272025347 152.670227 158.196141 -48.951004 -0.016827601 0.041296068 -0.513229451 0.857092175
1561000965.373335838 152.455420 158.769674 -48.899747 -0.017389752 0.041648782 -0.529602073 0.847044638
1561000965.473354816 152.242108 159.347037 -48.865418 -0.015053015 0.039022939 -0.546261674 0.836569662
1561000965.571824312 152.033713 159.953992 -48.878921 -0.016588282 0.039235944 -0.562241502 0.825875211
1561000965.673169851 151.875938 160.587409 -48.853912 -0.020791673 0.041498284 -0.577840435 0.814828835
1561000965.772767782 151.763616 161.179387 -48.798810 -0.022369622 0.042508809 -0.593815048 0.803166415
1561000965.873780251 151.662903 161.770275 -48.725435 -0.022037048 0.042229124 -0.608889071 0.791823950
1561000965.972916126 151.561317 162.367125 -48.660107 -0.018083649 0.038871612 -0.623869852 0.780351451
1561000966.071357489 151.449191 163.007313 -48.662862 -0.018781351 0.033346940 -0.638293855 0.768840814
1561000966.173095942 151.389410 163.664105 -48.689736 -0.024320260 0.031229538 -0.652190608 0.757020906
1561000966.271511316 151.370739 164.293938 -48.670012 -0.027112327 0.031366921 -0.666392763 0.744447261
1561000966.372993231 151.365007 164.902199 -48.644029 -0.022879404 0.033361115 -0.680459018 0.731668705
1561000966.473181725 151.373775 165.505673 -48.637442 -0.018947136 0.032700508 -0.693602752 0.719365627
1561000966.571896791 151.394097 166.134760 -48.665849 -0.019747952 0.032405911 -0.705534592 0.707658685
1561000966.673954725 151.477940 166.794025 -48.700026 -0.024671469 0.032958009 -0.716889057 0.695970666
1561000966.771974087 151.601432 167.420061 -48.701574 -0.035184619 0.033588779 -0.727105681 0.684800091
1561000966.872921467 151.727650 168.044079 -48.659146 -0.040852367 0.032805128 -0.736851638 0.674021195
1561000966.972939014 151.834216 168.662507 -48.629468 -0.037555912 0.032883528 -0.746217308 0.663828258
1561000967.071642399 151.940332 169.275364 -48.630788 -0.035852511 0.034634165 -0.753960154 0.655026074
1561000967.172866344 152.076355 169.903331 -48.639211 -0.037429241 0.037039665 -0.760103570 0.647664789
1561000967.272016525 152.232521 170.526087 -48.644346 -0.041627873 0.038172357 -0.764678399 0.641932191
1561000967.373454809 152.406181 171.190273 -48.650051 -0.045560151 0.037752363 -0.768401577 0.637226842
1561000967.473264217 152.570891 171.840415 -48.642716 -0.049426018 0.037196505 -0.771122922 0.633674149
1561000967.571993351 152.715128 172.481852 -48.628477 -0.046811837 0.035667397 -0.774183417 0.630219426
1561000967.673618078 152.848086 173.131783 -48.624578 -0.042186451 0.035808996 -0.776655276 0.627490718
1561000967.772292137 152.985004 173.766722 -48.643493 -0.037948222 0.036194159 -0.779035443 0.624782917
1561000967.873377562 153.154359 174.412705 -48.683287 -0.040140845 0.039688347 -0.780867110 0.622141547
1561000967.973456383 153.345458 175.069165 -48.676341 -0.049049186 0.041832298 -0.781843016 0.620133643
1561000968.073363304 153.536784 175.740482 -48.646200 -0.052353481 0.039236391 -0.783220542 0.618292165
1561000968.173422337 153.688902 176.435703 -48.636466 -0.050883610 0.032922114 -0.784585480 0.617051551
1561000968.272029638 153.827754 177.128831 -48.668866 -0.045416671 0.031398939 -0.785896126 0.615888555
1561000968.373096943 153.996253 177.807750 -48.703815 -0.044683661 0.035086642 -0.786813300 0.614570687
1561000968.472182512 154.188399 178.475242 -48.705494 -0.046607109 0.038415005 -0.787744995 0.613033350
1561000968.572125196 154.391308 179.146035 -48.693959 -0.046415999 0.039883878 -0.788407049 0.612102243
1561000968.673207521 154.580665 179.832516 -48.680474 -0.046515556 0.039893484 -0.788719324 0.611691623
1561000968.772171974 154.752460 180.523044 -48.671834 -0.045167914 0.037798868 -0.789090773 0.611446528
1561000968.873591661 154.920866 181.243263 -48.691743 -0.043231360 0.037050796 -0.789300525 0.611361570
1561000968.974101305 155.107343 181.945267 -48.705272 -0.043879537 0.037345898 -0.789462409 0.611088353
1561000969.072604179 155.308124 182.654583 -48.711832 -0.046186494 0.038466571 -0.789700308 0.610541198
1561000969.173719168 155.511037 183.377312 -48.711684 -0.047538612 0.038846477 -0.789233643 0.611016602
1561000969.272403240 155.695781 184.104222 -48.725289 -0.047155920 0.038172848 -0.789718517 0.610461970
1561000969.372616529 155.879983 184.832504 -48.726894 -0.046295844 0.037350875 -0.789662848 0.610650631
1561000969.472046375 156.065538 185.566236 -48.720943 -0.045661000 0.037377718 -0.789655494 0.610706296
1561000969.573007822 156.261052 186.296695 -48.725597 -0.045379619 0.038207564 -0.789617149 0.610725494
1561000969.672786713 156.457809 187.025327 -48.729089 -0.044588076 0.037796278 -0.789647607 0.610770006
1561000969.771809340 156.649836 187.761823 -48.731452 -0.044013227 0.037369152 -0.789666331 0.610813775
1561000969.872773409 156.845732 188.515895 -48.742234 -0.044821311 0.037365101 -0.789744976 0.610653562
1561000969.972655773 157.045626 189.268212 -48.751737 -0.045519472 0.037438281 -0.789733395 0.610612412
1561000970.073112249 157.248222 190.027180 -48.752217 -0.046524354 0.037209379 -0.789655048 0.610651989
1561000970.173256636 157.446835 190.788368 -48.750323 -0.045240201 0.036600323 -0.789703999 0.610721978
1561000970.272400379 157.645335 191.550774 -48.752329 -0.044194456 0.038067839 -0.789745084 0.610655707
1561000970.373503447 157.853069 192.316504 -48.744691 -0.043418291 0.038856683 -0.789655775 0.610777183
1561000970.473306894 158.059963 193.080397 -48.746302 -0.043989002 0.038802707 -0.789700540 0.610681893
1561000970.574044466 158.263957 193.867591 -48.753669 -0.045481118 0.037921658 -0.789798893 0.610500716
1561000970.673208237 158.463036 194.642270 -48.762777 -0.045730116 0.036130647 -0.789765368 0.610634093
1561000970.773212433 158.659622 195.411442 -48.768319 -0.045591802 0.037247868 -0.789348164 0.611116569
1561000970.873077869 158.854705 196.158907 -48.755520 -0.044544767 0.038302451 -0.788948572 0.611644371
1561000970.972648382 159.053143 196.909133 -48.748459 -0.043259330 0.037975450 -0.788579910 0.612232162
1561000971.072094679 159.241619 197.665954 -48.748052 -0.044067642 0.038127704 -0.787886077 0.613057788
1561000971.173196554 159.426827 198.437258 -48.757780 -0.045625749 0.035984708 -0.787149050 0.614019353
1561000971.272027493 159.607120 199.188936 -48.767976 -0.045343497 0.034448030 -0.786350890 0.615150045
1561000971.373328209 159.785495 199.938215 -48.774184 -0.043627812 0.034538919 -0.785527056 0.616320470
1561000971.471904039 159.974699 200.659281 -48.762392 -0.043569757 0.037352284 -0.784415587 0.617574830
1561000971.572656155 160.158524 201.389240 -48.742394 -0.042797614 0.039288558 -0.783128773 0.619139805
1561000971.674146175 160.319718 202.132261 -48.736995 -0.041522811 0.037005405 -0.782135778 0.620620722
1561000971.773294687 160.471043 202.873557 -48.758686 -0.041644351 0.034205921 -0.780972812 0.622235623
1561000971.873822212 160.631098 203.631526 -48.771978 -0.043261345 0.034332441 -0.779383038 0.624108820
1561000971.972709179 160.788191 204.369222 -48.772314 -0.044668385 0.033823323 -0.777456664 0.626435834
1561000972.073823452 160.933177 205.093944 -48.766096 -0.043288593 0.033401144 -0.775296142 0.629226791
1561000972.173960686 161.066916 205.795943 -48.753076 -0.040601025 0.031692036 -0.772842540 0.632504214
1561000972.272145510 161.193494 206.479557 -48.743842 -0.037989942 0.032308569 -0.769852616 0.636270281
1561000972.373880148 161.311631 207.166069 -48.734883 -0.036157085 0.032734607 -0.766413564 0.640493060
1561000972.472492456 161.420095 207.827802 -48.734003 -0.036858624 0.034009256 -0.762464185 0.645083854
1561000972.574055433 161.520840 208.501455 -48.740863 -0.038139956 0.035309727 -0.758036636 0.650137697
1561000972.674165964 161.613675 209.164953 -48.744191 -0.040417211 0.035990732 -0.752768819 0.656056569
1561000972.773777962 161.690681 209.829609 -48.741898 -0.043662793 0.037343922 -0.746404779 0.663007464
1561000972.874346256 161.740901 210.484860 -48.714751 -0.041860608 0.036540098 -0.740024839 0.670280351
1561000972.973166466 161.767601 211.123463 -48.694591 -0.039538548 0.036186625 -0.732630207 0.678513236
1561000973.074131012 161.778653 211.738735 -48.664611 -0.037344931 0.037390138 -0.724691200 0.687044393
1561000973.174301624 161.793479 212.337529 -48.629515 -0.036126818 0.039460567 -0.715691628 0.696364279
1561000973.272346258 161.779613 212.923321 -48.601717 -0.036967595 0.041666961 -0.705452961 0.706564492
1561000973.372600794 161.734435 213.518963 -48.580286 -0.037505225 0.041781357 -0.694908776 0.716902692
1561000973.472626448 161.654307 214.123525 -48.584770 -0.036581681 0.042120750 -0.682903173 0.728375507
1561000973.572600126 161.552942 214.714002 -48.577981 -0.035394508 0.040667547 -0.670455243 0.739988613
1561000973.673445702 161.440642 215.272086 -48.564398 -0.034773005 0.040200440 -0.656390179 0.752546806
1561000973.772382498 161.315154 215.811147 -48.542016 -0.033746895 0.041415946 -0.641902066 0.764923267
1561000973.873697281 161.170298 216.328878 -48.515746 -0.032309589 0.042319670 -0.626333526 0.777734820
1561000973.972108841 161.001944 216.814466 -48.476522 -0.031617075 0.043619309 -0.610037015 0.790539408
1561000974.074009180 160.807892 217.297484 -48.424259 -0.030613406 0.044069664 -0.593118996 0.803324680
1561000974.173992634 160.588766 217.746820 -48.366528 -0.028958487 0.043742941 -0.575709190 0.815969908
1561000974.272162437 160.346560 218.146234 -48.328755 -0.026394051 0.044253019 -0.557725260 0.828424745
1561000974.374375820 160.083894 218.567219 -48.312774 -0.025239020 0.044255547 -0.538337143 0.841188183
1561000974.472677946 159.809756 218.977915 -48.315992 -0.024384013 0.044783207 -0.518579966 0.853507295
1561000974.574044466 159.550591 219.417790 -48.272498 -0.028453680 0.046224575 -0.496747742 0.866195912
1561000974.675559044 159.287999 219.797604 -48.178673 -0.032533905 0.042820463 -0.474652608 0.878528801
1561000974.774257898 158.990917 220.142147 -48.074630 -0.030935502 0.042697541 -0.451955259 0.890480970
1561000974.875578880 158.649402 220.443741 -48.009541 -0.021469368 0.041104151 -0.428492305 0.902354620
1561000974.974293947 158.260002 220.662775 -47.998717 -0.015513654 0.040910414 -0.404771077 0.913370702
1561000975.074227571 157.886329 220.933553 -48.012939 -0.013442778 0.044123657 -0.379456178 0.924059199
1561000975.176032782 157.502794 221.217104 -47.999153 -0.016164605 0.047130202 -0.353335281 0.934168951
1561000975.275288820 157.138873 221.490028 -47.922825 -0.018702171 0.045682258 -0.327204995 0.943663209
1561000975.375802755 156.737739 221.719347 -47.820887 -0.015677520 0.041814527 -0.301276364 0.952490584
1561000975.474177837 156.314927 221.898263 -47.774839 -0.010541093 0.036375835 -0.275179323 0.960646670
1561000975.575771093 155.886632 222.047514 -47.720617 -0.006329041 0.030586743 -0.249194353 0.967949673
1561000975.675967216 155.436655 222.136584 -47.692664 0.003092277 0.027906130 -0.223381595 0.974326613
1561000975.773773193 154.985624 222.190713 -47.691644 0.008745441 0.031025455 -0.196743188 0.979925026
1561000975.875330687 154.537600 222.255361 -47.683483 0.011653730 0.036021197 -0.169263328 0.984843434
1561000975.973721266 154.102448 222.317454 -47.659757 0.009806398 0.039940284 -0.141548475 0.989076659
1561000976.073755264 153.662178 222.379123 -47.590182 0.007660575 0.041450724 -0.114287997 0.992552974
1561000976.175517321 153.225128 222.415518 -47.490269 0.006761578 0.041477071 -0.087887001 0.995243593
1561000976.275781870 152.796451 222.416478 -47.394604 0.008777129 0.039560119 -0.061942106 0.997256805
1561000976.375776052 152.346311 222.347915 -47.362041 0.016706749 0.038160483 -0.037876052 0.998413775
1561000976.474332809 151.865907 222.253621 -47.342369 0.027568781 0.038926116 -0.014649014 0.998754287
1561000976.574189901 151.385207 222.156800 -47.343002 0.033200417 0.039851052 0.008383345 0.998618719
1561000976.675442219 150.894438 222.072784 -47.351581 0.030532008 0.039864056 0.029832767 0.998292873
1561000976.773522139 150.421602 221.978252 -47.326496 0.024737661 0.038733313 0.050024978 0.997689972
1561000976.875713110 149.947328 221.879589 -47.262946 0.023288193 0.037572184 0.069223272 0.996621357
1561000976.973687887 149.497501 221.752576 -47.172797 0.025401839 0.037148439 0.087377750 0.995158213
1561000977.077104568 149.041430 221.600891 -47.113721 0.028741133 0.037543047 0.104805519 0.993368144
1561000977.176654100 148.597215 221.433972 -47.086705 0.031404033 0.037598060 0.120989848 0.991444214
1561000977.276502609 148.141487 221.265744 -47.060560 0.031521936 0.037010996 0.136806433 0.989404141
1561000977.376633644 147.676276 221.068839 -47.023265 0.030597880 0.036454308 0.150915410 0.987400320
1561000977.475392103 147.205129 220.862376 -46.976624 0.032300794 0.036605995 0.163757116 0.985291970
1561000977.576281548 146.730848 220.625309 -46.931181 0.036783920 0.037872445 0.173689117 0.983384315
1561000977.677359819 146.261917 220.381805 -46.894621 0.040614104 0.040097447 0.181692859 0.981697710
1561000977.776640415 145.781907 220.155481 -46.867244 0.041981809 0.042092861 0.188766525 0.980220851
1561000977.876638174 145.295474 219.942441 -46.835055 0.040324798 0.042158518 0.195069596 0.979052819
1561000977.974888086 144.812329 219.722599 -46.789337 0.039403107 0.040706914 0.200983621 0.977954972
1561000978.076627970 144.302076 219.484128 -46.743483 0.040108633 0.039610447 0.205783423 0.976972616
1561000978.176917553 143.806882 219.235326 -46.699755 0.042207135 0.038779664 0.209984622 0.976023132
1561000978.276153803 143.295813 218.977084 -46.660482 0.044048713 0.037935380 0.213725543 0.975162556
1561000978.376790524 142.785575 218.710354 -46.628867 0.045439269 0.037916793 0.217322696 0.974304078
1561000978.475289345 142.271808 218.452148 -46.599462 0.046144888 0.038553802 0.220788796 0.973466261
1561000978.576477528 141.756832 218.189108 -46.572058 0.045764698 0.039028301 0.224097877 0.972708860
1561000978.676585913 141.234276 217.925997 -46.528524 0.044216193 0.039045335 0.227551399 0.971977752
1561000978.776513815 140.709650 217.654279 -46.467698 0.042772804 0.038543009 0.230494853 0.971368646
1561000978.876740932 140.187769 217.377698 -46.410129 0.043411713 0.037859868 0.233129170 0.970738298
1561000978.975415230 139.655703 217.087194 -46.361555 0.044686579 0.037536291 0.235595239 0.970097428
1561000979.076961040 139.107948 216.777239 -46.334448 0.046259812 0.037930739 0.237584984 0.969522905
1561000979.175508261 138.559459 216.479733 -46.315511 0.045980977 0.038195145 0.239979293 0.968935921
1561000979.286444664 137.948132 216.155449 -46.265607 0.044044484 0.038677841 0.242783281 0.968308002
1561000979.376058578 137.459943 215.894031 -46.208501 0.042718498 0.038338829 0.245118370 0.967792462
1561000979.474428177 136.914881 215.588311 -46.151662 0.043149250 0.037692431 0.247523561 0.967186388
1561000979.575540304 136.345867 215.246222 -46.113815 0.044579972 0.037149221 0.249572826 0.966615728
1561000979.676440716 135.768314 214.899911 -46.079297 0.044634513 0.036191224 0.251120051 0.966248765
1561000979.774387598 135.200231 214.569998 -46.035066 0.043591257 0.035751184 0.253469288 0.965699216
1561000979.877479315 134.610496 214.234772 -45.984964 0.043062879 0.035849842 0.255435723 0.965200999
1561000979.976238728 134.030726 213.889973 -45.927299 0.043290864 0.033952253 0.256828569 0.964889751
1561000980.078062057 133.454898 213.537050 -45.853615 0.042938766 0.034327094 0.258685812 0.964395958
1561000980.176615477 132.907471 213.197593 -45.785072 0.043401303 0.043086823 0.260809072 0.963451338
1561000980.278201103 132.346451 212.841879 -45.725619 0.041826918 0.054963792 0.262710368 0.962399477
1561000980.378404617 131.795511 212.497138 -45.673729 0.043609853 0.061536554 0.264194292 0.961515891
1561000980.476862192 131.207051 212.166742 -45.632643 0.043830695 0.062749127 0.265807565 0.960982703
1561000980.578115225 130.555336 211.817286 -45.582422 0.042807066 0.059396420 0.265653632 0.961284437
1561000980.678150654 129.851570 211.422796 -45.574011 0.043131329 0.052108583 0.265870314 0.961632654
1561000980.783816814 129.138157 211.005432 -45.586054 0.053686473 0.038761829 0.265049679 0.961958394
1561000980.878324986 128.572760 210.607577 -45.551119 0.055265481 0.021241698 0.266077752 0.962131564
1561000980.977154970 128.008127 210.220371 -45.442690 0.051533053 0.028836554 0.267591594 0.961721132
1561000981.078583956 127.427943 209.855138 -45.349081 0.042327361 0.039409836 0.269892547 0.961152055
1561000981.177079916 126.846257 209.486237 -45.293650 0.041086884 0.038827771 0.270539742 0.961047616
1561000981.277210474 126.237074 209.093678 -45.267990 0.044606389 0.035919510 0.270982628 0.960879011
1561000981.378310442 125.587229 208.678306 -45.266774 0.048462075 0.033675463 0.271052048 0.960753963
1561000981.476751328 124.941769 208.294167 -45.257294 0.049434547 0.034016859 0.271073658 0.960686292
1561000981.578210354 124.278547 207.902471 -45.220642 0.046307336 0.036110295 0.271248330 0.960716410
1561000981.678784609 123.623284 207.509886 -45.156612 0.044657557 0.037223493 0.271146077 0.960780890
1561000981.778782606 122.976339 207.120108 -45.086797 0.042384341 0.037046606 0.271435468 0.960808984
1561000981.879913330 122.315264 206.715242 -45.015296 0.042485272 0.036207862 0.270734602 0.961034218
1561000981.979195833 121.667082 206.309057 -44.971101 0.043259799 0.035057345 0.270100820 0.961220640
1561000982.079917908 121.004015 205.892152 -44.938614 0.043736639 0.034967048 0.269119946 0.961477440
1561000982.178401232 120.336693 205.488206 -44.901346 0.044349559 0.035194673 0.268356385 0.961654461
1561000982.279438734 119.674719 205.092213 -44.834936 0.042134151 0.034577621 0.267362415 0.962053242
1561000982.379417181 119.016833 204.690200 -44.756142 0.040983344 0.033576122 0.266212043 0.962457354
1561000982.478063583 118.363099 204.294444 -44.699266 0.041867638 0.033912701 0.264462935 0.962889602
1561000982.579498053 117.696021 203.891204 -44.654503 0.042019016 0.033307311 0.262617455 0.963409102
1561000982.680063486 117.045990 203.505602 -44.615069 0.043892762 0.032450688 0.260625592 0.963895575
1561000982.780692816 116.375759 203.117707 -44.578655 0.045567689 0.031677629 0.257943697 0.964564753
1561000982.880587578 115.706311 202.739276 -44.541017 0.045433130 0.031140853 0.254921571 0.965391667
1561000982.979631901 115.043526 202.382935 -44.487587 0.044549583 0.031978128 0.251291926 0.966356612
1561000983.080554485 114.392942 202.031821 -44.428297 0.043779630 0.032493554 0.247278271 0.967409412
1561000983.179595470 113.743061 201.676661 -44.370572 0.044531386 0.032186224 0.243041954 0.968458368
1561000983.280900717 113.070523 201.322458 -44.324203 0.045455821 0.031823030 0.238168729 0.969637417
1561000983.380867481 112.406728 200.983941 -44.274795 0.045849564 0.030450755 0.232523610 0.971032100
1561000983.479789019 111.744898 200.659755 -44.229834 0.047779246 0.030258989 0.226352028 0.972402333
1561000983.580795050 111.068698 200.340022 -44.191081 0.048757881 0.031331898 0.219556006 0.973876861
1561000983.680346251 110.385144 200.041344 -44.142930 0.047570208 0.032087333 0.211918849 0.975601291
1561000983.780003786 109.700162 199.754533 -44.092773 0.047581145 0.033803479 0.204217361 0.977184030
1561000983.881353140 109.015057 199.478935 -44.027324 0.046331425 0.034186309 0.195847309 0.978942555
1561000983.980943441 108.336920 199.217045 -43.965210 0.046668506 0.034713595 0.187927575 0.980459200
1561000984.081043243 107.653006 198.967098 -43.901122 0.047127045 0.035641159 0.179373409 0.982005056
1561000984.179834127 106.968847 198.732862 -43.838132 0.046314548 0.038278412 0.171008447 0.983435731
1561000984.280913591 106.275262 198.518510 -43.778754 0.044557542 0.041679114 0.162518429 0.984817362
1561000984.380700827 105.577431 198.322001 -43.723577 0.042743595 0.042005370 0.153580556 0.986317163
1561000984.479171038 104.862306 198.134936 -43.690692 0.044426455 0.039541833 0.144824140 0.987668316
1561000984.580417156 104.116346 197.961621 -43.644456 0.038396620 0.034151285 0.136148113 0.989354881
1561000984.679714441 103.419620 197.815134 -43.526019 0.035005743 0.037743819 0.127534024 0.990497388
1561000984.780430079 102.763235 197.678125 -43.389203 0.029052845 0.049702429 0.119562380 0.991156112
1561000984.880533695 102.120708 197.542510 -43.292268 0.024840153 0.060566485 0.110829004 0.991681199
1561000984.979482174 101.415648 197.461559 -43.227883 0.022958734 0.068583717 0.102927250 0.992056022
1561000985.080355883 100.625793 197.403291 -43.135150 0.021723062 0.069007342 0.092850495 0.993048277
1561000985.171958208 99.818010 197.344430 -43.062918 0.019374395 0.064813027 0.081761900 0.994353507
1561000985.271859169 99.024983 197.242314 -43.032991 0.012185516 0.045410592 0.073102021 0.996215582
1561000985.372566700 98.380483 197.125761 -43.041687 0.017036785 0.026654955 0.062643017 0.997534518
1561000985.471261024 97.787535 197.010235 -42.968448 0.016434979 0.036605034 0.054864327 0.997687260
1561000985.572265387 97.166013 196.948089 -42.870859 0.012081673 0.056222082 0.045786668 0.997294687
1561000985.671271801 96.503803 196.942447 -42.806311 0.010734976 0.055868375 0.034986870 0.997767209
1561000985.772555351 95.769457 196.978363 -42.708053 0.010140995 0.055062646 0.023978991 0.998143413
1561000985.872703314 95.020226 196.998207 -42.628804 0.011443519 0.051472593 0.013732286 0.998514418
1561000985.972016096 94.295047 196.991054 -42.546510 0.013722333 0.050023153 0.003671626 0.998647035
1561000986.073894978 93.571520 196.984917 -42.504615 0.017061101 0.047273226 -0.006146553 0.998717368
1561000986.172242403 92.863388 196.996632 -42.443989 0.015370611 0.047910261 -0.015644184 0.998610840
1561000986.273216486 92.147107 197.050742 -42.344410 0.013979484 0.048853501 -0.025235055 0.998389253
1561000986.373502731 91.421775 197.131897 -42.255795 0.015396086 0.047370897 -0.035776552 0.998117727
1561000986.471708059 90.694398 197.219051 -42.177706 0.015828907 0.045663201 -0.045458792 0.997796480
1561000986.573599815 89.953307 197.300169 -42.085721 0.016346137 0.044420007 -0.054865723 0.997371254
1561000986.671958447 89.231891 197.389670 -42.007972 0.019407246 0.045246281 -0.064484377 0.996703516
1561000986.773664951 88.502972 197.507631 -41.925927 0.018930534 0.047888492 -0.073371863 0.995974346
1561000986.874087572 87.773601 197.649602 -41.839776 0.016935320 0.049749364 -0.080902238 0.995335634
1561000986.972171783 87.028145 197.825635 -41.766621 0.016227135 0.050421011 -0.087366951 0.994767017
1561000987.073868036 86.257527 198.025109 -41.671680 0.014926449 0.049628132 -0.092745178 0.994340275
1561000987.172596455 85.491833 198.216292 -41.584353 0.015701778 0.048523871 -0.097569104 0.993921103
1561000987.274388790 84.707990 198.392886 -41.504377 0.015097205 0.047959066 -0.101605710 0.993553361
1561000987.374592304 83.957930 198.570502 -41.418845 0.015384544 0.048422029 -0.105341495 0.993137348
1561000987.474059105 83.206496 198.725313 -41.310967 0.015076268 0.049406836 -0.107918026 0.992816887
1561000987.573976755 82.466212 198.881338 -41.197060 0.015635180 0.051197591 -0.109739168 0.992517840
1561000987.672074556 81.735923 199.041984 -41.070122 0.014746283 0.053243333 -0.111810029 0.992192628
1561000987.773712158 80.965322 199.225574 -40.959939 0.014534619 0.053947356 -0.113496719 0.991966190
1561000987.873681068 80.188603 199.426060 -40.855498 0.013951372 0.052703389 -0.115870943 0.991766926
1561000987.973529577 79.386053 199.622598 -40.763083 0.015616059 0.051073849 -0.117744492 0.991606694
1561000988.073459387 78.586420 199.815320 -40.686525 0.015120818 0.049774477 -0.119258173 0.991499546
1561000988.171925306 77.795214 200.012642 -40.598652 0.012991924 0.050542769 -0.120456344 0.991346008
1561000988.273647547 77.004040 200.223194 -40.478309 0.014183196 0.052929284 -0.122276168 0.990982274
1561000988.374113798 76.223603 200.420111 -40.361115 0.013942576 0.053646855 -0.123378852 0.990810415
1561000988.472131252 75.439374 200.618970 -40.259533 0.014860262 0.054108940 -0.124435951 0.990639737
1561000988.573792696 74.624263 200.823633 -40.146258 0.015709629 0.053301169 -0.125555477 0.990529159
1561000988.672250271 73.815692 201.019986 -40.044294 0.017170601 0.052855768 -0.126308324 0.990433060
1561000988.772049427 72.994747 201.244268 -39.946676 0.016455336 0.052684860 -0.126130074 0.990477022
1561000988.873613358 72.169783 201.471814 -39.831835 0.016139450 0.053347186 -0.125705523 0.990500741
1561000988.971961260 71.354817 201.697954 -39.722574 0.015837436 0.053635320 -0.125227227 0.990550640
1561000989.073909760 70.529789 201.915725 -39.592304 0.014591551 0.054119874 -0.124501619 0.990634884
1561000989.172327995 69.714467 202.126559 -39.476299 0.015880415 0.054656899 -0.123545332 0.990705298
1561000989.273807526 68.870874 202.330093 -39.372323 0.015610583 0.054714164 -0.122300135 0.990860912
1561000989.375145435 68.025741 202.532913 -39.270202 0.015123772 0.055139067 -0.121045852 0.990998919
1561000989.483802080 67.113322 202.761384 -39.145006 0.015704211 0.055168964 -0.120211180 0.991089822
1561000989.574709892 66.326599 202.954381 -39.054375 0.015683130 0.054525790 -0.119587768 0.991201162
1561000989.673272133 65.465968 203.172131 -38.950971 0.015174340 0.053149546 -0.119079996 0.991344955
1561000989.774785757 64.595873 203.395904 -38.847901 0.015226997 0.051770808 -0.118196169 0.991522863
1561000989.874884605 63.732749 203.614816 -38.747462 0.014545772 0.051900911 -0.117329765 0.991629186
1561000989.978000641 62.864772 203.835812 -38.617885 0.013748275 0.051979831 -0.117018711 0.991673184
1561000990.076637030 62.020276 204.041644 -38.484014 0.012848642 0.052375897 -0.116105294 0.991771767
1561000990.175173998 61.155143 204.234995 -38.354914 0.011994707 0.052873709 -0.115639970 0.991810413
1561000990.276620865 60.275105 204.438106 -38.241244 0.011429646 0.054145645 -0.115409293 0.991775331
1561000990.376352549 59.407650 204.636685 -38.119058 0.010747270 0.055022973 -0.115120346 0.991768257
1561000990.475262403 58.541587 204.839335 -37.989595 0.010090227 0.056354519 -0.114787588 0.991738960
1561000990.576072454 57.651800 205.048901 -37.857897 0.009916774 0.057235766 -0.114519606 0.991721223
1561000990.676162243 56.756622 205.250863 -37.730593 0.011462839 0.057978545 -0.114779942 0.991631311
1561000990.776313543 55.854478 205.453229 -37.600379 0.011286993 0.057975808 -0.114549483 0.991660136
1561000990.876195669 54.940082 205.641243 -37.508045 0.013741028 0.059688199 -0.114302163 0.991556110
1561000990.977804422 54.040322 205.860017 -37.352358 0.012331571 0.058760743 -0.114693143 0.991584888
1561000991.077762365 53.136505 206.071715 -37.216610 0.013121782 0.057354183 -0.114846034 0.991639403
1561000991.176513910 52.213428 206.265724 -37.125784 0.013726089 0.057614935 -0.114531935 0.991652434
1561000991.277545214 51.289031 206.467302 -36.998356 0.015569275 0.060210841 -0.115198200 0.991393780
1561000991.376235247 50.396533 206.679628 -36.870745 0.015243395 0.061209115 -0.114891180 0.991373340
1561000991.477587700 49.478020 206.897255 -36.748723 0.015100668 0.060059657 -0.114924391 0.991441976
1561000991.578048229 48.551226 207.113181 -36.644649 0.014499578 0.058307970 -0.114871381 0.991561651
1561000991.676232815 47.630040 207.330183 -36.545466 0.014059512 0.056760198 -0.115023858 0.991640117
1561000991.777591228 46.705780 207.554432 -36.419155 0.013967524 0.056544845 -0.115027122 0.991653342
1561000991.877715349 45.800394 207.769677 -36.292571 0.013989681 0.056622709 -0.115167372 0.991632308
1561000991.977044821 44.889799 207.983500 -36.164569 0.013890520 0.056888075 -0.115125358 0.991623392
1561000992.077844143 43.962973 208.211836 -36.034335 0.013757722 0.057072539 -0.115420456 0.991580339
1561000992.176413059 43.060745 208.435023 -35.891631 0.013001098 0.056709251 -0.115459358 0.991606862
1561000992.277748585 42.141600 208.657465 -35.745183 0.011894744 0.056614175 -0.115565893 0.991613773
1561000992.377477646 41.232538 208.867014 -35.603800 0.011932274 0.056577377 -0.115431272 0.991631102
1561000992.476518631 40.322365 209.073404 -35.470761 0.012693187 0.056929542 -0.115559618 0.991586549
1561000992.577446222 39.403931 209.270761 -35.338607 0.013086392 0.057804679 -0.115388173 0.991550773
1561000992.678284168 38.492333 209.472529 -35.197368 0.014538035 0.059274166 -0.115673891 0.991410495
1561000992.777254820 37.591459 209.677556 -35.067964 0.015436048 0.060331710 -0.115700339 0.991330038
1561000992.877586126 36.675307 209.893336 -34.930538 0.015820464 0.060639068 -0.115953707 0.991275620
1561000992.976292133 35.773051 210.111750 -34.797058 0.015307029 0.060356464 -0.116230127 0.991268556
1561000993.077834606 34.857950 210.344370 -34.653354 0.014767123 0.060531944 -0.116601138 0.991222473
1561000993.177748680 33.978062 210.564529 -34.516083 0.015247683 0.060833911 -0.116890645 0.991162611
1561000993.277397394 33.091871 210.782640 -34.382601 0.015046605 0.060913169 -0.117365834 0.991104660
1561000993.376409292 32.214033 210.994576 -34.246074 0.014586608 0.060883596 -0.117970613 0.991041550
1561000993.475636721 31.335770 211.209060 -34.111238 0.015141666 0.060925843 -0.118337588 0.990986875
1561000993.577206850 30.449509 211.423390 -33.978958 0.014857679 0.060952343 -0.118786375 0.990935850
1561000993.675691366 29.592354 211.628736 -33.838278 0.014162739 0.060835249 -0.118873057 0.990942827
1561000993.777121544 28.726611 211.841212 -33.686754 0.014672044 0.061897002 -0.119308927 0.990817275
1561000993.876438856 27.874145 212.038795 -33.536687 0.015422569 0.063120638 -0.119516872 0.990703612
1561000993.975917339 27.009415 212.236232 -33.400154 0.016111280 0.062911488 -0.119813837 0.990670084
1561000994.076858044 26.131172 212.446946 -33.291629 0.016655726 0.061816231 -0.120237710 0.990678673
1561000994.175387859 25.258564 212.673327 -33.185451 0.015959967 0.060961625 -0.120558904 0.990704048
1561000994.276805162 24.401545 212.895571 -33.057386 0.014783197 0.061196767 -0.120627629 0.990699444
1561000994.376889706 23.563844 213.110525 -32.908030 0.014471990 0.061457216 -0.120645864 0.990685696
1561000994.475942612 22.730842 213.310898 -32.763410 0.016925548 0.063210834 -0.120291845 0.990579521
1561000994.577179193 21.890259 213.520463 -32.608271 0.016793661 0.065873122 -0.119489545 0.990505403
1561000994.678465366 21.057112 213.720035 -32.455736 0.016756688 0.068903699 -0.118300236 0.990442602
1561000994.777338266 20.222325 213.918850 -32.330537 0.017488831 0.068407529 -0.118129201 0.990484751
1561000994.876597643 19.361909 214.129290 -32.236393 0.015999993 0.066547084 -0.118025496 0.990649014
1561000994.976360559 18.491313 214.346209 -32.125295 0.015471973 0.064137762 -0.117807205 0.990842282
1561000995.077671528 17.624947 214.557168 -32.024108 0.016311671 0.062532085 -0.117030657 0.991023457
1561000995.176887989 16.772224 214.766629 -31.900386 0.015941896 0.060926849 -0.117004963 0.991132490
1561000995.277907848 15.938623 214.978192 -31.758874 0.015172408 0.060621157 -0.116779662 0.991189883
1561000995.376419306 15.142745 215.184915 -31.622032 0.016708178 0.063131490 -0.116667815 0.991021631
1561000995.479379892 14.349300 215.375833 -31.449278 0.016585293 0.071988598 -0.116378033 0.990453797
1561000995.580586672 13.560295 215.563796 -31.288588 0.016185292 0.076306276 -0.115827253 0.990201715
1561000995.679741621 12.701572 215.757186 -31.192745 0.015394211 0.072587188 -0.115370694 0.990547183
1561000995.780511618 11.787231 215.953248 -31.111160 0.014612759 0.060506588 -0.116499453 0.991238265
1561000995.879956484 10.917306 216.146131 -31.003957 0.015976579 0.048830257 -0.118170299 0.991663317
1561000995.980473757 10.111344 216.322633 -30.874198 0.016838076 0.049525197 -0.118414798 0.991585432
1561000996.080581903 9.317750 216.494199 -30.705851 0.018206786 0.062027845 -0.118109504 0.990894144
1561000996.179831028 8.538776 216.670836 -30.533487 0.020121853 0.071640048 -0.118100041 0.990209672
1561000996.280453444 7.731442 216.875276 -30.376132 0.019696303 0.071911505 -0.118136136 0.990194246
1561000996.379844904 6.901723 217.089982 -30.254265 0.019257141 0.068994528 -0.118357584 0.990383966
1561000996.480825424 6.044539 217.303297 -30.147934 0.019340507 0.066632035 -0.118846166 0.990485591
1561000996.580829382 5.205121 217.497295 -30.032117 0.019344497 0.066834867 -0.119194351 0.990430006
1561000996.679820061 4.380071 217.707918 -29.908373 0.019123415 0.067842830 -0.119374676 0.990344047
1561000996.780614853 3.565450 217.920525 -29.761484 0.018702402 0.070035956 -0.119203650 0.990220013
1561000996.879599571 2.765151 218.126863 -29.617772 0.018786580 0.071448909 -0.118670647 0.990181496
1561000996.980546951 1.946670 218.327928 -29.470202 0.018268169 0.071089585 -0.118459002 0.990242399
1561000997.080563307 1.121609 218.536389 -29.320528 0.018778541 0.071422351 -0.118116037 0.990249876
1561000997.180400610 0.284117 218.731496 -29.173149 0.019229306 0.070605559 -0.118164159 0.990294058
1561000997.280434132 -0.554428 218.925072 -29.023643 0.019569450 0.070762395 -0.118110813 0.990282564
1561000997.379392862 -1.377489 219.115744 -28.888973 0.019718277 0.070993360 -0.117952896 0.990281903
1561000997.479414940 -2.201004 219.309143 -28.748298 0.019269755 0.071577871 -0.117877759 0.990257602
1561000997.580655575 -3.023599 219.516659 -28.621393 0.019484640 0.071176707 -0.117849777 0.990285643
1561000997.679328442 -3.838337 219.717190 -28.480211 0.019398856 0.071398546 -0.117410562 0.990323529
1561000997.780650616 -4.655800 219.912691 -28.337753 0.019644643 0.072194103 -0.116975626 0.990312477
1561000997.879676104 -5.462096 220.096694 -28.202880 0.020030863 0.072679978 -0.116668305 0.990305454
1561000997.981067181 -6.281341 220.292136 -28.059920 0.020607866 0.073191881 -0.116585157 0.990265705
1561000998.073231220 -7.078179 220.481933 -27.922000 0.020402067 0.073486841 -0.116439574 0.990265250
1561000998.172789097 -7.920077 220.684552 -27.768850 0.019797925 0.072713770 -0.116313793 0.990349358
1561000998.272851706 -8.750588 220.882661 -27.607381 0.020357113 0.073173414 -0.116084176 0.990331108
1561000998.371835470 -9.559126 221.064854 -27.468851 0.020732875 0.073437028 -0.115602451 0.990360149
1561000998.472805023 -10.370541 221.252710 -27.327535 0.021386706 0.074075843 -0.115942999 0.990258855
1561000998.572573423 -11.175046 221.440664 -27.192733 0.021578618 0.074918008 -0.115601219 0.990231293
1561000998.672466516 -11.992414 221.636313 -27.058257 0.021661632 0.074528137 -0.115260508 0.990298614
1561000998.771335840 -12.798479 221.826155 -26.925982 0.021503737 0.074316232 -0.114970444 0.990351697
1561000998.871630430 -13.603881 222.015864 -26.787544 0.021571370 0.074515388 -0.114944110 0.990338318
1561000998.971256256 -14.398206 222.202784 -26.643529 0.020422611 0.074030678 -0.114733191 0.990423480
1561000999.072758675 -15.188058 222.392523 -26.503446 0.020310861 0.074051422 -0.114329680 0.990470888
1561000999.171664953 -15.983282 222.577664 -26.364086 0.020195996 0.073702965 -0.114475097 0.990482431
1561000999.272777557 -16.776573 222.763751 -26.219024 0.020418434 0.074871187 -0.114533584 0.990383487
1561000999.372096777 -17.556599 222.947295 -26.085685 0.021270138 0.075760203 -0.114153625 0.990341821
1561000999.472886324 -18.333913 223.126136 -25.942824 0.020967424 0.075933426 -0.113950124 0.990358446
1561000999.572802544 -19.111480 223.299991 -25.803014 0.021160157 0.076141612 -0.114308205 0.990297095
1561000999.673389673 -19.876684 223.475141 -25.659820 0.020199478 0.076060875 -0.113865073 0.990374409
1561000999.772759438 -20.633856 223.652316 -25.507236 0.020948060 0.075844449 -0.113788523 0.990384254
1561000999.871423721 -21.386785 223.827067 -25.360173 0.020492896 0.075550666 -0.114226279 0.990365839
1561000999.972863436 -22.155305 223.996853 -25.215798 0.021166111 0.076301066 -0.114597780 0.990251227
1561001000.072893143 -22.911040 224.168408 -25.078742 0.021622649 0.076345212 -0.115222100 0.990165510
1561001000.172324419 -23.657389 224.342745 -24.942380 0.021581097 0.076633017 -0.115956253 0.990058475
1561001000.272641897 -24.396201 224.517409 -24.800977 0.022018939 0.076872759 -0.117166536 0.989887745
1561001000.371803999 -25.128077 224.696039 -24.659081 0.021510552 0.077066008 -0.118501901 0.989724924
1561001000.472788334 -25.862523 224.886323 -24.515366 0.021818353 0.077553752 -0.120636301 0.989422184
1561001000.573482037 -26.593692 225.067689 -24.378223 0.021946999 0.077892564 -0.123279479 0.989066857
1561001000.673529387 -27.316220 225.251081 -24.238022 0.021779835 0.078050908 -0.126171732 0.988693273
1561001000.774649858 -28.040302 225.445699 -24.110119 0.021995624 0.078117904 -0.129601902 0.988239411
1561001000.872955084 -28.749557 225.651341 -23.980220 0.020701883 0.078387027 -0.133416395 0.987738311
1561001000.973210573 -29.464498 225.865828 -23.843729 0.020311808 0.078605962 -0.138179038 0.987074003
1561001001.074716091 -30.167902 226.086165 -23.707265 0.020228225 0.079049425 -0.144181738 0.986181339
1561001001.173122883 -30.849336 226.295755 -23.579985 0.020533639 0.079784578 -0.150754633 0.985132393
1561001001.274919748 -31.536583 226.527709 -23.454806 0.020331223 0.080660208 -0.158260063 0.983887354
1561001001.373333931 -32.201076 226.775615 -23.337549 0.019464543 0.080820561 -0.165832305 0.982643789
1561001001.474806786 -32.872110 227.055699 -23.221285 0.018092623 0.081255028 -0.173909153 0.981236915
1561001001.575007677 -33.534724 227.352179 -23.111040 0.016788390 0.081981223 -0.181880417 0.979753409
1561001001.674393177 -34.182405 227.653350 -22.979517 0.014809304 0.082875854 -0.190139594 0.978140691
1561001001.774705648 -34.816611 227.971523 -22.848238 0.014763699 0.083016080 -0.198485269 0.976470154
1561001001.874584913 -35.443515 228.276488 -22.730343 0.013170409 0.083646416 -0.207358428 0.974593402
1561001001.974536419 -36.054543 228.579194 -22.603524 0.012169049 0.084675202 -0.216787269 0.972463523
1561001002.074487448 -36.667085 228.906693 -22.492689 0.012446419 0.085229338 -0.226889363 0.970104254
1561001002.174450636 -37.270140 229.259636 -22.373734 0.010575747 0.085968535 -0.236577673 0.967744062
1561001002.274652481 -37.870130 229.636639 -22.240194 0.009936868 0.086446970 -0.246791301 0.965153995
1561001002.372954130 -38.447741 230.028620 -22.117698 0.009341152 0.086506076 -0.256030239 0.962745012
1561001002.474649906 -39.030470 230.437110 -21.981819 0.007782328 0.086757967 -0.265003899 0.960304860
1561001002.575041771 -39.592271 230.844742 -21.841903 0.005891536 0.086956923 -0.273765135 0.957839462
1561001002.672955036 -40.137507 231.215104 -21.708786 0.004233946 0.087370536 -0.282188573 0.955362796
1561001002.774884462 -40.699665 231.584599 -21.582473 0.004557883 0.087922417 -0.290350573 0.952861700
1561001002.874616861 -41.249049 231.952137 -21.473006 0.004346388 0.088925157 -0.297853223 0.950450884
1561001002.974769831 -41.802801 232.343180 -21.354531 0.004925872 0.089263609 -0.305006539 0.948144902
1561001003.074550867 -42.356069 232.766388 -21.219443 0.004370692 0.089445892 -0.311416084 0.946044583
1561001003.174932003 -42.908339 233.213565 -21.101855 0.004255535 0.088857085 -0.317804708 0.943973769
1561001003.274820566 -43.472401 233.686267 -20.973051 0.002960645 0.088321098 -0.323260391 0.942174791
1561001003.372908354 -44.005235 234.126476 -20.843807 0.002141292 0.088082827 -0.328273199 0.940464533
1561001003.474661827 -44.535045 234.574120 -20.706820 0.002793658 0.087828607 -0.332456717 0.939015901
1561001003.573586226 -45.031448 234.999381 -20.580322 0.002047296 0.089164748 -0.335906991 0.937663026
1561001003.672881842 -45.516724 235.431823 -20.417460 0.002165613 0.090192251 -0.338574031 0.936604662
1561001003.774386883 -46.026124 235.881659 -20.276909 0.002476728 0.091098911 -0.340804926 0.935706608
1561001003.873580694 -46.548801 236.340701 -20.151309 0.002357306 0.090926296 -0.342818356 0.934987929
1561001003.975910664 -47.090203 236.808052 -20.024766 0.002539544 0.089959956 -0.344447941 0.934481874
1561001004.072922945 -47.618622 237.260451 -19.910964 0.004124593 0.088859884 -0.345508195 0.934190021
1561001004.173162460 -48.143798 237.719947 -19.801040 0.004294063 0.089284019 -0.346199903 0.933892688
1561001004.274998426 -48.644654 238.163606 -19.684033 0.004856168 0.089682827 -0.346730935 0.933654683
1561001004.373741627 -49.126251 238.599951 -19.564801 0.004289523 0.089717867 -0.346632530 0.933690631
1561001004.474862099 -49.605716 239.031307 -19.437888 0.003434139 0.089971452 -0.346255310 0.933809726
1561001004.574146271 -50.069994 239.446904 -19.291529 0.003428773 0.090285575 -0.346006794 0.933871542
1561001004.675092459 -50.546260 239.857619 -19.146624 0.004459538 0.090884139 -0.345362390 0.934047646
1561001004.775367022 -51.015279 240.251787 -19.012230 0.005418753 0.091764562 -0.345497443 0.933906537
1561001004.874360561 -51.474034 240.654698 -18.888850 0.005450844 0.092730017 -0.345077218 0.933966351
1561001004.974755049 -51.941249 241.070429 -18.767761 0.004753409 0.093183526 -0.344946613 0.933973270
1561001005.073100567 -52.405981 241.493272 -18.648562 0.003828549 0.093013010 -0.344972204 0.933985065
1561001005.175039530 -52.870064 241.906794 -18.512952 0.003970470 0.092725928 -0.345021504 0.933994807
1561001005.274985790 -53.321821 242.293967 -18.389223 0.004137094 0.092494582 -0.345380272 0.933884417
1561001005.372874737 -53.761981 242.658202 -18.271062 0.004886190 0.092400928 -0.345651555 0.933789696
1561001005.474506855 -54.189996 243.023463 -18.164360 0.005274916 0.092716055 -0.345813987 0.933696201
1561001005.573495150 -54.590472 243.377773 -18.056559 0.004900766 0.092875253 -0.345894202 0.933652703
1561001005.674587488 -54.981582 243.732561 -17.952820 0.005395000 0.093324488 -0.346589100 0.933347432
1561001005.774697542 -55.380369 244.095439 -17.837993 0.004216131 0.093695743 -0.346475818 0.933358366
1561001005.873112440 -55.767581 244.435220 -17.721007 0.004150251 0.093486506 -0.347130486 0.933136364
1561001005.974604845 -56.158569 244.767974 -17.615198 0.004434363 0.093450566 -0.347339790 0.933060769
1561001006.072981119 -56.528694 245.082770 -17.529867 0.005070103 0.093634589 -0.347777995 0.932875835
1561001006.174328804 -56.901066 245.408310 -17.451451 0.005125456 0.093636796 -0.347804374 0.932865477
1561001006.274405718 -57.245461 245.726810 -17.364160 0.004596181 0.093404262 -0.348089712 0.932785115
1561001006.372380972 -57.563868 246.032618 -17.259726 0.003769386 0.093635316 -0.348296898 0.932688314
1561001006.474483490 -57.885825 246.324116 -17.149643 0.003644219 0.093978350 -0.348790904 0.932469675
1561001006.573327541 -58.190898 246.574219 -17.063757 0.004389277 0.094257889 -0.349289839 0.932251464
1561001006.674329758 -58.491962 246.816534 -17.004104 0.004595519 0.093683483 -0.350207444 0.931964072
1561001006.774975061 -58.766886 247.059930 -16.954112 0.004983604 0.094004108 -0.350940268 0.931654077
1561001006.874426603 -59.016846 247.305386 -16.878533 0.004556014 0.095961013 -0.352365020 0.930918696
1561001006.976032019 -59.261470 247.564419 -16.788031 0.003863909 0.096319350 -0.354442410 0.930095818
1561001007.074172258 -59.521491 247.828492 -16.691700 0.001826560 0.095623483 -0.356258146 0.929479933
1561001007.175131321 -59.806086 248.101599 -16.600699 0.001800909 0.092959330 -0.359515770 0.928495412
1561001007.275607347 -60.076417 248.352098 -16.528766 0.002256623 0.093022686 -0.362650460 0.927268209
1561001007.373235226 -60.297486 248.554842 -16.455350 0.003523011 0.096172204 -0.365111853 0.925976150
1561001007.474857092 -60.501416 248.767227 -16.373260 0.004407422 0.100234771 -0.368977633 0.924007073
1561001007.573915958 -60.703082 248.998842 -16.298383 0.003128296 0.104511196 -0.372662872 0.922057486
1561001007.673974991 -60.917197 249.257687 -16.211272 0.001633739 0.107587724 -0.376559565 0.920122332
1561001007.774837255 -61.138420 249.515402 -16.101265 0.001939564 0.111359554 -0.380670870 0.917978745
1561001007.873620510 -61.371163 249.764291 -16.024301 0.003364736 0.111715025 -0.384260210 0.916434680
1561001007.974432230 -61.636679 250.033332 -15.974560 0.004851761 0.114746630 -0.388154031 0.914410258
1561001008.072696686 -61.878585 250.328877 -15.932882 0.004813145 0.115421559 -0.392449716 0.912489955
1561001008.174380302 -62.110763 250.664951 -15.825665 0.003397280 0.114524744 -0.396956285 0.910658141
1561001008.274300098 -62.368301 250.994139 -15.721796 0.003552620 0.113204812 -0.400722569 0.909171861
1561001008.374083281 -62.651792 251.306159 -15.648687 0.003330975 0.112453991 -0.404773689 0.907469705
1561001008.474837542 -62.930944 251.625310 -15.591873 0.003048547 0.111351869 -0.407733190 0.906280924
1561001008.573345661 -63.140281 251.944717 -15.534808 0.002543839 0.111699331 -0.410809655 0.904849278
1561001008.674773216 -63.307089 252.235713 -15.472771 0.000581422 0.113601434 -0.414475880 0.902941926
1561001008.774842739 -63.469986 252.482199 -15.408069 0.000758424 0.114310181 -0.417812381 0.901313165
1561001008.874248505 -63.637283 252.666897 -15.345988 0.000045590 0.114726420 -0.420760394 0.899888069
1561001008.974962950 -63.799150 252.829081 -15.298846 0.000397404 0.114370393 -0.423817376 0.898497684
1561001009.073285818 -63.951188 252.990689 -15.261864 0.000277274 0.114055481 -0.426090822 0.897461911
1561001009.176229477 -64.091605 253.166921 -15.241425 0.000912919 0.113995424 -0.427564574 0.896767944
1561001009.276529074 -64.222228 253.372526 -15.212700 0.002052167 0.115424465 -0.427692096 0.896522422
1561001009.374791145 -64.318900 253.590660 -15.166591 0.001020367 0.117265208 -0.428115067 0.896083322
1561001009.476299286 -64.430852 253.828600 -15.084320 0.000262221 0.118186868 -0.427618582 0.896199835
1561001009.574981928 -64.589541 254.059029 -15.015809 -0.000009742 0.118447781 -0.426751255 0.896578769
1561001009.676136732 -64.768906 254.260945 -14.929147 0.000263687 0.117802762 -0.425211524 0.897394896
1561001009.775934935 -64.966610 254.426401 -14.862488 0.001057990 0.117061299 -0.423564633 0.898269745
1561001009.875752687 -65.145173 254.561818 -14.815499 0.001506501 0.116955564 -0.421313279 0.899341007
1561001009.975960970 -65.282659 254.684923 -14.774019 0.002150903 0.117175787 -0.418599762 0.900577286
1561001010.074733496 -65.395720 254.786161 -14.727124 0.002427540 0.117541880 -0.416055554 0.901707153
1561001010.175249338 -65.486170 254.871911 -14.682438 0.002883928 0.117900620 -0.413509971 0.902829237
1561001010.276776552 -65.559867 254.941162 -14.652090 0.003179875 0.118067886 -0.411090105 0.903910830
1561001010.375247002 -65.631779 255.011891 -14.624465 0.003620377 0.117685816 -0.408934313 0.904936279
1561001010.476834774 -65.707776 255.098333 -14.605765 0.003888820 0.117775272 -0.406659728 0.905947972
1561001010.575417995 -65.745095 255.155909 -14.589295 0.004465323 0.117923036 -0.404690225 0.906807609
1561001010.677042484 -65.767280 255.196220 -14.575990 0.004855318 0.118206680 -0.402783497 0.907617244
1561001010.777943611 -65.794746 255.226653 -14.564802 0.005041640 0.118300958 -0.401133748 0.908334290
1561001010.877683878 -65.834656 255.261803 -14.555256 0.005188382 0.118339687 -0.399774920 0.908927287
1561001010.977466822 -65.882917 255.300645 -14.545906 0.005378551 0.118353171 -0.398784918 0.909359218
1561001011.076916933 -65.926851 255.334634 -14.536817 0.005596255 0.118271840 -0.398056140 0.909687728
1561001011.177276850 -65.961012 255.364998 -14.530031 0.005722682 0.118368597 -0.397180920 0.910056835
1561001011.277324677 -65.982887 255.383132 -14.521643 0.005891309 0.118542084 -0.396920572 0.910146761
1561001011.375991344 -65.982223 255.383778 -14.518753 0.005890059 0.118577260 -0.396589155 0.910286649
1561001011.477563858 -65.974006 255.376255 -14.523166 0.005930140 0.118574652 -0.396625610 0.910270845
1561001011.577092171 -65.961263 255.359631 -14.532519 0.005815140 0.118266147 -0.396264431 0.910469002
1561001011.677349091 -65.929271 255.338171 -14.536250 0.005888510 0.118436555 -0.396360765 0.910404444
1561001011.777922392 -65.883208 255.305748 -14.544172 0.005888593 0.118541605 -0.396622860 0.910276617
1561001011.877466202 -65.858688 255.292737 -14.548218 0.005826841 0.118483773 -0.396527343 0.910326156
1561001011.977733374 -65.847532 255.288094 -14.554494 0.005854825 0.118495107 -0.396474998 0.910347300
1561001012.077825069 -65.852208 255.291449 -14.554079 0.005792010 0.118447140 -0.396644930 0.910279917
1561001012.177547455 -65.856137 255.296284 -14.557603 0.005866502 0.118409537 -0.396543340 0.910328592
1561001012.276149988 -65.860308 255.309488 -14.555658 0.005816916 0.118437030 -0.396529706 0.910331272
1561001012.376438618 -65.871296 255.316501 -14.551384 0.005885697 0.118454613 -0.396417237 0.910377524
1561001012.477430344 -65.879590 255.321713 -14.548378 0.005882797 0.118505373 -0.396420119 0.910369682
1561001012.576182604 -65.890313 255.328902 -14.544739 0.005947928 0.118571750 -0.396185635 0.910462687
1561001012.677711725 -65.888681 255.329643 -14.541972 0.005928755 0.118509613 -0.396157533 0.910483130
1561001012.777981758 -65.889168 255.330540 -14.543581 0.005942260 0.118488202 -0.396228376 0.910455001
1561001012.878181219 -65.891216 255.331214 -14.544008 0.005870393 0.118502791 -0.396148876 0.910488163
1561001012.977850676 -65.893344 255.335640 -14.544205 0.005942812 0.118499304 -0.396144959 0.910489851
1561001013.076652765 -65.896932 255.330780 -14.546167 0.005923630 0.118443232 -0.396019328 0.910551922
1561001013.178139687 -65.890794 255.333391 -14.544490 0.005998872 0.118475852 -0.395680962 0.910694275
1561001013.277802944 -65.889675 255.333238 -14.545301 0.005877445 0.118547583 -0.395974059 0.910558329
1561001013.377698183 -65.891163 255.330791 -14.543518 0.005869692 0.118511568 -0.396105418 0.910505932
1561001013.477564812 -65.890576 255.333359 -14.543061 0.005932292 0.118556500 -0.395932170 0.910575028
1561001013.576067686 -65.889928 255.332544 -14.543129 0.005900961 0.118493894 -0.396123053 0.910500358
1561001013.677564859 -65.884336 255.331349 -14.545024 0.005914909 0.118517204 -0.395970046 0.910563786
1561001013.779153347 -65.884536 255.330904 -14.543971 0.005934727 0.118541303 -0.395910924 0.910586228
1561001013.879057884 -65.882981 255.331527 -14.543082 0.005892450 0.118481993 -0.395986683 0.910561279
1561001013.979121923 -65.887295 255.332715 -14.543168 0.005889296 0.118515956 -0.396041045 0.910533237
1561001014.077697754 -65.886933 255.330282 -14.544802 0.005938940 0.118490393 -0.396014315 0.910547867
1561001014.180377007 -65.882751 255.327487 -14.546519 0.005920819 0.118572387 -0.395989179 0.910548243
1561001014.280448675 -65.883470 255.329250 -14.547011 0.005985798 0.118511790 -0.395869436 0.910607773
1561001014.379384518 -65.882356 255.330308 -14.548564 0.005884739 0.118554506 -0.396066370 0.910517232
1561001014.480565310 -65.885595 255.332832 -14.547726 0.005962950 0.118569299 -0.395986520 0.910549527
1561001014.579617262 -65.886643 255.333493 -14.546684 0.005900292 0.118529095 -0.396005692 0.910546832
1561001014.680586100 -65.887166 255.333464 -14.547015 0.005934907 0.118495526 -0.396006112 0.910550793
1561001014.780699968 -65.885593 255.331199 -14.548059 0.005953695 0.118578969 -0.395976128 0.910552847
1561001014.880562544 -65.887743 255.331377 -14.546378 0.005956725 0.118515160 -0.395878821 0.910603445
1561001014.980289936 -65.890726 255.330947 -14.545828 0.005958099 0.118523737 -0.395949047 0.910571786
1561001015.079290390 -65.887829 255.331907 -14.547277 0.005916763 0.118527799 -0.396005551 0.910546954
1561001015.180137157 -65.884211 255.333389 -14.545898 0.005908216 0.118481417 -0.395930960 0.910585483
1561001015.280459881 -65.887903 255.334983 -14.545034 0.005892544 0.118573981 -0.396012300 0.910538164
1561001015.379632235 -65.892771 255.335445 -14.544767 0.005957685 0.118494851 -0.395938033 0.910580337
1561001015.480823040 -65.892027 255.334763 -14.546472 0.005934911 0.118551875 -0.395936481 0.910573738
1561001015.581180811 -65.894013 255.334817 -14.546390 0.005924510 0.118557901 -0.395901241 0.910588344
1561001015.681073666 -65.889916 255.331461 -14.549124 0.005893484 0.118497176 -0.396066862 0.910524424
1561001015.780166864 -65.890440 255.331026 -14.547278 0.005930139 0.118535906 -0.395855209 0.910611182
1561001015.879647017 -65.885852 255.329900 -14.548241 0.005931032 0.118547463 -0.395993147 0.910549696
1561001015.980471849 -65.883035 255.330735 -14.546646 0.005920311 0.118473129 -0.395975797 0.910566986
1561001016.079234600 -65.881660 255.335014 -14.548784 0.005943909 0.118511228 -0.395808365 0.910634667
1561001016.180603981 -65.881270 255.330926 -14.547966 0.005902368 0.118477404 -0.395905104 0.910597285
1561001016.279589415 -65.881668 255.331288 -14.547173 0.005888107 0.118484410 -0.395923529 0.910588455
1561001016.380693436 -65.884453 255.331280 -14.547284 0.005949412 0.118479647 -0.395930880 0.910585480
1561001016.480597496 -65.887519 255.334015 -14.546513 0.005972811 0.118454715 -0.395929268 0.910589271
1561001016.579489231 -65.885772 255.334568 -14.546454 0.005912625 0.118468346 -0.395919143 0.910592293
1561001016.680584669 -65.884881 255.333149 -14.545228 0.005893764 0.118510069 -0.395954149 0.910571765
1561001016.779491663 -65.887542 255.335061 -14.545020 0.005967161 0.118495290 -0.395850136 0.910618432
1561001016.880721092 -65.892256 255.335380 -14.543511 0.005923082 0.118490727 -0.395775708 0.910651664
1561001016.980386257 -65.891317 255.335167 -14.545260 0.005911791 0.118457315 -0.395924907 0.910591227
1561001017.079430103 -65.888057 255.330161 -14.549442 0.005943578 0.118371425 -0.395820690 0.910647496
1561001017.179618359 -65.880943 255.328853 -14.550977 0.005883305 0.118455965 -0.395957491 0.910577419
1561001017.279190302 -65.870230 255.321420 -14.553723 0.005909019 0.118448195 -0.395784893 0.910653297
1561001017.380533934 -65.864521 255.317464 -14.554345 0.005974263 0.118501635 -0.395590773 0.910730263
1561001017.480559111 -65.863485 255.313734 -14.554551 0.005951026 0.118493090 -0.395476973 0.910780949
1561001017.579304934 -65.870380 255.318503 -14.554101 0.006016982 0.118407708 -0.395125872 0.910943992
1561001017.680482149 -65.877268 255.329565 -14.552556 0.006075320 0.118360970 -0.394720409 0.911125442
1561001017.780139446 -65.883958 255.338206 -14.552496 0.006146685 0.118401715 -0.394385501 0.911264687
1561001017.879463911 -65.887529 255.344329 -14.550537 0.006302233 0.118370661 -0.393729535 0.911551272
1561001017.980608225 -65.892701 255.358121 -14.543667 0.006431232 0.118498007 -0.392668885 0.911991233
1561001018.079388618 -65.902618 255.364487 -14.541446 0.006488992 0.118490331 -0.392123096 0.912226623
1561001018.180644751 -65.924062 255.382978 -14.537137 0.006531410 0.118512852 -0.391396889 0.912535216
1561001018.279624462 -65.950051 255.408860 -14.528631 0.006700466 0.118426471 -0.390502254 0.912928401
1561001018.379904270 -65.969920 255.439053 -14.519695 0.006874310 0.118500256 -0.389311660 0.913425895
1561001018.480575323 -66.000838 255.480332 -14.507523 0.007046242 0.118661085 -0.387880182 0.914012506
1561001018.580145121 -66.038426 255.516888 -14.491343 0.007238291 0.118744766 -0.386704309 0.914498259
1561001018.680474281 -66.089952 255.562595 -14.476837 0.007378311 0.118876932 -0.385334244 0.915058116
1561001018.779701710 -66.138577 255.603758 -14.465475 0.007802516 0.118849613 -0.383440496 0.915853305
1561001018.880420208 -66.183161 255.648652 -14.454519 0.008027216 0.118799761 -0.381856200 0.916519516
1561001018.980229139 -66.233917 255.699322 -14.435588 0.008185680 0.118916919 -0.380335776 0.917134918
1561001019.079281807 -66.279208 255.761756 -14.410098 0.008467634 0.119211852 -0.378330916 0.917922955
1561001019.180502415 -66.335418 255.825753 -14.377097 0.008588699 0.119516281 -0.376059493 0.918815189
1561001019.279833555 -66.405644 255.886765 -14.351122 0.008918339 0.119486834 -0.373602143 0.919817807
1561001019.379828930 -66.484182 255.955810 -14.335032 0.009599639 0.119370179 -0.370513676 0.921074494
1561001019.480308771 -66.574931 256.034592 -14.318255 0.010156181 0.119259298 -0.367351098 0.922348764
1561001019.579311132 -66.644819 256.112571 -14.294938 0.010638472 0.119686796 -0.363311893 0.923886553
1561001019.680377245 -66.716586 256.189333 -14.266426 0.011323295 0.119769381 -0.358634121 0.925693602
1561001019.779493332 -66.811510 256.266055 -14.238871 0.012274051 0.119611164 -0.353281297 0.927757965
1561001019.880809069 -66.899257 256.339510 -14.222032 0.013378464 0.119427443 -0.346789919 0.930212263
1561001019.980064154 -66.990610 256.428033 -14.202318 0.014437804 0.119446263 -0.339420157 0.932908408
1561001020.080240488 -67.079094 256.523462 -14.160608 0.014944670 0.119491274 -0.331377861 0.935781601
1561001020.180647135 -67.167560 256.611280 -14.114726 0.016022760 0.119541540 -0.322105171 0.938989537
1561001020.279741287 -67.255781 256.684618 -14.069352 0.017313647 0.119475747 -0.312300031 0.942281526
1561001020.379780054 -67.363672 256.739727 -14.038524 0.019147855 0.119309714 -0.302260714 0.945535305
1561001020.480480909 -67.457898 256.790235 -14.021581 0.020646007 0.119182592 -0.291546924 0.948878097
1561001020.579423189 -67.554063 256.855727 -14.004470 0.022424600 0.119066554 -0.279776887 0.952389199
1561001020.680418015 -67.664374 256.924757 -13.992422 0.024627620 0.119070846 -0.267443943 0.955870991
1561001020.779652119 -67.769565 256.996222 -13.975378 0.026425465 0.119044040 -0.253975908 0.959492808
1561001020.880447388 -67.866783 257.076910 -13.939650 0.027372180 0.118647222 -0.239943234 0.963120369
1561001020.980316639 -67.946560 257.158065 -13.881983 0.028481299 0.118208638 -0.226388809 0.966417943
1561001021.079273462 -68.016694 257.224651 -13.827367 0.029534815 0.117978757 -0.212100380 0.969650523
1561001021.180482864 -68.139682 257.254904 -13.770125 0.031365480 0.117965326 -0.197055118 0.972763933
1561001021.279861450 -68.289808 257.262333 -13.733938 0.033401496 0.117560093 -0.181774809 0.975716087
1561001021.380628824 -68.444742 257.239037 -13.726609 0.036073059 0.116960032 -0.165306041 0.978617902
1561001021.480683327 -68.599006 257.197952 -13.714887 0.038687546 0.116067942 -0.148457149 0.981321548
1561001021.579575300 -68.767662 257.172148 -13.685414 0.040400645 0.115788477 -0.131757323 0.983667029
1561001021.680989742 -68.943587 257.183170 -13.617594 0.041636384 0.115085416 -0.114961556 0.985802008
1561001021.780122995 -69.122436 257.175819 -13.557725 0.043412539 0.113950102 -0.097841153 0.987703313
1561001021.880580425 -69.320026 257.144876 -13.534734 0.046522018 0.113204088 -0.080367320 0.989222740
1561001021.980796814 -69.509807 257.106747 -13.508270 0.048466493 0.112784972 -0.062734724 0.990451868
1561001022.080085993 -69.696355 257.082342 -13.474547 0.050436906 0.112603660 -0.044965561 0.991339817
1561001022.179977894 -69.888795 257.056773 -13.416057 0.051796814 0.111872801 -0.026131563 0.992027574
1561001022.278766155 -70.102215 257.016716 -13.343041 0.053309233 0.110747960 -0.008380170 0.992382380
1561001022.380055189 -70.330655 256.953682 -13.281180 0.055229972 0.109148542 0.009963413 0.992439911
1561001022.479838133 -70.558348 256.860260 -13.247873 0.057544770 0.108230550 0.027055619 0.992090087
1561001022.579648495 -70.807623 256.743078 -13.217865 0.059546585 0.107563015 0.043683638 0.991451533
1561001022.680197954 -71.061041 256.626182 -13.204910 0.062240092 0.107518356 0.060500234 0.990406833
1561001022.779457808 -71.296199 256.511868 -13.192279 0.064013519 0.106989140 0.076525942 0.989241817
1561001022.879479647 -71.541095 256.434013 -13.133358 0.064484773 0.105649010 0.092634318 0.987977168
1561001022.980615139 -71.764391 256.362144 -13.031562 0.065125545 0.104134262 0.108038906 0.986530442
1561001023.079276800 -72.002963 256.267966 -12.942529 0.065460344 0.102548371 0.123814551 0.984819137
1561001023.180482388 -72.252380 256.116673 -12.885745 0.068121119 0.102203901 0.137473682 0.982860551
1561001023.279136658 -72.521210 255.936505 -12.854261 0.068941668 0.101394324 0.150388880 0.980994099
1561001023.380042076 -72.771670 255.761705 -12.840481 0.070935604 0.101862384 0.163055880 0.978777286
1561001023.480485439 -73.008280 255.599876 -12.819565 0.072282492 0.103102749 0.175033308 0.976477550
1561001023.579537153 -73.276863 255.468889 -12.757085 0.071994910 0.103685624 0.185637711 0.974476611
1561001023.680288076 -73.563165 255.327299 -12.655658 0.072019127 0.101949193 0.195161985 0.972795666
1561001023.779226780 -73.877366 255.162882 -12.568003 0.072872969 0.101977527 0.203314105 0.971057923
1561001023.880129099 -74.209817 254.964526 -12.525207 0.072955894 0.100878571 0.210456980 0.969643652
1561001023.980175018 -74.514689 254.728794 -12.499761 0.074139695 0.101327256 0.215394148 0.968422146
1561001024.080187321 -74.830599 254.472359 -12.489527 0.074439087 0.101857085 0.218784028 0.967583333
1561001024.180048466 -75.191716 254.220850 -12.488103 0.075925016 0.101729418 0.221421206 0.966881155
1561001024.278857231 -75.589784 253.990427 -12.447945 0.075689946 0.100107912 0.224665221 0.966320328
1561001024.380175114 -75.937351 253.794313 -12.386130 0.075374299 0.099282020 0.228042899 0.965638769
1561001024.480545521 -76.245103 253.617214 -12.298707 0.074563943 0.098752584 0.231444378 0.964946447
1561001024.579107046 -76.526837 253.420935 -12.215871 0.074396391 0.099417862 0.234600679 0.964128512
1561001024.681805372 -76.835299 253.208657 -12.121399 0.074303145 0.099986903 0.236758688 0.963549161
1561001024.771808863 -77.127023 252.994959 -12.062042 0.074250771 0.100646185 0.238725980 0.962999001
1561001024.872242689 -77.463362 252.745402 -12.024391 0.075780778 0.103272682 0.240288700 0.962212745
1561001024.972633362 -77.847287 252.501290 -11.973234 0.075208419 0.103303326 0.241591917 0.961927992
1561001025.072463751 -78.236583 252.266160 -11.898840 0.074444591 0.102397271 0.242864881 0.961763719
1561001025.171768427 -78.640987 252.026128 -11.810603 0.073618563 0.102164987 0.244034066 0.961556029
1561001025.271353483 -79.031361 251.780658 -11.729399 0.074048598 0.102147400 0.244704926 0.961354364
1561001025.371222258 -79.403419 251.510848 -11.666691 0.074881556 0.103076299 0.246112802 0.960831160
1561001025.472241402 -79.791579 251.248259 -11.610321 0.075168003 0.104274735 0.246356127 0.960617098
1561001025.571102381 -80.181830 250.994177 -11.542405 0.075087328 0.105086952 0.247278895 0.960297753
1561001025.672242403 -80.598484 250.748058 -11.452707 0.074320160 0.105047478 0.247713922 0.960249631
1561001025.771958828 -80.996917 250.486235 -11.353936 0.073233656 0.104716208 0.248129912 0.960261888
1561001025.872197151 -81.380668 250.202366 -11.273530 0.073448836 0.105153762 0.247010075 0.960486323
1561001025.972771883 -81.795353 249.904568 -11.194212 0.074150600 0.106057957 0.245871801 0.960625034
1561001026.072544575 -82.203267 249.617065 -11.131155 0.074177720 0.106940780 0.243791754 0.961055106
1561001026.172724247 -82.625716 249.348596 -11.056680 0.073548210 0.107323555 0.242379043 0.961418075
1561001026.271235228 -83.033765 249.083198 -10.964642 0.073076697 0.107447515 0.241103256 0.961760910
1561001026.372415066 -83.458128 248.805709 -10.872848 0.072774144 0.107475909 0.239830490 0.962098846
1561001026.472270250 -83.867797 248.522783 -10.796515 0.072603025 0.108037696 0.238213348 0.962450548
1561001026.572303772 -84.272528 248.225637 -10.719291 0.072379233 0.108048477 0.236698276 0.962839914
1561001026.672236204 -84.699268 247.919345 -10.640166 0.072489875 0.108491244 0.234575743 0.963301141
1561001026.770936489 -85.136154 247.622549 -10.558958 0.072443204 0.108927675 0.233260278 0.963574795
1561001026.872405291 -85.568254 247.321031 -10.486812 0.071815138 0.109508278 0.231514624 0.963976920
1561001026.972436666 -86.020525 247.037806 -10.400424 0.071542050 0.110260698 0.229571901 0.964375993
1561001027.072253227 -86.476431 246.752330 -10.310282 0.071116977 0.110427529 0.228172967 0.964720288
1561001027.172164917 -86.958556 246.456503 -10.222011 0.070797663 0.111171511 0.225622939 0.965257932
1561001027.271280289 -87.438308 246.163581 -10.124724 0.070641551 0.111376236 0.223955072 0.965634108
1561001027.372519255 -87.940554 245.864614 -10.027664 0.070477849 0.111852720 0.222363114 0.965958844
1561001027.472712517 -88.442247 245.574316 -9.910315 0.070475490 0.111728969 0.220600348 0.966377426
1561001027.571843624 -88.945588 245.278076 -9.800136 0.070569072 0.112180066 0.218345202 0.966830394
1561001027.673492432 -89.461425 244.982565 -9.687841 0.070134938 0.112634762 0.216728051 0.967172918
1561001027.771750689 -89.961247 244.691419 -9.576437 0.069946364 0.113208744 0.214833502 0.967542171
1561001027.872811794 -90.494364 244.397690 -9.459223 0.069964986 0.113636825 0.212950848 0.967906767
1561001027.972414494 -91.046258 244.118013 -9.333784 0.069767349 0.114256371 0.211577661 0.968149210
1561001028.071405888 -91.604608 243.830611 -9.206297 0.069324493 0.114435466 0.209926391 0.968519256
1561001028.172350407 -92.161111 243.543305 -9.081985 0.068853550 0.114502515 0.208513323 0.968850121
1561001028.271170616 -92.731639 243.256295 -8.959180 0.069182333 0.115084755 0.206574330 0.969173024
1561001028.372018099 -93.323049 242.953799 -8.824112 0.068809430 0.115362731 0.204804566 0.969542053
1561001028.472513437 -93.921579 242.657331 -8.689271 0.068479216 0.115590065 0.203187889 0.969878454
1561001028.571244001 -94.515366 242.375573 -8.552388 0.068211198 0.115827603 0.202045373 0.970107657
1561001028.672449112 -95.123667 242.073722 -8.411336 0.067677951 0.116135826 0.200070891 0.970517286
1561001028.771113157 -95.728084 241.773672 -8.262217 0.067534717 0.116422870 0.198308056 0.970854620
1561001028.872333765 -96.349774 241.481008 -8.097738 0.066666043 0.117062804 0.197208154 0.971061729
1561001028.972302198 -96.964119 241.192646 -7.948922 0.067185341 0.117597261 0.195737803 0.971258836
1561001029.072501659 -97.609938 240.907308 -7.792935 0.066409153 0.118028245 0.194411376 0.971526312
1561001029.172612429 -98.248489 240.631933 -7.633009 0.065525332 0.118087019 0.193275634 0.971805750
1561001029.272768021 -98.894310 240.355053 -7.464470 0.064543097 0.117915937 0.191877727 0.972169203
1561001029.372530222 -99.527398 240.056597 -7.303596 0.062507482 0.117388530 0.191496652 0.972441145
1561001029.472179413 -100.186164 239.741038 -7.176944 0.064961167 0.118061153 0.190257396 0.972442149
1561001029.571191788 -100.848532 239.395548 -7.092996 0.068019619 0.117007296 0.189103769 0.972585415
1561001029.672224522 -101.530306 239.076347 -6.986391 0.069533314 0.117578374 0.187956097 0.972631970
1561001029.771240234 -102.197552 238.816199 -6.839981 0.067500685 0.117431161 0.186546354 0.973064252
1561001029.872557402 -102.849095 238.590149 -6.626146 0.064499793 0.118454693 0.186428127 0.973166386
1561001029.972320318 -103.462130 238.360927 -6.408958 0.064112419 0.122706603 0.186441493 0.972662458
1561001030.071484804 -104.090812 238.096152 -6.216048 0.064561035 0.125094953 0.185951462 0.972422326
1561001030.172438145 -104.733933 237.795924 -6.090920 0.065148478 0.122849284 0.184691263 0.972909485
1561001030.271501541 -105.413405 237.488853 -6.011486 0.066693920 0.121500966 0.183419064 0.973214716
1561001030.372365475 -106.122541 237.179824 -5.902234 0.065692374 0.119131172 0.181604219 0.973915902
1561001030.472203732 -106.826453 236.900011 -5.739571 0.063952066 0.118089483 0.180630989 0.974339496
1561001030.573102713 -107.501873 236.634229 -5.579651 0.064421052 0.120258461 0.179996419 0.974160726
1561001030.672149658 -108.135353 236.368111 -5.404743 0.065596853 0.122699134 0.178549158 0.974044236
1561001030.770943165 -108.779429 236.119142 -5.230882 0.065694372 0.123019251 0.177087505 0.974264096
1561001030.872896433 -109.472580 235.873087 -5.059123 0.063961256 0.122510074 0.175870123 0.974664014
1561001030.973458290 -110.154890 235.626320 -4.875861 0.063617749 0.121842461 0.174434209 0.975028155
1561001031.073127508 -110.838957 235.362513 -4.701856 0.064492761 0.122525383 0.173280636 0.975090783
1561001031.172910690 -111.529579 235.099268 -4.518463 0.063086715 0.123269535 0.172392433 0.975246398
1561001031.271268606 -112.207743 234.845868 -4.340999 0.062749414 0.123455859 0.170918611 0.975503967
1561001031.371664286 -112.910621 234.591100 -4.164466 0.063073908 0.122553005 0.169605119 0.975826084
1561001031.473198414 -113.638060 234.325002 -3.985756 0.060862053 0.121586540 0.168488567 0.976280762
1561001031.573229074 -114.349691 234.064975 -3.810028 0.061835170 0.121932396 0.166674986 0.976487763
1561001031.673196793 -115.039147 233.801665 -3.631883 0.061862733 0.121880444 0.164863709 0.976799937
1561001031.771528482 -115.710378 233.553179 -3.444226 0.061939570 0.122549095 0.162814147 0.977055148
1561001031.873110294 -116.384917 233.316283 -3.249737 0.061449871 0.123514508 0.160743602 0.977307308
1561001031.973181725 -117.077137 233.075407 -3.060188 0.059777382 0.124073396 0.158696209 0.977674777
1561001032.071186066 -117.772732 232.826858 -2.870071 0.060249174 0.124212739 0.156282012 0.978016956
1561001032.173215151 -118.483924 232.571419 -2.686555 0.060712775 0.123863061 0.153678060 0.978445172
1561001032.273345947 -119.189147 232.328780 -2.501904 0.060689450 0.124273757 0.151103092 0.978795525
1561001032.373421192 -119.904472 232.095061 -2.319233 0.060984464 0.124444362 0.148702581 0.979123097
1561001032.471724749 -120.612621 231.865192 -2.129188 0.060294463 0.124778101 0.145943621 0.979538393
1561001032.573271751 -121.330706 231.638400 -1.932713 0.060478547 0.125022278 0.143419397 0.979868691
1561001032.673102140 -122.048300 231.423330 -1.740053 0.060280958 0.125615238 0.140802179 0.980184556
1561001032.773313999 -122.773680 231.215437 -1.547201 0.059303299 0.125817044 0.138271242 0.980578530
1561001032.873296022 -123.510938 231.002257 -1.349661 0.059482778 0.125365899 0.135590130 0.980999749
1561001032.973056793 -124.252537 230.785694 -1.148624 0.058882942 0.125360852 0.132893842 0.981405463
1561001033.073109388 -124.987886 230.569790 -0.942709 0.059537356 0.125473741 0.130391362 0.981687189
1561001033.173108816 -125.718056 230.364672 -0.730010 0.059756354 0.125826849 0.127865911 0.981960840
1561001033.271559238 -126.445162 230.163126 -0.517804 0.059206304 0.126350039 0.125598816 0.982219537
1561001033.373073339 -127.182305 229.964581 -0.298326 0.059116002 0.127057801 0.123309816 0.982423688
1561001033.472904205 -127.911823 229.774229 -0.091014 0.058789637 0.127647971 0.121274460 0.982620109
1561001033.573226690 -128.636370 229.589923 0.123052 0.059002589 0.127557101 0.119220486 0.982870468
1561001033.674911499 -129.388411 229.398069 0.327903 0.058649094 0.127957730 0.117108804 0.983093399
1561001033.773833752 -130.132267 229.207929 0.526957 0.058009009 0.129016019 0.115250964 0.983212610
1561001033.874827623 -130.889502 229.017038 0.733889 0.057143061 0.129535739 0.113418998 0.983408000
1561001033.973224878 -131.641959 228.827175 0.930450 0.055726510 0.130548694 0.111642704 0.983558591
1561001034.075134754 -132.406805 228.638638 1.154558 0.055191086 0.129826916 0.109912387 0.983879151
1561001034.174978256 -133.163343 228.456399 1.372023 0.055863823 0.129733357 0.107538935 0.984115779
1561001034.273248196 -133.919882 228.279188 1.587486 0.055912562 0.129842598 0.105617195 0.984306707
1561001034.374871254 -134.694306 228.101142 1.807557 0.055403507 0.130202684 0.103588309 0.984503517
1561001034.473986387 -135.454150 227.927728 2.034862 0.055067293 0.130990967 0.101677242 0.984617031
1561001034.574407578 -136.218975 227.755536 2.257757 0.055030548 0.131468276 0.099793098 0.984748226
1561001034.674242496 -136.980088 227.596367 2.474508 0.055258505 0.131764114 0.097683423 0.984907440
1561001034.773821831 -137.748786 227.430625 2.690862 0.054824821 0.131166017 0.095821235 0.985194400
1561001034.874558687 -138.529343 227.263332 2.908153 0.054646320 0.131154914 0.093603945 0.985418931
1561001034.973678589 -139.294141 227.102018 3.131537 0.055498228 0.131132393 0.091305783 0.985589923
1561001035.074433804 -140.066168 226.940131 3.350335 0.055807058 0.132172216 0.089312511 0.985616230
1561001035.174458265 -140.830165 226.784988 3.567374 0.055370574 0.133518057 0.087270308 0.985642390
1561001035.272904158 -141.602780 226.640847 3.798791 0.054820192 0.134149363 0.085363019 0.985754457
1561001035.374593496 -142.388983 226.496889 4.032202 0.054906688 0.134596236 0.082945778 0.985895079
1561001035.473666668 -143.182098 226.351634 4.257628 0.054742937 0.134457490 0.080674808 0.986111540
1561001035.574309111 -143.984364 226.205189 4.484459 0.055605596 0.135224293 0.078030463 0.986171210
1561001035.675030470 -144.796773 226.073651 4.699876 0.054423793 0.135654229 0.075408956 0.986382010
1561001035.773159027 -145.617029 225.961235 4.936640 0.051204629 0.134327753 0.072703774 0.986938854
1561001035.874967575 -146.438829 225.833737 5.199187 0.051269473 0.135115015 0.069490827 0.987059471
1561001035.974026203 -147.218323 225.707254 5.438801 0.053059758 0.135698304 0.066924322 0.987062190
1561001036.074938774 -148.010211 225.591090 5.679050 0.052345108 0.139011024 0.063894818 0.986840097
1561001036.175017118 -148.789655 225.487023 5.921069 0.050962280 0.140249834 0.061575061 0.986884665
1561001036.273201466 -149.589443 225.382181 6.161490 0.051267131 0.139505800 0.058270309 0.987174951
1561001036.375123739 -150.434867 225.267682 6.405719 0.051908799 0.138156752 0.054781347 0.987530857
1561001036.473592281 -151.274663 225.160225 6.646116 0.052511516 0.136629472 0.051405560 0.987892907
1561001036.572954416 -152.113426 225.065386 6.883570 0.052562142 0.136474013 0.048166506 0.988074923
1561001036.674443007 -152.934818 224.982576 7.125734 0.051742311 0.137761045 0.045436513 0.988068900
1561001036.773540735 -153.735669 224.914651 7.376337 0.050623378 0.139126662 0.042572744 0.988063058
1561001036.873440266 -154.540990 224.849228 7.627083 0.050325907 0.140209790 0.039722615 0.988043841
1561001036.973322153 -155.348593 224.783564 7.873774 0.048849267 0.140658215 0.037075745 0.988157075
1561001037.074702501 -156.181895 224.721084 8.129375 0.049018934 0.140221694 0.033836187 0.988326936
1561001037.176225901 -157.016731 224.660582 8.384643 0.048168392 0.139675972 0.030885684 0.988542616
1561001037.276306391 -157.847470 224.607116 8.639347 0.047407492 0.139866041 0.028312630 0.988629564
1561001037.377553940 -158.682093 224.557038 8.906037 0.047057882 0.140290861 0.026555741 0.988634828
1561001037.476632118 -159.494210 224.510870 9.168118 0.046914591 0.141165061 0.024776469 0.988563389
1561001037.577513218 -160.309642 224.468327 9.438283 0.046286030 0.141600426 0.023175923 0.988569572
1561001037.677657604 -161.144471 224.432171 9.706399 0.045916826 0.141941415 0.021162488 0.988583041
1561001037.776917219 -161.977246 224.390105 9.967953 0.045097441 0.141901327 0.019392749 0.988662812
1561001037.877279043 -162.834429 224.356111 10.236013 0.045108291 0.141592721 0.017242536 0.988746397
1561001037.976244450 -163.684912 224.329087 10.502096 0.044219729 0.141424797 0.015503725 0.988839358
1561001038.076461077 -164.539850 224.301233 10.770845 0.043607993 0.141417288 0.014196099 0.988887235
1561001038.177446604 -165.395233 224.263920 11.035183 0.043013548 0.141236844 0.012903399 0.988956769
1561001038.275969744 -166.254938 224.218888 11.289597 0.042917922 0.141826397 0.011314380 0.988896006
1561001038.377390385 -167.119973 224.174910 11.546939 0.043631921 0.142148695 0.010203224 0.988830571
1561001038.476358652 -167.961749 224.140689 11.811118 0.044742365 0.142230292 0.008883159 0.988781955
1561001038.577399254 -168.811750 224.105550 12.081700 0.045429553 0.142550853 0.007909605 0.988712723
1561001038.677519798 -169.657335 224.081523 12.359840 0.046196275 0.143355159 0.006730766 0.988569623
1561001038.776216030 -170.496158 224.065490 12.632671 0.047674381 0.144001095 0.005272048 0.988414409
1561001038.877758265 -171.367289 224.057476 12.910586 0.046742795 0.144276993 0.003900010 0.988425035
1561001038.976831436 -172.219404 224.059731 13.188796 0.045634257 0.144175213 0.002503636 0.988496209
1561001039.078022718 -173.070780 224.068517 13.479180 0.044715174 0.144455099 0.001145944 0.988499855
1561001039.179333210 -173.916399 224.070512 13.766114 0.043726676 0.145867938 -0.000506782 0.988337121
1561001039.277863503 -174.746724 224.074214 14.041486 0.042020704 0.146292899 -0.001869123 0.988346677
1561001039.379048109 -175.583914 224.072832 14.325360 0.040706662 0.144449855 -0.002987759 0.988669955
1561001039.477989435 -176.414545 224.058275 14.595248 0.041725233 0.144163166 -0.005043559 0.988660988
1561001039.577723742 -177.239916 224.041414 14.870155 0.041688533 0.144588562 -0.006521133 0.988591771
1561001039.679057837 -178.065710 224.035312 15.145187 0.042931461 0.146153007 -0.008134900 0.988296520
1561001039.777549267 -178.858789 224.037375 15.415056 0.042730689 0.147685831 -0.009398236 0.988066120
1561001039.878830433 -179.669210 224.046432 15.687131 0.042851207 0.147463147 -0.010638865 0.988081580
1561001039.977981806 -180.474751 224.051840 15.935329 0.043160300 0.147328912 -0.012080690 0.988071575
1561001040.079138041 -181.291702 224.065218 16.189036 0.043973637 0.146876361 -0.013414519 0.988085879
1561001040.179228544 -182.084869 224.078987 16.441537 0.043078406 0.146805623 -0.014401867 0.988121929
1561001040.279189587 -182.854467 224.099217 16.712437 0.042028393 0.147644671 -0.015215811 0.988029931
1561001040.379142046 -183.625805 224.107505 16.991081 0.042407370 0.147387032 -0.015865485 0.988041985
1561001040.478178501 -184.392214 224.104998 17.248763 0.044757742 0.147595201 -0.016751119 0.987892606
1561001040.578119278 -185.169560 224.105496 17.489863 0.046759419 0.147824269 -0.017541600 0.987751909
1561001040.679226398 -185.933108 224.124183 17.747660 0.047562945 0.149546815 -0.018171438 0.987442816
1561001040.779291630 -186.691015 224.156421 18.006113 0.046059767 0.149836247 -0.018311380 0.987467615
1561001040.879303455 -187.445815 224.189609 18.254245 0.045026548 0.149201823 -0.018412491 0.987609440
1561001040.978332758 -188.200174 224.214179 18.515137 0.045817811 0.148441218 -0.018820333 0.987679972
1561001041.078872919 -188.959647 224.227212 18.756592 0.046310335 0.148881928 -0.018970155 0.987587797
1561001041.178824186 -189.697563 224.242131 19.008149 0.046891255 0.149291131 -0.019404599 0.987490167
1561001041.277602911 -190.423716 224.258308 19.253289 0.046101010 0.150027137 -0.019330879 0.987417274
1561001041.378535032 -191.157893 224.286034 19.503955 0.044769438 0.150422565 -0.019124036 0.987422412
1561001041.477341890 -191.879346 224.297172 19.747275 0.045294191 0.150278803 -0.019224523 0.987418420
1561001041.578904152 -192.616969 224.302264 19.992078 0.046392618 0.149300073 -0.019635697 0.987507799
1561001041.679038048 -193.337550 224.315184 20.227949 0.047165088 0.148789899 -0.019896728 0.987542982
1561001041.777854681 -194.047589 224.326964 20.455716 0.047595955 0.148468211 -0.019981790 0.987569007
1561001041.878990173 -194.756189 224.349547 20.698276 0.047067905 0.148726290 -0.019679602 0.987561551
1561001041.977828264 -195.447881 224.368123 20.951724 0.047483591 0.149147527 -0.019288520 0.987485836
1561001042.078805685 -196.150163 224.383227 21.199839 0.047907339 0.150297113 -0.018733468 0.987301738
1561001042.178709030 -196.834785 224.395106 21.437834 0.048915325 0.150498453 -0.018165866 0.987232246
1561001042.277822733 -197.540669 224.406688 21.663195 0.049292943 0.149773462 -0.017829875 0.987329839
1561001042.377828598 -198.234122 224.411844 21.886097 0.049475900 0.148584389 -0.017760358 0.987501587
1561001042.479128122 -198.943854 224.421503 22.118578 0.049507833 0.148313110 -0.017283624 0.987549225
1561001042.580132723 -199.623482 224.420868 22.347477 0.049546192 0.148315154 -0.017007263 0.987551793
1561001042.680310965 -200.294775 224.419235 22.579343 0.050094371 0.148366634 -0.016461480 0.987525653
1561001042.779119253 -200.953844 224.420538 22.806668 0.051435781 0.148334728 -0.015824420 0.987471902
1561001042.880202055 -201.616432 224.420499 23.028375 0.052332137 0.148222685 -0.015317478 0.987449623
1561001042.980090857 -202.275362 224.431453 23.243262 0.052266067 0.148292272 -0.015157354 0.987445145
1561001043.080426693 -202.931125 224.443208 23.462947 0.052404641 0.148604482 -0.014711378 0.987397608
1561001043.180627346 -203.583762 224.450764 23.681058 0.052494695 0.149155160 -0.014299410 0.987315842
1561001043.280570030 -204.238155 224.458707 23.896335 0.053290031 0.149590190 -0.013982252 0.987211955
1561001043.380605936 -204.894946 224.461725 24.110083 0.053318424 0.149832128 -0.013296162 0.987183210
1561001043.480592966 -205.544039 224.466883 24.329428 0.053866374 0.149152248 -0.013136803 0.987258550
1561001043.580193758 -206.194479 224.475061 24.535876 0.053970331 0.148856950 -0.013103620 0.987297882
1561001043.679976463 -206.835486 224.485838 24.744346 0.053782860 0.148554140 -0.012856651 0.987356966
1561001043.778900623 -207.451077 224.498672 24.946366 0.053674358 0.148463783 -0.012741025 0.987377959
1561001043.879996300 -208.057903 224.503954 25.149590 0.053220703 0.148354488 -0.012726897 0.987419125
1561001043.980285406 -208.635217 224.504278 25.348783 0.053975574 0.147985343 -0.012813263 0.987432426
1561001044.080176830 -209.206774 224.496118 25.545128 0.053978770 0.148249147 -0.012826450 0.987392508
1561001044.172541142 -209.738224 224.492160 25.722566 0.054347054 0.148343430 -0.012403363 0.987363551
1561001044.272614241 -210.290513 224.492758 25.911927 0.054713324 0.148222322 -0.012387369 0.987361711
1561001044.372580528 -210.831268 224.496339 26.098461 0.054381191 0.148945867 -0.012598415 0.987268502
1561001044.471586466 -211.340974 224.496524 26.277887 0.054884853 0.149789201 -0.012541927 0.987113746
1561001044.572370291 -211.867509 224.490672 26.460899 0.054674827 0.150051656 -0.012272956 0.987088921
1561001044.672611713 -212.395747 224.488310 26.647552 0.055101597 0.150043815 -0.012561806 0.987062748
1561001044.772488832 -212.918072 224.488084 26.840736 0.055918759 0.148385032 -0.012779208 0.987264740
1561001044.872143984 -213.418983 224.490180 27.038059 0.055313905 0.148348194 -0.012922122 0.987302489
1561001044.971287727 -213.886212 224.494957 27.256247 0.056748403 0.154223205 -0.012881391 0.986320887
1561001045.072256804 -214.370481 224.497512 27.437814 0.056952299 0.164816696 -0.012090783 0.984604339
1561001045.171477556 -214.875335 224.491923 27.585278 0.057404979 0.168754823 -0.011623697 0.983916342
1561001045.271744490 -215.407677 224.494940 27.747249 0.057448612 0.169327913 -0.011668332 0.983814802
1561001045.372451782 -215.955242 224.496010 27.892877 0.057788214 0.165308655 -0.011811883 0.984476536
1561001045.471243382 -216.587548 224.494719 28.051849 0.055589675 0.157672674 -0.013804093 0.985828871
1561001045.572204113 -217.118033 224.499268 28.196448 0.059591260 0.140919959 -0.015293478 0.988107563
1561001045.672145605 -217.567485 224.497887 28.366150 0.060745178 0.139603175 -0.015021340 0.988228383
1561001045.772022247 -217.978180 224.502813 28.550556 0.060202155 0.142794029 -0.014500954 0.987813387
1561001045.872261286 -218.341345 224.499714 28.730966 0.058508136 0.150889982 -0.013252016 0.986728633
1561001045.972162962 -218.723068 224.492165 28.916415 0.057846895 0.161457675 -0.012060332 0.985108981
1561001046.072474718 -219.142816 224.486066 29.077181 0.058888171 0.162936333 -0.012044224 0.984803976
1561001046.172599792 -219.621546 224.486878 29.215349 0.059945944 0.159916672 -0.012532711 0.985228944
1561001046.272464514 -220.132485 224.488841 29.359424 0.061747715 0.156353819 -0.013629894 0.985674860
1561001046.372392654 -220.618217 224.492726 29.501806 0.062270736 0.154085092 -0.013797987 0.985996833
1561001046.471123695 -221.064723 224.494340 29.650206 0.061441931 0.154969493 -0.013268458 0.985917488
1561001046.571771860 -221.484572 224.489958 29.810975 0.061195151 0.156816595 -0.012624424 0.985649194
1561001046.671225786 -221.895397 224.473189 29.964181 0.060983594 0.157624183 -0.012544146 0.985534506
1561001046.771111727 -222.309725 224.461029 30.113191 0.061742162 0.158106207 -0.012520518 0.985410356
1561001046.873162746 -222.735790 224.460825 30.260405 0.063042630 0.157388683 -0.012603961 0.985441814
1561001046.971318722 -223.160928 224.459523 30.404230 0.064260952 0.156371094 -0.013059331 0.985519185
1561001047.073110104 -223.593590 224.462037 30.541857 0.064237450 0.156166365 -0.012816760 0.985556364
1561001047.172886133 -224.024608 224.470594 30.682942 0.064250143 0.155541054 -0.012829545 0.985654251
1561001047.270992279 -224.444510 224.472334 30.831830 0.064754437 0.154882048 -0.012771823 0.985725771
1561001047.372794151 -224.842226 224.466092 30.971124 0.064543394 0.154936038 -0.012248256 0.985737772
1561001047.473114729 -225.218598 224.459361 31.121666 0.065502787 0.155516453 -0.012531745 0.985579511
1561001047.572625160 -225.601211 224.446694 31.257463 0.065457081 0.155795268 -0.012369443 0.985540563
1561001047.671138048 -225.986195 224.444490 31.388642 0.066284025 0.155253748 -0.012303039 0.985571579
1561001047.772897482 -226.381202 224.445665 31.521344 0.066654477 0.156052337 -0.012135799 0.985422534
1561001047.873063803 -226.762502 224.444023 31.656521 0.066171495 0.156679966 -0.011435806 0.985363864
1561001047.973319054 -227.131304 224.442709 31.793850 0.066845541 0.156725037 -0.011395410 0.985311667
1561001048.073209286 -227.507292 224.449278 31.926208 0.066835645 0.156267696 -0.011105945 0.985388280
1561001048.171323061 -227.880183 224.450810 32.058866 0.067017568 0.156104885 -0.010846664 0.985404618
1561001048.272877455 -228.240563 224.451020 32.192332 0.067577026 0.155852880 -0.010309748 0.985412063
1561001048.372897625 -228.592689 224.437828 32.321636 0.067888088 0.156568571 -0.009996486 0.985280448
1561001048.471182823 -228.943881 224.430655 32.446166 0.068400837 0.157158887 -0.009347615 0.985157364
1561001048.571511030 -229.301141 224.418745 32.564981 0.068744895 0.158036588 -0.008442060 0.985001172
1561001048.673124790 -229.662715 224.410899 32.684790 0.068792470 0.158381479 -0.007138546 0.984952762
1561001048.773690462 -230.043417 224.404207 32.812402 0.069199438 0.158122187 -0.006267955 0.984971839
1561001048.873126984 -230.417173 224.399965 32.936630 0.069372903 0.157709336 -0.005015386 0.985033000
1561001048.971297264 -230.788886 224.380773 33.066828 0.070090237 0.157520776 -0.003204213 0.985019947
1561001049.074474335 -231.164260 224.359013 33.201120 0.070577585 0.157387754 -0.001340440 0.985010712
1561001049.174512148 -231.523228 224.340286 33.325845 0.071197178 0.157552161 0.001095355 0.984940140
1561001049.273185730 -231.879021 224.332412 33.448773 0.071334405 0.157571611 0.003848730 0.984920188
1561001049.374179363 -232.249734 224.315227 33.574813 0.071611237 0.157262294 0.006843827 0.984933279
1561001049.472518206 -232.617265 224.288506 33.701986 0.072274364 0.156880349 0.009990974 0.984918856
1561001049.574304104 -233.007539 224.253068 33.826804 0.073113480 0.156746198 0.013102611 0.984841800
1561001049.673368692 -233.394118 224.213240 33.952322 0.074378872 0.156465862 0.016721870 0.984736816
1561001049.774620295 -233.792683 224.175827 34.075671 0.075203878 0.156256342 0.020132987 0.984643588
1561001049.874537945 -234.189910 224.144608 34.214701 0.075003943 0.156250717 0.023275483 0.984590460
1561001049.972903967 -234.584764 224.110027 34.359190 0.075161458 0.156125431 0.026876533 0.984506606
1561001050.074362516 -234.970186 224.070087 34.509617 0.075819352 0.155940096 0.030595863 0.984376963
1561001050.173416376 -235.359414 224.002908 34.643594 0.077526139 0.156370117 0.034160377 0.984058511
1561001050.273139000 -235.749127 223.949761 34.764739 0.078742359 0.156684328 0.038223736 0.983762476
1561001050.374145269 -236.147854 223.898454 34.882000 0.079501394 0.157073479 0.042451474 0.983465974
1561001050.474252939 -236.566176 223.848050 35.004092 0.079548337 0.156677061 0.046817087 0.983327270
1561001050.574424505 -236.988569 223.805737 35.137058 0.079364114 0.156102092 0.051631424 0.983192591
1561001050.674941063 -237.405359 223.743264 35.283221 0.079310162 0.155240666 0.056759888 0.983050634
1561001050.775258541 -237.813748 223.680551 35.434831 0.079952615 0.154915426 0.062336038 0.982712068
1561001050.876373768 -238.223823 223.592510 35.583995 0.080779717 0.155004357 0.067866816 0.982263907
1561001050.974482536 -238.633585 223.501250 35.721198 0.082264016 0.155266091 0.074191096 0.981641866
1561001051.076713562 -239.061947 223.412030 35.853039 0.083000663 0.155398366 0.081400481 0.980987359
1561001051.175185680 -239.489715 223.310992 35.988341 0.082963674 0.155390495 0.089001272 0.980331371
1561001051.276462317 -239.935732 223.202600 36.144179 0.082442775 0.155215615 0.097472041 0.979597113
1561001051.376265526 -240.352928 223.084181 36.293920 0.084017608 0.154190277 0.106298299 0.978706836
1561001051.475578070 -240.795513 222.923282 36.432264 0.086090473 0.153082777 0.115273822 0.977684018
1561001051.574752808 -241.236260 222.771356 36.538502 0.088392877 0.152284422 0.125013042 0.976405599
1561001051.674637318 -241.683430 222.625597 36.642316 0.089204822 0.150923084 0.136230824 0.975041478
1561001051.774143696 -242.118807 222.461325 36.786630 0.087979529 0.148845923 0.147748897 0.973794001
1561001051.875710487 -242.525548 222.291535 36.967557 0.086675363 0.146609390 0.160114073 0.972294478
1561001051.974223375 -242.927876 222.094608 37.121981 0.090075944 0.146297396 0.171909744 0.970015689
1561001052.075794697 -243.343850 221.847184 37.240268 0.094395066 0.147142127 0.184080482 0.967239961
1561001052.175969124 -243.755586 221.601895 37.322548 0.096648102 0.148217898 0.196754737 0.964353759
1561001052.277111292 -244.176109 221.375555 37.417881 0.096529473 0.148220404 0.209867235 0.961596858
1561001052.376780510 -244.608811 221.138026 37.566634 0.092575414 0.145271525 0.223297744 0.959408200
1561001052.475489140 -245.016970 220.880803 37.752204 0.096290149 0.142050142 0.234916746 0.956746616
1561001052.576845884 -245.421629 220.561774 37.883599 0.104377258 0.139670235 0.246267327 0.953388702
1561001052.675577402 -245.827983 220.229014 37.938821 0.110594931 0.139518946 0.258467576 0.949472347
1561001052.776830673 -246.253116 219.900631 37.978544 0.112467808 0.140490215 0.272531616 0.945166657
1561001052.876799107 -246.652355 219.592593 38.077807 0.109117536 0.140049439 0.287208095 0.941270964
1561001052.975701571 -247.017974 219.288191 38.240969 0.108673068 0.138838196 0.301270748 0.937096610
1561001053.076766968 -247.344634 218.939611 38.412998 0.113489528 0.137071715 0.314259369 0.932508724
1561001053.176183939 -247.712638 218.547336 38.485996 0.118740712 0.140655247 0.327654376 0.926692697
1561001053.276115894 -248.104203 218.161093 38.523941 0.119264230 0.140359597 0.341443074 0.921678824
1561001053.376959324 -248.478525 217.758329 38.609755 0.120351038 0.137870698 0.354758745 0.916871600
1561001053.475536108 -248.812944 217.360237 38.711328 0.123074710 0.136877868 0.368054970 0.911401450
1561001053.576854944 -249.139618 216.919379 38.791231 0.127459407 0.137103853 0.381116708 0.905376545
1561001053.675099850 -249.481458 216.484612 38.833288 0.130509122 0.137647996 0.394493723 0.899107947
1561001053.776633501 -249.830723 216.044583 38.885456 0.130765405 0.134213287 0.408070278 0.893513207
1561001053.876747131 -250.171529 215.575891 38.961695 0.130947799 0.129052485 0.420684120 0.888382238
1561001053.975302458 -250.471630 215.095849 39.045312 0.134330198 0.125308882 0.432254958 0.882841284
1561001054.075500250 -250.765474 214.589695 39.105880 0.137309628 0.123269735 0.444371002 0.876632791
1561001054.175532341 -251.050941 214.081750 39.150291 0.139149564 0.122950327 0.456177654 0.870300272
1561001054.277317762 -251.335135 213.573538 39.194923 0.138487501 0.122282788 0.467680453 0.864374413
1561001054.377282619 -251.614652 213.054706 39.243717 0.140003131 0.122322031 0.477778506 0.858582637
1561001054.477324009 -251.882646 212.526070 39.274583 0.141649101 0.120849372 0.487215457 0.853201066
1561001054.577815294 -252.148738 211.980031 39.306992 0.143170539 0.119327931 0.494990724 0.848673803
1561001054.681821585 -252.411552 211.430569 39.337441 0.143880808 0.117072879 0.502492831 0.844448465
1561001054.777727127 -252.649421 210.916279 39.374503 0.144118506 0.116449549 0.508961507 0.840611410
1561001054.877758503 -252.881035 210.364516 39.416346 0.145033465 0.116411667 0.515488059 0.836472163
1561001054.975714207 -253.116973 209.813768 39.438369 0.145802713 0.117302646 0.520995613 0.832793630
1561001055.076999664 -253.365098 209.225464 39.465360 0.145729559 0.115811850 0.527203227 0.829100277
1561001055.176944256 -253.603223 208.639542 39.504747 0.147278791 0.113063847 0.532614258 0.825740623
1561001055.276733875 -253.837648 208.047825 39.514278 0.149447635 0.111441105 0.537146264 0.822630035
1561001055.376865625 -254.063526 207.445036 39.521529 0.150659392 0.109997382 0.542308164 0.819209484
1561001055.477137089 -254.277133 206.851903 39.534270 0.150800772 0.109400629 0.547359479 0.815897193
1561001055.577907324 -254.484014 206.253585 39.554771 0.150765662 0.109277523 0.552281241 0.812596806
1561001055.676239014 -254.687349 205.652205 39.577040 0.151781713 0.108693905 0.556641102 0.809505176
1561001055.777249575 -254.887208 205.054446 39.576633 0.152638503 0.108214412 0.560974762 0.806410841
1561001055.877279520 -255.084395 204.460489 39.568244 0.153911981 0.107516637 0.565315721 0.803224383
1561001055.975677967 -255.283182 203.874364 39.557470 0.154009902 0.106376135 0.569336891 0.800512693
1561001056.077313662 -255.486878 203.276062 39.582734 0.152389283 0.105547487 0.573078890 0.798259244
1561001056.175928116 -255.666265 202.682257 39.601496 0.152441716 0.103846881 0.576590440 0.795940207
1561001056.277174711 -255.841264 202.059127 39.603910 0.154380732 0.101846462 0.578934660 0.794121242
1561001056.377794504 -256.016429 201.436546 39.589489 0.155714834 0.100679407 0.581033444 0.792475037
1561001056.477606297 -256.177278 200.836866 39.575391 0.155348949 0.100155430 0.582144182 0.791797793
1561001056.577613115 -256.330255 200.243919 39.565486 0.155130501 0.100441544 0.582814685 0.791310980
1561001056.677926540 -256.483864 199.681234 39.573045 0.152381143 0.103800638 0.582809619 0.791415417
1561001056.778782606 -256.660846 199.130185 39.588091 0.150599535 0.106148707 0.582886341 0.791388492
1561001056.878707409 -256.856734 198.570028 39.605356 0.149002163 0.105260624 0.582674010 0.791965627
1561001056.978222609 -257.050527 198.006625 39.635101 0.147424327 0.102708001 0.582460281 0.792752897
1561001057.085102081 -257.251721 197.374666 39.661792 0.148065319 0.100083825 0.582402639 0.793011384
1561001057.177363157 -257.416636 196.838120 39.664818 0.148892201 0.100296177 0.582598118 0.792686081
1561001057.278565407 -257.586412 196.264446 39.652793 0.149564956 0.100604302 0.582433484 0.792641366
1561001057.378570795 -257.744937 195.716894 39.645682 0.148859910 0.099442482 0.583344602 0.792250589
1561001057.477362633 -257.887688 195.204213 39.659288 0.147487515 0.098233562 0.583525392 0.792524900
1561001057.578719139 -258.037508 194.701105 39.678523 0.145742852 0.098126286 0.584366761 0.792240962
1561001057.678773403 -258.188704 194.220232 39.697490 0.145262272 0.098851179 0.584822084 0.791903054
1561001057.778636456 -258.340382 193.731147 39.715388 0.144902984 0.098892486 0.585350809 0.791573011
1561001057.878872633 -258.487643 193.231661 39.721808 0.144993158 0.099160852 0.585589148 0.791346612
1561001057.978809595 -258.635123 192.715615 39.717654 0.145720319 0.096924928 0.585789300 0.791341926
1561001058.079149723 -258.784190 192.208979 39.737220 0.144743444 0.097968838 0.586210600 0.791080637
1561001058.177697420 -258.915194 191.756482 39.761306 0.138032657 0.103028550 0.588095308 0.790237947
1561001058.278694153 -259.045438 191.294309 39.779015 0.130947202 0.110021758 0.591020272 0.788316612
1561001058.379847527 -259.190682 190.827112 39.765276 0.130796389 0.109412646 0.591700087 0.787916356
1561001058.479877949 -259.328915 190.369786 39.730517 0.134169845 0.103848533 0.590865900 0.788727725
1561001058.579732180 -259.475695 189.864132 39.698827 0.141576407 0.093807246 0.589509134 0.789705833
1561001058.678685665 -259.628076 189.329127 39.703632 0.147889620 0.086081859 0.587614263 0.790840092
1561001058.779720306 -259.763016 188.811243 39.706564 0.149198430 0.084742846 0.587866075 0.790551678
1561001058.879757404 -259.891884 188.300722 39.734933 0.147545020 0.084891294 0.587793158 0.790900208
1561001058.972055912 -260.007035 187.835284 39.783574 0.141332433 0.090828781 0.589618298 0.790016163
1561001059.072381496 -260.144657 187.340681 39.805794 0.133189623 0.099724440 0.590447256 0.789738943
1561001059.171538353 -260.301248 186.872027 39.813213 0.130730471 0.102961104 0.590539686 0.789665394
1561001059.272489071 -260.464106 186.379378 39.779123 0.132674220 0.099213230 0.589386327 0.790682012
1561001059.372457266 -260.623940 185.891618 39.759950 0.135052798 0.094398175 0.588207041 0.791746300
1561001059.472719431 -260.771329 185.402803 39.762354 0.136927122 0.091865518 0.587159406 0.792499540
1561001059.572257042 -260.924929 184.903085 39.775580 0.135857131 0.092624109 0.587349054 0.792454859
1561001059.671062708 -261.068672 184.436439 39.802825 0.134160161 0.093288868 0.587048788 0.792888364
1561001059.771192074 -261.212218 183.954060 39.823056 0.132949380 0.094011002 0.586566126 0.793364086
1561001059.870995998 -261.351216 183.487630 39.835901 0.133293921 0.094472140 0.586027170 0.793649734
1561001059.972080469 -261.502923 183.001459 39.835736 0.133392593 0.094412536 0.584794442 0.794549023
1561001060.072156429 -261.659024 182.508391 39.838158 0.133156691 0.093202147 0.583449154 0.795719636
1561001060.170915365 -261.810698 182.042788 39.850904 0.133119319 0.092430122 0.582695140 0.796368190
1561001060.271705389 -261.972652 181.563837 39.864905 0.132953807 0.091920647 0.581668518 0.797204877
1561001060.371713400 -262.122307 181.095185 39.873935 0.133019124 0.092215683 0.580862335 0.797747534
1561001060.470714569 -262.261951 180.647831 39.872415 0.132995142 0.092673506 0.579770172 0.798492618
1561001060.572034359 -262.413653 180.182243 39.879408 0.132369441 0.092760111 0.579230750 0.798977866
1561001060.671150923 -262.565120 179.762828 39.896217 0.131856261 0.092359425 0.578958685 0.799306265
1561001060.772361279 -262.705806 179.345808 39.916204 0.131298240 0.091716608 0.578818004 0.799573983
1561001060.873507738 -262.847993 178.928289 39.929953 0.131828059 0.092800604 0.578599979 0.799519527
1561001060.973551035 -262.980206 178.537301 39.934918 0.130790398 0.094005168 0.578751769 0.799439359
1561001061.072318554 -263.104429 178.145751 39.948902 0.130227702 0.094669747 0.578726062 0.799471407
1561001061.171616554 -263.229385 177.746023 39.974331 0.128412107 0.093985690 0.579289549 0.799437702
1561001061.274031401 -263.348453 177.336539 39.994291 0.128364119 0.093364571 0.579247776 0.799548450
1561001061.372805357 -263.474640 176.935682 40.004530 0.129438363 0.094375458 0.579513608 0.799063803
1561001061.472754240 -263.578390 176.529099 39.993267 0.130221025 0.095415270 0.579821764 0.798589465
1561001061.572759628 -263.694336 176.116283 39.973638 0.132850395 0.094925798 0.579067665 0.798761857
1561001061.671028376 -263.817368 175.698197 39.984381 0.128858401 0.095378639 0.580504397 0.798318904
1561001061.773169994 -263.940677 175.310087 40.050380 0.122332070 0.100472906 0.581201294 0.798213703
1561001061.872644663 -264.054735 174.948454 40.126697 0.113899588 0.105081234 0.583102624 0.797481127
1561001061.971349478 -264.149784 174.598133 40.167895 0.113885473 0.108241778 0.584228944 0.796235114
1561001062.072954178 -264.267284 174.220740 40.129712 0.119781395 0.109599650 0.583275282 0.795883333
1561001062.171109676 -264.394813 173.848564 40.067669 0.122228452 0.110508435 0.583029721 0.795565482
1561001062.271662235 -264.530540 173.452386 40.031606 0.120376401 0.108616489 0.583499450 0.795764018
1561001062.372599602 -264.691208 173.073250 40.030747 0.120715007 0.105367098 0.583436831 0.796195407
1561001062.473087549 -264.871507 172.621471 39.997127 0.122093800 0.096461663 0.583405803 0.797136074
1561001062.573153734 -265.031076 172.147698 39.973865 0.131203005 0.087057492 0.581486719 0.798172889
1561001062.671360970 -265.145685 171.674358 39.972418 0.139778789 0.084443973 0.581048100 0.797316883
1561001062.773209095 -265.224906 171.221198 40.009245 0.144017897 0.085139681 0.580139150 0.797150329
1561001062.871895075 -265.312963 170.819661 40.038547 0.140232041 0.088543043 0.580994644 0.796831430
1561001062.973074913 -265.431799 170.456445 40.084700 0.134891971 0.087133289 0.582600252 0.796736400
1561001063.072924614 -265.557691 170.059316 40.137028 0.128036297 0.091075872 0.583837195 0.796521200
1561001063.171093464 -265.662817 169.672274 40.186069 0.125461903 0.097258096 0.584990880 0.795352654
1561001063.272761583 -265.776716 169.264798 40.201058 0.125717211 0.101504976 0.585310557 0.794546081
1561001063.371088982 -265.904316 168.852735 40.189038 0.129370295 0.101674088 0.585159691 0.794049017
1561001063.474230051 -266.057443 168.409918 40.160806 0.131556404 0.099282475 0.584785586 0.794268041
1561001063.574512720 -266.204023 167.968033 40.150215 0.131298712 0.097992585 0.584923240 0.794369502
1561001063.672541618 -266.341894 167.510124 40.157350 0.129741011 0.097876967 0.585146782 0.794475055
1561001063.774418116 -266.471792 167.055468 40.184469 0.129194289 0.098013981 0.585657564 0.794170833
1561001063.873312235 -266.594058 166.602547 40.204907 0.130017027 0.099171128 0.585695608 0.793864797
1561001063.973020315 -266.722780 166.142771 40.210230 0.130957231 0.099854486 0.585941619 0.793442943
1561001064.074336767 -266.854817 165.685289 40.213954 0.131139225 0.099953189 0.585395963 0.793803143
1561001064.172782898 -266.997888 165.234636 40.208591 0.132031893 0.099568904 0.586137655 0.793155887
1561001064.274146318 -267.132394 164.756149 40.221222 0.131171744 0.098563416 0.586372916 0.793250294
1561001064.372950077 -267.275643 164.283514 40.243287 0.131131568 0.099353987 0.586403878 0.793135416
1561001064.474381208 -267.413521 163.818424 40.258998 0.130783149 0.099656136 0.586741496 0.792905315
1561001064.574271202 -267.549585 163.350108 40.276042 0.130647591 0.100902131 0.587154581 0.792464173
1561001064.672708988 -267.669059 162.887763 40.273488 0.130819448 0.100861298 0.587129908 0.792459299
1561001064.774384022 -267.807473 162.400173 40.273320 0.132090005 0.101406903 0.587618742 0.791816320
1561001064.872735739 -267.959014 161.922603 40.267348 0.131966210 0.100970784 0.587887670 0.791693064
1561001064.974143744 -268.112976 161.433473 40.284743 0.131044034 0.100381153 0.588445605 0.791506699
1561001065.074217081 -268.253533 160.942864 40.309596 0.130774139 0.100433971 0.588897496 0.791208494
1561001065.174360514 -268.392613 160.446263 40.328862 0.130944977 0.100985046 0.588730069 0.791234693
1561001065.274589300 -268.537815 159.947731 40.339033 0.131101958 0.101309365 0.589272083 0.790763619
1561001065.372965813 -268.669084 159.451018 40.351481 0.131118537 0.101408954 0.589368331 0.790676371
1561001065.474386454 -268.816424 158.942581 40.363780 0.131637458 0.101070411 0.589738242 0.790357613
1561001065.574304581 -268.958369 158.433584 40.362247 0.132158989 0.100623946 0.589610086 0.790423159
1561001065.672733307 -269.098821 157.946145 40.372639 0.132189514 0.100568891 0.589357735 0.790613237
1561001065.774493933 -269.236147 157.459498 40.382197 0.132503963 0.100906472 0.589076292 0.790727327
1561001065.873164177 -269.376242 156.985718 40.400356 0.132028276 0.100959422 0.588737580 0.791052331
1561001065.974707842 -269.525220 156.504896 40.419252 0.132004956 0.101176838 0.588649088 0.791094299
1561001066.074350834 -269.662380 156.040211 40.441279 0.132067952 0.100931651 0.588362529 0.791328246
1561001066.172456741 -269.801573 155.577415 40.450419 0.132662683 0.101564532 0.587582285 0.791727426
1561001066.274059057 -269.939525 155.097360 40.453256 0.132398350 0.101127856 0.587037706 0.792231384
1561001066.372587681 -270.083740 154.628975 40.461343 0.132372357 0.100808926 0.586878447 0.792394351
1561001066.474344254 -270.232031 154.156826 40.474159 0.131943991 0.100222689 0.586973740 0.792469573
1561001066.575904608 -270.383918 153.672345 40.489554 0.132339262 0.100146327 0.586859902 0.792497627
1561001066.675626040 -270.533462 153.207414 40.502091 0.132016886 0.099896770 0.586742562 0.792669757
1561001066.776946306 -270.674651 152.748183 40.516690 0.131708684 0.099358724 0.586868855 0.792695158
1561001066.875678301 -270.816666 152.292516 40.527302 0.131483997 0.099175752 0.586417373 0.793089398
1561001066.977096558 -270.944517 151.848955 40.539195 0.130989233 0.098711094 0.586558240 0.793125067
1561001067.077183962 -271.086577 151.399037 40.559317 0.131268450 0.098438319 0.586930866 0.792837089
1561001067.175843000 -271.234444 150.942254 40.551602 0.131916556 0.098623187 0.586966479 0.792680164
1561001067.277138948 -271.390390 150.470072 40.556325 0.129864943 0.096639913 0.586905710 0.793307955
1561001067.375425100 -271.528775 150.009905 40.583623 0.129963753 0.096056302 0.587429365 0.792975000
1561001067.476673365 -271.668123 149.555931 40.608575 0.128984356 0.095987913 0.587919461 0.792779959
1561001067.577048302 -271.791330 149.117570 40.629085 0.129430207 0.096596463 0.588448106 0.792240980
1561001067.675596714 -271.919687 148.675361 40.632938 0.131235815 0.096652931 0.588457347 0.791930125
1561001067.777149916 -272.054244 148.223736 40.622989 0.130682687 0.094807654 0.588841823 0.791958870
1561001067.875693798 -272.174065 147.809373 40.668204 0.125839411 0.097519443 0.589978735 0.791567744
1561001067.977216244 -272.287896 147.387157 40.736330 0.117499865 0.102601200 0.591516480 0.791059435
1561001068.077050447 -272.402117 146.976839 40.781286 0.112620067 0.106264505 0.592934387 0.790223631
1561001068.176991463 -272.513986 146.554113 40.781691 0.113395698 0.108025779 0.592524548 0.790181312
1561001068.281452656 -272.642230 146.097929 40.768509 0.114937879 0.107564396 0.592537552 0.790011667
1561001068.375742435 -272.747051 145.683846 40.748936 0.116526604 0.105685259 0.592319662 0.790195921
1561001068.478647947 -272.883209 145.236982 40.714274 0.119388161 0.102307874 0.592604513 0.789999656
1561001068.578158617 -273.041917 144.753300 40.648103 0.124451860 0.093676171 0.591215272 0.791328637
1561001068.676920414 -273.200244 144.265933 40.633682 0.136531853 0.079499788 0.588804677 0.792683978
1561001068.778390646 -273.335965 143.778241 40.662679 0.137966366 0.077963297 0.588427763 0.792868068
1561001068.877193689 -273.453388 143.306112 40.742974 0.134095687 0.080430963 0.589392411 0.792569109
1561001068.978520393 -273.576083 142.850737 40.814143 0.128928494 0.084847504 0.590483789 0.792153545
1561001069.077283859 -273.709069 142.429066 40.850047 0.123045983 0.090887672 0.591892210 0.791367632
1561001069.177904606 -273.845423 141.996082 40.865230 0.118758356 0.096803393 0.592238614 0.791061932
1561001069.278585434 -273.977251 141.557429 40.868317 0.118125343 0.097960824 0.592557457 0.790775404
1561001069.377430439 -274.108489 141.092648 40.849768 0.119060186 0.094931628 0.591912051 0.791487701
1561001069.478762865 -274.244844 140.607997 40.831227 0.121481570 0.093143347 0.591228715 0.791842883
1561001069.580083847 -274.415918 140.098647 40.836959 0.122229898 0.092625116 0.590907753 0.792028072
1561001069.679023981 -274.555203 139.621997 40.850054 0.121296992 0.092543255 0.590629281 0.792388691
1561001069.780217648 -274.695502 139.129973 40.872771 0.120681948 0.093229620 0.590948078 0.792164424
1561001069.879144669 -274.834383 138.646192 40.892885 0.119950023 0.092946862 0.591134103 0.792170022
1561001069.980227232 -274.970692 138.162010 40.909492 0.120000231 0.093371236 0.590548590 0.792549128
1561001070.080057383 -275.114215 137.666027 40.914540 0.120138353 0.093349213 0.590218395 0.792776732
1561001070.180022001 -275.257936 137.186854 40.924708 0.120025852 0.093198963 0.590224896 0.792806610
1561001070.279909849 -275.413055 136.680840 40.945591 0.119470985 0.092943706 0.590534302 0.792689971
1561001070.378600597 -275.555790 136.178184 40.973059 0.119461400 0.093523415 0.590672369 0.792520345
1561001070.481144905 -275.706568 135.661795 40.985688 0.120004339 0.093107030 0.590562233 0.792569422
1561001070.570610762 -275.841839 135.185649 40.998100 0.119516690 0.093390514 0.590942980 0.792325922
1561001070.671828508 -275.987728 134.667094 41.010943 0.119890240 0.094651527 0.590982333 0.792090462
1561001070.771760941 -276.149015 134.144381 41.021808 0.118826155 0.094646529 0.590941098 0.792282145
1561001070.870986700 -276.297183 133.618478 41.039058 0.118137090 0.093868165 0.591161986 0.792313008
1561001070.971859694 -276.451856 133.089727 41.056395 0.119318593 0.095493936 0.590736044 0.792259369
1561001071.071854830 -276.608407 132.570967 41.060914 0.119241268 0.095125945 0.591183269 0.791981639
1561001071.171670675 -276.756501 132.043502 41.072040 0.119326818 0.095083601 0.591119240 0.792021631
1561001071.271657705 -276.912148 131.509482 41.083067 0.119435275 0.095109842 0.591289876 0.791874747
1561001071.370804548 -277.066062 130.984704 41.111223 0.119138799 0.094828889 0.591229455 0.791998207
1561001071.472094536 -277.214797 130.455571 41.128358 0.119555315 0.095939895 0.590935159 0.792021276
1561001071.572057009 -277.370306 129.926332 41.149515 0.118951160 0.095940505 0.590896379 0.792141093
1561001071.672318459 -277.519215 129.390851 41.167976 0.118897321 0.096850166 0.590410787 0.792400515
1561001071.772142410 -277.660228 128.849225 41.185343 0.118508374 0.096824953 0.590449237 0.792433210
1561001071.870921135 -277.807538 128.310573 41.203332 0.118820433 0.097541713 0.589919117 0.792693355
1561001071.971821070 -277.971123 127.755115 41.219963 0.119170100 0.097437404 0.589681070 0.792830799
1561001072.071855307 -278.129206 127.198650 41.232982 0.119344394 0.097390410 0.589158205 0.793198987
1561001072.171706676 -278.295249 126.654194 41.247524 0.119948714 0.097299216 0.588649519 0.793496637
1561001072.271770239 -278.459911 126.107510 41.269120 0.120170970 0.097053855 0.588289320 0.793760142
1561001072.371855497 -278.617937 125.560032 41.291222 0.120454917 0.097084834 0.588120435 0.793838461
1561001072.471978426 -278.782809 125.012931 41.312696 0.120539521 0.097489793 0.587798756 0.794014223
1561001072.571665049 -278.948834 124.484218 41.334179 0.120690668 0.097694546 0.588107701 0.793737280
1561001072.671880245 -279.113729 123.935986 41.355066 0.120551887 0.097757921 0.588086584 0.793766213
1561001072.771767616 -279.273460 123.391131 41.379014 0.120498965 0.098094188 0.588719395 0.793263515
1561001072.870593071 -279.431958 122.856420 41.395495 0.121000243 0.098425457 0.589036144 0.792910961
1561001072.971731901 -279.598207 122.300069 41.419705 0.121622118 0.098421668 0.588900571 0.792916990
1561001073.071959019 -279.751918 121.743066 41.425787 0.122399352 0.099042002 0.589223495 0.792480128
1561001073.171272993 -279.913934 121.194190 41.441183 0.122449853 0.099294937 0.589324155 0.792365818
1561001073.273946047 -280.070341 120.649031 41.459682 0.122544436 0.099268785 0.589477363 0.792240499
1561001073.372246027 -280.227930 120.118027 41.489136 0.122355503 0.099237037 0.589847527 0.791998129
1561001073.472195625 -280.372884 119.577726 41.509420 0.122597680 0.100062507 0.589833577 0.791867195
1561001073.571673155 -280.524615 119.041525 41.525785 0.122693548 0.100633721 0.589884972 0.791741667
1561001073.670843363 -280.672419 118.498948 41.537169 0.122915296 0.101081334 0.590040672 0.791534206
1561001073.771625519 -280.834187 117.956477 41.554324 0.122414542 0.101170443 0.589918874 0.791691192
1561001073.870522022 -281.006200 117.418288 41.566406 0.123151847 0.102141092 0.589828537 0.791519499
1561001073.971953869 -281.162872 116.855643 41.590349 0.122448837 0.100603302 0.590189604 0.791556371
1561001074.071004868 -281.313762 116.311956 41.622249 0.123381718 0.101486238 0.590103080 0.791363286
1561001074.172241449 -281.484021 115.761310 41.633886 0.123130371 0.101670725 0.590001738 0.791454310
1561001074.272388697 -281.644149 115.210129 41.662084 0.122519957 0.100833313 0.590151318 0.791544645
1561001074.371342421 -281.811474 114.659601 41.671780 0.122329053 0.100704425 0.590389985 0.791412590
1561001074.471841335 -281.973458 114.098425 41.701408 0.122425441 0.101174847 0.590300803 0.791404210
1561001074.571496964 -282.138858 113.541113 41.715093 0.123159417 0.101161415 0.590571392 0.791090107
1561001074.672487736 -282.316754 112.954391 41.730874 0.122217347 0.099728707 0.590986207 0.791108341
1561001074.772256613 -282.482046 112.394000 41.753550 0.122704840 0.098905700 0.590933628 0.791175475
1561001074.871245623 -282.654753 111.840012 41.780764 0.122223576 0.098634387 0.591620412 0.790770474
1561001074.972270966 -282.803892 111.268542 41.808200 0.122379252 0.099327163 0.591747642 0.790564457
1561001075.071189404 -282.952118 110.707760 41.819001 0.122758974 0.099857361 0.591675636 0.790492684
1561001075.172126770 -283.111198 110.131126 41.836219 0.122432296 0.099935168 0.591718079 0.790501746
1561001075.272897243 -283.270096 109.559311 41.850286 0.122384387 0.099831698 0.592092137 0.790242112
1561001075.372345686 -283.425315 108.991975 41.869581 0.122543805 0.098880638 0.592648016 0.789920227
1561001075.472865105 -283.586554 108.410817 41.884319 0.123179681 0.098445939 0.592274247 0.790155921
1561001075.571210384 -283.752409 107.823471 41.897947 0.123752065 0.098272678 0.592420260 0.789978571
1561001075.673212290 -283.922037 107.232460 41.911510 0.123895143 0.098239586 0.592285172 0.790061550
1561001075.773647785 -284.083110 106.668443 41.925924 0.124125979 0.098316790 0.592666205 0.789729903
1561001075.872170687 -284.245270 106.109271 41.942105 0.123899614 0.098086956 0.592771967 0.789714651
1561001075.973249674 -284.410112 105.547248 41.963874 0.123722507 0.098011240 0.592943564 0.789622991
1561001076.071939945 -284.565938 105.003885 41.982167 0.123733659 0.097802213 0.593448507 0.789267748
1561001076.173224211 -284.717230 104.459279 41.999223 0.123558433 0.097807885 0.593253080 0.789441394
1561001076.273568153 -284.869892 103.901165 42.016349 0.123492071 0.097935824 0.593763884 0.789051793
1561001076.371160030 -285.016161 103.352526 42.034523 0.123588398 0.097957893 0.593904747 0.788927951
1561001076.472956896 -285.164174 102.805465 42.054230 0.123750049 0.098060667 0.593918668 0.788879361
1561001076.571336508 -285.293713 102.266424 42.074900 0.123989001 0.098521446 0.593775025 0.788892560
1561001076.671603203 -285.446742 101.706442 42.092586 0.124429524 0.099308205 0.593367454 0.789031203
1561001076.772927761 -285.595508 101.153944 42.106553 0.124640319 0.099399158 0.593024299 0.789244436
1561001076.871164799 -285.752692 100.621865 42.128482 0.125001208 0.100025310 0.592567254 0.789451509
1561001076.973108530 -285.910038 100.076836 42.144386 0.125379129 0.100500362 0.591987978 0.789765778
1561001077.071869373 -286.055667 99.544388 42.157383 0.125627163 0.100638675 0.592045297 0.789665777
1561001077.173182726 -286.206975 99.015370 42.170428 0.125571094 0.100903257 0.590959847 0.790453599
1561001077.273262024 -286.347909 98.517268 42.185969 0.125577880 0.100778713 0.590822099 0.790571372
1561001077.371532440 -286.491270 98.009731 42.197298 0.125395703 0.101029610 0.590369715 0.790906148
1561001077.473253012 -286.648092 97.504706 42.219628 0.125104591 0.101104336 0.589516880 0.791578551
1561001077.571807146 -286.792593 97.002252 42.243945 0.124917348 0.101132132 0.589563957 0.791569510
1561001077.673088312 -286.949285 96.497951 42.261097 0.124984458 0.101560082 0.589010026 0.791916425
1561001077.773016214 -287.102096 95.989699 42.280266 0.124862274 0.101082844 0.588555419 0.792334645
1561001077.871198654 -287.246406 95.500631 42.297322 0.124817139 0.101040051 0.588317472 0.792523907
1561001077.973156452 -287.392667 95.001495 42.318836 0.124213283 0.100706007 0.588244019 0.792715797
1561001078.072070360 -287.539810 94.515759 42.344134 0.124629656 0.100667340 0.587810738 0.792976716
1561001078.173185349 -287.692377 94.041315 42.363069 0.124625550 0.099732943 0.588115605 0.792869376
1561001078.273401022 -287.833110 93.585761 42.392947 0.124177548 0.100809742 0.587332388 0.793383891
1561001078.371107340 -287.961185 93.153887 42.413717 0.124165426 0.100230959 0.587542794 0.793303326
1561001078.472977400 -288.082236 92.716505 42.435999 0.124280081 0.100416309 0.587420593 0.793352427
1561001078.571160555 -288.191278 92.307535 42.448639 0.124550682 0.101251558 0.587226992 0.793347156
1561001078.671444178 -288.303258 91.902693 42.454467 0.123907668 0.101885963 0.587201841 0.793385239
1561001078.772913694 -288.422107 91.492575 42.474071 0.123899208 0.102245661 0.587128497 0.793394567
1561001078.873671532 -288.537648 91.093521 42.490733 0.123346590 0.102081574 0.586759691 0.793774550
1561001078.972798824 -288.653585 90.678321 42.515788 0.123073307 0.102019430 0.586654891 0.793902410
1561001079.072690010 -288.777803 90.260288 42.538672 0.123169297 0.102022816 0.586153948 0.794257023
1561001079.174023628 -288.892017 89.836061 42.554256 0.123387479 0.102633758 0.585865298 0.794357410
1561001079.273853540 -289.016339 89.425219 42.566422 0.124008191 0.103205668 0.585405723 0.794525455
1561001079.372245073 -289.142746 89.012228 42.575211 0.123968136 0.103435936 0.585414339 0.794495412
1561001079.473909378 -289.268625 88.589752 42.587458 0.123598299 0.103274596 0.585223873 0.794714311
1561001079.572312593 -289.396827 88.187485 42.611840 0.123297202 0.102927034 0.584962087 0.794998857
1561001079.674192429 -289.517579 87.789041 42.640998 0.122898822 0.103437689 0.584865525 0.795065306
1561001079.774249315 -289.635608 87.401351 42.663211 0.122730350 0.103764153 0.584748402 0.795134937
1561001079.872317076 -289.758780 87.015524 42.685305 0.122852802 0.103962126 0.585122164 0.794815148
1561001079.974206924 -289.878634 86.615028 42.699531 0.123306390 0.103698704 0.585062439 0.794823286
1561001080.074251652 -289.996780 86.214551 42.715027 0.123158934 0.103451168 0.585261967 0.794731504
1561001080.174206018 -290.105541 85.827387 42.732414 0.123158022 0.103607203 0.585695190 0.794392091
1561001080.273984194 -290.204933 85.458744 42.754539 0.123041940 0.103788475 0.585808790 0.794302647
1561001080.373521328 -290.305590 85.093226 42.768442 0.123341976 0.104032838 0.586162242 0.793963319
1561001080.474215508 -290.411777 84.732920 42.776076 0.123233113 0.104089331 0.586388016 0.793806088
1561001080.573596239 -290.525364 84.373849 42.786607 0.123536916 0.103645861 0.586752740 0.793547345
1561001080.674187422 -290.635608 84.026653 42.800267 0.123175059 0.103305783 0.586928864 0.793517693
1561001080.774175167 -290.742269 83.697372 42.824613 0.123187260 0.103572063 0.587286852 0.793216162
1561001080.873347998 -290.834632 83.377433 42.843437 0.123296092 0.103420259 0.587601007 0.792986369
1561001080.973746300 -290.921991 83.059012 42.857418 0.123506806 0.103266395 0.588168726 0.792552629
1561001081.072058201 -291.007303 82.764773 42.869185 0.123620146 0.103245335 0.588359842 0.792395833
1561001081.173532724 -291.090661 82.459081 42.879432 0.123491850 0.103236683 0.588856591 0.792047894
1561001081.273612261 -291.166442 82.159730 42.889265 0.123731431 0.103223451 0.588963350 0.791932841
1561001081.372168541 -291.246363 81.857513 42.896646 0.123263304 0.103025663 0.589689027 0.791491455
1561001081.473758698 -291.334725 81.560034 42.910277 0.122780939 0.102796147 0.590422797 0.791049122
1561001081.572385311 -291.416848 81.278603 42.928341 0.122430287 0.102488192 0.590695458 0.790939865
1561001081.673910618 -291.501516 80.970895 42.945998 0.122602267 0.102462371 0.590943019 0.790731620
1561001081.775395155 -291.582232 80.658342 42.956258 0.122836106 0.102536620 0.590959517 0.790673372
1561001081.875357628 -291.662939 80.357415 42.964113 0.123217272 0.102930453 0.590959963 0.790562551
1561001081.975720882 -291.740855 80.056381 42.968606 0.123056753 0.103077584 0.590908479 0.790606866
1561001082.073710680 -291.838605 79.768632 42.978716 0.123403951 0.103002525 0.591287664 0.790278965
1561001082.175900698 -291.921895 79.468408 42.985869 0.123981514 0.101726515 0.591113007 0.790484480
1561001082.275290251 -292.013218 79.179973 43.004744 0.122849155 0.101613635 0.591082332 0.790698698
1561001082.373701096 -292.092014 78.899159 43.051517 0.120486655 0.102346230 0.591579694 0.790595776
1561001082.475354671 -292.157008 78.632479 43.100956 0.116924641 0.106354641 0.592069363 0.790234894
1561001082.573713064 -292.223317 78.369961 43.140743 0.114311539 0.110785144 0.593422893 0.788992265
1561001082.676397324 -292.303808 78.089822 43.152698 0.114612005 0.114750905 0.593777049 0.788114924
1561001082.775071859 -292.370175 77.815263 43.137859 0.115535571 0.116873189 0.593590412 0.787808741
1561001082.876418114 -292.448611 77.518581 43.118446 0.115382241 0.117564591 0.593615119 0.787709716
1561001082.976531744 -292.527755 77.239808 43.109071 0.114298594 0.117513708 0.593847236 0.787700336
1561001083.076756239 -292.613991 76.947802 43.122355 0.112140825 0.117230223 0.594368325 0.787659701
1561001083.176595211 -292.696068 76.669901 43.151863 0.111417015 0.116423651 0.594806984 0.787550908
1561001083.276881218 -292.801972 76.347561 43.178990 0.113585630 0.112702315 0.594047578 0.788355230
1561001083.376681805 -292.891930 76.025212 43.199336 0.118651765 0.105705367 0.593393545 0.789070488
1561001083.476636171 -292.981058 75.746981 43.222479 0.122527318 0.101063991 0.592610919 0.789674253
1561001083.575084209 -293.046472 75.455863 43.232091 0.124750845 0.099081225 0.591910703 0.790102434
1561001083.676505804 -293.120691 75.171276 43.240980 0.127366070 0.098122787 0.591673728 0.789982280
1561001083.776362896 -293.190998 74.899653 43.241661 0.128214163 0.098445555 0.591556307 0.789892864
1561001083.874985218 -293.259237 74.630713 43.240098 0.128557409 0.098632107 0.591685044 0.789717360
1561001083.976489544 -293.333755 74.356244 43.247564 0.128311557 0.098180126 0.591782536 0.789740614
1561001084.075247288 -293.407392 74.091398 43.260041 0.128250215 0.097749849 0.591685306 0.789876793
1561001084.176814318 -293.479841 73.822670 43.264524 0.128491322 0.097664717 0.591888742 0.789695701
1561001084.278362036 -293.553909 73.564740 43.274485 0.128288017 0.098138045 0.592043069 0.789554377
1561001084.377480030 -293.619601 73.306530 43.283694 0.128106464 0.098929677 0.592060798 0.789471763
1561001084.478196621 -293.681286 73.057317 43.287519 0.126970885 0.099882815 0.592599213 0.789131162
1561001084.576632023 -293.760004 72.820567 43.298975 0.125480008 0.101291927 0.592834447 0.789013328
1561001084.677708864 -293.826513 72.577032 43.313745 0.124278073 0.102113632 0.592977361 0.788990251
1561001084.776496887 -293.893852 72.337167 43.333049 0.124584732 0.102530379 0.593398983 0.788570741
1561001084.877574682 -293.957889 72.076146 43.334848 0.125270412 0.102846436 0.593149903 0.788608348
1561001084.977565050 -294.023581 71.806369 43.331277 0.125591031 0.102944191 0.592942485 0.788700574
1561001085.077786684 -294.099747 71.539854 43.338124 0.125336581 0.103362970 0.593473817 0.788286538
1561001085.178028107 -294.170731 71.286269 43.352199 0.124293531 0.104145240 0.593784686 0.788114607
1561001085.277388573 -294.233655 71.043588 43.368254 0.123475832 0.105209984 0.594208382 0.787782316
1561001085.377098083 -294.311220 70.799242 43.388906 0.123145023 0.106266382 0.594905909 0.787165623
1561001085.478344202 -294.376090 70.568280 43.396522 0.123363486 0.106740652 0.595003266 0.786993644
1561001085.577980518 -294.434950 70.321027 43.396040 0.123588113 0.107195642 0.595449579 0.786558880
1561001085.678240299 -294.501902 70.072774 43.404354 0.122812865 0.107267275 0.595855914 0.786362805
1561001085.777886629 -294.568721 69.827636 43.423935 0.122458765 0.106940923 0.596333520 0.786100390
1561001085.878634453 -294.630739 69.588128 43.445947 0.122398886 0.107140285 0.597083542 0.785513027
1561001085.978416443 -294.686285 69.349835 43.464496 0.122600569 0.107748387 0.598256296 0.784505443
1561001086.077107430 -294.737716 69.119267 43.473993 0.123020071 0.108483283 0.599406005 0.783460198
1561001086.178459644 -294.791710 68.887122 43.474523 0.122902265 0.109226357 0.600437306 0.782585252
1561001086.277333498 -294.841774 68.653197 43.477862 0.122843547 0.108929185 0.602241895 0.781248101
1561001086.378304720 -294.887370 68.418282 43.484669 0.122824681 0.108725952 0.603988306 0.779930055
1561001086.478182793 -294.944060 68.180165 43.497758 0.122748631 0.108672287 0.606684833 0.777853856
1561001086.577973604 -294.991706 67.945197 43.509982 0.122670485 0.108792978 0.609502300 0.775643595
1561001086.679462433 -295.036111 67.690362 43.533542 0.122016845 0.109066236 0.612640513 0.773232208
1561001086.778551579 -295.073683 67.448315 43.532841 0.124106778 0.110707226 0.615412360 0.770460281
1561001086.878547907 -295.123583 67.190608 43.507915 0.124900549 0.110131601 0.619432457 0.767185971
1561001086.979250669 -295.169177 66.927968 43.490405 0.123564418 0.108955182 0.624090028 0.763788086
1561001087.078446388 -295.225965 66.670396 43.509171 0.121875492 0.105979286 0.629114681 0.760348258
1561001087.179310083 -295.266019 66.411974 43.554182 0.121267170 0.104556999 0.634705153 0.755983781
1561001087.278007746 -295.284165 66.146533 43.585375 0.122576055 0.105561929 0.640527787 0.750703633
1561001087.379050732 -295.287143 65.894375 43.576083 0.124201395 0.107115164 0.646832811 0.744786996
1561001087.478978157 -295.282677 65.624957 43.545381 0.125245828 0.107423680 0.653552348 0.738676495
1561001087.578064442 -295.292293 65.352700 43.519440 0.124829368 0.105639707 0.660660803 0.732656253
1561001087.679138899 -295.293399 65.078953 43.513597 0.125149786 0.103739360 0.667833042 0.726343379
1561001087.778022289 -295.283092 64.797708 43.524391 0.126416799 0.102283617 0.675462202 0.719241036
1561001087.879301071 -295.257996 64.512820 43.514651 0.128533504 0.103014681 0.683113349 0.711493687
1561001087.979234457 -295.248339 64.230442 43.471886 0.128694860 0.104479962 0.691281976 0.703314155
1561001088.078513622 -295.234026 63.953700 43.447111 0.127998777 0.102273661 0.700196464 0.694896627
1561001088.179131985 -295.194323 63.666293 43.436779 0.129640642 0.098751999 0.708105069 0.687043345
1561001088.278551579 -295.142504 63.369306 43.434025 0.132415296 0.095164203 0.716517027 0.678242813
1561001088.379473209 -295.075550 63.065933 43.423470 0.135631360 0.094337816 0.724843104 0.668810126
1561001088.471981049 -295.010245 62.784002 43.397148 0.137445409 0.095084456 0.733744453 0.658548999
1561001088.570713282 -294.932955 62.474837 43.340008 0.137625955 0.095580243 0.743070038 0.647896930
1561001088.671818733 -294.853640 62.174230 43.276902 0.137328555 0.094115089 0.752589613 0.637096612
1561001088.770797729 -294.775743 61.865753 43.237671 0.137288065 0.090873614 0.762042771 0.626246588
1561001088.871512890 -294.680629 61.547449 43.200818 0.139056337 0.087108685 0.771050196 0.615269865
1561001088.971241236 -294.564929 61.238818 43.175303 0.141038831 0.082818986 0.780001957 0.604024842
1561001089.070936203 -294.435771 60.927922 43.149652 0.143910967 0.080626655 0.788822171 0.592071413
1561001089.170773506 -294.279271 60.607523 43.103130 0.147005955 0.078607458 0.797583207 0.579716435
1561001089.269855738 -294.111866 60.297198 43.043104 0.150678940 0.077673053 0.806087175 0.566997549
1561001089.369904995 -293.946545 59.992835 42.948873 0.153301838 0.077368347 0.815089681 0.553300548
1561001089.471066713 -293.793658 59.671571 42.839768 0.155259559 0.074699544 0.824002599 0.539753799
1561001089.570033073 -293.621740 59.344942 42.742409 0.155605127 0.069435533 0.833101951 0.526219433
1561001089.671016216 -293.436883 59.034544 42.681269 0.155522107 0.064699045 0.842115431 0.512316806
1561001089.769758940 -293.223530 58.725819 42.629485 0.155828579 0.061505820 0.850846628 0.497990465
1561001089.870912552 -292.988092 58.424890 42.569282 0.157143002 0.058798761 0.859385374 0.483017145
1561001089.971036196 -292.751055 58.124792 42.489567 0.158954217 0.057547202 0.867502910 0.467825370
1561001090.071152687 -292.492241 57.832653 42.378799 0.160632819 0.056394782 0.875491691 0.452251063
1561001090.170864344 -292.222598 57.539279 42.252058 0.161158657 0.054361810 0.883423285 0.436618804
1561001090.270381689 -291.948091 57.241536 42.126294 0.161684962 0.050926474 0.891165770 0.420818295
1561001090.370743752 -291.658848 56.939846 42.007628 0.162712625 0.046683670 0.898669186 0.404646675
1561001090.470668316 -291.348886 56.640824 41.890559 0.163889022 0.042616231 0.905757321 0.388494429
1561001090.570240736 -291.039013 56.364568 41.783178 0.164690134 0.038144196 0.912886757 0.371564192
1561001090.670619726 -290.690053 56.095414 41.667924 0.165302502 0.033329313 0.919598341 0.354828313
1561001090.769499779 -290.325540 55.835149 41.546018 0.166836135 0.029612930 0.925871252 0.337714676
1561001090.870677233 -289.939849 55.574359 41.402569 0.169302391 0.025722186 0.931722955 0.320261463
1561001090.970664740 -289.558267 55.329172 41.247001 0.171419465 0.022459924 0.937251103 0.302772670
1561001091.069614649 -289.150672 55.099271 41.086655 0.172026363 0.018500246 0.942712050 0.285234397
1561001091.170711994 -288.716607 54.876704 40.928403 0.172139827 0.014343787 0.947897879 0.267678439
1561001091.269819736 -288.284925 54.665008 40.789903 0.172904301 0.009561691 0.952426498 0.250791630
1561001091.371419430 -287.823376 54.468953 40.639324 0.173758487 0.007199001 0.956372626 0.234749999
1561001091.471159935 -287.349885 54.277010 40.472379 0.175421213 0.004634421 0.959660301 0.219677098
1561001091.571706057 -286.862004 54.105526 40.297148 0.176453325 0.003025552 0.962494139 0.206058494
1561001091.672143221 -286.378532 53.945177 40.115779 0.176556676 0.002385081 0.964996360 0.193917708
1561001091.775707722 -285.872587 53.773201 39.920284 0.176012278 0.002820671 0.967233141 0.182952927
1561001091.876307011 -285.378849 53.602073 39.728823 0.175816934 0.001815391 0.969016609 0.173470230
1561001091.976514816 -284.876249 53.440015 39.545612 0.175750345 0.000172548 0.970424225 0.165495046
1561001092.074784756 -284.357363 53.281741 39.365595 0.175588164 -0.000605645 0.971632206 0.158427541
1561001092.176205158 -283.817296 53.128069 39.166486 0.174963762 -0.001756321 0.972803906 0.151779965
1561001092.274997234 -283.287296 52.980198 38.974662 0.174654693 -0.002650842 0.973839621 0.145344777
1561001092.384637117 -282.693590 52.820568 38.756221 0.174611582 -0.004233911 0.974812758 0.138682937
1561001092.476491213 -282.186453 52.682891 38.567684 0.175100472 -0.005692607 0.975549264 0.132706641
1561001092.575870991 -281.621715 52.536376 38.361350 0.176105200 -0.007092374 0.976213462 0.126269293
1561001092.676218748 -281.038869 52.404544 38.150472 0.176666425 -0.008991406 0.976894770 0.119936390
1561001092.774912834 -280.458164 52.266818 37.944562 0.177405018 -0.010969131 0.977516003 0.113444265
1561001092.876381874 -279.854815 52.130201 37.730979 0.177668400 -0.013811861 0.978146140 0.107113493
1561001092.976331234 -279.257251 52.006848 37.532453 0.177660049 -0.016720567 0.978856977 0.099981735
1561001093.078134060 -278.650821 51.890642 37.323807 0.176935603 -0.017997249 0.979613977 0.093414924
1561001093.177986622 -278.037346 51.789987 37.096442 0.175982616 -0.019420247 0.980417212 0.086226817
1561001093.276644468 -277.408304 51.691596 36.865153 0.175716596 -0.022328666 0.980965217 0.079576072
1561001093.376826048 -276.752624 51.587731 36.652869 0.175388515 -0.026026955 0.981418883 0.073337872
1561001093.477748632 -276.077877 51.519355 36.441025 0.175531952 -0.027690345 0.981749886 0.067741717
1561001093.576290131 -275.415198 51.467309 36.213076 0.175447889 -0.026854158 0.982137765 0.062468411
1561001093.677804947 -274.745587 51.411201 35.954345 0.175025638 -0.026012819 0.982511412 0.057971418
1561001093.777971983 -274.079864 51.349409 35.703921 0.174994842 -0.027393761 0.982673282 0.054585783
1561001093.877804518 -273.398324 51.281874 35.477643 0.174630763 -0.029431667 0.982862894 0.051170348
1561001093.977947712 -272.708244 51.221097 35.254254 0.174441049 -0.030503739 0.983037611 0.047716850
1561001094.078024149 -272.006960 51.172343 35.019287 0.173842497 -0.030636716 0.983302729 0.044225790
1561001094.177580595 -271.318091 51.133765 34.763971 0.174299542 -0.030302300 0.983366455 0.041132160
1561001094.277564526 -270.626715 51.095049 34.507453 0.174795593 -0.031586502 0.983356630 0.038190719
1561001094.377109766 -269.914476 51.058046 34.269814 0.175591317 -0.032582396 0.983275167 0.035721474
1561001094.478421688 -269.201097 51.023773 34.032321 0.175863275 -0.033034855 0.983298169 0.033249335
1561001094.576412201 -268.519971 50.998755 33.803178 0.174889251 -0.033512647 0.983569507 0.029693045
1561001094.677563667 -267.815422 50.968240 33.562789 0.173918291 -0.032933570 0.983849695 0.026600496
1561001094.776299238 -267.130836 50.949562 33.311863 0.173740555 -0.033318111 0.983938029 0.023876298
1561001094.877586365 -266.440075 50.917989 33.055581 0.174103587 -0.033928802 0.983909985 0.021399054
1561001094.978925705 -265.746838 50.886578 32.803670 0.175200207 -0.034529637 0.983737745 0.019303917
1561001095.076134682 -265.068542 50.860407 32.555355 0.176584646 -0.035708480 0.983480621 0.017568033
1561001095.177349567 -264.390267 50.849814 32.319502 0.178534530 -0.038440640 0.983049618 0.016161284
1561001095.276001692 -263.710549 50.834989 32.084925 0.179900202 -0.040787108 0.982716635 0.015503054
1561001095.377424479 -263.030902 50.817650 31.937262 0.179126434 -0.045330664 0.982656279 0.015668114
1561001095.477257967 -262.360756 50.810154 31.827605 0.170807846 -0.044328332 0.984198303 0.014607504
1561001095.577347994 -261.698228 50.807793 31.669670 0.156055635 -0.043437677 0.986713901 0.012469329
1561001095.677471638 -261.042853 50.799166 31.428266 0.146452961 -0.041400014 0.988298374 0.010192785
1561001095.786355495 -260.320637 50.741461 31.128334 0.145471670 -0.041927386 0.988442998 0.007779931
1561001095.878825188 -259.637187 50.695944 30.852505 0.142848289 -0.047034449 0.988609947 0.005700843
1561001095.978847027 -258.825451 50.665303 30.549209 0.145480185 -0.048190877 0.988172533 0.005310431
1561001096.079108715 -258.031579 50.682249 30.229815 0.149399070 -0.049310779 0.987533330 0.005127127
1561001096.179361343 -257.284859 50.745496 29.807794 0.157030755 -0.049509164 0.986325379 0.007241024
1561001096.278515577 -256.628254 50.794236 29.486311 0.170278773 -0.043964340 0.984361783 0.010205706
1561001096.379032850 -255.996857 50.802854 29.314333 0.176554645 -0.037172771 0.983517491 0.011831622
1561001096.478931904 -255.363515 50.799944 29.238338 0.168337581 -0.038795870 0.984890730 0.012148644
1561001096.577749729 -254.747244 50.803698 29.153997 0.164957719 -0.035426869 0.985601843 0.011085825
1561001096.678949833 -254.103317 50.809302 28.965601 0.167349915 -0.032895131 0.985284510 0.011240547
1561001096.777890682 -253.461768 50.815573 28.714010 0.170485519 -0.032398646 0.984765621 0.011031161
1561001096.879049540 -252.764393 50.805464 28.434875 0.173399598 -0.031804385 0.984264268 0.012037901
1561001096.979308367 -252.070755 50.774662 28.184437 0.174697973 -0.032637941 0.984003848 0.012321120
1561001097.079167128 -251.370117 50.737674 27.951311 0.174397238 -0.032720102 0.984041366 0.013326217
1561001097.179098368 -250.650902 50.709404 27.729961 0.172024550 -0.032183615 0.984474692 0.013466621
1561001097.278305769 -249.920483 50.692201 27.479308 0.170112013 -0.030773073 0.984852365 0.013443971
1561001097.379426241 -249.168773 50.671122 27.207861 0.170425481 -0.030377477 0.984804225 0.013892546
1561001097.479559183 -248.389617 50.641033 26.935042 0.171879246 -0.029962791 0.984541363 0.015429226
1561001097.579236746 -247.625428 50.618393 26.674261 0.173022156 -0.030358134 0.984315519 0.016268872
1561001097.679053068 -246.867908 50.609820 26.420980 0.173671510 -0.030203339 0.984204002 0.016384393
1561001097.778926134 -246.129999 50.609267 26.154080 0.172835267 -0.030550649 0.984339998 0.016413324
1561001097.878805161 -245.399729 50.600472 25.906437 0.172056707 -0.030512438 0.984476622 0.016470006
1561001097.978132010 -244.661454 50.588683 25.650671 0.171446365 -0.030387012 0.984591931 0.016171029
1561001098.078927755 -243.899746 50.557859 25.392202 0.171912737 -0.030096158 0.984517772 0.016278502
1561001098.178857565 -243.127838 50.555672 25.139775 0.172623976 -0.030168560 0.984385240 0.016628900
1561001098.277871609 -242.359555 50.540602 24.887702 0.172702434 -0.029186293 0.984400315 0.016674816
1561001098.379150629 -241.572259 50.522365 24.627467 0.171725484 -0.028407025 0.984594590 0.016640081
1561001098.478822231 -240.796097 50.515731 24.372587 0.171042252 -0.027033929 0.984748041 0.016882254
1561001098.578946590 -240.020177 50.481806 24.101548 0.170758659 -0.027431136 0.984789119 0.016715378
1561001098.678855896 -239.242025 50.442316 23.843919 0.170983739 -0.027009715 0.984755270 0.017090752
1561001098.777610540 -238.454039 50.424340 23.576206 0.171773402 -0.027231317 0.984609149 0.017238822
1561001098.878690958 -237.643664 50.390264 23.307308 0.172129503 -0.027221434 0.984545427 0.017341579
1561001098.978989840 -236.849089 50.361325 23.045255 0.171966298 -0.026592914 0.984593888 0.017183872
1561001099.079026461 -236.045421 50.320595 22.771032 0.171057306 -0.026533759 0.984750196 0.017389896
1561001099.178918362 -235.267012 50.287052 22.503077 0.169745814 -0.025969083 0.984988200 0.017612838
1561001099.277816057 -234.484513 50.250592 22.225308 0.168892817 -0.026476526 0.985114621 0.017983148
1561001099.378845453 -233.672057 50.220395 21.955750 0.169507840 -0.025817416 0.985008641 0.018934875
1561001099.479123354 -232.860097 50.183700 21.688811 0.171053650 -0.027530692 0.984671199 0.020133068
1561001099.578813076 -232.032996 50.140517 21.433849 0.172936002 -0.029671674 0.984253346 0.021402840
1561001099.679304361 -231.202897 50.090128 21.164626 0.172307747 -0.029722163 0.984342816 0.022267796
1561001099.778081894 -230.400325 50.048167 20.903867 0.170679590 -0.030260911 0.984583438 0.023413831
1561001099.879247904 -229.580424 49.999101 20.628799 0.168766508 -0.028682961 0.984937614 0.024352629
1561001099.979214191 -228.770432 49.964226 20.358642 0.167785045 -0.028660922 0.985080300 0.025367965
1561001100.078843594 -227.994241 49.948234 20.097605 0.167668314 -0.027557031 0.985115283 0.025996652
1561001100.179490089 -227.190231 49.926218 19.825985 0.168471928 -0.027605277 0.984949285 0.027019716
1561001100.278292894 -226.390512 49.907599 19.558753 0.169108483 -0.026097773 0.984842181 0.028409616
1561001100.383209705 -225.549301 49.892397 19.270070 0.168984970 -0.025234439 0.984841126 0.029920897
1561001100.478797436 -224.778749 49.865269 19.008059 0.169601999 -0.024583401 0.984719954 0.030942364
1561001100.579227448 -223.982215 49.831541 18.740678 0.169075068 -0.023541091 0.984808392 0.031809899
1561001100.679176569 -223.170738 49.789420 18.465696 0.168192302 -0.022689162 0.984943823 0.032897078
1561001100.778833151 -222.387052 49.735785 18.193227 0.167270066 -0.022330939 0.985074927 0.033903434
1561001100.879037857 -221.603270 49.677719 17.925663 0.167661893 -0.023137555 0.984942973 0.035234698
1561001100.978153229 -220.799990 49.600226 17.652858 0.168508154 -0.023218672 0.984759711 0.036251995
1561001101.078083277 -220.024414 49.540885 17.396512 0.169060820 -0.022659128 0.984662838 0.036661944
1561001101.178972244 -219.209098 49.472477 17.116876 0.169027612 -0.022401576 0.984629401 0.037852067
1561001101.278665543 -218.430022 49.397939 16.853778 0.169028099 -0.023007695 0.984579522 0.038772578
1561001101.379013300 -217.652333 49.321295 16.603352 0.169449874 -0.023705743 0.984436122 0.040128533
1561001101.478120089 -216.878354 49.251590 16.354168 0.170077014 -0.024514395 0.984280276 0.040806755
1561001101.578103304 -216.094217 49.194775 16.082559 0.170699498 -0.023492525 0.984181306 0.041193929
1561001101.679349422 -215.309000 49.142024 15.794888 0.170492533 -0.022917615 0.984199638 0.041930323
1561001101.777986288 -214.534205 49.071723 15.532074 0.169686229 -0.023751219 0.984275606 0.042941766
1561001101.879051447 -213.744449 48.984221 15.282245 0.169446780 -0.024996237 0.984230717 0.044191319
1561001101.978155136 -212.965017 48.903354 15.032554 0.169032181 -0.024858911 0.984299899 0.044315520
1561001102.077811480 -212.192590 48.821857 14.774145 0.169284495 -0.024211423 0.984251268 0.044788492
1561001102.178824425 -211.405948 48.735507 14.514555 0.169852149 -0.024864789 0.984121854 0.045123903
1561001102.277980089 -210.637751 48.645029 14.265128 0.169912102 -0.025162501 0.984085998 0.045513462
1561001102.378775120 -209.876752 48.561147 14.011649 0.169285702 -0.024151265 0.984217571 0.045550412
1561001102.478194952 -209.127558 48.482612 13.763122 0.167646170 -0.023971549 0.984447094 0.046733772
1561001102.578887224 -208.379428 48.393738 13.527183 0.166249820 -0.023854320 0.984693792 0.046584381
1561001102.678773165 -207.627042 48.294387 13.294753 0.168244659 -0.025929003 0.984319183 0.046229513
1561001102.778289795 -206.862276 48.199977 13.056685 0.168994928 -0.025181234 0.984193771 0.046575116
1561001102.879050970 -206.089520 48.119257 12.833958 0.164360132 -0.026474272 0.984969362 0.046045798
1561001102.978262901 -205.330427 48.043723 12.644524 0.156930407 -0.028774695 0.986068909 0.047042229
1561001103.078796864 -204.569671 47.979184 12.450725 0.150822167 -0.032180314 0.986871549 0.047975481
1561001103.178765535 -203.824486 47.936134 12.214194 0.153357183 -0.033334141 0.986418071 0.048474732
1561001103.277611494 -203.056008 47.915773 11.913548 0.155162355 -0.030769458 0.986221740 0.048420685
1561001103.378586054 -202.232030 47.887467 11.540728 0.160814064 -0.027081835 0.985444539 0.048004921
1561001103.477980614 -201.432313 47.819152 11.217209 0.166891260 -0.027637920 0.984382605 0.048727204
1561001103.579243183 -200.676015 47.720845 10.912997 0.176187599 -0.026771854 0.982800827 0.048412113
1561001103.679517269 -199.919445 47.632025 10.694898 0.173302105 -0.025244043 0.983360128 0.048290545
1561001103.777729511 -199.187490 47.544042 10.506839 0.167540464 -0.022944751 0.984404588 0.048490597
1561001103.879238605 -198.442345 47.461150 10.282351 0.165571100 -0.024049750 0.984688451 0.048953794
1561001103.978174686 -197.723819 47.381124 10.052311 0.166034654 -0.024582419 0.984591862 0.049061841
1561001104.078899145 -196.991593 47.316737 9.808958 0.168128563 -0.023953916 0.984194736 0.050196795
1561001104.171110153 -196.286774 47.272390 9.572988 0.168810566 -0.023019073 0.984048779 0.051196822
1561001104.270035028 -195.531153 47.212285 9.310869 0.168448810 -0.021987054 0.984094566 0.051956264
1561001104.371275425 -194.774565 47.131344 9.053176 0.167969432 -0.022272867 0.984136225 0.052593535
1561001104.470403910 -194.054558 47.045326 8.810179 0.167837094 -0.022324189 0.984130458 0.053099730
1561001104.571108580 -193.330118 46.940736 8.566328 0.168053579 -0.022192202 0.984062060 0.053734180
1561001104.671100378 -192.616082 46.849099 8.334991 0.168819228 -0.022351844 0.983883841 0.054525685
1561001104.769718170 -191.904033 46.766396 8.104741 0.169710450 -0.022517853 0.983718198 0.054679212
1561001104.870906591 -191.186912 46.682132 7.866666 0.169948693 -0.022031592 0.983664195 0.055107188
1561001104.970131636 -190.491319 46.603298 7.635073 0.170008069 -0.022041032 0.983626840 0.055584977
1561001105.070884705 -189.825358 46.522607 7.414382 0.169649369 -0.021681248 0.983679934 0.055882049
1561001105.171919584 -189.155293 46.437856 7.199795 0.169550097 -0.022217675 0.983655333 0.056403242
1561001105.271165609 -188.523619 46.365877 7.002647 0.169247843 -0.022103857 0.983690642 0.056738948
1561001105.372625351 -187.893943 46.303985 6.793954 0.168587313 -0.021686417 0.983781153 0.057294511
1561001105.470834970 -187.273893 46.244854 6.588722 0.167972230 -0.021255976 0.983870453 0.057727341
1561001105.570675611 -186.647635 46.167701 6.370543 0.168037933 -0.021201438 0.983845862 0.057974755
1561001105.672329187 -186.001294 46.083580 6.154130 0.168126505 -0.021738113 0.983769745 0.058804939
1561001105.770283461 -185.357845 45.985639 5.944111 0.168549808 -0.022146867 0.983679673 0.058947264
1561001105.871343851 -184.704385 45.895052 5.733610 0.169137174 -0.022474915 0.983502637 0.060083754
1561001105.970817804 -184.055171 45.819930 5.532126 0.169044013 -0.020993654 0.983527281 0.060477068
1561001106.072651148 -183.402713 45.752873 5.315508 0.168547947 -0.020584530 0.983567719 0.061338485
1561001106.172430992 -182.782265 45.676709 5.106434 0.167625286 -0.019915360 0.983713265 0.061752364
1561001106.270380974 -182.166158 45.596367 4.901916 0.167473420 -0.020380281 0.983693712 0.062321577
1561001106.372627974 -181.527412 45.503298 4.696255 0.167578306 -0.019884059 0.983670327 0.062568552
1561001106.470688820 -180.899177 45.425896 4.482704 0.168813977 -0.019165369 0.983433670 0.063188179
1561001106.572571278 -180.262684 45.341501 4.253664 0.169680805 -0.018546306 0.983262982 0.063705315
1561001106.672408819 -179.653446 45.248029 4.029472 0.170067397 -0.018866724 0.983188940 0.063723117
1561001106.770079136 -179.073620 45.154122 3.825366 0.169878254 -0.018939239 0.983187493 0.064226453
1561001106.872339249 -178.476920 45.058589 3.635713 0.169858500 -0.019779180 0.983123441 0.065001344
1561001106.970762730 -177.906499 44.961763 3.459163 0.170813611 -0.021208544 0.982884763 0.065654022
1561001107.072373390 -177.346093 44.883341 3.306308 0.169241782 -0.021785154 0.983128973 0.065879053
1561001107.172465086 -176.824895 44.818977 3.164604 0.163875605 -0.020554831 0.984016284 0.066590068
1561001107.270432711 -176.329850 44.783020 3.024661 0.155738551 -0.021667301 0.985270072 0.067222887
1561001107.372133732 -175.804138 44.720957 2.867664 0.150996119 -0.022434050 0.985990100 0.067233982
1561001107.470529556 -175.284838 44.645260 2.702596 0.149460735 -0.024230081 0.986095874 0.068478612
1561001107.572169781 -174.740843 44.556264 2.526209 0.152471019 -0.023813601 0.985579566 0.069414841
1561001107.672336817 -174.212350 44.468280 2.330223 0.158795793 -0.022236719 0.984587127 0.069839915
1561001107.772249937 -173.650191 44.389474 2.125949 0.168138174 -0.020453503 0.983089466 0.069615442
1561001107.872224569 -173.071367 44.299110 1.912939 0.175779821 -0.020501524 0.981655929 0.070942076
1561001107.970633745 -172.482397 44.202775 1.729215 0.180972753 -0.022804181 0.980598781 0.071797366
1561001108.071449757 -171.893836 44.104827 1.546323 0.183436409 -0.021660461 0.980084101 0.072918199
1561001108.172398329 -171.306600 44.025695 1.352622 0.181842774 -0.020234426 0.980369641 0.073478846
1561001108.271789312 -170.741223 43.956659 1.161138 0.177426356 -0.018556976 0.981149545 0.074304082
1561001108.372129202 -170.172618 43.877812 0.948824 0.173922105 -0.018162145 0.981685045 0.075602310
1561001108.470268011 -169.623974 43.794627 0.747233 0.171031588 -0.019004608 0.982065062 0.077040470
1561001108.572050333 -169.046043 43.700504 0.547966 0.169168821 -0.020481684 0.982278635 0.078045458
1561001108.672301054 -168.469973 43.600387 0.351386 0.167874912 -0.021614965 0.982350962 0.079607752
1561001108.773395300 -167.884953 43.492439 0.162542 0.166716022 -0.021498625 0.982446937 0.080880119
1561001108.872201681 -167.288156 43.372455 -0.039256 0.165460406 -0.021543699 0.982546234 0.082229074
1561001108.972897053 -166.671496 43.255642 -0.233151 0.165170734 -0.022054039 0.982508109 0.083126789
1561001109.073304176 -166.050690 43.140861 -0.436362 0.165594716 -0.021383139 0.982393622 0.083808845
1561001109.175225973 -165.423017 43.031694 -0.653117 0.166355940 -0.021008595 0.982222296 0.084402021
1561001109.274761438 -164.800488 42.916143 -0.876561 0.167961302 -0.020725787 0.981902408 0.085012378
1561001109.376058102 -164.161344 42.779536 -1.085706 0.168005682 -0.021818311 0.981794133 0.085897224
1561001109.474716187 -163.521603 42.672494 -1.267222 0.167619185 -0.021920040 0.981849717 0.085991014
1561001109.575987577 -162.872489 42.564837 -1.449645 0.166441502 -0.019561981 0.982091065 0.086091209
1561001109.677585125 -162.230750 42.475279 -1.655123 0.165047047 -0.016190009 0.982404530 0.085899328
1561001109.776106358 -161.591646 42.375874 -1.876063 0.161857462 -0.015182678 0.982921536 0.086237478
1561001109.877834558 -160.936543 42.269233 -2.090399 0.159980862 -0.015421439 0.983197889 0.086546018
1561001109.976263285 -160.281737 42.159784 -2.299985 0.159692188 -0.014825980 0.983229209 0.086826946
1561001110.077755213 -159.621564 42.044403 -2.522980 0.160485061 -0.012781374 0.983134126 0.086766772
1561001110.177835226 -158.952383 41.933219 -2.762104 0.162784900 -0.011060634 0.982751505 0.087052967
1561001110.278067589 -158.259638 41.800093 -3.016974 0.166062803 -0.011503904 0.982171957 0.087344444
1561001110.377166510 -157.557477 41.657713 -3.259081 0.168283852 -0.012572112 0.981663384 0.088653755
1561001110.478394032 -156.834809 41.512476 -3.488957 0.168855004 -0.013035711 0.981522271 0.089062278
1561001110.578035116 -156.143475 41.388286 -3.709614 0.167484245 -0.013260138 0.981662109 0.090070529
1561001110.677659988 -155.435749 41.256831 -3.944120 0.165426790 -0.013278292 0.982017321 0.089998026
1561001110.778678894 -154.715459 41.105760 -4.177577 0.165098272 -0.014192833 0.981934067 0.091359792
1561001110.878741741 -153.997881 40.950854 -4.415858 0.165022519 -0.016958226 0.981807192 0.092383034
1561001110.977639198 -153.283404 40.797390 -4.639870 0.166020814 -0.017416896 0.981587199 0.092845634
1561001111.078653812 -152.553542 40.655097 -4.877512 0.166315795 -0.016476232 0.981461743 0.093810647
1561001111.178585529 -151.816715 40.513755 -5.120249 0.166198940 -0.015991996 0.981447692 0.094247526
1561001111.278349638 -151.081458 40.371260 -5.358663 0.164971615 -0.016814638 0.981547053 0.095220885
1561001111.378372192 -150.341769 40.221225 -5.591738 0.164112512 -0.017074084 0.981625459 0.095848935
1561001111.477791548 -149.595820 40.073509 -5.845263 0.163720397 -0.016075910 0.981640230 0.096538361
1561001111.578811169 -148.826698 39.924162 -6.114289 0.164432821 -0.015566882 0.981438162 0.097461034
1561001111.677796602 -148.063794 39.772157 -6.376490 0.165610323 -0.015074245 0.981179420 0.098147509
1561001111.778919935 -147.291661 39.610028 -6.639021 0.166146144 -0.014754543 0.980979761 0.099279764
1561001111.878856182 -146.522160 39.438359 -6.893716 0.165872890 -0.015248263 0.980872778 0.100708825
1561001111.979036808 -145.737375 39.257660 -7.152108 0.165309666 -0.015690711 0.980801414 0.102250194
1561001112.089209795 -144.849438 39.058891 -7.435626 0.166178511 -0.019169671 0.980406288 0.104022773
1561001112.177925348 -144.130016 38.895599 -7.619679 0.165990849 -0.020647257 0.980221446 0.105766940
1561001112.278923750 -143.330017 38.722807 -7.852088 0.162502710 -0.019577194 0.980717272 0.106785931
1561001112.379084110 -142.564625 38.550882 -8.095124 0.152463977 -0.019777190 0.982097100 0.108852578
1561001112.477784872 -141.799117 38.371923 -8.350878 0.146468631 -0.020011256 0.982961366 0.109240299
1561001112.579099417 -141.039266 38.167478 -8.642684 0.150027658 -0.020717791 0.982253955 0.110632922
1561001112.679025412 -140.222936 37.938679 -8.958982 0.158357212 -0.020741041 0.980765017 0.112217572
1561001112.778925657 -139.377039 37.740913 -9.281589 0.176632556 -0.017189722 0.977607070 0.113092305
1561001112.877797604 -138.521271 37.561991 -9.576867 0.189025855 -0.015223813 0.975296560 0.113287603
1561001112.978832245 -137.634334 37.386903 -9.835567 0.184565493 -0.015272494 0.976051376 0.114131684
1561001113.078702211 -136.778920 37.216967 -10.072137 0.170317636 -0.014844955 0.978584001 0.114651138
1561001113.178638697 -135.961100 37.015349 -10.320821 0.158760723 -0.015156266 0.980405977 0.115626300
1561001113.278331518 -135.150605 36.790482 -10.597261 0.158628567 -0.014731441 0.980404322 0.115876347
1561001113.378151894 -134.313840 36.571292 -10.917889 0.162716212 -0.014357222 0.979650342 0.116629809
1561001113.477002859 -133.457155 36.353666 -11.232483 0.165434452 -0.013020354 0.979110653 0.117491457
1561001113.578137398 -132.573832 36.143725 -11.538481 0.167033434 -0.012163674 0.978771808 0.118142389
1561001113.678072453 -131.692065 35.930433 -11.834589 0.165879462 -0.012187018 0.978923786 0.118506128
1561001113.778128147 -130.821350 35.704440 -12.118620 0.163941012 -0.010590779 0.979184694 0.119199473
1561001113.879820108 -129.947033 35.475173 -12.407798 0.163863283 -0.010975767 0.979092533 0.120025700
1561001113.977493525 -129.082271 35.254223 -12.686812 0.164964913 -0.011100317 0.978819214 0.120732375
1561001114.078546047 -128.195510 35.026190 -12.974463 0.166297926 -0.010868703 0.978513083 0.121404353
1561001114.178218126 -127.309039 34.813901 -13.265698 0.166552896 -0.009624804 0.978414176 0.121955717
1561001114.278520107 -126.428822 34.610024 -13.554122 0.166053305 -0.008393442 0.978490907 0.122112220
1561001114.378598452 -125.561082 34.391496 -13.845875 0.165853645 -0.007396663 0.978428223 0.122947433
1561001114.477411032 -124.693120 34.169145 -14.138425 0.166234664 -0.007241015 0.978323078 0.123278380
1561001114.578339815 -123.814931 33.931346 -14.429403 0.167163646 -0.006831350 0.978066179 0.124081417
1561001114.677920818 -122.947187 33.700483 -14.714334 0.168029044 -0.006575073 0.977865688 0.124505842
1561001114.778145075 -122.083223 33.478936 -14.998928 0.167525517 -0.006648085 0.977916632 0.124780063
1561001114.888723612 -121.132703 33.226447 -15.308509 0.165818260 -0.006182918 0.978124303 0.125454870
1561001114.977567911 -120.369918 33.013585 -15.566092 0.164522337 -0.005882655 0.978300694 0.125799633
1561001115.079210043 -119.496709 32.784640 -15.858918 0.164354517 -0.005499570 0.978307977 0.125979561
1561001115.177839518 -118.638983 32.544106 -16.145718 0.165474449 -0.004815125 0.977996154 0.126958828
1561001115.278891087 -117.765592 32.313704 -16.432542 0.165469297 -0.005128081 0.977993344 0.126974931
1561001115.378715277 -116.900901 32.079310 -16.714791 0.164820533 -0.003653455 0.978014452 0.127705034
1561001115.479004622 -116.044654 31.828880 -17.000227 0.164027306 -0.004036220 0.978168737 0.127533027
1561001115.578880310 -115.185080 31.590699 -17.278444 0.163618578 -0.003912661 0.978148136 0.128218077
1561001115.677921057 -114.325607 31.330826 -17.556613 0.164042137 -0.004033114 0.977948775 0.129190189
1561001115.778738499 -113.432327 31.081521 -17.844180 0.164450959 -0.003845722 0.977813463 0.129699360
1561001115.878584623 -112.552079 30.837715 -18.133669 0.164485692 -0.002781568 0.977790036 0.129859022
1561001115.978504896 -111.672790 30.603332 -18.419100 0.163686042 -0.002405587 0.977791129 0.130864820
1561001116.078797340 -110.779922 30.374785 -18.718883 0.163810843 -0.000624313 0.977620078 0.132002274
1561001116.177849293 -109.902152 30.133496 -19.015225 0.164242977 -0.001610024 0.977464839 0.132605207
1561001116.277528048 -109.010775 29.887235 -19.295131 0.163119748 -0.000446659 0.977529990 0.133517291
1561001116.380238295 -108.105616 29.637705 -19.562723 0.156924624 0.000709070 0.978482317 0.133964604
1561001116.470269442 -107.284244 29.392049 -19.802349 0.147331959 -0.002604763 0.979795126 0.135233207
1561001116.570946932 -106.372537 29.089594 -20.096228 0.146671590 -0.006534989 0.979809951 0.135709977
1561001116.669826031 -105.477498 28.781100 -20.414074 0.154731292 -0.007938636 0.978524678 0.135958299
1561001116.771138906 -104.550442 28.497279 -20.750415 0.168534901 -0.008802872 0.976327412 0.135289620
1561001116.871403694 -103.618113 28.262655 -21.055818 0.182448993 -0.005254868 0.973867791 0.135152791
1561001116.971032381 -102.700929 28.038654 -21.347043 0.178985921 -0.003687744 0.974511072 0.135198415
1561001117.070900679 -101.794233 27.806437 -21.602278 0.165379919 -0.000140677 0.976938599 0.135057158
1561001117.170026779 -100.902786 27.549551 -21.886856 0.155567043 0.001996746 0.978442601 0.135812312
1561001117.269842148 -100.019223 27.261184 -22.185404 0.158253838 -0.000295890 0.977953751 0.136242781
1561001117.371374369 -99.100732 26.988001 -22.498116 0.164989063 -0.000668433 0.976835618 0.136273030
1561001117.469856739 -98.174664 26.729763 -22.807875 0.167722475 0.000671081 0.976333790 0.136532239
1561001117.571194410 -97.233170 26.460282 -23.110051 0.165607343 0.002975286 0.976631043 0.136956790
1561001117.670036554 -96.306853 26.195394 -23.411850 0.160988969 0.004072109 0.977222701 0.138209125
1561001117.771030426 -95.379895 25.934595 -23.716192 0.159069282 0.003961718 0.977508470 0.138414086
1561001117.870855570 -94.447500 25.656490 -24.016279 0.159232229 0.003939797 0.977380276 0.139130772
1561001117.969812870 -93.522041 25.372777 -24.314900 0.161299309 0.003144898 0.977004627 0.139408036
1561001118.071251154 -92.585431 25.085066 -24.617175 0.162901239 0.003255626 0.976643448 0.140071989
1561001118.170220375 -91.652112 24.793901 -24.924489 0.162636343 0.003310040 0.976611191 0.140602436
1561001118.270298004 -90.696157 24.491089 -25.229274 0.160730214 0.003422530 0.976895739 0.140814769
1561001118.371013880 -89.743564 24.183657 -25.539757 0.159987770 0.002936515 0.976962321 0.141208760
1561001118.470308542 -88.811331 23.877079 -25.837973 0.159619550 0.001389298 0.977025728 0.141210463
1561001118.570958376 -87.850966 23.576321 -26.130803 0.159801431 0.000753829 0.976899556 0.141880905
1561001118.669758081 -86.896469 23.284829 -26.433421 0.159730650 0.000999112 0.976906588 0.141910673
1561001118.770827770 -85.937691 22.992957 -26.745593 0.159767824 0.001462136 0.976924286 0.141742878
1561001118.870896101 -84.973259 22.701196 -27.065771 0.160045676 0.001068453 0.976847122 0.141964576
1561001118.970079184 -84.026924 22.409414 -27.366359 0.160032165 0.000295925 0.976862631 0.141876770
1561001119.070505857 -83.042117 22.106885 -27.683233 0.159591216 0.000490958 0.976971759 0.141621269
1561001119.169843197 -82.073335 21.806782 -27.994876 0.159285079 0.000000165 0.976967311 0.141996963
1561001119.270279646 -81.078314 21.503510 -28.318257 0.159052381 -0.000371152 0.976802690 0.143383079
1561001119.372064352 -80.072999 21.188033 -28.636159 0.158997694 -0.001607673 0.976888388 0.142850363
1561001119.471662045 -79.083987 20.890075 -28.939519 0.158680299 -0.002026338 0.977027150 0.142247689
1561001119.571939707 -78.115819 20.594837 -29.245018 0.158928641 -0.002508045 0.976994597 0.142186334
1561001119.672096968 -77.134452 20.303211 -29.552221 0.158996682 -0.002578768 0.976997517 0.142088902
1561001119.771744013 -76.161033 20.014414 -29.855160 0.158930355 -0.003351938 0.977095012 0.141475242
1561001119.873462439 -75.169169 19.725637 -30.170303 0.158529053 -0.002550702 0.977198855 0.141224752
1561001119.971591473 -74.210835 19.435394 -30.470234 0.158438953 -0.002998223 0.977245629 0.140993224
1561001120.073326111 -73.217667 19.147516 -30.778453 0.158941090 -0.003230597 0.977153169 0.141063735
1561001120.171948910 -72.250355 18.859975 -31.089431 0.160059594 -0.002302607 0.977002700 0.140859320
1561001120.273363590 -71.262472 18.572374 -31.414723 0.159915430 -0.001542669 0.977090479 0.140423895
1561001120.373310089 -70.294978 18.269473 -31.731100 0.159356828 -0.002184703 0.977133125 0.140753275
1561001120.473453045 -69.308114 17.977527 -32.037207 0.158779678 -0.002398211 0.977189868 0.141007885
1561001120.573406219 -68.340974 17.687613 -32.341128 0.158331864 -0.001857564 0.977291092 0.140817941
1561001120.671903133 -67.384032 17.400649 -32.643090 0.157828309 -0.001244068 0.977324277 0.141159253
1561001120.771967888 -66.412156 17.118187 -32.950583 0.157231782 -0.000478782 0.977306820 0.141948293
1561001120.873676538 -65.434710 16.819641 -33.262620 0.156852952 0.000257879 0.977360622 0.141997537
1561001120.973221064 -64.488764 16.524715 -33.565530 0.156732401 0.000830451 0.977353889 0.142174682
1561001121.073361397 -63.512770 16.234070 -33.877792 0.156693593 0.000507266 0.977314736 0.142487781
1561001121.171752214 -62.566858 15.946501 -34.163953 0.156576762 0.000786653 0.977205025 0.143364699
1561001121.271834373 -61.612535 15.653629 -34.457209 0.156213657 0.000375496 0.977205063 0.143761670
1561001121.373059511 -60.647893 15.350924 -34.743367 0.156602831 0.001079658 0.977108147 0.143993250
1561001121.471369505 -59.705151 15.054326 -35.036044 0.157116577 0.001165967 0.976972679 0.144351674
1561001121.573234797 -58.720830 14.745566 -35.327778 0.157717602 0.001156535 0.976791041 0.144924403
1561001121.671831131 -57.750097 14.411708 -35.608262 0.157175609 -0.000947270 0.976906124 0.144738925
1561001121.773792505 -56.751716 14.086167 -35.877725 0.158807807 0.000184401 0.976623615 0.144866698
1561001121.873732567 -55.800615 13.765073 -36.128550 0.156069790 0.000881174 0.976987183 0.145387372
1561001121.971981287 -54.872245 13.445255 -36.357411 0.147421597 -0.000173392 0.978115433 0.146823168
1561001122.074081421 -53.960699 13.157314 -36.680529 0.134709284 -0.006427249 0.979571257 0.149171888
1561001122.171613932 -53.078344 12.856989 -37.029961 0.136544513 -0.010366191 0.978962697 0.151261946
1561001122.273362160 -52.135862 12.535914 -37.408171 0.146343242 -0.012923091 0.977188326 0.153361096
1561001122.373938560 -51.151622 12.249988 -37.773500 0.167868607 -0.012369759 0.973939223 0.152018123
1561001122.472355843 -50.126466 11.954187 -38.030195 0.176446120 -0.006371128 0.972561182 0.151495618
1561001122.573066711 -49.090066 11.659918 -38.239037 0.170448209 -0.004156363 0.973690580 0.151184615
1561001122.671243668 -48.121933 11.330502 -38.443161 0.155430957 -0.000377532 0.975865209 0.153388948
1561001122.772940636 -47.166518 10.994931 -38.716086 0.147882723 -0.000584754 0.976643161 0.155879742
1561001122.873184919 -46.237387 10.652697 -39.036906 0.151915200 -0.000870753 0.975851465 0.156955192
1561001122.973012447 -45.258428 10.317864 -39.388544 0.153801298 -0.002236858 0.975409423 0.157849977
1561001123.073321104 -44.270799 9.986481 -39.729580 0.154617180 -0.001524350 0.975205932 0.158318016
1561001123.171554804 -43.322446 9.690944 -40.054195 0.154413377 -0.000565267 0.975227227 0.158392059
1561001123.273216963 -42.362029 9.362000 -40.342471 0.151826295 0.001888151 0.975561429 0.158824149
1561001123.372028589 -41.407709 9.030065 -40.629663 0.151040891 0.001937550 0.975585779 0.159421715
1561001123.473081827 -40.446686 8.697787 -40.911601 0.151582477 0.001737840 0.975584206 0.158918813
1561001123.572899342 -39.486999 8.359016 -41.202023 0.153073887 0.001304880 0.975345152 0.158960741
1561001123.672399044 -38.507333 8.021579 -41.503370 0.153315393 0.001854270 0.975269713 0.159185232
1561001123.772978544 -37.526018 7.690395 -41.808885 0.153206995 0.001887665 0.975319602 0.158983418
1561001123.873061657 -36.556767 7.344918 -42.093692 0.152605958 0.002114044 0.975426371 0.158903580
1561001123.973108768 -35.579449 6.996116 -42.383501 0.152395923 0.002031942 0.975477797 0.158790494
1561001124.073419571 -34.588943 6.654879 -42.676681 0.152407405 0.002489029 0.975453669 0.158921136
1561001124.171925068 -33.606002 6.300826 -42.969921 0.152595484 0.002654125 0.975571827 0.158010078
1561001124.271804094 -32.596682 5.954066 -43.267793 0.152662158 0.002899121 0.975534074 0.158174367
1561001124.373023748 -31.592639 5.597983 -43.560160 0.152576251 0.003187756 0.975530678 0.158272620
1561001124.471351624 -30.607913 5.273838 -43.851551 0.152440806 0.002710824 0.975573626 0.158147248
1561001124.573154211 -29.634560 4.944611 -44.147818 0.152394354 0.002966835 0.975729376 0.157223866
1561001124.671169281 -28.674840 4.608415 -44.436945 0.152342434 0.003471600 0.975677838 0.157583273
1561001124.773005009 -27.673464 4.262896 -44.735903 0.152286874 0.003387508 0.975760785 0.157124549
1561001124.873082399 -26.698103 3.920826 -45.021645 0.152406577 0.003487179 0.975749680 0.157075258
1561001124.973706961 -25.708330 3.580864 -45.306249 0.152063237 0.003385104 0.975889934 0.156538014
1561001125.073866844 -24.739123 3.239907 -45.591593 0.151726714 0.003417912 0.975960812 0.156421916
1561001125.171928406 -23.759528 2.895101 -45.874365 0.151438756 0.002736738 0.976057407 0.156111341
1561001125.273152590 -22.768024 2.544924 -46.152957 0.151723522 0.002792494 0.976040404 0.155940068
1561001125.373070478 -21.787486 2.200366 -46.438241 0.151689496 0.002533887 0.976124736 0.155448948
1561001125.473145008 -20.798839 1.850954 -46.722900 0.151925225 0.002278876 0.976103810 0.155354061
1561001125.573131323 -19.824699 1.524845 -47.021412 0.151598346 0.002794544 0.976220044 0.154934044
1561001125.682920456 -18.745506 1.165057 -47.344778 0.150722076 0.002010024 0.976291260 0.155351831
1561001125.773505688 -17.876525 0.874304 -47.593964 0.150327537 0.001609341 0.976345227 0.155399609
1561001125.872787237 -16.913815 0.568591 -47.866981 0.150073185 0.001080862 0.976412618 0.155226513
1561001125.972429276 -15.945541 0.242475 -48.154340 0.149881933 0.000931695 0.976383649 0.155594047
1561001126.073273897 -14.993862 -0.081229 -48.441514 0.149477235 0.001049166 0.976442006 0.155616403
1561001126.172655582 -14.034533 -0.391976 -48.738529 0.149822793 0.001438439 0.976371885 0.155720915
1561001126.273310661 -13.079367 -0.693925 -49.022768 0.149728569 0.001455291 0.976393319 0.155676988
1561001126.373210430 -12.123377 -1.013753 -49.297918 0.149285901 0.001585217 0.976398398 0.156068496
1561001126.472213268 -11.172205 -1.322193 -49.568116 0.149724395 0.001504215 0.976316542 0.156161303
1561001126.573219538 -10.218745 -1.634637 -49.798822 0.150027156 0.001331429 0.976232397 0.156398169
1561001126.671714783 -9.302964 -1.940691 -50.032752 0.146013744 0.003745982 0.976858592 0.156247385
1561001126.773423433 -8.358294 -2.259479 -50.280319 0.130281367 0.005873768 0.979027075 0.156519168
1561001126.872199774 -7.433066 -2.573780 -50.547831 0.125171185 0.006165047 0.979503991 0.157689881
1561001126.973172426 -6.480428 -2.895927 -50.819162 0.124514379 0.005839920 0.979701532 0.156993547
1561001127.073160410 -5.473267 -3.246770 -51.106226 0.130661244 0.004754163 0.978800123 0.157655815
1561001127.171389103 -4.493470 -3.569055 -51.412679 0.151082219 0.002986228 0.975821199 0.157918438
1561001127.273025036 -3.573490 -3.897187 -51.734660 0.173075484 0.002578963 0.972229371 0.157506433
1561001127.371955156 -2.693495 -4.201923 -51.999383 0.161031467 0.004449837 0.974372250 0.156996128
1561001127.473446369 -1.793609 -4.523311 -52.240311 0.141481172 0.004655006 0.977327094 0.157458441
1561001127.573797464 -0.900494 -4.846589 -52.510137 0.141109908 0.004165039 0.977411052 0.157284077
1561001127.671465874 0.006348 -5.172406 -52.798624 0.145570641 0.004751694 0.976659761 0.157868051
1561001127.773034573 0.955165 -5.494557 -53.102426 0.149387879 0.005576968 0.975985723 0.158442502
1561001127.871318340 1.879348 -5.795196 -53.389822 0.151499642 0.005809435 0.975569388 0.158992069
1561001127.971648216 2.833822 -6.118257 -53.660627 0.149765961 0.005918353 0.975722981 0.159686551
1561001128.073105812 3.764501 -6.431641 -53.920915 0.148341715 0.005522931 0.975982418 0.159444515
1561001128.172656536 4.684094 -6.749553 -54.177650 0.146031931 0.005429547 0.976332449 0.159436958
1561001128.273159266 5.605803 -7.076014 -54.439189 0.145524918 0.006202658 0.976348183 0.159775624
1561001128.371438980 6.507563 -7.393877 -54.720682 0.146280902 0.005857830 0.976194215 0.160038865
1561001128.473140478 7.436925 -7.710629 -55.003319 0.146981200 0.006069020 0.976114088 0.159878016
1561001128.573389769 8.350722 -8.022501 -55.286626 0.147442235 0.006375337 0.975787767 0.161426068
1561001128.671217442 9.258039 -8.336240 -55.560593 0.146748216 0.007237491 0.975726887 0.162387257
1561001128.772931814 10.183706 -8.654042 -55.832045 0.145923015 0.007944514 0.975455726 0.164710305
1561001128.871787310 11.089975 -8.971215 -56.088726 0.145380599 0.007803436 0.975248876 0.166412796
1561001128.972965956 11.996469 -9.300436 -56.354303 0.144905087 0.008070645 0.975015931 0.168170492
1561001129.072984219 12.903117 -9.639449 -56.611702 0.144779458 0.008378823 0.974794284 0.169542937
1561001129.171175241 13.809726 -9.977967 -56.860707 0.144967963 0.008622036 0.974320449 0.172074443
1561001129.272892237 14.726441 -10.326286 -57.117453 0.145107468 0.009722985 0.973950324 0.173982908
1561001129.372110844 15.621676 -10.678157 -57.378407 0.144683367 0.010021279 0.973700122 0.175711037
1561001129.473344564 16.525677 -11.033705 -57.633252 0.144464731 0.011125098 0.973263150 0.178227425
1561001129.573119640 17.397729 -11.379065 -57.876315 0.143292552 0.011533160 0.973029537 0.180409952
1561001129.673129559 18.263744 -11.734132 -58.106275 0.142995817 0.012548017 0.972598157 0.182886763
1561001129.772938013 19.126113 -12.086683 -58.341763 0.142450886 0.012955768 0.972178752 0.185494924
1561001129.871561766 19.987300 -12.448674 -58.580602 0.142200322 0.013278881 0.971943373 0.186892537
1561001129.972452402 20.833514 -12.822664 -58.826713 0.142179787 0.013584182 0.971345498 0.189969211
1561001130.073165178 21.709200 -13.204410 -59.085402 0.142365074 0.014492941 0.971069018 0.191172967
1561001130.171644449 22.581323 -13.561871 -59.344497 0.142957381 0.016237385 0.970490407 0.193514610
1561001130.273161411 23.453634 -13.956189 -59.593855 0.143657705 0.015504115 0.970212787 0.194445966
1561001130.371889591 24.313942 -14.337224 -59.821373 0.143901808 0.014858272 0.970022698 0.195262560
1561001130.471637726 25.175267 -14.735428 -60.052048 0.143911796 0.015031574 0.969699968 0.196838562
1561001130.573281765 26.035974 -15.131285 -60.288506 0.143441261 0.013379719 0.969705311 0.197274423
1561001130.672322989 26.874139 -15.539592 -60.512594 0.143302956 0.012876065 0.969610463 0.197873746
1561001130.773187876 27.726283 -15.934952 -60.745117 0.144306063 0.011499550 0.969564218 0.197455687
1561001130.872045517 28.580539 -16.309062 -60.975220 0.145414968 0.010523726 0.969307214 0.197957732
1561001130.971464872 29.435474 -16.673466 -61.224862 0.145644061 0.012067320 0.969355486 0.197464247
1561001131.073112726 30.296134 -17.036513 -61.463629 0.141148362 0.011603015 0.970063050 0.197282003
1561001131.171266079 31.113536 -17.392698 -61.661162 0.134005289 0.012445696 0.971003489 0.197585203
1561001131.273021221 31.940609 -17.753185 -61.882916 0.130465507 0.013325614 0.971477545 0.197566592
1561001131.371905565 32.735113 -18.115635 -62.136845 0.134134622 0.013104382 0.970916858 0.197880348
1561001131.473115206 33.550086 -18.467723 -62.444438 0.141952944 0.010706247 0.969868231 0.197712802
1561001131.573333025 34.396745 -18.844535 -62.732059 0.150667986 0.010481619 0.968484574 0.198057878
1561001131.673292637 35.265157 -19.202516 -62.962764 0.149774979 0.013391147 0.968792795 0.197049874
1561001131.773116350 36.124658 -19.564742 -63.159569 0.144326306 0.013229473 0.969664339 0.196839956
1561001131.871871471 36.953585 -19.936343 -63.352992 0.141583572 0.012797966 0.970135942 0.196536406
1561001131.973441601 37.789978 -20.314687 -63.592676 0.141730962 0.012091283 0.970033818 0.196978497
1561001132.073639154 38.613531 -20.661628 -63.836626 0.141891064 0.012076220 0.970076698 0.196652717
1561001132.172948837 39.428290 -21.013726 -64.071944 0.142017738 0.013414477 0.970150335 0.196110535
1561001132.273383617 40.258888 -21.377101 -64.306827 0.141236068 0.012799854 0.970430097 0.195330394
1561001132.373613119 41.087143 -21.730275 -64.525585 0.139334336 0.013410899 0.970866426 0.194485147
1561001132.474628210 41.909191 -22.082799 -64.745908 0.137853687 0.013235624 0.971160456 0.194083867
1561001132.574077845 42.736828 -22.426168 -64.967069 0.137562038 0.012983596 0.971385962 0.193177186
1561001132.674535036 43.563580 -22.771459 -65.198259 0.138445087 0.013885290 0.971299563 0.192917900
1561001132.773335457 44.382909 -23.120909 -65.434945 0.140290336 0.013332586 0.971159933 0.192325893
1561001132.873094797 45.220104 -23.480133 -65.661961 0.140537203 0.013679029 0.971238866 0.191721787
1561001132.973117352 46.060396 -23.840487 -65.897977 0.140283277 0.013797559 0.971340206 0.191385566
1561001133.074191809 46.898349 -24.192362 -66.131040 0.139553244 0.013729014 0.971480723 0.191210909
1561001133.174592257 47.715789 -24.539704 -66.354942 0.138896872 0.013929725 0.971576174 0.191189331
1561001133.274427652 48.533637 -24.883313 -66.577637 0.137947602 0.013684101 0.971623577 0.191652887
1561001133.372622728 49.344631 -25.228621 -66.799168 0.137554171 0.013871024 0.971726944 0.191397989
1561001133.475980520 50.176867 -25.577564 -67.035066 0.137625711 0.013737163 0.971672315 0.191633416
1561001133.577140331 51.002234 -25.926408 -67.264828 0.138351159 0.013574048 0.971569255 0.191645206
1561001133.674269676 51.819415 -26.270545 -67.484963 0.138931109 0.013144274 0.971405417 0.192085634
1561001133.777336121 52.664031 -26.630254 -67.716755 0.139052961 0.012937350 0.971343594 0.192324002
1561001133.875792027 53.472051 -26.978348 -67.947591 0.138942228 0.012886067 0.971270765 0.192774760
1561001133.977144003 54.313850 -27.332540 -68.172399 0.138833655 0.012563097 0.971242209 0.193018023
1561001134.077324629 55.141488 -27.686848 -68.402174 0.139127142 0.013417676 0.970898097 0.194474905
1561001134.176161289 55.965641 -28.021855 -68.639606 0.139227712 0.013612121 0.970645633 0.195646132
1561001134.277354717 56.809939 -28.375747 -68.884059 0.139540879 0.014193869 0.970214129 0.197513093
1561001134.381065130 57.666013 -28.759127 -69.138313 0.139795820 0.014094986 0.969889712 0.198928145
1561001134.478579521 58.460725 -29.118160 -69.360227 0.139968972 0.014006369 0.969506199 0.200674459
1561001134.578599691 59.275772 -29.501082 -69.583229 0.139770725 0.014011549 0.969148585 0.202531087
1561001134.678869486 60.097396 -29.896864 -69.812120 0.139430297 0.013675973 0.968818760 0.204358437
1561001134.778659821 60.909451 -30.276014 -70.030446 0.139262707 0.014011736 0.968485713 0.206021828
1561001134.877500296 61.722670 -30.665545 -70.255753 0.138982829 0.013569530 0.968121901 0.207941398
1561001134.978861332 62.542965 -31.031983 -70.471519 0.139463720 0.013541016 0.967700215 0.209577683
1561001135.079314470 63.362170 -31.422776 -70.695110 0.138797166 0.014271250 0.967323572 0.211699752
1561001135.178916454 64.180329 -31.815393 -70.886440 0.132056482 0.014560669 0.968207414 0.211951588
1561001135.278153419 65.000624 -32.210863 -71.054784 0.125047103 0.016988759 0.969209209 0.211442931
1561001135.377695322 65.826159 -32.600983 -71.267846 0.125119775 0.016714113 0.969380536 0.210634892
1561001135.478683233 66.690348 -32.991655 -71.517979 0.130866542 0.013938427 0.968898118 0.209561700
1561001135.570667744 67.516249 -33.372453 -71.792357 0.139669967 0.013775746 0.967889905 0.208546544
1561001135.669685364 68.360350 -33.776654 -72.065349 0.144528002 0.013010286 0.967316575 0.207944781
1561001135.770770550 69.219468 -34.158679 -72.307289 0.144442092 0.011378341 0.967537790 0.207069168
1561001135.870518446 70.048127 -34.534878 -72.499744 0.140937855 0.011962496 0.968379924 0.205508497
1561001135.970964670 70.865503 -34.894827 -72.698140 0.135966972 0.013420648 0.969319134 0.204336206
1561001136.070956945 71.690377 -35.263322 -72.892751 0.131972428 0.014016533 0.970178481 0.202831285
1561001136.170767069 72.514776 -35.639269 -73.106081 0.131231480 0.014094605 0.970518567 0.201676354
1561001136.272281647 73.348604 -36.018353 -73.343768 0.132378958 0.014016289 0.970611959 0.200478880
1561001136.369862318 74.172874 -36.403825 -73.594142 0.134024329 0.014595539 0.970727397 0.198778191
1561001136.470997572 75.034501 -36.782198 -73.839852 0.133855184 0.013499723 0.971017070 0.197550999
1561001136.571203947 75.884529 -37.148960 -74.052587 0.133834097 0.012548044 0.971299641 0.196234525
1561001136.670774937 76.723718 -37.489084 -74.276034 0.134222331 0.011696732 0.971439870 0.195325708
1561001136.770823479 77.581137 -37.847904 -74.495962 0.134918741 0.010747912 0.971674352 0.193727565
1561001136.869815588 78.435320 -38.216958 -74.707581 0.134765475 0.010757806 0.971827969 0.193061996
1561001136.969825029 79.295733 -38.578208 -74.928547 0.133568932 0.010308152 0.972315861 0.191454824
1561001137.072269678 80.173179 -38.948468 -75.161385 0.132693840 0.010466119 0.972672990 0.190236852
1561001137.170897484 81.032995 -39.301653 -75.378260 0.132614475 0.009599784 0.972974837 0.188788800
1561001137.270932436 81.909743 -39.658900 -75.607086 0.133070959 0.009439845 0.973032619 0.188176861
1561001137.369738340 82.801800 -40.013120 -75.842803 0.133151147 0.009046687 0.973159226 0.187483469
1561001137.470888376 83.699767 -40.378256 -76.083562 0.132616220 0.010082115 0.973244729 0.187365915
1561001137.572090864 84.580043 -40.729964 -76.322501 0.132280005 0.009538874 0.973425486 0.186691814
1561001137.669888496 85.444148 -41.088050 -76.557404 0.132401947 0.010106083 0.973417517 0.186617068
1561001137.770748615 86.332291 -41.459764 -76.801941 0.133002597 0.009482702 0.973363454 0.186504624
1561001137.869573116 87.212048 -41.826079 -77.025464 0.132328123 0.009396133 0.973349622 0.187060136
1561001137.970545292 88.122709 -42.202315 -77.253123 0.131404019 0.009245198 0.973381907 0.187550457
1561001138.070568800 89.019952 -42.579904 -77.471098 0.130438070 0.009022233 0.973476220 0.187745992
1561001138.170791149 89.903353 -42.946604 -77.698361 0.130534770 0.009327928 0.973551664 0.187272052
1561001138.270384550 90.797277 -43.308322 -77.936309 0.130842052 0.009005572 0.973441123 0.187647642
1561001138.369592428 91.696375 -43.669347 -78.167890 0.131247734 0.009610515 0.973366502 0.187721398
1561001138.470901251 92.618337 -44.042810 -78.415961 0.131559031 0.009505226 0.973291694 0.187896648
1561001138.571136236 93.520442 -44.406335 -78.660608 0.131198349 0.010343057 0.973292168 0.188102020
1561001138.671264172 94.416925 -44.773502 -78.896922 0.130966902 0.009321200 0.973370024 0.187913765
1561001138.770878792 95.315583 -45.132894 -79.123854 0.130675211 0.010314477 0.973389707 0.187962972
1561001138.869854212 96.209287 -45.482546 -79.358844 0.130398997 0.010629196 0.973388781 0.188141978
1561001138.970588207 97.123580 -45.861365 -79.598169 0.130460302 0.010745065 0.973431920 0.187869503
1561001139.069245815 98.028213 -46.241392 -79.840432 0.130310919 0.010274954 0.973410556 0.188110018
1561001139.169584274 98.939211 -46.622177 -80.075701 0.130039216 0.010365468 0.973483730 0.187914305
1561001139.271359444 99.862524 -47.000317 -80.314801 0.129136401 0.010777393 0.973615019 0.187833524
1561001139.369343758 100.770917 -47.377852 -80.546891 0.128660806 0.011004315 0.973742059 0.187487878
1561001139.471135855 101.696644 -47.753722 -80.780235 0.128166764 0.011034276 0.973805195 0.187496582
1561001139.570698023 102.614194 -48.139707 -81.015270 0.127882837 0.011506609 0.973785491 0.187764203
1561001139.671306610 103.547649 -48.528848 -81.262050 0.127994244 0.011095794 0.973806163 0.187605741
1561001139.771595716 104.465835 -48.923329 -81.494540 0.127846940 0.010757806 0.973873929 0.187373960
1561001139.869844675 105.377646 -49.301825 -81.729952 0.127866687 0.011035751 0.973812784 0.187661886
1561001139.972090244 106.325214 -49.692815 -81.959076 0.127525661 0.010647140 0.973846667 0.187740550
1561001140.071681499 107.238537 -50.075749 -82.173169 0.126906123 0.010541556 0.974003317 0.187353278
1561001140.172485352 108.173027 -50.468053 -82.383359 0.126086514 0.009814679 0.974148871 0.187189319
1561001140.271800995 109.102147 -50.854485 -82.584467 0.124766088 0.010479560 0.974259748 0.187460783
1561001140.370989323 110.031081 -51.241065 -82.811900 0.124183138 0.010664156 0.974395430 0.187131959
1561001140.472866297 110.979782 -51.635093 -83.035378 0.124091498 0.009860618 0.974405049 0.187186719
1561001140.572680712 111.916715 -52.029049 -83.273995 0.124955818 0.009759640 0.974236470 0.187494250
1561001140.674252510 112.869963 -52.427855 -83.529126 0.125890297 0.008960984 0.974167283 0.187268359
1561001140.774110794 113.816700 -52.823525 -83.780160 0.126388439 0.009206634 0.974086943 0.187338804
1561001140.872517109 114.730282 -53.191307 -84.025101 0.126386382 0.009123745 0.974076608 0.187397976
1561001140.974249363 115.663759 -53.568233 -84.256135 0.126298999 0.009588816 0.974139224 0.187107964
1561001141.073478222 116.571771 -53.918121 -84.486459 0.125389216 0.010412238 0.974218843 0.187261250
1561001141.174826622 117.496228 -54.279233 -84.691260 0.124542841 0.010028155 0.974381639 0.186999833
1561001141.275135756 118.400275 -54.648734 -84.899351 0.123618946 0.010455691 0.974528466 0.186824258
1561001141.373734951 119.305281 -55.015845 -85.107414 0.123920919 0.009096563 0.974656891 0.186023664
1561001141.474889994 120.229558 -55.386616 -85.341609 0.124623052 0.010025736 0.974459604 0.186539702
1561001141.572919607 121.135110 -55.764873 -85.577273 0.125370236 0.008746530 0.974361694 0.186614819
1561001141.674354553 122.062626 -56.154437 -85.823706 0.125623307 0.008955284 0.974469770 0.185868921
1561001141.774114847 122.962716 -56.504050 -86.090154 0.126418600 0.009222682 0.974239815 0.186520942
1561001141.877244711 123.909455 -56.881484 -86.355761 0.127028269 0.009144354 0.974169524 0.186477713
1561001141.974184752 124.773108 -57.229212 -86.577342 0.127097738 0.009092912 0.974018726 0.187219135
1561001142.073100805 125.661198 -57.576964 -86.800295 0.126933839 0.009129236 0.973975131 0.187555062
1561001142.174343109 126.530679 -57.946784 -86.989676 0.126182164 0.008694100 0.974108527 0.187390104
1561001142.274505615 127.393407 -58.296135 -87.165756 0.124275166 0.009256157 0.974393210 0.187157367
1561001142.372759819 128.249068 -58.644816 -87.348028 0.123342797 0.009537376 0.974493202 0.187239400
1561001142.474078655 129.107794 -58.992756 -87.543631 0.123556370 0.010181989 0.974315868 0.187986009
1561001142.573150635 129.955791 -59.318311 -87.749968 0.124143795 0.010644412 0.973978654 0.189316127
1561001142.672778845 130.804874 -59.660376 -87.952365 0.123627648 0.011579802 0.973990209 0.189539405
1561001142.774200201 131.652939 -60.009952 -88.155854 0.122868829 0.012157539 0.973934245 0.190282767
1561001142.882754326 132.548699 -60.387151 -88.361387 0.122488665 0.012576363 0.973934761 0.190497884
1561001142.973693132 133.289494 -60.709718 -88.536111 0.122303033 0.012502864 0.973860162 0.191002698
1561001143.073286772 134.082731 -61.054254 -88.714384 0.122457645 0.012208017 0.973707432 0.191700097
1561001143.173032761 134.883536 -61.382302 -88.899003 0.122305917 0.012905169 0.973477675 0.192914324
1561001143.274560213 135.673127 -61.704960 -89.082698 0.121940138 0.013686730 0.973405256 0.193456673
1561001143.372616768 136.439922 -62.033739 -89.262551 0.121488345 0.013973413 0.973418922 0.193651562
1561001143.473931313 137.210390 -62.373155 -89.447080 0.121383588 0.014345500 0.973264453 0.194464742
1561001143.572325706 137.960719 -62.701077 -89.639497 0.122328683 0.014255346 0.972970755 0.195346842
1561001143.674095392 138.738056 -63.037883 -89.838009 0.123056245 0.013499221 0.972868304 0.195453815
1561001143.773883343 139.486864 -63.375113 -90.015381 0.123894274 0.012994490 0.972794971 0.195323568
1561001143.872290134 140.227072 -63.690842 -90.179468 0.123997435 0.012148040 0.972810137 0.195237033
1561001143.974271297 140.987151 -64.003769 -90.338759 0.122990156 0.011898075 0.972879359 0.195544394
1561001144.072775364 141.708631 -64.310044 -90.474345 0.119945953 0.012132646 0.973341524 0.195120589
1561001144.174651861 142.441530 -64.618380 -90.628924 0.118387667 0.012695622 0.973538933 0.195051604
1561001144.274821281 143.176745 -64.925600 -90.790503 0.116906195 0.013055882 0.973764058 0.194797448
1561001144.373627663 143.889334 -65.244407 -90.960023 0.115619954 0.012710884 0.974010459 0.194355563
1561001144.474661589 144.613651 -65.563572 -91.131632 0.115599899 0.013378592 0.974001918 0.194365480
1561001144.573080301 145.339401 -65.877501 -91.315701 0.117525543 0.013679671 0.973751213 0.194445850
1561001144.673306942 146.093445 -66.200378 -91.506320 0.121362635 0.013135889 0.973372775 0.194020615
1561001144.774481297 146.821913 -66.516190 -91.690895 0.122855284 0.012570605 0.973174493 0.194113282
1561001144.872802019 147.535144 -66.821237 -91.852806 0.122404966 0.012434140 0.973297477 0.193789673
1561001144.974524498 148.258809 -67.125291 -92.001019 0.119676599 0.012342647 0.973672488 0.193615747
1561001145.073122263 148.954626 -67.425520 -92.130930 0.117663091 0.011834769 0.973978082 0.193344335
1561001145.174752712 149.671014 -67.734146 -92.283127 0.117362644 0.012198729 0.974131615 0.192729858
1561001145.275793552 150.379648 -68.039776 -92.461115 0.118567582 0.012249032 0.974023523 0.192535366
1561001145.374886274 151.102158 -68.346684 -92.642691 0.118828947 0.012170529 0.973959966 0.192700660
1561001145.474820137 151.827155 -68.652241 -92.812386 0.119146936 0.011806229 0.973856885 0.193047633
1561001145.573461056 152.545305 -68.956158 -92.953301 0.119647845 0.010370105 0.973666903 0.193777232
1561001145.674951553 153.283745 -69.260964 -93.090992 0.118698443 0.010292289 0.973665694 0.194370433
1561001145.774878979 154.000982 -69.555106 -93.237601 0.115098531 0.012882111 0.973917827 0.195116492
1561001145.874662161 154.697724 -69.837632 -93.398322 0.109307440 0.014772287 0.974557981 0.195116387
1561001145.974571943 155.402669 -70.136228 -93.575746 0.108368861 0.015138492 0.974536343 0.195719014
1561001146.074613571 156.099150 -70.475377 -93.768295 0.114296975 0.011099383 0.973706009 0.196747586
1561001146.174359560 156.827213 -70.808510 -93.971884 0.125001336 0.011181394 0.972278749 0.197290841
1561001146.274544477 157.575420 -71.125383 -94.142862 0.134562679 0.012135992 0.970817871 0.198136985
1561001146.372599602 158.321645 -71.435726 -94.275143 0.129776233 0.014079141 0.971323205 0.198723773
1561001146.474215031 159.069330 -71.750845 -94.438921 0.121108219 0.013717549 0.972319212 0.199348886
1561001146.572518587 159.767955 -72.063062 -94.592558 0.115681081 0.012613802 0.972881792 0.199899471
1561001146.674106836 160.482902 -72.397589 -94.746970 0.115254974 0.012470860 0.972949885 0.199823146
1561001146.774686337 161.219902 -72.720946 -94.915866 0.116753509 0.012499464 0.972772715 0.199813980
1561001146.873672724 161.950297 -73.031489 -95.091461 0.118345095 0.013732597 0.972592093 0.199675925
1561001146.974662066 162.697183 -73.350051 -95.275772 0.119030669 0.013819772 0.972565386 0.199392288
1561001147.073199511 163.430593 -73.662190 -95.443551 0.118652148 0.014411357 0.972607669 0.199369762
1561001147.174846649 164.178862 -73.983379 -95.624304 0.117607383 0.014464782 0.972823852 0.198929701
1561001147.274857759 164.920438 -74.317068 -95.790221 0.116542945 0.014712175 0.972987641 0.198736870
1561001147.373094320 165.659257 -74.653765 -95.953967 0.115960798 0.013330153 0.973115061 0.198550947
1561001147.484222174 166.494954 -75.012330 -96.125227 0.115629744 0.013159071 0.973240108 0.198142104
1561001147.572675943 167.164314 -75.308787 -96.276835 0.115819268 0.012850199 0.973332106 0.197599041
1561001147.674035549 167.920224 -75.639181 -96.461015 0.115832569 0.013135877 0.973452905 0.196976411
1561001147.773949385 168.672182 -75.973337 -96.637846 0.115600959 0.011777971 0.973629870 0.196322628
1561001147.874197960 169.429332 -76.317826 -96.804679 0.115219447 0.010999932 0.973922406 0.195137458
1561001147.974351883 170.187681 -76.658643 -96.940032 0.114662355 0.008016753 0.974386452 0.193285585
1561001148.073023081 170.943634 -76.977299 -97.080071 0.115844790 0.006029271 0.974623794 0.191447363
1561001148.174647331 171.721295 -77.287904 -97.262003 0.117107608 0.006263614 0.974920356 0.189147757
1561001148.273157835 172.501746 -77.596338 -97.468705 0.118485191 0.005922955 0.975131978 0.187199903
1561001148.373722553 173.284734 -77.903923 -97.665547 0.118092918 0.006049858 0.975628872 0.184839837
1561001148.474771500 174.068835 -78.220761 -97.842055 0.116530041 0.006130610 0.976197450 0.182816036
1561001148.573207140 174.847152 -78.519330 -98.010578 0.115986706 0.005455455 0.976775338 0.180075708
1561001148.674834013 175.645562 -78.819213 -98.188406 0.116620321 0.005342260 0.977172114 0.177498792
1561001148.776136637 176.456051 -79.109709 -98.367897 0.117842056 0.005099573 0.977548630 0.174602178
1561001148.874713659 177.246043 -79.393836 -98.549340 0.117734883 0.005746936 0.978029053 0.171943717
1561001148.976055384 178.058033 -79.678949 -98.738536 0.116943464 0.006132565 0.978569834 0.169374432
1561001149.074640989 178.842885 -79.963402 -98.917474 0.115345404 0.005994386 0.979207797 0.166768089
1561001149.177476168 179.655801 -80.256412 -99.089132 0.113945163 0.006157679 0.979804096 0.164202670
1561001149.276105642 180.450760 -80.526847 -99.259219 0.113656404 0.005444820 0.980307335 0.161400450
1561001149.376064777 181.272033 -80.798849 -99.439539 0.114401661 0.005069747 0.980616096 0.158992549
1561001149.477087021 182.107482 -81.072767 -99.620849 0.115680707 0.004309968 0.980844971 0.156660594
1561001149.576376677 182.950771 -81.343151 -99.803142 0.116310029 0.003518102 0.981174800 0.154128559
1561001149.677410603 183.790507 -81.607324 -99.987693 0.116305559 0.003442064 0.981540697 0.151786132
1561001149.776103258 184.611058 -81.855891 -100.165451 0.115334548 0.003680831 0.982019445 0.149406168
1561001149.877294064 185.441812 -82.105553 -100.349187 0.114300817 0.004204888 0.982475416 0.147172345
1561001149.977454424 186.273685 -82.355268 -100.538554 0.113583932 0.003885503 0.982857639 0.145170437
1561001150.076071262 187.108514 -82.605879 -100.725018 0.113909139 0.004127355 0.983063870 0.143502960
1561001150.177132368 187.957923 -82.864664 -100.915782 0.114147567 0.003806349 0.983258294 0.141982293
1561001150.277325392 188.796335 -83.105667 -101.092102 0.114766299 0.004158498 0.983384584 0.140592190
1561001150.377670050 189.643012 -83.351704 -101.278374 0.114390306 0.004058442 0.983604511 0.139357645
1561001150.477794647 190.482143 -83.597976 -101.460170 0.113766307 0.004003775 0.983873007 0.137967759
1561001150.576113462 191.328960 -83.844263 -101.646568 0.113494951 0.003818397 0.984066762 0.136809809
1561001150.678290844 192.185271 -84.103015 -101.831564 0.113494712 0.003456395 0.984190624 0.135925787
1561001150.778203726 193.023927 -84.351158 -102.017253 0.113941928 0.003769537 0.984185599 0.135579257
1561001150.876800060 193.883753 -84.594564 -102.206313 0.114361659 0.002898378 0.984174722 0.135326002
1561001150.977645636 194.734539 -84.850376 -102.387385 0.114231414 0.002419553 0.984239702 0.134972361
1561001151.077044487 195.576451 -85.095350 -102.565843 0.114328142 0.001395204 0.984271504 0.134672700
1561001151.177394867 196.434815 -85.334377 -102.743580 0.113844046 0.001474623 0.984361075 0.134427055
1561001151.276641846 197.284367 -85.572966 -102.919491 0.113552904 0.001255640 0.984454208 0.133992815
1561001151.377285957 198.136124 -85.812177 -103.099299 0.113449806 0.000443678 0.984482428 0.133877907
1561001151.477038383 198.978275 -86.051963 -103.269663 0.113528886 0.000299787 0.984522740 0.133514331
1561001151.575687885 199.827639 -86.283672 -103.454524 0.113586416 0.000954035 0.984593753 0.132937418
1561001151.677010059 200.669255 -86.520595 -103.641457 0.113099989 0.000880800 0.984692173 0.132623304
1561001151.776479959 201.522467 -86.751975 -103.821579 0.113085649 0.000646674 0.984779483 0.131987074
1561001151.876493692 202.372141 -86.990342 -103.998032 0.113223363 0.000477078 0.984802150 0.131700294
1561001151.977669716 203.217571 -87.212277 -104.178517 0.113284117 0.001177838 0.984876880 0.131083382
1561001152.076335192 204.041057 -87.430937 -104.359151 0.113129092 0.001174842 0.984940317 0.130740198
1561001152.177529335 204.881181 -87.670667 -104.537706 0.112739896 0.000887811 0.985010545 0.130549433
1561001152.276200056 205.715970 -87.896587 -104.714362 0.112547391 0.000886411 0.985086660 0.130140580
1561001152.376389503 206.556263 -88.114360 -104.892376 0.112085405 0.001077874 0.985175082 0.129868232
1561001152.477364779 207.391141 -88.339492 -105.069055 0.111719058 0.001140575 0.985268934 0.129470767
1561001152.576946735 208.204306 -88.563710 -105.246836 0.111668088 0.000636446 0.985331494 0.129041390
1561001152.677316904 209.024705 -88.783283 -105.420074 0.111602431 0.000775638 0.985393390 0.128624114
1561001152.776904821 209.840678 -89.010837 -105.588326 0.111458685 0.000510988 0.985542845 0.127600944
1561001152.877449274 210.657345 -89.228344 -105.758283 0.111004499 0.000679822 0.985732040 0.126530171
1561001152.977183104 211.472121 -89.452886 -105.923502 0.110768621 -0.000163607 0.985961834 0.124938174
1561001153.075790167 212.285039 -89.671369 -106.089473 0.110588046 -0.000363023 0.986231935 0.122950084
1561001153.177545309 213.117340 -89.883050 -106.264725 0.110915090 -0.000467126 0.986434662 0.121013563
1561001153.276760578 213.948647 -90.074351 -106.445168 0.111041619 -0.000851297 0.986740907 0.118369832
1561001153.377682924 214.786347 -90.273196 -106.619865 0.110939226 -0.000592495 0.987013968 0.116170406
1561001153.477620363 215.604997 -90.467798 -106.795617 0.110816807 -0.000777302 0.987302437 0.113810936
1561001153.576114178 216.427754 -90.651823 -106.964431 0.109947649 -0.000996269 0.987688869 0.111270930
1561001153.677596092 217.255639 -90.833509 -107.134466 0.109310947 -0.001580880 0.988035277 0.108788368
1561001153.776309729 218.060438 -91.007512 -107.292416 0.108841334 -0.001799692 0.988348310 0.106385825
1561001153.877162933 218.889426 -91.182424 -107.456539 0.108834358 -0.001512545 0.988621954 0.103824019
1561001153.977252722 219.716905 -91.348022 -107.626317 0.109059302 -0.002137172 0.988857696 0.101301320
1561001154.076297760 220.534779 -91.510592 -107.796417 0.109573802 -0.002122500 0.989025081 0.099088177
1561001154.177078724 221.356865 -91.660927 -107.974000 0.109693870 -0.002359075 0.989279326 0.096374814
1561001154.276315928 222.178068 -91.822910 -108.146776 0.109492029 -0.002359235 0.989533723 0.093962441
1561001154.377691031 223.000934 -91.985756 -108.320084 0.108817136 -0.003062636 0.989848188 0.091378421
1561001154.477849960 223.818484 -92.142277 -108.483675 0.108590140 -0.003867435 0.990056981 0.089333083
1561001154.577019453 224.630009 -92.290471 -108.647658 0.108741860 -0.003972731 0.990238844 0.087100272
1561001154.677681684 225.454423 -92.431094 -108.825807 0.108954888 -0.004745676 0.990412293 0.084792689
1561001154.776606798 226.264556 -92.572027 -108.972860 0.108942135 -0.005186002 0.990540172 0.083275956
1561001154.876459837 227.080421 -92.701502 -109.131239 0.108806335 -0.005448489 0.990723124 0.081235382
1561001154.978958130 227.898819 -92.822992 -109.283992 0.108912943 -0.005935625 0.990838976 0.079629531
1561001155.076029778 228.694487 -92.937871 -109.450048 0.109659274 -0.004865656 0.990861050 0.078393554
1561001155.177214861 229.504761 -93.048747 -109.631665 0.110195720 -0.004229625 0.990922640 0.076885211
1561001155.275984764 230.298441 -93.169054 -109.799459 0.109748814 -0.003414731 0.991038493 0.076067358
1561001155.377316713 231.108572 -93.298142 -109.971756 0.108714535 -0.004032774 0.991256290 0.074671638
1561001155.477210760 231.896684 -93.432754 -110.104038 0.107448309 -0.005636119 0.991436445 0.074005887
1561001155.576035738 232.680435 -93.551694 -110.233788 0.106952128 -0.003996112 0.991519274 0.073721113
1561001155.677186966 233.480304 -93.657119 -110.400046 0.108177427 -0.002403388 0.991403755 0.073555844
1561001155.776209354 234.272097 -93.762803 -110.561700 0.109128351 -0.001245187 0.991307134 0.073482098
1561001155.876429558 235.057329 -93.884173 -110.726584 0.110453616 -0.002441970 0.991113891 0.074076254
1561001155.977241278 235.838864 -94.003049 -110.872797 0.109857752 -0.003254786 0.991127319 0.074748361
1561001156.079054594 236.618716 -94.122592 -111.009653 0.109489035 -0.001548345 0.991071365 0.076074329
1561001156.178376198 237.361188 -94.233341 -111.152015 0.109069727 -0.000063180 0.990963580 0.078070313
1561001156.277873278 238.093176 -94.346626 -111.301743 0.109154244 0.001989093 0.990724396 0.080910845
1561001156.370726824 238.795244 -94.461147 -111.454782 0.109614624 0.002633439 0.990388235 0.084313957
1561001156.470870733 239.520913 -94.588750 -111.603508 0.109169531 0.003782166 0.990044008 0.088772585
1561001156.569764614 240.232453 -94.728112 -111.744645 0.108765763 0.003910348 0.989725342 0.092727915
1561001156.671056986 240.944960 -94.887292 -111.875150 0.108222054 0.004561155 0.989340553 0.097326528
1561001156.770148516 241.630245 -95.042551 -112.006336 0.108410459 0.005915398 0.988894469 0.101488474
1561001156.869803190 242.318418 -95.204137 -112.154316 0.108584885 0.006459973 0.988447205 0.105544848
1561001156.970997810 243.015047 -95.375715 -112.302453 0.108749787 0.006986496 0.988022922 0.109249153
1561001157.070663214 243.696512 -95.555358 -112.446219 0.108892611 0.006170964 0.987644903 0.112524946
1561001157.171583414 244.371036 -95.732765 -112.562229 0.108802412 0.005319221 0.987317445 0.115490280
1561001157.269906759 245.036010 -95.911260 -112.682684 0.108402117 0.006595376 0.987000538 0.118471175
1561001157.373414278 245.698533 -96.074580 -112.819925 0.108559531 0.006972593 0.986692995 0.120843470
1561001157.473321915 246.335048 -96.244055 -112.950611 0.108820430 0.007499158 0.986358475 0.123283555
1561001157.571615934 246.966566 -96.415632 -113.083935 0.109119588 0.006695393 0.986072972 0.125332285
1561001157.673504353 247.594727 -96.600702 -113.193869 0.108931093 0.006569574 0.985800153 0.127628038
1561001157.771702766 248.201631 -96.770317 -113.308655 0.108684346 0.007668441 0.985571069 0.129532145
1561001157.873629093 248.806779 -96.943213 -113.430889 0.108325713 0.007794492 0.985400488 0.131113171
1561001157.973686934 249.383385 -97.106877 -113.544309 0.108210325 0.007760764 0.985233370 0.132459438
1561001158.072674751 249.958456 -97.270230 -113.649614 0.108705677 0.007517296 0.985042058 0.133486739
1561001158.173336506 250.526253 -97.437625 -113.751599 0.108605892 0.008213532 0.984916427 0.134450472
1561001158.271763802 251.075370 -97.594388 -113.850096 0.108838949 0.008611370 0.984754253 0.135421522
1561001158.373386145 251.620905 -97.759732 -113.953409 0.109487010 0.009236276 0.984623650 0.135807045
1561001158.473352909 252.143740 -97.900304 -114.054382 0.109907277 0.010268646 0.984454653 0.136616180
1561001158.573449612 252.646726 -98.035110 -114.147830 0.108735428 0.011674045 0.984499044 0.137120226
1561001158.673639297 253.115398 -98.176450 -114.236389 0.104940908 0.012952513 0.984754867 0.138121285
1561001158.772930861 253.574360 -98.320794 -114.306533 0.099870727 0.013161520 0.985094119 0.139435248
1561001158.873631001 254.016182 -98.463656 -114.372580 0.096366311 0.013053029 0.985416815 0.139631135
1561001158.973710775 254.442970 -98.592745 -114.436721 0.094637894 0.013791354 0.985509460 0.140087731
1561001159.071612358 254.867830 -98.721398 -114.521390 0.096332374 0.014731368 0.985211095 0.140933173
1561001159.175107002 255.300486 -98.844558 -114.633631 0.101356055 0.014241506 0.984606435 0.141683795
1561001159.274967432 255.728179 -98.973207 -114.758450 0.105766856 0.013369255 0.983987993 0.142836494
1561001159.375651598 256.144012 -99.117690 -114.868599 0.112864878 0.012051066 0.983195537 0.142978415
1561001159.475782156 256.579871 -99.234432 -114.957139 0.119364496 0.009394529 0.982370627 0.143568143
1561001159.575422525 257.013494 -99.375654 -115.043902 0.122217063 0.008327472 0.982121023 0.142940333
1561001159.676887751 257.434555 -99.509199 -115.124321 0.122066818 0.006393521 0.982308189 0.141878244
1561001159.775655031 257.835479 -99.637094 -115.193788 0.119334143 0.005390634 0.983075995 0.138895254
1561001159.877705812 258.233723 -99.750257 -115.259452 0.116636078 0.003034668 0.984029824 0.134432589
1561001159.977279663 258.623799 -99.853009 -115.320425 0.114569039 0.002460948 0.985173444 0.127676010
1561001160.076041937 259.018810 -99.940491 -115.399311 0.112744753 0.001823375 0.986387472 0.119687302
1561001160.177296877 259.408454 -100.014940 -115.484122 0.110441741 0.002420091 0.987815513 0.109623346
1561001160.276164055 259.801690 -100.084552 -115.583930 0.109031024 0.000386411 0.989193460 0.098022372
1561001160.377320051 260.186432 -100.138468 -115.672919 0.109996560 -0.003293047 0.990319946 0.084595016
1561001160.477605104 260.581178 -100.167790 -115.748521 0.111648197 -0.006149954 0.991283850 0.069664821
1561001160.577464342 260.956517 -100.182190 -115.812255 0.112275499 -0.007969428 0.992256242 0.052519055
1561001160.677446604 261.308612 -100.170436 -115.880577 0.111072385 -0.009884581 0.993174640 0.034195829
1561001160.776253223 261.646912 -100.133577 -115.946662 0.108826509 -0.013285493 0.993869735 0.014256091
1561001160.876724720 261.961239 -100.077388 -116.000322 0.107556538 -0.017095239 0.994025846 -0.007208438
1561001160.977673292 262.270507 -100.017794 -116.055376 0.108390016 -0.020517651 0.993426643 -0.030563629
1561001161.076419115 262.579897 -99.937451 -116.114865 0.108855573 -0.023575422 0.992241731 -0.055235962
1561001161.177208185 262.854976 -99.829063 -116.164909 0.107633970 -0.026657017 0.990528423 -0.080980091
1561001161.276520252 263.112909 -99.699989 -116.201302 0.105784819 -0.030817459 0.987997100 -0.108266281
1561001161.377781868 263.372343 -99.558114 -116.213150 0.104561743 -0.034851696 0.984436927 -0.136880012
1561001161.477691174 263.600865 -99.399224 -116.225823 0.104060001 -0.036091752 0.979796428 -0.166936698
1561001161.576691866 263.825482 -99.186373 -116.262513 0.104288308 -0.035513655 0.974117158 -0.197379057
1561001161.677410603 264.041375 -98.942966 -116.325432 0.104459494 -0.035970840 0.967242330 -0.228553247
1561001161.776385784 264.223037 -98.704034 -116.376064 0.103527747 -0.038483448 0.959293292 -0.259918082
1561001161.879423618 264.401108 -98.462302 -116.404724 0.101498313 -0.041288944 0.950337533 -0.291293476
1561001161.978546619 264.571404 -98.222274 -116.419779 0.100572590 -0.041865811 0.940359898 -0.322266457
1561001162.079353571 264.713238 -97.953062 -116.447919 0.101890964 -0.040174979 0.929421695 -0.352391140
1561001162.178984880 264.830707 -97.686180 -116.498801 0.103266720 -0.040165529 0.917315624 -0.382432687
1561001162.277766228 264.938924 -97.424478 -116.539409 0.103580329 -0.043019299 0.904351808 -0.411786672
1561001162.371307850 265.048378 -97.166439 -116.553460 0.102917504 -0.046274027 0.890317595 -0.441136353
1561001162.470918179 265.125325 -96.885738 -116.542406 0.102852394 -0.048397580 0.875586555 -0.469496800
1561001162.570733786 265.191569 -96.594454 -116.543269 0.101574223 -0.048801944 0.859864841 -0.497929215
1561001162.670686960 265.241299 -96.304543 -116.566401 0.099909569 -0.050169370 0.843072899 -0.526050567
1561001162.770740032 265.264769 -95.991545 -116.593903 0.099172162 -0.052132145 0.825261186 -0.553526058
1561001162.870602131 265.257470 -95.683784 -116.607026 0.098817839 -0.054547456 0.806362318 -0.580550964
1561001162.970396280 265.258932 -95.381134 -116.600798 0.098304820 -0.056508830 0.786503537 -0.607087392
1561001163.069041967 265.222209 -95.065695 -116.583978 0.097281168 -0.057955681 0.765830392 -0.632993937
1561001163.170153379 265.163926 -94.759638 -116.575740 0.094664330 -0.059404389 0.744536557 -0.658160390
1561001163.269068241 265.093648 -94.458670 -116.566387 0.092896637 -0.060849618 0.722196333 -0.682715164
1561001163.370281935 265.014625 -94.147689 -116.564283 0.091583580 -0.062397376 0.699192535 -0.706292300
1561001163.469615459 264.910551 -93.855321 -116.541965 0.091051872 -0.063590468 0.675598240 -0.728857206
1561001163.570886374 264.780024 -93.577343 -116.506560 0.088489368 -0.064929374 0.651661295 -0.750527391
1561001163.670673370 264.620472 -93.318343 -116.479556 0.084869982 -0.065555010 0.627652510 -0.771071951
1561001163.769517183 264.443421 -93.078444 -116.464204 0.081695241 -0.066760686 0.602994377 -0.790738060
1561001163.870643139 264.261838 -92.849524 -116.446001 0.079440175 -0.068688107 0.577585250 -0.809547084
1561001163.969554901 264.087799 -92.630632 -116.420719 0.077472409 -0.070774118 0.551830814 -0.827328111
1561001164.070637703 263.901907 -92.423439 -116.382016 0.075913203 -0.071767518 0.525062079 -0.844627979
1561001164.170428753 263.699761 -92.239049 -116.345428 0.073127292 -0.072009226 0.498382584 -0.860861122
1561001164.268815279 263.491523 -92.060575 -116.305340 0.070819733 -0.073161532 0.470950019 -0.876263679
1561001164.370345116 263.248982 -91.891225 -116.244849 0.067765794 -0.074505504 0.442867269 -0.890912627
1561001164.470174551 263.011918 -91.735988 -116.184139 0.063938221 -0.075513229 0.416081546 -0.903927986
1561001164.569738388 262.738417 -91.611077 -116.146070 0.057988814 -0.075776858 0.391005081 -0.915428966
1561001164.670519590 262.461170 -91.492006 -116.145905 0.053858545 -0.076993866 0.366044577 -0.925841546
1561001164.769216776 262.188153 -91.352508 -116.139908 0.053957840 -0.078873339 0.341789952 -0.934904902
1561001164.870272875 261.906894 -91.195518 -116.078619 0.056308124 -0.080556038 0.317598125 -0.943117994
1561001164.969867229 261.645582 -91.040624 -115.970265 0.055700037 -0.081448268 0.295122067 -0.950350804
1561001165.069608212 261.360499 -90.904280 -115.859762 0.051054030 -0.081838880 0.275084381 -0.956569112
1561001165.170313835 261.024104 -90.805480 -115.786454 0.044222020 -0.082197609 0.256160763 -0.962117264
1561001165.269510746 260.688206 -90.724316 -115.769599 0.038484345 -0.084040653 0.238743842 -0.966673420
1561001165.370488405 260.350587 -90.633503 -115.758062 0.036505516 -0.085828587 0.221472587 -0.970695985
1561001165.470329285 260.019911 -90.525373 -115.720225 0.038563168 -0.087458127 0.205471298 -0.973984345
1561001165.570532322 259.697995 -90.393997 -115.627610 0.040211099 -0.087500263 0.190309224 -0.976989852
1561001165.671427965 259.367870 -90.275828 -115.516444 0.038960918 -0.086412499 0.177916769 -0.979469525
1561001165.770281315 259.002202 -90.184288 -115.418718 0.034996688 -0.084905147 0.167720515 -0.981547847
1561001165.871509075 258.607807 -90.096136 -115.353370 0.030118730 -0.084836090 0.159350374 -0.983108925
1561001165.971712828 258.204657 -90.012926 -115.306022 0.027781871 -0.085243251 0.151889031 -0.984322853
1561001166.070799351 257.815635 -89.922205 -115.250802 0.027137122 -0.085751839 0.145718812 -0.985229022
1561001166.170628071 257.428698 -89.819728 -115.176393 0.027673783 -0.086239160 0.140233869 -0.985967257
1561001166.270700455 257.035994 -89.711336 -115.084874 0.027410600 -0.087140767 0.136058316 -0.986480248
1561001166.370893478 256.629073 -89.613967 -114.996251 0.025881077 -0.087860747 0.132596056 -0.986929047
1561001166.470880270 256.202784 -89.516248 -114.909337 0.024619831 -0.088248224 0.130990818 -0.987141084
1561001166.570726156 255.760931 -89.406727 -114.824811 0.023258191 -0.088384922 0.130002797 -0.987292477
1561001166.670575142 255.314624 -89.295932 -114.743961 0.022271873 -0.088033686 0.129445247 -0.987419851
1561001166.769658089 254.859415 -89.186646 -114.665290 0.021684228 -0.087738482 0.129828936 -0.987408831
1561001166.870841026 254.403258 -89.061361 -114.585033 0.022150953 -0.088688689 0.130226903 -0.987261164
1561001166.970445633 253.954501 -88.928057 -114.495032 0.022581706 -0.089648118 0.131123142 -0.987046100
1561001167.070705175 253.493701 -88.794178 -114.400741 0.023507405 -0.089852403 0.131792556 -0.986916749
1561001167.170790434 253.013643 -88.652362 -114.296590 0.023553650 -0.089496740 0.132463330 -0.986858159
1561001167.269637585 252.530947 -88.515801 -114.199494 0.023597846 -0.088806623 0.132968091 -0.986851565
1561001167.370700598 252.024366 -88.359812 -114.109629 0.023086454 -0.088332454 0.133615470 -0.986818777
1561001167.470642090 251.519804 -88.214246 -114.021430 0.023375955 -0.087531829 0.134453992 -0.986769410
1561001167.570562601 251.007869 -88.052378 -113.924072 0.024180933 -0.087319397 0.135129395 -0.986676569
1561001167.670744419 250.485505 -87.903869 -113.812743 0.025539385 -0.086743947 0.135685362 -0.986616800
1561001167.769658327 249.965744 -87.750289 -113.699922 0.025778175 -0.087192880 0.136590060 -0.986446168
1561001167.870870352 249.436440 -87.592464 -113.588503 0.024943326 -0.087941975 0.137378450 -0.986291641
1561001167.970651627 248.902890 -87.432030 -113.488313 0.024545335 -0.089032445 0.138080478 -0.986105741
1561001168.070988178 248.356029 -87.273021 -113.387838 0.024343797 -0.089266906 0.138776536 -0.985991822
1561001168.170699120 247.806735 -87.101236 -113.291000 0.024611550 -0.088752124 0.139009769 -0.985998791
1561001168.269602776 247.252376 -86.925741 -113.178999 0.025904715 -0.088646487 0.139429417 -0.985915911
1561001168.370595217 246.674186 -86.748029 -113.052304 0.026753154 -0.088021699 0.139299910 -0.985967537
1561001168.469809294 246.104793 -86.571451 -112.930260 0.025854588 -0.087925443 0.139704050 -0.985942917
1561001168.569964886 245.516448 -86.406424 -112.814106 0.025246008 -0.089615297 0.138961416 -0.985911488
1561001168.670508385 244.923124 -86.233406 -112.698741 0.024477854 -0.090336002 0.138766740 -0.985892506
1561001168.769710064 244.332839 -86.066658 -112.589351 0.023889504 -0.091042553 0.138471542 -0.985883450
1561001168.870943785 243.720637 -85.891864 -112.476632 0.024162970 -0.091278519 0.138262645 -0.985884285
1561001168.970518112 243.103743 -85.703913 -112.348474 0.024378183 -0.090799037 0.137903776 -0.985973523
1561001169.071211815 242.487581 -85.528957 -112.224166 0.024300843 -0.090636009 0.137625254 -0.986029347
1561001169.171514273 241.847265 -85.354776 -112.094950 0.023566231 -0.090896473 0.137621711 -0.986023696
1561001169.271562576 241.233861 -85.171880 -111.971009 0.023628795 -0.091033000 0.137242292 -0.986062486
1561001169.370440006 240.610758 -84.973038 -111.845880 0.023537381 -0.090812635 0.136558775 -0.986179881
1561001169.470669746 239.955960 -84.791749 -111.718106 0.023404861 -0.090213887 0.136524245 -0.986242768
1561001169.569524765 239.289683 -84.590105 -111.592476 0.023494668 -0.089602150 0.135938596 -0.986377288
1561001169.670551062 238.615908 -84.394861 -111.462135 0.024384110 -0.088390897 0.135314575 -0.986550774
1561001169.769615650 237.938791 -84.196475 -111.324030 0.024584040 -0.087251185 0.135076863 -0.986679835
1561001169.870962858 237.257544 -84.008290 -111.184541 0.024688659 -0.087428152 0.134461424 -0.986745618
1561001169.970617056 236.594223 -83.814598 -111.053414 0.023967528 -0.088575890 0.134013927 -0.986721915
1561001170.071269512 235.914506 -83.626502 -110.914306 0.023487049 -0.091219921 0.133622518 -0.986545644
1561001170.171166420 235.241055 -83.434349 -110.771567 0.023174891 -0.092899038 0.132949683 -0.986487240
1561001170.270405769 234.561915 -83.226027 -110.632891 0.022858559 -0.092620844 0.132673062 -0.986558019
1561001170.371022463 233.852807 -83.016844 -110.490630 0.023533737 -0.090306717 0.132127500 -0.986829866
1561001170.470231295 233.131949 -82.821761 -110.349443 0.023826153 -0.088478801 0.131254160 -0.987104940
1561001170.571122169 232.409770 -82.622225 -110.213156 0.023570927 -0.088128065 0.131714163 -0.987081169
1561001170.671100140 231.695851 -82.423642 -110.073807 0.023994913 -0.088406468 0.130683878 -0.987182995
1561001170.769772291 230.978681 -82.233154 -109.922204 0.024551453 -0.088921814 0.130113358 -0.987198385
1561001170.871018648 230.248556 -82.028823 -109.759836 0.024702383 -0.090170989 0.129546297 -0.987155885
1561001170.971644163 229.518899 -81.829963 -109.607605 0.023356228 -0.091350607 0.129623841 -0.987070014
1561001171.070964336 228.777593 -81.634401 -109.465650 0.022403490 -0.092152410 0.129146293 -0.987080165
1561001171.170860291 228.031508 -81.442905 -109.320977 0.022495341 -0.091841221 0.129470665 -0.987064586
1561001171.270012379 227.284110 -81.234917 -109.176985 0.022144478 -0.091106297 0.129291757 -0.987164073
1561001171.371202707 226.522216 -81.033995 -109.024868 0.022645947 -0.090334216 0.129122387 -0.987245815
1561001171.469884157 225.780055 -80.819860 -108.870114 0.022669114 -0.089891036 0.129172985 -0.987279116
1561001171.570885897 225.004660 -80.606017 -108.713857 0.022550787 -0.090135962 0.128800488 -0.987308161
1561001171.670971155 224.245654 -80.400450 -108.557601 0.022032780 -0.090746896 0.128734133 -0.987272546
1561001171.769720316 223.487125 -80.203732 -108.413659 0.022286202 -0.090514976 0.129109821 -0.987239089
1561001171.870576382 222.726015 -79.991449 -108.261713 0.022923274 -0.090028895 0.128975913 -0.987286451
1561001171.970048666 221.967052 -79.791019 -108.106243 0.022463962 -0.089503457 0.129466671 -0.987280549
1561001172.071124554 221.211617 -79.581992 -107.952378 0.022612409 -0.089991165 0.129161385 -0.987272812
1561001172.170943499 220.477019 -79.376963 -107.794674 0.022542272 -0.090889858 0.129141926 -0.987194633
1561001172.269925833 219.751981 -79.166115 -107.646652 0.022559940 -0.091482420 0.129298823 -0.987118955
1561001172.371072531 219.010674 -78.959824 -107.491616 0.022519382 -0.091517445 0.129480998 -0.987092754
1561001172.470242262 218.269768 -78.758398 -107.343658 0.022706233 -0.091569552 0.129430665 -0.987090243
1561001172.570855856 217.523543 -78.547868 -107.181129 0.022895257 -0.092254247 0.129213434 -0.987050581
1561001172.670790195 216.780922 -78.348643 -107.025552 0.022698847 -0.093114107 0.129377645 -0.986952861
1561001172.769522429 216.036521 -78.144529 -106.877664 0.022121835 -0.092641766 0.129342260 -0.987015049
1561001172.870653391 215.274273 -77.933453 -106.719860 0.022588927 -0.091842133 0.129282655 -0.987087006
1561001172.969888687 214.522624 -77.726999 -106.565631 0.023158274 -0.091716495 0.128484287 -0.987189732
1561001173.071049690 213.764200 -77.520052 -106.412876 0.023453399 -0.091242208 0.128720171 -0.987195986
1561001173.171189308 213.027430 -77.312645 -106.260833 0.024032187 -0.091619918 0.128752881 -0.987142817
1561001173.270229340 212.300878 -77.108452 -106.102821 0.023776147 -0.092446972 0.128686453 -0.987080569
1561001173.371575832 211.551425 -76.901942 -105.937178 0.024049065 -0.092907260 0.128597846 -0.987042288
1561001173.470113516 210.825645 -76.705970 -105.774010 0.023006772 -0.093948703 0.128737152 -0.986950391
1561001173.570019007 210.096561 -76.505478 -105.625991 0.023089660 -0.095015365 0.128654659 -0.986857095
1561001173.671681881 209.360355 -76.310346 -105.469344 0.023350012 -0.093895890 0.128991619 -0.986914131
1561001173.769671202 208.614991 -76.114056 -105.322182 0.023187540 -0.092969113 0.128575334 -0.987060011
1561001173.870701075 207.857852 -75.927193 -105.172717 0.023300250 -0.092017594 0.128676138 -0.987133381
1561001173.969537973 207.112743 -75.731456 -105.020151 0.022420368 -0.092310033 0.128758032 -0.987115775
1561001174.070550919 206.356268 -75.528264 -104.859265 0.021793584 -0.093496517 0.128141681 -0.987098349
1561001174.170990229 205.620348 -75.327290 -104.702883 0.021850984 -0.095277040 0.128896600 -0.986828499
1561001174.269438028 204.882705 -75.112038 -104.545194 0.022506954 -0.095118838 0.128066279 -0.986937117
1561001174.371908426 204.147101 -74.897626 -104.383399 0.022494937 -0.094777589 0.128343063 -0.986934266
1561001174.469485760 203.420634 -74.696695 -104.233690 0.022741518 -0.093554141 0.128088726 -0.987078378
1561001174.571004629 202.660762 -74.481118 -104.076525 0.022980135 -0.092514038 0.127792881 -0.987209221
1561001174.670897245 201.929498 -74.279095 -103.923806 0.023751340 -0.092035759 0.128007551 -0.987207860
1561001174.770500898 201.205860 -74.088046 -103.772100 0.023393442 -0.092685449 0.127896195 -0.987170055
1561001174.870729208 200.475092 -73.894070 -103.609867 0.023561199 -0.094173836 0.128138872 -0.986993712
1561001174.969841242 199.754178 -73.706385 -103.448576 0.023135452 -0.095650274 0.128111117 -0.986865400
1561001175.070939064 199.015378 -73.499401 -103.289664 0.022967882 -0.096487771 0.127904625 -0.986814569
1561001175.170936108 198.277558 -73.296431 -103.126317 0.023872594 -0.096517220 0.128115128 -0.986762909
1561001175.270508051 197.550851 -73.093927 -102.962788 0.023030229 -0.096327602 0.127931766 -0.986825245
1561001175.371087313 196.805486 -72.895375 -102.807741 0.023610954 -0.095662507 0.128039119 -0.986862296
1561001175.469938993 196.069042 -72.701355 -102.650441 0.023396752 -0.094806716 0.128094348 -0.986942813
1561001175.570661545 195.328324 -72.487472 -102.497803 0.023674951 -0.093241686 0.128277159 -0.987061526
1561001175.671017647 194.581573 -72.279824 -102.339436 0.024563275 -0.091523198 0.128513417 -0.987169920
1561001175.770859003 193.841685 -72.073346 -102.179489 0.024259544 -0.091263375 0.128988266 -0.987139554
1561001175.870516300 193.118218 -71.865805 -102.022836 0.024486586 -0.092854753 0.129646917 -0.986899224
1561001175.969558239 192.398898 -71.664257 -101.860734 0.023243980 -0.096995057 0.130227521 -0.986454494
1561001176.070813656 191.676464 -71.465688 -101.715699 0.022533645 -0.099963928 0.130367693 -0.986156029
1561001176.170748711 190.950293 -71.267572 -101.568124 0.023256981 -0.100619810 0.131071750 -0.985979190
1561001176.269518614 190.234080 -71.057387 -101.421211 0.024152327 -0.098354814 0.131341392 -0.986150310
1561001176.370787859 189.496835 -70.837042 -101.261115 0.024890789 -0.095853351 0.131286299 -0.986385569
1561001176.471020460 188.766055 -70.612569 -101.093631 0.024630345 -0.094494321 0.131061398 -0.986553131
1561001176.571135759 188.032597 -70.408452 -100.929026 0.025492390 -0.094634217 0.130905134 -0.986538569
1561001176.671187401 187.305208 -70.195322 -100.755131 0.025472904 -0.095755323 0.130655636 -0.986463965
1561001176.770349503 186.583935 -69.988449 -100.595534 0.025652783 -0.096718007 0.130701067 -0.986359363
1561001176.871624947 185.842290 -69.793079 -100.427554 0.025639051 -0.097657597 0.130593050 -0.986281445
1561001176.969649553 185.121598 -69.597641 -100.264504 0.024428811 -0.099081568 0.130588327 -0.986170758
1561001177.071444511 184.381346 -69.394458 -100.109293 0.024004581 -0.099888096 0.130159965 -0.986156444
1561001177.171350479 183.657381 -69.191905 -99.952760 0.023887217 -0.099536901 0.130273368 -0.986179829
1561001177.272006512 182.925596 -68.980874 -99.798828 0.024588314 -0.097910546 0.130243054 -0.986329401
1561001177.371707201 182.199178 -68.784975 -99.640695 0.024198482 -0.096218359 0.130813058 -0.986430132
1561001177.471319675 181.467993 -68.582599 -99.484928 0.025052334 -0.095675341 0.130226411 -0.986539250
1561001177.571861267 180.724485 -68.380883 -99.314576 0.025472331 -0.095559413 0.130382752 -0.986519081
1561001177.671514273 180.001143 -68.173639 -99.138281 0.025779202 -0.097006474 0.130410758 -0.986366165
1561001177.771696329 179.278915 -67.970950 -98.967007 0.024914200 -0.098813204 0.130270362 -0.986227593
1561001177.871653318 178.577074 -67.771215 -98.811830 0.023433516 -0.100447654 0.131135414 -0.985984098
1561001177.969463587 177.876045 -67.568684 -98.657805 0.023570310 -0.101476154 0.131196340 -0.985867410
1561001178.072299242 177.137925 -67.363254 -98.502645 0.022883010 -0.100657836 0.131405189 -0.985939676
1561001178.171921968 176.404811 -67.175393 -98.347203 0.022675384 -0.098973577 0.131093382 -0.986156470
1561001178.270609379 175.675101 -66.969629 -98.189008 0.022696583 -0.098350033 0.131743285 -0.986131757
1561001178.371739626 174.927674 -66.763328 -98.017062 0.022309608 -0.099045236 0.131254254 -0.986136220
1561001178.469984770 174.201322 -66.546302 -97.840344 0.023016965 -0.099396101 0.131765699 -0.986016448
1561001178.571065187 173.462126 -66.333199 -97.666776 0.022278337 -0.099681902 0.132147485 -0.985953466
1561001178.672147512 172.724818 -66.123924 -97.505778 0.021377557 -0.098256246 0.132554761 -0.986061837
1561001178.771653414 171.997582 -65.921449 -97.353121 0.020966963 -0.096770280 0.133107575 -0.986143130
1561001178.872172594 171.279638 -65.723785 -97.203981 0.021080069 -0.095759045 0.133585639 -0.986174788
1561001178.969767570 170.575385 -65.501698 -97.040414 0.021565107 -0.096013148 0.134154316 -0.986062392
1561001179.071456194 169.852556 -65.296268 -96.874892 0.020738784 -0.097131324 0.134468295 -0.985927830
1561001179.172038555 169.159399 -65.099457 -96.719669 0.019927433 -0.098311757 0.134897729 -0.985768887
1561001179.269548416 168.474963 -64.898624 -96.572573 0.020017384 -0.098574978 0.135112415 -0.985711374
1561001179.371416092 167.763850 -64.690691 -96.425751 0.019895162 -0.097460147 0.135335755 -0.985794064
1561001179.471374512 167.066670 -64.490429 -96.283500 0.020041527 -0.095324013 0.135606622 -0.985962735
1561001179.571382761 166.359434 -64.270431 -96.140898 0.021252495 -0.092685705 0.135931294 -0.986144196
1561001179.671493530 165.659009 -64.056501 -95.983826 0.022567099 -0.090630490 0.136172166 -0.986272772
1561001179.771390438 164.962589 -63.838030 -95.814325 0.023503975 -0.090252413 0.136658518 -0.986218290
1561001179.871585846 164.277512 -63.643980 -95.646741 0.022270812 -0.094247146 0.137535293 -0.985751251
1561001179.969547749 163.601562 -63.463674 -95.490097 0.020676903 -0.099613976 0.137627812 -0.985245201
1561001180.072738171 162.920653 -63.266870 -95.333039 0.020521815 -0.104152469 0.138006693 -0.984725988
1561001180.172669411 162.254402 -63.069209 -95.178136 0.020002458 -0.103853746 0.138446027 -0.984706555
1561001180.272491693 161.588289 -62.864032 -95.034488 0.020054054 -0.101215723 0.138679527 -0.984947309
1561001180.372608185 160.904706 -62.654422 -94.882119 0.019191413 -0.097262053 0.139324705 -0.985271744
1561001180.471196175 160.211903 -62.457845 -94.742486 0.017479435 -0.095467166 0.139728836 -0.985421911
1561001180.572695732 159.512568 -62.257350 -94.602543 0.018928300 -0.100527276 0.140177356 -0.984828054
1561001180.672457933 158.870982 -62.060452 -94.445639 0.020093506 -0.109602317 0.140012234 -0.983859826
1561001180.772679090 158.252377 -61.863639 -94.261179 0.022449928 -0.119288421 0.140655241 -0.982589628
1561001180.872455359 157.639995 -61.641464 -94.064100 0.023942813 -0.122087813 0.140624753 -0.982214837
1561001180.970719337 157.006664 -61.410140 -93.907845 0.023218451 -0.116009003 0.141574557 -0.982832366
1561001181.072194815 156.322029 -61.166529 -93.759526 0.024360910 -0.104383024 0.141517387 -0.984115623
1561001181.177388430 155.556045 -60.941321 -93.639352 0.025228109 -0.080927244 0.141249557 -0.986338120
1561001181.272487402 154.852646 -60.748915 -93.543000 0.024427434 -0.077679874 0.141902963 -0.986525563
1561001181.372628689 154.153345 -60.552699 -93.389656 0.022957856 -0.080317526 0.142957238 -0.986197374
1561001181.478548288 153.429565 -60.355450 -93.190367 0.021795545 -0.097042464 0.143122033 -0.984694774
1561001181.582365274 152.761700 -60.142034 -92.993587 0.019932142 -0.108446128 0.144265057 -0.983376703
1561001181.679961443 152.097086 -59.939419 -92.856254 0.019898818 -0.106428403 0.144545661 -0.983556599
1561001181.778954506 151.409306 -59.720818 -92.717444 0.018610998 -0.101996915 0.145589806 -0.983897286
1561001181.880038977 150.694933 -59.493393 -92.590588 0.019654728 -0.100273038 0.146003991 -0.983992807
1561001181.970760822 150.045003 -59.277701 -92.455036 0.020504481 -0.101081748 0.146008364 -0.983892069
1561001182.072405815 149.336769 -59.054269 -92.279436 0.020541879 -0.103001778 0.146978187 -0.983547700
1561001182.172369003 148.640824 -58.820874 -92.113360 0.021543788 -0.103713154 0.147183318 -0.983420824
1561001182.270935774 147.932181 -58.586576 -91.937264 0.023274046 -0.103146367 0.147213524 -0.983436487
1561001182.374041557 147.196366 -58.339112 -91.759059 0.023667561 -0.102263887 0.147916742 -0.983413739
1561001182.472393513 146.484827 -58.112839 -91.595498 0.022726481 -0.100925168 0.149225239 -0.983376553
1561001182.573863506 145.750453 -57.886327 -91.438505 0.021328088 -0.101134797 0.149421888 -0.983356479
1561001182.672568321 145.031354 -57.661475 -91.292769 0.021475206 -0.102101709 0.150435733 -0.983098747
1561001182.774196386 144.304126 -57.412526 -91.122149 0.022907381 -0.102558319 0.150991996 -0.982933599
1561001182.874072075 143.586725 -57.160515 -90.942456 0.023390497 -0.103361130 0.151615101 -0.982742195
1561001182.972397804 142.856967 -56.919587 -90.759527 0.024131535 -0.103695974 0.152608449 -0.982535228
1561001183.073093891 142.123811 -56.679684 -90.575723 0.022871725 -0.104576357 0.154321018 -0.982204507
1561001183.172619820 141.377194 -56.439973 -90.404753 0.022445037 -0.105432619 0.154742377 -0.982056506
1561001183.274095774 140.646575 -56.183515 -90.241951 0.022038137 -0.107822024 0.155910602 -0.981621422
1561001183.374062777 139.908814 -55.934291 -90.076720 0.021291039 -0.107085812 0.157147612 -0.981521242
1561001183.472514629 139.158677 -55.675102 -89.908905 0.022232219 -0.106016109 0.158146309 -0.981456091
1561001183.574059486 138.390589 -55.405749 -89.730383 0.022164619 -0.103491728 0.158946985 -0.981597702
1561001183.672744274 137.622656 -55.131301 -89.560283 0.022745839 -0.100918647 0.160829279 -0.981545718
1561001183.772761822 136.870875 -54.854759 -89.373450 0.021511737 -0.101054947 0.162001357 -0.981366753
1561001183.873661757 136.103978 -54.598819 -89.184281 0.020925584 -0.103239080 0.163464426 -0.980909371
1561001183.972099543 135.372850 -54.343497 -88.999485 0.019651367 -0.107489886 0.164865441 -0.980244426
1561001184.073735714 134.622976 -54.061391 -88.810501 0.019802668 -0.110623364 0.166072868 -0.979688791
1561001184.172661781 133.872354 -53.783246 -88.633499 0.019273228 -0.110298380 0.167753651 -0.979449602
1561001184.272197962 133.110598 -53.507532 -88.469815 0.019487933 -0.108362395 0.168825028 -0.979477372
1561001184.373934507 132.308087 -53.210128 -88.288575 0.019994207 -0.105817846 0.170343996 -0.979482383
1561001184.472121477 131.536795 -52.923367 -88.114614 0.020407940 -0.103523904 0.172153647 -0.979402593
1561001184.573715210 130.747110 -52.622083 -87.924294 0.022468561 -0.103266414 0.173078959 -0.979221571
1561001184.672760010 129.963947 -52.319914 -87.716688 0.021910634 -0.103971395 0.174802616 -0.978853369
1561001184.772522211 129.200225 -52.023806 -87.520602 0.020172054 -0.108320274 0.175589733 -0.978278106
1561001184.873709440 128.424293 -51.722248 -87.336238 0.019815738 -0.112068350 0.177278895 -0.977558292
1561001184.972354174 127.655538 -51.428236 -87.153936 0.020928669 -0.113086512 0.178558803 -0.977184827
1561001185.073960543 126.863650 -51.119155 -86.957116 0.021674645 -0.111452603 0.180050032 -0.977082654
1561001185.172101974 126.086732 -50.799851 -86.754945 0.022253645 -0.110295161 0.181704096 -0.976894761
1561001185.273772478 125.296942 -50.464164 -86.538794 0.022210193 -0.111303432 0.183235354 -0.976495293
1561001185.373600483 124.530837 -50.146207 -86.338415 0.020297088 -0.113425044 0.184962448 -0.975967049
1561001185.478035212 123.713847 -49.806404 -86.135034 0.020190191 -0.115662858 0.185867755 -0.975534539
1561001185.573580265 122.967324 -49.473912 -85.956646 0.021458486 -0.113680520 0.187282165 -0.975469971
1561001185.672430277 122.161773 -49.140074 -85.768325 0.023045297 -0.107801702 0.188752578 -0.975817694
1561001185.774933100 121.324859 -48.794679 -85.579328 0.023850088 -0.103101820 0.190363923 -0.975993220
1561001185.874879599 120.520132 -48.461515 -85.389496 0.024272516 -0.102652881 0.192010771 -0.975707484
1561001185.974990368 119.712761 -48.113562 -85.189822 0.025486077 -0.105696568 0.192163510 -0.975321424
1561001186.074980736 118.914618 -47.772702 -84.982967 0.025761419 -0.108415338 0.192437569 -0.974961664
1561001186.174058199 118.140482 -47.411332 -84.776707 0.025845466 -0.110478358 0.192592580 -0.974697205
1561001186.273949146 117.344377 -47.052386 -84.577937 0.025589507 -0.110754470 0.192428385 -0.974705053
1561001186.375142097 116.515631 -46.693132 -84.384604 0.024742158 -0.109148722 0.192122429 -0.974968386
1561001186.473547935 115.695886 -46.347884 -84.204145 0.025279941 -0.107233570 0.191828233 -0.975225007
1561001186.576122999 114.852139 -45.995950 -84.001715 0.026126297 -0.106233228 0.192155005 -0.975247852
1561001186.676450253 114.034252 -45.640152 -83.792766 0.026513449 -0.107593987 0.191604694 -0.975196499
1561001186.777541876 113.226979 -45.289864 -83.586636 0.026597363 -0.109722749 0.191811157 -0.974916396
1561001186.869760752 112.456679 -44.958734 -83.382134 0.027232344 -0.110638894 0.191397673 -0.974876590
1561001186.968727112 111.619506 -44.597188 -83.176125 0.027615224 -0.110009776 0.191442955 -0.974928122
1561001187.069991112 110.764142 -44.225095 -82.975564 0.027668798 -0.109623176 0.191623638 -0.974934653
1561001187.169286966 109.920858 -43.877282 -82.779735 0.026746048 -0.108335303 0.191261361 -0.975175473
1561001187.269677639 109.065789 -43.513354 -82.579081 0.026812534 -0.108464403 0.190813137 -0.975247101
1561001187.370118618 108.209236 -43.155060 -82.364785 0.026336518 -0.108700998 0.191121507 -0.975173344
1561001187.469178438 107.362969 -42.794873 -82.146784 0.026606961 -0.110483621 0.190642628 -0.975059397
1561001187.570248842 106.525852 -42.437711 -81.929113 0.025689471 -0.111649165 0.190651416 -0.974949513
1561001187.669287682 105.686013 -42.080717 -81.724622 0.025656566 -0.112178298 0.190646434 -0.974890613
1561001187.769567966 104.816717 -41.712489 -81.505772 0.026494824 -0.112405179 0.189937586 -0.974980417
1561001187.870042562 103.956598 -41.355135 -81.277079 0.025442347 -0.112565338 0.189749607 -0.975026573
1561001187.968853951 103.095858 -41.009065 -81.068645 0.025248231 -0.113169030 0.189517257 -0.975006927
1561001188.069763899 102.207087 -40.640722 -80.854957 0.025340547 -0.113286452 0.189592344 -0.974976297
1561001188.168838263 101.340561 -40.284742 -80.642241 0.025675037 -0.111884015 0.189535393 -0.975140551
1561001188.268793583 100.469259 -39.930341 -80.422944 0.025642617 -0.112262646 0.189621450 -0.975081156
1561001188.369984150 99.601170 -39.565862 -80.192362 0.024766980 -0.113415181 0.188885942 -0.975113170
1561001188.469222784 98.747694 -39.208950 -79.962254 0.025217452 -0.114108048 0.189334737 -0.974933737
1561001188.568783283 97.874384 -38.845843 -79.742174 0.024894513 -0.113509397 0.189359895 -0.975007031
1561001188.668775320 96.994398 -38.478847 -79.525482 0.025162725 -0.113401834 0.189154622 -0.975052506
1561001188.769666910 96.137821 -38.112535 -79.311195 0.025488859 -0.114386871 0.188814779 -0.974994842
1561001188.869685173 95.260828 -37.742826 -79.076031 0.026611038 -0.113834505 0.188552662 -0.975080228
1561001188.968443871 94.402157 -37.378645 -78.842897 0.026702874 -0.113085036 0.188431121 -0.975188415
1561001189.069577456 93.543310 -37.017771 -78.625347 0.026827905 -0.113027261 0.188181646 -0.975239852
1561001189.168512106 92.708911 -36.669585 -78.407832 0.027630331 -0.113492572 0.188454220 -0.975110767
1561001189.269707918 91.867547 -36.309060 -78.180035 0.027427090 -0.113621068 0.188336281 -0.975124327
1561001189.369850397 91.021524 -35.963202 -77.953594 0.027451000 -0.114176609 0.188600217 -0.975007745
1561001189.469385386 90.185750 -35.613898 -77.733627 0.027261270 -0.115147844 0.188852437 -0.974850016
1561001189.569676399 89.359390 -35.254605 -77.518591 0.028007891 -0.114659839 0.189021234 -0.974853657
1561001189.668799400 88.525755 -34.898308 -77.305677 0.027353287 -0.114760471 0.188798967 -0.974903473
1561001189.768625736 87.684232 -34.548767 -77.099469 0.027237710 -0.114160614 0.189268963 -0.974886004
1561001189.869571924 86.827917 -34.202068 -76.881013 0.027742733 -0.113323822 0.189277447 -0.974967743
1561001189.968355179 85.991290 -33.874970 -76.660293 0.027434350 -0.112944842 0.189453132 -0.974986323
1561001190.069432259 85.149618 -33.537871 -76.449710 0.027855871 -0.113449989 0.189721718 -0.974863488
1561001190.168467999 84.345939 -33.192349 -76.231431 0.027754045 -0.114106293 0.189752388 -0.974783821
1561001190.269582033 83.526030 -32.832593 -76.012843 0.027579094 -0.114417866 0.189692092 -0.974764000
1561001190.369569778 82.722688 -32.479906 -75.800518 0.028566301 -0.114379429 0.190004731 -0.974679186
1561001190.469712973 81.909417 -32.132590 -75.582627 0.027987744 -0.114410211 0.190278383 -0.974638973
1561001190.569732904 81.108739 -31.796193 -75.375970 0.027806649 -0.115511632 0.190080228 -0.974552903
1561001190.668636322 80.309004 -31.465976 -75.159566 0.028318256 -0.117029323 0.190229788 -0.974327892
1561001190.768810511 79.500404 -31.107316 -74.943597 0.028160715 -0.117908714 0.190181438 -0.974235870
1561001190.869477987 78.698680 -30.760122 -74.726113 0.029300640 -0.117531166 0.189874683 -0.974307704
1561001190.969162941 77.880852 -30.424449 -74.512385 0.027537203 -0.116882254 0.190113423 -0.974390644
1561001191.076284647 77.013306 -30.067512 -74.293850 0.027508215 -0.116006967 0.190135102 -0.974491829
1561001191.168351173 76.272718 -29.760817 -74.105746 0.027452203 -0.115729470 0.189900949 -0.974572058
1561001191.268450022 75.476458 -29.431710 -73.892371 0.026948312 -0.115614099 0.189740567 -0.974631051
1561001191.369558811 74.674922 -29.098380 -73.676581 0.026673903 -0.115976896 0.189497457 -0.974642794
1561001191.468447685 73.897979 -28.773332 -73.456968 0.026704542 -0.116464756 0.188942366 -0.974691546
1561001191.569693089 73.108007 -28.449594 -73.245792 0.026035676 -0.117508648 0.188927823 -0.974587163
1561001191.668539286 72.338904 -28.126090 -73.041236 0.025632219 -0.118178770 0.188783323 -0.974544829
1561001191.769520283 71.556433 -27.809647 -72.826057 0.024664057 -0.118497937 0.188826351 -0.974522720
1561001191.869494200 70.775724 -27.489455 -72.613193 0.024529744 -0.116957076 0.188622805 -0.974751646
1561001191.968473434 70.002467 -27.169872 -72.399554 0.021080366 -0.114972517 0.189224712 -0.974951766
1561001192.070072412 69.224457 -26.836889 -72.178708 0.018654394 -0.119442600 0.189072607 -0.974493216
1561001192.168550968 68.490044 -26.524033 -71.969457 0.020227854 -0.128716193 0.188663463 -0.973359683
1561001192.269919395 67.766920 -26.207178 -71.744691 0.023875575 -0.135735608 0.187437956 -0.972559928
1561001192.370041370 67.024960 -25.878770 -71.544986 0.024142676 -0.134900646 0.187352492 -0.972685967
1561001192.470452785 66.211262 -25.544363 -71.366136 0.022315705 -0.130859930 0.188109624 -0.973135375
1561001192.570442438 65.334581 -25.196689 -71.183674 0.022781829 -0.117517427 0.189662837 -0.974524833
1561001192.669208527 64.512086 -24.860670 -71.026958 0.029763987 -0.094592872 0.187239649 -0.977296069
1561001192.770121574 63.769284 -24.540952 -70.823211 0.033032658 -0.089668875 0.184844954 -0.978110771
1561001192.869834900 63.068885 -24.264974 -70.652223 0.031842954 -0.095375986 0.183596025 -0.977845564
1561001192.970190525 62.384946 -23.936764 -70.460520 0.032602847 -0.104413939 0.183532232 -0.976908749
1561001193.069784403 61.709078 -23.633422 -70.201424 0.027907775 -0.117145814 0.186130688 -0.975117112
1561001193.169764519 60.959957 -23.321460 -69.937804 0.027681492 -0.121864169 0.187500382 -0.974282539
1561001193.269756079 60.158934 -22.991231 -69.713590 0.029594492 -0.113753735 0.187905514 -0.975128592
1561001193.369756937 59.346767 -22.678545 -69.502130 0.027827844 -0.111592107 0.188961915 -0.975226234
1561001193.469953537 58.534969 -22.373480 -69.301897 0.025259533 -0.114338416 0.189336825 -0.974905252
1561001193.570677757 57.745224 -22.056432 -69.096153 0.025454357 -0.119992155 0.189684595 -0.974152818
1561001193.669942379 57.007449 -21.729759 -68.900536 0.027929931 -0.122910111 0.190450610 -0.973571563
1561001193.770061731 56.253676 -21.389264 -68.686410 0.029798951 -0.120591349 0.190816262 -0.973734514
1561001193.870213985 55.482764 -21.042582 -68.475134 0.029123324 -0.118445821 0.191462818 -0.973891374
1561001193.969998121 54.714199 -20.707076 -68.272041 0.029618780 -0.120378485 0.192113301 -0.973511288
1561001194.069909573 53.950679 -20.370124 -68.049904 0.029452623 -0.123849391 0.192207631 -0.973062227
1561001194.168866873 53.196541 -20.041376 -67.834941 0.029597858 -0.125651099 0.192733967 -0.972722667
1561001194.269670486 52.430256 -19.703436 -67.620548 0.029693650 -0.124504885 0.193340441 -0.972746778
1561001194.369500160 51.660361 -19.373374 -67.411223 0.031168684 -0.121837394 0.193754222 -0.972956044
1561001194.468587875 50.876910 -19.030983 -67.187032 0.031249234 -0.120163573 0.193888321 -0.973134893
1561001194.569586039 50.086481 -18.695371 -66.982128 0.029475331 -0.120005925 0.194675826 -0.973052468
1561001194.668650389 49.325332 -18.380283 -66.782508 0.029099913 -0.121172239 0.194832222 -0.972887912
1561001194.769721031 48.549597 -18.052833 -66.568419 0.029576687 -0.121337106 0.194869331 -0.972845553
1561001194.869741917 47.791514 -17.723519 -66.361385 0.029671805 -0.121052947 0.194473485 -0.972957261
1561001194.969103575 47.039322 -17.403414 -66.153683 0.030121106 -0.121068612 0.194367348 -0.972962715
1561001195.069770336 46.284038 -17.066506 -65.942958 0.029776765 -0.121217036 0.194322101 -0.972963872
1561001195.169278383 45.536320 -16.743825 -65.731397 0.029693364 -0.121948465 0.194245592 -0.972890295
1561001195.270803213 44.789536 -16.418338 -65.522919 0.028821433 -0.122833901 0.194252947 -0.972803654
1561001195.368771315 44.058270 -16.094562 -65.316539 0.029333226 -0.123336268 0.194098682 -0.972755585
1561001195.470205545 43.301337 -15.757299 -65.099997 0.029476433 -0.122649995 0.193792796 -0.972899003
1561001195.570401907 42.540404 -15.416365 -64.891303 0.029847701 -0.121974782 0.193433670 -0.973044029
1561001195.670274496 41.787004 -15.092642 -64.677531 0.030664031 -0.120653831 0.193078256 -0.973253902
1561001195.770980597 41.025625 -14.759535 -64.460566 0.029819365 -0.121601813 0.193224583 -0.973133118
1561001195.870033264 40.278843 -14.442214 -64.247706 0.028939736 -0.123249383 0.193387427 -0.972920030
1561001195.970545292 39.523328 -14.126154 -64.039713 0.028140814 -0.125055965 0.193367863 -0.972716798
1561001196.070576906 38.774208 -13.807187 -63.837663 0.029366331 -0.125416534 0.192775266 -0.972751771
1561001196.168577194 38.031094 -13.468150 -63.634523 0.030100503 -0.123391606 0.191967586 -0.973147942
1561001196.271152973 37.267683 -13.121032 -63.412534 0.030496187 -0.120958474 0.192145546 -0.973405938
1561001196.371108055 36.498407 -12.798616 -63.208186 0.030901678 -0.118593861 0.191938410 -0.973724925
1561001196.470454693 35.741455 -12.489977 -62.990677 0.028311863 -0.123659611 0.192078899 -0.973145639
1561001196.571208000 35.021455 -12.182659 -62.773599 0.027974801 -0.133802272 0.192672912 -0.971695174
1561001196.668754578 34.334050 -11.878191 -62.535059 0.029043617 -0.144708659 0.192530147 -0.970127834
1561001196.771044731 33.613939 -11.537281 -62.314558 0.029791872 -0.149373926 0.191953927 -0.969512024
1561001196.869663477 32.830755 -11.250743 -62.114419 0.029875057 -0.150935152 0.191890041 -0.969280286
1561001196.970167160 32.042839 -10.940424 -61.917409 0.030314839 -0.142639654 0.192009832 -0.970498410
1561001197.070502758 31.232818 -10.582981 -61.734228 0.031189967 -0.120481556 0.192330392 -0.973406596
1561001197.168666840 30.441764 -10.220866 -61.567374 0.031154835 -0.106631027 0.191973619 -0.975092472
1561001197.270548344 29.701991 -9.884240 -61.335936 0.029032087 -0.113586060 0.193545245 -0.974061386
1561001197.369641781 29.013142 -9.561609 -61.071899 0.025387069 -0.130454329 0.192905777 -0.972175152
1561001197.469414711 28.281696 -9.246353 -60.860383 0.028591354 -0.135698889 0.192677331 -0.971413296
1561001197.570478916 27.525202 -8.942296 -60.671121 0.030377407 -0.134936154 0.191555312 -0.971687198
1561001197.668538809 26.729047 -8.626415 -60.489307 0.031928430 -0.125760191 0.191072356 -0.972962643
1561001197.770549536 25.927845 -8.278933 -60.280029 0.032070783 -0.117446234 0.191658747 -0.973881292
1561001197.868921041 25.175433 -7.938014 -60.048402 0.031120631 -0.121157022 0.191751749 -0.973439135
1561001197.970404387 24.428674 -7.602042 -59.793345 0.030744933 -0.125090571 0.191527266 -0.972997639
1561001198.070676804 23.699454 -7.263767 -59.546410 0.029909650 -0.128801118 0.191430292 -0.972558547
1561001198.168979883 22.948558 -6.938606 -59.321364 0.028888395 -0.130453133 0.191683795 -0.972319270
1561001198.270656586 22.178078 -6.619890 -59.105174 0.028063273 -0.129627792 0.191396750 -0.972510346
1561001198.369398594 21.413664 -6.314298 -58.905266 0.028024784 -0.127254382 0.191411537 -0.972821956
1561001198.470746279 20.611289 -5.974272 -58.702007 0.027661505 -0.123496900 0.191792520 -0.973241484
1561001198.570275307 19.823618 -5.646391 -58.488306 0.027288047 -0.121490692 0.191468917 -0.973568194
1561001198.668414116 19.052497 -5.315647 -58.277553 0.026649120 -0.121814927 0.191132385 -0.973611503
1561001198.770050049 18.267144 -4.970961 -58.055169 0.025973723 -0.124240699 0.191020711 -0.973345109
1561001198.868768215 17.498239 -4.639567 -57.838061 0.026074427 -0.126032233 0.190994288 -0.973117250
1561001198.970772028 16.711350 -4.301873 -57.609013 0.026298191 -0.124904811 0.190857869 -0.973283344
1561001199.070441484 15.940250 -3.971924 -57.387919 0.026898586 -0.123214157 0.190465869 -0.973559187
1561001199.168383837 15.167994 -3.655508 -57.185097 0.026536667 -0.122786700 0.190486589 -0.973619069
1561001199.270357370 14.373942 -3.322088 -56.965826 0.027267118 -0.122781064 0.190138178 -0.973667699
1561001199.369302750 13.612677 -2.990639 -56.741353 0.028239715 -0.123191072 0.189946342 -0.973625629
1561001199.469441652 12.843174 -2.661738 -56.510749 0.028193549 -0.124532195 0.189800777 -0.973484731
1561001199.571957111 12.071863 -2.326036 -56.274322 0.027561357 -0.126099801 0.189569710 -0.973346052
1561001199.670530796 11.325130 -2.004425 -56.052321 0.027023979 -0.128310707 0.189189321 -0.973146170
1561001199.772412300 10.560882 -1.681854 -55.824915 0.027691180 -0.128250655 0.188788243 -0.973213218
1561001199.871027470 9.809794 -1.373860 -55.608364 0.026712783 -0.127230938 0.188934141 -0.973346087
1561001199.971115351 9.040524 -1.073667 -55.390940 0.027214571 -0.126001395 0.189236098 -0.973433467
1561001200.073570013 8.267476 -0.752216 -55.172567 0.026633938 -0.125478816 0.189153461 -0.973533085
1561001200.171544313 7.523076 -0.441637 -54.958708 0.027053814 -0.125225897 0.188460644 -0.973688426
1561001200.272370338 6.767379 -0.117842 -54.738637 0.026840367 -0.125541710 0.189177999 -0.973514539
1561001200.370543718 6.036148 0.185512 -54.533296 0.026793287 -0.126060768 0.189479352 -0.973390147
1561001200.472367287 5.289257 0.503540 -54.319369 0.027381449 -0.125674271 0.189426244 -0.973434092
1561001200.572090864 4.560910 0.822520 -54.106054 0.027237736 -0.124403288 0.189267870 -0.973632169
1561001200.670317411 3.835389 1.149032 -53.906020 0.028414640 -0.123196633 0.189374082 -0.973731305
1561001200.772029877 3.107640 1.479430 -53.688958 0.028479954 -0.122416847 0.189670327 -0.973770083
1561001200.870471478 2.403370 1.787325 -53.484920 0.028226053 -0.123619619 0.189634370 -0.973632521
1561001200.973399401 1.686149 2.082415 -53.272914 0.028415834 -0.125447511 0.189559864 -0.973407685
1561001201.073676348 1.011372 2.366564 -53.083127 0.028336524 -0.125986711 0.190124600 -0.973230202
1561001201.172376394 0.363545 2.628937 -52.898642 0.029361975 -0.126332946 0.190308130 -0.973119045
1561001201.273850203 -0.291682 2.906054 -52.700331 0.028897734 -0.126224586 0.190281561 -0.973152199
1561001201.372286081 -0.934671 3.180016 -52.522927 0.028923788 -0.125935236 0.191397571 -0.972970041
1561001201.473939419 -1.609406 3.465727 -52.321850 0.029350020 -0.124505239 0.191374803 -0.973145779
1561001201.573797703 -2.282629 3.743569 -52.119990 0.028901152 -0.123760947 0.191699025 -0.973190339
1561001201.672244787 -2.915980 4.029148 -51.878898 0.028426457 -0.128464433 0.191757890 -0.972583024
1561001201.773658752 -3.517009 4.302744 -51.642360 0.026879876 -0.137027409 0.193022990 -0.971207026
1561001201.871864080 -4.086177 4.596562 -51.426527 0.028134162 -0.156409187 0.192934754 -0.968256586
1561001201.974753618 -4.637206 4.898349 -51.246135 0.029359166 -0.159761990 0.193398566 -0.967580044
1561001202.076147318 -5.208165 5.151792 -51.032940 0.030520339 -0.161146807 0.192348410 -0.967523801
1561001202.176017523 -5.792106 5.412596 -50.855701 0.028550690 -0.159418254 0.190624169 -0.968211291
1561001202.275767088 -6.461081 5.657344 -50.672469 0.029276168 -0.154581467 0.190012123 -0.969093839
1561001202.375828505 -7.120824 5.982998 -50.459161 0.030842765 -0.151759497 0.188177694 -0.969848924
1561001202.476066828 -7.777959 6.295931 -50.376995 0.030335889 -0.136784280 0.189365157 -0.971859368
1561001202.575924873 -8.455945 6.568171 -50.254068 0.035524300 -0.118240941 0.188625275 -0.974257466
1561001202.676167727 -9.133434 6.813289 -50.043603 0.032759625 -0.125837098 0.188872980 -0.973354421
1561001202.776117325 -9.821170 7.071378 -49.819968 0.028127371 -0.137387824 0.187943331 -0.972116629
1561001202.874443054 -10.513247 7.342168 -49.652361 0.026675667 -0.140022809 0.186920484 -0.971978783
1561001202.974900961 -11.204160 7.635372 -49.490315 0.027640489 -0.135621310 0.186186021 -0.972716623
1561001203.076242685 -11.890337 7.933384 -49.316501 0.029702294 -0.130555844 0.185349105 -0.973508426
1561001203.174588442 -12.574752 8.213746 -49.121004 0.028898025 -0.128415224 0.184294500 -0.974017439
1561001203.276034594 -13.267392 8.495300 -48.903508 0.028641811 -0.129198415 0.183603697 -0.974051897
1561001203.374746799 -13.947235 8.793744 -48.672754 0.028308086 -0.131417722 0.182466981 -0.973978355
1561001203.474899054 -14.622804 9.078227 -48.450492 0.027662677 -0.133030075 0.181771961 -0.973907968
1561001203.575978041 -15.316526 9.352539 -48.230597 0.028885301 -0.133259049 0.180846228 -0.974013505
1561001203.675982475 -15.991306 9.629162 -48.016895 0.028526069 -0.132630942 0.179868357 -0.974290855
1561001203.775556326 -16.692203 9.893262 -47.804032 0.028232058 -0.132543495 0.179191538 -0.974436024
1561001203.875779390 -17.391278 10.148508 -47.595785 0.027065301 -0.133976864 0.178632294 -0.974375786
1561001203.981150389 -18.121448 10.428605 -47.382032 0.026235155 -0.135173026 0.177993210 -0.974350238
1561001204.074406624 -18.796703 10.685799 -47.178698 0.026385583 -0.135050234 0.176824589 -0.974575959
1561001204.175845146 -19.520891 10.966628 -46.969753 0.026127085 -0.133729554 0.175809532 -0.974948609
1561001204.275811672 -20.229048 11.226260 -46.765833 0.025671452 -0.132344987 0.175183791 -0.975262232
1561001204.375653267 -20.941416 11.487630 -46.557559 0.024673714 -0.131755728 0.174640070 -0.975465264
1561001204.476176500 -21.642584 11.753419 -46.354863 0.024344646 -0.131308163 0.174080776 -0.975633839
1561001204.575921059 -22.348666 12.037385 -46.144689 0.024639446 -0.131286015 0.173140167 -0.975796783
1561001204.675167322 -23.048615 12.321714 -45.936128 0.024497359 -0.130931776 0.172212549 -0.976012084
1561001204.776026011 -23.754137 12.582511 -45.724752 0.024101468 -0.131179402 0.171444626 -0.976123877
1561001204.874556780 -24.450044 12.844372 -45.511151 0.023886556 -0.132089991 0.170927203 -0.976097105
1561001204.975819826 -25.173525 13.115416 -45.289510 0.023784531 -0.132589196 0.170282063 -0.976144672
1561001205.075696707 -25.884086 13.386302 -45.071591 0.023906889 -0.132830474 0.169527645 -0.976240187
1561001205.176207781 -26.610624 13.648223 -44.847608 0.023054007 -0.132791163 0.168967934 -0.976363076
1561001205.276076794 -27.332241 13.909756 -44.629047 0.023035927 -0.132680866 0.168574431 -0.976446514
1561001205.374557972 -28.045144 14.168910 -44.411792 0.021986937 -0.132733075 0.168083822 -0.976548173
1561001205.475755453 -28.785280 14.443779 -44.201808 0.022480787 -0.132531594 0.167117681 -0.976730091
1561001205.574308634 -29.519114 14.715294 -43.983129 0.022181240 -0.132493615 0.166318854 -0.976878433
1561001205.675684929 -30.263598 14.981027 -43.766671 0.022300074 -0.132845056 0.166109357 -0.976863644
1561001205.775760651 -31.010655 15.256632 -43.543125 0.022655106 -0.131085891 0.165228101 -0.977242503
1561001205.875830650 -31.769533 15.539436 -43.313118 0.022912279 -0.128913810 0.164813510 -0.977595399
1561001205.975794315 -32.500599 15.803227 -43.088346 0.021249884 -0.129984850 0.164142089 -0.977604089
1561001206.075497627 -33.230786 16.058255 -42.867364 0.020794924 -0.132370833 0.163773898 -0.977355434
1561001206.176116467 -33.950960 16.316860 -42.640578 0.020078075 -0.136400809 0.162897012 -0.976962770
1561001206.275443077 -34.650541 16.570297 -42.423463 0.020248664 -0.136574264 0.162400918 -0.977017607
1561001206.374248743 -35.343565 16.820359 -42.210342 0.021361690 -0.133977423 0.161791878 -0.977454406
1561001206.475752354 -36.039150 17.071240 -42.001727 0.020598404 -0.131341284 0.161758789 -0.977833967
1561001206.575609207 -36.747469 17.317749 -41.796939 0.020267517 -0.130192396 0.161483891 -0.978039938
1561001206.675576687 -37.452456 17.556862 -41.582742 0.019532215 -0.132031429 0.161975581 -0.977727010
1561001206.775691271 -38.157601 17.809112 -41.370297 0.019097605 -0.134731378 0.161752269 -0.977404185
1561001206.874563694 -38.824681 18.056620 -41.164534 0.019586073 -0.135979880 0.161373094 -0.977284289
1561001206.975907803 -39.504516 18.305626 -40.946310 0.018992287 -0.135658899 0.161317947 -0.977349720
1561001207.075509548 -40.178404 18.537497 -40.740846 0.019100645 -0.134393222 0.161077065 -0.977562175
1561001207.174548149 -40.868498 18.782428 -40.534847 0.018524541 -0.133912640 0.161849193 -0.977511680
1561001207.275948524 -41.551047 19.033114 -40.333027 0.018499067 -0.134457341 0.161584576 -0.977481167
1561001207.375970602 -42.230034 19.283902 -40.130720 0.018992645 -0.134388660 0.161400110 -0.977511622
1561001207.475504875 -42.892295 19.532976 -39.926943 0.018339429 -0.134563587 0.161504243 -0.977482831
1561001207.574437857 -43.570178 19.770909 -39.726484 0.019194213 -0.134454185 0.161553450 -0.977473344
1561001207.675994635 -44.265564 20.023757 -39.510887 0.020728029 -0.133763343 0.161180166 -0.977598420
1561001207.775892496 -44.947713 20.274932 -39.295739 0.021345691 -0.132748489 0.160725105 -0.977798364
1561001207.874734879 -45.621150 20.518113 -39.079354 0.021420698 -0.132393238 0.160666130 -0.977854580
1561001207.975430727 -46.294311 20.746465 -38.859108 0.020030122 -0.134462746 0.160561428 -0.977618838
1561001208.075731993 -46.962966 20.968225 -38.655301 0.018060498 -0.138038358 0.160374947 -0.977189391
1561001208.175741434 -47.641878 21.195816 -38.450667 0.019018433 -0.139227892 0.159658489 -0.977119778
1561001208.275468826 -48.309301 21.439906 -38.237911 0.018552161 -0.139457332 0.159010972 -0.977201607
1561001208.375807285 -48.972389 21.683919 -38.015090 0.017584107 -0.143567181 0.158593674 -0.976692024
1561001208.475437880 -49.627083 21.913905 -37.782886 0.018330967 -0.151696678 0.157894572 -0.975562093
1561001208.575628281 -50.250599 22.145618 -37.545976 0.017913073 -0.159653833 0.157086012 -0.974429967
1561001208.675647259 -50.876378 22.377376 -37.351344 0.017165488 -0.159787892 0.156492642 -0.974516921
1561001208.775269508 -51.536768 22.596172 -37.160015 0.015891538 -0.160676265 0.154135031 -0.974768172
1561001208.875565290 -52.181895 22.840343 -37.017195 0.016539787 -0.157706940 0.151719637 -0.975620884
1561001208.975563288 -52.911291 23.104433 -36.875432 0.018518230 -0.148115878 0.150097009 -0.977338043
1561001209.075492144 -53.621791 23.411113 -36.727097 0.018675474 -0.131695714 0.150335390 -0.979646230
1561001209.175835133 -54.327312 23.654518 -36.490249 0.017383085 -0.115813975 0.150581076 -0.981636537
1561001209.276452541 -54.993065 23.841044 -36.251693 0.017022970 -0.116505251 0.150562122 -0.981563952
1561001209.374472857 -55.629470 24.007124 -36.002548 0.015205880 -0.126570245 0.150029008 -0.980428504
1561001209.475820303 -56.276236 24.172550 -35.752077 0.016369796 -0.138461034 0.148924423 -0.978969912
1561001209.575751781 -56.983859 24.368935 -35.495318 0.015459797 -0.140322107 0.147551943 -0.978927538
1561001209.674395323 -57.694489 24.555684 -35.283011 0.013811597 -0.135045886 0.146726368 -0.979817953
1561001209.775840282 -58.437326 24.760311 -35.072821 0.011779744 -0.136811924 0.145539666 -0.979776475
1561001209.874472380 -59.160521 24.998068 -34.857157 0.010968575 -0.141772709 0.144724746 -0.979201173
1561001209.974607229 -59.873225 25.232515 -34.633462 0.010138209 -0.144726691 0.143712374 -0.978927043
1561001210.074454308 -60.590305 25.459616 -34.422116 0.010159281 -0.143680462 0.142752818 -0.979221296
1561001210.175827503 -61.325114 25.685256 -34.199346 0.010759331 -0.139530454 0.142139866 -0.979903948
1561001210.275991917 -62.057549 25.898780 -33.985678 0.011373834 -0.135426419 0.140825112 -0.980662332
1561001210.374228954 -62.783243 26.117879 -33.763826 0.011025592 -0.134082981 0.139867554 -0.980987899
1561001210.475629807 -63.536669 26.337798 -33.539927 0.010509199 -0.134470266 0.138883814 -0.981080318
1561001210.575236559 -64.260314 26.546350 -33.314415 0.010430799 -0.136281647 0.137719725 -0.980995305
1561001210.675761938 -64.991971 26.757885 -33.089516 0.010099700 -0.137546823 0.136164396 -0.981039309
1561001210.775895596 -65.713672 26.967577 -32.859840 0.011039848 -0.138123850 0.135089692 -0.981096682
1561001210.874902964 -66.416521 27.188311 -32.637096 0.012346717 -0.137204082 0.133728819 -0.981396557
1561001210.976354599 -67.135039 27.430155 -32.402221 0.013569183 -0.135881343 0.132886986 -0.981678759
1561001211.075076103 -67.844128 27.639915 -32.192061 0.012337623 -0.135690197 0.132194371 -0.981814953
1561001211.176519156 -68.567830 27.862255 -31.963812 0.012807430 -0.137632316 0.131464512 -0.981636591
1561001211.276113272 -69.283993 28.069162 -31.723481 0.011980558 -0.140014885 0.131115790 -0.981356687
1561001211.375618458 -70.017303 28.273039 -31.463267 0.011592892 -0.142457587 0.130729813 -0.981061240
1561001211.475709677 -70.725383 28.468731 -31.223205 0.010309449 -0.144031560 0.130543337 -0.980870563
1561001211.575202942 -71.452118 28.653413 -30.998415 0.009692273 -0.143275137 0.130438523 -0.981001573
1561001211.675709724 -72.202346 28.845843 -30.771555 0.008372588 -0.142437191 0.130575076 -0.981117575
1561001211.775856256 -72.941035 29.035473 -30.557030 0.007369611 -0.141297098 0.130926322 -0.981243658
1561001211.875751495 -73.696913 29.247500 -30.324471 0.007247450 -0.139992640 0.131367562 -0.981372559
1561001211.976164818 -74.458381 29.449016 -30.084512 0.007002097 -0.138668391 0.131332377 -0.981567040
1561001212.075520515 -75.222557 29.649382 -29.837938 0.007040385 -0.138604894 0.131415873 -0.981564560
1561001212.176232100 -76.001546 29.852472 -29.589170 0.006393068 -0.139259272 0.132466425 -0.981335126
1561001212.276004314 -76.759956 30.058199 -29.343110 0.006586855 -0.140434216 0.131695759 -0.981270132
1561001212.374894142 -77.516470 30.278568 -29.099564 0.006013678 -0.141127556 0.132253401 -0.981099325
1561001212.476112604 -78.284844 30.503566 -28.846304 0.006543185 -0.140958636 0.131848400 -0.981174729
1561001212.574429989 -79.029977 30.732739 -28.608917 0.005805653 -0.141140816 0.132797003 -0.981025239
1561001212.675950289 -79.794676 30.956258 -28.371642 0.005741483 -0.141152533 0.132351988 -0.981084068
1561001212.775600910 -80.544110 31.168415 -28.133494 0.005220458 -0.140762855 0.132474450 -0.981126437
1561001212.874250650 -81.285743 31.377976 -27.909353 0.005277995 -0.140810187 0.132972922 -0.981051903
1561001212.975607157 -82.051860 31.605164 -27.669023 0.005487392 -0.140830466 0.132772738 -0.981074956
1561001213.075011492 -82.791034 31.830178 -27.432466 0.006090493 -0.139635591 0.133293044 -0.981171632
1561001213.175839901 -83.567794 32.062733 -27.182454 0.006610183 -0.138276325 0.132831947 -0.981423271
1561001213.275814295 -84.346507 32.274768 -26.938628 0.006098815 -0.138078253 0.133299348 -0.981391097
1561001213.374387741 -85.113283 32.475941 -26.695285 0.005994342 -0.139584403 0.132711897 -0.981258281
1561001213.475875616 -85.877558 32.685511 -26.438572 0.005524436 -0.142526843 0.133017482 -0.980796579
1561001213.574728251 -86.629497 32.899990 -26.194081 0.006113682 -0.143328024 0.133263553 -0.980642915
1561001213.675800562 -87.389546 33.117915 -25.939087 0.006034142 -0.142375647 0.133771498 -0.980712981
1561001213.775853395 -88.152198 33.336993 -25.702163 0.005564580 -0.141491357 0.133546746 -0.980874354
1561001213.874550104 -88.900945 33.554832 -25.470122 0.005725715 -0.140932376 0.133796409 -0.980919876
1561001213.976298094 -89.676271 33.782670 -25.227733 0.005771993 -0.140693158 0.133922114 -0.980936790
1561001214.074830294 -90.435335 34.015028 -24.984610 0.006333341 -0.140550707 0.133606510 -0.980996783
1561001214.175961733 -91.201630 34.238338 -24.736577 0.006299261 -0.140320349 0.133787438 -0.981005321
1561001214.275798082 -91.960667 34.458083 -24.486481 0.007064814 -0.140640654 0.134093130 -0.980912497
1561001214.375436544 -92.723198 34.680637 -24.231999 0.006986931 -0.141468291 0.134122177 -0.980790063
1561001214.475846052 -93.496943 34.910374 -23.973722 0.006638854 -0.142859342 0.133975945 -0.980610820
1561001214.574677706 -94.255786 35.125350 -23.721514 0.005959917 -0.144118362 0.133963896 -0.980432584
1561001214.675466299 -95.041889 35.354806 -23.475089 0.005889211 -0.143789866 0.134284108 -0.980437438
1561001214.776028633 -95.819021 35.572073 -23.235379 0.005181976 -0.142576482 0.134600204 -0.980575280
1561001214.876013279 -96.613345 35.806968 -22.993255 0.005915608 -0.140270685 0.134525169 -0.980913921
1561001214.975858688 -97.397503 36.031498 -22.743974 0.005866346 -0.138777748 0.134821064 -0.981085931
1561001215.075009346 -98.162356 36.258059 -22.499395 0.007020409 -0.138121785 0.134531751 -0.981210627
1561001215.175832987 -98.922993 36.482669 -22.242140 0.007013353 -0.139328128 0.134671658 -0.981020912
1561001215.275877714 -99.668761 36.704317 -21.994757 0.007411821 -0.141178988 0.134837265 -0.980730580
1561001215.375796318 -100.396409 36.913329 -21.746028 0.008131967 -0.142811651 0.134933194 -0.980475261
1561001215.475774050 -101.138687 37.124186 -21.489184 0.007657686 -0.141106814 0.134931101 -0.980726172
1561001215.574649334 -101.907877 37.327002 -21.244163 0.007031370 -0.142198490 0.134481928 -0.980634876
1561001215.675065279 -102.613103 37.517025 -20.969276 0.005175711 -0.149509548 0.135520863 -0.979415235
1561001215.775593042 -103.284171 37.713031 -20.701154 0.004514138 -0.164555236 0.135223229 -0.977044459
1561001215.874407530 -103.903025 37.914481 -20.463907 0.005580300 -0.173187900 0.134563031 -0.975637024
1561001215.975631952 -104.565549 38.152051 -20.235345 0.004023440 -0.178559183 0.134614143 -0.974668899
1561001216.074383020 -105.264805 38.380409 -20.040920 0.004755421 -0.188261893 0.133589302 -0.972979313
1561001216.175463915 -106.024514 38.599345 -19.850198 0.002989073 -0.187677345 0.133259532 -0.973144479
1561001216.275465488 -106.777222 38.838345 -19.568408 0.002455489 -0.180244360 0.134120483 -0.974431956
1561001216.374302387 -107.511745 39.043479 -19.445707 0.002251786 -0.165315364 0.133585996 -0.977149191
1561001216.475644827 -108.279822 39.276207 -19.342295 0.003558156 -0.142845779 0.134445184 -0.980564590
1561001216.575855494 -108.955210 39.467357 -19.041469 0.008376365 -0.146418342 0.135100087 -0.979918095
1561001216.674532175 -109.588801 39.629267 -18.748683 0.008042468 -0.156592870 0.134884669 -0.978376266
1561001216.775548697 -110.257561 39.812946 -18.514199 0.007460082 -0.152575960 0.135191329 -0.978973048
1561001216.873726130 -110.945511 40.007579 -18.314826 0.009040764 -0.144129686 0.134243057 -0.980369165
1561001216.974993944 -111.684750 40.213989 -18.102209 0.009833987 -0.138309303 0.134073539 -0.981222765
1561001217.073941231 -112.419569 40.422884 -17.878932 0.011108454 -0.136462953 0.133412675 -0.981557702
1561001217.175523520 -113.141544 40.634552 -17.631609 0.012006403 -0.139139552 0.131922104 -0.981372809
1561001217.275597334 -113.851545 40.847344 -17.378564 0.011183890 -0.143398913 0.131402166 -0.980839000
1561001217.374360800 -114.543568 41.054911 -17.133536 0.010719104 -0.146682993 0.130661307 -0.980457456
1561001217.475663900 -115.241207 41.261149 -16.883931 0.008855269 -0.148287788 0.129863117 -0.980340699
1561001217.574530840 -115.946913 41.453208 -16.661832 0.008836907 -0.147236826 0.129182206 -0.980589202
1561001217.675635576 -116.654128 41.654585 -16.445292 0.008696095 -0.144890983 0.127885754 -0.981109686
1561001217.775841236 -117.369384 41.842475 -16.228923 0.008346030 -0.142227217 0.127606658 -0.981538743
1561001217.875930548 -118.092125 42.042781 -16.006194 0.009017639 -0.141675355 0.126267031 -0.981785828
1561001217.976456404 -118.811401 42.230855 -15.757951 0.009403227 -0.142451716 0.125775145 -0.981733009
1561001218.074941635 -119.528774 42.414522 -15.515982 0.009432988 -0.143791475 0.124759477 -0.981667002
1561001218.175419331 -120.247671 42.598635 -15.266583 0.009135920 -0.145489121 0.124162899 -0.981495301
1561001218.275419474 -120.945577 42.778422 -15.033494 0.008425423 -0.146877965 0.123617630 -0.981363621
1561001218.374078274 -121.644195 42.954079 -14.805207 0.008226537 -0.147705257 0.122575766 -0.981371827
1561001218.475687027 -122.358324 43.142159 -14.570089 0.007793461 -0.146879470 0.121977948 -0.981573769
1561001218.574518681 -123.066855 43.332903 -14.342477 0.007841353 -0.145689152 0.121346390 -0.981829027
1561001218.674479246 -123.778236 43.522998 -14.114776 0.007800564 -0.144529542 0.120845678 -0.982062465
1561001218.775611639 -124.498171 43.707227 -13.888822 0.007922620 -0.144324923 0.120157158 -0.982176057
1561001218.876271486 -125.203257 43.879915 -13.659667 0.008337648 -0.144341239 0.119380341 -0.982264946
1561001218.975659847 -125.892887 44.064811 -13.422827 0.009817555 -0.144235247 0.118643011 -0.982356170
1561001219.074290752 -126.578686 44.249525 -13.175579 0.010548091 -0.144878552 0.118172894 -0.982310597
1561001219.175457716 -127.270603 44.425737 -12.931399 0.009552800 -0.146373898 0.117731789 -0.982152051
1561001219.275470495 -127.964296 44.596380 -12.703669 0.007868090 -0.148583571 0.118001353 -0.981802779
1561001219.375434875 -128.664774 44.763129 -12.481505 0.008250890 -0.149454290 0.117515313 -0.981725771
1561001219.476635218 -129.373616 44.935945 -12.248213 0.008877023 -0.148900618 0.117134652 -0.981849926
1561001219.567970037 -130.046059 45.108599 -12.026911 0.009007036 -0.147250988 0.116975880 -0.982116420
1561001219.669186592 -130.777447 45.292262 -11.786161 0.009063433 -0.145803359 0.116643666 -0.982371361
1561001219.769314051 -131.497267 45.476311 -11.550916 0.008761968 -0.145644284 0.116192030 -0.982451211
1561001219.868215799 -132.214416 45.662762 -11.312088 0.009060402 -0.146086100 0.115445561 -0.982470907
1561001219.969189882 -132.925424 45.843078 -11.074658 0.008898368 -0.146991728 0.114990178 -0.982390711
1561001220.068045378 -133.625806 46.012528 -10.840107 0.009240449 -0.147602327 0.113801753 -0.982434389
1561001220.167918682 -134.322246 46.194773 -10.603507 0.009295632 -0.147374384 0.113274855 -0.982528976
1561001220.268904924 -135.024441 46.364287 -10.364914 0.010072386 -0.147019381 0.112571593 -0.982655324
1561001220.367727280 -135.705490 46.527956 -10.124688 0.009757815 -0.146992860 0.111889408 -0.982740375
1561001220.468904734 -136.411469 46.682838 -9.891144 0.008790588 -0.146711280 0.111133682 -0.982877322
1561001220.567993641 -137.110499 46.833580 -9.683777 0.007170925 -0.148040099 0.110744423 -0.982735152
1561001220.669426680 -137.831984 46.992273 -9.472585 0.008514594 -0.151845272 0.109854765 -0.982243578
1561001220.769349337 -138.512479 47.166617 -9.225946 0.012765862 -0.155880171 0.107924600 -0.981779347
1561001220.869257212 -139.151520 47.348023 -8.939945 0.014644907 -0.159325711 0.106635591 -0.981340764
1561001220.969261408 -139.803969 47.510090 -8.675614 0.013163395 -0.158247760 0.105549908 -0.981653497
1561001221.068205118 -140.484571 47.675598 -8.437263 0.010432643 -0.153656114 0.104518895 -0.982525704
1561001221.169048309 -141.214136 47.831927 -8.233886 0.008688879 -0.146955864 0.103379261 -0.983687555
1561001221.269134760 -141.968599 48.001562 -8.050073 0.009329874 -0.137991774 0.102502250 -0.985070816
1561001221.369149923 -142.713341 48.152256 -7.838908 0.010442404 -0.130888357 0.102208234 -0.986059162
1561001221.467961550 -143.425124 48.292546 -7.603418 0.011111484 -0.130960306 0.101974181 -0.986066529
1561001221.567831993 -144.110739 48.418477 -7.350112 0.009202973 -0.138136234 0.101698644 -0.985135053
1561001221.668767691 -144.791611 48.552905 -7.095287 0.006962541 -0.147632154 0.100886561 -0.983858817
1561001221.768515348 -145.468230 48.683586 -6.866824 0.005910710 -0.153384058 0.099901062 -0.983086045
1561001221.867619038 -146.155534 48.826450 -6.647125 0.006186035 -0.153047379 0.098424192 -0.983285773
1561001221.969047546 -146.861640 48.980251 -6.424867 0.006037308 -0.149960756 0.097825773 -0.983821854
1561001222.068083763 -147.562328 49.145282 -6.206327 0.006176426 -0.146763481 0.097106446 -0.984374253
1561001222.169297695 -148.268985 49.297399 -5.982581 0.005874585 -0.144321337 0.096800413 -0.984767242
1561001222.269613028 -148.982900 49.447657 -5.762566 0.005787922 -0.142695374 0.096461605 -0.985037912
1561001222.368265152 -149.686776 49.598451 -5.533206 0.006296604 -0.143047049 0.095772483 -0.985051027
1561001222.469514847 -150.396010 49.740541 -5.297209 0.006346398 -0.144575141 0.095253535 -0.984877919
1561001222.568386555 -151.101946 49.887109 -5.067655 0.007547060 -0.145735860 0.094349038 -0.984785439
1561001222.669468880 -151.807310 50.028206 -4.827147 0.008029064 -0.146463680 0.093685601 -0.984736987
1561001222.768428564 -152.513909 50.167191 -4.594256 0.008309108 -0.145166521 0.093408721 -0.984953019
1561001222.869686365 -153.231944 50.311936 -4.359718 0.008909048 -0.143399566 0.092568934 -0.985285840
1561001222.971188068 -153.946297 50.449167 -4.129349 0.008247469 -0.142154971 0.092443102 -0.985483747
1561001223.068566561 -154.639778 50.588515 -3.910892 0.009247803 -0.141649253 0.091431559 -0.985642043
1561001223.169746161 -155.335923 50.721746 -3.678251 0.008144301 -0.144817319 0.091192337 -0.985213465
1561001223.269619703 -156.025839 50.852725 -3.434280 0.007457003 -0.151070652 0.090637039 -0.984330726
1561001223.368973970 -156.698787 50.983074 -3.179392 0.007147782 -0.155473062 0.089640766 -0.983738567
1561001223.469532490 -157.378319 51.114855 -2.931753 0.005906900 -0.156687440 0.089057099 -0.983607131
1561001223.568445921 -158.077578 51.247910 -2.700771 0.005680636 -0.153384720 0.088271639 -0.984199663
1561001223.668524981 -158.804177 51.380319 -2.478401 0.004585572 -0.148883946 0.087751588 -0.984942740
1561001223.769273043 -159.539103 51.501647 -2.255971 0.003889609 -0.145566753 0.087772146 -0.985439619
1561001223.868142366 -160.246730 51.624784 -2.028459 0.003725676 -0.145056821 0.087007706 -0.985583227
1561001223.969232082 -160.963209 51.758676 -1.788511 0.003877440 -0.145587354 0.086291104 -0.985567417
1561001224.069640398 -161.668401 51.886206 -1.540304 0.003834425 -0.147114091 0.085623283 -0.985399104
1561001224.169228077 -162.358610 52.012022 -1.307140 0.002615192 -0.147857133 0.084984202 -0.985347205
1561001224.269960642 -163.066213 52.141044 -1.085248 0.002812994 -0.147825350 0.084287698 -0.985411253
1561001224.369420290 -163.772780 52.266809 -0.851562 0.003188968 -0.147390676 0.083547679 -0.985538231
1561001224.469566822 -164.482698 52.398775 -0.616426 0.003599522 -0.146351540 0.082725028 -0.985761046
1561001224.568493843 -165.179097 52.521987 -0.376326 0.003483954 -0.145587791 0.082199732 -0.985918486
1561001224.669022560 -165.889605 52.631777 -0.137485 0.002330823 -0.147408091 0.081637049 -0.985698135
1561001224.768962622 -166.582808 52.743496 0.091107 0.001554850 -0.150505295 0.081077444 -0.985277721
1561001224.868791342 -167.300931 52.862679 0.330669 0.001628170 -0.152852933 0.080338121 -0.984976708
1561001224.969707012 -168.007281 52.989634 0.570118 0.002150665 -0.152336443 0.079298071 -0.985139989
1561001225.069464445 -168.706136 53.110610 0.807430 0.003410542 -0.148548054 0.078441001 -0.985783370
1561001225.169514179 -169.406704 53.233299 1.047175 0.003666042 -0.143732621 0.077918441 -0.986537486
1561001225.269455910 -170.126445 53.334051 1.263960 0.001381457 -0.143203286 0.077598780 -0.986645499
1561001225.371283770 -170.798235 53.430321 1.519452 0.000204175 -0.144826460 0.077724027 -0.986399630
1561001225.471436501 -171.452408 53.546515 1.794565 0.002568196 -0.155636538 0.076054079 -0.984878901
1561001225.569799185 -172.095511 53.682626 2.072436 0.007017498 -0.173089528 0.073441233 -0.982139071
1561001225.673270702 -172.791092 53.811657 2.339247 0.004336374 -0.174776076 0.072377962 -0.981934799
1561001225.771945477 -173.477336 53.913084 2.580378 0.002944801 -0.175956131 0.071149460 -0.981818987
1561001225.870926380 -174.171175 53.996282 2.843824 0.002115040 -0.181876809 0.069014522 -0.980894158
1561001225.972421885 -174.899867 54.111496 3.089464 0.002466946 -0.177854342 0.066940574 -0.981774265
1561001226.070852757 -175.633523 54.182968 3.334138 0.003853558 -0.171112816 0.065803945 -0.983043944
1561001226.172287703 -176.388946 54.274016 3.486459 0.003178479 -0.159499229 0.065316263 -0.985029786
1561001226.271456242 -177.120849 54.376245 3.640921 0.003937181 -0.140063852 0.065737402 -0.987950004
1561001226.372586489 -177.837809 54.475141 3.866064 0.002313732 -0.149564278 0.065536443 -0.986574958
1561001226.472676039 -178.534767 54.574748 4.095962 -0.001175771 -0.159773800 0.065085760 -0.985004972
1561001226.571151257 -179.230817 54.677749 4.309663 -0.001845483 -0.157972775 0.063688632 -0.985385688
1561001226.672519445 -179.961369 54.781668 4.517795 -0.001442376 -0.151103102 0.062552276 -0.986535851
1561001226.771834612 -180.689344 54.877300 4.738728 0.000828837 -0.143360808 0.061677843 -0.987746342
1561001226.871754169 -181.434200 54.972029 4.997684 0.001810536 -0.139471152 0.060788182 -0.988356877
1561001226.972738504 -182.168642 55.061254 5.247489 0.000492380 -0.142729667 0.059426168 -0.987975976
1561001227.071423769 -182.881740 55.139746 5.502461 -0.000788041 -0.147824028 0.058612422 -0.987275048
1561001227.172876358 -183.606771 55.220521 5.750617 -0.000244611 -0.150624318 0.057782609 -0.986900920
1561001227.272286415 -184.320315 55.315929 5.993693 0.000996292 -0.150206675 0.056541747 -0.987035963
1561001227.372994900 -185.044834 55.399638 6.233479 0.000166365 -0.147749660 0.056248900 -0.987423957
1561001227.473118544 -185.795116 55.478432 6.466709 -0.000820080 -0.145698342 0.055980660 -0.987743634
1561001227.571565390 -186.534904 55.553713 6.689733 -0.001322434 -0.144796538 0.055357198 -0.987910823
1561001227.673286676 -187.272317 55.629308 6.931311 -0.002475153 -0.146911230 0.054978855 -0.987617481
1561001227.771711826 -187.989152 55.705358 7.167430 -0.001501966 -0.149191413 0.053860458 -0.987339211
1561001227.873092413 -188.692055 55.791969 7.422989 -0.001425692 -0.149528361 0.053756579 -0.987294012
1561001227.973200798 -189.411054 55.879553 7.673433 -0.001299808 -0.147864497 0.053308866 -0.987569018
1561001228.071251154 -190.123364 55.953458 7.914804 -0.001741339 -0.145547224 0.053011984 -0.987928491
1561001228.173246622 -190.867179 56.021301 8.143973 -0.002692875 -0.144870954 0.053367531 -0.988006610
1561001228.272528172 -191.582220 56.083155 8.367223 -0.003257779 -0.145170069 0.052659394 -0.987999001
1561001228.372689247 -192.299406 56.158478 8.605625 -0.003188610 -0.146678369 0.052377023 -0.987791444
1561001228.473173857 -193.009552 56.239057 8.848564 -0.002915222 -0.147517167 0.052647211 -0.987653005
1561001228.571590185 -193.707221 56.334391 9.088725 -0.003351820 -0.147507031 0.053217145 -0.987622588
1561001228.673614025 -194.408583 56.416205 9.324697 -0.003850445 -0.145683844 0.053635390 -0.987868735
1561001228.772020340 -195.080066 56.482008 9.552974 -0.004816830 -0.145243653 0.055053009 -0.987851328
1561001228.872828007 -195.768321 56.564888 9.770344 -0.004719713 -0.146556355 0.054835014 -0.987670026
1561001228.972068548 -196.422333 56.643025 9.984130 -0.003693424 -0.147605903 0.055244020 -0.987495293
1561001229.071422100 -197.081292 56.726591 10.206056 -0.003631383 -0.147924467 0.056176726 -0.987395230
1561001229.173288584 -197.749776 56.812398 10.425191 -0.002853589 -0.146986134 0.056379901 -0.987526324
1561001229.271694422 -198.405945 56.907273 10.646779 -0.001994050 -0.145458874 0.056915065 -0.987723856
1561001229.372763634 -199.084245 56.988052 10.885580 -0.001353841 -0.144413961 0.057282993 -0.987856990
1561001229.472817659 -199.738880 57.060487 11.121457 -0.004530294 -0.145160322 0.058358726 -0.987675157
1561001229.571234465 -200.415724 57.129052 11.328667 -0.007434076 -0.146816630 0.058896129 -0.987380807
1561001229.672702074 -201.092049 57.215874 11.572953 -0.006942175 -0.151345099 0.057356762 -0.986791097
1561001229.771670103 -201.740962 57.333425 11.829608 -0.004481107 -0.162356313 0.056720685 -0.985090408
1561001229.873017311 -202.352288 57.424629 12.061529 0.000883559 -0.170824543 0.055646324 -0.983728459
1561001229.973105431 -202.938828 57.495220 12.255569 0.000227034 -0.171431927 0.055305792 -0.983642370
1561001230.071816683 -203.557765 57.564405 12.446013 -0.001486670 -0.173584989 0.054596615 -0.983303235
1561001230.173330545 -204.226719 57.620706 12.646573 -0.000682656 -0.175372714 0.053862163 -0.983027371
1561001230.271924734 -204.940256 57.692339 12.876870 0.000996788 -0.170698897 0.052914920 -0.983900861
1561001230.372862577 -205.647390 57.725858 13.075187 0.000700975 -0.166748966 0.052585611 -0.984595879
1561001230.472711086 -206.361236 57.777752 13.234842 0.001645065 -0.156847394 0.051461397 -0.986279835
1561001230.571301460 -207.007747 57.867302 13.424866 0.001314234 -0.138636847 0.050485909 -0.989054736
1561001230.673231125 -207.642251 57.955798 13.682284 0.001078978 -0.146008170 0.049394844 -0.988048885
1561001230.771289587 -208.252771 58.045003 13.915369 -0.000705432 -0.152958805 0.048113223 -0.987060395
1561001230.872848272 -208.903493 58.112462 14.125003 -0.001687749 -0.150691832 0.046922774 -0.987465127
1561001230.972897768 -209.563078 58.174301 14.337345 -0.002902040 -0.146991335 0.046557752 -0.988037196
1561001231.071121693 -210.224769 58.230618 14.542965 -0.003641713 -0.144569319 0.045547473 -0.988439112
1561001231.172751188 -210.901917 58.298383 14.761546 -0.003455360 -0.145914611 0.044981189 -0.988268020
1561001231.271748066 -211.573078 58.353635 14.992181 -0.003719206 -0.147524999 0.044251572 -0.988060899
1561001231.372966051 -212.252953 58.405088 15.230334 -0.002850534 -0.149514532 0.043617254 -0.987792900
1561001231.472970009 -212.927651 58.462716 15.457417 -0.003582752 -0.151107073 0.042909364 -0.987579163
1561001231.572625160 -213.602070 58.523194 15.680666 -0.004856965 -0.151404818 0.042485510 -0.987546441
1561001231.673116684 -214.289457 58.583838 15.910262 -0.005481532 -0.152400169 0.041495615 -0.987432152
1561001231.771747828 -214.961799 58.629853 16.140479 -0.005702730 -0.153114821 0.040429778 -0.987364555
1561001231.872683764 -215.646443 58.687026 16.369079 -0.006101204 -0.153460349 0.039497001 -0.987346284
1561001231.972801924 -216.333496 58.739193 16.601134 -0.006289066 -0.152783908 0.038344532 -0.987495429
1561001232.072764158 -217.032276 58.796227 16.828353 -0.006446398 -0.151035949 0.037619779 -0.987791141
1561001232.174305201 -217.735185 58.863564 17.058904 -0.005780387 -0.149929737 0.036371250 -0.988010523
1561001232.273294926 -218.428982 58.921384 17.302340 -0.004900234 -0.149074605 0.034918319 -0.988197076
1561001232.374350309 -219.123491 58.967073 17.553474 -0.005858786 -0.150410587 0.033934861 -0.988023661
1561001232.474706173 -219.829281 59.005534 17.801732 -0.007791731 -0.152723385 0.032889492 -0.987690811
1561001232.575343609 -220.532379 59.054833 18.029020 -0.007912849 -0.153511562 0.031840625 -0.987602026
1561001232.674629450 -221.226487 59.098826 18.255716 -0.007140742 -0.152647796 0.031103566 -0.987765270
1561001232.774117708 -221.942719 59.130631 18.485628 -0.007000500 -0.151206888 0.030103669 -0.988018846
1561001232.874486446 -222.657138 59.167782 18.723384 -0.007709510 -0.149118553 0.028943684 -0.988365562
1561001232.974362850 -223.383261 59.204200 18.967608 -0.008944302 -0.147847577 0.027751998 -0.988580255
1561001233.072983027 -224.086211 59.256158 19.195352 -0.008491960 -0.147619027 0.027344956 -0.988629740
1561001233.174389362 -224.798873 59.323813 19.441323 -0.008555544 -0.147321676 0.026097224 -0.988707268
1561001233.272876501 -225.493863 59.364659 19.676162 -0.008463010 -0.147820695 0.024759586 -0.988667984
1561001233.375852585 -226.196828 59.396917 19.917689 -0.008770827 -0.148781774 0.023771313 -0.988545386
1561001233.476128101 -226.884113 59.423441 20.140213 -0.009143076 -0.149149068 0.022499317 -0.988516434
1561001233.574450731 -227.550087 59.461375 20.357443 -0.008863576 -0.148881407 0.021574600 -0.988579941
1561001233.676093817 -228.223502 59.497931 20.590547 -0.008602787 -0.148161771 0.020682449 -0.988709420
1561001233.774613142 -228.879797 59.525100 20.812654 -0.009188267 -0.147811071 0.019588191 -0.988778927
1561001233.875953197 -229.545395 59.537608 21.029389 -0.009848241 -0.147662593 0.018766226 -0.988810699
1561001233.976595402 -230.191399 59.567212 21.242053 -0.009885214 -0.148300731 0.018276510 -0.988723998
1561001234.076934576 -230.833163 59.592075 21.462610 -0.009507317 -0.148622416 0.016838682 -0.988704934
1561001234.176261663 -231.469058 59.595119 21.680774 -0.009523266 -0.149023572 0.015985022 -0.988658567
1561001234.274593353 -232.099320 59.596438 21.890221 -0.010333664 -0.149229431 0.015071132 -0.988633731
1561001234.376291752 -232.730705 59.602239 22.097050 -0.010375997 -0.149333443 0.014255496 -0.988629679
1561001234.477554798 -233.373964 59.607457 22.308876 -0.010686261 -0.149008469 0.013182379 -0.988690298
1561001234.576216698 -234.005275 59.626139 22.518904 -0.010250113 -0.148900015 0.012562008 -0.988719332
1561001234.677562237 -234.649523 59.650256 22.740204 -0.010500293 -0.148628382 0.011937422 -0.988765314
1561001234.777512074 -235.291143 59.666200 22.955954 -0.010647071 -0.148566542 0.011709220 -0.988775767
1561001234.877307653 -235.942775 59.687038 23.174910 -0.011136007 -0.148829149 0.011111875 -0.988737781
1561001234.977195978 -236.589005 59.714562 23.385788 -0.011340290 -0.148776583 0.010999224 -0.988744630
1561001235.077255011 -237.224395 59.731928 23.597771 -0.011083910 -0.148581977 0.011123553 -0.988775409
1561001235.177207947 -237.853018 59.754082 23.806359 -0.011435319 -0.148274557 0.010764316 -0.988821530
1561001235.276293516 -238.461817 59.771020 24.004018 -0.011462055 -0.147140970 0.010536242 -0.988992995
1561001235.377189636 -239.079322 59.788464 24.209061 -0.011766206 -0.146425498 0.010384978 -0.989097206
1561001235.476376057 -239.657627 59.804520 24.401295 -0.011813464 -0.146193493 0.010456924 -0.989130202
1561001235.577755213 -240.234055 59.826321 24.599166 -0.011419383 -0.146570499 0.010626920 -0.989077224
1561001235.677453279 -240.761724 59.836780 24.778006 -0.010967303 -0.146834513 0.011380566 -0.989034795
1561001235.777222157 -241.288639 59.848626 24.959429 -0.011059958 -0.146486013 0.011874742 -0.989079631
1561001235.877376795 -241.806383 59.854374 25.139572 -0.011649316 -0.146700320 0.013515773 -0.989020037
1561001235.977786303 -242.313502 59.857110 25.300224 -0.012036773 -0.147044204 0.015659627 -0.988932705
1561001236.077636719 -242.813559 59.874604 25.455874 -0.012210865 -0.147297094 0.018940745 -0.988835532
1561001236.177303314 -243.302482 59.894578 25.602517 -0.011224252 -0.146488071 0.023082941 -0.988879386
1561001236.276682615 -243.782847 59.928600 25.761072 -0.008829568 -0.145660667 0.028758537 -0.988877118
1561001236.376324177 -244.245482 59.978908 25.921636 -0.007387694 -0.144839889 0.035972227 -0.988773395
1561001236.477319717 -244.700244 60.028953 26.081886 -0.006450750 -0.144160232 0.044968349 -0.988511033
1561001236.577581167 -245.143675 60.074856 26.224732 -0.006091420 -0.143929009 0.056066825 -0.987979679
1561001236.677358150 -245.561653 60.152642 26.353625 -0.004584607 -0.144291048 0.068305446 -0.987164343
1561001236.768826246 -245.940563 60.247104 26.470290 -0.002670656 -0.145624649 0.081665554 -0.985959972
1561001236.870644808 -246.349485 60.360675 26.596512 0.000937375 -0.146505392 0.096321828 -0.984508708
1561001236.970436096 -246.716654 60.502602 26.725427 0.005185754 -0.147122446 0.111359899 -0.982815886
1561001237.070475101 -247.060785 60.645328 26.862161 0.009290331 -0.146733337 0.127732417 -0.980850369
1561001237.170481920 -247.389846 60.818134 26.994025 0.012361045 -0.145635768 0.145499940 -0.978502527
1561001237.268633127 -247.714594 60.986873 27.106927 0.015122954 -0.144089332 0.164959767 -0.975601269
1561001237.370447636 -248.028736 61.164607 27.194294 0.017888103 -0.143671268 0.186657093 -0.971698365
1561001237.470452785 -248.300047 61.363462 27.279807 0.023084591 -0.145826487 0.208761571 -0.966757645
1561001237.570443630 -248.534191 61.588800 27.382603 0.028524191 -0.148154884 0.232468627 -0.960830286
1561001237.670506477 -248.740077 61.817545 27.480986 0.032818019 -0.150617367 0.255735753 -0.954377604
1561001237.768077135 -248.934592 62.081741 27.563431 0.035707352 -0.152393232 0.280011305 -0.947150968
1561001237.870558977 -249.130266 62.338754 27.641227 0.040815887 -0.153292596 0.304490951 -0.939212811
1561001237.968065977 -249.307062 62.602922 27.713119 0.043841683 -0.154350725 0.328927028 -0.930623861
1561001238.069281340 -249.479859 62.884454 27.769552 0.048219226 -0.155782552 0.352910236 -0.921336566
1561001238.170258999 -249.638945 63.168681 27.833705 0.053231973 -0.156321718 0.376163247 -0.911718756
1561001238.267816544 -249.782337 63.455030 27.909228 0.058481531 -0.156260355 0.399518471 -0.901414224
1561001238.369998455 -249.920691 63.757076 27.998947 0.062351137 -0.155215148 0.422769458 -0.890666368
1561001238.470168114 -250.044584 64.066851 28.076852 0.063155670 -0.152480514 0.446578815 -0.879390935
1561001238.569620609 -250.171004 64.385434 28.133493 0.065123563 -0.149693948 0.469458516 -0.867732300
1561001238.669845343 -250.281591 64.699321 28.175475 0.068624917 -0.145890345 0.491692865 -0.855713010
1561001238.768068314 -250.395668 65.048310 28.211482 0.073419077 -0.141516737 0.513381289 -0.843221385
1561001238.869819880 -250.498368 65.406161 28.254216 0.077076909 -0.137371673 0.535538036 -0.829691018
1561001238.969853163 -250.596165 65.774630 28.294398 0.079425411 -0.134127845 0.557445328 -0.815448362
1561001239.069925785 -250.665164 66.140916 28.328708 0.083446307 -0.130758908 0.578534167 -0.800772777
1561001239.169920683 -250.701861 66.509084 28.362275 0.085301718 -0.127582093 0.599237683 -0.785722996
1561001239.268005371 -250.736645 66.884651 28.374371 0.087248061 -0.125435582 0.619457892 -0.770016630
1561001239.369587421 -250.745978 67.259282 28.384539 0.090242636 -0.123535927 0.638127576 -0.754578252
1561001239.469606161 -250.722688 67.625719 28.382397 0.094162152 -0.121736254 0.655463529 -0.739379021
1561001239.568048716 -250.674717 68.018722 28.387963 0.098284122 -0.119233264 0.671197109 -0.724995242
1561001239.669340611 -250.606196 68.408015 28.389958 0.100810674 -0.116830938 0.685443503 -0.711586217
1561001239.767706871 -250.535959 68.798390 28.388692 0.102799900 -0.115674404 0.698257989 -0.698918732
1561001239.869157076 -250.469388 69.189533 28.383430 0.104438644 -0.114114080 0.710032486 -0.686967551
1561001239.969390154 -250.401552 69.587967 28.371252 0.107013204 -0.113079550 0.719824714 -0.676471411
1561001240.069888592 -250.316014 70.002814 28.359755 0.109492728 -0.111494169 0.728619161 -0.666854190
1561001240.169668674 -250.217042 70.428329 28.350978 0.111219201 -0.110240051 0.735988269 -0.658633956
1561001240.267977476 -250.123970 70.846850 28.341725 0.112112872 -0.108637328 0.742785871 -0.651074331
1561001240.368916273 -250.034896 71.265956 28.322993 0.112967854 -0.106886781 0.748616858 -0.644504679
1561001240.468810558 -249.943547 71.704525 28.297744 0.114052753 -0.105711842 0.754685026 -0.637391157
1561001240.569933176 -249.842288 72.129745 28.268912 0.114790944 -0.105299872 0.759457163 -0.631632641
1561001240.669764757 -249.728010 72.557484 28.244082 0.115954039 -0.106425787 0.763930587 -0.625810091
1561001240.769210815 -249.595596 72.997376 28.226448 0.117100829 -0.106794634 0.767612033 -0.621010522
1561001240.870827675 -249.466382 73.435231 28.218378 0.118304248 -0.106357143 0.770453269 -0.617328133
1561001240.970673084 -249.326069 73.887575 28.203887 0.118964959 -0.104342816 0.773097267 -0.614231659
1561001241.070808172 -249.209145 74.326528 28.180867 0.119067822 -0.102972145 0.775468603 -0.611447493
1561001241.170687675 -249.083258 74.777092 28.145931 0.118329758 -0.101817753 0.777912663 -0.608673231
1561001241.269474745 -248.956624 75.263318 28.108781 0.118461828 -0.101745606 0.780389370 -0.605480849
1561001241.371226072 -248.820312 75.738692 28.079272 0.119253733 -0.101846871 0.782508390 -0.602566495
1561001241.470577002 -248.672329 76.222842 28.054536 0.119934096 -0.101907448 0.785184324 -0.598929263
1561001241.570969582 -248.524125 76.710282 28.039584 0.119795791 -0.102558689 0.788047606 -0.595072814
1561001241.670752287 -248.364130 77.206900 28.018404 0.118521680 -0.101783667 0.790085829 -0.592753810
1561001241.769156694 -248.219707 77.686542 27.983220 0.117893498 -0.100140562 0.792823487 -0.589494623
1561001241.870750666 -248.079973 78.200121 27.935940 0.118576113 -0.099736123 0.794393306 -0.587308851
1561001241.969653130 -247.930857 78.695344 27.891689 0.120537684 -0.100595699 0.795823261 -0.584821775
1561001242.069886923 -247.755618 79.203603 27.856541 0.122978498 -0.100812382 0.796980417 -0.582696634
1561001242.170996666 -247.564335 79.748564 27.834879 0.124367549 -0.099508525 0.798076483 -0.581123647
1561001242.269420147 -247.379509 80.289197 27.807125 0.124637521 -0.097633630 0.799488631 -0.579440326
1561001242.371124268 -247.208778 80.849314 27.758886 0.123408874 -0.095835894 0.801133284 -0.577729342
1561001242.470717192 -247.041477 81.386026 27.707138 0.123530708 -0.096153876 0.802062109 -0.576360105
1561001242.569130659 -246.859814 81.944321 27.652298 0.124404994 -0.097182135 0.802998523 -0.574693312
1561001242.670707703 -246.656817 82.521841 27.607662 0.125693680 -0.098420825 0.803843884 -0.573017845
1561001242.768984556 -246.441435 83.081616 27.578974 0.126830751 -0.098584438 0.804210839 -0.572223728
1561001242.871114254 -246.238421 83.651497 27.544545 0.127442563 -0.097558150 0.804973169 -0.571190860
1561001242.970283270 -246.031492 84.213008 27.496992 0.127134474 -0.096686324 0.805626483 -0.570486241
1561001243.071490049 -245.826218 84.779073 27.448611 0.126359616 -0.096673945 0.806398110 -0.569569560
1561001243.171786308 -245.630049 85.334164 27.401861 0.124453334 -0.097423173 0.807067465 -0.568913174
1561001243.270762682 -245.434535 85.883056 27.344457 0.123873056 -0.098077908 0.807489825 -0.568327698
1561001243.371179342 -245.225476 86.457163 27.300018 0.125185262 -0.099811787 0.807563115 -0.567633749
1561001243.469880104 -245.006096 87.020744 27.263178 0.126290607 -0.099659458 0.807409288 -0.567634492
1561001243.570918560 -244.772402 87.603658 27.228120 0.126318726 -0.099802728 0.807354028 -0.567681661
1561001243.670793772 -244.565937 88.177803 27.196586 0.123944104 -0.098788326 0.807720965 -0.567860519
1561001243.769982338 -244.397992 88.724498 27.143808 0.120702150 -0.098765551 0.808122318 -0.567991792
1561001243.871051073 -244.198292 89.289057 27.082499 0.119357864 -0.102346148 0.807860912 -0.568013832
1561001243.969676018 -243.991332 89.858200 27.043679 0.124697851 -0.104202745 0.806784490 -0.568058994
1561001244.072729111 -243.769881 90.455885 27.032380 0.125608595 -0.103463281 0.806142432 -0.568904394
1561001244.172463179 -243.557643 91.017665 27.033325 0.121215570 -0.105967644 0.806179049 -0.569344347
1561001244.271665096 -243.365562 91.599485 27.016450 0.117785825 -0.106205690 0.806370811 -0.569748160
1561001244.372671604 -243.169252 92.192337 26.975369 0.112913496 -0.108184941 0.806425702 -0.570284270
1561001244.471139193 -242.983834 92.755801 26.922621 0.111387569 -0.108776127 0.806071485 -0.570972263
1561001244.572895050 -242.793430 93.379309 26.862721 0.117136735 -0.102953090 0.804732318 -0.572787521
1561001244.673006058 -242.590311 93.979194 26.795713 0.126020503 -0.095657987 0.802329421 -0.575530957
1561001244.772478342 -242.365457 94.607734 26.756445 0.129369464 -0.093371096 0.800675183 -0.577463965
1561001244.873230696 -242.177841 95.224287 26.737710 0.125937443 -0.093144299 0.800401632 -0.578637302
1561001244.972052574 -241.992059 95.828176 26.706904 0.121603398 -0.096031689 0.800288031 -0.579249165
1561001245.073112726 -241.808892 96.441409 26.671683 0.120469582 -0.099061720 0.799393316 -0.580210463
1561001245.173129082 -241.627462 97.039812 26.645004 0.120101671 -0.099621448 0.798893534 -0.580878884
1561001245.272621155 -241.460106 97.631949 26.604635 0.119802000 -0.097254900 0.798146116 -0.582367360
1561001245.373143911 -241.276291 98.244892 26.546609 0.119946212 -0.098070437 0.797243258 -0.583436614
1561001245.471784592 -241.085888 98.822178 26.511292 0.120452252 -0.100387991 0.796279318 -0.584254015
1561001245.571690559 -240.874925 99.419255 26.494625 0.122701700 -0.102706274 0.794994233 -0.585132364
1561001245.673491478 -240.664526 100.021145 26.498163 0.121324743 -0.103063637 0.794529180 -0.585987692
1561001245.771183014 -240.496879 100.619545 26.473600 0.117587433 -0.101464081 0.794385791 -0.587221807
1561001245.872750998 -240.334188 101.249381 26.417638 0.113371462 -0.101851402 0.794336181 -0.588050368
1561001245.971017599 -240.169643 101.846961 26.358717 0.114576577 -0.103126873 0.793513829 -0.588704391
1561001246.072751760 -239.972537 102.458443 26.328934 0.117293682 -0.107392567 0.792321043 -0.589013068
1561001246.172985315 -239.780374 103.043797 26.333619 0.117795052 -0.109307522 0.791865989 -0.589172681
1561001246.271373749 -239.602229 103.620664 26.327938 0.117215929 -0.107274088 0.791635029 -0.589971760
1561001246.372888327 -239.431418 104.226280 26.303135 0.114736673 -0.107321135 0.791514663 -0.590611723
1561001246.471225500 -239.264502 104.794426 26.264617 0.112660653 -0.108790340 0.791217235 -0.591140869
1561001246.574215889 -239.086520 105.396753 26.229066 0.113422336 -0.111204142 0.791147617 -0.590639028
1561001246.674433470 -238.901750 105.974453 26.205893 0.119703965 -0.115775463 0.789613944 -0.590573300
1561001246.775745630 -238.716872 106.560303 26.199716 0.124490106 -0.114607654 0.788655342 -0.591092252
1561001246.875654459 -238.559195 107.135095 26.188936 0.124202267 -0.110668033 0.788660181 -0.591896530
1561001246.974418640 -238.416236 107.728550 26.159310 0.122344654 -0.106723047 0.788730300 -0.592913561
1561001247.075730324 -238.269763 108.330685 26.116853 0.122120962 -0.106974726 0.788710464 -0.592940707
1561001247.175748587 -238.095487 108.900927 26.088777 0.122813783 -0.112172550 0.788320178 -0.592355797
1561001247.275967836 -237.911517 109.449201 26.091698 0.123958344 -0.115857215 0.787649023 -0.592300981
1561001247.375296354 -237.739086 110.000634 26.089153 0.123471908 -0.113747362 0.787473024 -0.593045076
1561001247.474153996 -237.594589 110.587404 26.065870 0.120445550 -0.110741623 0.788012400 -0.593519688
1561001247.575134039 -237.462896 111.167565 26.031735 0.119320254 -0.107541407 0.788060427 -0.594271223
1561001247.675251245 -237.307361 111.740876 25.992924 0.119315592 -0.105979748 0.787923735 -0.594733781
1561001247.774429560 -237.139573 112.306195 25.968268 0.121544239 -0.107672344 0.787570155 -0.594446730
1561001247.875659227 -236.967690 112.864099 25.960353 0.121314063 -0.109731821 0.787071753 -0.594777169
1561001247.975213528 -236.799373 113.406623 25.965246 0.121280780 -0.110227952 0.786756628 -0.595109048
1561001248.075649500 -236.643636 113.953961 25.956645 0.118415452 -0.109500154 0.786801177 -0.595761198
1561001248.175514460 -236.505068 114.500509 25.923630 0.116343035 -0.108261546 0.787039680 -0.596080765
1561001248.274291515 -236.360352 115.050239 25.888302 0.114756339 -0.108718408 0.787073860 -0.596260035
1561001248.375478029 -236.199911 115.598653 25.848639 0.115708517 -0.110405492 0.786919301 -0.595969949
1561001248.474140882 -236.032030 116.150904 25.832111 0.117940256 -0.114701759 0.786225054 -0.595637278
1561001248.575361490 -235.872486 116.700043 25.831252 0.116469312 -0.114353639 0.786388707 -0.595777597
1561001248.675452709 -235.722744 117.240451 25.819933 0.114982702 -0.112821757 0.786817182 -0.595792709
1561001248.775437355 -235.571419 117.782803 25.797595 0.114681325 -0.112241237 0.787103243 -0.595582558
1561001248.874300480 -235.408790 118.324316 25.768534 0.115788361 -0.113491893 0.786897785 -0.595402823
1561001248.974350929 -235.249249 118.854482 25.760461 0.118854510 -0.114212660 0.786416825 -0.595296271
1561001249.075497866 -235.093654 119.393541 25.749799 0.119080220 -0.114010422 0.786509241 -0.595167824
1561001249.175409079 -234.938596 119.932071 25.735922 0.118445730 -0.114576957 0.786758427 -0.594856207
1561001249.275495052 -234.776820 120.466632 25.727756 0.117342355 -0.116591074 0.786859281 -0.594550052
1561001249.375296354 -234.613140 120.988904 25.718101 0.117322788 -0.117026771 0.787104144 -0.594144061
1561001249.474960566 -234.454671 121.518226 25.695593 0.117570003 -0.115329419 0.787120898 -0.594404838
1561001249.575515270 -234.312147 122.055985 25.665558 0.118585337 -0.114105682 0.786886127 -0.594750060
1561001249.675700188 -234.171184 122.597472 25.624937 0.120444529 -0.112756752 0.786844904 -0.594688261
1561001249.774928331 -234.025767 123.134060 25.603202 0.127025432 -0.111445173 0.786221595 -0.594390542
1561001249.875629663 -233.872828 123.673363 25.610434 0.130369713 -0.111548648 0.785689270 -0.594350913
1561001249.975858927 -233.732125 124.217046 25.604568 0.129206558 -0.110816789 0.786121965 -0.594169640
1561001250.075645447 -233.588732 124.764896 25.584157 0.124102925 -0.111398550 0.786794675 -0.594258333
1561001250.175505400 -233.447860 125.287573 25.556446 0.119661570 -0.111957305 0.787855617 -0.593658316
1561001250.274016619 -233.295000 125.798069 25.521170 0.117774969 -0.115465134 0.788316863 -0.592750692
1561001250.375662327 -233.117040 126.327824 25.496625 0.118253897 -0.118332241 0.787896122 -0.592649304
1561001250.475206375 -232.949565 126.849927 25.496649 0.121238224 -0.117793417 0.787568894 -0.592588593
1561001250.575334549 -232.803633 127.381583 25.490620 0.120803863 -0.114204785 0.787826416 -0.593037294
1561001250.675523281 -232.678671 127.932541 25.470555 0.120394304 -0.110165651 0.788330274 -0.593215071
1561001250.774172783 -232.544670 128.470441 25.428579 0.119366171 -0.107890074 0.788490457 -0.593628039
1561001250.875591040 -232.383721 129.006789 25.397133 0.118526198 -0.109664676 0.788956943 -0.592850860
1561001250.973970890 -232.218200 129.494939 25.381026 0.118493623 -0.113247162 0.789104830 -0.591986409
1561001251.075302839 -232.051355 129.983693 25.374789 0.118270275 -0.117134764 0.789110831 -0.591266171
1561001251.175627232 -231.900531 130.485666 25.362385 0.117287731 -0.115925970 0.789390732 -0.591326500
1561001251.275293350 -231.762982 130.990359 25.339369 0.117382005 -0.115123234 0.789612626 -0.591168340
1561001251.375284433 -231.618688 131.506853 25.315748 0.118173883 -0.113428038 0.789562292 -0.591405445
1561001251.474048376 -231.476121 132.019251 25.291993 0.119879180 -0.112285299 0.789540205 -0.591309782
1561001251.575465441 -231.316589 132.543618 25.271265 0.120509093 -0.112362462 0.789796610 -0.590824467
1561001251.677272797 -231.149019 133.067610 25.255755 0.119209913 -0.114690077 0.789904253 -0.590496785
1561001251.777160645 -230.993776 133.539997 25.248455 0.118489093 -0.118096161 0.790147958 -0.589643821
1561001251.877293825 -230.839575 134.016283 25.254125 0.118962106 -0.119067325 0.790094146 -0.589425339
1561001251.975824118 -230.696342 134.493986 25.260329 0.119878888 -0.117175417 0.790215924 -0.589455484
1561001252.077195883 -230.565654 135.011670 25.233040 0.118951606 -0.113940341 0.790464370 -0.589944229
1561001252.169073343 -230.452439 135.491503 25.182447 0.120002267 -0.111700293 0.790122504 -0.590617414
1561001252.268872976 -230.310192 135.982118 25.132946 0.121998246 -0.113161331 0.789433657 -0.590851455
1561001252.368051767 -230.151435 136.452194 25.134155 0.123595062 -0.114206718 0.788519251 -0.591539075
1561001252.467683077 -230.011145 136.911857 25.135767 0.123278305 -0.114427209 0.787894250 -0.592394737
1561001252.569322824 -229.895419 137.350369 25.137878 0.121824299 -0.114420639 0.787234803 -0.593572340
1561001252.667659521 -229.788917 137.764735 25.132726 0.120299874 -0.113718068 0.786731703 -0.594684260
1561001252.768027544 -229.669606 138.181618 25.107250 0.120851448 -0.114373525 0.785602626 -0.595938032
1561001252.869230270 -229.546220 138.584907 25.083439 0.122159472 -0.115534106 0.784107002 -0.597415385
1561001252.968317509 -229.433921 138.959529 25.097791 0.122934418 -0.116990404 0.782927647 -0.598518733
1561001253.069454432 -229.336758 139.328321 25.121552 0.121072081 -0.116745920 0.782511190 -0.599489932
1561001253.176488876 -229.271555 139.706044 25.128534 0.118636259 -0.115679166 0.782585310 -0.600086661
1561001253.269273520 -229.233224 139.997497 25.103674 0.117931726 -0.114484871 0.782858940 -0.600097660
1561001253.369845867 -229.147576 140.335451 25.065639 0.119089568 -0.114068831 0.782992350 -0.599774088
1561001253.468316793 -229.036189 140.666296 25.048837 0.120519918 -0.114674774 0.783299945 -0.598970652
1561001253.569912910 -228.925027 140.977279 25.057985 0.119514120 -0.115743273 0.784090078 -0.597931953
1561001253.671462774 -228.841610 141.271354 25.069180 0.118048662 -0.115584315 0.785304608 -0.596658572
1561001253.769635677 -228.771909 141.552043 25.064715 0.118081694 -0.115668779 0.786226217 -0.595420677
1561001253.871575594 -228.680836 141.824862 25.050133 0.117853265 -0.116240802 0.786799319 -0.594596935
1561001253.969565868 -228.597148 142.077385 25.044611 0.118315462 -0.116493384 0.787118348 -0.594033205
1561001254.074717760 -228.516592 142.353333 25.025867 0.117529140 -0.116865562 0.787421415 -0.593714458
1561001254.169783354 -228.438555 142.599839 25.014710 0.116791547 -0.117505606 0.787349210 -0.593829427
1561001254.271502256 -228.356873 142.884030 25.011541 0.115941961 -0.118476754 0.786990155 -0.594278737
1561001254.371327162 -228.294349 143.165097 25.006682 0.115545325 -0.118231564 0.786224563 -0.595417091
1561001254.469833136 -228.216117 143.442948 24.987151 0.116385587 -0.118198592 0.784927622 -0.596969108
1561001254.571508169 -228.124708 143.724429 24.976908 0.118529813 -0.117905515 0.782863308 -0.599311282
1561001254.671272993 -228.041364 143.997844 24.982619 0.118625883 -0.118873003 0.780646222 -0.601987197
1561001254.771620512 -227.969322 144.280222 25.006783 0.117478973 -0.120125406 0.778188173 -0.605137790
1561001254.871445417 -227.922258 144.566552 25.031185 0.115602145 -0.120616907 0.775236807 -0.609176164
1561001254.969527006 -227.908739 144.859613 25.030419 0.111674337 -0.120361239 0.772338746 -0.613624377
1561001255.071161509 -227.887106 145.173303 25.011490 0.109587894 -0.120361468 0.768090830 -0.619306134
1561001255.170983791 -227.835741 145.481047 24.999265 0.109750972 -0.121764615 0.762521400 -0.625850794
1561001255.271446228 -227.789654 145.779614 25.005951 0.109397851 -0.122850848 0.756115888 -0.633426036
1561001255.371194124 -227.767603 146.086364 25.014102 0.108262056 -0.123307408 0.749263589 -0.641621917
1561001255.470765114 -227.754754 146.395971 25.016029 0.105728682 -0.123655394 0.741896215 -0.650477359
1561001255.572417498 -227.744542 146.712503 25.015207 0.104818357 -0.126011507 0.733140800 -0.660029378
1561001255.670810699 -227.728370 147.006068 25.042099 0.106858559 -0.128423781 0.722953847 -0.670392658
1561001255.772512674 -227.726308 147.324747 25.100356 0.107871922 -0.129666052 0.712568751 -0.681025799
1561001255.872542143 -227.762220 147.647581 25.162435 0.105819287 -0.129915155 0.702487995 -0.691689922
1561001255.971234560 -227.825799 147.967090 25.199383 0.100735717 -0.129825059 0.691648499 -0.703292345
1561001256.072660208 -227.897357 148.274070 25.219573 0.096873121 -0.131430327 0.679889994 -0.714906472
1561001256.172073603 -227.958521 148.566165 25.248920 0.093988907 -0.134638881 0.667370902 -0.726398332
1561001256.270857573 -228.021839 148.856588 25.294364 0.091567162 -0.137571492 0.654094919 -0.738139131
1561001256.372178316 -228.107606 149.139136 25.342524 0.088488711 -0.139460652 0.640184973 -0.750255739
1561001256.472009659 -228.192823 149.431930 25.389821 0.084920899 -0.142062267 0.625700805 -0.762302601
1561001256.572512388 -228.288177 149.711536 25.462303 0.083556305 -0.145251425 0.610769635 -0.773873905
1561001256.671150208 -228.397331 149.996710 25.555875 0.081200963 -0.146381197 0.595606826 -0.785640794
1561001256.771960735 -228.554814 150.276709 25.634949 0.076578106 -0.146512229 0.579649010 -0.797920413
1561001256.872332573 -228.748434 150.544898 25.690981 0.072390875 -0.145633758 0.563589889 -0.809886910
1561001256.970619202 -228.926038 150.815063 25.726712 0.068589732 -0.145939727 0.546699421 -0.821654908
1561001257.072250128 -229.087388 151.066002 25.777369 0.068563586 -0.148830996 0.527595493 -0.833541460
1561001257.170801163 -229.229071 151.313344 25.872928 0.068737946 -0.150994119 0.509089878 -0.844572890
1561001257.272690535 -229.393947 151.546406 25.995578 0.066444650 -0.151742727 0.489294930 -0.856241628
1561001257.372859001 -229.604762 151.778848 26.103077 0.059641975 -0.150132103 0.470165428 -0.867667941
1561001257.472253799 -229.832919 151.970779 26.184597 0.050112564 -0.146129256 0.452058407 -0.878509060
1561001257.572515965 -230.063022 152.146049 26.238944 0.044652962 -0.147078061 0.432123271 -0.888618948
1561001257.671279907 -230.274374 152.315392 26.304324 0.042393773 -0.149479311 0.411965482 -0.897854746
1561001257.771247387 -230.485974 152.469528 26.387711 0.043433922 -0.153121306 0.391367356 -0.906365794
1561001257.872508764 -230.698647 152.624108 26.493955 0.043526797 -0.156628889 0.370529043 -0.914484028
1561001257.971087694 -230.907875 152.760238 26.613584 0.040300757 -0.158320407 0.350271222 -0.922290935
1561001258.075523376 -231.141567 152.905306 26.718101 0.035302585 -0.157678179 0.330770661 -0.929775290
1561001258.174740553 -231.394909 152.996557 26.814333 0.025498029 -0.155865945 0.312847486 -0.936580006
1561001258.274503231 -231.660081 153.074704 26.888681 0.019137259 -0.156002235 0.293907344 -0.942823176
1561001258.375611067 -231.914489 153.154739 26.964295 0.014894629 -0.158804922 0.274724443 -0.948201259
1561001258.474099874 -232.171966 153.223700 27.046505 0.012016076 -0.161054079 0.256537223 -0.952945880
1561001258.575612783 -232.414339 153.305132 27.135701 0.011812748 -0.162194598 0.238631924 -0.957396562
1561001258.674245596 -232.632798 153.378076 27.234742 0.010278862 -0.162066118 0.222227249 -0.961376081
1561001258.775455952 -232.857344 153.427518 27.339619 0.006269982 -0.160741208 0.207348138 -0.964950621
1561001258.875040531 -233.092317 153.460875 27.443216 0.001323170 -0.158879460 0.194301180 -0.967988955
1561001258.974005222 -233.315746 153.478275 27.520371 -0.002477387 -0.158635048 0.182384949 -0.970342473
1561001259.075362206 -233.555560 153.493001 27.594618 -0.006976216 -0.159810158 0.171944575 -0.972032463
1561001259.174300194 -233.775288 153.512450 27.660315 -0.009744100 -0.161115753 0.163052475 -0.973324538
1561001259.275600433 -233.974584 153.549127 27.723255 -0.010182613 -0.161729402 0.155002330 -0.974532807
1561001259.375545740 -234.182531 153.572151 27.802785 -0.010367051 -0.161208820 0.147858026 -0.975726522
1561001259.475120544 -234.383268 153.601372 27.883253 -0.011889173 -0.161026368 0.142235926 -0.976574676
1561001259.575146914 -234.573064 153.621017 27.953264 -0.014982245 -0.161069046 0.137644088 -0.977182890
1561001259.674060345 -234.757533 153.644892 28.018900 -0.017563386 -0.160007981 0.134207862 -0.977792014
1561001259.775024176 -234.950556 153.663135 28.076855 -0.019004322 -0.159401214 0.131580202 -0.978221212
1561001259.875076056 -235.131057 153.701252 28.135550 -0.019583959 -0.159203844 0.128386742 -0.978666158
1561001259.973881721 -235.288710 153.741385 28.194038 -0.019618350 -0.159040151 0.125888502 -0.979016566
1561001260.075309277 -235.448570 153.773875 28.260373 -0.018792124 -0.159100041 0.123761159 -0.979294240
1561001260.174095154 -235.607826 153.799788 28.328636 -0.019270466 -0.159461098 0.122902557 -0.979334350
1561001260.275213718 -235.774212 153.812597 28.386134 -0.020218380 -0.158916365 0.122023817 -0.979513652
1561001260.375361681 -235.923459 153.840316 28.425657 -0.022033762 -0.158335450 0.121592990 -0.979622143
1561001260.475157976 -236.073098 153.857668 28.467824 -0.021724726 -0.158669856 0.121602503 -0.979573756
1561001260.575274467 -236.210759 153.899092 28.521516 -0.020343219 -0.159277586 0.121473669 -0.979520777
1561001260.674042225 -236.334569 153.943820 28.584512 -0.018531087 -0.159223695 0.121744042 -0.979531930
1561001260.776775599 -236.472883 153.972455 28.655332 -0.019342696 -0.158573047 0.122275730 -0.979555560
1561001260.876742125 -236.610039 153.979046 28.706103 -0.021594590 -0.156984628 0.122376904 -0.979751700
1561001260.969235659 -236.744665 154.008395 28.741336 -0.024984280 -0.155880729 0.122792178 -0.979795420
1561001261.070813417 -236.891427 154.067327 28.768710 -0.026943110 -0.155476367 0.123799986 -0.979680934
1561001261.169273138 -237.034227 154.103382 28.802612 -0.026033810 -0.155221678 0.123663561 -0.979763132
1561001261.270732641 -237.165201 154.135551 28.844922 -0.023128859 -0.155576553 0.123471461 -0.979803955
1561001261.370736122 -237.289780 154.174267 28.900909 -0.019874974 -0.155888248 0.122862479 -0.979902368
1561001261.469673634 -237.387085 154.209597 28.958362 -0.019515304 -0.156472360 0.122716963 -0.979834731
1561001261.570195198 -237.466628 154.231531 29.003153 -0.020554223 -0.157266144 0.122977804 -0.979653686
1561001261.669887543 -237.541092 154.248486 29.037638 -0.021418710 -0.157699853 0.123222140 -0.979534736
1561001261.771169662 -237.603121 154.243717 29.047932 -0.020887137 -0.157651410 0.123509480 -0.979517825
1561001261.871363640 -237.657041 154.253183 29.061011 -0.020680739 -0.157047318 0.123478439 -0.979623153
1561001261.971320391 -237.685175 154.266479 29.071943 -0.020004234 -0.156575980 0.123286992 -0.979736756
1561001262.071165562 -237.715283 154.268884 29.083073 -0.020070144 -0.156654185 0.123262318 -0.979726011
1561001262.169463158 -237.734571 154.266496 29.095108 -0.020237818 -0.156674104 0.123255353 -0.979720253
1561001262.270890713 -237.737972 154.250277 29.097794 -0.020277064 -0.156941513 0.123077014 -0.979699061
1561001262.370973587 -237.729561 154.233487 29.095324 -0.020516009 -0.156822863 0.123445268 -0.979666754
1561001262.469228745 -237.714414 154.227693 29.088938 -0.020425147 -0.156727606 0.123381722 -0.979691901
1561001262.571000099 -237.690744 154.213894 29.088295 -0.020323921 -0.156826383 0.123473102 -0.979666687
1561001262.669365883 -237.670632 154.213408 29.076363 -0.019833481 -0.157750011 0.123524015 -0.979522019
1561001262.770956993 -237.651140 154.215947 29.072097 -0.020240717 -0.157760425 0.123615522 -0.979500467
1561001262.871080637 -237.637895 154.214539 29.070444 -0.020437280 -0.157467663 0.123518159 -0.979555775
1561001262.967495441 -237.630698 154.227387 29.069125 -0.020249743 -0.157488372 0.123295348 -0.979584411
1561001263.068506002 -237.627708 154.228711 29.068905 -0.020428220 -0.157104779 0.123244181 -0.979648737
1561001263.167385101 -237.626520 154.236388 29.068885 -0.020305159 -0.157162463 0.123124869 -0.979657046
1561001263.268561363 -237.630375 154.241903 29.068587 -0.020339092 -0.157326394 0.123423362 -0.979592467
1561001263.368608236 -237.630810 154.240252 29.067491 -0.020270346 -0.157216204 0.123464773 -0.979606364
1561001263.468499660 -237.630599 154.231906 29.064945 -0.020500772 -0.157321668 0.123426229 -0.979589494
1561001263.568710566 -237.631548 154.232776 29.063991 -0.020329091 -0.157677586 0.123367011 -0.979543306
1561001263.667309999 -237.629036 154.233849 29.066607 -0.020409355 -0.157516494 0.123336137 -0.979571442
1561001263.768257856 -237.621332 154.231737 29.068757 -0.020366273 -0.157314269 0.123201194 -0.979621816
1561001263.868521214 -237.613144 154.221072 29.064149 -0.020394954 -0.157425490 0.123441826 -0.979573058
1561001263.967417002 -237.606724 154.224215 29.061137 -0.020493212 -0.157356480 0.123419753 -0.979584877
1561001264.068665743 -237.598752 154.221171 29.055891 -0.020450017 -0.157760559 0.123468149 -0.979514686
1561001264.167469740 -237.590485 154.219400 29.055932 -0.020407098 -0.157839098 0.123329414 -0.979520406
1561001264.267704725 -237.584837 154.226470 29.053770 -0.020550495 -0.158430720 0.123432324 -0.979408927
1561001264.368424654 -237.585111 154.212076 29.055065 -0.020549248 -0.158140169 0.123601054 -0.979434630
1561001264.469151974 -237.588039 154.206718 29.054177 -0.020307453 -0.157916102 0.123486391 -0.979490287
1561001264.568236351 -237.597565 154.203432 29.055921 -0.020416204 -0.157527686 0.123534713 -0.979544477
1561001264.667477131 -237.606600 154.203114 29.058664 -0.020380918 -0.157266896 0.123461104 -0.979596395
1561001264.768135071 -237.613184 154.203353 29.056435 -0.020391766 -0.157574985 0.123234419 -0.979575203
1561001264.868320227 -237.624146 154.200555 29.060521 -0.020425164 -0.157667992 0.123353211 -0.979544589
1561001264.967159033 -237.624433 154.204862 29.062380 -0.020443626 -0.157740663 0.123585823 -0.979503183
1561001265.068299294 -237.618501 154.209819 29.061664 -0.020189878 -0.157830608 0.123761567 -0.979471767
1561001265.167387009 -237.610738 154.204350 29.059928 -0.020461383 -0.157773860 0.123611739 -0.979494195
1561001265.268496752 -237.605247 154.206920 29.059288 -0.020381842 -0.157738252 0.123568595 -0.979507033
1561001265.368434191 -237.608022 154.201686 29.056377 -0.020210832 -0.157773603 0.123550290 -0.979507192
1561001265.469196796 -237.611404 154.205083 29.057588 -0.020305165 -0.157741936 0.123506439 -0.979515871
1561001265.568543911 -237.608651 154.213811 29.057359 -0.020361137 -0.157670466 0.123312245 -0.979550682
1561001265.667350292 -237.606444 154.212512 29.057222 -0.020461414 -0.157598292 0.123543454 -0.979531074
1561001265.768355846 -237.599431 154.209127 29.057169 -0.020396344 -0.157605551 0.123407628 -0.979548384
1561001265.867452621 -237.604221 154.214594 29.056854 -0.020590231 -0.157784774 0.123429925 -0.979512665
1561001265.968395948 -237.614957 154.216098 29.060655 -0.020445970 -0.157707860 0.123511795 -0.979517754
1561001266.068403006 -237.619273 154.214985 29.065280 -0.020434582 -0.157514569 0.123423307 -0.979560246
1561001266.167343616 -237.620585 154.208042 29.061844 -0.020359639 -0.157782226 0.123404511 -0.979521098
1561001266.268746376 -237.616562 154.203324 29.060640 -0.020542824 -0.157700802 0.123490486 -0.979519550
1561001266.368692160 -237.612848 154.200512 29.059531 -0.020327058 -0.157689735 0.123528961 -0.979520982
1561001266.468189955 -237.614983 154.199243 29.058760 -0.020526063 -0.157760746 0.123697494 -0.979484128
1561001266.568710327 -237.610880 154.200067 29.059962 -0.020419494 -0.157620032 0.123717096 -0.979506534
1561001266.668399811 -237.614740 154.191373 29.059185 -0.020366159 -0.157674657 0.123628140 -0.979510084
1561001266.768412113 -237.612779 154.191779 29.057791 -0.020344519 -0.157633607 0.123574752 -0.979523878
1561001266.868186235 -237.612188 154.189013 29.058739 -0.020457858 -0.157650694 0.123521495 -0.979525485
